id,gbifID,file_name,license
1058,3090690685,Anthomyiidae_Anthomyia_illocata_2347181_3090690685,http://creativecommons.org/licenses/by-nc/4.0/
1565,3124560550,Anthomyiidae_Pegomya_flavifrons_977668_3124560550,http://creativecommons.org/licenses/by/4.0/
1566,3124560550,Anthomyiidae_Pegomya_flavifrons_977669_3124560550,http://creativecommons.org/licenses/by/4.0/
1567,3124560550,Anthomyiidae_Pegomya_flavifrons_977670_3124560550,http://creativecommons.org/licenses/by/4.0/
1568,3124560550,Anthomyiidae_Pegomya_flavifrons_977671_3124560550,http://creativecommons.org/licenses/by/4.0/
2556,2563522880,Anthomyiidae_Chirosia_betuleti_1560159_2563522880,http://creativecommons.org/licenses/by-sa/4.0/
3801,1806325302,Anthomyiidae_Anthomyia_illocata_2813906_1806325302,http://creativecommons.org/licenses/by-nc/4.0/
4155,3888817364,Anthomyiidae_Pegoplata_palposa_3358384_3888817364,http://creativecommons.org/licenses/by-nc/4.0/
6877,1884835547,Anthomyiidae_Pegomya_testacea_772903_1884835547,© All rights reserved
7472,2410542942,Anthomyiidae_Alliopsis_silvestris_2222396_2410542942,© All rights reserved
7473,2410542942,Anthomyiidae_Alliopsis_silvestris_2222397_2410542942,© All rights reserved
8584,3859470249,Anthomyiidae_Anthomyia_illocata_2648745_3859470249,http://creativecommons.org/licenses/by-nc/4.0/
11958,3881408398,Anthomyiidae_Eustalomyia_hilaris_3355242_3881408398,http://creativecommons.org/licenses/by-nc/4.0/
13688,3328045264,Anthomyiidae_Anthomyia_imbrida_3059568_3328045264,http://creativecommons.org/licenses/by-nc/4.0/
13689,3328045264,Anthomyiidae_Anthomyia_imbrida_3059569_3328045264,http://creativecommons.org/licenses/by-nc/4.0/
13690,3328045264,Anthomyiidae_Anthomyia_imbrida_3059570_3328045264,http://creativecommons.org/licenses/by-nc/4.0/
14397,2882926327,Anthomyiidae_Hydrophoria_lancifer_3006757_2882926327,http://creativecommons.org/licenses/by-nc/4.0/
15674,3313492522,Anthomyiidae_Chirosia_betuleti_983303_3313492522,© All rights reserved
16637,2862308443,Anthomyiidae_Myopina_myopina_2311576_2862308443,http://creativecommons.org/licenses/by-nc/4.0/
17407,3860178091,Anthomyiidae_Anthomyia_illocata_2651945_3860178091,http://creativecommons.org/licenses/by/4.0/
18045,3097305312,Anthomyiidae_Anthomyia_illocata_972523_3097305312,http://creativecommons.org/licenses/by-nc/4.0/
18545,3302465357,Anthomyiidae_Anthomyia_illocata_3049679_3302465357,http://creativecommons.org/licenses/by-nc/4.0/
21070,3456218982,Anthomyiidae_Anthomyia_pluvialis_460812_3456218982,http://creativecommons.org/licenses/by/4.0/
22561,3985786657,Anthomyiidae_Anthomyia_quinquemaculata_3417364_3985786657,http://creativecommons.org/licenses/by-nc/4.0/
22696,3343742717,Anthomyiidae_Anthomyia_pluvialis_1002578_3343742717,http://creativecommons.org/licenses/by-nc/4.0/
24863,2332735133,Anthomyiidae_Hylemya_vagans_1528020_2332735133,© All rights reserved
30258,3881734355,Anthomyiidae_Eustalomyia_hilaris_3356701_3881734355,http://creativecommons.org/licenses/by-nc/4.0/
30985,1883520826,Anthomyiidae_Anthomyia_illocata_2839687_1883520826,http://creativecommons.org/licenses/by-nc/4.0/
31266,3456291769,Anthomyiidae_Anthomyia_illocata_3219694_3456291769,http://creativecommons.org/licenses/by-nc/4.0/
31780,2633231873,Anthomyiidae_Pegoplata_palposa_1572600_2633231873,http://creativecommons.org/licenses/by-nc-sa/4.0/
32157,4017438540,Anthomyiidae_Botanophila_fugax_3438369_4017438540,© all rights reserved
32158,4017438540,Anthomyiidae_Botanophila_fugax_3438370_4017438540,© all rights reserved
32320,3433012271,Anthomyiidae_Chirosia_grossicauda_3095946_3433012271,© all rights reserved
33130,1965630928,Anthomyiidae_Chirosia_betuleti_797764_1965630928,http://creativecommons.org/licenses/by-nc-nd/4.0/
33449,1968661546,Anthomyiidae_Chirosia_betuleti_801901_1968661546,http://creativecommons.org/publicdomain/zero/1.0/
34730,1974121751,Anthomyiidae_Pegomya_setaria_2879192_1974121751,http://creativecommons.org/licenses/by-nc-nd/4.0/
34731,1974121751,Anthomyiidae_Pegomya_setaria_2879193_1974121751,http://creativecommons.org/licenses/by-nc-nd/4.0/
34784,1956654169,Anthomyiidae_Botanophila_gnava_2163002_1956654169,http://creativecommons.org/licenses/by-nc-nd/4.0/
36490,1958554141,Anthomyiidae_Egle_ciliata_788608_1958554141,http://creativecommons.org/licenses/by-nc-nd/4.0/
36491,1958554141,Anthomyiidae_Egle_ciliata_788609_1958554141,http://creativecommons.org/licenses/by-nc-nd/4.0/
37313,1844312689,Anthomyiidae_Leucophora_obtusa_72700_1844312689,© all rights reserved
37314,1844312689,Anthomyiidae_Leucophora_obtusa_72701_1844312689,© all rights reserved
38873,2898500216,Anthomyiidae_Hylemya_vagans_940284_2898500216,http://creativecommons.org/licenses/by-nc/4.0/
38874,2898500216,Anthomyiidae_Hylemya_vagans_940285_2898500216,http://creativecommons.org/licenses/by-nc/4.0/
39402,3759868361,Anthomyiidae_Anthomyia_illocata_3304473_3759868361,http://creativecommons.org/licenses/by-nc/4.0/
39783,3961017660,Anthomyiidae_Mycophaga_testacea_652957_3961017660,http://creativecommons.org/licenses/by-nc/4.0/
41356,3784719938,Anthomyiidae_Anthomyia_quinquemaculata_3313280_3784719938,http://creativecommons.org/licenses/by-nc/4.0/
43128,3330685334,Anthomyiidae_Hydrophoria_silvicola_302639_3330685334,http://creativecommons.org/licenses/by/4.0/
47161,2963838566,Anthomyiidae_Hylemya_vagans_252248_2963838566,http://creativecommons.org/licenses/by-nc/4.0/
47163,2963838566,Anthomyiidae_Hylemya_vagans_252250_2963838566,http://creativecommons.org/licenses/by-nc/4.0/
47921,2242926899,Anthomyiidae_Hydrophoria_lancifer_2204932_2242926899,http://creativecommons.org/licenses/by-nc/4.0/
49827,3097315345,Anthomyiidae_Eustalomyia_vittipes_2350532_3097315345,http://creativecommons.org/licenses/by/4.0/
49828,3097315345,Anthomyiidae_Eustalomyia_vittipes_2350533_3097315345,http://creativecommons.org/licenses/by/4.0/
49829,3097315345,Anthomyiidae_Eustalomyia_vittipes_2350534_3097315345,http://creativecommons.org/licenses/by/4.0/
49830,3097315345,Anthomyiidae_Eustalomyia_vittipes_2350535_3097315345,http://creativecommons.org/licenses/by/4.0/
49831,3097315345,Anthomyiidae_Eustalomyia_vittipes_2350536_3097315345,http://creativecommons.org/licenses/by/4.0/
49832,3097315345,Anthomyiidae_Eustalomyia_vittipes_2350537_3097315345,http://creativecommons.org/licenses/by/4.0/
49833,3097315345,Anthomyiidae_Eustalomyia_vittipes_2350538_3097315345,http://creativecommons.org/licenses/by/4.0/
49834,3097315345,Anthomyiidae_Eustalomyia_vittipes_2350539_3097315345,http://creativecommons.org/licenses/by/4.0/
49835,3097315345,Anthomyiidae_Eustalomyia_vittipes_2350540_3097315345,http://creativecommons.org/licenses/by/4.0/
52856,3759185447,Anthomyiidae_Anthomyia_illocata_1233084_3759185447,http://creativecommons.org/licenses/by-nc/4.0/
53199,3881607401,Anthomyiidae_Eustalomyia_hilaris_597586_3881607401,http://creativecommons.org/licenses/by-nc/4.0/
54802,3330469774,Anthomyiidae_Anthomyia_pluvialis_2370237_3330469774,http://creativecommons.org/licenses/by-nc/4.0/
54803,3330469774,Anthomyiidae_Anthomyia_pluvialis_2370238_3330469774,http://creativecommons.org/licenses/by-nc/4.0/
55505,3705793652,Anthomyiidae_Anthomyia_confusanea_2542547_3705793652,http://creativecommons.org/licenses/by-nc/4.0/
55846,3302375810,Anthomyiidae_Pegomya_flavifrons_2359083_3302375810,http://creativecommons.org/licenses/by/4.0/
55847,3302375810,Anthomyiidae_Pegomya_flavifrons_2359084_3302375810,http://creativecommons.org/licenses/by/4.0/
55848,3302375810,Anthomyiidae_Pegomya_flavifrons_2359085_3302375810,http://creativecommons.org/licenses/by/4.0/
55849,3302375810,Anthomyiidae_Pegomya_flavifrons_2359086_3302375810,http://creativecommons.org/licenses/by/4.0/
56410,3399180776,Anthomyiidae_Eustalomyia_hilaris_329686_3399180776,http://creativecommons.org/licenses/by-nc/4.0/
56754,3860177797,Anthomyiidae_Anthomyia_illocata_584487_3860177797,http://creativecommons.org/licenses/by-nc/4.0/
60695,3330794364,Anthomyiidae_Anthomyia_pluvialis_3061804_3330794364,http://creativecommons.org/licenses/by-nc/4.0/
60696,3330794364,Anthomyiidae_Anthomyia_pluvialis_3061805_3330794364,http://creativecommons.org/licenses/by-nc/4.0/
63663,2963958493,Anthomyiidae_Anthomyia_illocata_1631159_2963958493,http://creativecommons.org/licenses/by-nc/4.0/
64848,1883487086,Anthomyiidae_Anthomyia_illocata_2839594_1883487086,http://creativecommons.org/publicdomain/zero/1.0/
65073,2813914778,Anthomyiidae_Pegomya_flavifrons_203871_2813914778,http://creativecommons.org/licenses/by-nc/4.0/
65728,2422870409,Anthomyiidae_Chirosia_betuleti_846179_2422870409,http://creativecommons.org/licenses/by-sa/4.0/
67543,2424337121,Anthomyiidae_Hylemya_nigrimanus_2915936_2424337121,© all rights reserved
67544,2424337121,Anthomyiidae_Hylemya_nigrimanus_2915937_2424337121,© all rights reserved
67894,1436224790,Anthomyiidae_Eustalomyia_festiva_1425184_1436224790,© all rights reserved
67895,1436224790,Anthomyiidae_Eustalomyia_festiva_1425185_1436224790,© all rights reserved
67896,1436224790,Anthomyiidae_Eustalomyia_festiva_1425186_1436224790,© all rights reserved
68534,1428103714,Anthomyiidae_Hydrophoria_lancifer_734893_1428103714,© all rights reserved
68561,2433946983,Anthomyiidae_Botanophila_seneciella_162001_2433946983,http://creativecommons.org/publicdomain/zero/1.0/
68567,2433943921,Anthomyiidae_Botanophila_seneciella_2920244_2433943921,http://creativecommons.org/publicdomain/zero/1.0/
68581,2433946815,Anthomyiidae_Pegomya_hyoscyami_2920530_2433946815,http://creativecommons.org/publicdomain/zero/1.0/
68591,2433946303,Anthomyiidae_Delia_radicum_852204_2433946303,http://creativecommons.org/publicdomain/zero/1.0/
68596,2433944678,Anthomyiidae_Pegomya_hyoscyami_2920312_2433944678,http://creativecommons.org/publicdomain/zero/1.0/
68605,2433947655,Anthomyiidae_Zaphne_divisa_1541072_2433947655,http://creativecommons.org/publicdomain/zero/1.0/
68625,2433948059,Anthomyiidae_Pegomya_hyoscyami_852332_2433948059,http://creativecommons.org/publicdomain/zero/1.0/
68628,2433946463,Anthomyiidae_Delia_radicum_2229836_2433946463,http://creativecommons.org/publicdomain/zero/1.0/
68629,2433944541,Anthomyiidae_Pegomya_hyoscyami_2229655_2433944541,http://creativecommons.org/publicdomain/zero/1.0/
68638,2433944392,Anthomyiidae_Pegomya_hyoscyami_1540797_2433944392,http://creativecommons.org/publicdomain/zero/1.0/
68692,2433945005,Anthomyiidae_Pegomya_hyoscyami_2920344_2433945005,http://creativecommons.org/publicdomain/zero/1.0/
68698,2433945836,Anthomyiidae_Delia_radicum_852167_2433945836,http://creativecommons.org/publicdomain/zero/1.0/
68699,2433947385,Anthomyiidae_Pegomya_hyoscyami_1541049_2433947385,http://creativecommons.org/publicdomain/zero/1.0/
68704,2433945546,Anthomyiidae_Zaphne_divisa_2920405_2433945546,http://creativecommons.org/publicdomain/zero/1.0/
68705,2433947588,Anthomyiidae_Pegomya_bicolor_1541067_2433947588,http://creativecommons.org/publicdomain/zero/1.0/
68712,2433945053,Anthomyiidae_Hylemya_nigrimanus_1540861_2433945053,http://creativecommons.org/publicdomain/zero/1.0/
68721,2433946387,Anthomyiidae_Pegomya_hyoscyami_2229830_2433946387,http://creativecommons.org/publicdomain/zero/1.0/
68726,2433946404,Anthomyiidae_Delia_radicum_2229832_2433946404,http://creativecommons.org/publicdomain/zero/1.0/
68733,2433947387,Anthomyiidae_Anthomyia_pluvialis_2920582_2433947387,http://creativecommons.org/publicdomain/zero/1.0/
68976,3466444788,Anthomyiidae_Eustalomyia_festiva_1846678_3466444788,http://creativecommons.org/licenses/by-nc/4.0/
68977,3466444788,Anthomyiidae_Eustalomyia_festiva_1846679_3466444788,http://creativecommons.org/licenses/by-nc/4.0/
68978,3466444788,Anthomyiidae_Eustalomyia_festiva_1846680_3466444788,http://creativecommons.org/licenses/by-nc/4.0/
70319,3873215566,Anthomyiidae_Hylemya_latevittata_3348198_3873215566,http://creativecommons.org/licenses/by-nc/4.0/
70465,3097310399,Anthomyiidae_Anthomyia_procellaris_1661049_3097310399,http://creativecommons.org/licenses/by-nc/4.0/
70871,3090531688,Anthomyiidae_Anthomyia_illocata_278291_3090531688,http://creativecommons.org/licenses/by/4.0/
71158,3747186690,Anthomyiidae_Anthomyia_illocata_1231715_3747186690,http://creativecommons.org/licenses/by-nc/4.0/
71225,3090826689,Anthomyiidae_Anthomyia_illocata_2347551_3090826689,http://creativecommons.org/licenses/by-nc/4.0/
71226,3090826689,Anthomyiidae_Anthomyia_illocata_2347552_3090826689,http://creativecommons.org/licenses/by-nc/4.0/
72233,3090545748,Anthomyiidae_Anthomyia_illocata_1657049_3090545748,http://creativecommons.org/licenses/by/4.0/
72401,3109178754,Anthomyiidae_Anthomyia_pluvialis_3041733_3109178754,http://creativecommons.org/licenses/by-nc/4.0/
72623,3330469366,Anthomyiidae_Anthomyia_pluvialis_301818_3330469366,http://creativecommons.org/licenses/by-nc/4.0/
72705,3355336546,Anthomyiidae_Anthomyia_pluvialis_1005957_3355336546,http://creativecommons.org/licenses/by-nc/4.0/
73780,3131297316,Anthomyiidae_Pegoplata_annulata_288597_3131297316,http://creativecommons.org/licenses/by/4.0/
73781,3131297316,Anthomyiidae_Pegoplata_annulata_288598_3131297316,http://creativecommons.org/licenses/by/4.0/
74097,3858532923,Anthomyiidae_Hylemya_latevittata_576781_3858532923,http://creativecommons.org/licenses/by-nc/4.0/
76037,4006619814,Anthomyiidae_Hylemya_latevittata_3432402_4006619814,http://creativecommons.org/licenses/by-nc/4.0/
77185,4008075302,Anthomyiidae_Chirosia_betuleti_1363906_4008075302,http://creativecommons.org/licenses/by/4.0/
77319,1822795271,Anthomyiidae_Alliopsis_silvestris_747171_1822795271,© All rights reserved
77320,1822795271,Anthomyiidae_Alliopsis_silvestris_747172_1822795271,© All rights reserved
77321,1822795271,Anthomyiidae_Alliopsis_silvestris_747173_1822795271,© All rights reserved
78018,3003618682,Anthomyiidae_Delia_radicum_949849_3003618682,http://creativecommons.org/licenses/by-nc/4.0/
78077,3003706680,Anthomyiidae_Delia_radicum_1638261_3003706680,http://creativecommons.org/licenses/by-nc/4.0/
78555,1460576323,Anthomyiidae_Eustalomyia_hilaris_2118590_1460576323,© all rights reserved
78892,1955590455,Anthomyiidae_Chirosia_betuleti_2851714_1955590455,http://creativecommons.org/licenses/by-nc-nd/4.0/
79203,1969548466,Anthomyiidae_Chirosia_betuleti_1492109_1969548466,http://creativecommons.org/licenses/by-nc-sa/4.0/
79204,1969548466,Anthomyiidae_Chirosia_betuleti_1492110_1969548466,http://creativecommons.org/licenses/by-nc-sa/4.0/
79346,1960146464,Anthomyiidae_Hydrophoria_linogrisea_1479695_1960146464,http://creativecommons.org/licenses/by-nc-nd/4.0/
80363,1956496748,Anthomyiidae_Emmesomyia_socia_94519_1956496748,http://creativecommons.org/licenses/by-nc-nd/4.0/
80364,1956496748,Anthomyiidae_Emmesomyia_socia_94520_1956496748,http://creativecommons.org/licenses/by-nc-nd/4.0/
81006,1675244348,Anthomyiidae_Leucophora_personata_2122535_1675244348,© all rights reserved
81007,1675244348,Anthomyiidae_Leucophora_personata_2122536_1675244348,© all rights reserved
81008,1675244348,Anthomyiidae_Leucophora_personata_2122537_1675244348,© all rights reserved
82675,3947390080,Anthomyiidae_Hylemya_latevittata_1339078_3947390080,http://creativecommons.org/licenses/by-nc/4.0/
83058,2429231794,Anthomyiidae_Chirosia_betuleti_1536704_2429231794,http://creativecommons.org/publicdomain/zero/1.0/
83059,2429231794,Anthomyiidae_Chirosia_betuleti_1536705_2429231794,http://creativecommons.org/publicdomain/zero/1.0/
83060,2429231794,Anthomyiidae_Chirosia_betuleti_1536706_2429231794,http://creativecommons.org/publicdomain/zero/1.0/
83502,3802711907,Anthomyiidae_Anthomyia_illocata_1246822_3802711907,http://creativecommons.org/licenses/by-nc/4.0/
86411,3097265311,Anthomyiidae_Eustalomyia_vittipes_282330_3097265311,http://creativecommons.org/licenses/by/4.0/
86412,3097265311,Anthomyiidae_Eustalomyia_vittipes_282331_3097265311,http://creativecommons.org/licenses/by/4.0/
86413,3097265311,Anthomyiidae_Eustalomyia_vittipes_282332_3097265311,http://creativecommons.org/licenses/by/4.0/
86414,3097265311,Anthomyiidae_Eustalomyia_vittipes_282333_3097265311,http://creativecommons.org/licenses/by/4.0/
89046,3881912405,Anthomyiidae_Hylemya_latevittata_2666393_3881912405,http://creativecommons.org/licenses/by-nc/4.0/
89336,3873568367,Anthomyiidae_Hylemya_latevittata_3350057_3873568367,http://creativecommons.org/licenses/by-nc/4.0/
89676,3090582805,Anthomyiidae_Anthomyia_illocata_1657209_3090582805,http://creativecommons.org/licenses/by-nc/4.0/
91817,3903497041,Anthomyiidae_Delia_coarctata_3370893_3903497041,http://creativecommons.org/licenses/by-nc/4.0/
92024,2579272262,Anthomyiidae_Anthomyia_quinquemaculata_183708_2579272262,http://creativecommons.org/licenses/by-nc/4.0/
92025,2579272262,Anthomyiidae_Anthomyia_quinquemaculata_183709_2579272262,http://creativecommons.org/licenses/by-nc/4.0/
92026,2579272262,Anthomyiidae_Anthomyia_quinquemaculata_183710_2579272262,http://creativecommons.org/licenses/by-nc/4.0/
92373,3079862394,Anthomyiidae_Strobilomyia_laricicola_3036629_3079862394,http://creativecommons.org/licenses/by-nc/4.0/
92374,3079862394,Anthomyiidae_Strobilomyia_laricicola_3036630_3079862394,http://creativecommons.org/licenses/by-nc/4.0/
92375,3079862394,Anthomyiidae_Strobilomyia_laricicola_3036631_3079862394,http://creativecommons.org/licenses/by-nc/4.0/
92376,3079862394,Anthomyiidae_Strobilomyia_laricicola_3036632_3079862394,http://creativecommons.org/licenses/by-nc/4.0/
92396,3320874523,Anthomyiidae_Pegomya_flavifrons_2363955_3320874523,http://creativecommons.org/licenses/by/4.0/
92397,3320874523,Anthomyiidae_Pegomya_flavifrons_2363956_3320874523,http://creativecommons.org/licenses/by/4.0/
92398,3320874523,Anthomyiidae_Pegomya_flavifrons_2363957_3320874523,http://creativecommons.org/licenses/by/4.0/
92399,3320874523,Anthomyiidae_Pegomya_flavifrons_2363958_3320874523,http://creativecommons.org/licenses/by/4.0/
92400,3320874523,Anthomyiidae_Pegomya_flavifrons_2363959_3320874523,http://creativecommons.org/licenses/by/4.0/
92401,3320874523,Anthomyiidae_Pegomya_flavifrons_2363960_3320874523,http://creativecommons.org/licenses/by/4.0/
95818,3330483341,Anthomyiidae_Anthomyia_pluvialis_3060498_3330483341,http://creativecommons.org/licenses/by-nc/4.0/
96888,2596341906,Anthomyiidae_Anthomyia_illocata_875232_2596341906,http://creativecommons.org/licenses/by-nc/4.0/
100097,2576273031,Anthomyiidae_Anthomyia_illocata_183151_2576273031,http://creativecommons.org/licenses/by-nc/4.0/
101070,3888842118,Anthomyiidae_Hylemya_latevittata_3358529_3888842118,http://creativecommons.org/licenses/by-nc/4.0/
101110,3335160728,Anthomyiidae_Anthomyia_pluvialis_3065279_3335160728,http://creativecommons.org/licenses/by-nc/4.0/
101111,3335160728,Anthomyiidae_Anthomyia_pluvialis_3065280_3335160728,http://creativecommons.org/licenses/by-nc/4.0/
101283,2596090432,Anthomyiidae_Egle_ciliata_874694_2596090432,http://creativecommons.org/licenses/by-nc/4.0/
101284,2596090432,Anthomyiidae_Egle_ciliata_874695_2596090432,http://creativecommons.org/licenses/by-nc/4.0/
101285,2596090432,Anthomyiidae_Egle_ciliata_874696_2596090432,http://creativecommons.org/licenses/by-nc/4.0/
101286,2596090432,Anthomyiidae_Egle_ciliata_874697_2596090432,http://creativecommons.org/licenses/by-nc/4.0/
101287,2596090432,Anthomyiidae_Egle_ciliata_874698_2596090432,http://creativecommons.org/licenses/by-nc/4.0/
101288,2596090432,Anthomyiidae_Egle_ciliata_874699_2596090432,http://creativecommons.org/licenses/by-nc/4.0/
102196,2901523361,Anthomyiidae_Chirosia_betuleti_250622_2901523361,http://creativecommons.org/licenses/by-sa/4.0/
102885,3415834409,Anthomyiidae_Anthomyia_pluvialis_1024289_3415834409,http://creativecommons.org/licenses/by-nc/4.0/
103518,3785129712,Anthomyiidae_Pegomya_bicolor_1934322_3785129712,http://creativecommons.org/licenses/by/4.0/
103519,3785129712,Anthomyiidae_Pegomya_bicolor_1934323_3785129712,http://creativecommons.org/licenses/by/4.0/
103520,3785129712,Anthomyiidae_Pegomya_bicolor_1934324_3785129712,http://creativecommons.org/licenses/by/4.0/
103521,3785129712,Anthomyiidae_Pegomya_bicolor_1934325_3785129712,http://creativecommons.org/licenses/by/4.0/
103522,3785129712,Anthomyiidae_Pegomya_bicolor_1934326_3785129712,http://creativecommons.org/licenses/by/4.0/
103910,4014866677,Anthomyiidae_Hylemya_latevittata_2746846_4014866677,http://creativecommons.org/licenses/by-nc/4.0/
103963,3872977900,Anthomyiidae_Hylemya_latevittata_588500_3872977900,http://creativecommons.org/licenses/by-nc/4.0/
104218,3859243283,Anthomyiidae_Anthomyia_quinquemaculata_3338711_3859243283,http://creativecommons.org/licenses/by-nc/4.0/
104219,3859243283,Anthomyiidae_Anthomyia_quinquemaculata_3338712_3859243283,http://creativecommons.org/licenses/by-nc/4.0/
104220,3859243283,Anthomyiidae_Anthomyia_quinquemaculata_3338713_3859243283,http://creativecommons.org/licenses/by-nc/4.0/
104221,3859243283,Anthomyiidae_Anthomyia_quinquemaculata_3338714_3859243283,http://creativecommons.org/licenses/by-nc/4.0/
106329,3112696697,Anthomyiidae_Anthomyia_pluvialis_3043115_3112696697,http://creativecommons.org/publicdomain/zero/1.0/
106330,3112696697,Anthomyiidae_Anthomyia_pluvialis_3043116_3112696697,http://creativecommons.org/publicdomain/zero/1.0/
106331,3112696697,Anthomyiidae_Anthomyia_pluvialis_3043117_3112696697,http://creativecommons.org/publicdomain/zero/1.0/
106604,1806329081,Anthomyiidae_Anthomyia_illocata_1434994_1806329081,http://creativecommons.org/licenses/by-nc/4.0/
108237,3097279342,Anthomyiidae_Anthomyia_illocata_3040870_3097279342,http://creativecommons.org/licenses/by-nc/4.0/
108480,3858166598,Anthomyiidae_Anthomyia_pluvialis_1264074_3858166598,http://creativecommons.org/licenses/by-nc/4.0/
109480,3947591127,Anthomyiidae_Hylemya_latevittata_2719296_3947591127,http://creativecommons.org/licenses/by-nc/4.0/
109984,2465337203,Anthomyiidae_Anthomyia_pluvialis_2923404_2465337203,http://creativecommons.org/licenses/by-nc/4.0/
110080,3097269335,Anthomyiidae_Anthomyia_illocata_282356_3097269335,http://creativecommons.org/licenses/by-nc/4.0/
110678,3860481319,Anthomyiidae_Pegomya_flavifrons_2653370_3860481319,http://creativecommons.org/licenses/by-nc/4.0/
110679,3860481319,Anthomyiidae_Pegomya_flavifrons_2653371_3860481319,http://creativecommons.org/licenses/by-nc/4.0/
110680,3860481319,Anthomyiidae_Pegomya_flavifrons_2653372_3860481319,http://creativecommons.org/licenses/by-nc/4.0/
111629,3456183467,Anthomyiidae_Anthomyia_illocata_3219158_3456183467,http://creativecommons.org/licenses/by-nc/4.0/
114988,3097095326,Anthomyiidae_Eustalomyia_vittipes_1660525_3097095326,http://creativecommons.org/licenses/by-nc/4.0/
115957,3760341859,Anthomyiidae_Pegomya_flavifrons_1925992_3760341859,http://creativecommons.org/licenses/by/4.0/
115958,3760341859,Anthomyiidae_Pegomya_flavifrons_1925993_3760341859,http://creativecommons.org/licenses/by/4.0/
116639,3772926084,Anthomyiidae_Anthomyia_procellaris_1929380_3772926084,http://creativecommons.org/licenses/by-nc/4.0/
119096,3131277319,Anthomyiidae_Pegoplata_aestiva_978735_3131277319,http://creativecommons.org/licenses/by/4.0/
119097,3131277319,Anthomyiidae_Pegoplata_aestiva_978736_3131277319,http://creativecommons.org/licenses/by/4.0/
119098,3131277319,Anthomyiidae_Pegoplata_aestiva_978737_3131277319,http://creativecommons.org/licenses/by/4.0/
119382,3925039515,Anthomyiidae_Anthomyia_procellaris_2715241_3925039515,http://creativecommons.org/licenses/by-nc/4.0/
119387,3759122326,Anthomyiidae_Anthomyia_illocata_2611505_3759122326,http://creativecommons.org/licenses/by-nc/4.0/
120561,2005289807,Anthomyiidae_Pegomya_flavifrons_2200936_2005289807,http://creativecommons.org/licenses/by-nc-nd/4.0/
120675,3902045772,Anthomyiidae_Pegomya_flavifrons_1293746_3902045772,http://creativecommons.org/licenses/by-nc/4.0/
120676,3902045772,Anthomyiidae_Pegomya_flavifrons_1293747_3902045772,http://creativecommons.org/licenses/by-nc/4.0/
120677,3902045772,Anthomyiidae_Pegomya_flavifrons_1293748_3902045772,http://creativecommons.org/licenses/by-nc/4.0/
121994,3822646553,Anthomyiidae_Anthomyia_monilis_3317806_3822646553,http://creativecommons.org/licenses/by-nc-nd/4.0/
124270,2410306170,Anthomyiidae_Hylemya_nigrimanus_2913029_2410306170,© All rights reserved
124271,2410306170,Anthomyiidae_Hylemya_nigrimanus_2913030_2410306170,© All rights reserved
125704,3330470302,Anthomyiidae_Anthomyia_pluvialis_1680191_3330470302,http://creativecommons.org/licenses/by-nc/4.0/
127584,2001460147,Anthomyiidae_Pegomya_rubivora_2200786_2001460147,http://creativecommons.org/licenses/by-nc-sa/4.0/
127752,2382975545,Anthomyiidae_Chirosia_betuleti_2218350_2382975545,© all rights reserved
127808,2246110787,Anthomyiidae_Pegomya_hyoscyami_1516294_2246110787,© all rights reserved
128123,3077805105,Anthomyiidae_Fucellia_tergina_3035002_3077805105,© all rights reserved
128124,3077805105,Anthomyiidae_Fucellia_tergina_3035003_3077805105,© all rights reserved
128125,3077805105,Anthomyiidae_Fucellia_tergina_3035004_3077805105,© all rights reserved
129563,1669993434,Anthomyiidae_Chirosia_betuleti_744027_1669993434,© all rights reserved
129601,3769164372,Anthomyiidae_Delia_coarctata_1928006_3769164372,© all rights reserved
129602,3769164372,Anthomyiidae_Delia_coarctata_1928007_3769164372,© all rights reserved
129655,1459871639,Anthomyiidae_Hydrophoria_lancifer_739236_1459871639,© all rights reserved
129884,1433072209,Anthomyiidae_Pegomya_solennis_736124_1433072209,© all rights reserved
130601,2246033773,Anthomyiidae_Delia_radicum_827791_2246033773,© all rights reserved
130602,2246033773,Anthomyiidae_Delia_radicum_827792_2246033773,© all rights reserved
130603,2246033773,Anthomyiidae_Delia_radicum_827793_2246033773,© all rights reserved
130604,2246033773,Anthomyiidae_Delia_radicum_827794_2246033773,© all rights reserved
130662,3964406415,Anthomyiidae_Pegomya_winthemi_656676_3964406415,
131191,1821148230,Anthomyiidae_Pegomya_winthemi_55962_1821148230,© all rights reserved
131192,1821148230,Anthomyiidae_Pegomya_winthemi_55963_1821148230,© all rights reserved
131448,2847635547,Anthomyiidae_Pegomya_solennis_925766_2847635547,© all rights reserved
131885,2272922517,Anthomyiidae_Pegomya_laticornis_1523977_2272922517,© all rights reserved
132147,1884086283,Anthomyiidae_Eustalomyia_hilaris_2840041_1884086283,© all rights reserved
132413,2272475264,Anthomyiidae_Anthomyia_pluvialis_2903292_2272475264,© all rights reserved
132451,1460549333,Anthomyiidae_Leucophora_personata_2808015_1460549333,© all rights reserved
132746,932067240,Anthomyiidae_Eustalomyia_vittipes_3447119_932067240,© all rights reserved
132747,932067240,Anthomyiidae_Eustalomyia_vittipes_3447120_932067240,© all rights reserved
132986,3431990181,Anthomyiidae_Eustalomyia_festiva_337375_3431990181,© all rights reserved
132987,3431990181,Anthomyiidae_Eustalomyia_festiva_337376_3431990181,© all rights reserved
133173,3432282548,Anthomyiidae_Eustalomyia_hilaris_3095588_3432282548,© all rights reserved
133273,1459961903,Anthomyiidae_Eustalomyia_hilaris_48205_1459961903,© all rights reserved
133467,2005231188,Anthomyiidae_Fucellia_fucorum_1511797_2005231188,© all rights reserved
134169,1670381454,Anthomyiidae_Mycophaga_testacea_2811666_1670381454,© all rights reserved
134428,1065764996,Anthomyiidae_Egle_ciliata_5262_1065764996,© all rights reserved
134908,2809506432,Anthomyiidae_Chirosia_betuleti_2961761_2809506432,© all rights reserved
134998,1806937903,Anthomyiidae_Pegomya_geniculata_55668_1806937903,© all rights reserved
134999,1806937903,Anthomyiidae_Pegomya_geniculata_55669_1806937903,© all rights reserved
135063,3013254651,Anthomyiidae_Eutrichota_praepotens_261747_3013254651,© all rights reserved
135087,3432451114,Anthomyiidae_Botanophila_striolata_1027241_3432451114,© all rights reserved
135606,1431973250,Anthomyiidae_Chirosia_betuleti_44444_1431973250,© all rights reserved
136421,3432237355,Anthomyiidae_Chirosia_histricina_337437_3432237355,© all rights reserved
136471,1460235940,Anthomyiidae_Egle_ciliata_48548_1460235940,© all rights reserved
136656,3433555507,Anthomyiidae_Pegomya_laticornis_2405937_3433555507,© all rights reserved
137811,3050026550,Anthomyiidae_Eustalomyia_histrio_960932_3050026550,© all rights reserved
138511,1433332504,Anthomyiidae_Botanophila_fugax_2114369_1433332504,© all rights reserved
138512,1433332504,Anthomyiidae_Botanophila_fugax_2114370_1433332504,© all rights reserved
138513,1433332504,Anthomyiidae_Botanophila_fugax_2114371_1433332504,© all rights reserved
138514,1433332504,Anthomyiidae_Botanophila_fugax_2114372_1433332504,© all rights reserved
138515,1433332504,Anthomyiidae_Botanophila_fugax_2114373_1433332504,© all rights reserved
138741,1459209474,Anthomyiidae_Fucellia_fucorum_2116101_1459209474,© all rights reserved
138742,1459209474,Anthomyiidae_Fucellia_fucorum_2116102_1459209474,© all rights reserved
138743,1459209474,Anthomyiidae_Fucellia_fucorum_2116103_1459209474,© all rights reserved
138872,4017368761,Anthomyiidae_Delia_echinata_1368872_4017368761,© all rights reserved
139289,3857615748,Anthomyiidae_Mycophaga_testacea_3331134_3857615748,© all rights reserved
139532,3777026570,Anthomyiidae_Pegomya_solennis_1931146_3777026570,© all rights reserved
139533,3777026570,Anthomyiidae_Pegomya_solennis_1931147_3777026570,© all rights reserved
139535,3049323344,Anthomyiidae_Alliopsis_silvestris_1649054_3049323344,© all rights reserved
139545,3857821938,Anthomyiidae_Anthomyia_procellaris_3331267_3857821938,© all rights reserved
139599,2246965087,Anthomyiidae_Hydrophoria_lancifer_2205489_2246965087,© all rights reserved
140048,1884402170,Anthomyiidae_Eustalomyia_festiva_2150339_1884402170,© all rights reserved
140049,1884402170,Anthomyiidae_Eustalomyia_festiva_2150340_1884402170,© all rights reserved
140154,1432352210,Anthomyiidae_Leucophora_grisella_2113941_1432352210,© all rights reserved
140155,1432352210,Anthomyiidae_Leucophora_grisella_2113942_1432352210,© all rights reserved
140156,1432352210,Anthomyiidae_Leucophora_grisella_2113943_1432352210,© all rights reserved
140191,3769101379,Anthomyiidae_Egle_parva_549570_3769101379,© all rights reserved
140277,2246912309,Anthomyiidae_Mycophaga_testacea_1516373_2246912309,© all rights reserved
140945,1458471228,Anthomyiidae_Egle_ciliata_2115730_1458471228,© all rights reserved
140946,1458471228,Anthomyiidae_Egle_ciliata_2115731_1458471228,© all rights reserved
140947,1458471228,Anthomyiidae_Egle_ciliata_2115732_1458471228,© all rights reserved
141267,1459856814,Anthomyiidae_Egle_ciliata_2806634_1459856814,© all rights reserved
141268,1459856814,Anthomyiidae_Egle_ciliata_2806635_1459856814,© all rights reserved
141269,1459856814,Anthomyiidae_Egle_ciliata_2806636_1459856814,© all rights reserved
141525,1833582166,Anthomyiidae_Chirosia_histricina_762079_1833582166,© all rights reserved
141579,932268321,Anthomyiidae_Eustalomyia_hilaris_2067692_932268321,© all rights reserved
141606,1459032512,Anthomyiidae_Anthomyia_pluvialis_2115935_1459032512,© all rights reserved
142802,1801803411,Anthomyiidae_Chirosia_betuleti_1434180_1801803411,© all rights reserved
142804,1801803411,Anthomyiidae_Chirosia_betuleti_1434182_1801803411,© all rights reserved
142970,1051328241,Anthomyiidae_Hylemya_vagans_695397_1051328241,© all rights reserved
142971,1051328241,Anthomyiidae_Hylemya_vagans_695398_1051328241,© all rights reserved
143672,3433310939,Anthomyiidae_Pegomya_laticornis_1027761_3433310939,© all rights reserved
143673,3433310939,Anthomyiidae_Pegomya_laticornis_1027762_3433310939,© all rights reserved
143674,3433310939,Anthomyiidae_Pegomya_laticornis_1027763_3433310939,© all rights reserved
143675,3433310939,Anthomyiidae_Pegomya_laticornis_1027764_3433310939,© all rights reserved
143676,3433310939,Anthomyiidae_Pegomya_laticornis_1027765_3433310939,© all rights reserved
143733,3964346440,Anthomyiidae_Pegomya_winthemi_1345049_3964346440,© all rights reserved
143734,3964346440,Anthomyiidae_Pegomya_winthemi_1345050_3964346440,© all rights reserved
144347,3880304841,Anthomyiidae_Eustalomyia_festiva_1284048_3880304841,© all rights reserved
144348,3880304841,Anthomyiidae_Eustalomyia_festiva_1284049_3880304841,© all rights reserved
144686,3767517083,Anthomyiidae_Mycophaga_testacea_3307468_3767517083,© all rights reserved
144687,3767517083,Anthomyiidae_Mycophaga_testacea_3307469_3767517083,© all rights reserved
144945,3429625628,Anthomyiidae_Anthomyia_liturata_336147_3429625628,© all rights reserved
144946,3429625628,Anthomyiidae_Anthomyia_liturata_336148_3429625628,© all rights reserved
144947,3429625628,Anthomyiidae_Anthomyia_liturata_336149_3429625628,© all rights reserved
144950,1046461749,Anthomyiidae_Hylemya_nigrimanus_2762801_1046461749,© all rights reserved
144951,1046461749,Anthomyiidae_Hylemya_nigrimanus_2762802_1046461749,© all rights reserved
145056,3767542368,Anthomyiidae_Hylemya_vagans_2616815_3767542368,© all rights reserved
145467,3433980932,Anthomyiidae_Calythea_nigricans_1717144_3433980932,© all rights reserved
145468,3433980932,Anthomyiidae_Calythea_nigricans_1717145_3433980932,© all rights reserved
145469,3433980932,Anthomyiidae_Calythea_nigricans_1717146_3433980932,© all rights reserved
145470,3433980932,Anthomyiidae_Calythea_nigricans_1717147_3433980932,© all rights reserved
145591,1434090256,Anthomyiidae_Hylemya_vagans_736398_1434090256,© all rights reserved
145837,1460594157,Anthomyiidae_Hylemya_nigrimanus_2118624_1460594157,© all rights reserved
145838,1460594157,Anthomyiidae_Hylemya_nigrimanus_2118625_1460594157,© all rights reserved
146190,1952500515,Anthomyiidae_Chirosia_betuleti_88226_1952500515,http://creativecommons.org/licenses/by-nc-nd/4.0/
146793,1961163765,Anthomyiidae_Botanophila_fugax_2169890_1961163765,http://creativecommons.org/licenses/by-nc-nd/4.0/
146794,1961163765,Anthomyiidae_Botanophila_fugax_2169891_1961163765,http://creativecommons.org/licenses/by-nc-nd/4.0/
146795,1961163765,Anthomyiidae_Botanophila_fugax_2169892_1961163765,http://creativecommons.org/licenses/by-nc-nd/4.0/
146796,1961163765,Anthomyiidae_Botanophila_fugax_2169893_1961163765,http://creativecommons.org/licenses/by-nc-nd/4.0/
146929,1955331068,Anthomyiidae_Chirosia_histricina_1471829_1955331068,http://creativecommons.org/licenses/by-nc-nd/4.0/
149518,1952446341,Anthomyiidae_Hydrophoria_ruralis_778725_1952446341,http://creativecommons.org/licenses/by-nc-nd/4.0/
154023,1954559267,Anthomyiidae_Chirosia_betuleti_1470321_1954559267,http://creativecommons.org/licenses/by-nc-nd/4.0/
154282,3825299110,Anthomyiidae_Eustalomyia_hilaris_1943932_3825299110,http://creativecommons.org/licenses/by-nc-nd/4.0/
154283,3825299110,Anthomyiidae_Eustalomyia_hilaris_1943933_3825299110,http://creativecommons.org/licenses/by-nc-nd/4.0/
154796,3716736490,Anthomyiidae_Eustalomyia_hilaris_2547211_3716736490,http://creativecommons.org/licenses/by-nc-nd/4.0/
155150,2837557554,Anthomyiidae_Myopina_myopina_1599029_2837557554,http://creativecommons.org/licenses/by-nc-nd/4.0/
155151,2837557554,Anthomyiidae_Myopina_myopina_1599030_2837557554,http://creativecommons.org/licenses/by-nc-nd/4.0/
155152,2837557554,Anthomyiidae_Myopina_myopina_1599031_2837557554,http://creativecommons.org/licenses/by-nc-nd/4.0/
156205,1961531250,Anthomyiidae_Hydrophoria_linogrisea_792901_1961531250,http://creativecommons.org/licenses/by-nc-nd/4.0/
156206,1961531250,Anthomyiidae_Hydrophoria_linogrisea_792902_1961531250,http://creativecommons.org/licenses/by-nc-nd/4.0/
156207,1961531250,Anthomyiidae_Hydrophoria_linogrisea_792903_1961531250,http://creativecommons.org/licenses/by-nc-nd/4.0/
156558,2252274559,Anthomyiidae_Anthomyia_pluvialis_2902233_2252274559,© All rights reserved
159389,1954997182,Anthomyiidae_Botanophila_striolata_2849948_1954997182,http://creativecommons.org/licenses/by-nc/4.0/
159390,1954997182,Anthomyiidae_Botanophila_striolata_2849949_1954997182,http://creativecommons.org/licenses/by-nc/4.0/
159424,3725166510,Anthomyiidae_Anthomyia_monilis_3267272_3725166510,http://creativecommons.org/licenses/by-nc-nd/4.0/
159425,3725166510,Anthomyiidae_Anthomyia_monilis_3267273_3725166510,http://creativecommons.org/licenses/by-nc-nd/4.0/
160209,1953555923,Anthomyiidae_Hydrophoria_linogrisea_781060_1953555923,http://creativecommons.org/licenses/by-nc-nd/4.0/
160327,2840065799,Anthomyiidae_Eustalomyia_hilaris_2982200_2840065799,http://creativecommons.org/licenses/by-nc-nd/4.0/
160671,1952554145,Anthomyiidae_Hydrophoria_lancifer_2156627_1952554145,http://creativecommons.org/licenses/by-nc-sa/4.0/
161032,1973768020,Anthomyiidae_Eustalomyia_histrio_2878391_1973768020,http://creativecommons.org/licenses/by-nc-nd/4.0/
161033,1973768020,Anthomyiidae_Eustalomyia_histrio_2878392_1973768020,http://creativecommons.org/licenses/by-nc-nd/4.0/
161034,1973768020,Anthomyiidae_Eustalomyia_histrio_2878393_1973768020,http://creativecommons.org/licenses/by-nc-nd/4.0/
161035,1973768020,Anthomyiidae_Eustalomyia_histrio_2878394_1973768020,http://creativecommons.org/licenses/by-nc-nd/4.0/
161036,1973768020,Anthomyiidae_Eustalomyia_histrio_2878395_1973768020,http://creativecommons.org/licenses/by-nc-nd/4.0/
161037,1973768020,Anthomyiidae_Eustalomyia_histrio_2878396_1973768020,http://creativecommons.org/licenses/by-nc-nd/4.0/
161038,1973768020,Anthomyiidae_Eustalomyia_histrio_2878397_1973768020,http://creativecommons.org/licenses/by-nc-nd/4.0/
163833,1974059509,Anthomyiidae_Egle_ciliata_120531_1974059509,http://creativecommons.org/licenses/by-nc-nd/4.0/
163834,1974059509,Anthomyiidae_Egle_ciliata_120532_1974059509,http://creativecommons.org/licenses/by-nc-nd/4.0/
163835,1974059509,Anthomyiidae_Egle_ciliata_120533_1974059509,http://creativecommons.org/licenses/by-nc-nd/4.0/
163836,1974059509,Anthomyiidae_Egle_ciliata_120534_1974059509,http://creativecommons.org/licenses/by-nc-nd/4.0/
164294,1972832440,Anthomyiidae_Chirosia_grossicauda_2876488_1972832440,http://creativecommons.org/licenses/by-nc-nd/4.0/
164295,1972832440,Anthomyiidae_Chirosia_grossicauda_2876489_1972832440,http://creativecommons.org/licenses/by-nc-nd/4.0/
164378,1955792980,Anthomyiidae_Pegomya_zonata_784521_1955792980,http://creativecommons.org/licenses/by-nc-nd/4.0/
164379,1955792980,Anthomyiidae_Pegomya_zonata_784522_1955792980,http://creativecommons.org/licenses/by-nc-nd/4.0/
164531,1957239254,Anthomyiidae_Delia_coarctata_2163775_1957239254,http://creativecommons.org/licenses/by-nc-nd/4.0/
164532,1957239254,Anthomyiidae_Delia_coarctata_2163776_1957239254,http://creativecommons.org/licenses/by-nc-nd/4.0/
164533,1957239254,Anthomyiidae_Delia_coarctata_2163777_1957239254,http://creativecommons.org/licenses/by-nc-nd/4.0/
164534,1957239254,Anthomyiidae_Delia_coarctata_2163778_1957239254,http://creativecommons.org/licenses/by-nc-nd/4.0/
164790,1972927923,Anthomyiidae_Chirosia_betuleti_118149_1972927923,http://creativecommons.org/licenses/by-nc-sa/4.0/
165561,1954448921,Anthomyiidae_Egle_rhinotmeta_781537_1954448921,http://creativecommons.org/licenses/by-nc-nd/4.0/
165562,1954448921,Anthomyiidae_Egle_rhinotmeta_781538_1954448921,http://creativecommons.org/licenses/by-nc-nd/4.0/
165712,1970147714,Anthomyiidae_Pegomya_laticornis_2182828_1970147714,http://creativecommons.org/licenses/by-nc-sa/4.0/
166653,1957198104,Anthomyiidae_Hylemya_vagans_785861_1957198104,http://creativecommons.org/licenses/by-nc-nd/4.0/
168575,2836741963,Anthomyiidae_Egle_ciliata_2286100_2836741963,http://creativecommons.org/licenses/by-nc-nd/4.0/
168576,2836741963,Anthomyiidae_Egle_ciliata_2286101_2836741963,http://creativecommons.org/licenses/by-nc-nd/4.0/
168577,2836741963,Anthomyiidae_Egle_ciliata_2286102_2836741963,http://creativecommons.org/licenses/by-nc-nd/4.0/
170015,1971817895,Anthomyiidae_Hylemya_vagans_116382_1971817895,http://creativecommons.org/licenses/by-nc-nd/4.0/
170029,1956806771,Anthomyiidae_Eutrichota_schineri_785321_1956806771,http://creativecommons.org/licenses/by-nc-nd/4.0/
170030,1956806771,Anthomyiidae_Eutrichota_schineri_785322_1956806771,http://creativecommons.org/licenses/by-nc-nd/4.0/
170031,1956806771,Anthomyiidae_Eutrichota_schineri_785323_1956806771,http://creativecommons.org/licenses/by-nc-nd/4.0/
170032,1956806771,Anthomyiidae_Eutrichota_schineri_785324_1956806771,http://creativecommons.org/licenses/by-nc-nd/4.0/
170033,1956806771,Anthomyiidae_Eutrichota_schineri_785325_1956806771,http://creativecommons.org/licenses/by-nc-nd/4.0/
171278,1974125317,Anthomyiidae_Botanophila_latifrons_811404_1974125317,http://creativecommons.org/licenses/by-nc-nd/4.0/
171279,1974125317,Anthomyiidae_Botanophila_latifrons_811405_1974125317,http://creativecommons.org/licenses/by-nc-nd/4.0/
171364,1959888415,Anthomyiidae_Eustalomyia_hilaris_790631_1959888415,http://creativecommons.org/licenses/by-nc-nd/4.0/
172362,3893938081,Anthomyiidae_Pegomya_solennis_1982343_3893938081,
172939,1433944920,Anthomyiidae_Hylemya_vagans_2803905_1433944920,© all rights reserved
173024,3769230810,Anthomyiidae_Egle_ciliata_2617152_3769230810,© all rights reserved
173025,3769230810,Anthomyiidae_Egle_ciliata_2617153_3769230810,© all rights reserved
173104,2271962822,Anthomyiidae_Pegomya_solennis_2903164_2271962822,© all rights reserved
173105,2271962822,Anthomyiidae_Pegomya_solennis_2903165_2271962822,© all rights reserved
173320,2245733935,Anthomyiidae_Hydrophoria_linogrisea_1516263_2245733935,© all rights reserved
173321,2245733935,Anthomyiidae_Hydrophoria_linogrisea_1516264_2245733935,© all rights reserved
173322,2245733935,Anthomyiidae_Hydrophoria_linogrisea_1516265_2245733935,© all rights reserved
174462,2842729909,Anthomyiidae_Hylemya_vagans_2297102_2842729909,http://creativecommons.org/licenses/by/4.0/
174759,3732543225,Anthomyiidae_Anthomyia_procellaris_1227992_3732543225,http://creativecommons.org/licenses/by-nc-nd/4.0/
175150,3822510932,Anthomyiidae_Anthomyia_procellaris_559211_3822510932,http://creativecommons.org/licenses/by-nc-nd/4.0/
175203,1957235132,Anthomyiidae_Hylemya_vagans_2853599_1957235132,http://creativecommons.org/licenses/by-nc-nd/4.0/
175441,1953015869,Anthomyiidae_Chirosia_grossicauda_779955_1953015869,http://creativecommons.org/licenses/by/4.0/
175547,2842174738,Anthomyiidae_Eustalomyia_hilaris_1606624_2842174738,http://creativecommons.org/licenses/by-nc-sa/4.0/
175661,1956653448,Anthomyiidae_Mycophaga_testacea_1473840_1956653448,http://creativecommons.org/licenses/by-nc-nd/4.0/
175662,1956653448,Anthomyiidae_Mycophaga_testacea_1473841_1956653448,http://creativecommons.org/licenses/by-nc-nd/4.0/
175663,1956653448,Anthomyiidae_Mycophaga_testacea_1473842_1956653448,http://creativecommons.org/licenses/by-nc-nd/4.0/
176655,3385057387,Anthomyiidae_Anthomyia_liturata_2392605_3385057387,http://creativecommons.org/licenses/by-nc/4.0/
176675,3966729523,Anthomyiidae_Pegoplata_palposa_2035668_3966729523,http://creativecommons.org/licenses/by-nc/4.0/
177564,3802655226,Anthomyiidae_Pegomya_bicolor_1935648_3802655226,http://creativecommons.org/licenses/by/4.0/
178200,2999083889,Anthomyiidae_Anthomyia_illocata_3017894_2999083889,http://creativecommons.org/licenses/by-nc/4.0/
178205,3327736426,Anthomyiidae_Anthomyia_pluvialis_299497_3327736426,http://creativecommons.org/licenses/by/4.0/
179128,2409286192,Anthomyiidae_Mycophaga_testacea_154180_2409286192,http://creativecommons.org/licenses/by-nc-sa/4.0/
181059,3468859473,Anthomyiidae_Mycophaga_testacea_1847740_3468859473,http://creativecommons.org/licenses/by-nc/4.0/
181060,3468859473,Anthomyiidae_Mycophaga_testacea_1847741_3468859473,http://creativecommons.org/licenses/by-nc/4.0/
181061,3468859473,Anthomyiidae_Mycophaga_testacea_1847742_3468859473,http://creativecommons.org/licenses/by-nc/4.0/
181062,3468859473,Anthomyiidae_Mycophaga_testacea_1847743_3468859473,http://creativecommons.org/licenses/by-nc/4.0/
181063,3468859473,Anthomyiidae_Mycophaga_testacea_1847744_3468859473,http://creativecommons.org/licenses/by-nc/4.0/
181075,3415368792,Anthomyiidae_Pegomya_flavifrons_1022181_3415368792,http://creativecommons.org/licenses/by/4.0/
181076,3415368792,Anthomyiidae_Pegomya_flavifrons_1022182_3415368792,http://creativecommons.org/licenses/by/4.0/
181077,3415368792,Anthomyiidae_Pegomya_flavifrons_1022183_3415368792,http://creativecommons.org/licenses/by/4.0/
181427,3759076774,Anthomyiidae_Anthomyia_illocata_2611228_3759076774,http://creativecommons.org/licenses/by-nc/4.0/
183234,2247861736,Anthomyiidae_Delia_radicum_1516493_2247861736,© All rights reserved
183529,2407020962,Anthomyiidae_Eustalomyia_hilaris_2912258_2407020962,© All rights reserved
183849,3329971370,Anthomyiidae_Chirosia_betuleti_2369837_3329971370,http://creativecommons.org/licenses/by/4.0/
183893,3856656692,Anthomyiidae_Mycophaga_testacea_1261033_3856656692,© all rights reserved
184153,2621919940,Anthomyiidae_Lasiomma_seminitidum_2947571_2621919940,
184355,2621935293,Anthomyiidae_Paregle_audacula_2257227_2621935293,
184385,2621940997,Anthomyiidae_Leucophora_cinerea_189338_2621940997,
184429,2621946334,Anthomyiidae_Anthomyia_quinquemaculata_879415_2621946334,
184430,2621946340,Anthomyiidae_Anthomyia_quinquemaculata_2257255_2621946340,
184526,2621957456,Anthomyiidae_Delia_radicum_2257289_2621957456,
184532,2621957701,Anthomyiidae_Pegomya_bicolor_879439_2621957701,
184537,2621957698,Anthomyiidae_Pegomya_bicolor_879438_2621957698,
185449,3113486597,Anthomyiidae_Anthomyia_procellaris_975882_3113486597,http://creativecommons.org/licenses/by-nc/4.0/
187742,1132438015,Anthomyiidae_Chirosia_grossicauda_698291_1132438015,© all rights reserved
187745,3012722301,Anthomyiidae_Chirosia_betuleti_951531_3012722301,© all rights reserved
187766,1801543359,Anthomyiidae_Chiastocheta_trollii_2813030_1801543359,© all rights reserved
187808,1995064112,Anthomyiidae_Eustalomyia_festiva_822992_1995064112,© all rights reserved
187809,1995064112,Anthomyiidae_Eustalomyia_festiva_822993_1995064112,© all rights reserved
187810,1995064112,Anthomyiidae_Eustalomyia_festiva_822994_1995064112,© all rights reserved
187826,2593722239,Anthomyiidae_Egle_ciliata_874448_2593722239,© all rights reserved
187827,2593722239,Anthomyiidae_Egle_ciliata_874449_2593722239,© all rights reserved
188045,1459892836,Anthomyiidae_Delia_platura_2117267_1459892836,© all rights reserved
191615,3764911376,Anthomyiidae_Anthomyia_procellaris_1927483_3764911376,© All rights reserved
191891,1655880788,Anthomyiidae_Delia_platura_2121410_1655880788,
191894,1655880828,Anthomyiidae_Delia_platura_2121412_1655880828,
191904,1655880827,Anthomyiidae_Delia_platura_1432117_1655880827,
191918,1655880792,Anthomyiidae_Delia_platura_2121411_1655880792,
193289,2422862432,Anthomyiidae_Chirosia_betuleti_2223916_2422862432,http://creativecommons.org/licenses/by-nc/4.0/
194443,3759625515,Anthomyiidae_Anthomyia_illocata_1234410_3759625515,http://creativecommons.org/licenses/by-nc/4.0/
195595,3925226481,Anthomyiidae_Delia_radicum_2716165_3925226481,http://creativecommons.org/licenses/by-nc/4.0/
196644,1953624667,Anthomyiidae_Leucophora_obtusa_2158966_1953624667,http://creativecommons.org/licenses/by-nc-nd/4.0/
198149,3725995324,Anthomyiidae_Eustalomyia_histrio_1889886_3725995324,http://creativecommons.org/licenses/by-nc-nd/4.0/
198150,3725995324,Anthomyiidae_Eustalomyia_histrio_1889887_3725995324,http://creativecommons.org/licenses/by-nc-nd/4.0/
199777,1955750431,Anthomyiidae_Emmesomyia_grisea_784414_1955750431,http://creativecommons.org/licenses/by-nc-nd/4.0/
201382,4014897889,Anthomyiidae_Anthomyia_quinquemaculata_2057059_4014897889,http://creativecommons.org/licenses/by-nc/4.0/
201383,4014897889,Anthomyiidae_Anthomyia_quinquemaculata_2057060_4014897889,http://creativecommons.org/licenses/by-nc/4.0/
203334,3447733759,Anthomyiidae_Phorbia_curvicauda_454333_3447733759,http://creativecommons.org/licenses/by-sa/4.0/
203346,3447733955,Anthomyiidae_Hylemyza_partita_2522264_3447733955,http://creativecommons.org/licenses/by-sa/4.0/
203472,3447736428,Anthomyiidae_Anthomyia_monilis_1143754_3447736428,http://creativecommons.org/licenses/by-sa/4.0/
204447,2619230197,Anthomyiidae_Egle_ciliata_878556_2619230197,© all rights reserved
204448,2619230197,Anthomyiidae_Egle_ciliata_878557_2619230197,© all rights reserved
204767,3893727113,Anthomyiidae_Pegomya_solennis_3362541_3893727113,© all rights reserved
205113,1460232210,Anthomyiidae_Egle_ciliata_1428440_1460232210,© all rights reserved
205181,2274497027,Anthomyiidae_Eustalomyia_hilaris_2904312_2274497027,© all rights reserved
207345,1972429276,Anthomyiidae_Pegomya_hyoscyami_2185505_1972429276,http://creativecommons.org/licenses/by-nc-sa/4.0/
207346,1972429276,Anthomyiidae_Pegomya_hyoscyami_2185506_1972429276,http://creativecommons.org/licenses/by-nc-sa/4.0/
208274,3090529779,Anthomyiidae_Anthomyia_illocata_2346623_3090529779,http://creativecommons.org/licenses/by-nc/4.0/
208630,2850708745,Anthomyiidae_Eustalomyia_hilaris_927594_2850708745,http://creativecommons.org/licenses/by/4.0/
208633,2850708745,Anthomyiidae_Eustalomyia_hilaris_927597_2850708745,http://creativecommons.org/licenses/by/4.0/
211605,3303124158,Anthomyiidae_Eustalomyia_hilaris_2359793_3303124158,© All rights reserved
212096,3448228281,Anthomyiidae_Lasiomma_seminitidum_454752_3448228281,http://creativecommons.org/licenses/by-sa/4.0/
212129,3448123311,Anthomyiidae_Eustalomyia_hilaris_2522639_3448123311,http://creativecommons.org/licenses/by-sa/4.0/
212212,1951119676,Anthomyiidae_Delia_platura_2155344_1951119676,http://creativecommons.org/licenses/by/4.0/
212372,1973193688,Anthomyiidae_Chirosia_histricina_2877490_1973193688,http://creativecommons.org/licenses/by-nc-nd/4.0/
213692,3825440762,Anthomyiidae_Pegomya_winthemi_2633955_3825440762,http://creativecommons.org/licenses/by-nc-nd/4.0/
214423,1961634154,Anthomyiidae_Hydrophoria_linogrisea_2170781_1961634154,http://creativecommons.org/licenses/by-nc/4.0/
215202,1973688155,Anthomyiidae_Chirosia_histricina_1498655_1973688155,http://creativecommons.org/licenses/by-nc-nd/4.0/
215203,1973688155,Anthomyiidae_Chirosia_histricina_1498656_1973688155,http://creativecommons.org/licenses/by-nc-nd/4.0/
216493,2844570990,Anthomyiidae_Anthomyia_procellaris_922989_2844570990,http://creativecommons.org/licenses/by-nc-nd/4.0/
216564,2838191742,Anthomyiidae_Eustalomyia_hilaris_911759_2838191742,http://creativecommons.org/licenses/by-nc-nd/4.0/
216871,1977580797,Anthomyiidae_Pegomya_setaria_2193774_1977580797,http://creativecommons.org/licenses/by-nc-nd/4.0/
216872,1977580797,Anthomyiidae_Pegomya_setaria_2193775_1977580797,http://creativecommons.org/licenses/by-nc-nd/4.0/
216873,1977580797,Anthomyiidae_Pegomya_setaria_2193776_1977580797,http://creativecommons.org/licenses/by-nc-nd/4.0/
216874,1977580797,Anthomyiidae_Pegomya_setaria_2193777_1977580797,http://creativecommons.org/licenses/by-nc-nd/4.0/
216875,1977580797,Anthomyiidae_Pegomya_setaria_2193778_1977580797,http://creativecommons.org/licenses/by-nc-nd/4.0/
218634,1959887757,Anthomyiidae_Emmesomyia_socia_2858393_1959887757,http://creativecommons.org/licenses/by-nc-nd/4.0/
220033,1966740978,Anthomyiidae_Hydrophoria_linogrisea_2868331_1966740978,http://creativecommons.org/licenses/by-nc-nd/4.0/
220388,1960199405,Anthomyiidae_Anthomyia_liturata_100584_1960199405,http://creativecommons.org/licenses/by-nc-nd/4.0/
220921,2529274221,Anthomyiidae_Chirosia_betuleti_2924644_2529274221,http://creativecommons.org/licenses/by-nc/4.0/
221648,3903350917,Anthomyiidae_Anthomyia_illocata_3370205_3903350917,http://creativecommons.org/licenses/by-nc/4.0/
222359,1933542142,Anthomyiidae_Pegomya_bicolor_775971_1933542142,http://creativecommons.org/licenses/by-nc-sa/4.0/
222415,3915579210,Anthomyiidae_Anthomyia_quinquemaculata_2018054_3915579210,http://creativecommons.org/licenses/by-nc/4.0/
222416,3915579210,Anthomyiidae_Anthomyia_quinquemaculata_2018055_3915579210,http://creativecommons.org/licenses/by-nc/4.0/
222417,3915579210,Anthomyiidae_Anthomyia_quinquemaculata_2018056_3915579210,http://creativecommons.org/licenses/by-nc/4.0/
222615,3124555605,Anthomyiidae_Pegomya_flavifrons_977649_3124555605,http://creativecommons.org/licenses/by/4.0/
222616,3124555605,Anthomyiidae_Pegomya_flavifrons_977650_3124555605,http://creativecommons.org/licenses/by/4.0/
223502,1807007094,Anthomyiidae_Alliopsis_silvestris_55693_1807007094,© all rights reserved
223629,3447970838,Anthomyiidae_Egle_ciliata_1143992_3447970838,http://creativecommons.org/licenses/by-sa/4.0/
223760,1432143521,Anthomyiidae_Delia_florilega_735605_1432143521,© all rights reserved
223761,1432143521,Anthomyiidae_Delia_florilega_735606_1432143521,© all rights reserved
223762,1432143521,Anthomyiidae_Delia_florilega_735607_1432143521,© all rights reserved
223763,1432143521,Anthomyiidae_Delia_florilega_735608_1432143521,© all rights reserved
223764,1432143521,Anthomyiidae_Delia_florilega_735609_1432143521,© all rights reserved
223812,1460087760,Anthomyiidae_Hylemya_vagans_48398_1460087760,© all rights reserved
223880,1965850708,Anthomyiidae_Chirosia_histricina_798228_1965850708,http://creativecommons.org/licenses/by-nc-nd/4.0/
223881,1965850708,Anthomyiidae_Chirosia_histricina_798229_1965850708,http://creativecommons.org/licenses/by-nc-nd/4.0/
224334,1954870028,Anthomyiidae_Hydrophoria_lancifer_2159892_1954870028,http://creativecommons.org/licenses/by-nc-nd/4.0/
224335,1954870028,Anthomyiidae_Hydrophoria_lancifer_2159893_1954870028,http://creativecommons.org/licenses/by-nc-nd/4.0/
224784,1955805361,Anthomyiidae_Hydrophoria_lancifer_2852251_1955805361,http://creativecommons.org/licenses/by/4.0/
225178,1977243059,Anthomyiidae_Pegomya_setaria_125100_1977243059,http://creativecommons.org/licenses/by-nc-nd/4.0/
227015,3725841970,Anthomyiidae_Anthomyia_procellaris_3269021_3725841970,http://creativecommons.org/licenses/by-nc-nd/4.0/
227986,1976594047,Anthomyiidae_Anthomyia_procellaris_123517_1976594047,http://creativecommons.org/licenses/by-nc-sa/4.0/
231783,1969659466,Anthomyiidae_Myopina_myopina_113211_1969659466,http://creativecommons.org/licenses/by-nc-nd/4.0/
231784,1969659466,Anthomyiidae_Myopina_myopina_113212_1969659466,http://creativecommons.org/licenses/by-nc-nd/4.0/
231908,1970390023,Anthomyiidae_Hydrophoria_linogrisea_805655_1970390023,http://creativecommons.org/licenses/by-nc-nd/4.0/
231914,3727558378,Anthomyiidae_Eustalomyia_hilaris_518136_3727558378,http://creativecommons.org/licenses/by-nc-nd/4.0/
232125,3731056192,Anthomyiidae_Anthomyia_procellaris_1909461_3731056192,http://creativecommons.org/licenses/by-nc/4.0/
233076,1954817000,Anthomyiidae_Pegomya_setaria_2849617_1954817000,http://creativecommons.org/licenses/by-nc-nd/4.0/
233077,1954817000,Anthomyiidae_Pegomya_setaria_2849618_1954817000,http://creativecommons.org/licenses/by-nc-nd/4.0/
233078,1954817000,Anthomyiidae_Pegomya_setaria_2849619_1954817000,http://creativecommons.org/licenses/by-nc-nd/4.0/
234417,1976696252,Anthomyiidae_Pegomya_laticornis_814465_1976696252,http://creativecommons.org/licenses/by-nc-nd/4.0/
234418,1976696252,Anthomyiidae_Pegomya_laticornis_814466_1976696252,http://creativecommons.org/licenses/by-nc-nd/4.0/
234419,1976696252,Anthomyiidae_Pegomya_laticornis_814467_1976696252,http://creativecommons.org/licenses/by-nc-nd/4.0/
234874,3728034918,Anthomyiidae_Anthomyia_procellaris_519609_3728034918,http://creativecommons.org/licenses/by-nc/4.0/
235608,1964508179,Anthomyiidae_Hylemya_vagans_104501_1964508179,http://creativecommons.org/licenses/by-nc-nd/4.0/
235609,1964508179,Anthomyiidae_Hylemya_vagans_104502_1964508179,http://creativecommons.org/licenses/by-nc-nd/4.0/
235676,1957361047,Anthomyiidae_Hydrophoria_ruralis_2853857_1957361047,http://creativecommons.org/licenses/by-nc-nd/4.0/
235677,1957361047,Anthomyiidae_Hydrophoria_ruralis_2853858_1957361047,http://creativecommons.org/licenses/by-nc-nd/4.0/
235948,2411737631,Anthomyiidae_Fucellia_tergina_1533707_2411737631,http://creativecommons.org/licenses/by/4.0/
235949,2411737631,Anthomyiidae_Fucellia_tergina_1533708_2411737631,http://creativecommons.org/licenses/by/4.0/
235950,2411737631,Anthomyiidae_Fucellia_tergina_1533709_2411737631,http://creativecommons.org/licenses/by/4.0/
235951,2411737631,Anthomyiidae_Fucellia_tergina_1533710_2411737631,http://creativecommons.org/licenses/by/4.0/
236996,3726657568,Anthomyiidae_Eustalomyia_hilaris_2582338_3726657568,http://creativecommons.org/licenses/by-nc-nd/4.0/
237970,1971847135,Anthomyiidae_Hylemya_vagans_116403_1971847135,http://creativecommons.org/licenses/by-nc-nd/4.0/
238903,1972418441,Anthomyiidae_Pegomya_setaria_117187_1972418441,http://creativecommons.org/licenses/by-nc-nd/4.0/
238904,1972418441,Anthomyiidae_Pegomya_setaria_117188_1972418441,http://creativecommons.org/licenses/by-nc-nd/4.0/
239387,1956655615,Anthomyiidae_Hylemya_vagans_94601_1956655615,http://creativecommons.org/licenses/by-nc-nd/4.0/
239389,1956655615,Anthomyiidae_Hylemya_vagans_94603_1956655615,http://creativecommons.org/licenses/by-nc-nd/4.0/
239390,1956655615,Anthomyiidae_Hylemya_vagans_94604_1956655615,http://creativecommons.org/licenses/by-nc-nd/4.0/
241736,1952730036,Anthomyiidae_Eustalomyia_hilaris_2157047_1952730036,http://creativecommons.org/licenses/by-nc-nd/4.0/
241990,1952380142,Anthomyiidae_Chirosia_betuleti_1467289_1952380142,http://creativecommons.org/licenses/by-nc/4.0/
242469,1955210152,Anthomyiidae_Pegomya_solennis_1471502_1955210152,http://creativecommons.org/licenses/by-nc/4.0/
242521,1977201809,Anthomyiidae_Hylemyza_partita_1504172_1977201809,http://creativecommons.org/licenses/by-nc-nd/4.0/
244028,1969962081,Anthomyiidae_Chirosia_histricina_113969_1969962081,http://creativecommons.org/licenses/by-nc-nd/4.0/
244765,1958360756,Anthomyiidae_Lasiomma_seminitidum_2166228_1958360756,http://creativecommons.org/licenses/by-nc/4.0/
244766,1958360756,Anthomyiidae_Lasiomma_seminitidum_2166229_1958360756,http://creativecommons.org/licenses/by-nc/4.0/
244940,1959088309,Anthomyiidae_Emmesomyia_socia_98514_1959088309,http://creativecommons.org/licenses/by-nc-nd/4.0/
244941,1959088309,Anthomyiidae_Emmesomyia_socia_98515_1959088309,http://creativecommons.org/licenses/by-nc-nd/4.0/
244942,1959088309,Anthomyiidae_Emmesomyia_socia_98516_1959088309,http://creativecommons.org/licenses/by-nc-nd/4.0/
244943,1959088309,Anthomyiidae_Emmesomyia_socia_98517_1959088309,http://creativecommons.org/licenses/by-nc-nd/4.0/
246128,3822640856,Anthomyiidae_Myopina_myopina_3317774_3822640856,http://creativecommons.org/licenses/by-nc-nd/4.0/
246129,3822640856,Anthomyiidae_Myopina_myopina_3317775_3822640856,http://creativecommons.org/licenses/by-nc-nd/4.0/
246130,3822640856,Anthomyiidae_Myopina_myopina_3317776_3822640856,http://creativecommons.org/licenses/by-nc-nd/4.0/
246284,3825290873,Anthomyiidae_Pegomya_winthemi_3324017_3825290873,http://creativecommons.org/licenses/by-nc-nd/4.0/
246285,3825290873,Anthomyiidae_Pegomya_winthemi_3324018_3825290873,http://creativecommons.org/licenses/by-nc-nd/4.0/
249760,1969966204,Anthomyiidae_Chirosia_betuleti_804747_1969966204,http://creativecommons.org/licenses/by-nc/4.0/
249944,1952515342,Anthomyiidae_Delia_albula_2846522_1952515342,http://creativecommons.org/licenses/by-nc-nd/4.0/
250158,1959027370,Anthomyiidae_Hylemya_vagans_788944_1959027370,http://creativecommons.org/licenses/by-nc-nd/4.0/
250159,1959027370,Anthomyiidae_Hylemya_vagans_788945_1959027370,http://creativecommons.org/licenses/by-nc-nd/4.0/
250287,1969362720,Anthomyiidae_Hydrophoria_lancifer_2871067_1969362720,http://creativecommons.org/licenses/by-nc/4.0/
251567,1970684979,Anthomyiidae_Leucophora_obtusa_1494494_1970684979,http://creativecommons.org/licenses/by-nc/4.0/
251568,1970684979,Anthomyiidae_Leucophora_obtusa_1494495_1970684979,http://creativecommons.org/licenses/by-nc/4.0/
251569,1970684979,Anthomyiidae_Leucophora_obtusa_1494496_1970684979,http://creativecommons.org/licenses/by-nc/4.0/
251615,1971633683,Anthomyiidae_Alliopsis_silvestris_806951_1971633683,http://creativecommons.org/licenses/by-nc-nd/4.0/
251616,1971633683,Anthomyiidae_Alliopsis_silvestris_806952_1971633683,http://creativecommons.org/licenses/by-nc-nd/4.0/
251617,1971633683,Anthomyiidae_Alliopsis_silvestris_806953_1971633683,http://creativecommons.org/licenses/by-nc-nd/4.0/
252007,1959322257,Anthomyiidae_Eutrichota_schineri_2167255_1959322257,http://creativecommons.org/licenses/by-nc-nd/4.0/
252008,1959322257,Anthomyiidae_Eutrichota_schineri_2167256_1959322257,http://creativecommons.org/licenses/by-nc-nd/4.0/
252009,1959322257,Anthomyiidae_Eutrichota_schineri_2167257_1959322257,http://creativecommons.org/licenses/by-nc-nd/4.0/
252010,1959322257,Anthomyiidae_Eutrichota_schineri_2167258_1959322257,http://creativecommons.org/licenses/by-nc-nd/4.0/
252382,1966344674,Anthomyiidae_Hydrophoria_lancifer_1488069_1966344674,http://creativecommons.org/licenses/by-nc-sa/4.0/
252682,2839588951,Anthomyiidae_Paregle_audacula_2981809_2839588951,http://creativecommons.org/licenses/by-nc-nd/4.0/
252683,2839588951,Anthomyiidae_Paregle_audacula_2981810_2839588951,http://creativecommons.org/licenses/by-nc-nd/4.0/
252684,2839588951,Anthomyiidae_Paregle_audacula_2981811_2839588951,http://creativecommons.org/licenses/by-nc-nd/4.0/
252892,1973639908,Anthomyiidae_Alliopsis_silvestris_2878021_1973639908,http://creativecommons.org/licenses/by-nc-nd/4.0/
252893,1973639908,Anthomyiidae_Alliopsis_silvestris_2878022_1973639908,http://creativecommons.org/licenses/by-nc-nd/4.0/
252894,1973639908,Anthomyiidae_Alliopsis_silvestris_2878023_1973639908,http://creativecommons.org/licenses/by-nc-nd/4.0/
252895,1973639908,Anthomyiidae_Alliopsis_silvestris_2878024_1973639908,http://creativecommons.org/licenses/by-nc-nd/4.0/
252896,1973639908,Anthomyiidae_Alliopsis_silvestris_2878025_1973639908,http://creativecommons.org/licenses/by-nc-nd/4.0/
252897,1973639908,Anthomyiidae_Alliopsis_silvestris_2878026_1973639908,http://creativecommons.org/licenses/by-nc-nd/4.0/
252898,1973639908,Anthomyiidae_Alliopsis_silvestris_2878027_1973639908,http://creativecommons.org/licenses/by-nc-nd/4.0/
253463,1954889145,Anthomyiidae_Pegomya_setaria_2159952_1954889145,http://creativecommons.org/licenses/by/4.0/
253464,1954889145,Anthomyiidae_Pegomya_setaria_2159953_1954889145,http://creativecommons.org/licenses/by/4.0/
253465,1954889145,Anthomyiidae_Pegomya_setaria_2159954_1954889145,http://creativecommons.org/licenses/by/4.0/
253747,2013963639,Anthomyiidae_Pegomya_hyoscyami_2201789_2013963639,
254563,1990468625,Anthomyiidae_Delia_coarctata_2890457_1990468625,http://creativecommons.org/licenses/by-nc-sa/4.0/
255418,3330442352,Anthomyiidae_Anthomyia_pluvialis_991582_3330442352,http://creativecommons.org/licenses/by-nc/4.0/
255841,3759061598,Anthomyiidae_Anthomyia_illocata_1232584_3759061598,http://creativecommons.org/licenses/by-nc/4.0/
256788,3097050437,Anthomyiidae_Eustalomyia_hilaris_971775_3097050437,http://creativecommons.org/licenses/by-nc/4.0/
258237,3858894310,Anthomyiidae_Pegomya_bicolor_1267690_3858894310,http://creativecommons.org/licenses/by-nc/4.0/
258238,3858894310,Anthomyiidae_Pegomya_bicolor_1267691_3858894310,http://creativecommons.org/licenses/by-nc/4.0/
258239,3858894310,Anthomyiidae_Pegomya_bicolor_1267692_3858894310,http://creativecommons.org/licenses/by-nc/4.0/
260651,2251608918,Anthomyiidae_Paregle_audacula_2210881_2251608918,http://creativecommons.org/licenses/by-nc/4.0/
260664,3096992381,Anthomyiidae_Eustalomyia_hilaris_2349546_3096992381,http://creativecommons.org/licenses/by/4.0/
263059,1460509782,Anthomyiidae_Fucellia_fucorum_2118452_1460509782,© all rights reserved
263395,3049892510,Anthomyiidae_Leucophora_sponsa_2338930_3049892510,© all rights reserved
263396,3049892510,Anthomyiidae_Leucophora_sponsa_2338931_3049892510,© all rights reserved
263397,3049892510,Anthomyiidae_Leucophora_sponsa_2338932_3049892510,© all rights reserved
264616,1460168113,Anthomyiidae_Pegomya_testacea_1428368_1460168113,© all rights reserved
265563,3767893129,Anthomyiidae_Pegomya_geniculata_1927731_3767893129,© all rights reserved
265834,1807038318,Anthomyiidae_Mycophaga_testacea_2124505_1807038318,© all rights reserved
266074,3050246362,Anthomyiidae_Pegomya_tabida_961007_3050246362,© all rights reserved
266075,3050246362,Anthomyiidae_Pegomya_tabida_961008_3050246362,© all rights reserved
266130,3050123553,Anthomyiidae_Hylemya_variata_1649222_3050123553,© all rights reserved
266131,3050123553,Anthomyiidae_Hylemya_variata_1649223_3050123553,© all rights reserved
266360,3050076552,Anthomyiidae_Eustalomyia_histrio_2338952_3050076552,© all rights reserved
266361,3050076552,Anthomyiidae_Eustalomyia_histrio_2338953_3050076552,© all rights reserved
266492,1459209473,Anthomyiidae_Egle_ciliata_1426722_1459209473,© all rights reserved
266493,1459209473,Anthomyiidae_Egle_ciliata_1426723_1459209473,© all rights reserved
267764,1431282428,Anthomyiidae_Leucophora_obtusa_44074_1431282428,© all rights reserved
267765,1431282428,Anthomyiidae_Leucophora_obtusa_44075_1431282428,© all rights reserved
267766,1431282428,Anthomyiidae_Leucophora_obtusa_44076_1431282428,© all rights reserved
267767,1431282428,Anthomyiidae_Leucophora_obtusa_44077_1431282428,© all rights reserved
267914,1458471230,Anthomyiidae_Egle_ciliata_737686_1458471230,© all rights reserved
268429,1460461483,Anthomyiidae_Pegomya_laticornis_2118380_1460461483,© all rights reserved
268502,1431631057,Anthomyiidae_Eustalomyia_festiva_735279_1431631057,© all rights reserved
268503,1431631057,Anthomyiidae_Eustalomyia_festiva_735280_1431631057,© all rights reserved
268504,1431631057,Anthomyiidae_Eustalomyia_festiva_735281_1431631057,© all rights reserved
269362,1671162443,Anthomyiidae_Chirosia_betuleti_53611_1671162443,© all rights reserved
269672,1433796440,Anthomyiidae_Eutrichota_praepotens_736371_1433796440,© all rights reserved
269673,1433796440,Anthomyiidae_Eutrichota_praepotens_736372_1433796440,© all rights reserved
269674,1433796440,Anthomyiidae_Eutrichota_praepotens_736373_1433796440,© all rights reserved
269765,1807007033,Anthomyiidae_Alliopsis_silvestris_2124490_1807007033,© all rights reserved
269869,3432085860,Anthomyiidae_Leucophora_obtusa_1716082_3432085860,© all rights reserved
269870,3432085860,Anthomyiidae_Leucophora_obtusa_1716083_3432085860,© all rights reserved
269871,3432085860,Anthomyiidae_Leucophora_obtusa_1716084_3432085860,© all rights reserved
269872,3432085860,Anthomyiidae_Leucophora_obtusa_1716085_3432085860,© all rights reserved
269873,3432085860,Anthomyiidae_Leucophora_obtusa_1716086_3432085860,© all rights reserved
270127,1884175226,Anthomyiidae_Anthomyia_procellaris_81561_1884175226,© all rights reserved
270196,2857491338,Anthomyiidae_Pegomya_solennis_931922_2857491338,© all rights reserved
270319,3432417544,Anthomyiidae_Hydrophoria_linogrisea_337521_3432417544,© all rights reserved
270320,3432417544,Anthomyiidae_Hydrophoria_linogrisea_337522_3432417544,© all rights reserved
270469,2272430389,Anthomyiidae_Hydrophoria_lancifer_2212841_2272430389,© all rights reserved
270478,2447479677,Anthomyiidae_Hydrophoria_linogrisea_852956_2447479677,© all rights reserved
270479,2447479677,Anthomyiidae_Hydrophoria_linogrisea_852957_2447479677,© all rights reserved
270525,1064965286,Anthomyiidae_Egle_ciliata_2763911_1064965286,© all rights reserved
270542,1669884890,Anthomyiidae_Eustalomyia_hilaris_743935_1669884890,© all rights reserved
271965,1884319344,Anthomyiidae_Chirosia_betuleti_2150275_1884319344,© all rights reserved
271966,1884319344,Anthomyiidae_Chirosia_betuleti_2150276_1884319344,© all rights reserved
272179,1430281715,Anthomyiidae_Egle_ciliata_43989_1430281715,© all rights reserved
272180,1430281715,Anthomyiidae_Egle_ciliata_43990_1430281715,© all rights reserved
272207,1459863654,Anthomyiidae_Hylemya_vagans_2806668_1459863654,© all rights reserved
272208,1459863654,Anthomyiidae_Hylemya_vagans_2806669_1459863654,© all rights reserved
272323,3433082954,Anthomyiidae_Fucellia_fucorum_3095987_3433082954,© all rights reserved
272324,3433082954,Anthomyiidae_Fucellia_fucorum_3095988_3433082954,© all rights reserved
272386,1433811772,Anthomyiidae_Hylemya_vagans_1425095_1433811772,© all rights reserved
272387,1433811772,Anthomyiidae_Hylemya_vagans_1425096_1433811772,© all rights reserved
272495,1821574645,Anthomyiidae_Hylemya_vagans_2124884_1821574645,© all rights reserved
272496,3769568358,Anthomyiidae_Delia_coarctata_3307891_3769568358,© all rights reserved
272932,3433258324,Anthomyiidae_Mycophaga_testacea_337973_3433258324,© all rights reserved
272995,1460258173,Anthomyiidae_Anthomyia_pluvialis_2117871_1460258173,© all rights reserved
273864,2245781338,Anthomyiidae_Eustalomyia_festiva_1516267_2245781338,© all rights reserved
273865,2245781338,Anthomyiidae_Eustalomyia_festiva_1516268_2245781338,© all rights reserved
274072,1064980225,Anthomyiidae_Egle_ciliata_2763915_1064980225,© all rights reserved
274257,3013154516,Anthomyiidae_Eustalomyia_festiva_3020100_3013154516,© all rights reserved
275430,2542202724,Anthomyiidae_Pegomya_pulchripes_2925249_2542202724,© all rights reserved
275431,2542202724,Anthomyiidae_Pegomya_pulchripes_2925250_2542202724,© all rights reserved
275432,2542202724,Anthomyiidae_Pegomya_pulchripes_2925251_2542202724,© all rights reserved
275758,3434068730,Anthomyiidae_Chirosia_betuleti_2406184_3434068730,© all rights reserved
275800,3768050809,Anthomyiidae_Delia_radicum_2616916_3768050809,© all rights reserved
275801,3768050809,Anthomyiidae_Delia_radicum_2616917_3768050809,© all rights reserved
275802,3768050809,Anthomyiidae_Delia_radicum_2616918_3768050809,© all rights reserved
275804,1432143313,Anthomyiidae_Hylemya_vagans_44564_1432143313,© all rights reserved
275807,1432143313,Anthomyiidae_Hylemya_vagans_44567_1432143313,© all rights reserved
275808,1432143313,Anthomyiidae_Hylemya_vagans_44568_1432143313,© all rights reserved
276145,2897353473,Anthomyiidae_Mycophaga_testacea_3007813_2897353473,© all rights reserved
276146,2897353473,Anthomyiidae_Mycophaga_testacea_3007814_2897353473,© all rights reserved
277274,1956654110,Anthomyiidae_Botanophila_gnava_2852861_1956654110,http://creativecommons.org/licenses/by-nc-nd/4.0/
277275,1956654110,Anthomyiidae_Botanophila_gnava_2852862_1956654110,http://creativecommons.org/licenses/by-nc-nd/4.0/
277276,1956654110,Anthomyiidae_Botanophila_gnava_2852863_1956654110,http://creativecommons.org/licenses/by-nc-nd/4.0/
277277,1956654110,Anthomyiidae_Botanophila_gnava_2852864_1956654110,http://creativecommons.org/licenses/by-nc-nd/4.0/
278257,3905553937,Anthomyiidae_Hydrophoria_ruralis_2691378_3905553937,http://creativecommons.org/licenses/by-nc-nd/4.0/
278292,1968220102,Anthomyiidae_Paradelia_intersecta_110805_1968220102,http://creativecommons.org/licenses/by-nc-nd/4.0/
278293,1968220102,Anthomyiidae_Paradelia_intersecta_110806_1968220102,http://creativecommons.org/licenses/by-nc-nd/4.0/
280256,1969448698,Anthomyiidae_Fucellia_maritima_2181101_1969448698,http://creativecommons.org/licenses/by-nc-nd/4.0/
280257,1969448698,Anthomyiidae_Fucellia_maritima_2181102_1969448698,http://creativecommons.org/licenses/by-nc-nd/4.0/
280258,1969448698,Anthomyiidae_Fucellia_maritima_2181103_1969448698,http://creativecommons.org/licenses/by-nc-nd/4.0/
280259,1969448698,Anthomyiidae_Fucellia_maritima_2181104_1969448698,http://creativecommons.org/licenses/by-nc-nd/4.0/
280260,1969448698,Anthomyiidae_Fucellia_maritima_2181105_1969448698,http://creativecommons.org/licenses/by-nc-nd/4.0/
280261,1969448698,Anthomyiidae_Fucellia_maritima_2181106_1969448698,http://creativecommons.org/licenses/by-nc-nd/4.0/
280262,1969448698,Anthomyiidae_Fucellia_maritima_2181107_1969448698,http://creativecommons.org/licenses/by-nc-nd/4.0/
280581,2836161282,Anthomyiidae_Pegomya_solennis_2285304_2836161282,http://creativecommons.org/licenses/by-nc-nd/4.0/
280582,2836161282,Anthomyiidae_Pegomya_solennis_2285305_2836161282,http://creativecommons.org/licenses/by-nc-nd/4.0/
280583,2836161282,Anthomyiidae_Pegomya_solennis_2285306_2836161282,http://creativecommons.org/licenses/by-nc-nd/4.0/
280584,2836161282,Anthomyiidae_Pegomya_solennis_2285307_2836161282,http://creativecommons.org/licenses/by-nc-nd/4.0/
280585,2836161282,Anthomyiidae_Pegomya_solennis_2285308_2836161282,http://creativecommons.org/licenses/by-nc-nd/4.0/
281233,2901238482,Anthomyiidae_Chirosia_betuleti_1628780_2901238482,http://creativecommons.org/licenses/by/4.0/
283356,1958351909,Anthomyiidae_Hylemya_vagans_2166220_1958351909,http://creativecommons.org/licenses/by-nc-nd/4.0/
283411,1953021565,Anthomyiidae_Chirosia_grossicauda_779969_1953021565,http://creativecommons.org/licenses/by/4.0/
283412,1953021565,Anthomyiidae_Chirosia_grossicauda_779970_1953021565,http://creativecommons.org/licenses/by/4.0/
283413,1953021565,Anthomyiidae_Chirosia_grossicauda_779971_1953021565,http://creativecommons.org/licenses/by/4.0/
284404,1955205681,Anthomyiidae_Delia_coarctata_2160620_1955205681,http://creativecommons.org/licenses/by-nc-nd/4.0/
284935,1972137471,Anthomyiidae_Pegomya_testacea_807344_1972137471,http://creativecommons.org/licenses/by-nc-nd/4.0/
284936,1972137471,Anthomyiidae_Pegomya_testacea_807345_1972137471,http://creativecommons.org/licenses/by-nc-nd/4.0/
285989,3773440059,Anthomyiidae_Pegomya_flavifrons_1241094_3773440059,http://creativecommons.org/licenses/by-nc/4.0/
285990,3773440059,Anthomyiidae_Pegomya_flavifrons_1241095_3773440059,http://creativecommons.org/licenses/by-nc/4.0/
286072,3466381372,Anthomyiidae_Hylemya_latevittata_1156850_3466381372,http://creativecommons.org/licenses/by-nc/4.0/
286073,3466381372,Anthomyiidae_Hylemya_latevittata_1156851_3466381372,http://creativecommons.org/licenses/by-nc/4.0/
286383,3988549558,Anthomyiidae_Chirosia_betuleti_1350247_3988549558,http://creativecommons.org/licenses/by/4.0/
286719,1458471259,Anthomyiidae_Hydrophoria_lancifer_1426288_1458471259,© all rights reserved
287014,1993702164,Anthomyiidae_Calythea_nigricans_2200351_1993702164,http://creativecommons.org/licenses/by-nc/4.0/
287206,2465207764,Anthomyiidae_Anthomyia_quinquemaculata_1543679_2465207764,http://creativecommons.org/licenses/by-nc/4.0/
287207,2465207764,Anthomyiidae_Anthomyia_quinquemaculata_1543680_2465207764,http://creativecommons.org/licenses/by-nc/4.0/
287208,2465207764,Anthomyiidae_Anthomyia_quinquemaculata_1543681_2465207764,http://creativecommons.org/licenses/by-nc/4.0/
287251,2901798274,Anthomyiidae_Chirosia_betuleti_1629905_2901798274,http://creativecommons.org/licenses/by-nc/4.0/
287816,3344085039,Anthomyiidae_Delia_coarctata_3072345_3344085039,http://creativecommons.org/licenses/by-nc/4.0/
288453,2028458465,Anthomyiidae_Anthomyia_illocata_134195_2028458465,http://creativecommons.org/licenses/by-nc/4.0/
291989,1971863643,Anthomyiidae_Leucophora_grisella_1495317_1971863643,http://creativecommons.org/licenses/by-nc-nd/4.0/
293850,1961529799,Anthomyiidae_Hydrophoria_lancifer_792898_1961529799,http://creativecommons.org/licenses/by-nc-nd/4.0/
295455,1966266227,Anthomyiidae_Hydrophoria_lancifer_2867107_1966266227,http://creativecommons.org/licenses/by-nc-nd/4.0/
296701,1969956025,Anthomyiidae_Chirosia_histricina_804708_1969956025,http://creativecommons.org/licenses/by-nc-nd/4.0/
296816,2844705446,Anthomyiidae_Anthomyia_pluvialis_1612034_2844705446,http://creativecommons.org/licenses/by-sa/4.0/
297023,1969268439,Anthomyiidae_Fucellia_maritima_803038_1969268439,http://creativecommons.org/licenses/by-nc-nd/4.0/
297024,1969268439,Anthomyiidae_Fucellia_maritima_803039_1969268439,http://creativecommons.org/licenses/by-nc-nd/4.0/
298978,3432344307,Anthomyiidae_Eustalomyia_festiva_1027188_3432344307,© all rights reserved
298979,3432344307,Anthomyiidae_Eustalomyia_festiva_1027189_3432344307,© all rights reserved
299040,1851107131,Anthomyiidae_Eustalomyia_hilaris_770176_1851107131,© all rights reserved
299138,3330645001,Anthomyiidae_Anthomyia_pluvialis_1680885_3330645001,http://creativecommons.org/licenses/by-nc/4.0/
300027,1975662744,Anthomyiidae_Hydrophoria_lancifer_1500953_1975662744,http://creativecommons.org/licenses/by-nc/4.0/
301057,1957239279,Anthomyiidae_Paradelia_intersecta_95300_1957239279,http://creativecommons.org/licenses/by-nc-nd/4.0/
301365,1953006993,Anthomyiidae_Pegomya_laticornis_2847536_1953006993,http://creativecommons.org/licenses/by-nc/4.0/
301465,1970723178,Anthomyiidae_Hydrophoria_linogrisea_1494591_1970723178,http://creativecommons.org/licenses/by-nc-nd/4.0/
302418,3904963974,Anthomyiidae_Anthomyia_procellaris_2687914_3904963974,http://creativecommons.org/licenses/by-nc-nd/4.0/
302760,1976505206,Anthomyiidae_Eustalomyia_hilaris_2881703_1976505206,http://creativecommons.org/licenses/by-nc-nd/4.0/
304117,2633262958,Anthomyiidae_Delia_florilega_193498_2633262958,http://creativecommons.org/licenses/by-nc-sa/4.0/
305209,3822657750,Anthomyiidae_Anthomyia_monilis_559830_3822657750,http://creativecommons.org/licenses/by-nc-nd/4.0/
305282,1963551006,Anthomyiidae_Anthomyia_procellaris_794693_1963551006,http://creativecommons.org/licenses/by-nc-nd/4.0/
305894,1960237073,Anthomyiidae_Leucophora_obtusa_2859043_1960237073,http://creativecommons.org/licenses/by-nc-nd/4.0/
306548,1957204342,Anthomyiidae_Emmesomyia_socia_2163693_1957204342,http://creativecommons.org/licenses/by-nc-nd/4.0/
306549,1957204342,Anthomyiidae_Emmesomyia_socia_2163694_1957204342,http://creativecommons.org/licenses/by-nc-nd/4.0/
306550,1957204342,Anthomyiidae_Emmesomyia_socia_2163695_1957204342,http://creativecommons.org/licenses/by-nc-nd/4.0/
306551,1957204342,Anthomyiidae_Emmesomyia_socia_2163696_1957204342,http://creativecommons.org/licenses/by-nc-nd/4.0/
306706,1957239997,Anthomyiidae_Pegomya_bicolor_1474521_1957239997,http://creativecommons.org/licenses/by-nc-nd/4.0/
306707,1957239997,Anthomyiidae_Pegomya_bicolor_1474522_1957239997,http://creativecommons.org/licenses/by-nc-nd/4.0/
306708,1957239997,Anthomyiidae_Pegomya_bicolor_1474523_1957239997,http://creativecommons.org/licenses/by-nc-nd/4.0/
306709,1957239997,Anthomyiidae_Pegomya_bicolor_1474524_1957239997,http://creativecommons.org/licenses/by-nc-nd/4.0/
307690,1968703568,Anthomyiidae_Anthomyia_liturata_1490453_1968703568,http://creativecommons.org/licenses/by-nc-nd/4.0/
307691,1968703568,Anthomyiidae_Anthomyia_liturata_1490454_1968703568,http://creativecommons.org/licenses/by-nc-nd/4.0/
307692,1968703568,Anthomyiidae_Anthomyia_liturata_1490455_1968703568,http://creativecommons.org/licenses/by-nc-nd/4.0/
307796,1973882078,Anthomyiidae_Chirosia_betuleti_2878635_1973882078,http://creativecommons.org/licenses/by-nc-sa/4.0/
309215,2251609084,Anthomyiidae_Fucellia_tergina_2210884_2251609084,http://creativecommons.org/licenses/by-nc/4.0/
309625,2251609684,Anthomyiidae_Pegomya_notabilis_2901296_2251609684,http://creativecommons.org/licenses/by-nc/4.0/
311148,1957191432,Anthomyiidae_Pegomya_solennis_2163676_1957191432,http://creativecommons.org/licenses/by-nc/4.0/
311932,1969543323,Anthomyiidae_Chirosia_betuleti_2871526_1969543323,http://creativecommons.org/licenses/by-nc-sa/4.0/
311933,1969543323,Anthomyiidae_Chirosia_betuleti_2871527_1969543323,http://creativecommons.org/licenses/by-nc-sa/4.0/
312739,2626429625,Anthomyiidae_Pegomya_solennis_2948969_2626429625,http://creativecommons.org/licenses/by/4.0/
312740,2626429625,Anthomyiidae_Pegomya_solennis_2948970_2626429625,http://creativecommons.org/licenses/by/4.0/
312741,2626429625,Anthomyiidae_Pegomya_solennis_2948971_2626429625,http://creativecommons.org/licenses/by/4.0/
312742,2626429625,Anthomyiidae_Pegomya_solennis_2948972_2626429625,http://creativecommons.org/licenses/by/4.0/
312743,2626429625,Anthomyiidae_Pegomya_solennis_2948973_2626429625,http://creativecommons.org/licenses/by/4.0/
314545,3323899400,Anthomyiidae_Chirosia_betuleti_3055899_3323899400,© All rights reserved
315960,3382495470,Anthomyiidae_Chirosia_betuleti_1696785_3382495470,http://creativecommons.org/licenses/by/4.0/
315961,3382495470,Anthomyiidae_Chirosia_betuleti_1696786_3382495470,http://creativecommons.org/licenses/by/4.0/
316773,3408067369,Anthomyiidae_Anthomyia_pluvialis_1710222_3408067369,http://creativecommons.org/licenses/by-nc/4.0/
316826,2850935014,Anthomyiidae_Botanophila_seneciella_1616771_2850935014,http://creativecommons.org/licenses/by/4.0/
316827,2850935014,Anthomyiidae_Botanophila_seneciella_1616772_2850935014,http://creativecommons.org/licenses/by/4.0/
316828,2850935014,Anthomyiidae_Botanophila_seneciella_1616773_2850935014,http://creativecommons.org/licenses/by/4.0/
317034,3355012223,Anthomyiidae_Anthomyia_illocata_1692921_3355012223,http://creativecommons.org/licenses/by-nc/4.0/
317692,2397463238,Anthomyiidae_Pegomya_testacea_150662_2397463238,http://creativecommons.org/licenses/by/4.0/
317693,2397463238,Anthomyiidae_Pegomya_testacea_150663_2397463238,http://creativecommons.org/licenses/by/4.0/
318632,3802307781,Anthomyiidae_Anthomyia_procellaris_1934592_3802307781,http://creativecommons.org/licenses/by-nc/4.0/
319325,1973241848,Anthomyiidae_Delia_coarctata_809819_1973241848,http://creativecommons.org/licenses/by-nc-nd/4.0/
319354,2837232481,Anthomyiidae_Mycophaga_testacea_909586_2837232481,http://creativecommons.org/licenses/by-sa/4.0/
320574,1953434228,Anthomyiidae_Hydrophoria_lancifer_90184_1953434228,http://creativecommons.org/licenses/by-nc-nd/4.0/
320895,1954943401,Anthomyiidae_Hydrophoria_lancifer_2849858_1954943401,http://creativecommons.org/licenses/by-nc-nd/4.0/
320961,3448658430,Anthomyiidae_Anthomyia_plurinotata_2522844_3448658430,http://creativecommons.org/licenses/by-sa/4.0/
320966,3448835489,Anthomyiidae_Egle_ciliata_3213110_3448835489,http://creativecommons.org/licenses/by-sa/4.0/
320984,3447969175,Anthomyiidae_Hydrophoria_lancifer_2522551_3447969175,http://creativecommons.org/licenses/by-sa/4.0/
321020,3091061308,Anthomyiidae_Hylemya_vagans_279722_3091061308,http://creativecommons.org/licenses/by/4.0/
321067,1056944047,Anthomyiidae_Chiastocheta_schnabli_2073964_1056944047,http://creativecommons.org/licenses/by/4.0/
321930,1955543930,Anthomyiidae_Pegomya_solennis_93290_1955543930,http://creativecommons.org/licenses/by-nc-nd/4.0/
322793,3725114985,Anthomyiidae_Anthomyia_liturata_2576826_3725114985,http://creativecommons.org/licenses/by-nc-nd/4.0/
323015,2836930512,Anthomyiidae_Paradelia_intersecta_2286500_2836930512,http://creativecommons.org/licenses/by-nc-nd/4.0/
323016,2836930512,Anthomyiidae_Paradelia_intersecta_2286501_2836930512,http://creativecommons.org/licenses/by-nc-nd/4.0/
323017,2836930512,Anthomyiidae_Paradelia_intersecta_2286502_2836930512,http://creativecommons.org/licenses/by-nc-nd/4.0/
323018,2836930512,Anthomyiidae_Paradelia_intersecta_2286503_2836930512,http://creativecommons.org/licenses/by-nc-nd/4.0/
323019,2836930512,Anthomyiidae_Paradelia_intersecta_2286504_2836930512,http://creativecommons.org/licenses/by-nc-nd/4.0/
323020,2836930512,Anthomyiidae_Paradelia_intersecta_2286505_2836930512,http://creativecommons.org/licenses/by-nc-nd/4.0/
323548,3822609697,Anthomyiidae_Myopina_myopina_1937588_3822609697,http://creativecommons.org/licenses/by-nc-nd/4.0/
323664,1954816589,Anthomyiidae_Botanophila_fugax_91361_1954816589,http://creativecommons.org/licenses/by-nc-nd/4.0/
323665,1954816589,Anthomyiidae_Botanophila_fugax_91362_1954816589,http://creativecommons.org/licenses/by-nc-nd/4.0/
324137,1952152826,Anthomyiidae_Chirosia_histricina_2155909_1952152826,http://creativecommons.org/licenses/by/4.0/
324210,1951931233,Anthomyiidae_Pegomya_testacea_2845729_1951931233,http://creativecommons.org/licenses/by-nc-nd/4.0/
326279,1967249162,Anthomyiidae_Hydrophoria_ruralis_2868978_1967249162,http://creativecommons.org/licenses/by-nc-nd/4.0/
326280,1967249162,Anthomyiidae_Hydrophoria_ruralis_2868979_1967249162,http://creativecommons.org/licenses/by-nc-nd/4.0/
326405,1974055071,Anthomyiidae_Botanophila_striolata_120514_1974055071,http://creativecommons.org/licenses/by-nc/4.0/
326406,1974055071,Anthomyiidae_Botanophila_striolata_120515_1974055071,http://creativecommons.org/licenses/by-nc/4.0/
326499,1960892477,Anthomyiidae_Hydrophoria_lancifer_2859398_1960892477,http://creativecommons.org/licenses/by-nc-nd/4.0/
327899,1958389645,Anthomyiidae_Lasiomma_seminitidum_788417_1958389645,http://creativecommons.org/licenses/by-nc-nd/4.0/
327900,1958389645,Anthomyiidae_Lasiomma_seminitidum_788418_1958389645,http://creativecommons.org/licenses/by-nc-nd/4.0/
327901,1958389645,Anthomyiidae_Lasiomma_seminitidum_788419_1958389645,http://creativecommons.org/licenses/by-nc-nd/4.0/
327902,1958389645,Anthomyiidae_Lasiomma_seminitidum_788420_1958389645,http://creativecommons.org/licenses/by-nc-nd/4.0/
327912,1960145993,Anthomyiidae_Hydrophoria_linogrisea_2169034_1960145993,http://creativecommons.org/licenses/by-nc-nd/4.0/
328691,1973761284,Anthomyiidae_Chirosia_betuleti_2878373_1973761284,http://creativecommons.org/licenses/by-nc/4.0/
329842,3448832153,Anthomyiidae_Eutrichota_pilimana_3213106_3448832153,http://creativecommons.org/licenses/by-sa/4.0/
329917,3447935508,Anthomyiidae_Anthomyia_plurinotata_1143957_3447935508,http://creativecommons.org/licenses/by-sa/4.0/
329966,3448282204,Anthomyiidae_Pegomya_seitenstettensis_454781_3448282204,http://creativecommons.org/licenses/by-sa/4.0/
330911,2423317951,Anthomyiidae_Hylemya_nigrimanus_1536288_2423317951,© All rights reserved
331356,1265036944,Anthomyiidae_Botanophila_fugax_9894_1265036944,http://creativecommons.org/licenses/by-nc-nd/4.0/
331357,1265036944,Anthomyiidae_Botanophila_fugax_9895_1265036944,http://creativecommons.org/licenses/by-nc-nd/4.0/
331358,1265036985,Anthomyiidae_Botanophila_fugax_9909_1265036985,http://creativecommons.org/licenses/by-nc-nd/4.0/
331359,1265036985,Anthomyiidae_Botanophila_fugax_9910_1265036985,http://creativecommons.org/licenses/by-nc-nd/4.0/
331364,1265036962,Anthomyiidae_Delia_brassicae_9900_1265036962,http://creativecommons.org/licenses/by-nc-nd/4.0/
331365,1265036962,Anthomyiidae_Delia_brassicae_9901_1265036962,http://creativecommons.org/licenses/by-nc-nd/4.0/
331366,1265036962,Anthomyiidae_Delia_brassicae_9902_1265036962,http://creativecommons.org/licenses/by-nc-nd/4.0/
331367,1265036962,Anthomyiidae_Delia_brassicae_9903_1265036962,http://creativecommons.org/licenses/by-nc-nd/4.0/
331368,1265036916,Anthomyiidae_Delia_brassicae_2768602_1265036916,http://creativecommons.org/licenses/by-nc-nd/4.0/
331369,1265036916,Anthomyiidae_Delia_brassicae_2768603_1265036916,http://creativecommons.org/licenses/by-nc-nd/4.0/
331370,1265036916,Anthomyiidae_Delia_brassicae_2768604_1265036916,http://creativecommons.org/licenses/by-nc-nd/4.0/
331371,1265036916,Anthomyiidae_Delia_brassicae_2768605_1265036916,http://creativecommons.org/licenses/by-nc-nd/4.0/
334706,1265036980,Anthomyiidae_Pegoplata_aestiva_9908_1265036980,http://creativecommons.org/licenses/by-nc-nd/4.0/
334711,1265036924,Anthomyiidae_Botanophila_fugax_2079200_1265036924,http://creativecommons.org/licenses/by-nc-nd/4.0/
334712,1265036924,Anthomyiidae_Botanophila_fugax_2079201_1265036924,http://creativecommons.org/licenses/by-nc-nd/4.0/
334713,1265036924,Anthomyiidae_Botanophila_fugax_2079202_1265036924,http://creativecommons.org/licenses/by-nc-nd/4.0/
334714,1265036924,Anthomyiidae_Botanophila_fugax_2079203_1265036924,http://creativecommons.org/licenses/by-nc-nd/4.0/
334715,1265036984,Anthomyiidae_Heterostylodes_pratensis_2768625_1265036984,http://creativecommons.org/licenses/by-nc-nd/4.0/
334716,1265036984,Anthomyiidae_Heterostylodes_pratensis_2768626_1265036984,http://creativecommons.org/licenses/by-nc-nd/4.0/
334717,1265036984,Anthomyiidae_Heterostylodes_pratensis_2768627_1265036984,http://creativecommons.org/licenses/by-nc-nd/4.0/
334718,1265036984,Anthomyiidae_Heterostylodes_pratensis_2768628_1265036984,http://creativecommons.org/licenses/by-nc-nd/4.0/
337477,1265037658,Anthomyiidae_Hylemya_vagans_2079478_1265037658,http://creativecommons.org/licenses/by-nc-nd/4.0/
337478,1265037658,Anthomyiidae_Hylemya_vagans_2079479_1265037658,http://creativecommons.org/licenses/by-nc-nd/4.0/
337480,1265037664,Anthomyiidae_Hylemya_vagans_10170_1265037664,http://creativecommons.org/licenses/by-nc-nd/4.0/
337482,1265037594,Anthomyiidae_Hylemya_vagans_1390064_1265037594,http://creativecommons.org/licenses/by-nc-nd/4.0/
337507,1265037641,Anthomyiidae_Delia_radicum_10161_1265037641,http://creativecommons.org/licenses/by-nc-nd/4.0/
337508,1265037641,Anthomyiidae_Delia_radicum_10162_1265037641,http://creativecommons.org/licenses/by-nc-nd/4.0/
337510,1265037643,Anthomyiidae_Paregle_audacula_1390079_1265037643,http://creativecommons.org/licenses/by-nc-nd/4.0/
337545,1265037582,Anthomyiidae_Anthomyia_pluvialis_2768857_1265037582,http://creativecommons.org/licenses/by-nc-nd/4.0/
337546,1265037622,Anthomyiidae_Anthomyia_pluvialis_2768870_1265037622,http://creativecommons.org/licenses/by-nc-nd/4.0/
337554,1265037624,Anthomyiidae_Anthomyia_pluvialis_701402_1265037624,http://creativecommons.org/licenses/by-nc-nd/4.0/
337558,1265037614,Anthomyiidae_Anthomyia_pluvialis_10150_1265037614,http://creativecommons.org/licenses/by-nc-nd/4.0/
337559,1265037662,Anthomyiidae_Anthomyia_pluvialis_2079480_1265037662,http://creativecommons.org/licenses/by-nc-nd/4.0/
337893,1019548758,Anthomyiidae_Adia_cinerella_692363_1019548758,http://creativecommons.org/licenses/by-nc-nd/4.0/
337894,1019548758,Anthomyiidae_Adia_cinerella_692364_1019548758,http://creativecommons.org/licenses/by-nc-nd/4.0/
337895,1019548758,Anthomyiidae_Adia_cinerella_692365_1019548758,http://creativecommons.org/licenses/by-nc-nd/4.0/
337896,1019548758,Anthomyiidae_Adia_cinerella_692366_1019548758,http://creativecommons.org/licenses/by-nc-nd/4.0/
337897,1019548758,Anthomyiidae_Adia_cinerella_692367_1019548758,http://creativecommons.org/licenses/by-nc-nd/4.0/
338241,1265037548,Anthomyiidae_Anthomyia_pluvialis_701367_1265037548,http://creativecommons.org/licenses/by-nc-nd/4.0/
338726,1019548893,Anthomyiidae_Pegoplata_infirma_692463_1019548893,http://creativecommons.org/licenses/by-nc-nd/4.0/
338727,1019548893,Anthomyiidae_Pegoplata_infirma_692464_1019548893,http://creativecommons.org/licenses/by-nc-nd/4.0/
338728,1019548893,Anthomyiidae_Pegoplata_infirma_692465_1019548893,http://creativecommons.org/licenses/by-nc-nd/4.0/
339093,1019548910,Anthomyiidae_Paregle_audacula_692479_1019548910,http://creativecommons.org/licenses/by-nc-nd/4.0/
339094,1019548910,Anthomyiidae_Paregle_audacula_692480_1019548910,http://creativecommons.org/licenses/by-nc-nd/4.0/
339095,1019548910,Anthomyiidae_Paregle_audacula_692481_1019548910,http://creativecommons.org/licenses/by-nc-nd/4.0/
339149,1019548136,Anthomyiidae_Calythea_pratincola_691968_1019548136,http://creativecommons.org/licenses/by-nc-nd/4.0/
339150,1019548136,Anthomyiidae_Calythea_pratincola_691969_1019548136,http://creativecommons.org/licenses/by-nc-nd/4.0/
339151,1019548136,Anthomyiidae_Calythea_pratincola_691970_1019548136,http://creativecommons.org/licenses/by-nc-nd/4.0/
339152,1019548136,Anthomyiidae_Calythea_pratincola_691971_1019548136,http://creativecommons.org/licenses/by-nc-nd/4.0/
339153,1019548136,Anthomyiidae_Calythea_pratincola_691972_1019548136,http://creativecommons.org/licenses/by-nc-nd/4.0/
339154,1019548262,Anthomyiidae_Calythea_pratincola_692045_1019548262,http://creativecommons.org/licenses/by-nc-nd/4.0/
339155,1019548262,Anthomyiidae_Calythea_pratincola_692046_1019548262,http://creativecommons.org/licenses/by-nc-nd/4.0/
339156,1019548262,Anthomyiidae_Calythea_pratincola_692047_1019548262,http://creativecommons.org/licenses/by-nc-nd/4.0/
339157,1019548137,Anthomyiidae_Calythea_pratincola_1380513_1019548137,http://creativecommons.org/licenses/by-nc-nd/4.0/
339158,1019548137,Anthomyiidae_Calythea_pratincola_1380514_1019548137,http://creativecommons.org/licenses/by-nc-nd/4.0/
339159,1019548137,Anthomyiidae_Calythea_pratincola_1380515_1019548137,http://creativecommons.org/licenses/by-nc-nd/4.0/
339160,1019548194,Anthomyiidae_Botanophila_varicolor_755_1019548194,http://creativecommons.org/licenses/by-nc-nd/4.0/
339161,1019548194,Anthomyiidae_Botanophila_varicolor_756_1019548194,http://creativecommons.org/licenses/by-nc-nd/4.0/
339162,1019548194,Anthomyiidae_Botanophila_varicolor_757_1019548194,http://creativecommons.org/licenses/by-nc-nd/4.0/
339163,1019548194,Anthomyiidae_Botanophila_varicolor_758_1019548194,http://creativecommons.org/licenses/by-nc-nd/4.0/
339164,1019548165,Anthomyiidae_Adia_cinerella_2069905_1019548165,http://creativecommons.org/licenses/by-nc-nd/4.0/
339165,1019548165,Anthomyiidae_Adia_cinerella_2069906_1019548165,http://creativecommons.org/licenses/by-nc-nd/4.0/
339166,1019548165,Anthomyiidae_Adia_cinerella_2069907_1019548165,http://creativecommons.org/licenses/by-nc-nd/4.0/
339167,1019548165,Anthomyiidae_Adia_cinerella_2069908_1019548165,http://creativecommons.org/licenses/by-nc-nd/4.0/
339168,1019548165,Anthomyiidae_Adia_cinerella_2069909_1019548165,http://creativecommons.org/licenses/by-nc-nd/4.0/
339169,1019547983,Anthomyiidae_Paregle_audacula_639_1019547983,http://creativecommons.org/licenses/by-nc-nd/4.0/
339170,1019547983,Anthomyiidae_Paregle_audacula_640_1019547983,http://creativecommons.org/licenses/by-nc-nd/4.0/
339171,1019547983,Anthomyiidae_Paregle_audacula_641_1019547983,http://creativecommons.org/licenses/by-nc-nd/4.0/
339172,1019547995,Anthomyiidae_Delia_radicum_2069803_1019547995,http://creativecommons.org/licenses/by-nc-nd/4.0/
339173,1019547995,Anthomyiidae_Delia_radicum_2069804_1019547995,http://creativecommons.org/licenses/by-nc-nd/4.0/
339174,1019547995,Anthomyiidae_Delia_radicum_2069805_1019547995,http://creativecommons.org/licenses/by-nc-nd/4.0/
339175,1019548251,Anthomyiidae_Delia_radicum_2759499_1019548251,http://creativecommons.org/licenses/by-nc-nd/4.0/
339176,1019548251,Anthomyiidae_Delia_radicum_2759500_1019548251,http://creativecommons.org/licenses/by-nc-nd/4.0/
339177,1019548251,Anthomyiidae_Delia_radicum_2759501_1019548251,http://creativecommons.org/licenses/by-nc-nd/4.0/
339178,1019548021,Anthomyiidae_Delia_radicum_2759377_1019548021,http://creativecommons.org/licenses/by-nc-nd/4.0/
339179,1019548021,Anthomyiidae_Delia_radicum_2759378_1019548021,http://creativecommons.org/licenses/by-nc-nd/4.0/
339180,1019548021,Anthomyiidae_Delia_radicum_2759379_1019548021,http://creativecommons.org/licenses/by-nc-nd/4.0/
339181,1019548244,Anthomyiidae_Delia_radicum_692033_1019548244,http://creativecommons.org/licenses/by-nc-nd/4.0/
339182,1019548244,Anthomyiidae_Delia_radicum_692034_1019548244,http://creativecommons.org/licenses/by-nc-nd/4.0/
339183,1019548244,Anthomyiidae_Delia_radicum_692035_1019548244,http://creativecommons.org/licenses/by-nc-nd/4.0/
339184,1019548244,Anthomyiidae_Delia_radicum_692036_1019548244,http://creativecommons.org/licenses/by-nc-nd/4.0/
339185,1019548197,Anthomyiidae_Calythea_pratincola_2069926_1019548197,http://creativecommons.org/licenses/by-nc-nd/4.0/
339186,1019548197,Anthomyiidae_Calythea_pratincola_2069927_1019548197,http://creativecommons.org/licenses/by-nc-nd/4.0/
339187,1019548197,Anthomyiidae_Calythea_pratincola_2069928_1019548197,http://creativecommons.org/licenses/by-nc-nd/4.0/
339188,1019548197,Anthomyiidae_Calythea_pratincola_2069929_1019548197,http://creativecommons.org/licenses/by-nc-nd/4.0/
339189,1019548197,Anthomyiidae_Calythea_pratincola_2069930_1019548197,http://creativecommons.org/licenses/by-nc-nd/4.0/
339190,1019547901,Anthomyiidae_Delia_florilega_591_1019547901,http://creativecommons.org/licenses/by-nc-nd/4.0/
339191,1019547901,Anthomyiidae_Delia_florilega_592_1019547901,http://creativecommons.org/licenses/by-nc-nd/4.0/
339192,1019547901,Anthomyiidae_Delia_florilega_593_1019547901,http://creativecommons.org/licenses/by-nc-nd/4.0/
339193,1019547901,Anthomyiidae_Delia_florilega_594_1019547901,http://creativecommons.org/licenses/by-nc-nd/4.0/
339194,1019547901,Anthomyiidae_Delia_florilega_595_1019547901,http://creativecommons.org/licenses/by-nc-nd/4.0/
339195,1019548111,Anthomyiidae_Emmesomyia_socia_2759415_1019548111,http://creativecommons.org/licenses/by-nc-nd/4.0/
339196,1019548111,Anthomyiidae_Emmesomyia_socia_2759416_1019548111,http://creativecommons.org/licenses/by-nc-nd/4.0/
339197,1019548111,Anthomyiidae_Emmesomyia_socia_2759417_1019548111,http://creativecommons.org/licenses/by-nc-nd/4.0/
339198,1019548111,Anthomyiidae_Emmesomyia_socia_2759418_1019548111,http://creativecommons.org/licenses/by-nc-nd/4.0/
339199,1019548111,Anthomyiidae_Emmesomyia_socia_2759419_1019548111,http://creativecommons.org/licenses/by-nc-nd/4.0/
339200,1019547872,Anthomyiidae_Anthomyia_pluvialis_1380366_1019547872,http://creativecommons.org/licenses/by-nc-nd/4.0/
339204,1019548007,Anthomyiidae_Anthomyia_pluvialis_2069807_1019548007,http://creativecommons.org/licenses/by-nc-nd/4.0/
339209,1019547993,Anthomyiidae_Anthomyia_pluvialis_691903_1019547993,http://creativecommons.org/licenses/by-nc-nd/4.0/
339215,1019548112,Anthomyiidae_Phorbia_securis_714_1019548112,http://creativecommons.org/licenses/by-nc-nd/4.0/
339216,1019548112,Anthomyiidae_Phorbia_securis_715_1019548112,http://creativecommons.org/licenses/by-nc-nd/4.0/
339217,1019548112,Anthomyiidae_Phorbia_securis_716_1019548112,http://creativecommons.org/licenses/by-nc-nd/4.0/
339218,1019548112,Anthomyiidae_Phorbia_securis_717_1019548112,http://creativecommons.org/licenses/by-nc-nd/4.0/
339219,1019548112,Anthomyiidae_Phorbia_securis_718_1019548112,http://creativecommons.org/licenses/by-nc-nd/4.0/
339220,1019547895,Anthomyiidae_Pegoplata_aestiva_1380376_1019547895,http://creativecommons.org/licenses/by-nc-nd/4.0/
339221,1019547895,Anthomyiidae_Pegoplata_aestiva_1380377_1019547895,http://creativecommons.org/licenses/by-nc-nd/4.0/
339222,1019547895,Anthomyiidae_Pegoplata_aestiva_1380378_1019547895,http://creativecommons.org/licenses/by-nc-nd/4.0/
339223,1019547895,Anthomyiidae_Pegoplata_aestiva_1380379_1019547895,http://creativecommons.org/licenses/by-nc-nd/4.0/
339224,1019547895,Anthomyiidae_Pegoplata_aestiva_1380380_1019547895,http://creativecommons.org/licenses/by-nc-nd/4.0/
339229,1019547936,Anthomyiidae_Delia_platura_2069773_1019547936,http://creativecommons.org/licenses/by-nc-nd/4.0/
339230,1019547936,Anthomyiidae_Delia_platura_2069774_1019547936,http://creativecommons.org/licenses/by-nc-nd/4.0/
339231,1019547936,Anthomyiidae_Delia_platura_2069775_1019547936,http://creativecommons.org/licenses/by-nc-nd/4.0/
339233,1019547973,Anthomyiidae_Pegomya_bicolor_2759354_1019547973,http://creativecommons.org/licenses/by-nc-nd/4.0/
339234,1019547973,Anthomyiidae_Pegomya_bicolor_2759355_1019547973,http://creativecommons.org/licenses/by-nc-nd/4.0/
339235,1019547973,Anthomyiidae_Pegomya_bicolor_2759356_1019547973,http://creativecommons.org/licenses/by-nc-nd/4.0/
339236,1019547973,Anthomyiidae_Pegomya_bicolor_2759357_1019547973,http://creativecommons.org/licenses/by-nc-nd/4.0/
339237,1019547973,Anthomyiidae_Pegomya_bicolor_2759358_1019547973,http://creativecommons.org/licenses/by-nc-nd/4.0/
339238,1019547929,Anthomyiidae_Pegomya_bicolor_604_1019547929,http://creativecommons.org/licenses/by-nc-nd/4.0/
339239,1019547929,Anthomyiidae_Pegomya_bicolor_605_1019547929,http://creativecommons.org/licenses/by-nc-nd/4.0/
339240,1019547929,Anthomyiidae_Pegomya_bicolor_606_1019547929,http://creativecommons.org/licenses/by-nc-nd/4.0/
339241,1019547795,Anthomyiidae_Pegomya_bicolor_691799_1019547795,http://creativecommons.org/licenses/by-nc-nd/4.0/
339242,1019547795,Anthomyiidae_Pegomya_bicolor_691800_1019547795,http://creativecommons.org/licenses/by-nc-nd/4.0/
339243,1019547795,Anthomyiidae_Pegomya_bicolor_691801_1019547795,http://creativecommons.org/licenses/by-nc-nd/4.0/
339244,1019547985,Anthomyiidae_Pegomya_bicolor_1380416_1019547985,http://creativecommons.org/licenses/by-nc-nd/4.0/
339245,1019547985,Anthomyiidae_Pegomya_bicolor_1380417_1019547985,http://creativecommons.org/licenses/by-nc-nd/4.0/
339246,1019547985,Anthomyiidae_Pegomya_bicolor_1380418_1019547985,http://creativecommons.org/licenses/by-nc-nd/4.0/
339247,1019547985,Anthomyiidae_Pegomya_bicolor_1380419_1019547985,http://creativecommons.org/licenses/by-nc-nd/4.0/
339248,1019547985,Anthomyiidae_Pegomya_bicolor_1380420_1019547985,http://creativecommons.org/licenses/by-nc-nd/4.0/
339249,1019547859,Anthomyiidae_Pegoplata_aestiva_1380358_1019547859,http://creativecommons.org/licenses/by-nc-nd/4.0/
339250,1019547859,Anthomyiidae_Pegoplata_aestiva_1380359_1019547859,http://creativecommons.org/licenses/by-nc-nd/4.0/
339251,1019547859,Anthomyiidae_Pegoplata_aestiva_1380360_1019547859,http://creativecommons.org/licenses/by-nc-nd/4.0/
339252,1019547896,Anthomyiidae_Delia_antiqua_2069751_1019547896,http://creativecommons.org/licenses/by-nc-nd/4.0/
339253,1019547896,Anthomyiidae_Delia_antiqua_2069752_1019547896,http://creativecommons.org/licenses/by-nc-nd/4.0/
339254,1019547896,Anthomyiidae_Delia_antiqua_2069753_1019547896,http://creativecommons.org/licenses/by-nc-nd/4.0/
339255,1019547896,Anthomyiidae_Delia_antiqua_2069754_1019547896,http://creativecommons.org/licenses/by-nc-nd/4.0/
339256,1019547896,Anthomyiidae_Delia_antiqua_2069755_1019547896,http://creativecommons.org/licenses/by-nc-nd/4.0/
339257,1019547928,Anthomyiidae_Pegoplata_aestiva_2759333_1019547928,http://creativecommons.org/licenses/by-nc-nd/4.0/
339258,1019547928,Anthomyiidae_Pegoplata_aestiva_2759334_1019547928,http://creativecommons.org/licenses/by-nc-nd/4.0/
339259,1019547928,Anthomyiidae_Pegoplata_aestiva_2759335_1019547928,http://creativecommons.org/licenses/by-nc-nd/4.0/
339260,1019547928,Anthomyiidae_Pegoplata_aestiva_2759336_1019547928,http://creativecommons.org/licenses/by-nc-nd/4.0/
339261,1019547928,Anthomyiidae_Pegoplata_aestiva_2759337_1019547928,http://creativecommons.org/licenses/by-nc-nd/4.0/
339262,1019547979,Anthomyiidae_Pegoplata_picipes_634_1019547979,http://creativecommons.org/licenses/by-nc-nd/4.0/
339263,1019547979,Anthomyiidae_Pegoplata_picipes_635_1019547979,http://creativecommons.org/licenses/by-nc-nd/4.0/
339264,1019547979,Anthomyiidae_Pegoplata_picipes_636_1019547979,http://creativecommons.org/licenses/by-nc-nd/4.0/
339265,1019547979,Anthomyiidae_Pegoplata_picipes_637_1019547979,http://creativecommons.org/licenses/by-nc-nd/4.0/
339266,1019547979,Anthomyiidae_Pegoplata_picipes_638_1019547979,http://creativecommons.org/licenses/by-nc-nd/4.0/
339267,1019547790,Anthomyiidae_Subhylemyia_longula_691796_1019547790,http://creativecommons.org/licenses/by-nc-nd/4.0/
339268,1019547790,Anthomyiidae_Subhylemyia_longula_691797_1019547790,http://creativecommons.org/licenses/by-nc-nd/4.0/
339269,1019547790,Anthomyiidae_Subhylemyia_longula_691798_1019547790,http://creativecommons.org/licenses/by-nc-nd/4.0/
339270,1019547906,Anthomyiidae_Botanophila_fugax_596_1019547906,http://creativecommons.org/licenses/by-nc-nd/4.0/
339271,1019547906,Anthomyiidae_Botanophila_fugax_597_1019547906,http://creativecommons.org/licenses/by-nc-nd/4.0/
339272,1019547906,Anthomyiidae_Botanophila_fugax_598_1019547906,http://creativecommons.org/licenses/by-nc-nd/4.0/
339273,1019547906,Anthomyiidae_Botanophila_fugax_599_1019547906,http://creativecommons.org/licenses/by-nc-nd/4.0/
339274,1019547906,Anthomyiidae_Botanophila_fugax_600_1019547906,http://creativecommons.org/licenses/by-nc-nd/4.0/
339275,1019547906,Anthomyiidae_Botanophila_fugax_601_1019547906,http://creativecommons.org/licenses/by-nc-nd/4.0/
339276,1019547716,Anthomyiidae_Egle_minuta_2759224_1019547716,http://creativecommons.org/licenses/by-nc-nd/4.0/
339277,1019547716,Anthomyiidae_Egle_minuta_2759225_1019547716,http://creativecommons.org/licenses/by-nc-nd/4.0/
339278,1019547716,Anthomyiidae_Egle_minuta_2759226_1019547716,http://creativecommons.org/licenses/by-nc-nd/4.0/
339279,1019547716,Anthomyiidae_Egle_minuta_2759227_1019547716,http://creativecommons.org/licenses/by-nc-nd/4.0/
339280,1019547716,Anthomyiidae_Egle_minuta_2759228_1019547716,http://creativecommons.org/licenses/by-nc-nd/4.0/
339281,1019547716,Anthomyiidae_Egle_minuta_2759229_1019547716,http://creativecommons.org/licenses/by-nc-nd/4.0/
339282,1019547716,Anthomyiidae_Egle_minuta_2759230_1019547716,http://creativecommons.org/licenses/by-nc-nd/4.0/
339283,1019547716,Anthomyiidae_Egle_minuta_2759231_1019547716,http://creativecommons.org/licenses/by-nc-nd/4.0/
339284,1019547716,Anthomyiidae_Egle_minuta_2759232_1019547716,http://creativecommons.org/licenses/by-nc-nd/4.0/
339285,1019547853,Anthomyiidae_Botanophila_gnava_691836_1019547853,http://creativecommons.org/licenses/by-nc-nd/4.0/
339286,1019547853,Anthomyiidae_Botanophila_gnava_691837_1019547853,http://creativecommons.org/licenses/by-nc-nd/4.0/
339287,1019547853,Anthomyiidae_Botanophila_gnava_691838_1019547853,http://creativecommons.org/licenses/by-nc-nd/4.0/
339288,1019547611,Anthomyiidae_Pegomya_hyoscyami_2069569_1019547611,http://creativecommons.org/licenses/by-nc-nd/4.0/
339289,1019547611,Anthomyiidae_Pegomya_hyoscyami_2069570_1019547611,http://creativecommons.org/licenses/by-nc-nd/4.0/
339290,1019547611,Anthomyiidae_Pegomya_hyoscyami_2069571_1019547611,http://creativecommons.org/licenses/by-nc-nd/4.0/
339291,1019547654,Anthomyiidae_Pegomya_hyoscyami_446_1019547654,http://creativecommons.org/licenses/by-nc-nd/4.0/
339292,1019547654,Anthomyiidae_Pegomya_hyoscyami_447_1019547654,http://creativecommons.org/licenses/by-nc-nd/4.0/
339293,1019547654,Anthomyiidae_Pegomya_hyoscyami_448_1019547654,http://creativecommons.org/licenses/by-nc-nd/4.0/
339294,1019547785,Anthomyiidae_Pegoplata_infirma_522_1019547785,http://creativecommons.org/licenses/by-nc-nd/4.0/
339295,1019547785,Anthomyiidae_Pegoplata_infirma_523_1019547785,http://creativecommons.org/licenses/by-nc-nd/4.0/
339296,1019547785,Anthomyiidae_Pegoplata_infirma_524_1019547785,http://creativecommons.org/licenses/by-nc-nd/4.0/
339297,1019547785,Anthomyiidae_Pegoplata_infirma_525_1019547785,http://creativecommons.org/licenses/by-nc-nd/4.0/
339298,1019547785,Anthomyiidae_Pegoplata_infirma_526_1019547785,http://creativecommons.org/licenses/by-nc-nd/4.0/
339299,1019547688,Anthomyiidae_Paradelia_intersecta_1380258_1019547688,http://creativecommons.org/licenses/by-nc-nd/4.0/
339300,1019547688,Anthomyiidae_Paradelia_intersecta_1380259_1019547688,http://creativecommons.org/licenses/by-nc-nd/4.0/
339301,1019547688,Anthomyiidae_Paradelia_intersecta_1380260_1019547688,http://creativecommons.org/licenses/by-nc-nd/4.0/
339302,1019547688,Anthomyiidae_Paradelia_intersecta_1380261_1019547688,http://creativecommons.org/licenses/by-nc-nd/4.0/
339303,1019547688,Anthomyiidae_Paradelia_intersecta_1380262_1019547688,http://creativecommons.org/licenses/by-nc-nd/4.0/
339304,1019547788,Anthomyiidae_Delia_florilega_2069680_1019547788,http://creativecommons.org/licenses/by-nc-nd/4.0/
339305,1019547788,Anthomyiidae_Delia_florilega_2069681_1019547788,http://creativecommons.org/licenses/by-nc-nd/4.0/
339306,1019547788,Anthomyiidae_Delia_florilega_2069682_1019547788,http://creativecommons.org/licenses/by-nc-nd/4.0/
339307,1019547788,Anthomyiidae_Delia_florilega_2069683_1019547788,http://creativecommons.org/licenses/by-nc-nd/4.0/
339308,1019547788,Anthomyiidae_Delia_florilega_2069684_1019547788,http://creativecommons.org/licenses/by-nc-nd/4.0/
339309,1019547791,Anthomyiidae_Subhylemyia_longula_1380321_1019547791,http://creativecommons.org/licenses/by-nc-nd/4.0/
339310,1019547791,Anthomyiidae_Subhylemyia_longula_1380322_1019547791,http://creativecommons.org/licenses/by-nc-nd/4.0/
339311,1019547791,Anthomyiidae_Subhylemyia_longula_1380323_1019547791,http://creativecommons.org/licenses/by-nc-nd/4.0/
339312,1019547714,Anthomyiidae_Botanophila_gnava_1380275_1019547714,http://creativecommons.org/licenses/by-nc-nd/4.0/
339313,1019547714,Anthomyiidae_Botanophila_gnava_1380276_1019547714,http://creativecommons.org/licenses/by-nc-nd/4.0/
339314,1019547714,Anthomyiidae_Botanophila_gnava_1380277_1019547714,http://creativecommons.org/licenses/by-nc-nd/4.0/
339315,1019547714,Anthomyiidae_Botanophila_gnava_1380278_1019547714,http://creativecommons.org/licenses/by-nc-nd/4.0/
339316,1019547714,Anthomyiidae_Botanophila_gnava_1380279_1019547714,http://creativecommons.org/licenses/by-nc-nd/4.0/
339317,1019547739,Anthomyiidae_Botanophila_gnava_2759240_1019547739,http://creativecommons.org/licenses/by-nc-nd/4.0/
339318,1019547739,Anthomyiidae_Botanophila_gnava_2759241_1019547739,http://creativecommons.org/licenses/by-nc-nd/4.0/
339319,1019547739,Anthomyiidae_Botanophila_gnava_2759242_1019547739,http://creativecommons.org/licenses/by-nc-nd/4.0/
339320,1019547547,Anthomyiidae_Botanophila_gnava_691646_1019547547,http://creativecommons.org/licenses/by-nc-nd/4.0/
339321,1019547547,Anthomyiidae_Botanophila_gnava_691647_1019547547,http://creativecommons.org/licenses/by-nc-nd/4.0/
339322,1019547547,Anthomyiidae_Botanophila_gnava_691648_1019547547,http://creativecommons.org/licenses/by-nc-nd/4.0/
339655,1019548530,Anthomyiidae_Hydrophoria_lancifer_2759653_1019548530,http://creativecommons.org/licenses/by-nc-nd/4.0/
339659,1019548528,Anthomyiidae_Hydrophoria_lancifer_692219_1019548528,http://creativecommons.org/licenses/by-nc-nd/4.0/
339660,1019548405,Anthomyiidae_Anthomyia_monilis_870_1019548405,http://creativecommons.org/licenses/by-nc-nd/4.0/
339661,1019548405,Anthomyiidae_Anthomyia_monilis_871_1019548405,http://creativecommons.org/licenses/by-nc-nd/4.0/
339662,1019548405,Anthomyiidae_Anthomyia_monilis_872_1019548405,http://creativecommons.org/licenses/by-nc-nd/4.0/
339663,1019548405,Anthomyiidae_Anthomyia_monilis_873_1019548405,http://creativecommons.org/licenses/by-nc-nd/4.0/
339664,1019548405,Anthomyiidae_Anthomyia_monilis_874_1019548405,http://creativecommons.org/licenses/by-nc-nd/4.0/
339665,1019548431,Anthomyiidae_Myopina_myopina_2759581_1019548431,http://creativecommons.org/licenses/by-nc-nd/4.0/
339666,1019548431,Anthomyiidae_Myopina_myopina_2759582_1019548431,http://creativecommons.org/licenses/by-nc-nd/4.0/
339667,1019548431,Anthomyiidae_Myopina_myopina_2759583_1019548431,http://creativecommons.org/licenses/by-nc-nd/4.0/
339668,1019548448,Anthomyiidae_Myopina_myopina_1380658_1019548448,http://creativecommons.org/licenses/by-nc-nd/4.0/
339669,1019548448,Anthomyiidae_Myopina_myopina_1380659_1019548448,http://creativecommons.org/licenses/by-nc-nd/4.0/
339670,1019548448,Anthomyiidae_Myopina_myopina_1380660_1019548448,http://creativecommons.org/licenses/by-nc-nd/4.0/
339671,1019548490,Anthomyiidae_Delia_coarctata_2759621_1019548490,http://creativecommons.org/licenses/by-nc-nd/4.0/
339672,1019548490,Anthomyiidae_Delia_coarctata_2759622_1019548490,http://creativecommons.org/licenses/by-nc-nd/4.0/
339673,1019548490,Anthomyiidae_Delia_coarctata_2759623_1019548490,http://creativecommons.org/licenses/by-nc-nd/4.0/
339674,1019548452,Anthomyiidae_Delia_coarctata_1380661_1019548452,http://creativecommons.org/licenses/by-nc-nd/4.0/
339675,1019548452,Anthomyiidae_Delia_coarctata_1380662_1019548452,http://creativecommons.org/licenses/by-nc-nd/4.0/
339676,1019548452,Anthomyiidae_Delia_coarctata_1380663_1019548452,http://creativecommons.org/licenses/by-nc-nd/4.0/
339681,1019548388,Anthomyiidae_Mycophaga_testacea_857_1019548388,http://creativecommons.org/licenses/by-nc-nd/4.0/
339682,1019548388,Anthomyiidae_Mycophaga_testacea_858_1019548388,http://creativecommons.org/licenses/by-nc-nd/4.0/
339683,1019548388,Anthomyiidae_Mycophaga_testacea_859_1019548388,http://creativecommons.org/licenses/by-nc-nd/4.0/
339686,1019548401,Anthomyiidae_Mycophaga_testacea_692132_1019548401,http://creativecommons.org/licenses/by-nc-nd/4.0/
339687,1019548307,Anthomyiidae_Paregle_audacula_692071_1019548307,http://creativecommons.org/licenses/by-nc-nd/4.0/
339688,1019548307,Anthomyiidae_Paregle_audacula_692072_1019548307,http://creativecommons.org/licenses/by-nc-nd/4.0/
339689,1019548307,Anthomyiidae_Paregle_audacula_692073_1019548307,http://creativecommons.org/licenses/by-nc-nd/4.0/
339690,1019548307,Anthomyiidae_Paregle_audacula_692074_1019548307,http://creativecommons.org/licenses/by-nc-nd/4.0/
339691,1019548307,Anthomyiidae_Paregle_audacula_692075_1019548307,http://creativecommons.org/licenses/by-nc-nd/4.0/
339692,1019548316,Anthomyiidae_Paregle_audacula_692081_1019548316,http://creativecommons.org/licenses/by-nc-nd/4.0/
339693,1019548316,Anthomyiidae_Paregle_audacula_692082_1019548316,http://creativecommons.org/licenses/by-nc-nd/4.0/
339694,1019548316,Anthomyiidae_Paregle_audacula_692083_1019548316,http://creativecommons.org/licenses/by-nc-nd/4.0/
339695,1019548316,Anthomyiidae_Paregle_audacula_692084_1019548316,http://creativecommons.org/licenses/by-nc-nd/4.0/
339696,1019548287,Anthomyiidae_Paregle_audacula_2069976_1019548287,http://creativecommons.org/licenses/by-nc-nd/4.0/
339697,1019548287,Anthomyiidae_Paregle_audacula_2069977_1019548287,http://creativecommons.org/licenses/by-nc-nd/4.0/
339698,1019548287,Anthomyiidae_Paregle_audacula_2069978_1019548287,http://creativecommons.org/licenses/by-nc-nd/4.0/
339699,1019548287,Anthomyiidae_Paregle_audacula_2069979_1019548287,http://creativecommons.org/licenses/by-nc-nd/4.0/
339700,1019548287,Anthomyiidae_Paregle_audacula_2069980_1019548287,http://creativecommons.org/licenses/by-nc-nd/4.0/
339701,1019548334,Anthomyiidae_Botanophila_striolata_692089_1019548334,http://creativecommons.org/licenses/by-nc-nd/4.0/
339702,1019548334,Anthomyiidae_Botanophila_striolata_692090_1019548334,http://creativecommons.org/licenses/by-nc-nd/4.0/
339703,1019548334,Anthomyiidae_Botanophila_striolata_692091_1019548334,http://creativecommons.org/licenses/by-nc-nd/4.0/
339704,1019548319,Anthomyiidae_Botanophila_varicolor_2759524_1019548319,http://creativecommons.org/licenses/by-nc-nd/4.0/
339705,1019548319,Anthomyiidae_Botanophila_varicolor_2759525_1019548319,http://creativecommons.org/licenses/by-nc-nd/4.0/
339706,1019548319,Anthomyiidae_Botanophila_varicolor_2759526_1019548319,http://creativecommons.org/licenses/by-nc-nd/4.0/
339707,1019548319,Anthomyiidae_Botanophila_varicolor_2759527_1019548319,http://creativecommons.org/licenses/by-nc-nd/4.0/
339708,1019548319,Anthomyiidae_Botanophila_varicolor_2759528_1019548319,http://creativecommons.org/licenses/by-nc-nd/4.0/
339709,1019548319,Anthomyiidae_Botanophila_varicolor_2759529_1019548319,http://creativecommons.org/licenses/by-nc-nd/4.0/
339710,1019548319,Anthomyiidae_Botanophila_varicolor_2759530_1019548319,http://creativecommons.org/licenses/by-nc-nd/4.0/
339711,1019548361,Anthomyiidae_Botanophila_varicolor_692106_1019548361,http://creativecommons.org/licenses/by-nc-nd/4.0/
339712,1019548361,Anthomyiidae_Botanophila_varicolor_692107_1019548361,http://creativecommons.org/licenses/by-nc-nd/4.0/
339713,1019548361,Anthomyiidae_Botanophila_varicolor_692108_1019548361,http://creativecommons.org/licenses/by-nc-nd/4.0/
339714,1019548361,Anthomyiidae_Botanophila_varicolor_692109_1019548361,http://creativecommons.org/licenses/by-nc-nd/4.0/
339715,1019548361,Anthomyiidae_Botanophila_varicolor_692110_1019548361,http://creativecommons.org/licenses/by-nc-nd/4.0/
339716,1019548347,Anthomyiidae_Botanophila_brunneilinea_834_1019548347,http://creativecommons.org/licenses/by-nc-nd/4.0/
339717,1019548347,Anthomyiidae_Botanophila_brunneilinea_835_1019548347,http://creativecommons.org/licenses/by-nc-nd/4.0/
339718,1019548347,Anthomyiidae_Botanophila_brunneilinea_836_1019548347,http://creativecommons.org/licenses/by-nc-nd/4.0/
339719,1019548347,Anthomyiidae_Botanophila_brunneilinea_837_1019548347,http://creativecommons.org/licenses/by-nc-nd/4.0/
339720,1019548347,Anthomyiidae_Botanophila_brunneilinea_838_1019548347,http://creativecommons.org/licenses/by-nc-nd/4.0/
339721,1019548347,Anthomyiidae_Botanophila_brunneilinea_839_1019548347,http://creativecommons.org/licenses/by-nc-nd/4.0/
339722,1019548347,Anthomyiidae_Botanophila_brunneilinea_840_1019548347,http://creativecommons.org/licenses/by-nc-nd/4.0/
339723,1019548375,Anthomyiidae_Emmesomyia_socia_692117_1019548375,http://creativecommons.org/licenses/by-nc-nd/4.0/
339724,1019548375,Anthomyiidae_Emmesomyia_socia_692118_1019548375,http://creativecommons.org/licenses/by-nc-nd/4.0/
339725,1019548375,Anthomyiidae_Emmesomyia_socia_692119_1019548375,http://creativecommons.org/licenses/by-nc-nd/4.0/
339726,1019548375,Anthomyiidae_Emmesomyia_socia_692120_1019548375,http://creativecommons.org/licenses/by-nc-nd/4.0/
339727,1019548375,Anthomyiidae_Emmesomyia_socia_692121_1019548375,http://creativecommons.org/licenses/by-nc-nd/4.0/
339728,1019548375,Anthomyiidae_Emmesomyia_socia_692122_1019548375,http://creativecommons.org/licenses/by-nc-nd/4.0/
339729,1019548261,Anthomyiidae_Paregle_audacula_798_1019548261,http://creativecommons.org/licenses/by-nc-nd/4.0/
339730,1019548261,Anthomyiidae_Paregle_audacula_799_1019548261,http://creativecommons.org/licenses/by-nc-nd/4.0/
339731,1019548261,Anthomyiidae_Paregle_audacula_800_1019548261,http://creativecommons.org/licenses/by-nc-nd/4.0/
339732,1019548261,Anthomyiidae_Paregle_audacula_801_1019548261,http://creativecommons.org/licenses/by-nc-nd/4.0/
339733,1019548261,Anthomyiidae_Paregle_audacula_802_1019548261,http://creativecommons.org/licenses/by-nc-nd/4.0/
339734,1019548108,Anthomyiidae_Delia_radicum_711_1019548108,http://creativecommons.org/licenses/by-nc-nd/4.0/
339735,1019548108,Anthomyiidae_Delia_radicum_712_1019548108,http://creativecommons.org/licenses/by-nc-nd/4.0/
339736,1019548108,Anthomyiidae_Delia_radicum_713_1019548108,http://creativecommons.org/licenses/by-nc-nd/4.0/
339737,1019548155,Anthomyiidae_Paregle_audacula_1380525_1019548155,http://creativecommons.org/licenses/by-nc-nd/4.0/
339738,1019548155,Anthomyiidae_Paregle_audacula_1380526_1019548155,http://creativecommons.org/licenses/by-nc-nd/4.0/
339739,1019548155,Anthomyiidae_Paregle_audacula_1380527_1019548155,http://creativecommons.org/licenses/by-nc-nd/4.0/
339740,1019548155,Anthomyiidae_Paregle_audacula_1380528_1019548155,http://creativecommons.org/licenses/by-nc-nd/4.0/
339741,1019548155,Anthomyiidae_Paregle_audacula_1380529_1019548155,http://creativecommons.org/licenses/by-nc-nd/4.0/
339742,1019548093,Anthomyiidae_Paregle_audacula_2069853_1019548093,http://creativecommons.org/licenses/by-nc-nd/4.0/
339743,1019548093,Anthomyiidae_Paregle_audacula_2069854_1019548093,http://creativecommons.org/licenses/by-nc-nd/4.0/
339744,1019548093,Anthomyiidae_Paregle_audacula_2069855_1019548093,http://creativecommons.org/licenses/by-nc-nd/4.0/
339745,1019548093,Anthomyiidae_Paregle_audacula_2069856_1019548093,http://creativecommons.org/licenses/by-nc-nd/4.0/
339746,1019548093,Anthomyiidae_Paregle_audacula_2069857_1019548093,http://creativecommons.org/licenses/by-nc-nd/4.0/
339747,1019548090,Anthomyiidae_Heterostylodes_pratensis_692_1019548090,http://creativecommons.org/licenses/by-nc-nd/4.0/
339748,1019548090,Anthomyiidae_Heterostylodes_pratensis_693_1019548090,http://creativecommons.org/licenses/by-nc-nd/4.0/
339749,1019548090,Anthomyiidae_Heterostylodes_pratensis_694_1019548090,http://creativecommons.org/licenses/by-nc-nd/4.0/
339750,1019548090,Anthomyiidae_Heterostylodes_pratensis_695_1019548090,http://creativecommons.org/licenses/by-nc-nd/4.0/
339751,1019548090,Anthomyiidae_Heterostylodes_pratensis_696_1019548090,http://creativecommons.org/licenses/by-nc-nd/4.0/
339752,1019548090,Anthomyiidae_Heterostylodes_pratensis_697_1019548090,http://creativecommons.org/licenses/by-nc-nd/4.0/
339753,1019548090,Anthomyiidae_Heterostylodes_pratensis_698_1019548090,http://creativecommons.org/licenses/by-nc-nd/4.0/
339754,1019548090,Anthomyiidae_Heterostylodes_pratensis_699_1019548090,http://creativecommons.org/licenses/by-nc-nd/4.0/
339755,1019548090,Anthomyiidae_Heterostylodes_pratensis_700_1019548090,http://creativecommons.org/licenses/by-nc-nd/4.0/
339756,1019548232,Anthomyiidae_Heterostylodes_pratensis_2069952_1019548232,http://creativecommons.org/licenses/by-nc-nd/4.0/
339757,1019548232,Anthomyiidae_Heterostylodes_pratensis_2069953_1019548232,http://creativecommons.org/licenses/by-nc-nd/4.0/
339758,1019548232,Anthomyiidae_Heterostylodes_pratensis_2069954_1019548232,http://creativecommons.org/licenses/by-nc-nd/4.0/
339759,1019548095,Anthomyiidae_Pegomya_setaria_701_1019548095,http://creativecommons.org/licenses/by-nc-nd/4.0/
339760,1019548095,Anthomyiidae_Pegomya_setaria_702_1019548095,http://creativecommons.org/licenses/by-nc-nd/4.0/
339761,1019548095,Anthomyiidae_Pegomya_setaria_703_1019548095,http://creativecommons.org/licenses/by-nc-nd/4.0/
339762,1019548095,Anthomyiidae_Pegomya_setaria_704_1019548095,http://creativecommons.org/licenses/by-nc-nd/4.0/
339763,1019548095,Anthomyiidae_Pegomya_setaria_705_1019548095,http://creativecommons.org/licenses/by-nc-nd/4.0/
339764,1019548164,Anthomyiidae_Pegomya_testacea_1380530_1019548164,http://creativecommons.org/licenses/by-nc-nd/4.0/
339765,1019548164,Anthomyiidae_Pegomya_testacea_1380531_1019548164,http://creativecommons.org/licenses/by-nc-nd/4.0/
339766,1019548164,Anthomyiidae_Pegomya_testacea_1380532_1019548164,http://creativecommons.org/licenses/by-nc-nd/4.0/
339767,1019548164,Anthomyiidae_Pegomya_testacea_1380533_1019548164,http://creativecommons.org/licenses/by-nc-nd/4.0/
339768,1019548164,Anthomyiidae_Pegomya_testacea_1380534_1019548164,http://creativecommons.org/licenses/by-nc-nd/4.0/
339773,1019548315,Anthomyiidae_Pegomya_solennis_823_1019548315,http://creativecommons.org/licenses/by-nc-nd/4.0/
339774,1019548315,Anthomyiidae_Pegomya_solennis_824_1019548315,http://creativecommons.org/licenses/by-nc-nd/4.0/
339775,1019548315,Anthomyiidae_Pegomya_solennis_825_1019548315,http://creativecommons.org/licenses/by-nc-nd/4.0/
339776,1019548315,Anthomyiidae_Pegomya_solennis_826_1019548315,http://creativecommons.org/licenses/by-nc-nd/4.0/
339777,1019548315,Anthomyiidae_Pegomya_solennis_827_1019548315,http://creativecommons.org/licenses/by-nc-nd/4.0/
339782,1019548771,Anthomyiidae_Hylemya_variata_692371_1019548771,http://creativecommons.org/licenses/by-nc-nd/4.0/
339783,1019548771,Anthomyiidae_Hylemya_variata_692372_1019548771,http://creativecommons.org/licenses/by-nc-nd/4.0/
339784,1019548771,Anthomyiidae_Hylemya_variata_692373_1019548771,http://creativecommons.org/licenses/by-nc-nd/4.0/
339785,1019548797,Anthomyiidae_Fucellia_fucorum_2759842_1019548797,http://creativecommons.org/licenses/by-nc-nd/4.0/
339786,1019548797,Anthomyiidae_Fucellia_fucorum_2759843_1019548797,http://creativecommons.org/licenses/by-nc-nd/4.0/
339787,1019548797,Anthomyiidae_Fucellia_fucorum_2759844_1019548797,http://creativecommons.org/licenses/by-nc-nd/4.0/
339788,1019548808,Anthomyiidae_Fucellia_fucorum_1380911_1019548808,http://creativecommons.org/licenses/by-nc-nd/4.0/
339789,1019548808,Anthomyiidae_Fucellia_fucorum_1380912_1019548808,http://creativecommons.org/licenses/by-nc-nd/4.0/
339790,1019548808,Anthomyiidae_Fucellia_fucorum_1380913_1019548808,http://creativecommons.org/licenses/by-nc-nd/4.0/
339791,1019548736,Anthomyiidae_Pegomya_setaria_1380864_1019548736,http://creativecommons.org/licenses/by-nc-nd/4.0/
339792,1019548736,Anthomyiidae_Pegomya_setaria_1380865_1019548736,http://creativecommons.org/licenses/by-nc-nd/4.0/
339793,1019548736,Anthomyiidae_Pegomya_setaria_1380866_1019548736,http://creativecommons.org/licenses/by-nc-nd/4.0/
339794,1019548736,Anthomyiidae_Pegomya_setaria_1380867_1019548736,http://creativecommons.org/licenses/by-nc-nd/4.0/
339797,1019548743,Anthomyiidae_Hylemya_vagans_1107_1019548743,http://creativecommons.org/licenses/by-nc-nd/4.0/
339801,1019548781,Anthomyiidae_Hylemya_variata_1380896_1019548781,http://creativecommons.org/licenses/by-nc-nd/4.0/
339802,1019548781,Anthomyiidae_Hylemya_variata_1380897_1019548781,http://creativecommons.org/licenses/by-nc-nd/4.0/
339803,1019548781,Anthomyiidae_Hylemya_variata_1380898_1019548781,http://creativecommons.org/licenses/by-nc-nd/4.0/
339804,1019548770,Anthomyiidae_Hylemya_variata_1124_1019548770,http://creativecommons.org/licenses/by-nc-nd/4.0/
339805,1019548770,Anthomyiidae_Hylemya_variata_1125_1019548770,http://creativecommons.org/licenses/by-nc-nd/4.0/
339806,1019548770,Anthomyiidae_Hylemya_variata_1126_1019548770,http://creativecommons.org/licenses/by-nc-nd/4.0/
339807,1019548584,Anthomyiidae_Hylemya_nigrimanus_2070138_1019548584,http://creativecommons.org/licenses/by-nc-nd/4.0/
339808,1019548584,Anthomyiidae_Hylemya_nigrimanus_2070139_1019548584,http://creativecommons.org/licenses/by-nc-nd/4.0/
339809,1019548584,Anthomyiidae_Hylemya_nigrimanus_2070140_1019548584,http://creativecommons.org/licenses/by-nc-nd/4.0/
339810,1019548584,Anthomyiidae_Hylemya_nigrimanus_2070141_1019548584,http://creativecommons.org/licenses/by-nc-nd/4.0/
339811,1019548584,Anthomyiidae_Hylemya_nigrimanus_2070142_1019548584,http://creativecommons.org/licenses/by-nc-nd/4.0/
339812,1019548630,Anthomyiidae_Hylemyza_partita_1037_1019548630,http://creativecommons.org/licenses/by-nc-nd/4.0/
339813,1019548630,Anthomyiidae_Hylemyza_partita_1038_1019548630,http://creativecommons.org/licenses/by-nc-nd/4.0/
339814,1019548630,Anthomyiidae_Hylemyza_partita_1039_1019548630,http://creativecommons.org/licenses/by-nc-nd/4.0/
339815,1019548630,Anthomyiidae_Hylemyza_partita_1040_1019548630,http://creativecommons.org/licenses/by-nc-nd/4.0/
339816,1019548630,Anthomyiidae_Hylemyza_partita_1041_1019548630,http://creativecommons.org/licenses/by-nc-nd/4.0/
339817,1019548683,Anthomyiidae_Eutrichota_praepotens_2070210_1019548683,http://creativecommons.org/licenses/by-nc-nd/4.0/
339818,1019548683,Anthomyiidae_Eutrichota_praepotens_2070211_1019548683,http://creativecommons.org/licenses/by-nc-nd/4.0/
339819,1019548683,Anthomyiidae_Eutrichota_praepotens_2070212_1019548683,http://creativecommons.org/licenses/by-nc-nd/4.0/
339820,1019548714,Anthomyiidae_Eutrichota_praepotens_2070234_1019548714,http://creativecommons.org/licenses/by-nc-nd/4.0/
339821,1019548714,Anthomyiidae_Eutrichota_praepotens_2070235_1019548714,http://creativecommons.org/licenses/by-nc-nd/4.0/
339822,1019548714,Anthomyiidae_Eutrichota_praepotens_2070236_1019548714,http://creativecommons.org/licenses/by-nc-nd/4.0/
339823,1019548737,Anthomyiidae_Hydrophoria_ruralis_2070246_1019548737,http://creativecommons.org/licenses/by-nc-nd/4.0/
339824,1019548737,Anthomyiidae_Hydrophoria_ruralis_2070247_1019548737,http://creativecommons.org/licenses/by-nc-nd/4.0/
339825,1019548737,Anthomyiidae_Hydrophoria_ruralis_2070248_1019548737,http://creativecommons.org/licenses/by-nc-nd/4.0/
339826,1019548737,Anthomyiidae_Hydrophoria_ruralis_2070249_1019548737,http://creativecommons.org/licenses/by-nc-nd/4.0/
339827,1019548737,Anthomyiidae_Hydrophoria_ruralis_2070250_1019548737,http://creativecommons.org/licenses/by-nc-nd/4.0/
339828,1019548667,Anthomyiidae_Hydrophoria_linogrisea_1066_1019548667,http://creativecommons.org/licenses/by-nc-nd/4.0/
339829,1019548667,Anthomyiidae_Hydrophoria_linogrisea_1067_1019548667,http://creativecommons.org/licenses/by-nc-nd/4.0/
339830,1019548667,Anthomyiidae_Hydrophoria_linogrisea_1068_1019548667,http://creativecommons.org/licenses/by-nc-nd/4.0/
339831,1019548667,Anthomyiidae_Hydrophoria_linogrisea_1069_1019548667,http://creativecommons.org/licenses/by-nc-nd/4.0/
339832,1019548667,Anthomyiidae_Hydrophoria_linogrisea_1070_1019548667,http://creativecommons.org/licenses/by-nc-nd/4.0/
339833,1019548638,Anthomyiidae_Subhylemyia_longula_2070183_1019548638,http://creativecommons.org/licenses/by-nc-nd/4.0/
339834,1019548638,Anthomyiidae_Subhylemyia_longula_2070184_1019548638,http://creativecommons.org/licenses/by-nc-nd/4.0/
339835,1019548638,Anthomyiidae_Subhylemyia_longula_2070185_1019548638,http://creativecommons.org/licenses/by-nc-nd/4.0/
339836,1019548596,Anthomyiidae_Subhylemyia_longula_692263_1019548596,http://creativecommons.org/licenses/by-nc-nd/4.0/
339837,1019548596,Anthomyiidae_Subhylemyia_longula_692264_1019548596,http://creativecommons.org/licenses/by-nc-nd/4.0/
339838,1019548596,Anthomyiidae_Subhylemyia_longula_692265_1019548596,http://creativecommons.org/licenses/by-nc-nd/4.0/
339839,1019548617,Anthomyiidae_Subhylemyia_longula_1026_1019548617,http://creativecommons.org/licenses/by-nc-nd/4.0/
339840,1019548617,Anthomyiidae_Subhylemyia_longula_1027_1019548617,http://creativecommons.org/licenses/by-nc-nd/4.0/
339841,1019548617,Anthomyiidae_Subhylemyia_longula_1028_1019548617,http://creativecommons.org/licenses/by-nc-nd/4.0/
339842,1019548661,Anthomyiidae_Subhylemyia_longula_2759748_1019548661,http://creativecommons.org/licenses/by-nc-nd/4.0/
339843,1019548661,Anthomyiidae_Subhylemyia_longula_2759749_1019548661,http://creativecommons.org/licenses/by-nc-nd/4.0/
339844,1019548661,Anthomyiidae_Subhylemyia_longula_2759750_1019548661,http://creativecommons.org/licenses/by-nc-nd/4.0/
339848,1019548521,Anthomyiidae_Leucophora_grisella_2759644_1019548521,http://creativecommons.org/licenses/by-nc-nd/4.0/
339849,1019548521,Anthomyiidae_Leucophora_grisella_2759645_1019548521,http://creativecommons.org/licenses/by-nc-nd/4.0/
339850,1019548521,Anthomyiidae_Leucophora_grisella_2759646_1019548521,http://creativecommons.org/licenses/by-nc-nd/4.0/
339851,1019548564,Anthomyiidae_Leucophora_grisella_692239_1019548564,http://creativecommons.org/licenses/by-nc-nd/4.0/
339852,1019548564,Anthomyiidae_Leucophora_grisella_692240_1019548564,http://creativecommons.org/licenses/by-nc-nd/4.0/
339853,1019548564,Anthomyiidae_Leucophora_grisella_692241_1019548564,http://creativecommons.org/licenses/by-nc-nd/4.0/
339855,1019548588,Anthomyiidae_Eustalomyia_hilaris_1380765_1019548588,http://creativecommons.org/licenses/by-nc-nd/4.0/
339856,1019548588,Anthomyiidae_Eustalomyia_hilaris_1380766_1019548588,http://creativecommons.org/licenses/by-nc-nd/4.0/
339860,1019548604,Anthomyiidae_Hydrophoria_linogrisea_692266_1019548604,http://creativecommons.org/licenses/by-nc-nd/4.0/
339861,1019548604,Anthomyiidae_Hydrophoria_linogrisea_692267_1019548604,http://creativecommons.org/licenses/by-nc-nd/4.0/
339862,1019548604,Anthomyiidae_Hydrophoria_linogrisea_692268_1019548604,http://creativecommons.org/licenses/by-nc-nd/4.0/
339863,1019548604,Anthomyiidae_Hydrophoria_linogrisea_692269_1019548604,http://creativecommons.org/licenses/by-nc-nd/4.0/
339864,1019548604,Anthomyiidae_Hydrophoria_linogrisea_692270_1019548604,http://creativecommons.org/licenses/by-nc-nd/4.0/
339865,1019548535,Anthomyiidae_Hydrophoria_linogrisea_2759655_1019548535,http://creativecommons.org/licenses/by-nc-nd/4.0/
339866,1019548535,Anthomyiidae_Hydrophoria_linogrisea_2759656_1019548535,http://creativecommons.org/licenses/by-nc-nd/4.0/
339867,1019548535,Anthomyiidae_Hydrophoria_linogrisea_2759657_1019548535,http://creativecommons.org/licenses/by-nc-nd/4.0/
339868,1019548535,Anthomyiidae_Hydrophoria_linogrisea_2759658_1019548535,http://creativecommons.org/licenses/by-nc-nd/4.0/
339869,1019548535,Anthomyiidae_Hydrophoria_linogrisea_2759659_1019548535,http://creativecommons.org/licenses/by-nc-nd/4.0/
340066,1265037709,Anthomyiidae_Hylemya_variata_10186_1265037709,http://creativecommons.org/licenses/by-nc-nd/4.0/
340067,1265037709,Anthomyiidae_Hylemya_variata_10187_1265037709,http://creativecommons.org/licenses/by-nc-nd/4.0/
340068,1265037675,Anthomyiidae_Hylemya_variata_1390091_1265037675,http://creativecommons.org/licenses/by-nc-nd/4.0/
340069,1265037675,Anthomyiidae_Hylemya_variata_1390092_1265037675,http://creativecommons.org/licenses/by-nc-nd/4.0/
340070,1265037717,Anthomyiidae_Anthomyia_pluvialis_2768911_1265037717,http://creativecommons.org/licenses/by-nc-nd/4.0/
340072,1265037717,Anthomyiidae_Anthomyia_pluvialis_2768913_1265037717,http://creativecommons.org/licenses/by-nc-nd/4.0/
340073,1265037717,Anthomyiidae_Anthomyia_pluvialis_2768914_1265037717,http://creativecommons.org/licenses/by-nc-nd/4.0/
340076,1265037715,Anthomyiidae_Delia_platura_1390108_1265037715,http://creativecommons.org/licenses/by-nc-nd/4.0/
340115,1019547486,Anthomyiidae_Pegomya_fulgens_2069494_1019547486,http://creativecommons.org/licenses/by-nc-nd/4.0/
340116,1019547486,Anthomyiidae_Pegomya_fulgens_2069495_1019547486,http://creativecommons.org/licenses/by-nc-nd/4.0/
340117,1019547486,Anthomyiidae_Pegomya_fulgens_2069496_1019547486,http://creativecommons.org/licenses/by-nc-nd/4.0/
340118,1019547486,Anthomyiidae_Pegomya_fulgens_2069497_1019547486,http://creativecommons.org/licenses/by-nc-nd/4.0/
340119,1019547538,Anthomyiidae_Phorbia_fumigata_691637_1019547538,http://creativecommons.org/licenses/by-nc-nd/4.0/
340120,1019547538,Anthomyiidae_Phorbia_fumigata_691638_1019547538,http://creativecommons.org/licenses/by-nc-nd/4.0/
340121,1019547538,Anthomyiidae_Phorbia_fumigata_691639_1019547538,http://creativecommons.org/licenses/by-nc-nd/4.0/
340122,1019547538,Anthomyiidae_Phorbia_fumigata_691640_1019547538,http://creativecommons.org/licenses/by-nc-nd/4.0/
340123,1019547538,Anthomyiidae_Phorbia_fumigata_691641_1019547538,http://creativecommons.org/licenses/by-nc-nd/4.0/
340124,1019547664,Anthomyiidae_Phorbia_fumigata_691726_1019547664,http://creativecommons.org/licenses/by-nc-nd/4.0/
340125,1019547664,Anthomyiidae_Phorbia_fumigata_691727_1019547664,http://creativecommons.org/licenses/by-nc-nd/4.0/
340126,1019547664,Anthomyiidae_Phorbia_fumigata_691728_1019547664,http://creativecommons.org/licenses/by-nc-nd/4.0/
340127,1019547664,Anthomyiidae_Phorbia_fumigata_691729_1019547664,http://creativecommons.org/licenses/by-nc-nd/4.0/
340128,1019547626,Anthomyiidae_Delia_floralis_2759169_1019547626,http://creativecommons.org/licenses/by-nc-nd/4.0/
340129,1019547626,Anthomyiidae_Delia_floralis_2759170_1019547626,http://creativecommons.org/licenses/by-nc-nd/4.0/
340130,1019547626,Anthomyiidae_Delia_floralis_2759171_1019547626,http://creativecommons.org/licenses/by-nc-nd/4.0/
340131,1019547546,Anthomyiidae_Botanophila_fugax_378_1019547546,http://creativecommons.org/licenses/by-nc-nd/4.0/
340132,1019547546,Anthomyiidae_Botanophila_fugax_379_1019547546,http://creativecommons.org/licenses/by-nc-nd/4.0/
340133,1019547546,Anthomyiidae_Botanophila_fugax_380_1019547546,http://creativecommons.org/licenses/by-nc-nd/4.0/
340134,1019547546,Anthomyiidae_Botanophila_fugax_381_1019547546,http://creativecommons.org/licenses/by-nc-nd/4.0/
340135,1019547546,Anthomyiidae_Botanophila_fugax_382_1019547546,http://creativecommons.org/licenses/by-nc-nd/4.0/
340136,1019547635,Anthomyiidae_Paregle_audacula_2759176_1019547635,http://creativecommons.org/licenses/by-nc-nd/4.0/
340137,1019547635,Anthomyiidae_Paregle_audacula_2759177_1019547635,http://creativecommons.org/licenses/by-nc-nd/4.0/
340138,1019547635,Anthomyiidae_Paregle_audacula_2759178_1019547635,http://creativecommons.org/licenses/by-nc-nd/4.0/
340139,1019547635,Anthomyiidae_Paregle_audacula_2759179_1019547635,http://creativecommons.org/licenses/by-nc-nd/4.0/
340140,1019547635,Anthomyiidae_Paregle_audacula_2759180_1019547635,http://creativecommons.org/licenses/by-nc-nd/4.0/
340141,1019547423,Anthomyiidae_Delia_floralis_2759033_1019547423,http://creativecommons.org/licenses/by-nc-nd/4.0/
340142,1019547423,Anthomyiidae_Delia_floralis_2759034_1019547423,http://creativecommons.org/licenses/by-nc-nd/4.0/
340143,1019547423,Anthomyiidae_Delia_floralis_2759035_1019547423,http://creativecommons.org/licenses/by-nc-nd/4.0/
340144,1019547519,Anthomyiidae_Delia_floralis_354_1019547519,http://creativecommons.org/licenses/by-nc-nd/4.0/
340145,1019547519,Anthomyiidae_Delia_floralis_355_1019547519,http://creativecommons.org/licenses/by-nc-nd/4.0/
340146,1019547519,Anthomyiidae_Delia_floralis_356_1019547519,http://creativecommons.org/licenses/by-nc-nd/4.0/
340147,1019547518,Anthomyiidae_Delia_floralis_2759097_1019547518,http://creativecommons.org/licenses/by-nc-nd/4.0/
340148,1019547518,Anthomyiidae_Delia_floralis_2759098_1019547518,http://creativecommons.org/licenses/by-nc-nd/4.0/
340149,1019547518,Anthomyiidae_Delia_floralis_2759099_1019547518,http://creativecommons.org/licenses/by-nc-nd/4.0/
340150,1019547590,Anthomyiidae_Delia_floralis_2759149_1019547590,http://creativecommons.org/licenses/by-nc-nd/4.0/
340151,1019547590,Anthomyiidae_Delia_floralis_2759150_1019547590,http://creativecommons.org/licenses/by-nc-nd/4.0/
340152,1019547590,Anthomyiidae_Delia_floralis_2759151_1019547590,http://creativecommons.org/licenses/by-nc-nd/4.0/
340158,1019547552,Anthomyiidae_Botanophila_dissecta_1380181_1019547552,http://creativecommons.org/licenses/by-nc-nd/4.0/
340159,1019547552,Anthomyiidae_Botanophila_dissecta_1380182_1019547552,http://creativecommons.org/licenses/by-nc-nd/4.0/
340160,1019547552,Anthomyiidae_Botanophila_dissecta_1380183_1019547552,http://creativecommons.org/licenses/by-nc-nd/4.0/
340161,1019547552,Anthomyiidae_Botanophila_dissecta_1380184_1019547552,http://creativecommons.org/licenses/by-nc-nd/4.0/
340162,1019547552,Anthomyiidae_Botanophila_dissecta_1380185_1019547552,http://creativecommons.org/licenses/by-nc-nd/4.0/
340163,1019547552,Anthomyiidae_Botanophila_dissecta_1380186_1019547552,http://creativecommons.org/licenses/by-nc-nd/4.0/
340164,1019547377,Anthomyiidae_Botanophila_striolata_1380052_1019547377,http://creativecommons.org/licenses/by-nc-nd/4.0/
340165,1019547377,Anthomyiidae_Botanophila_striolata_1380053_1019547377,http://creativecommons.org/licenses/by-nc-nd/4.0/
340166,1019547377,Anthomyiidae_Botanophila_striolata_1380054_1019547377,http://creativecommons.org/licenses/by-nc-nd/4.0/
340167,1019547377,Anthomyiidae_Botanophila_striolata_1380055_1019547377,http://creativecommons.org/licenses/by-nc-nd/4.0/
340168,1019547377,Anthomyiidae_Botanophila_striolata_1380056_1019547377,http://creativecommons.org/licenses/by-nc-nd/4.0/
340169,1019547491,Anthomyiidae_Botanophila_striolata_2759076_1019547491,http://creativecommons.org/licenses/by-nc-nd/4.0/
340170,1019547491,Anthomyiidae_Botanophila_striolata_2759077_1019547491,http://creativecommons.org/licenses/by-nc-nd/4.0/
340171,1019547491,Anthomyiidae_Botanophila_striolata_2759078_1019547491,http://creativecommons.org/licenses/by-nc-nd/4.0/
340172,1019547491,Anthomyiidae_Botanophila_striolata_2759079_1019547491,http://creativecommons.org/licenses/by-nc-nd/4.0/
340173,1019547491,Anthomyiidae_Botanophila_striolata_2759080_1019547491,http://creativecommons.org/licenses/by-nc-nd/4.0/
340174,1019547439,Anthomyiidae_Pegomya_conformis_691561_1019547439,http://creativecommons.org/licenses/by-nc-nd/4.0/
340175,1019547439,Anthomyiidae_Pegomya_conformis_691562_1019547439,http://creativecommons.org/licenses/by-nc-nd/4.0/
340176,1019547439,Anthomyiidae_Pegomya_conformis_691563_1019547439,http://creativecommons.org/licenses/by-nc-nd/4.0/
340177,1019547439,Anthomyiidae_Pegomya_conformis_691564_1019547439,http://creativecommons.org/licenses/by-nc-nd/4.0/
340178,1019547439,Anthomyiidae_Pegomya_conformis_691565_1019547439,http://creativecommons.org/licenses/by-nc-nd/4.0/
340179,1019547433,Anthomyiidae_Adia_cinerella_303_1019547433,http://creativecommons.org/licenses/by-nc-nd/4.0/
340180,1019547433,Anthomyiidae_Adia_cinerella_304_1019547433,http://creativecommons.org/licenses/by-nc-nd/4.0/
340181,1019547433,Anthomyiidae_Adia_cinerella_305_1019547433,http://creativecommons.org/licenses/by-nc-nd/4.0/
340182,1019547429,Anthomyiidae_Adia_cinerella_300_1019547429,http://creativecommons.org/licenses/by-nc-nd/4.0/
340183,1019547429,Anthomyiidae_Adia_cinerella_301_1019547429,http://creativecommons.org/licenses/by-nc-nd/4.0/
340184,1019547429,Anthomyiidae_Adia_cinerella_302_1019547429,http://creativecommons.org/licenses/by-nc-nd/4.0/
340185,1019547314,Anthomyiidae_Botanophila_dissecta_2069356_1019547314,http://creativecommons.org/licenses/by-nc-nd/4.0/
340186,1019547314,Anthomyiidae_Botanophila_dissecta_2069357_1019547314,http://creativecommons.org/licenses/by-nc-nd/4.0/
340187,1019547314,Anthomyiidae_Botanophila_dissecta_2069358_1019547314,http://creativecommons.org/licenses/by-nc-nd/4.0/
340188,1019547314,Anthomyiidae_Botanophila_dissecta_2069359_1019547314,http://creativecommons.org/licenses/by-nc-nd/4.0/
340189,1019547314,Anthomyiidae_Botanophila_dissecta_2069360_1019547314,http://creativecommons.org/licenses/by-nc-nd/4.0/
340190,1019547314,Anthomyiidae_Botanophila_dissecta_2069361_1019547314,http://creativecommons.org/licenses/by-nc-nd/4.0/
340191,1019547180,Anthomyiidae_Acyglossa_atramentaria_2758828_1019547180,http://creativecommons.org/licenses/by-nc-nd/4.0/
340192,1019547180,Anthomyiidae_Acyglossa_atramentaria_2758829_1019547180,http://creativecommons.org/licenses/by-nc-nd/4.0/
340193,1019547180,Anthomyiidae_Acyglossa_atramentaria_2758830_1019547180,http://creativecommons.org/licenses/by-nc-nd/4.0/
340194,1019547180,Anthomyiidae_Acyglossa_atramentaria_2758831_1019547180,http://creativecommons.org/licenses/by-nc-nd/4.0/
340195,1019547180,Anthomyiidae_Acyglossa_atramentaria_2758832_1019547180,http://creativecommons.org/licenses/by-nc-nd/4.0/
340201,1019547237,Anthomyiidae_Delia_cardui_1379934_1019547237,http://creativecommons.org/licenses/by-nc-nd/4.0/
340202,1019547237,Anthomyiidae_Delia_cardui_1379935_1019547237,http://creativecommons.org/licenses/by-nc-nd/4.0/
340203,1019547237,Anthomyiidae_Delia_cardui_1379936_1019547237,http://creativecommons.org/licenses/by-nc-nd/4.0/
340204,1019547237,Anthomyiidae_Delia_cardui_1379937_1019547237,http://creativecommons.org/licenses/by-nc-nd/4.0/
340205,1019547237,Anthomyiidae_Delia_cardui_1379938_1019547237,http://creativecommons.org/licenses/by-nc-nd/4.0/
340206,1019547353,Anthomyiidae_Delia_cardui_691494_1019547353,http://creativecommons.org/licenses/by-nc-nd/4.0/
340207,1019547353,Anthomyiidae_Delia_cardui_691495_1019547353,http://creativecommons.org/licenses/by-nc-nd/4.0/
340208,1019547353,Anthomyiidae_Delia_cardui_691496_1019547353,http://creativecommons.org/licenses/by-nc-nd/4.0/
340209,1019547353,Anthomyiidae_Delia_cardui_691497_1019547353,http://creativecommons.org/licenses/by-nc-nd/4.0/
340210,1019547353,Anthomyiidae_Delia_cardui_691498_1019547353,http://creativecommons.org/licenses/by-nc-nd/4.0/
340211,1019547413,Anthomyiidae_Botanophila_striolata_2069439_1019547413,http://creativecommons.org/licenses/by-nc-nd/4.0/
340212,1019547413,Anthomyiidae_Botanophila_striolata_2069440_1019547413,http://creativecommons.org/licenses/by-nc-nd/4.0/
340213,1019547413,Anthomyiidae_Botanophila_striolata_2069441_1019547413,http://creativecommons.org/licenses/by-nc-nd/4.0/
340223,1019547376,Anthomyiidae_Botanophila_brunneilinea_691515_1019547376,http://creativecommons.org/licenses/by-nc-nd/4.0/
340224,1019547376,Anthomyiidae_Botanophila_brunneilinea_691516_1019547376,http://creativecommons.org/licenses/by-nc-nd/4.0/
340225,1019547376,Anthomyiidae_Botanophila_brunneilinea_691517_1019547376,http://creativecommons.org/licenses/by-nc-nd/4.0/
340226,1019547343,Anthomyiidae_Delia_antiqua_244_1019547343,http://creativecommons.org/licenses/by-nc-nd/4.0/
340227,1019547343,Anthomyiidae_Delia_antiqua_245_1019547343,http://creativecommons.org/licenses/by-nc-nd/4.0/
340228,1019547343,Anthomyiidae_Delia_antiqua_246_1019547343,http://creativecommons.org/licenses/by-nc-nd/4.0/
340229,1019547343,Anthomyiidae_Delia_antiqua_247_1019547343,http://creativecommons.org/licenses/by-nc-nd/4.0/
340230,1019547343,Anthomyiidae_Delia_antiqua_248_1019547343,http://creativecommons.org/licenses/by-nc-nd/4.0/
340231,1019547585,Anthomyiidae_Delia_floralis_2069552_1019547585,http://creativecommons.org/licenses/by-nc-nd/4.0/
340232,1019547585,Anthomyiidae_Delia_floralis_2069553_1019547585,http://creativecommons.org/licenses/by-nc-nd/4.0/
340233,1019547585,Anthomyiidae_Delia_floralis_2069554_1019547585,http://creativecommons.org/licenses/by-nc-nd/4.0/
340234,1019547643,Anthomyiidae_Delia_floralis_2069585_1019547643,http://creativecommons.org/licenses/by-nc-nd/4.0/
340235,1019547643,Anthomyiidae_Delia_floralis_2069586_1019547643,http://creativecommons.org/licenses/by-nc-nd/4.0/
340236,1019547643,Anthomyiidae_Delia_floralis_2069587_1019547643,http://creativecommons.org/licenses/by-nc-nd/4.0/
340237,1019547684,Anthomyiidae_Delia_brunnescens_2069612_1019547684,http://creativecommons.org/licenses/by-nc-nd/4.0/
340238,1019547684,Anthomyiidae_Delia_brunnescens_2069613_1019547684,http://creativecommons.org/licenses/by-nc-nd/4.0/
340239,1019547684,Anthomyiidae_Delia_brunnescens_2069614_1019547684,http://creativecommons.org/licenses/by-nc-nd/4.0/
340240,1019547684,Anthomyiidae_Delia_brunnescens_2069615_1019547684,http://creativecommons.org/licenses/by-nc-nd/4.0/
340241,1019547684,Anthomyiidae_Delia_brunnescens_2069616_1019547684,http://creativecommons.org/licenses/by-nc-nd/4.0/
340242,1019547684,Anthomyiidae_Delia_brunnescens_2069617_1019547684,http://creativecommons.org/licenses/by-nc-nd/4.0/
340243,1019547684,Anthomyiidae_Delia_brunnescens_2069618_1019547684,http://creativecommons.org/licenses/by-nc-nd/4.0/
340244,1019547684,Anthomyiidae_Delia_brunnescens_2069619_1019547684,http://creativecommons.org/licenses/by-nc-nd/4.0/
340245,1019547684,Anthomyiidae_Delia_brunnescens_2069620_1019547684,http://creativecommons.org/licenses/by-nc-nd/4.0/
340246,1019547559,Anthomyiidae_Botanophila_gnava_2759128_1019547559,http://creativecommons.org/licenses/by-nc-nd/4.0/
340247,1019547559,Anthomyiidae_Botanophila_gnava_2759129_1019547559,http://creativecommons.org/licenses/by-nc-nd/4.0/
340248,1019547559,Anthomyiidae_Botanophila_gnava_2759130_1019547559,http://creativecommons.org/licenses/by-nc-nd/4.0/
340249,1019547559,Anthomyiidae_Botanophila_gnava_2759131_1019547559,http://creativecommons.org/licenses/by-nc-nd/4.0/
340250,1019547559,Anthomyiidae_Botanophila_gnava_2759132_1019547559,http://creativecommons.org/licenses/by-nc-nd/4.0/
340251,1019547592,Anthomyiidae_Botanophila_fugax_691684_1019547592,http://creativecommons.org/licenses/by-nc-nd/4.0/
340252,1019547592,Anthomyiidae_Botanophila_fugax_691685_1019547592,http://creativecommons.org/licenses/by-nc-nd/4.0/
340253,1019547592,Anthomyiidae_Botanophila_fugax_691686_1019547592,http://creativecommons.org/licenses/by-nc-nd/4.0/
340259,1019547187,Anthomyiidae_Pegomya_argyrocephala_691348_1019547187,http://creativecommons.org/licenses/by-nc-nd/4.0/
340260,1019547187,Anthomyiidae_Pegomya_argyrocephala_691349_1019547187,http://creativecommons.org/licenses/by-nc-nd/4.0/
340261,1019547187,Anthomyiidae_Pegomya_argyrocephala_691350_1019547187,http://creativecommons.org/licenses/by-nc-nd/4.0/
340262,1019547187,Anthomyiidae_Pegomya_argyrocephala_691351_1019547187,http://creativecommons.org/licenses/by-nc-nd/4.0/
340263,1019547187,Anthomyiidae_Pegomya_argyrocephala_691352_1019547187,http://creativecommons.org/licenses/by-nc-nd/4.0/
340264,1019547187,Anthomyiidae_Pegomya_argyrocephala_691353_1019547187,http://creativecommons.org/licenses/by-nc-nd/4.0/
340265,1019547187,Anthomyiidae_Pegomya_argyrocephala_691354_1019547187,http://creativecommons.org/licenses/by-nc-nd/4.0/
340266,1019547187,Anthomyiidae_Pegomya_argyrocephala_691355_1019547187,http://creativecommons.org/licenses/by-nc-nd/4.0/
340267,1019547187,Anthomyiidae_Pegomya_argyrocephala_691356_1019547187,http://creativecommons.org/licenses/by-nc-nd/4.0/
340268,1019547308,Anthomyiidae_Pegoplata_aestiva_691455_1019547308,http://creativecommons.org/licenses/by-nc-nd/4.0/
340269,1019547308,Anthomyiidae_Pegoplata_aestiva_691456_1019547308,http://creativecommons.org/licenses/by-nc-nd/4.0/
340270,1019547308,Anthomyiidae_Pegoplata_aestiva_691457_1019547308,http://creativecommons.org/licenses/by-nc-nd/4.0/
340271,1019547308,Anthomyiidae_Pegoplata_aestiva_691458_1019547308,http://creativecommons.org/licenses/by-nc-nd/4.0/
340272,1019547308,Anthomyiidae_Pegoplata_aestiva_691459_1019547308,http://creativecommons.org/licenses/by-nc-nd/4.0/
340273,1019547222,Anthomyiidae_Pegoplata_aestiva_691390_1019547222,http://creativecommons.org/licenses/by-nc-nd/4.0/
340274,1019547222,Anthomyiidae_Pegoplata_aestiva_691391_1019547222,http://creativecommons.org/licenses/by-nc-nd/4.0/
340275,1019547222,Anthomyiidae_Pegoplata_aestiva_691392_1019547222,http://creativecommons.org/licenses/by-nc-nd/4.0/
340276,1019547222,Anthomyiidae_Pegoplata_aestiva_691393_1019547222,http://creativecommons.org/licenses/by-nc-nd/4.0/
340277,1019547222,Anthomyiidae_Pegoplata_aestiva_691394_1019547222,http://creativecommons.org/licenses/by-nc-nd/4.0/
340278,1019547231,Anthomyiidae_Pegoplata_aestiva_691397_1019547231,http://creativecommons.org/licenses/by-nc-nd/4.0/
340279,1019547231,Anthomyiidae_Pegoplata_aestiva_691398_1019547231,http://creativecommons.org/licenses/by-nc-nd/4.0/
340280,1019547231,Anthomyiidae_Pegoplata_aestiva_691399_1019547231,http://creativecommons.org/licenses/by-nc-nd/4.0/
340281,1019547231,Anthomyiidae_Pegoplata_aestiva_691400_1019547231,http://creativecommons.org/licenses/by-nc-nd/4.0/
340282,1019547231,Anthomyiidae_Pegoplata_aestiva_691401_1019547231,http://creativecommons.org/licenses/by-nc-nd/4.0/
340283,1019547273,Anthomyiidae_Calythea_nigricans_1379968_1019547273,http://creativecommons.org/licenses/by-nc-nd/4.0/
340284,1019547273,Anthomyiidae_Calythea_nigricans_1379969_1019547273,http://creativecommons.org/licenses/by-nc-nd/4.0/
340285,1019547273,Anthomyiidae_Calythea_nigricans_1379970_1019547273,http://creativecommons.org/licenses/by-nc-nd/4.0/
340286,1019547137,Anthomyiidae_Calythea_nigricans_691311_1019547137,http://creativecommons.org/licenses/by-nc-nd/4.0/
340287,1019547137,Anthomyiidae_Calythea_nigricans_691312_1019547137,http://creativecommons.org/licenses/by-nc-nd/4.0/
340288,1019547137,Anthomyiidae_Calythea_nigricans_691313_1019547137,http://creativecommons.org/licenses/by-nc-nd/4.0/
340289,1019547173,Anthomyiidae_Delia_antiqua_691335_1019547173,http://creativecommons.org/licenses/by-nc-nd/4.0/
340290,1019547173,Anthomyiidae_Delia_antiqua_691336_1019547173,http://creativecommons.org/licenses/by-nc-nd/4.0/
340291,1019547173,Anthomyiidae_Delia_antiqua_691337_1019547173,http://creativecommons.org/licenses/by-nc-nd/4.0/
340292,1019547173,Anthomyiidae_Delia_antiqua_691338_1019547173,http://creativecommons.org/licenses/by-nc-nd/4.0/
340293,1019547173,Anthomyiidae_Delia_antiqua_691339_1019547173,http://creativecommons.org/licenses/by-nc-nd/4.0/
340294,1019547303,Anthomyiidae_Delia_radicum_691450_1019547303,http://creativecommons.org/licenses/by-nc-nd/4.0/
340295,1019547303,Anthomyiidae_Delia_radicum_691451_1019547303,http://creativecommons.org/licenses/by-nc-nd/4.0/
340296,1019547303,Anthomyiidae_Delia_radicum_691452_1019547303,http://creativecommons.org/licenses/by-nc-nd/4.0/
340297,1019547303,Anthomyiidae_Delia_radicum_691453_1019547303,http://creativecommons.org/licenses/by-nc-nd/4.0/
340298,1019547303,Anthomyiidae_Delia_radicum_691454_1019547303,http://creativecommons.org/licenses/by-nc-nd/4.0/
340319,1670575373,Anthomyiidae_Chirosia_betuleti_2811794_1670575373,© all rights reserved
341136,3112329453,Anthomyiidae_Anthomyia_pluvialis_1662258_3112329453,http://creativecommons.org/licenses/by/4.0/
341137,3112329453,Anthomyiidae_Anthomyia_pluvialis_1662259_3112329453,http://creativecommons.org/licenses/by/4.0/
341755,3759583738,Anthomyiidae_Pegomya_flavifrons_1234210_3759583738,http://creativecommons.org/licenses/by/4.0/
341756,3759583738,Anthomyiidae_Pegomya_flavifrons_1234211_3759583738,http://creativecommons.org/licenses/by/4.0/
341757,3759583738,Anthomyiidae_Pegomya_flavifrons_1234212_3759583738,http://creativecommons.org/licenses/by/4.0/
341758,3759583738,Anthomyiidae_Pegomya_flavifrons_1234213_3759583738,http://creativecommons.org/licenses/by/4.0/
341915,3860740589,Anthomyiidae_Hylemya_latevittata_587088_3860740589,http://creativecommons.org/licenses/by-nc/4.0/
342648,2001495266,Anthomyiidae_Hydrophoria_linogrisea_2200792_2001495266,http://creativecommons.org/licenses/by-nc-sa/4.0/
342650,2000131441,Anthomyiidae_Egle_ciliata_2891070_2000131441,http://creativecommons.org/licenses/by-nc-sa/4.0/
342655,2001284678,Anthomyiidae_Zaphne_caudata_823113_2001284678,http://creativecommons.org/licenses/by-nc-sa/4.0/
344228,4009717930,Anthomyiidae_Anthomyia_pluvialis_3433490_4009717930,http://creativecommons.org/licenses/by-nc/4.0/
344229,4009717930,Anthomyiidae_Anthomyia_pluvialis_3433491_4009717930,http://creativecommons.org/licenses/by-nc/4.0/
344950,3343830483,Anthomyiidae_Pegomya_flavifrons_3071287_3343830483,http://creativecommons.org/licenses/by-nc/4.0/
344951,3343830483,Anthomyiidae_Pegomya_flavifrons_3071288_3343830483,http://creativecommons.org/licenses/by-nc/4.0/
345378,3802716133,Anthomyiidae_Pegomya_bicolor_1935913_3802716133,http://creativecommons.org/licenses/by/4.0/
346961,2841353557,Anthomyiidae_Hylemya_vagans_2983883_2841353557,http://creativecommons.org/licenses/by-nc/4.0/
348479,1973180786,Anthomyiidae_Chirosia_histricina_2877434_1973180786,http://creativecommons.org/licenses/by-nc-nd/4.0/
349455,1973647317,Anthomyiidae_Chirosia_histricina_1498532_1973647317,http://creativecommons.org/licenses/by-nc-nd/4.0/
349960,1966221699,Anthomyiidae_Eustalomyia_histrio_2176803_1966221699,http://creativecommons.org/licenses/by-nc-nd/4.0/
349961,1966221699,Anthomyiidae_Eustalomyia_histrio_2176804_1966221699,http://creativecommons.org/licenses/by-nc-nd/4.0/
350413,3384831199,Anthomyiidae_Anthomyia_illocata_2391603_3384831199,http://creativecommons.org/licenses/by-nc/4.0/
351618,3857692673,Anthomyiidae_Eustalomyia_histrio_1261724_3857692673,© all rights reserved
351876,3090627654,Anthomyiidae_Anthomyia_illocata_3037365_3090627654,http://creativecommons.org/licenses/by-nc/4.0/
352333,3330721312,Anthomyiidae_Anthomyia_pluvialis_1681215_3330721312,http://creativecommons.org/licenses/by-nc/4.0/
352766,3466031739,Anthomyiidae_Chirosia_betuleti_466013_3466031739,http://creativecommons.org/publicdomain/zero/1.0/
355975,1958378820,Anthomyiidae_Delia_platura_2856103_1958378820,http://creativecommons.org/licenses/by-nc-nd/4.0/
356813,1972399912,Anthomyiidae_Pegomya_winthemi_807795_1972399912,http://creativecommons.org/licenses/by-nc-nd/4.0/
356814,1972399912,Anthomyiidae_Pegomya_winthemi_807796_1972399912,http://creativecommons.org/licenses/by-nc-nd/4.0/
356815,1972399912,Anthomyiidae_Pegomya_winthemi_807797_1972399912,http://creativecommons.org/licenses/by-nc-nd/4.0/
358041,1958353237,Anthomyiidae_Leucophora_obtusa_2856059_1958353237,http://creativecommons.org/licenses/by-nc-nd/4.0/
358042,1958353237,Anthomyiidae_Leucophora_obtusa_2856060_1958353237,http://creativecommons.org/licenses/by-nc-nd/4.0/
358258,1976914626,Anthomyiidae_Hydrophoria_lancifer_2882684_1976914626,http://creativecommons.org/licenses/by-nc/4.0/
358259,1976914626,Anthomyiidae_Hydrophoria_lancifer_2882685_1976914626,http://creativecommons.org/licenses/by-nc/4.0/
358310,1976696060,Anthomyiidae_Chirosia_histricina_2192131_1976696060,http://creativecommons.org/licenses/by-nc-nd/4.0/
359394,1969807493,Anthomyiidae_Chirosia_betuleti_113597_1969807493,http://creativecommons.org/licenses/by-nc-nd/4.0/
359395,1969807493,Anthomyiidae_Chirosia_betuleti_113598_1969807493,http://creativecommons.org/licenses/by-nc-nd/4.0/
359396,1969807493,Anthomyiidae_Chirosia_betuleti_113599_1969807493,http://creativecommons.org/licenses/by-nc-nd/4.0/
359397,1969807493,Anthomyiidae_Chirosia_betuleti_113600_1969807493,http://creativecommons.org/licenses/by-nc-nd/4.0/
359400,1969807493,Anthomyiidae_Chirosia_betuleti_113603_1969807493,http://creativecommons.org/licenses/by-nc-nd/4.0/
359402,1969807493,Anthomyiidae_Chirosia_betuleti_113605_1969807493,http://creativecommons.org/licenses/by-nc-nd/4.0/
360008,1957093784,Anthomyiidae_Delia_criniventris_2853361_1957093784,http://creativecommons.org/licenses/by-nc-nd/4.0/
360009,1957093784,Anthomyiidae_Delia_criniventris_2853362_1957093784,http://creativecommons.org/licenses/by-nc-nd/4.0/
360010,1957093784,Anthomyiidae_Delia_criniventris_2853363_1957093784,http://creativecommons.org/licenses/by-nc-nd/4.0/
360267,1955239258,Anthomyiidae_Pegomya_solennis_92387_1955239258,http://creativecommons.org/licenses/by-nc/4.0/
360768,1972311315,Anthomyiidae_Hydrophoria_lancifer_1495896_1972311315,http://creativecommons.org/licenses/by-nc-nd/4.0/
361242,1969448885,Anthomyiidae_Fucellia_tergina_803525_1969448885,http://creativecommons.org/licenses/by-nc-nd/4.0/
361243,1969448885,Anthomyiidae_Fucellia_tergina_803526_1969448885,http://creativecommons.org/licenses/by-nc-nd/4.0/
361244,1969448885,Anthomyiidae_Fucellia_tergina_803527_1969448885,http://creativecommons.org/licenses/by-nc-nd/4.0/
361245,1969448885,Anthomyiidae_Fucellia_tergina_803528_1969448885,http://creativecommons.org/licenses/by-nc-nd/4.0/
361246,1969448885,Anthomyiidae_Fucellia_tergina_803529_1969448885,http://creativecommons.org/licenses/by-nc-nd/4.0/
362241,3904160874,Anthomyiidae_Anthomyia_procellaris_1304324_3904160874,http://creativecommons.org/licenses/by-nc-nd/4.0/
362354,2837230645,Anthomyiidae_Anthomyia_procellaris_909577_2837230645,http://creativecommons.org/licenses/by-nc-nd/4.0/
366473,1960203631,Anthomyiidae_Hydrophoria_lancifer_1479766_1960203631,http://creativecommons.org/licenses/by-nc-nd/4.0/
366510,1957946154,Anthomyiidae_Eustalomyia_hilaris_2855225_1957946154,http://creativecommons.org/licenses/by-nc-nd/4.0/
369129,3985719031,Anthomyiidae_Anthomyia_pluvialis_1347515_3985719031,http://creativecommons.org/licenses/by-nc/4.0/
370391,3325840431,Anthomyiidae_Eustalomyia_hilaris_2367185_3325840431,http://creativecommons.org/licenses/by-nc/4.0/
371070,3859018918,Anthomyiidae_Pegomya_bicolor_3337660_3859018918,http://creativecommons.org/licenses/by-nc/4.0/
371071,3859018918,Anthomyiidae_Pegomya_bicolor_3337661_3859018918,http://creativecommons.org/licenses/by-nc/4.0/
371122,3070692811,Anthomyiidae_Anthomyia_illocata_3034830_3070692811,http://creativecommons.org/licenses/by-nc/4.0/
371258,2422857198,Anthomyiidae_Delia_platura_846036_2422857198,http://creativecommons.org/licenses/by-nc/4.0/
371697,3858871649,Anthomyiidae_Hylemya_latevittata_1267593_3858871649,http://creativecommons.org/licenses/by-nc/4.0/
371772,3986298430,Anthomyiidae_Anthomyia_illocata_2038703_3986298430,http://creativecommons.org/licenses/by-nc/4.0/
374122,1958199830,Anthomyiidae_Hydrophoria_linogrisea_788072_1958199830,http://creativecommons.org/licenses/by-nc-nd/4.0/
374225,1958293005,Anthomyiidae_Leucophora_obtusa_97624_1958293005,http://creativecommons.org/licenses/by-nc/4.0/
374457,1966054081,Anthomyiidae_Chirosia_histricina_1487178_1966054081,http://creativecommons.org/licenses/by-nc-nd/4.0/
374458,1966054081,Anthomyiidae_Chirosia_histricina_1487179_1966054081,http://creativecommons.org/licenses/by-nc-nd/4.0/
375244,1970091948,Anthomyiidae_Chirosia_betuleti_114270_1970091948,http://creativecommons.org/licenses/by-nc-nd/4.0/
375665,2843987514,Anthomyiidae_Mycophaga_testacea_2989908_2843987514,http://creativecommons.org/licenses/by-nc-nd/4.0/
376252,3825274334,Anthomyiidae_Pegomya_winthemi_2633181_3825274334,http://creativecommons.org/licenses/by-nc-nd/4.0/
376253,3825274334,Anthomyiidae_Pegomya_winthemi_2633182_3825274334,http://creativecommons.org/licenses/by-nc-nd/4.0/
376668,1964476093,Anthomyiidae_Mycophaga_testacea_2862923_1964476093,http://creativecommons.org/licenses/by-nc-nd/4.0/
376669,1964476093,Anthomyiidae_Mycophaga_testacea_2862924_1964476093,http://creativecommons.org/licenses/by-nc-nd/4.0/
376785,1974076723,Anthomyiidae_Pegomya_testacea_1499662_1974076723,http://creativecommons.org/licenses/by-nc-nd/4.0/
376786,1974076723,Anthomyiidae_Pegomya_testacea_1499663_1974076723,http://creativecommons.org/licenses/by-nc-nd/4.0/
378025,2844549856,Anthomyiidae_Pegomya_winthemi_2300606_2844549856,http://creativecommons.org/licenses/by-nc/4.0/
378281,3996899935,Anthomyiidae_Anthomyia_procellaris_1359958_3996899935,http://creativecommons.org/licenses/by-nc-nd/4.0/
378560,1959322273,Anthomyiidae_Hydrophoria_lancifer_789376_1959322273,http://creativecommons.org/licenses/by-nc-nd/4.0/
378619,1957087429,Anthomyiidae_Hylemya_vagans_2163472_1957087429,http://creativecommons.org/licenses/by-nc-nd/4.0/
379368,3826367843,Anthomyiidae_Hylemya_vagans_1946835_3826367843,http://creativecommons.org/licenses/by-nc-nd/4.0/
379369,3826367843,Anthomyiidae_Hylemya_vagans_1946836_3826367843,http://creativecommons.org/licenses/by-nc-nd/4.0/
379936,1957234761,Anthomyiidae_Hylemya_vagans_785950_1957234761,http://creativecommons.org/licenses/by-nc-nd/4.0/
379937,1957234761,Anthomyiidae_Hylemya_vagans_785951_1957234761,http://creativecommons.org/licenses/by-nc-nd/4.0/
380738,1953016149,Anthomyiidae_Chirosia_histricina_2157708_1953016149,http://creativecommons.org/licenses/by/4.0/
381187,1974085926,Anthomyiidae_Pegoplata_infirma_1499672_1974085926,http://creativecommons.org/licenses/by-nc-nd/4.0/
381188,1974085926,Anthomyiidae_Pegoplata_infirma_1499673_1974085926,http://creativecommons.org/licenses/by-nc-nd/4.0/
381189,1974085926,Anthomyiidae_Pegoplata_infirma_1499674_1974085926,http://creativecommons.org/licenses/by-nc-nd/4.0/
381190,1974085926,Anthomyiidae_Pegoplata_infirma_1499675_1974085926,http://creativecommons.org/licenses/by-nc-nd/4.0/
381191,1974085926,Anthomyiidae_Pegoplata_infirma_1499676_1974085926,http://creativecommons.org/licenses/by-nc-nd/4.0/
381192,1974085926,Anthomyiidae_Pegoplata_infirma_1499677_1974085926,http://creativecommons.org/licenses/by-nc-nd/4.0/
381193,1974085926,Anthomyiidae_Pegoplata_infirma_1499678_1974085926,http://creativecommons.org/licenses/by-nc-nd/4.0/
381194,1974085926,Anthomyiidae_Pegoplata_infirma_1499679_1974085926,http://creativecommons.org/licenses/by-nc-nd/4.0/
381195,1974085926,Anthomyiidae_Pegoplata_infirma_1499680_1974085926,http://creativecommons.org/licenses/by-nc-nd/4.0/
381209,1957694880,Anthomyiidae_Paregle_audacula_96284_1957694880,http://creativecommons.org/licenses/by-nc/4.0/
381210,1957694880,Anthomyiidae_Paregle_audacula_96285_1957694880,http://creativecommons.org/licenses/by-nc/4.0/
381211,1957694880,Anthomyiidae_Paregle_audacula_96286_1957694880,http://creativecommons.org/licenses/by-nc/4.0/
381389,1972920819,Anthomyiidae_Chirosia_histricina_1497184_1972920819,http://creativecommons.org/licenses/by/4.0/
381423,1954284862,Anthomyiidae_Anthomyia_liturata_2159314_1954284862,http://creativecommons.org/licenses/by-nc-nd/4.0/
382300,3906369690,Anthomyiidae_Anthomyia_procellaris_2006616_3906369690,http://creativecommons.org/licenses/by-nc-nd/4.0/
382705,1958179042,Anthomyiidae_Botanophila_striolata_2855769_1958179042,http://creativecommons.org/licenses/by-nc-nd/4.0/
382872,3822590063,Anthomyiidae_Myopina_myopina_2627102_3822590063,http://creativecommons.org/licenses/by-nc-sa/4.0/
382873,3822590063,Anthomyiidae_Myopina_myopina_2627103_3822590063,http://creativecommons.org/licenses/by-nc-sa/4.0/
382874,3822590063,Anthomyiidae_Myopina_myopina_2627104_3822590063,http://creativecommons.org/licenses/by-nc-sa/4.0/
382875,3822590063,Anthomyiidae_Myopina_myopina_2627105_3822590063,http://creativecommons.org/licenses/by-nc-sa/4.0/
382876,3822590063,Anthomyiidae_Myopina_myopina_2627106_3822590063,http://creativecommons.org/licenses/by-nc-sa/4.0/
383131,1970149153,Anthomyiidae_Chirosia_betuleti_1493394_1970149153,http://creativecommons.org/licenses/by-nc-nd/4.0/
383133,1970149153,Anthomyiidae_Chirosia_betuleti_1493396_1970149153,http://creativecommons.org/licenses/by-nc-nd/4.0/
383243,2841355974,Anthomyiidae_Anthomyia_procellaris_2983884_2841355974,http://creativecommons.org/licenses/by-nc-nd/4.0/
383821,1957084438,Anthomyiidae_Pegomya_solennis_94994_1957084438,http://creativecommons.org/licenses/by-nc/4.0/
383822,1957084438,Anthomyiidae_Pegomya_solennis_94995_1957084438,http://creativecommons.org/licenses/by-nc/4.0/
384679,1977335200,Anthomyiidae_Mycophaga_testacea_125288_1977335200,http://creativecommons.org/licenses/by-nc-nd/4.0/
385109,1969268252,Anthomyiidae_Fucellia_tergina_2870833_1969268252,http://creativecommons.org/licenses/by-nc-nd/4.0/
388107,2901566447,Anthomyiidae_Chirosia_betuleti_1629110_2901566447,http://creativecommons.org/licenses/by-nc/4.0/
388909,1952515531,Anthomyiidae_Zaphne_caudata_2846523_1952515531,http://creativecommons.org/licenses/by-nc-nd/4.0/
388910,1952515531,Anthomyiidae_Zaphne_caudata_2846524_1952515531,http://creativecommons.org/licenses/by-nc-nd/4.0/
388911,1952515531,Anthomyiidae_Zaphne_caudata_2846525_1952515531,http://creativecommons.org/licenses/by-nc-nd/4.0/
389469,1955907395,Anthomyiidae_Delia_albula_2852474_1955907395,http://creativecommons.org/licenses/by-nc-nd/4.0/
389772,1954817098,Anthomyiidae_Pegomya_solennis_781962_1954817098,http://creativecommons.org/licenses/by-nc-nd/4.0/
389773,1954817098,Anthomyiidae_Pegomya_solennis_781963_1954817098,http://creativecommons.org/licenses/by-nc-nd/4.0/
391322,2556501694,Anthomyiidae_Fucellia_tergina_168619_2556501694,© All rights reserved
391323,2556501694,Anthomyiidae_Fucellia_tergina_168620_2556501694,© All rights reserved
391324,2556501694,Anthomyiidae_Fucellia_tergina_168621_2556501694,© All rights reserved
391325,2556501694,Anthomyiidae_Fucellia_tergina_168622_2556501694,© All rights reserved
394122,2833602733,Anthomyiidae_Anthomyia_confusanea_2970864_2833602733,http://creativecommons.org/licenses/by-nc-nd/4.0/
394123,2833602733,Anthomyiidae_Anthomyia_confusanea_2970865_2833602733,http://creativecommons.org/licenses/by-nc-nd/4.0/
394124,2833602733,Anthomyiidae_Anthomyia_confusanea_2970866_2833602733,http://creativecommons.org/licenses/by-nc-nd/4.0/
394125,2833602733,Anthomyiidae_Anthomyia_confusanea_2970867_2833602733,http://creativecommons.org/licenses/by-nc-nd/4.0/
394126,2833602733,Anthomyiidae_Anthomyia_confusanea_2970868_2833602733,http://creativecommons.org/licenses/by-nc-nd/4.0/
394428,1968188908,Anthomyiidae_Pegoplata_aestiva_1489992_1968188908,http://creativecommons.org/licenses/by-nc-nd/4.0/
394429,1968188908,Anthomyiidae_Pegoplata_aestiva_1489993_1968188908,http://creativecommons.org/licenses/by-nc-nd/4.0/
394430,1968188908,Anthomyiidae_Pegoplata_aestiva_1489994_1968188908,http://creativecommons.org/licenses/by-nc-nd/4.0/
396073,3747159192,Anthomyiidae_Anthomyia_quinquemaculata_2610233_3747159192,http://creativecommons.org/licenses/by-nc/4.0/
396114,3090537811,Anthomyiidae_Anthomyia_illocata_3036931_3090537811,http://creativecommons.org/licenses/by-nc/4.0/
396390,3097141394,Anthomyiidae_Eustalomyia_hilaris_3040518_3097141394,http://creativecommons.org/licenses/by/4.0/
397951,1801869848,Anthomyiidae_Eustalomyia_festiva_2123518_1801869848,© all rights reserved
398103,1460476967,Anthomyiidae_Hylemya_vagans_740393_1460476967,© all rights reserved
398391,2897111383,Anthomyiidae_Eustalomyia_hilaris_939469_2897111383,© all rights reserved
399047,1975600928,Anthomyiidae_Emmesomyia_grisea_2190150_1975600928,http://creativecommons.org/licenses/by-nc-nd/4.0/
399361,1958996030,Anthomyiidae_Hydrophoria_lancifer_2166794_1958996030,http://creativecommons.org/licenses/by-nc-nd/4.0/
399362,1958996030,Anthomyiidae_Hydrophoria_lancifer_2166795_1958996030,http://creativecommons.org/licenses/by-nc-nd/4.0/
399363,1958996030,Anthomyiidae_Hydrophoria_lancifer_2166796_1958996030,http://creativecommons.org/licenses/by-nc-nd/4.0/
400043,1952972104,Anthomyiidae_Chirosia_betuleti_2847491_1952972104,http://creativecommons.org/licenses/by-nc-nd/4.0/
400058,3824500748,Anthomyiidae_Myopina_myopina_1253242_3824500748,http://creativecommons.org/licenses/by-nc-nd/4.0/
400613,1973762443,Anthomyiidae_Chirosia_betuleti_1498840_1973762443,http://creativecommons.org/licenses/by-nc-nd/4.0/
401798,2836828078,Anthomyiidae_Delia_platura_908494_2836828078,http://creativecommons.org/licenses/by-nc-nd/4.0/
401831,3825441724,Anthomyiidae_Myopina_myopina_1944577_3825441724,http://creativecommons.org/licenses/by-nc-nd/4.0/
401832,3825441724,Anthomyiidae_Myopina_myopina_1944578_3825441724,http://creativecommons.org/licenses/by-nc-nd/4.0/
401833,3825441724,Anthomyiidae_Myopina_myopina_1944579_3825441724,http://creativecommons.org/licenses/by-nc-nd/4.0/
401834,3825441724,Anthomyiidae_Myopina_myopina_1944580_3825441724,http://creativecommons.org/licenses/by-nc-nd/4.0/
401835,3825441724,Anthomyiidae_Myopina_myopina_1944581_3825441724,http://creativecommons.org/licenses/by-nc-nd/4.0/
402339,1953144426,Anthomyiidae_Pegomya_bicolor_2158046_1953144426,http://creativecommons.org/licenses/by-nc-nd/4.0/
402340,1953144426,Anthomyiidae_Pegomya_bicolor_2158047_1953144426,http://creativecommons.org/licenses/by-nc-nd/4.0/
402341,1953144426,Anthomyiidae_Pegomya_bicolor_2158048_1953144426,http://creativecommons.org/licenses/by-nc-nd/4.0/
402475,1966293339,Anthomyiidae_Chirosia_histricina_2176958_1966293339,http://creativecommons.org/licenses/by/4.0/
403768,1415217077,Anthomyiidae_Parapegomyia_socculata_1416896_1415217077,http://creativecommons.org/licenses/by-nc-sa/4.0/
404644,2336734012,Anthomyiidae_Anthomyia_liturata_2217211_2336734012,© all rights reserved
404645,2336734012,Anthomyiidae_Anthomyia_liturata_2217212_2336734012,© all rights reserved
405115,1957734356,Anthomyiidae_Delia_platura_2164807_1957734356,http://creativecommons.org/licenses/by-nc-nd/4.0/
406726,1957238905,Anthomyiidae_Pegomya_bicolor_95297_1957238905,http://creativecommons.org/licenses/by-nc-nd/4.0/
406727,1957238905,Anthomyiidae_Pegomya_bicolor_95298_1957238905,http://creativecommons.org/licenses/by-nc-nd/4.0/
406728,1957238905,Anthomyiidae_Pegomya_bicolor_95299_1957238905,http://creativecommons.org/licenses/by-nc-nd/4.0/
407284,1969806372,Anthomyiidae_Chirosia_betuleti_113593_1969806372,http://creativecommons.org/licenses/by-nc-nd/4.0/
408267,1973969291,Anthomyiidae_Eustalomyia_vittipes_1499374_1973969291,http://creativecommons.org/licenses/by-nc-nd/4.0/
410376,3759154428,Anthomyiidae_Anthomyia_illocata_1232943_3759154428,http://creativecommons.org/licenses/by-nc/4.0/
411229,2980771109,Anthomyiidae_Anthomyia_illocata_945296_2980771109,http://creativecommons.org/licenses/by-nc/4.0/
418936,1459254870,Anthomyiidae_Eutrichota_longimana_2116140_1459254870,© all rights reserved
420397,4021967185,Anthomyiidae_Anthomyia_quinquemaculata_1370728_4021967185,http://creativecommons.org/licenses/by-nc/4.0/
420523,3858219982,Anthomyiidae_Pegomya_flavifrons_1953516_3858219982,http://creativecommons.org/licenses/by-nc/4.0/
420524,3858219982,Anthomyiidae_Pegomya_flavifrons_1953517_3858219982,http://creativecommons.org/licenses/by-nc/4.0/
420525,3858219982,Anthomyiidae_Pegomya_flavifrons_1953518_3858219982,http://creativecommons.org/licenses/by-nc/4.0/
420526,3858219982,Anthomyiidae_Pegomya_flavifrons_1953519_3858219982,http://creativecommons.org/licenses/by-nc/4.0/
420730,3985615269,Anthomyiidae_Eustalomyia_hilaris_3416121_3985615269,http://creativecommons.org/licenses/by-nc/4.0/
421784,3112311462,Anthomyiidae_Anthomyia_procellaris_2351774_3112311462,http://creativecommons.org/licenses/by-nc/4.0/
424075,1884143750,Anthomyiidae_Eustalomyia_hilaris_1460851_1884143750,© all rights reserved
425319,3858335095,Anthomyiidae_Hydrophoria_lancifer_1264945_3858335095,http://creativecommons.org/licenses/by-nc/4.0/
425886,4006692784,Anthomyiidae_Hylemya_latevittata_1363467_4006692784,http://creativecommons.org/licenses/by-nc/4.0/
426463,3759525823,Anthomyiidae_Anthomyia_illocata_1923612_3759525823,http://creativecommons.org/licenses/by-nc/4.0/
426952,3097292402,Anthomyiidae_Eustalomyia_hilaris_972482_3097292402,http://creativecommons.org/licenses/by-nc/4.0/
428502,3096990395,Anthomyiidae_Eustalomyia_festiva_971554_3096990395,http://creativecommons.org/licenses/by/4.0/
428503,3096990395,Anthomyiidae_Eustalomyia_festiva_971555_3096990395,http://creativecommons.org/licenses/by/4.0/
428504,3096990395,Anthomyiidae_Eustalomyia_festiva_971556_3096990395,http://creativecommons.org/licenses/by/4.0/
428505,3096990395,Anthomyiidae_Eustalomyia_festiva_971557_3096990395,http://creativecommons.org/licenses/by/4.0/
429252,3131301319,Anthomyiidae_Botanophila_fugax_3047362_3131301319,http://creativecommons.org/licenses/by/4.0/
429253,3131301319,Anthomyiidae_Botanophila_fugax_3047363_3131301319,http://creativecommons.org/licenses/by/4.0/
429254,3131301319,Anthomyiidae_Botanophila_fugax_3047364_3131301319,http://creativecommons.org/licenses/by/4.0/
430500,1966201137,Anthomyiidae_Hydrophoria_lancifer_2176733_1966201137,http://creativecommons.org/licenses/by-nc-nd/4.0/
430768,1972116948,Anthomyiidae_Pegomya_bicolor_1495542_1972116948,http://creativecommons.org/licenses/by-nc-nd/4.0/
430769,1972116948,Anthomyiidae_Pegomya_bicolor_1495543_1972116948,http://creativecommons.org/licenses/by-nc-nd/4.0/
431379,2001500526,Anthomyiidae_Pegoplata_annulata_2891106_2001500526,http://creativecommons.org/licenses/by-nc-sa/4.0/
431402,2001513015,Anthomyiidae_Pegomya_notabilis_823131_2001513015,http://creativecommons.org/licenses/by-nc-sa/4.0/
431687,3759508411,Anthomyiidae_Anthomyia_illocata_1233997_3759508411,http://creativecommons.org/licenses/by-nc/4.0/
432615,1461037213,Anthomyiidae_Leucophora_obtusa_2808174_1461037213,© all rights reserved
432616,1461037213,Anthomyiidae_Leucophora_obtusa_2808175_1461037213,© all rights reserved
432617,1461037213,Anthomyiidae_Leucophora_obtusa_2808176_1461037213,© all rights reserved
432680,1670952741,Anthomyiidae_Hydrophoria_linogrisea_1433049_1670952741,© all rights reserved
433307,3448739266,Anthomyiidae_Anthomyia_pluvialis_454949_3448739266,http://creativecommons.org/licenses/by-sa/4.0/
433353,3448844237,Anthomyiidae_Eustalomyia_hilaris_454989_3448844237,http://creativecommons.org/licenses/by-sa/4.0/
433545,1958598820,Anthomyiidae_Alliopsis_silvestris_2166515_1958598820,http://creativecommons.org/licenses/by-nc-nd/4.0/
433546,1958598820,Anthomyiidae_Alliopsis_silvestris_2166516_1958598820,http://creativecommons.org/licenses/by-nc-nd/4.0/
433547,1958598820,Anthomyiidae_Alliopsis_silvestris_2166517_1958598820,http://creativecommons.org/licenses/by-nc-nd/4.0/
433548,1958598820,Anthomyiidae_Alliopsis_silvestris_2166518_1958598820,http://creativecommons.org/licenses/by-nc-nd/4.0/
433549,1958598820,Anthomyiidae_Alliopsis_silvestris_2166519_1958598820,http://creativecommons.org/licenses/by-nc-nd/4.0/
434270,1976191170,Anthomyiidae_Eustalomyia_histrio_122618_1976191170,http://creativecommons.org/licenses/by/4.0/
434575,1955518849,Anthomyiidae_Eutrichota_schineri_783743_1955518849,http://creativecommons.org/licenses/by-nc-nd/4.0/
434881,1954852882,Anthomyiidae_Hydrophoria_lancifer_782020_1954852882,http://creativecommons.org/licenses/by-nc/4.0/
435841,1962973114,Anthomyiidae_Hylemya_vagans_794350_1962973114,http://creativecommons.org/licenses/by-nc-sa/4.0/
435842,1962973114,Anthomyiidae_Hylemya_vagans_794351_1962973114,http://creativecommons.org/licenses/by-nc-sa/4.0/
435948,1976604699,Anthomyiidae_Chirosia_betuleti_123538_1976604699,http://creativecommons.org/licenses/by-nc-nd/4.0/
437028,1958413256,Anthomyiidae_Myopina_myopina_1476980_1958413256,http://creativecommons.org/licenses/by-nc-nd/4.0/
437029,1958413256,Anthomyiidae_Myopina_myopina_1476981_1958413256,http://creativecommons.org/licenses/by-nc-nd/4.0/
437030,1958413256,Anthomyiidae_Myopina_myopina_1476982_1958413256,http://creativecommons.org/licenses/by-nc-nd/4.0/
439247,1971376901,Anthomyiidae_Chirosia_histricina_2184541_1971376901,http://creativecommons.org/licenses/by-nc-nd/4.0/
439248,1971376901,Anthomyiidae_Chirosia_histricina_2184542_1971376901,http://creativecommons.org/licenses/by-nc-nd/4.0/
439249,1971376901,Anthomyiidae_Chirosia_histricina_2184543_1971376901,http://creativecommons.org/licenses/by-nc-nd/4.0/
439309,1970769167,Anthomyiidae_Hydrophoria_linogrisea_115640_1970769167,http://creativecommons.org/licenses/by-nc/4.0/
439756,1973599567,Anthomyiidae_Alliopsis_silvestris_119341_1973599567,http://creativecommons.org/licenses/by-nc-nd/4.0/
439757,1973599567,Anthomyiidae_Alliopsis_silvestris_119342_1973599567,http://creativecommons.org/licenses/by-nc-nd/4.0/
440062,1974093412,Anthomyiidae_Pegomya_testacea_811338_1974093412,http://creativecommons.org/licenses/by-nc-sa/4.0/
440063,1974093412,Anthomyiidae_Pegomya_testacea_811339_1974093412,http://creativecommons.org/licenses/by-nc-sa/4.0/
440064,1974093412,Anthomyiidae_Pegomya_testacea_811340_1974093412,http://creativecommons.org/licenses/by-nc-sa/4.0/
440232,2837061377,Anthomyiidae_Eustalomyia_hilaris_218743_2837061377,http://creativecommons.org/licenses/by-nc-sa/4.0/
440233,2837061377,Anthomyiidae_Eustalomyia_hilaris_218744_2837061377,http://creativecommons.org/licenses/by-nc-sa/4.0/
441209,1960893587,Anthomyiidae_Hylemya_urbica_1480205_1960893587,http://creativecommons.org/licenses/by-nc-nd/4.0/
441210,1960893587,Anthomyiidae_Hylemya_urbica_1480206_1960893587,http://creativecommons.org/licenses/by-nc-nd/4.0/
442265,2402235252,Anthomyiidae_Delia_radicum_2220435_2402235252,© All rights reserved
442266,2402235252,Anthomyiidae_Delia_radicum_2220436_2402235252,© All rights reserved
443815,3825483973,Anthomyiidae_Heterostylodes_nominabilis_3324834_3825483973,http://creativecommons.org/licenses/by-nc-nd/4.0/
444617,1955836201,Anthomyiidae_Hydrophoria_lancifer_784673_1955836201,http://creativecommons.org/licenses/by-nc-nd/4.0/
444660,3724362949,Anthomyiidae_Fucellia_maritima_508533_3724362949,http://creativecommons.org/licenses/by-nc-nd/4.0/
444661,3724362949,Anthomyiidae_Fucellia_maritima_508534_3724362949,http://creativecommons.org/licenses/by-nc-nd/4.0/
445742,3720981260,Anthomyiidae_Anthomyia_procellaris_1871978_3720981260,http://creativecommons.org/licenses/by-nc/4.0/
446038,1959610247,Anthomyiidae_Anthomyia_procellaris_1478564_1959610247,http://creativecommons.org/licenses/by-nc-nd/4.0/
448560,3716339694,Anthomyiidae_Anthomyia_procellaris_2545338_3716339694,http://creativecommons.org/licenses/by-nc-nd/4.0/
449297,1953023184,Anthomyiidae_Pegomya_steini_89342_1953023184,http://creativecommons.org/licenses/by-nc-nd/4.0/
449603,1969974249,Anthomyiidae_Chirosia_histricina_2872552_1969974249,http://creativecommons.org/licenses/by-nc-nd/4.0/
449730,1959359417,Anthomyiidae_Hydrophoria_lancifer_789480_1959359417,http://creativecommons.org/licenses/by-nc-nd/4.0/
449731,1959359417,Anthomyiidae_Hydrophoria_lancifer_789481_1959359417,http://creativecommons.org/licenses/by-nc-nd/4.0/
451307,1976836338,Anthomyiidae_Chirosia_betuleti_1503258_1976836338,http://creativecommons.org/licenses/by-nc-nd/4.0/
451722,1975973469,Anthomyiidae_Hydrophoria_lancifer_813024_1975973469,http://creativecommons.org/licenses/by-nc-nd/4.0/
452505,3825669704,Anthomyiidae_Anthomyia_monilis_1945032_3825669704,http://creativecommons.org/licenses/by-nc-nd/4.0/
454211,1955681729,Anthomyiidae_Hydrophoria_linogrisea_2851891_1955681729,http://creativecommons.org/licenses/by-nc/4.0/
454434,2836428458,Anthomyiidae_Pegomya_steini_2976166_2836428458,http://creativecommons.org/licenses/by-nc/4.0/
454435,2836428458,Anthomyiidae_Pegomya_steini_2976167_2836428458,http://creativecommons.org/licenses/by-nc/4.0/
454436,2836428458,Anthomyiidae_Pegomya_steini_2976168_2836428458,http://creativecommons.org/licenses/by-nc/4.0/
454437,2836428458,Anthomyiidae_Pegomya_steini_2976169_2836428458,http://creativecommons.org/licenses/by-nc/4.0/
454438,2836428458,Anthomyiidae_Pegomya_steini_2976170_2836428458,http://creativecommons.org/licenses/by-nc/4.0/
454439,2836428458,Anthomyiidae_Pegomya_steini_2976171_2836428458,http://creativecommons.org/licenses/by-nc/4.0/
454440,2836428458,Anthomyiidae_Pegomya_steini_2976172_2836428458,http://creativecommons.org/licenses/by-nc/4.0/
454873,3905952380,Anthomyiidae_Anthomyia_procellaris_626318_3905952380,http://creativecommons.org/licenses/by-nc-nd/4.0/
455464,1953595923,Anthomyiidae_Leucophora_obtusa_90493_1953595923,http://creativecommons.org/licenses/by-nc-nd/4.0/
455670,1963211807,Anthomyiidae_Hydrophoria_linogrisea_2172246_1963211807,http://creativecommons.org/licenses/by-nc-nd/4.0/
455696,1952515733,Anthomyiidae_Pegoplata_infirma_2156542_1952515733,http://creativecommons.org/licenses/by-nc-nd/4.0/
455697,1952515733,Anthomyiidae_Pegoplata_infirma_2156543_1952515733,http://creativecommons.org/licenses/by-nc-nd/4.0/
456054,1956940531,Anthomyiidae_Mycophaga_testacea_2853178_1956940531,http://creativecommons.org/licenses/by-nc-nd/4.0/
456829,3995645960,Anthomyiidae_Anthomyia_procellaris_2044570_3995645960,http://creativecommons.org/licenses/by-nc-nd/4.0/
457622,1970424633,Anthomyiidae_Anthomyia_monilis_805721_1970424633,http://creativecommons.org/licenses/by-nc-nd/4.0/
458121,1970224117,Anthomyiidae_Delia_lamelliseta_805291_1970224117,http://creativecommons.org/licenses/by-nc-nd/4.0/
458122,1970224117,Anthomyiidae_Delia_lamelliseta_805292_1970224117,http://creativecommons.org/licenses/by-nc-nd/4.0/
458261,1960199354,Anthomyiidae_Anthomyia_liturata_2169113_1960199354,http://creativecommons.org/licenses/by-nc-nd/4.0/
458262,1960199354,Anthomyiidae_Anthomyia_liturata_2169114_1960199354,http://creativecommons.org/licenses/by-nc-nd/4.0/
458263,1960199354,Anthomyiidae_Anthomyia_liturata_2169115_1960199354,http://creativecommons.org/licenses/by-nc-nd/4.0/
458264,1960199354,Anthomyiidae_Anthomyia_liturata_2169116_1960199354,http://creativecommons.org/licenses/by-nc-nd/4.0/
459380,1954685169,Anthomyiidae_Chirosia_grossicauda_2159603_1954685169,http://creativecommons.org/licenses/by/4.0/
460137,1953387811,Anthomyiidae_Hydrophoria_linogrisea_90105_1953387811,http://creativecommons.org/licenses/by-nc/4.0/
460246,1959583794,Anthomyiidae_Fucellia_fucorum_2167757_1959583794,http://creativecommons.org/licenses/by-nc-nd/4.0/
460247,1959583794,Anthomyiidae_Fucellia_fucorum_2167758_1959583794,http://creativecommons.org/licenses/by-nc-nd/4.0/
460248,1959583794,Anthomyiidae_Fucellia_fucorum_2167759_1959583794,http://creativecommons.org/licenses/by-nc-nd/4.0/
460249,1959583794,Anthomyiidae_Fucellia_fucorum_2167760_1959583794,http://creativecommons.org/licenses/by-nc-nd/4.0/
460250,1959583794,Anthomyiidae_Fucellia_fucorum_2167761_1959583794,http://creativecommons.org/licenses/by-nc-nd/4.0/
461388,2633214072,Anthomyiidae_Fucellia_fucorum_2951541_2633214072,http://creativecommons.org/licenses/by-nc-sa/4.0/
461515,1459408028,Anthomyiidae_Alliopsis_silvestris_2805918_1459408028,© all rights reserved
461516,1459408028,Anthomyiidae_Alliopsis_silvestris_2805919_1459408028,© all rights reserved
462154,2814204367,Anthomyiidae_Anthomyia_pluvialis_2963389_2814204367,http://creativecommons.org/licenses/by/4.0/
463807,3109164253,Anthomyiidae_Pegomya_flavifrons_2351138_3109164253,http://creativecommons.org/licenses/by/4.0/
463809,3109164253,Anthomyiidae_Pegomya_flavifrons_2351140_3109164253,http://creativecommons.org/licenses/by/4.0/
463810,3109164253,Anthomyiidae_Pegomya_flavifrons_2351141_3109164253,http://creativecommons.org/licenses/by/4.0/
466170,1975601275,Anthomyiidae_Emmesomyia_grisea_2880217_1975601275,http://creativecommons.org/licenses/by-nc-nd/4.0/
466171,1975601275,Anthomyiidae_Emmesomyia_grisea_2880218_1975601275,http://creativecommons.org/licenses/by-nc-nd/4.0/
466733,2841112743,Anthomyiidae_Anthomyia_procellaris_2983457_2841112743,http://creativecommons.org/licenses/by-nc-nd/4.0/
466839,1956149242,Anthomyiidae_Egle_rhinotmeta_2852656_1956149242,http://creativecommons.org/licenses/by-nc-nd/4.0/
466840,1956149242,Anthomyiidae_Egle_rhinotmeta_2852657_1956149242,http://creativecommons.org/licenses/by-nc-nd/4.0/
467085,1960329020,Anthomyiidae_Hydrophoria_lancifer_2169216_1960329020,http://creativecommons.org/licenses/by-nc-nd/4.0/
467970,2834809499,Anthomyiidae_Anthomyia_liturata_2284030_2834809499,http://creativecommons.org/licenses/by-nc-nd/4.0/
468004,2844941666,Anthomyiidae_Eutrichota_schineri_2301955_2844941666,http://creativecommons.org/licenses/by-nc-nd/4.0/
468005,2844941666,Anthomyiidae_Eutrichota_schineri_2301956_2844941666,http://creativecommons.org/licenses/by-nc-nd/4.0/
468006,2844941666,Anthomyiidae_Eutrichota_schineri_2301957_2844941666,http://creativecommons.org/licenses/by-nc-nd/4.0/
468007,2844941666,Anthomyiidae_Eutrichota_schineri_2301958_2844941666,http://creativecommons.org/licenses/by-nc-nd/4.0/
468008,2844941666,Anthomyiidae_Eutrichota_schineri_2301959_2844941666,http://creativecommons.org/licenses/by-nc-nd/4.0/
469080,1973579396,Anthomyiidae_Phorbia_moliniaris_2187596_1973579396,http://creativecommons.org/licenses/by-nc-nd/4.0/
469081,1973579396,Anthomyiidae_Phorbia_moliniaris_2187597_1973579396,http://creativecommons.org/licenses/by-nc-nd/4.0/
469082,1973579396,Anthomyiidae_Phorbia_moliniaris_2187598_1973579396,http://creativecommons.org/licenses/by-nc-nd/4.0/
469083,1973579396,Anthomyiidae_Phorbia_moliniaris_2187599_1973579396,http://creativecommons.org/licenses/by-nc-nd/4.0/
469084,1973579396,Anthomyiidae_Phorbia_moliniaris_2187600_1973579396,http://creativecommons.org/licenses/by-nc-nd/4.0/
469085,1973579396,Anthomyiidae_Phorbia_moliniaris_2187601_1973579396,http://creativecommons.org/licenses/by-nc-nd/4.0/
469441,2833548494,Anthomyiidae_Hylemya_vagans_1591458_2833548494,http://creativecommons.org/licenses/by-nc-nd/4.0/
469442,2833548494,Anthomyiidae_Hylemya_vagans_1591459_2833548494,http://creativecommons.org/licenses/by-nc-nd/4.0/
470149,2837154756,Anthomyiidae_Hydrophoria_lancifer_2977643_2837154756,http://creativecommons.org/licenses/by-nc-nd/4.0/
470150,2837154756,Anthomyiidae_Hydrophoria_lancifer_2977644_2837154756,http://creativecommons.org/licenses/by-nc-nd/4.0/
470723,1959515584,Anthomyiidae_Chirosia_betuleti_99222_1959515584,http://creativecommons.org/licenses/by-nc-nd/4.0/
473554,2840619423,Anthomyiidae_Fucellia_maritima_224258_2840619423,http://creativecommons.org/licenses/by-nc-nd/4.0/
473555,2840619423,Anthomyiidae_Fucellia_maritima_224259_2840619423,http://creativecommons.org/licenses/by-nc-nd/4.0/
473556,2840619423,Anthomyiidae_Fucellia_maritima_224260_2840619423,http://creativecommons.org/licenses/by-nc-nd/4.0/
473557,2840619423,Anthomyiidae_Fucellia_maritima_224261_2840619423,http://creativecommons.org/licenses/by-nc-nd/4.0/
473558,2840619423,Anthomyiidae_Fucellia_maritima_224262_2840619423,http://creativecommons.org/licenses/by-nc-nd/4.0/
473732,1959008671,Anthomyiidae_Hydrophoria_linogrisea_2856700_1959008671,http://creativecommons.org/licenses/by-nc-nd/4.0/
474917,3759199351,Anthomyiidae_Anthomyia_illocata_544296_3759199351,http://creativecommons.org/licenses/by-nc/4.0/
474989,3090822704,Anthomyiidae_Anthomyia_illocata_1658008_3090822704,http://creativecommons.org/licenses/by-nc/4.0/
476415,3889107467,Anthomyiidae_Pegoplata_palposa_1290040_3889107467,http://creativecommons.org/licenses/by-nc/4.0/
476416,3889107467,Anthomyiidae_Pegoplata_palposa_1290041_3889107467,http://creativecommons.org/licenses/by-nc/4.0/
476444,2242930287,Anthomyiidae_Hydrophoria_lancifer_2895109_2242930287,http://creativecommons.org/licenses/by-nc/4.0/
476517,3302259582,Anthomyiidae_Anthomyia_illocata_290342_3302259582,http://creativecommons.org/licenses/by-nc/4.0/
476817,1836693977,Anthomyiidae_Eustalomyia_vittipes_2830167_1836693977,http://creativecommons.org/licenses/by/4.0/
476818,1836693977,Anthomyiidae_Eustalomyia_vittipes_2830168_1836693977,http://creativecommons.org/licenses/by/4.0/
476819,1836693977,Anthomyiidae_Eustalomyia_vittipes_2830169_1836693977,http://creativecommons.org/licenses/by/4.0/
476820,1836693977,Anthomyiidae_Eustalomyia_vittipes_2830170_1836693977,http://creativecommons.org/licenses/by/4.0/
477228,3859723955,Anthomyiidae_Anthomyia_procellaris_2650002_3859723955,http://creativecommons.org/licenses/by-nc/4.0/
477301,4011674634,Anthomyiidae_Anthomyia_quinquemaculata_2745811_4011674634,http://creativecommons.org/licenses/by-nc/4.0/
477451,4015214385,Anthomyiidae_Fucellia_tergina_3438098_4015214385,http://creativecommons.org/licenses/by-nc/4.0/
477452,4015214385,Anthomyiidae_Fucellia_tergina_3438099_4015214385,http://creativecommons.org/licenses/by-nc/4.0/
478452,3113403309,Anthomyiidae_Pegomya_flavifrons_975621_3113403309,http://creativecommons.org/licenses/by-nc/4.0/
478453,3113403309,Anthomyiidae_Pegomya_flavifrons_975622_3113403309,http://creativecommons.org/licenses/by-nc/4.0/
478454,3113403309,Anthomyiidae_Pegomya_flavifrons_975623_3113403309,http://creativecommons.org/licenses/by-nc/4.0/
478455,3113403309,Anthomyiidae_Pegomya_flavifrons_975624_3113403309,http://creativecommons.org/licenses/by-nc/4.0/
480376,1850976916,Anthomyiidae_Eustalomyia_hilaris_78832_1850976916,http://creativecommons.org/licenses/by/4.0/
482774,3881585451,Anthomyiidae_Anthomyia_pluvialis_597464_3881585451,http://creativecommons.org/licenses/by-nc/4.0/
483351,2633250949,Anthomyiidae_Botanophila_apiciseta_1572746_2633250949,http://creativecommons.org/licenses/by-nc-sa/4.0/
483361,2251609250,Anthomyiidae_Paregle_audacula_2210887_2251609250,http://creativecommons.org/licenses/by-nc/4.0/
483381,2251609042,Anthomyiidae_Paregle_audacula_1521717_2251609042,http://creativecommons.org/licenses/by-nc/4.0/
483750,3716722248,Anthomyiidae_Anthomyia_procellaris_3237242_3716722248,http://creativecommons.org/licenses/by-nc-nd/4.0/
483821,1955521956,Anthomyiidae_Delia_platura_2851465_1955521956,http://creativecommons.org/licenses/by-nc-nd/4.0/
483822,1955521956,Anthomyiidae_Delia_platura_2851466_1955521956,http://creativecommons.org/licenses/by-nc-nd/4.0/
484475,1966570837,Anthomyiidae_Chirosia_betuleti_2867953_1966570837,http://creativecommons.org/licenses/by-nc-nd/4.0/
486052,1957088758,Anthomyiidae_Emmesomyia_grisea_2853349_1957088758,http://creativecommons.org/licenses/by-nc-nd/4.0/
486053,1957088758,Anthomyiidae_Emmesomyia_grisea_2853350_1957088758,http://creativecommons.org/licenses/by-nc-nd/4.0/
486054,1957088758,Anthomyiidae_Emmesomyia_grisea_2853351_1957088758,http://creativecommons.org/licenses/by-nc-nd/4.0/
486055,1957088758,Anthomyiidae_Emmesomyia_grisea_2853352_1957088758,http://creativecommons.org/licenses/by-nc-nd/4.0/
486056,1957088758,Anthomyiidae_Emmesomyia_grisea_2853353_1957088758,http://creativecommons.org/licenses/by-nc-nd/4.0/
486057,1957088758,Anthomyiidae_Emmesomyia_grisea_2853354_1957088758,http://creativecommons.org/licenses/by-nc-nd/4.0/
487191,1957207474,Anthomyiidae_Fucellia_maritima_1474416_1957207474,http://creativecommons.org/licenses/by-nc-nd/4.0/
487192,1957207474,Anthomyiidae_Fucellia_maritima_1474417_1957207474,http://creativecommons.org/licenses/by-nc-nd/4.0/
487815,1968589020,Anthomyiidae_Emmesomyia_socia_1490327_1968589020,http://creativecommons.org/licenses/by-nc-nd/4.0/
487816,1968589020,Anthomyiidae_Emmesomyia_socia_1490328_1968589020,http://creativecommons.org/licenses/by-nc-nd/4.0/
487817,1968589020,Anthomyiidae_Emmesomyia_socia_1490329_1968589020,http://creativecommons.org/licenses/by-nc-nd/4.0/
487818,1968589020,Anthomyiidae_Emmesomyia_socia_1490330_1968589020,http://creativecommons.org/licenses/by-nc-nd/4.0/
487819,1968589020,Anthomyiidae_Emmesomyia_socia_1490331_1968589020,http://creativecommons.org/licenses/by-nc-nd/4.0/
487820,1968589020,Anthomyiidae_Emmesomyia_socia_1490332_1968589020,http://creativecommons.org/licenses/by-nc-nd/4.0/
488882,1958423974,Anthomyiidae_Leucophora_obtusa_97842_1958423974,http://creativecommons.org/licenses/by-nc-nd/4.0/
488883,1958423974,Anthomyiidae_Leucophora_obtusa_97843_1958423974,http://creativecommons.org/licenses/by-nc-nd/4.0/
488884,1958423974,Anthomyiidae_Leucophora_obtusa_97844_1958423974,http://creativecommons.org/licenses/by-nc-nd/4.0/
489132,1977113527,Anthomyiidae_Pegomya_caesia_815455_1977113527,http://creativecommons.org/licenses/by-nc-nd/4.0/
490957,1955304958,Anthomyiidae_Hydrophoria_ruralis_92542_1955304958,http://creativecommons.org/licenses/by-nc-nd/4.0/
491067,3728962018,Anthomyiidae_Anthomyia_procellaris_1211185_3728962018,http://creativecommons.org/licenses/by-nc/4.0/
491489,1956653478,Anthomyiidae_Lasiomma_seminitidum_94596_1956653478,http://creativecommons.org/licenses/by-nc-nd/4.0/
491490,1956653478,Anthomyiidae_Lasiomma_seminitidum_94597_1956653478,http://creativecommons.org/licenses/by-nc-nd/4.0/
491491,1956653478,Anthomyiidae_Lasiomma_seminitidum_94598_1956653478,http://creativecommons.org/licenses/by-nc-nd/4.0/
492545,1970311500,Anthomyiidae_Hydrophoria_ruralis_2873285_1970311500,http://creativecommons.org/licenses/by-nc-nd/4.0/
492546,1970311500,Anthomyiidae_Hydrophoria_ruralis_2873286_1970311500,http://creativecommons.org/licenses/by-nc-nd/4.0/
494052,1954755457,Anthomyiidae_Pegomya_haemorrhoum_781841_1954755457,http://creativecommons.org/licenses/by-nc-nd/4.0/
494053,1954755457,Anthomyiidae_Pegomya_haemorrhoum_781842_1954755457,http://creativecommons.org/licenses/by-nc-nd/4.0/
494054,1954755457,Anthomyiidae_Pegomya_haemorrhoum_781843_1954755457,http://creativecommons.org/licenses/by-nc-nd/4.0/
494451,3822492266,Anthomyiidae_Eustalomyia_hilaris_3317148_3822492266,http://creativecommons.org/licenses/by-nc-nd/4.0/
494461,1957115615,Anthomyiidae_Chirosia_grossicauda_1474259_1957115615,http://creativecommons.org/licenses/by-nc-nd/4.0/
495003,1958626916,Anthomyiidae_Mycophaga_testacea_788667_1958626916,http://creativecommons.org/licenses/by-nc-nd/4.0/
495004,1958626916,Anthomyiidae_Mycophaga_testacea_788668_1958626916,http://creativecommons.org/licenses/by-nc-nd/4.0/
495365,1974063304,Anthomyiidae_Anthomyia_monilis_2188912_1974063304,http://creativecommons.org/licenses/by-nc-nd/4.0/
495366,1974063304,Anthomyiidae_Anthomyia_monilis_2188913_1974063304,http://creativecommons.org/licenses/by-nc-nd/4.0/
496362,1965709513,Anthomyiidae_Botanophila_seneciella_2175589_1965709513,http://creativecommons.org/licenses/by-nc-nd/4.0/
496363,1965709513,Anthomyiidae_Botanophila_seneciella_2175590_1965709513,http://creativecommons.org/licenses/by-nc-nd/4.0/
497036,1953488362,Anthomyiidae_Delia_radicum_2158728_1953488362,http://creativecommons.org/licenses/by-nc-nd/4.0/
497037,1953488362,Anthomyiidae_Delia_radicum_2158729_1953488362,http://creativecommons.org/licenses/by-nc-nd/4.0/
497038,1953488362,Anthomyiidae_Delia_radicum_2158730_1953488362,http://creativecommons.org/licenses/by-nc-nd/4.0/
497792,1974755500,Anthomyiidae_Egle_ciliata_2879786_1974755500,http://creativecommons.org/licenses/by-nc-nd/4.0/
498191,1450415284,Anthomyiidae_Fucellia_fucorum_2804031_1450415284,© all rights reserved
498192,1450415284,Anthomyiidae_Fucellia_fucorum_2804032_1450415284,© all rights reserved
498193,1450415284,Anthomyiidae_Fucellia_fucorum_2804033_1450415284,© all rights reserved
498194,1450415284,Anthomyiidae_Fucellia_fucorum_2804034_1450415284,© all rights reserved
498348,3768254384,Anthomyiidae_Pegomya_solennis_1927830_3768254384,© all rights reserved
499570,1213801089,Anthomyiidae_Pegomya_solennis_9133_1213801089,© all rights reserved
499571,1213801089,Anthomyiidae_Pegomya_solennis_9134_1213801089,© all rights reserved
499583,3856488600,Anthomyiidae_Anthomyia_pluvialis_2639562_3856488600,© all rights reserved
499623,1460170848,Anthomyiidae_Eustalomyia_histrio_48479_1460170848,© all rights reserved
500314,1460537975,Anthomyiidae_Egle_ciliata_2118489_1460537975,© all rights reserved
500349,1430876444,Anthomyiidae_Egle_ciliata_2802595_1430876444,© all rights reserved
500350,1430876444,Anthomyiidae_Egle_ciliata_2802596_1430876444,© all rights reserved
500594,3432426591,Anthomyiidae_Leucophora_obtusa_1716234_3432426591,© all rights reserved
501030,1428347141,Anthomyiidae_Anthomyia_monilis_43861_1428347141,© all rights reserved
501057,3012637302,Anthomyiidae_Eustalomyia_hilaris_1639858_3012637302,© all rights reserved
501059,3012637302,Anthomyiidae_Eustalomyia_hilaris_1639860_3012637302,© all rights reserved
501061,3012637302,Anthomyiidae_Eustalomyia_hilaris_1639862_3012637302,© all rights reserved
501243,1851251255,Anthomyiidae_Eustalomyia_hilaris_2147877_1851251255,© all rights reserved
501595,2808504911,Anthomyiidae_Delia_radicum_2271019_2808504911,© all rights reserved
502542,3097002428,Anthomyiidae_Eustalomyia_festiva_2349606_3097002428,http://creativecommons.org/licenses/by-nc/4.0/
502543,3097002428,Anthomyiidae_Eustalomyia_festiva_2349607_3097002428,http://creativecommons.org/licenses/by-nc/4.0/
502544,3097002428,Anthomyiidae_Eustalomyia_festiva_2349608_3097002428,http://creativecommons.org/licenses/by-nc/4.0/
502545,3097002428,Anthomyiidae_Eustalomyia_festiva_2349609_3097002428,http://creativecommons.org/licenses/by-nc/4.0/
504496,3760363796,Anthomyiidae_Pegomya_flavifrons_1236634_3760363796,http://creativecommons.org/licenses/by/4.0/
504552,3314146967,Anthomyiidae_Pegomya_solennis_2362056_3314146967,http://creativecommons.org/licenses/by-nc/4.0/
505226,3433571656,Anthomyiidae_Pegomya_solennis_1027897_3433571656,© all rights reserved
506185,1884086337,Anthomyiidae_Eutrichota_praepotens_2840042_1884086337,© all rights reserved
506286,1669050822,Anthomyiidae_Egle_ciliata_743848_1669050822,© all rights reserved
506287,1669050822,Anthomyiidae_Egle_ciliata_743849_1669050822,© all rights reserved
507167,1431935324,Anthomyiidae_Eustalomyia_hilaris_44423_1431935324,© all rights reserved
507493,3077955029,Anthomyiidae_Delia_platura_276537_3077955029,© all rights reserved
508071,1482764668,Anthomyiidae_Hylemya_nigrimanus_49729_1482764668,© all rights reserved
508072,1482764668,Anthomyiidae_Hylemya_nigrimanus_49730_1482764668,© all rights reserved
508073,1482764668,Anthomyiidae_Hylemya_nigrimanus_49731_1482764668,© all rights reserved
508101,1429251672,Anthomyiidae_Botanophila_fugax_2802522_1429251672,© all rights reserved
508126,1433703164,Anthomyiidae_Pegomya_tabida_1425086_1433703164,© all rights reserved
508302,1884447148,Anthomyiidae_Chirosia_betuleti_1461065_1884447148,© all rights reserved
508379,3431215980,Anthomyiidae_Eustalomyia_histrio_1715663_3431215980,© all rights reserved
508380,3431215980,Anthomyiidae_Eustalomyia_histrio_1715664_3431215980,© all rights reserved
508381,3431215980,Anthomyiidae_Eustalomyia_histrio_1715665_3431215980,© all rights reserved
508382,3431215980,Anthomyiidae_Eustalomyia_histrio_1715666_3431215980,© all rights reserved
508848,2862442487,Anthomyiidae_Anthomyia_monilis_243814_2862442487,http://creativecommons.org/licenses/by-nc/4.0/
509938,3759849366,Anthomyiidae_Anthomyia_illocata_2613882_3759849366,http://creativecommons.org/licenses/by-nc/4.0/
510182,2813885492,Anthomyiidae_Anthomyia_illocata_203739_2813885492,http://creativecommons.org/licenses/by-nc/4.0/
510219,3090609538,Anthomyiidae_Anthomyia_illocata_278602_3090609538,http://creativecommons.org/licenses/by-nc/4.0/
511891,1460548313,Anthomyiidae_Phorbia_moliniaris_740474_1460548313,© all rights reserved
512760,3067948381,Anthomyiidae_Anthomyia_illocata_964412_3067948381,http://creativecommons.org/licenses/by-nc/4.0/
513298,3384210564,Anthomyiidae_Eustalomyia_hilaris_320465_3384210564,http://creativecommons.org/licenses/by-nc/4.0/
514703,3947767974,Anthomyiidae_Pegomya_flavifrons_2720093_3947767974,http://creativecommons.org/licenses/by-nc/4.0/
514704,3947767974,Anthomyiidae_Pegomya_flavifrons_2720094_3947767974,http://creativecommons.org/licenses/by-nc/4.0/
514705,3947767974,Anthomyiidae_Pegomya_flavifrons_2720095_3947767974,http://creativecommons.org/licenses/by-nc/4.0/
518596,2634471375,Anthomyiidae_Pegomya_flavifrons_888369_2634471375,http://creativecommons.org/licenses/by-nc/4.0/
518597,2634471375,Anthomyiidae_Pegomya_flavifrons_888370_2634471375,http://creativecommons.org/licenses/by-nc/4.0/
518598,2634471375,Anthomyiidae_Pegomya_flavifrons_888371_2634471375,http://creativecommons.org/licenses/by-nc/4.0/
518599,2634471375,Anthomyiidae_Pegomya_flavifrons_888372_2634471375,http://creativecommons.org/licenses/by-nc/4.0/
519334,4011910268,Anthomyiidae_Anthomyia_quinquemaculata_3436840_4011910268,http://creativecommons.org/licenses/by-nc/4.0/
520148,3112331417,Anthomyiidae_Anthomyia_illocata_283812_3112331417,http://creativecommons.org/licenses/by-nc/4.0/
521907,3337774688,Anthomyiidae_Anthomyia_pluvialis_3068818_3337774688,http://creativecommons.org/licenses/by-nc/4.0/
522409,3947520151,Anthomyiidae_Anthomyia_quinquemaculata_2029127_3947520151,http://creativecommons.org/licenses/by-nc/4.0/
523198,3986297440,Anthomyiidae_Anthomyia_illocata_2038700_3986297440,http://creativecommons.org/licenses/by-nc/4.0/
526320,3456615111,Anthomyiidae_Anthomyia_monilis_462451_3456615111,http://creativecommons.org/licenses/by-nc/4.0/
526321,3456615111,Anthomyiidae_Anthomyia_monilis_462452_3456615111,http://creativecommons.org/licenses/by-nc/4.0/
527010,1958278776,Anthomyiidae_Mycophaga_testacea_2166065_1958278776,http://creativecommons.org/licenses/by-nc/4.0/
527011,1958278776,Anthomyiidae_Mycophaga_testacea_2166066_1958278776,http://creativecommons.org/licenses/by-nc/4.0/
527381,1952927948,Anthomyiidae_Hydrophoria_lancifer_2157502_1952927948,http://creativecommons.org/licenses/by-nc-nd/4.0/
527860,1965989057,Anthomyiidae_Hydrophoria_linogrisea_798464_1965989057,http://creativecommons.org/licenses/by-nc-nd/4.0/
527861,1965989057,Anthomyiidae_Hydrophoria_linogrisea_798465_1965989057,http://creativecommons.org/licenses/by-nc-nd/4.0/
527862,1965989057,Anthomyiidae_Hydrophoria_linogrisea_798466_1965989057,http://creativecommons.org/licenses/by-nc-nd/4.0/
527924,1959769836,Anthomyiidae_Chirosia_grossicauda_790388_1959769836,http://creativecommons.org/licenses/by-nc-nd/4.0/
528781,3725399453,Anthomyiidae_Anthomyia_procellaris_2577163_3725399453,http://creativecommons.org/licenses/by-nc-nd/4.0/
529212,1957420292,Anthomyiidae_Pegomya_setaria_1474913_1957420292,http://creativecommons.org/licenses/by-nc-nd/4.0/
530941,1974162118,Anthomyiidae_Pegomya_testacea_811462_1974162118,http://creativecommons.org/licenses/by-nc-nd/4.0/
530942,1974162118,Anthomyiidae_Pegomya_testacea_811463_1974162118,http://creativecommons.org/licenses/by-nc-nd/4.0/
532933,3112550385,Anthomyiidae_Anthomyia_pluvialis_1662733_3112550385,http://creativecommons.org/licenses/by-nc/4.0/
533521,3330756352,Anthomyiidae_Anthomyia_pluvialis_3061556_3330756352,http://creativecommons.org/licenses/by-nc/4.0/
534447,3923445401,Anthomyiidae_Anthomyia_quinquemaculata_3403849_3923445401,http://creativecommons.org/licenses/by-nc/4.0/
536047,4011635636,Anthomyiidae_Anthomyia_illocata_2055672_4011635636,http://creativecommons.org/licenses/by-nc/4.0/
536897,3456059976,Anthomyiidae_Egle_ciliata_1149772_3456059976,http://creativecommons.org/licenses/by-nc/4.0/
536898,3456059976,Anthomyiidae_Egle_ciliata_1149773_3456059976,http://creativecommons.org/licenses/by-nc/4.0/
536899,3456059976,Anthomyiidae_Egle_ciliata_1149774_3456059976,http://creativecommons.org/licenses/by-nc/4.0/
536900,3456059976,Anthomyiidae_Egle_ciliata_1149775_3456059976,http://creativecommons.org/licenses/by-nc/4.0/
537167,3097310467,Anthomyiidae_Eustalomyia_hilaris_2350514_3097310467,http://creativecommons.org/licenses/by-nc/4.0/
537249,3759211374,Anthomyiidae_Anthomyia_illocata_544341_3759211374,http://creativecommons.org/licenses/by/4.0/
538123,3090859761,Anthomyiidae_Anthomyia_pluvialis_279397_3090859761,http://creativecommons.org/licenses/by-nc/4.0/
542240,2283013082,Anthomyiidae_Chirosia_betuleti_2213951_2283013082,http://creativecommons.org/licenses/by-sa/4.0/
543177,3112814438,Anthomyiidae_Anthomyia_illocata_3043373_3112814438,http://creativecommons.org/licenses/by-nc/4.0/
543244,3759279662,Anthomyiidae_Anthomyia_illocata_3302793_3759279662,http://creativecommons.org/licenses/by-nc/4.0/
543607,3416032162,Anthomyiidae_Anthomyia_illocata_2403170_3416032162,http://creativecommons.org/licenses/by-nc/4.0/
545237,3759213334,Anthomyiidae_Anthomyia_illocata_2611975_3759213334,http://creativecommons.org/licenses/by-nc/4.0/
548919,4015265469,Anthomyiidae_Anthomyia_pluvialis_2747932_4015265469,http://creativecommons.org/licenses/by-nc/4.0/
550265,3330790357,Anthomyiidae_Anthomyia_pluvialis_1681647_3330790357,http://creativecommons.org/licenses/by-nc/4.0/
553284,3698127535,Anthomyiidae_Anthomyia_illocata_2540681_3698127535,http://creativecommons.org/licenses/by-nc/4.0/
554041,3415940551,Anthomyiidae_Anthomyia_quinquemaculata_1713683_3415940551,http://creativecommons.org/licenses/by/4.0/
554042,3415940551,Anthomyiidae_Anthomyia_quinquemaculata_1713684_3415940551,http://creativecommons.org/licenses/by/4.0/
554043,3415940551,Anthomyiidae_Anthomyia_quinquemaculata_1713685_3415940551,http://creativecommons.org/licenses/by/4.0/
555133,3860562220,Anthomyiidae_Anthomyia_illocata_3344907_3860562220,http://creativecommons.org/licenses/by-nc/4.0/
556192,2576291244,Anthomyiidae_Anthomyia_illocata_873269_2576291244,http://creativecommons.org/licenses/by-nc/4.0/
557389,3112704403,Anthomyiidae_Anthomyia_pluvialis_3043141_3112704403,http://creativecommons.org/licenses/by-nc-nd/4.0/
559578,3759521467,Anthomyiidae_Anthomyia_illocata_1923596_3759521467,http://creativecommons.org/licenses/by-nc/4.0/
560399,3455474320,Anthomyiidae_Pegomya_bicolor_3215919_3455474320,http://creativecommons.org/licenses/by-nc/4.0/
560400,3455474320,Anthomyiidae_Pegomya_bicolor_3215920_3455474320,http://creativecommons.org/licenses/by-nc/4.0/
560401,3455474320,Anthomyiidae_Pegomya_bicolor_3215921_3455474320,http://creativecommons.org/licenses/by-nc/4.0/
560402,3455474320,Anthomyiidae_Pegomya_bicolor_3215922_3455474320,http://creativecommons.org/licenses/by-nc/4.0/
560403,3455474320,Anthomyiidae_Pegomya_bicolor_3215923_3455474320,http://creativecommons.org/licenses/by-nc/4.0/
560404,3455474320,Anthomyiidae_Pegomya_bicolor_3215924_3455474320,http://creativecommons.org/licenses/by-nc/4.0/
560405,3455474320,Anthomyiidae_Pegomya_bicolor_3215925_3455474320,http://creativecommons.org/licenses/by-nc/4.0/
560406,3455474320,Anthomyiidae_Pegomya_bicolor_3215926_3455474320,http://creativecommons.org/licenses/by-nc/4.0/
560819,3307162515,Anthomyiidae_Pegomya_rubivora_2360266_3307162515,http://creativecommons.org/licenses/by-nc/4.0/
560820,3307162515,Anthomyiidae_Pegomya_rubivora_2360267_3307162515,http://creativecommons.org/licenses/by-nc/4.0/
560850,3888868480,Anthomyiidae_Anthomyia_illocata_3358671_3888868480,http://creativecommons.org/licenses/by-nc/4.0/
563252,3090530647,Anthomyiidae_Anthomyia_illocata_3036884_3090530647,http://creativecommons.org/licenses/by-nc/4.0/
564262,2397501619,Anthomyiidae_Chirosia_betuleti_841107_2397501619,http://creativecommons.org/licenses/by-sa/4.0/
565180,3802757526,Anthomyiidae_Anthomyia_quinquemaculata_2625552_3802757526,http://creativecommons.org/licenses/by-nc/4.0/
569073,2823116418,Anthomyiidae_Anthomyia_pluvialis_1587296_2823116418,http://creativecommons.org/licenses/by/4.0/
569077,2823116418,Anthomyiidae_Anthomyia_pluvialis_1587300_2823116418,http://creativecommons.org/licenses/by/4.0/
569251,3881814473,Anthomyiidae_Eustalomyia_hilaris_3357189_3881814473,http://creativecommons.org/licenses/by-nc/4.0/
569752,3860475921,Anthomyiidae_Hydrophoria_lancifer_585891_3860475921,http://creativecommons.org/licenses/by-nc/4.0/
569754,3860475921,Anthomyiidae_Hydrophoria_lancifer_585893_3860475921,http://creativecommons.org/licenses/by-nc/4.0/
570166,4022272631,Anthomyiidae_Anthomyia_pluvialis_2061088_4022272631,http://creativecommons.org/licenses/by-nc/4.0/
570167,4022272631,Anthomyiidae_Anthomyia_pluvialis_2061089_4022272631,http://creativecommons.org/licenses/by-nc/4.0/
572048,3888805106,Anthomyiidae_Hylemya_latevittata_599672_3888805106,http://creativecommons.org/licenses/by-nc/4.0/
572663,2576244361,Anthomyiidae_Anthomyia_illocata_2941170_2576244361,http://creativecommons.org/licenses/by-nc/4.0/
573642,2882946310,Anthomyiidae_Fucellia_tergina_2316721_2882946310,http://creativecommons.org/licenses/by-nc/4.0/
577448,3097090684,Anthomyiidae_Egle_ciliata_3040467_3097090684,http://creativecommons.org/licenses/by-nc/4.0/
577900,3759134708,Anthomyiidae_Anthomyia_illocata_543953_3759134708,http://creativecommons.org/licenses/by-nc/4.0/
579451,3759640513,Anthomyiidae_Anthomyia_quinquemaculata_1234468_3759640513,http://creativecommons.org/licenses/by-nc/4.0/
580048,3903511447,Anthomyiidae_Hylemya_latevittata_1301874_3903511447,http://creativecommons.org/licenses/by-nc/4.0/
582438,3923537383,Anthomyiidae_Anthomyia_quinquemaculata_646239_3923537383,http://creativecommons.org/licenses/by-nc/4.0/
586142,3881447361,Anthomyiidae_Eustalomyia_festiva_1975153_3881447361,http://creativecommons.org/licenses/by-nc/4.0/
586143,3881447361,Anthomyiidae_Eustalomyia_festiva_1975154_3881447361,http://creativecommons.org/licenses/by-nc/4.0/
586144,3881447361,Anthomyiidae_Eustalomyia_festiva_1975155_3881447361,http://creativecommons.org/licenses/by-nc/4.0/
586145,3881447361,Anthomyiidae_Eustalomyia_festiva_1975156_3881447361,http://creativecommons.org/licenses/by-nc/4.0/
586146,3881447361,Anthomyiidae_Eustalomyia_festiva_1975157_3881447361,http://creativecommons.org/licenses/by-nc/4.0/
586147,3881447361,Anthomyiidae_Eustalomyia_festiva_1975158_3881447361,http://creativecommons.org/licenses/by-nc/4.0/
586148,3881447361,Anthomyiidae_Eustalomyia_festiva_1975159_3881447361,http://creativecommons.org/licenses/by-nc/4.0/
586274,3743004485,Anthomyiidae_Anthomyia_illocata_3299664_3743004485,http://creativecommons.org/licenses/by/4.0/
586277,3743004485,Anthomyiidae_Anthomyia_illocata_3299667_3743004485,http://creativecommons.org/licenses/by/4.0/
586617,1806330004,Anthomyiidae_Anthomyia_illocata_2813963_1806330004,http://creativecommons.org/licenses/by-nc/4.0/
587916,2901736427,Anthomyiidae_Chirosia_betuleti_3010026_2901736427,http://creativecommons.org/licenses/by-nc/4.0/
587971,3415760536,Anthomyiidae_Anthomyia_pluvialis_2402037_3415760536,http://creativecommons.org/licenses/by-nc/4.0/
588104,2901800264,Anthomyiidae_Chirosia_betuleti_251662_2901800264,http://creativecommons.org/licenses/by-nc/4.0/
590947,3759847397,Anthomyiidae_Anthomyia_illocata_546281_3759847397,http://creativecommons.org/licenses/by-nc/4.0/
595650,3118334518,Anthomyiidae_Mycophaga_testacea_286996_3118334518,http://creativecommons.org/licenses/by/4.0/
595651,3118334518,Anthomyiidae_Mycophaga_testacea_286997_3118334518,http://creativecommons.org/licenses/by/4.0/
595652,3118334518,Anthomyiidae_Mycophaga_testacea_286998_3118334518,http://creativecommons.org/licenses/by/4.0/
595653,3118334518,Anthomyiidae_Mycophaga_testacea_286999_3118334518,http://creativecommons.org/licenses/by/4.0/
596505,3330752304,Anthomyiidae_Anthomyia_pluvialis_1681395_3330752304,http://creativecommons.org/licenses/by/4.0/
597118,3097014328,Anthomyiidae_Anthomyia_illocata_281591_3097014328,http://creativecommons.org/licenses/by-nc/4.0/
598138,3772597928,Anthomyiidae_Anthomyia_procellaris_2617781_3772597928,http://creativecommons.org/licenses/by-nc/4.0/
598662,3090813974,Anthomyiidae_Anthomyia_illocata_969405_3090813974,http://creativecommons.org/licenses/by-sa/4.0/
598952,3759813584,Anthomyiidae_Pegomya_flavifrons_1234911_3759813584,http://creativecommons.org/licenses/by-nc/4.0/
600564,3008524955,Anthomyiidae_Anthomyia_illocata_3019802_3008524955,http://creativecommons.org/licenses/by-nc/4.0/
600973,3743179908,Anthomyiidae_Eustalomyia_hilaris_1920192_3743179908,http://creativecommons.org/licenses/by-nc/4.0/
602204,3759868306,Anthomyiidae_Anthomyia_illocata_2613960_3759868306,http://creativecommons.org/licenses/by-nc/4.0/
605953,3330429371,Anthomyiidae_Anthomyia_pluvialis_1679878_3330429371,http://creativecommons.org/licenses/by-nc/4.0/
606249,3888771673,Anthomyiidae_Hylemya_latevittata_1288623_3888771673,http://creativecommons.org/licenses/by-nc/4.0/
606667,1024178616,Anthomyiidae_Anthomyia_pluvialis_2762194_1024178616,http://creativecommons.org/licenses/by-nc-sa/4.0/
607911,3097295469,Anthomyiidae_Eustalomyia_vittipes_1660995_3097295469,http://creativecommons.org/licenses/by/4.0/
610261,3090767753,Anthomyiidae_Anthomyia_illocata_3037722_3090767753,http://creativecommons.org/licenses/by-nc/4.0/
610747,3061589344,Anthomyiidae_Hylemya_latevittata_3031003_3061589344,http://creativecommons.org/licenses/by-nc/4.0/
611476,2898333365,Anthomyiidae_Anthomyia_illocata_249844_2898333365,http://creativecommons.org/licenses/by-nc/4.0/
611895,3873280063,Anthomyiidae_Anthomyia_quinquemaculata_2657548_3873280063,http://creativecommons.org/licenses/by-nc/4.0/
611936,3966488555,Anthomyiidae_Pegoplata_palposa_3415115_3966488555,http://creativecommons.org/licenses/by-nc/4.0/
613779,2550022562,Anthomyiidae_Anthomyia_liturata_1547395_2550022562,http://creativecommons.org/licenses/by-sa/4.0/
613780,2550022562,Anthomyiidae_Anthomyia_liturata_1547396_2550022562,http://creativecommons.org/licenses/by-sa/4.0/
614009,2856669545,Anthomyiidae_Botanophila_seneciella_1619574_2856669545,http://creativecommons.org/licenses/by-nc/4.0/
614982,3994255728,Anthomyiidae_Hylemya_latevittata_2731792_3994255728,http://creativecommons.org/licenses/by-nc/4.0/
614983,3994255728,Anthomyiidae_Hylemya_latevittata_2731793_3994255728,http://creativecommons.org/licenses/by-nc/4.0/
615579,3090722677,Anthomyiidae_Anthomyia_illocata_278909_3090722677,http://creativecommons.org/licenses/by-nc/4.0/
618334,3994291689,Anthomyiidae_Hylemya_latevittata_3421920_3994291689,http://creativecommons.org/licenses/by-nc/4.0/
618335,3994291689,Anthomyiidae_Hylemya_latevittata_3421921_3994291689,http://creativecommons.org/licenses/by-nc/4.0/
618336,3994291689,Anthomyiidae_Hylemya_latevittata_3421922_3994291689,http://creativecommons.org/licenses/by-nc/4.0/
618749,3017991333,Anthomyiidae_Mycophaga_testacea_2331474_3017991333,http://creativecommons.org/licenses/by/4.0/
621276,3330723367,Anthomyiidae_Anthomyia_pluvialis_3061350_3330723367,http://creativecommons.org/licenses/by-nc/4.0/
622556,2273200321,Anthomyiidae_Anthomyia_illocata_145314_2273200321,http://creativecommons.org/licenses/by-nc/4.0/
623729,2576244891,Anthomyiidae_Anthomyia_illocata_1561963_2576244891,http://creativecommons.org/publicdomain/zero/1.0/
625080,3759533789,Anthomyiidae_Anthomyia_illocata_1923631_3759533789,http://creativecommons.org/licenses/by/4.0/
625386,4014897856,Anthomyiidae_Hylemya_latevittata_1367847_4014897856,http://creativecommons.org/licenses/by-nc/4.0/
625904,3337586174,Anthomyiidae_Anthomyia_procellaris_309478_3337586174,http://creativecommons.org/licenses/by-nc/4.0/
626102,3760117711,Anthomyiidae_Pegomya_flavifrons_547052_3760117711,http://creativecommons.org/licenses/by/4.0/
626103,3760117711,Anthomyiidae_Pegomya_flavifrons_547053_3760117711,http://creativecommons.org/licenses/by/4.0/
629970,3330719367,Anthomyiidae_Anthomyia_pluvialis_3061324_3330719367,http://creativecommons.org/licenses/by-nc/4.0/
630227,3759845690,Anthomyiidae_Anthomyia_illocata_3304378_3759845690,http://creativecommons.org/licenses/by/4.0/
632463,3330490385,Anthomyiidae_Anthomyia_pluvialis_301946_3330490385,http://creativecommons.org/licenses/by-nc/4.0/
633045,2595991964,Anthomyiidae_Eustalomyia_vittipes_2252098_2595991964,http://creativecommons.org/licenses/by-nc/4.0/
633046,2595991964,Anthomyiidae_Eustalomyia_vittipes_2252099_2595991964,http://creativecommons.org/licenses/by-nc/4.0/
633047,2595991964,Anthomyiidae_Eustalomyia_vittipes_2252100_2595991964,http://creativecommons.org/licenses/by-nc/4.0/
633089,3090852817,Anthomyiidae_Anthomyia_illocata_279357_3090852817,http://creativecommons.org/licenses/by-nc/4.0/
633436,3892569420,Anthomyiidae_Hydrophoria_lancifer_1292312_3892569420,http://creativecommons.org/licenses/by/4.0/
633703,2251608569,Anthomyiidae_Pegoplata_picipes_142890_2251608569,http://creativecommons.org/licenses/by-nc/4.0/
636413,4006775814,Anthomyiidae_Hylemya_latevittata_2052785_4006775814,http://creativecommons.org/licenses/by-nc/4.0/
637771,2901825232,Anthomyiidae_Chirosia_betuleti_1630063_2901825232,http://creativecommons.org/licenses/by-nc/4.0/
638272,2406932776,Anthomyiidae_Delia_florilega_843819_2406932776,© All rights reserved
638273,2406932776,Anthomyiidae_Delia_florilega_843820_2406932776,© All rights reserved
638345,3313527357,Anthomyiidae_Chirosia_betuleti_983324_3313527357,http://creativecommons.org/licenses/by/4.0/
638612,1482764553,Anthomyiidae_Eustalomyia_festiva_2118895_1482764553,© all rights reserved
638613,1482764553,Anthomyiidae_Eustalomyia_festiva_2118896_1482764553,© all rights reserved
638614,1482764553,Anthomyiidae_Eustalomyia_festiva_2118897_1482764553,© all rights reserved
638615,1482764553,Anthomyiidae_Eustalomyia_festiva_2118898_1482764553,© all rights reserved
642365,3905076898,Anthomyiidae_Botanophila_seneciella_3379080_3905076898,http://creativecommons.org/licenses/by-nc/4.0/
642471,3906320224,Anthomyiidae_Anthomyia_procellaris_2006328_3906320224,http://creativecommons.org/licenses/by-nc-nd/4.0/
643580,1058453944,Anthomyiidae_Eustalomyia_festiva_696274_1058453944,© all rights reserved
645560,3994147941,Anthomyiidae_Anthomyia_quinquemaculata_663853_3994147941,http://creativecommons.org/licenses/by-nc/4.0/
646600,3415757392,Anthomyiidae_Anthomyia_pluvialis_3092335_3415757392,http://creativecommons.org/licenses/by-nc/4.0/
647039,3902664153,Anthomyiidae_Hydrophoria_lancifer_1297492_3902664153,http://creativecommons.org/licenses/by-nc/4.0/
647054,2626549706,Anthomyiidae_Pegomya_solennis_1570103_2626549706,http://creativecommons.org/licenses/by/4.0/
647055,2626549706,Anthomyiidae_Pegomya_solennis_1570104_2626549706,http://creativecommons.org/licenses/by/4.0/
647056,2626549706,Anthomyiidae_Pegomya_solennis_1570105_2626549706,http://creativecommons.org/licenses/by/4.0/
647057,2626549706,Anthomyiidae_Pegomya_solennis_1570106_2626549706,http://creativecommons.org/licenses/by/4.0/
647058,2626549706,Anthomyiidae_Pegomya_solennis_1570107_2626549706,http://creativecommons.org/licenses/by/4.0/
647059,2626549706,Anthomyiidae_Pegomya_solennis_1570108_2626549706,http://creativecommons.org/licenses/by/4.0/
648187,1884889830,Anthomyiidae_Eustalomyia_hilaris_82138_1884889830,http://creativecommons.org/licenses/by-nc-sa/4.0/
648747,2560794196,Anthomyiidae_Delia_echinata_2246487_2560794196,
648750,2560794208,Anthomyiidae_Delia_platura_1557618_2560794208,
648784,2560793442,Anthomyiidae_Delia_echinata_868835_2560793442,
648785,2560793567,Anthomyiidae_Delia_platura_2936865_2560793567,
648788,2560792793,Anthomyiidae_Delia_platura_2936746_2560792793,
648789,2560793524,Anthomyiidae_Delia_platura_1557530_2560793524,
648790,2560792181,Anthomyiidae_Delia_platura_178366_2560792181,
648791,2560793596,Anthomyiidae_Delia_platura_868858_2560793596,
648793,2560792418,Anthomyiidae_Delia_platura_2246228_2560792418,
648823,2560795433,Anthomyiidae_Delia_echinata_2246631_2560795433,
648824,2560792902,Anthomyiidae_Delia_platura_868749_2560792902,
648828,2560791733,Anthomyiidae_Delia_platura_1557238_2560791733,
648867,2560793160,Anthomyiidae_Delia_platura_2246344_2560793160,
648873,2560793169,Anthomyiidae_Delia_platura_1557471_2560793169,
648874,2560793393,Anthomyiidae_Delia_platura_868827_2560793393,
648912,2560790794,Anthomyiidae_Delia_platura_2245943_2560790794,
648913,2560792129,Anthomyiidae_Delia_platura_1557300_2560792129,
648914,2560792135,Anthomyiidae_Delia_platura_2936642_2560792135,
648917,2560794044,Anthomyiidae_Delia_platura_178653_2560794044,
648918,2560794982,Anthomyiidae_Delia_platura_869014_2560794982,
648919,2560795256,Anthomyiidae_Delia_platura_869039_2560795256,
648954,2560792014,Anthomyiidae_Delia_platura_178342_2560792014,
648960,2560793213,Anthomyiidae_Delia_platura_1557480_2560793213,
648986,2560792984,Anthomyiidae_Delia_platura_868763_2560792984,
648989,2560792935,Anthomyiidae_Delia_platura_1557434_2560792935,
648991,2560795622,Anthomyiidae_Delia_platura_2246651_2560795622,
648994,2560793262,Anthomyiidae_Delia_platura_868809_2560793262,
649025,2560793785,Anthomyiidae_Delia_platura_868886_2560793785,
649027,2560791728,Anthomyiidae_Delia_platura_868560_2560791728,
649032,2560792508,Anthomyiidae_Delia_platura_2246241_2560792508,
649037,2560793858,Anthomyiidae_Delia_platura_1557574_2560793858,
649063,2560794098,Anthomyiidae_Delia_platura_2936934_2560794098,
649074,2560790969,Anthomyiidae_Delia_platura_1557096_2560790969,
649105,2560792437,Anthomyiidae_Delia_platura_2936694_2560792437,
649159,2560793110,Anthomyiidae_Delia_platura_2246339_2560793110,
649189,2560793182,Anthomyiidae_Delia_platura_1557474_2560793182,
649226,2560792366,Anthomyiidae_Delia_platura_178399_2560792366,
649228,2560792776,Anthomyiidae_Delia_platura_178465_2560792776,
649230,2560793289,Anthomyiidae_Delia_platura_178547_2560793289,
649234,2560792547,Anthomyiidae_Delia_platura_868695_2560792547,
649266,2560793086,Anthomyiidae_Delia_platura_178515_2560793086,
649268,2560793033,Anthomyiidae_Delia_platura_1557450_2560793033,
649270,2560792922,Anthomyiidae_Delia_platura_2246307_2560792922,
649276,2560793696,Anthomyiidae_Delia_platura_1557554_2560793696,
649309,2560792340,Anthomyiidae_Delia_platura_1557336_2560792340,
649310,2560793775,Anthomyiidae_Delia_platura_178618_2560793775,
649313,2560794189,Anthomyiidae_Delia_platura_178673_2560794189,
649314,2560794687,Anthomyiidae_Delia_platura_2246559_2560794687,
649340,2560793870,Anthomyiidae_Delia_echinata_868895_2560793870,
649343,2560790935,Anthomyiidae_Delia_platura_178151_2560790935,
649349,2560795566,Anthomyiidae_Delia_platura_178827_2560795566,
649376,2560793148,Anthomyiidae_Delia_echinata_2936807_2560793148,
649378,2560791744,Anthomyiidae_Delia_platura_2936572_2560791744,
649386,2560793296,Anthomyiidae_Delia_platura_2246369_2560793296,
649414,2560792736,Anthomyiidae_Delia_echinata_868721_2560792736,
649423,2560792980,Anthomyiidae_Delia_platura_1557440_2560792980,
649455,2560793066,Anthomyiidae_Delia_platura_2246332_2560793066,
649459,2560794396,Anthomyiidae_Delia_platura_178703_2560794396,
649461,2560793044,Anthomyiidae_Delia_platura_2936788_2560793044,
649493,2560793690,Anthomyiidae_Delia_platura_868871_2560793690,
649671,1955605943,Anthomyiidae_Pegomya_solennis_2161787_1955605943,http://creativecommons.org/licenses/by-nc-nd/4.0/
650278,1957438483,Anthomyiidae_Pegomya_dulcamarae_95715_1957438483,http://creativecommons.org/licenses/by/4.0/
650279,1957438483,Anthomyiidae_Pegomya_dulcamarae_95716_1957438483,http://creativecommons.org/licenses/by/4.0/
650280,1957438483,Anthomyiidae_Pegomya_dulcamarae_95717_1957438483,http://creativecommons.org/licenses/by/4.0/
650281,1957438483,Anthomyiidae_Pegomya_dulcamarae_95718_1957438483,http://creativecommons.org/licenses/by/4.0/
650282,1957438483,Anthomyiidae_Pegomya_dulcamarae_95719_1957438483,http://creativecommons.org/licenses/by/4.0/
650283,1957438483,Anthomyiidae_Pegomya_dulcamarae_95720_1957438483,http://creativecommons.org/licenses/by/4.0/
651273,2844535246,Anthomyiidae_Eustalomyia_hilaris_922875_2844535246,http://creativecommons.org/licenses/by-nc-nd/4.0/
653577,1976796177,Anthomyiidae_Hylemya_vagans_2192316_1976796177,http://creativecommons.org/licenses/by-nc-nd/4.0/
653578,1976796177,Anthomyiidae_Hylemya_vagans_2192317_1976796177,http://creativecommons.org/licenses/by-nc-nd/4.0/
653580,1976796177,Anthomyiidae_Hylemya_vagans_2192319_1976796177,http://creativecommons.org/licenses/by-nc-nd/4.0/
654817,3859069172,Anthomyiidae_Anthomyia_illocata_1957646_3859069172,http://creativecommons.org/licenses/by-nc/4.0/
655130,3330459367,Anthomyiidae_Anthomyia_pluvialis_301765_3330459367,http://creativecommons.org/licenses/by-nc/4.0/
657074,3458596445,Anthomyiidae_Pegomya_granadensis_1844215_3458596445,http://creativecommons.org/licenses/by/4.0/
657075,3458596445,Anthomyiidae_Pegomya_granadensis_1844216_3458596445,http://creativecommons.org/licenses/by/4.0/
657076,3458596445,Anthomyiidae_Pegomya_granadensis_1844217_3458596445,http://creativecommons.org/licenses/by/4.0/
657105,3458601714,Anthomyiidae_Pegomya_icterica_2533222_3458601714,http://creativecommons.org/licenses/by/4.0/
657106,3458601714,Anthomyiidae_Pegomya_icterica_2533223_3458601714,http://creativecommons.org/licenses/by/4.0/
657107,3458601714,Anthomyiidae_Pegomya_icterica_2533224_3458601714,http://creativecommons.org/licenses/by/4.0/
657205,3458615406,Anthomyiidae_Pegoplata_granadensis_1154657_3458615406,http://creativecommons.org/licenses/by/4.0/
657206,3458615406,Anthomyiidae_Pegoplata_granadensis_1154658_3458615406,http://creativecommons.org/licenses/by/4.0/
657207,3458615406,Anthomyiidae_Pegoplata_granadensis_1154659_3458615406,http://creativecommons.org/licenses/by/4.0/
657234,3458621934,Anthomyiidae_Botanophila_verticella_3223419_3458621934,http://creativecommons.org/licenses/by/4.0/
657235,3458621934,Anthomyiidae_Botanophila_verticella_3223420_3458621934,http://creativecommons.org/licenses/by/4.0/
657236,3458621934,Anthomyiidae_Botanophila_verticella_3223421_3458621934,http://creativecommons.org/licenses/by/4.0/
657241,3458624745,Anthomyiidae_Pegomya_bicolor_1844384_3458624745,http://creativecommons.org/licenses/by/4.0/
657242,3458624745,Anthomyiidae_Pegomya_bicolor_1844385_3458624745,http://creativecommons.org/licenses/by/4.0/
657243,3458624745,Anthomyiidae_Pegomya_bicolor_1844386_3458624745,http://creativecommons.org/licenses/by/4.0/
657264,3458631161,Anthomyiidae_Pegomya_ruficauda_1844441_3458631161,http://creativecommons.org/licenses/by/4.0/
657265,3458631161,Anthomyiidae_Pegomya_ruficauda_1844442_3458631161,http://creativecommons.org/licenses/by/4.0/
657266,3458631161,Anthomyiidae_Pegomya_ruficauda_1844443_3458631161,http://creativecommons.org/licenses/by/4.0/
657280,3458633406,Anthomyiidae_Botanophila_helviana_1154747_3458633406,http://creativecommons.org/licenses/by/4.0/
657281,3458633406,Anthomyiidae_Botanophila_helviana_1154748_3458633406,http://creativecommons.org/licenses/by/4.0/
657282,3458633406,Anthomyiidae_Botanophila_helviana_1154749_3458633406,http://creativecommons.org/licenses/by/4.0/
657302,3458638000,Anthomyiidae_Pegomya_hybernae_1154771_3458638000,http://creativecommons.org/licenses/by/4.0/
657303,3458638000,Anthomyiidae_Pegomya_hybernae_1154772_3458638000,http://creativecommons.org/licenses/by/4.0/
657304,3458638000,Anthomyiidae_Pegomya_hybernae_1154773_3458638000,http://creativecommons.org/licenses/by/4.0/
657315,3458641523,Anthomyiidae_Strobilomyia_svenssoni_464933_3458641523,http://creativecommons.org/licenses/by/4.0/
657316,3458641523,Anthomyiidae_Strobilomyia_svenssoni_464934_3458641523,http://creativecommons.org/licenses/by/4.0/
657317,3458641523,Anthomyiidae_Strobilomyia_svenssoni_464935_3458641523,http://creativecommons.org/licenses/by/4.0/
657318,3458642107,Anthomyiidae_Pegomya_lyneborgi_3223505_3458642107,http://creativecommons.org/licenses/by/4.0/
657319,3458642107,Anthomyiidae_Pegomya_lyneborgi_3223506_3458642107,http://creativecommons.org/licenses/by/4.0/
657320,3458642107,Anthomyiidae_Pegomya_lyneborgi_3223507_3458642107,http://creativecommons.org/licenses/by/4.0/
657369,3458650981,Anthomyiidae_Phorbia_melania_2533484_3458650981,http://creativecommons.org/licenses/by/4.0/
657370,3458650981,Anthomyiidae_Phorbia_melania_2533485_3458650981,http://creativecommons.org/licenses/by/4.0/
657371,3458650981,Anthomyiidae_Phorbia_melania_2533486_3458650981,http://creativecommons.org/licenses/by/4.0/
657448,3458663091,Anthomyiidae_Anthomyia_confusanea_3223666_3458663091,http://creativecommons.org/licenses/by/4.0/
657449,3458663091,Anthomyiidae_Anthomyia_confusanea_3223667_3458663091,http://creativecommons.org/licenses/by/4.0/
657450,3458663091,Anthomyiidae_Anthomyia_confusanea_3223668_3458663091,http://creativecommons.org/licenses/by/4.0/
657480,3458670634,Anthomyiidae_Fucellia_tergina_465097_3458670634,http://creativecommons.org/licenses/by/4.0/
657481,3458670634,Anthomyiidae_Fucellia_tergina_465098_3458670634,http://creativecommons.org/licenses/by/4.0/
657482,3458670634,Anthomyiidae_Fucellia_tergina_465099_3458670634,http://creativecommons.org/licenses/by/4.0/
657487,3458671804,Anthomyiidae_Delia_martini_465112_3458671804,http://creativecommons.org/licenses/by/4.0/
657488,3458671804,Anthomyiidae_Delia_martini_465113_3458671804,http://creativecommons.org/licenses/by/4.0/
657489,3458671804,Anthomyiidae_Delia_martini_465114_3458671804,http://creativecommons.org/licenses/by/4.0/
657529,3458681905,Anthomyiidae_Phorbia_hispanica_2533680_3458681905,http://creativecommons.org/licenses/by/4.0/
657530,3458681905,Anthomyiidae_Phorbia_hispanica_2533681_3458681905,http://creativecommons.org/licenses/by/4.0/
657531,3458681905,Anthomyiidae_Phorbia_hispanica_2533682_3458681905,http://creativecommons.org/licenses/by/4.0/
657539,3458682744,Anthomyiidae_Botanophila_tuxeni_465202_3458682744,http://creativecommons.org/licenses/by/4.0/
657540,3458682744,Anthomyiidae_Botanophila_tuxeni_465203_3458682744,http://creativecommons.org/licenses/by/4.0/
657541,3458682744,Anthomyiidae_Botanophila_tuxeni_465204_3458682744,http://creativecommons.org/licenses/by/4.0/
657556,3458685842,Anthomyiidae_Hydrophoria_lancifer_1844777_3458685842,http://creativecommons.org/licenses/by/4.0/
657582,3458691694,Anthomyiidae_Phorbia_bartaki_3223836_3458691694,http://creativecommons.org/licenses/by/4.0/
657583,3458691694,Anthomyiidae_Phorbia_bartaki_3223837_3458691694,http://creativecommons.org/licenses/by/4.0/
657584,3458691694,Anthomyiidae_Phorbia_bartaki_3223838_3458691694,http://creativecommons.org/licenses/by/4.0/
657585,3458692459,Anthomyiidae_Pegomya_lucidae_3223842_3458692459,http://creativecommons.org/licenses/by/4.0/
657586,3458692459,Anthomyiidae_Pegomya_lucidae_3223843_3458692459,http://creativecommons.org/licenses/by/4.0/
657587,3458692459,Anthomyiidae_Pegomya_lucidae_3223844_3458692459,http://creativecommons.org/licenses/by/4.0/
657648,2422887453,Anthomyiidae_Anthomyia_pluvialis_2224056_2422887453,http://creativecommons.org/licenses/by/4.0/
657957,3881436401,Anthomyiidae_Eustalomyia_vittipes_596793_3881436401,http://creativecommons.org/licenses/by-nc/4.0/
657958,3881436401,Anthomyiidae_Eustalomyia_vittipes_596794_3881436401,http://creativecommons.org/licenses/by-nc/4.0/
660283,1957234788,Anthomyiidae_Botanophila_fugax_95278_1957234788,http://creativecommons.org/licenses/by-nc-nd/4.0/
660642,1958737341,Anthomyiidae_Hydrophoria_ruralis_788776_1958737341,http://creativecommons.org/licenses/by-nc/4.0/
660643,1958737341,Anthomyiidae_Hydrophoria_ruralis_788777_1958737341,http://creativecommons.org/licenses/by-nc/4.0/
661077,3995628608,Anthomyiidae_Hydrophoria_ruralis_2044497_3995628608,http://creativecommons.org/licenses/by-nc-nd/4.0/
661078,3995628608,Anthomyiidae_Hydrophoria_ruralis_2044498_3995628608,http://creativecommons.org/licenses/by-nc-nd/4.0/
661079,3995628608,Anthomyiidae_Hydrophoria_ruralis_2044499_3995628608,http://creativecommons.org/licenses/by-nc-nd/4.0/
661080,3995628608,Anthomyiidae_Hydrophoria_ruralis_2044500_3995628608,http://creativecommons.org/licenses/by-nc-nd/4.0/
661729,1968235940,Anthomyiidae_Hylemya_vagans_801484_1968235940,http://creativecommons.org/licenses/by-nc-nd/4.0/
661866,1957977440,Anthomyiidae_Pegomya_laticornis_787599_1957977440,http://creativecommons.org/licenses/by/4.0/
663390,2841592682,Anthomyiidae_Hydrophoria_ruralis_2293910_2841592682,http://creativecommons.org/licenses/by-nc-nd/4.0/
663391,2841592682,Anthomyiidae_Hydrophoria_ruralis_2293911_2841592682,http://creativecommons.org/licenses/by-nc-nd/4.0/
664204,3124592549,Anthomyiidae_Pegomya_flavifrons_3046367_3124592549,http://creativecommons.org/licenses/by/4.0/
664205,3124592549,Anthomyiidae_Pegomya_flavifrons_3046368_3124592549,http://creativecommons.org/licenses/by/4.0/
664206,3124592549,Anthomyiidae_Pegomya_flavifrons_3046369_3124592549,http://creativecommons.org/licenses/by/4.0/
664207,3124592549,Anthomyiidae_Pegomya_flavifrons_3046370_3124592549,http://creativecommons.org/licenses/by/4.0/
666205,1966567196,Anthomyiidae_Anthomyia_procellaris_2177674_1966567196,http://creativecommons.org/licenses/by-nc-nd/4.0/
667454,1972874460,Anthomyiidae_Chirosia_histricina_1497007_1972874460,http://creativecommons.org/licenses/by-nc-nd/4.0/
667455,1972874460,Anthomyiidae_Chirosia_histricina_1497008_1972874460,http://creativecommons.org/licenses/by-nc-nd/4.0/
667958,1977641404,Anthomyiidae_Lasiomma_seminitidum_816253_1977641404,http://creativecommons.org/licenses/by-nc-nd/4.0/
668087,1975647447,Anthomyiidae_Pegomya_testacea_121793_1975647447,http://creativecommons.org/licenses/by-nc-nd/4.0/
668088,1975647447,Anthomyiidae_Pegomya_testacea_121794_1975647447,http://creativecommons.org/licenses/by-nc-nd/4.0/
668798,1972216700,Anthomyiidae_Chirosia_histricina_2875361_1972216700,http://creativecommons.org/licenses/by-nc/4.0/
668799,1972216700,Anthomyiidae_Chirosia_histricina_2875362_1972216700,http://creativecommons.org/licenses/by-nc/4.0/
668800,1972216700,Anthomyiidae_Chirosia_histricina_2875363_1972216700,http://creativecommons.org/licenses/by-nc/4.0/
669900,1958665384,Anthomyiidae_Hydrophoria_lancifer_2166578_1958665384,http://creativecommons.org/licenses/by-nc-nd/4.0/
670103,1977304294,Anthomyiidae_Hydrophoria_linogrisea_2883494_1977304294,http://creativecommons.org/licenses/by-nc-nd/4.0/
670104,1977304294,Anthomyiidae_Hydrophoria_linogrisea_2883495_1977304294,http://creativecommons.org/licenses/by-nc-nd/4.0/
670413,1973639242,Anthomyiidae_Hydrophoria_ruralis_119510_1973639242,http://creativecommons.org/licenses/by-nc-nd/4.0/
670414,1973639242,Anthomyiidae_Hydrophoria_ruralis_119511_1973639242,http://creativecommons.org/licenses/by-nc-nd/4.0/
674034,2836840898,Anthomyiidae_Eustalomyia_hilaris_218187_2836840898,http://creativecommons.org/licenses/by-nc/4.0/
674886,1959322702,Anthomyiidae_Myopina_myopina_2167262_1959322702,http://creativecommons.org/licenses/by-nc-nd/4.0/
674887,1959322702,Anthomyiidae_Myopina_myopina_2167263_1959322702,http://creativecommons.org/licenses/by-nc-nd/4.0/
676035,1955830148,Anthomyiidae_Pegomya_solennis_94052_1955830148,http://creativecommons.org/licenses/by-nc-nd/4.0/
677473,3385027098,Anthomyiidae_Anthomyia_illocata_3082765_3385027098,http://creativecommons.org/licenses/by-nc/4.0/
678313,3049288601,Anthomyiidae_Chirosia_betuleti_2338775_3049288601,© all rights reserved
678502,2979468168,Anthomyiidae_Fucellia_fucorum_3012571_2979468168,http://creativecommons.org/licenses/by-nc-sa/4.0/
678516,2633695116,Anthomyiidae_Fucellia_fucorum_886003_2633695116,http://creativecommons.org/licenses/by-nc-sa/4.0/
679266,2422122118,Anthomyiidae_Eustalomyia_festiva_2223099_2422122118,© all rights reserved
679267,2422122118,Anthomyiidae_Eustalomyia_festiva_2223100_2422122118,© all rights reserved
679298,1844726114,Anthomyiidae_Leucophora_personata_1452593_1844726114,© all rights reserved
683648,1952159755,Anthomyiidae_Zaphne_divisa_778221_1952159755,http://creativecommons.org/licenses/by-nc-nd/4.0/
683649,1952159755,Anthomyiidae_Zaphne_divisa_778222_1952159755,http://creativecommons.org/licenses/by-nc-nd/4.0/
684058,3717790041,Anthomyiidae_Anthomyia_procellaris_2552603_3717790041,http://creativecommons.org/licenses/by-nc-nd/4.0/
684162,1957738645,Anthomyiidae_Hylemya_variata_2164815_1957738645,http://creativecommons.org/licenses/by-nc-nd/4.0/
684163,1957738645,Anthomyiidae_Hylemya_variata_2164816_1957738645,http://creativecommons.org/licenses/by-nc-nd/4.0/
684164,1957738645,Anthomyiidae_Hylemya_variata_2164817_1957738645,http://creativecommons.org/licenses/by-nc-nd/4.0/
685505,1957868857,Anthomyiidae_Myopina_myopina_1475914_1957868857,http://creativecommons.org/licenses/by-nc-nd/4.0/
687808,4006501789,Anthomyiidae_Hylemya_latevittata_674237_4006501789,http://creativecommons.org/licenses/by-nc/4.0/
688533,3873572086,Anthomyiidae_Pegomya_flavifrons_1969778_3873572086,http://creativecommons.org/licenses/by-nc/4.0/
688534,3873572086,Anthomyiidae_Pegomya_flavifrons_1969779_3873572086,http://creativecommons.org/licenses/by-nc/4.0/
689368,3118334131,Anthomyiidae_Anthomyia_illocata_977080_3118334131,http://creativecommons.org/licenses/by-nc/4.0/
692111,3759599351,Anthomyiidae_Anthomyia_illocata_3303667_3759599351,http://creativecommons.org/licenses/by-nc/4.0/
692112,3759599351,Anthomyiidae_Anthomyia_illocata_3303668_3759599351,http://creativecommons.org/licenses/by-nc/4.0/
692238,1961147917,Anthomyiidae_Hydrophoria_linogrisea_2859859_1961147917,http://creativecommons.org/licenses/by-nc-nd/4.0/
693329,1956961550,Anthomyiidae_Pegomya_flavifrons_2163273_1956961550,http://creativecommons.org/licenses/by-nc-nd/4.0/
694251,3131270321,Anthomyiidae_Hylemya_urbica_1667032_3131270321,http://creativecommons.org/licenses/by/4.0/
694252,3131270321,Anthomyiidae_Hylemya_urbica_1667033_3131270321,http://creativecommons.org/licenses/by/4.0/
694671,3881758382,Anthomyiidae_Eustalomyia_hilaris_598103_3881758382,http://creativecommons.org/licenses/by-nc/4.0/
694797,3097029366,Anthomyiidae_Eustalomyia_vittipes_2349715_3097029366,http://creativecommons.org/licenses/by-nc/4.0/
694798,3097029366,Anthomyiidae_Eustalomyia_vittipes_2349716_3097029366,http://creativecommons.org/licenses/by-nc/4.0/
694799,3097029366,Anthomyiidae_Eustalomyia_vittipes_2349717_3097029366,http://creativecommons.org/licenses/by-nc/4.0/
694800,3097029366,Anthomyiidae_Eustalomyia_vittipes_2349718_3097029366,http://creativecommons.org/licenses/by-nc/4.0/
696138,3112677366,Anthomyiidae_Anthomyia_pluvialis_974625_3112677366,http://creativecommons.org/licenses/by/4.0/
697151,2460093251,Anthomyiidae_Pegomya_flavifrons_164076_2460093251,http://creativecommons.org/publicdomain/zero/1.0/
699757,1956496851,Anthomyiidae_Alliopsis_silvestris_94521_1956496851,http://creativecommons.org/licenses/by-nc-nd/4.0/
699758,1956496851,Anthomyiidae_Alliopsis_silvestris_94522_1956496851,http://creativecommons.org/licenses/by-nc-nd/4.0/
701911,1956676613,Anthomyiidae_Botanophila_fugax_785268_1956676613,http://creativecommons.org/licenses/by-nc-nd/4.0/
701912,1956676613,Anthomyiidae_Botanophila_fugax_785269_1956676613,http://creativecommons.org/licenses/by-nc-nd/4.0/
701913,1956676613,Anthomyiidae_Botanophila_fugax_785270_1956676613,http://creativecommons.org/licenses/by-nc-nd/4.0/
701914,1956676613,Anthomyiidae_Botanophila_fugax_785271_1956676613,http://creativecommons.org/licenses/by-nc-nd/4.0/
702964,2836637848,Anthomyiidae_Paregle_audacula_2976400_2836637848,http://creativecommons.org/licenses/by-nc-nd/4.0/
702965,2836637848,Anthomyiidae_Paregle_audacula_2976401_2836637848,http://creativecommons.org/licenses/by-nc-nd/4.0/
702966,2836637848,Anthomyiidae_Paregle_audacula_2976402_2836637848,http://creativecommons.org/licenses/by-nc-nd/4.0/
702967,2836637848,Anthomyiidae_Paregle_audacula_2976403_2836637848,http://creativecommons.org/licenses/by-nc-nd/4.0/
702968,2836637848,Anthomyiidae_Paregle_audacula_2976404_2836637848,http://creativecommons.org/licenses/by-nc-nd/4.0/
702969,2836637848,Anthomyiidae_Paregle_audacula_2976405_2836637848,http://creativecommons.org/licenses/by-nc-nd/4.0/
702993,3947528363,Anthomyiidae_Anthomyia_illocata_651346_3947528363,http://creativecommons.org/licenses/by-nc/4.0/
703194,3759262160,Anthomyiidae_Anthomyia_quinquemaculata_3302740_3759262160,http://creativecommons.org/licenses/by-nc/4.0/
703195,3759262160,Anthomyiidae_Anthomyia_quinquemaculata_3302741_3759262160,http://creativecommons.org/licenses/by-nc/4.0/
705818,1957210791,Anthomyiidae_Fucellia_fucorum_2163709_1957210791,http://creativecommons.org/licenses/by-nc-nd/4.0/
705819,1957210791,Anthomyiidae_Fucellia_fucorum_2163710_1957210791,http://creativecommons.org/licenses/by-nc-nd/4.0/
705820,1957210791,Anthomyiidae_Fucellia_fucorum_2163711_1957210791,http://creativecommons.org/licenses/by-nc-nd/4.0/
707498,1972209568,Anthomyiidae_Pegomya_winthemi_2185152_1972209568,http://creativecommons.org/licenses/by-nc-nd/4.0/
707499,1972209568,Anthomyiidae_Pegomya_winthemi_2185153_1972209568,http://creativecommons.org/licenses/by-nc-nd/4.0/
707550,1970587060,Anthomyiidae_Hydrophoria_lancifer_115246_1970587060,http://creativecommons.org/licenses/by-nc/4.0/
710504,3090532705,Anthomyiidae_Anthomyia_illocata_968395_3090532705,http://creativecommons.org/licenses/by-nc/4.0/
711037,3097166351,Anthomyiidae_Eustalomyia_festiva_3040615_3097166351,http://creativecommons.org/licenses/by-nc/4.0/
712064,3947594583,Anthomyiidae_Pegomya_flavifrons_2029499_3947594583,http://creativecommons.org/licenses/by-nc/4.0/
712065,3947594583,Anthomyiidae_Pegomya_flavifrons_2029500_3947594583,http://creativecommons.org/licenses/by-nc/4.0/
712067,3947594583,Anthomyiidae_Pegomya_flavifrons_2029502_3947594583,http://creativecommons.org/licenses/by-nc/4.0/
712327,3802398025,Anthomyiidae_Anthomyia_illocata_2624433_3802398025,http://creativecommons.org/licenses/by-nc/4.0/
712555,3430319837,Anthomyiidae_Pegomya_laticornis_1715224_3430319837,© all rights reserved
712593,3777177513,Anthomyiidae_Anthomyia_procellaris_1241789_3777177513,© all rights reserved
713863,1499690474,Anthomyiidae_Egle_rhinotmeta_2118952_1499690474,© all rights reserved
714767,3725845266,Anthomyiidae_Eustalomyia_hilaris_1199963_3725845266,http://creativecommons.org/licenses/by-nc/4.0/
715347,3719200893,Anthomyiidae_Chirosia_histricina_2556597_3719200893,http://creativecommons.org/licenses/by-nc/4.0/
716100,1960169729,Anthomyiidae_Calythea_nigricans_791193_1960169729,http://creativecommons.org/licenses/by-nc-nd/4.0/
716101,1960169729,Anthomyiidae_Calythea_nigricans_791194_1960169729,http://creativecommons.org/licenses/by-nc-nd/4.0/
716239,1969529476,Anthomyiidae_Hylemya_vagans_1492042_1969529476,http://creativecommons.org/licenses/by-nc/4.0/
716240,1969529476,Anthomyiidae_Hylemya_vagans_1492043_1969529476,http://creativecommons.org/licenses/by-nc/4.0/
716648,1977293682,Anthomyiidae_Anthomyia_procellaris_1504352_1977293682,http://creativecommons.org/licenses/by-nc/4.0/
717229,1958294705,Anthomyiidae_Leucophora_obtusa_2166117_1958294705,http://creativecommons.org/licenses/by-nc-nd/4.0/
719014,2841352296,Anthomyiidae_Anthomyia_procellaris_2293334_2841352296,http://creativecommons.org/licenses/by-nc-nd/4.0/
719228,1955641692,Anthomyiidae_Eustalomyia_hilaris_2851816_1955641692,http://creativecommons.org/licenses/by-nc-nd/4.0/
719241,1961713050,Anthomyiidae_Fucellia_maritima_793193_1961713050,http://creativecommons.org/publicdomain/zero/1.0/
719242,1961713050,Anthomyiidae_Fucellia_maritima_793194_1961713050,http://creativecommons.org/publicdomain/zero/1.0/
719243,1961713050,Anthomyiidae_Fucellia_maritima_793195_1961713050,http://creativecommons.org/publicdomain/zero/1.0/
719244,1961713050,Anthomyiidae_Fucellia_maritima_793196_1961713050,http://creativecommons.org/publicdomain/zero/1.0/
719245,1961713050,Anthomyiidae_Fucellia_maritima_793197_1961713050,http://creativecommons.org/publicdomain/zero/1.0/
720223,1952510831,Anthomyiidae_Fucellia_maritima_1467555_1952510831,http://creativecommons.org/licenses/by-nc-nd/4.0/
721645,1959813618,Anthomyiidae_Hydrophoria_linogrisea_2858231_1959813618,http://creativecommons.org/licenses/by-nc-nd/4.0/
722523,1957737407,Anthomyiidae_Lasiomma_seminitidum_2164814_1957737407,http://creativecommons.org/licenses/by-nc-nd/4.0/
724378,1960954915,Anthomyiidae_Hylemya_vagans_101018_1960954915,http://creativecommons.org/licenses/by-nc-nd/4.0/
724426,1974121738,Anthomyiidae_Pegomya_caesia_2879190_1974121738,http://creativecommons.org/licenses/by-nc-nd/4.0/
724427,1974121738,Anthomyiidae_Pegomya_caesia_2879191_1974121738,http://creativecommons.org/licenses/by-nc-nd/4.0/
725008,1973639135,Anthomyiidae_Alliopsis_silvestris_810189_1973639135,http://creativecommons.org/licenses/by-nc-nd/4.0/
725009,1973639135,Anthomyiidae_Alliopsis_silvestris_810190_1973639135,http://creativecommons.org/licenses/by-nc-nd/4.0/
725010,1973639135,Anthomyiidae_Alliopsis_silvestris_810191_1973639135,http://creativecommons.org/licenses/by-nc-nd/4.0/
725011,1973639135,Anthomyiidae_Alliopsis_silvestris_810192_1973639135,http://creativecommons.org/licenses/by-nc-nd/4.0/
725012,1973639135,Anthomyiidae_Alliopsis_silvestris_810193_1973639135,http://creativecommons.org/licenses/by-nc-nd/4.0/
725013,1973639135,Anthomyiidae_Alliopsis_silvestris_810194_1973639135,http://creativecommons.org/licenses/by-nc-nd/4.0/
725728,1974082768,Anthomyiidae_Hydrophoria_lancifer_2188952_1974082768,http://creativecommons.org/licenses/by-nc-nd/4.0/
725729,1974082768,Anthomyiidae_Hydrophoria_lancifer_2188953_1974082768,http://creativecommons.org/licenses/by-nc-nd/4.0/
725779,2842739870,Anthomyiidae_Mycophaga_testacea_919456_2842739870,http://creativecommons.org/licenses/by-nc/4.0/
725780,2842739870,Anthomyiidae_Mycophaga_testacea_919457_2842739870,http://creativecommons.org/licenses/by-nc/4.0/
725781,2842739870,Anthomyiidae_Mycophaga_testacea_919458_2842739870,http://creativecommons.org/licenses/by-nc/4.0/
725782,2842739870,Anthomyiidae_Mycophaga_testacea_919459_2842739870,http://creativecommons.org/licenses/by-nc/4.0/
725783,2842739870,Anthomyiidae_Mycophaga_testacea_919460_2842739870,http://creativecommons.org/licenses/by-nc/4.0/
725784,2842739870,Anthomyiidae_Mycophaga_testacea_919461_2842739870,http://creativecommons.org/licenses/by-nc/4.0/
725969,1958413614,Anthomyiidae_Myopina_myopina_97819_1958413614,http://creativecommons.org/licenses/by-nc-nd/4.0/
725970,1958413614,Anthomyiidae_Myopina_myopina_97820_1958413614,http://creativecommons.org/licenses/by-nc-nd/4.0/
726164,2844312953,Anthomyiidae_Anthomyia_procellaris_2990517_2844312953,http://creativecommons.org/licenses/by-nc/4.0/
727717,2844668254,Anthomyiidae_Pegomya_winthemi_1611906_2844668254,http://creativecommons.org/licenses/by-nc-nd/4.0/
728761,1961695595,Anthomyiidae_Anthomyia_procellaris_2860910_1961695595,http://creativecommons.org/licenses/by-nc-nd/4.0/
729145,1975968113,Anthomyiidae_Mycophaga_testacea_813015_1975968113,http://creativecommons.org/licenses/by-nc-nd/4.0/
730846,1959029504,Anthomyiidae_Hydrophoria_ruralis_1477517_1959029504,http://creativecommons.org/licenses/by-nc-nd/4.0/
730847,1959029504,Anthomyiidae_Hydrophoria_ruralis_1477518_1959029504,http://creativecommons.org/licenses/by-nc-nd/4.0/
730848,1959029504,Anthomyiidae_Hydrophoria_ruralis_1477519_1959029504,http://creativecommons.org/licenses/by-nc-nd/4.0/
730879,1966173849,Anthomyiidae_Pegomya_laticornis_798976_1966173849,http://creativecommons.org/licenses/by-nc-nd/4.0/
730880,1966173849,Anthomyiidae_Pegomya_laticornis_798977_1966173849,http://creativecommons.org/licenses/by-nc-nd/4.0/
731476,2840722221,Anthomyiidae_Hylemya_variata_914699_2840722221,http://creativecommons.org/licenses/by-nc-nd/4.0/
731477,2840722221,Anthomyiidae_Hylemya_variata_914700_2840722221,http://creativecommons.org/licenses/by-nc-nd/4.0/
731478,2840722221,Anthomyiidae_Hylemya_variata_914701_2840722221,http://creativecommons.org/licenses/by-nc-nd/4.0/
731479,2840722221,Anthomyiidae_Hylemya_variata_914702_2840722221,http://creativecommons.org/licenses/by-nc-nd/4.0/
731480,2840722221,Anthomyiidae_Hylemya_variata_914703_2840722221,http://creativecommons.org/licenses/by-nc-nd/4.0/
731617,1970634517,Anthomyiidae_Anthomyia_monilis_115362_1970634517,http://creativecommons.org/licenses/by-nc-nd/4.0/
731618,1970634517,Anthomyiidae_Anthomyia_monilis_115363_1970634517,http://creativecommons.org/licenses/by-nc-nd/4.0/
731619,1970634517,Anthomyiidae_Anthomyia_monilis_115364_1970634517,http://creativecommons.org/licenses/by-nc-nd/4.0/
732691,1956072824,Anthomyiidae_Egle_rhinotmeta_94336_1956072824,http://creativecommons.org/licenses/by-nc-nd/4.0/
732692,1956072824,Anthomyiidae_Egle_rhinotmeta_94337_1956072824,http://creativecommons.org/licenses/by-nc-nd/4.0/
732693,1956072824,Anthomyiidae_Egle_rhinotmeta_94338_1956072824,http://creativecommons.org/licenses/by-nc-nd/4.0/
732694,1956072824,Anthomyiidae_Egle_rhinotmeta_94339_1956072824,http://creativecommons.org/licenses/by-nc-nd/4.0/
732695,1956072824,Anthomyiidae_Egle_rhinotmeta_94340_1956072824,http://creativecommons.org/licenses/by-nc-nd/4.0/
732696,1956072824,Anthomyiidae_Egle_rhinotmeta_94341_1956072824,http://creativecommons.org/licenses/by-nc-nd/4.0/
732697,1956072824,Anthomyiidae_Egle_rhinotmeta_94342_1956072824,http://creativecommons.org/licenses/by-nc-nd/4.0/
732890,1964876765,Anthomyiidae_Pegomya_testacea_2863557_1964876765,http://creativecommons.org/licenses/by-nc-nd/4.0/
733075,1957004092,Anthomyiidae_Chirosia_histricina_2163330_1957004092,http://creativecommons.org/licenses/by-nc-nd/4.0/
733196,1966529713,Anthomyiidae_Anthomyia_procellaris_799991_1966529713,http://creativecommons.org/licenses/by-nc/4.0/
733846,1959310102,Anthomyiidae_Myopina_myopina_2857158_1959310102,http://creativecommons.org/licenses/by-nc-nd/4.0/
733847,1959310102,Anthomyiidae_Myopina_myopina_2857159_1959310102,http://creativecommons.org/licenses/by-nc-nd/4.0/
733848,1959310102,Anthomyiidae_Myopina_myopina_2857160_1959310102,http://creativecommons.org/licenses/by-nc-nd/4.0/
733849,1959310102,Anthomyiidae_Myopina_myopina_2857161_1959310102,http://creativecommons.org/licenses/by-nc-nd/4.0/
733850,1959310102,Anthomyiidae_Myopina_myopina_2857162_1959310102,http://creativecommons.org/licenses/by-nc-nd/4.0/
739163,1975793694,Anthomyiidae_Leucophora_grisella_812746_1975793694,http://creativecommons.org/licenses/by-nc-nd/4.0/
739164,1975793694,Anthomyiidae_Leucophora_grisella_812747_1975793694,http://creativecommons.org/licenses/by-nc-nd/4.0/
739165,1975793694,Anthomyiidae_Leucophora_grisella_812748_1975793694,http://creativecommons.org/licenses/by-nc-nd/4.0/
739166,1975793694,Anthomyiidae_Leucophora_grisella_812749_1975793694,http://creativecommons.org/licenses/by-nc-nd/4.0/
741139,2833894878,Anthomyiidae_Anthomyia_procellaris_1592173_2833894878,http://creativecommons.org/licenses/by/4.0/
742050,1976402840,Anthomyiidae_Anthomyia_liturata_2881472_1976402840,http://creativecommons.org/licenses/by-nc/4.0/
742051,1976402840,Anthomyiidae_Anthomyia_liturata_2881473_1976402840,http://creativecommons.org/licenses/by-nc/4.0/
742052,1976402840,Anthomyiidae_Anthomyia_liturata_2881474_1976402840,http://creativecommons.org/licenses/by-nc/4.0/
742162,2842276703,Anthomyiidae_Mycophaga_testacea_1606906_2842276703,http://creativecommons.org/licenses/by-nc/4.0/
742185,1968340862,Anthomyiidae_Pegomya_flavifrons_801561_1968340862,http://creativecommons.org/licenses/by-nc-nd/4.0/
743883,1954382457,Anthomyiidae_Hydrophoria_lancifer_1470211_1954382457,http://creativecommons.org/licenses/by-nc-nd/4.0/
744042,1970514764,Anthomyiidae_Mycophaga_testacea_805892_1970514764,http://creativecommons.org/licenses/by-nc-nd/4.0/
746834,1955574382,Anthomyiidae_Pegomya_solennis_93362_1955574382,http://creativecommons.org/licenses/by-nc-nd/4.0/
746835,1955574382,Anthomyiidae_Pegomya_solennis_93363_1955574382,http://creativecommons.org/licenses/by-nc-nd/4.0/
746836,1955574382,Anthomyiidae_Pegomya_solennis_93364_1955574382,http://creativecommons.org/licenses/by-nc-nd/4.0/
747815,3335385388,Anthomyiidae_Anthomyia_quinquemaculata_307502_3335385388,http://creativecommons.org/licenses/by/4.0/
747944,1321256911,Anthomyiidae_Delia_coarctata_719473_1321256911,Usage Conditions Apply
747945,1322879200,Anthomyiidae_Anthomyia_pluvialis_2787105_1322879200,Usage Conditions Apply
748265,2247961096,Anthomyiidae_Hylemya_nigrimanus_1516516_2247961096,© All rights reserved
748886,1847643804,Anthomyiidae_Anthomyia_plurinotata_2147045_1847643804,http://creativecommons.org/licenses/by-nc/4.0/
749030,3338089544,Anthomyiidae_Anthomyia_pluvialis_311653_3338089544,http://creativecommons.org/licenses/by-nc/4.0/
749048,4011504666,Anthomyiidae_Anthomyia_quinquemaculata_677297_4011504666,http://creativecommons.org/licenses/by-nc/4.0/
749049,4011504666,Anthomyiidae_Anthomyia_quinquemaculata_677298_4011504666,http://creativecommons.org/licenses/by-nc/4.0/
749493,4018209893,Anthomyiidae_Hylemya_latevittata_2058667_4018209893,http://creativecommons.org/licenses/by-nc/4.0/
754186,1957822811,Anthomyiidae_Chirosia_betuleti_1475784_1957822811,http://creativecommons.org/licenses/by-nc-nd/4.0/
754207,1957551691,Anthomyiidae_Hydrophoria_ruralis_1475197_1957551691,http://creativecommons.org/licenses/by-nc/4.0/
754208,1957551691,Anthomyiidae_Hydrophoria_ruralis_1475198_1957551691,http://creativecommons.org/licenses/by-nc/4.0/
754746,1952233281,Anthomyiidae_Mycophaga_testacea_2156032_1952233281,http://creativecommons.org/licenses/by-nc-nd/4.0/
754816,1958376696,Anthomyiidae_Delia_radicum_2166257_1958376696,http://creativecommons.org/licenses/by-nc-nd/4.0/
754817,1958376696,Anthomyiidae_Delia_radicum_2166258_1958376696,http://creativecommons.org/licenses/by-nc-nd/4.0/
754818,1958376696,Anthomyiidae_Delia_radicum_2166259_1958376696,http://creativecommons.org/licenses/by-nc-nd/4.0/
754853,3826517626,Anthomyiidae_Anthomyia_procellaris_2636517_3826517626,http://creativecommons.org/licenses/by-nc-nd/4.0/
755863,1972983318,Anthomyiidae_Chirosia_betuleti_118327_1972983318,http://creativecommons.org/licenses/by-nc-sa/4.0/
755992,1972987815,Anthomyiidae_Delia_coarctata_809099_1972987815,http://creativecommons.org/licenses/by-nc-nd/4.0/
758892,1956978691,Anthomyiidae_Delia_coarctata_1474141_1956978691,http://creativecommons.org/licenses/by-nc-nd/4.0/
759380,1965894065,Anthomyiidae_Botanophila_seneciella_107546_1965894065,http://creativecommons.org/licenses/by-nc-nd/4.0/
759381,1965894065,Anthomyiidae_Botanophila_seneciella_107547_1965894065,http://creativecommons.org/licenses/by-nc-nd/4.0/
761677,1954815191,Anthomyiidae_Egle_minuta_2159764_1954815191,http://creativecommons.org/licenses/by-nc-nd/4.0/
761678,1954815191,Anthomyiidae_Egle_minuta_2159765_1954815191,http://creativecommons.org/licenses/by-nc-nd/4.0/
762011,1961201352,Anthomyiidae_Hydrophoria_linogrisea_2169985_1961201352,http://creativecommons.org/licenses/by-nc-nd/4.0/
762239,1959074457,Anthomyiidae_Hydrophoria_lancifer_2856798_1959074457,http://creativecommons.org/licenses/by-nc-nd/4.0/
762240,1959074457,Anthomyiidae_Hydrophoria_lancifer_2856799_1959074457,http://creativecommons.org/licenses/by-nc-nd/4.0/
763449,3889034421,Anthomyiidae_Pegoplata_palposa_600710_3889034421,http://creativecommons.org/licenses/by-nc/4.0/
763945,1821049077,Anthomyiidae_Alliopsis_silvestris_2814440_1821049077,© all rights reserved
764835,2633242033,Anthomyiidae_Botanophila_maculipes_1572688_2633242033,http://creativecommons.org/licenses/by-nc-sa/4.0/
764844,2251609252,Anthomyiidae_Pegoplata_picipes_142903_2251609252,http://creativecommons.org/licenses/by-nc/4.0/
765103,1965749494,Anthomyiidae_Myopina_myopina_107231_1965749494,http://creativecommons.org/licenses/by/4.0/
766934,1972846672,Anthomyiidae_Zaphne_wierzejskii_808655_1972846672,http://creativecommons.org/licenses/by-nc-nd/4.0/
766935,1972846672,Anthomyiidae_Zaphne_wierzejskii_808656_1972846672,http://creativecommons.org/licenses/by-nc-nd/4.0/
766936,1972846672,Anthomyiidae_Zaphne_wierzejskii_808657_1972846672,http://creativecommons.org/licenses/by-nc-nd/4.0/
767441,1954680813,Anthomyiidae_Hylemyza_partita_2849401_1954680813,http://creativecommons.org/licenses/by-nc-nd/4.0/
768753,3717555417,Anthomyiidae_Anthomyia_procellaris_3241633_3717555417,http://creativecommons.org/licenses/by-nc-nd/4.0/
768861,1956300077,Anthomyiidae_Lasiomma_seminitidum_2852692_1956300077,http://creativecommons.org/licenses/by-nc-nd/4.0/
768862,1956300077,Anthomyiidae_Lasiomma_seminitidum_2852693_1956300077,http://creativecommons.org/licenses/by-nc-nd/4.0/
769855,1955360441,Anthomyiidae_Pegomya_laticornis_2850879_1955360441,http://creativecommons.org/licenses/by-nc/4.0/
769856,1955360441,Anthomyiidae_Pegomya_laticornis_2850880_1955360441,http://creativecommons.org/licenses/by-nc/4.0/
770060,1953078103,Anthomyiidae_Lasiomma_seminitidum_780116_1953078103,http://creativecommons.org/licenses/by-nc-nd/4.0/
770702,2843504027,Anthomyiidae_Eustalomyia_vittipes_2298607_2843504027,http://creativecommons.org/licenses/by-nc-nd/4.0/
771084,1969611742,Anthomyiidae_Chirosia_betuleti_113119_1969611742,http://creativecommons.org/licenses/by-nc-nd/4.0/
771640,1958293087,Anthomyiidae_Botanophila_fugax_97626_1958293087,http://creativecommons.org/licenses/by-nc-nd/4.0/
771641,1958293087,Anthomyiidae_Botanophila_fugax_97627_1958293087,http://creativecommons.org/licenses/by-nc-nd/4.0/
771642,1958293087,Anthomyiidae_Botanophila_fugax_97628_1958293087,http://creativecommons.org/licenses/by-nc-nd/4.0/
771820,1973119184,Anthomyiidae_Pegomya_hyoscyami_2187109_1973119184,http://creativecommons.org/licenses/by/4.0/
772449,2838177586,Anthomyiidae_Anthomyia_procellaris_911731_2838177586,http://creativecommons.org/licenses/by-nc/4.0/
772510,1965307543,Anthomyiidae_Anthomyia_procellaris_2174691_1965307543,http://creativecommons.org/licenses/by-nc/4.0/
773022,1970770144,Anthomyiidae_Hydrophoria_linogrisea_1494657_1970770144,http://creativecommons.org/licenses/by-nc-sa/4.0/
773023,1970770144,Anthomyiidae_Hydrophoria_linogrisea_1494658_1970770144,http://creativecommons.org/licenses/by-nc-sa/4.0/
773024,1970770144,Anthomyiidae_Hydrophoria_linogrisea_1494659_1970770144,http://creativecommons.org/licenses/by-nc-sa/4.0/
773025,1970770144,Anthomyiidae_Hydrophoria_linogrisea_1494660_1970770144,http://creativecommons.org/licenses/by-nc-sa/4.0/
774046,3313501338,Anthomyiidae_Chirosia_betuleti_1671929_3313501338,© All rights reserved
774057,1824268038,Anthomyiidae_Chirosia_betuleti_747403_1824268038,http://creativecommons.org/licenses/by/4.0/
774058,1824268038,Anthomyiidae_Chirosia_betuleti_747404_1824268038,http://creativecommons.org/licenses/by/4.0/
774192,3417256390,Anthomyiidae_Mycophaga_testacea_335956_3417256390,© All rights reserved
774193,3417256390,Anthomyiidae_Mycophaga_testacea_335957_3417256390,© All rights reserved
774194,3417256390,Anthomyiidae_Mycophaga_testacea_335958_3417256390,© All rights reserved
774195,3417256390,Anthomyiidae_Mycophaga_testacea_335959_3417256390,© All rights reserved
774358,1824160703,Anthomyiidae_Chirosia_betuleti_747378_1824160703,http://creativecommons.org/licenses/by/4.0/
774360,1824160703,Anthomyiidae_Chirosia_betuleti_747380_1824160703,http://creativecommons.org/licenses/by/4.0/
774361,1824160703,Anthomyiidae_Chirosia_betuleti_747381_1824160703,http://creativecommons.org/licenses/by/4.0/
775663,1970312300,Anthomyiidae_Hydrophoria_lancifer_2183117_1970312300,http://creativecommons.org/licenses/by-nc-nd/4.0/
775664,1970312300,Anthomyiidae_Hydrophoria_lancifer_2183118_1970312300,http://creativecommons.org/licenses/by-nc-nd/4.0/
776074,1958296538,Anthomyiidae_Hydrophoria_linogrisea_2855976_1958296538,http://creativecommons.org/licenses/by-nc-nd/4.0/
776075,1958296538,Anthomyiidae_Hydrophoria_linogrisea_2855977_1958296538,http://creativecommons.org/licenses/by-nc-nd/4.0/
776076,1958296538,Anthomyiidae_Hydrophoria_linogrisea_2855978_1958296538,http://creativecommons.org/licenses/by-nc-nd/4.0/
776835,1975044079,Anthomyiidae_Anthomyia_liturata_1500633_1975044079,http://creativecommons.org/licenses/by-nc-nd/4.0/
778293,1970705785,Anthomyiidae_Hydrophoria_lancifer_806221_1970705785,http://creativecommons.org/licenses/by-nc-nd/4.0/
778294,1970705785,Anthomyiidae_Hydrophoria_lancifer_806222_1970705785,http://creativecommons.org/licenses/by-nc-nd/4.0/
779932,1957192211,Anthomyiidae_Hydrophoria_ruralis_2853518_1957192211,http://creativecommons.org/licenses/by-nc-nd/4.0/
780422,1955468881,Anthomyiidae_Pegomya_laticornis_783542_1955468881,http://creativecommons.org/licenses/by-nc/4.0/
781030,1952118551,Anthomyiidae_Lasiomma_seminitidum_87567_1952118551,http://creativecommons.org/licenses/by-nc-nd/4.0/
781427,1954801600,Anthomyiidae_Anthomyia_confusanea_2159741_1954801600,http://creativecommons.org/licenses/by-nc-nd/4.0/
781428,1954801600,Anthomyiidae_Anthomyia_confusanea_2159742_1954801600,http://creativecommons.org/licenses/by-nc-nd/4.0/
781616,2834010547,Anthomyiidae_Myopina_myopina_903695_2834010547,http://creativecommons.org/licenses/by-nc-nd/4.0/
783688,2833979493,Anthomyiidae_Anthomyia_procellaris_2971808_2833979493,http://creativecommons.org/licenses/by-nc-nd/4.0/
784234,1966553555,Anthomyiidae_Hydrophoria_linogrisea_1488622_1966553555,http://creativecommons.org/licenses/by-nc-nd/4.0/
784235,1966553555,Anthomyiidae_Hydrophoria_linogrisea_1488623_1966553555,http://creativecommons.org/licenses/by-nc-nd/4.0/
784731,1952164505,Anthomyiidae_Eustalomyia_histrio_87597_1952164505,http://creativecommons.org/licenses/by-nc/4.0/
784789,3720211424,Anthomyiidae_Anthomyia_procellaris_490234_3720211424,http://creativecommons.org/licenses/by-nc-nd/4.0/
785039,2841295048,Anthomyiidae_Hydrophoria_linogrisea_2983776_2841295048,http://creativecommons.org/licenses/by-nc-nd/4.0/
785318,1957210753,Anthomyiidae_Pegoplata_aestiva_785890_1957210753,http://creativecommons.org/licenses/by-nc-nd/4.0/
788553,1973634780,Anthomyiidae_Anthomyia_confusanea_1498484_1973634780,http://creativecommons.org/licenses/by-nc-nd/4.0/
788554,1973634780,Anthomyiidae_Anthomyia_confusanea_1498485_1973634780,http://creativecommons.org/licenses/by-nc-nd/4.0/
788970,2838246653,Anthomyiidae_Mycophaga_testacea_2289656_2838246653,http://creativecommons.org/licenses/by-nc/4.0/
788971,2838246653,Anthomyiidae_Mycophaga_testacea_2289657_2838246653,http://creativecommons.org/licenses/by-nc/4.0/
788972,2838246653,Anthomyiidae_Mycophaga_testacea_2289658_2838246653,http://creativecommons.org/licenses/by-nc/4.0/
788973,2838246653,Anthomyiidae_Mycophaga_testacea_2289659_2838246653,http://creativecommons.org/licenses/by-nc/4.0/
788974,2838246653,Anthomyiidae_Mycophaga_testacea_2289660_2838246653,http://creativecommons.org/licenses/by-nc/4.0/
789341,1960883772,Anthomyiidae_Hydrophoria_linogrisea_1480188_1960883772,http://creativecommons.org/licenses/by-nc-nd/4.0/
789342,1960883772,Anthomyiidae_Hydrophoria_linogrisea_1480189_1960883772,http://creativecommons.org/licenses/by-nc-nd/4.0/
789343,1960883772,Anthomyiidae_Hydrophoria_linogrisea_1480190_1960883772,http://creativecommons.org/licenses/by-nc-nd/4.0/
791325,1969091475,Anthomyiidae_Anthomyia_monilis_111877_1969091475,http://creativecommons.org/licenses/by-nc-nd/4.0/
791326,1969091475,Anthomyiidae_Anthomyia_monilis_111878_1969091475,http://creativecommons.org/licenses/by-nc-nd/4.0/
792248,3727224265,Anthomyiidae_Hydrophoria_lancifer_516913_3727224265,http://creativecommons.org/licenses/by-nc-nd/4.0/
792292,1974174964,Anthomyiidae_Botanophila_latifrons_2189110_1974174964,http://creativecommons.org/licenses/by-nc-nd/4.0/
792293,1974174964,Anthomyiidae_Botanophila_latifrons_2189111_1974174964,http://creativecommons.org/licenses/by-nc-nd/4.0/
794303,3725646313,Anthomyiidae_Chirosia_betuleti_2577786_3725646313,http://creativecommons.org/licenses/by-nc-nd/4.0/
798427,1975716220,Anthomyiidae_Chirosia_histricina_812645_1975716220,http://creativecommons.org/licenses/by-nc-nd/4.0/
799016,1956850549,Anthomyiidae_Pegomya_solennis_2163125_1956850549,http://creativecommons.org/licenses/by-nc-nd/4.0/
799017,1956850549,Anthomyiidae_Pegomya_solennis_2163126_1956850549,http://creativecommons.org/licenses/by-nc-nd/4.0/
799672,1957088306,Anthomyiidae_Emmesomyia_grisea_2163473_1957088306,http://creativecommons.org/licenses/by-nc-nd/4.0/
799673,1957088306,Anthomyiidae_Emmesomyia_grisea_2163474_1957088306,http://creativecommons.org/licenses/by-nc-nd/4.0/
799674,1957088306,Anthomyiidae_Emmesomyia_grisea_2163475_1957088306,http://creativecommons.org/licenses/by-nc-nd/4.0/
799675,1957088306,Anthomyiidae_Emmesomyia_grisea_2163476_1957088306,http://creativecommons.org/licenses/by-nc-nd/4.0/
800895,1970306571,Anthomyiidae_Hydrophoria_lancifer_805466_1970306571,http://creativecommons.org/licenses/by-nc-nd/4.0/
801212,1954477811,Anthomyiidae_Botanophila_seneciella_781576_1954477811,http://creativecommons.org/licenses/by-nc-nd/4.0/
801304,3717601620,Anthomyiidae_Anthomyia_procellaris_1862254_3717601620,http://creativecommons.org/licenses/by-nc-nd/4.0/
801374,1957423096,Anthomyiidae_Botanophila_gnava_1474924_1957423096,http://creativecommons.org/licenses/by-nc-nd/4.0/
804533,1958308644,Anthomyiidae_Mycophaga_testacea_788279_1958308644,http://creativecommons.org/licenses/by-nc-nd/4.0/
805006,2837282810,Anthomyiidae_Calythea_nigricans_1598437_2837282810,http://creativecommons.org/licenses/by-nc-nd/4.0/
805007,2837282810,Anthomyiidae_Calythea_nigricans_1598438_2837282810,http://creativecommons.org/licenses/by-nc-nd/4.0/
805008,2837282810,Anthomyiidae_Calythea_nigricans_1598439_2837282810,http://creativecommons.org/licenses/by-nc-nd/4.0/
805009,2837282810,Anthomyiidae_Calythea_nigricans_1598440_2837282810,http://creativecommons.org/licenses/by-nc-nd/4.0/
805102,1973040127,Anthomyiidae_Eustalomyia_histrio_2186901_1973040127,http://creativecommons.org/licenses/by-nc-nd/4.0/
805103,1973040127,Anthomyiidae_Eustalomyia_histrio_2186902_1973040127,http://creativecommons.org/licenses/by-nc-nd/4.0/
805266,2842617194,Anthomyiidae_Anthomyia_procellaris_228848_2842617194,http://creativecommons.org/licenses/by-nc-nd/4.0/
806169,1970347014,Anthomyiidae_Anthomyia_liturata_2183186_1970347014,http://creativecommons.org/licenses/by-nc-nd/4.0/
806170,1970347014,Anthomyiidae_Anthomyia_liturata_2183187_1970347014,http://creativecommons.org/licenses/by-nc-nd/4.0/
806171,1970347014,Anthomyiidae_Anthomyia_liturata_2183188_1970347014,http://creativecommons.org/licenses/by-nc-nd/4.0/
806440,1955750739,Anthomyiidae_Pegomya_solennis_1473067_1955750739,http://creativecommons.org/licenses/by-nc-nd/4.0/
808225,1965637304,Anthomyiidae_Chirosia_betuleti_797768_1965637304,http://creativecommons.org/licenses/by-nc-nd/4.0/
808614,2845421773,Anthomyiidae_Pegomya_winthemi_2302961_2845421773,http://creativecommons.org/licenses/by-nc-nd/4.0/
809165,1959308944,Anthomyiidae_Myopina_myopina_98799_1959308944,http://creativecommons.org/licenses/by-nc-nd/4.0/
809166,1959308944,Anthomyiidae_Myopina_myopina_98800_1959308944,http://creativecommons.org/licenses/by-nc-nd/4.0/
809530,3752430420,Anthomyiidae_Pegomya_zonata_1921900_3752430420,http://creativecommons.org/licenses/by-sa/4.0/
809533,3752443185,Anthomyiidae_Delia_rondanii_3301742_3752443185,http://creativecommons.org/licenses/by-sa/4.0/
809534,3752443194,Anthomyiidae_Delia_rondanii_3301743_3752443194,http://creativecommons.org/licenses/by-sa/4.0/
809535,3752443233,Anthomyiidae_Eustalomyia_vittipes_2611052_3752443233,http://creativecommons.org/licenses/by-sa/4.0/
809536,3752443236,Anthomyiidae_Egle_pilitibia_1232464_3752443236,http://creativecommons.org/licenses/by-sa/4.0/
809537,3752443276,Anthomyiidae_Delia_pilifera_543557_3752443276,http://creativecommons.org/licenses/by-sa/4.0/
809538,3752443270,Anthomyiidae_Myopina_myopina_3301744_3752443270,http://creativecommons.org/licenses/by-sa/4.0/
809539,3752443289,Anthomyiidae_Delia_pilifera_3301745_3752443289,http://creativecommons.org/licenses/by-sa/4.0/
809540,3752443320,Anthomyiidae_Paradelia_intersecta_543558_3752443320,http://creativecommons.org/licenses/by-sa/4.0/
809541,3752443322,Anthomyiidae_Myopina_myopina_1921962_3752443322,http://creativecommons.org/licenses/by-sa/4.0/
809542,3752443358,Anthomyiidae_Zaphne_barbiventris_1232465_3752443358,http://creativecommons.org/licenses/by-sa/4.0/
809543,3752443371,Anthomyiidae_Strobilomyia_svenssoni_1232466_3752443371,http://creativecommons.org/licenses/by-sa/4.0/
809544,3752443365,Anthomyiidae_Pegomya_bicolor_3301746_3752443365,http://creativecommons.org/licenses/by-sa/4.0/
809545,3752443404,Anthomyiidae_Alliopsis_brunneigena_2611053_3752443404,http://creativecommons.org/licenses/by-sa/4.0/
809546,3752443408,Anthomyiidae_Alliopsis_billbergi_1921963_3752443408,http://creativecommons.org/licenses/by-sa/4.0/
809547,3752443450,Anthomyiidae_Alliopsis_teriolensis_3301747_3752443450,http://creativecommons.org/licenses/by-sa/4.0/
809548,3752443451,Anthomyiidae_Alliopsis_teriolensis_543559_3752443451,http://creativecommons.org/licenses/by-sa/4.0/
809549,3752443480,Anthomyiidae_Botanophila_spinosa_1921964_3752443480,http://creativecommons.org/licenses/by-sa/4.0/
809550,3752443483,Anthomyiidae_Botanophila_laterella_543560_3752443483,http://creativecommons.org/licenses/by-sa/4.0/
809551,3752443515,Anthomyiidae_Botanophila_petrophila_1232467_3752443515,http://creativecommons.org/licenses/by-sa/4.0/
809552,3752443512,Anthomyiidae_Botanophila_petrophila_2611055_3752443512,http://creativecommons.org/licenses/by-sa/4.0/
809553,3752443518,Anthomyiidae_Botanophila_verticella_3301748_3752443518,http://creativecommons.org/licenses/by-sa/4.0/
809554,3752443549,Anthomyiidae_Chirosia_grossicauda_2611056_3752443549,http://creativecommons.org/licenses/by-sa/4.0/
809555,3752443556,Anthomyiidae_Chirosia_grossicauda_1232468_3752443556,http://creativecommons.org/licenses/by-sa/4.0/
809556,3752443554,Anthomyiidae_Delia_cuneata_3301749_3752443554,http://creativecommons.org/licenses/by-sa/4.0/
809557,3752443579,Anthomyiidae_Delia_longicauda_1232469_3752443579,http://creativecommons.org/licenses/by-sa/4.0/
809558,3752443586,Anthomyiidae_Delia_echinata_3301750_3752443586,http://creativecommons.org/licenses/by-sa/4.0/
809559,3752443593,Anthomyiidae_Delia_tenuiventris_1921965_3752443593,http://creativecommons.org/licenses/by-sa/4.0/
809560,3752443621,Anthomyiidae_Delia_rimiventris_3301751_3752443621,http://creativecommons.org/licenses/by-sa/4.0/
809561,3752443445,Anthomyiidae_Botanophila_gnava_2611054_3752443445,http://creativecommons.org/licenses/by-sa/4.0/
809562,3752444184,Anthomyiidae_Zaphne_divisa_3301752_3752444184,http://creativecommons.org/licenses/by-sa/4.0/
809563,3752444188,Anthomyiidae_Zaphne_barbiventris_2611057_3752444188,http://creativecommons.org/licenses/by-sa/4.0/
809564,3752444220,Anthomyiidae_Pegoplata_aestiva_543561_3752444220,http://creativecommons.org/licenses/by-sa/4.0/
809565,3752444225,Anthomyiidae_Pegomya_flavoscutellata_543562_3752444225,http://creativecommons.org/licenses/by-sa/4.0/
809566,3752444223,Anthomyiidae_Pegomya_flavoscutellata_2611058_3752444223,http://creativecommons.org/licenses/by-sa/4.0/
809567,3752444260,Anthomyiidae_Pegoplata_tundrica_3301753_3752444260,http://creativecommons.org/licenses/by-sa/4.0/
809568,3752444262,Anthomyiidae_Pegoplata_infirma_1232470_3752444262,http://creativecommons.org/licenses/by-sa/4.0/
809569,3752444268,Anthomyiidae_Pegomya_solennis_1921966_3752444268,http://creativecommons.org/licenses/by-sa/4.0/
809570,3752444299,Anthomyiidae_Pegomya_notabilis_1232471_3752444299,http://creativecommons.org/licenses/by-sa/4.0/
809571,3752444305,Anthomyiidae_Pegomya_incisiva_3301754_3752444305,http://creativecommons.org/licenses/by-sa/4.0/
809572,3752444339,Anthomyiidae_Pegomya_transgressa_1232472_3752444339,http://creativecommons.org/licenses/by-sa/4.0/
809573,3752444345,Anthomyiidae_Pegomya_scapularis_2611059_3752444345,http://creativecommons.org/licenses/by-sa/4.0/
809579,3752445555,Anthomyiidae_Adia_cinerella_1921970_3752445555,http://creativecommons.org/licenses/by-sa/4.0/
809581,3752445546,Anthomyiidae_Anthomyia_mimetica_1921969_3752445546,http://creativecommons.org/licenses/by-sa/4.0/
809864,3329949381,Anthomyiidae_Chirosia_betuleti_301415_3329949381,© All rights reserved
812279,1956744254,Anthomyiidae_Pegomya_solennis_2163045_1956744254,http://creativecommons.org/licenses/by-nc/4.0/
812280,1956744254,Anthomyiidae_Pegomya_solennis_2163046_1956744254,http://creativecommons.org/licenses/by-nc/4.0/
813261,1976424577,Anthomyiidae_Hydrophoria_lancifer_123093_1976424577,http://creativecommons.org/licenses/by-nc-nd/4.0/
814978,1970135626,Anthomyiidae_Chirosia_betuleti_1493366_1970135626,http://creativecommons.org/licenses/by-nc-nd/4.0/
815139,2838565643,Anthomyiidae_Hylemya_vagans_912423_2838565643,http://creativecommons.org/licenses/by-nc/4.0/
817543,1961073393,Anthomyiidae_Delia_platura_101209_1961073393,http://creativecommons.org/licenses/by-nc-nd/4.0/
817925,2834244916,Anthomyiidae_Anthomyia_procellaris_214339_2834244916,http://creativecommons.org/licenses/by-nc-nd/4.0/
819591,1955575903,Anthomyiidae_Eustalomyia_hilaris_93368_1955575903,http://creativecommons.org/licenses/by-nc-nd/4.0/
819965,1955761142,Anthomyiidae_Eustalomyia_vittipes_1473091_1955761142,http://creativecommons.org/licenses/by-nc-nd/4.0/
819966,1955761142,Anthomyiidae_Eustalomyia_vittipes_1473092_1955761142,http://creativecommons.org/licenses/by-nc-nd/4.0/
820745,1958553871,Anthomyiidae_Hydrophoria_lancifer_97971_1958553871,http://creativecommons.org/licenses/by-nc-nd/4.0/
821561,1977079979,Anthomyiidae_Chirosia_betuleti_2192991_1977079979,http://creativecommons.org/licenses/by-nc-nd/4.0/
821563,1977079979,Anthomyiidae_Chirosia_betuleti_2192993_1977079979,http://creativecommons.org/licenses/by-nc-nd/4.0/
821911,1968681976,Anthomyiidae_Subhylemyia_longula_111290_1968681976,http://creativecommons.org/licenses/by-nc-nd/4.0/
821912,1968681976,Anthomyiidae_Subhylemyia_longula_111291_1968681976,http://creativecommons.org/licenses/by-nc-nd/4.0/
821913,1968681976,Anthomyiidae_Subhylemyia_longula_111292_1968681976,http://creativecommons.org/licenses/by-nc-nd/4.0/
821914,1968681976,Anthomyiidae_Subhylemyia_longula_111293_1968681976,http://creativecommons.org/licenses/by-nc-nd/4.0/
821915,1968681976,Anthomyiidae_Subhylemyia_longula_111294_1968681976,http://creativecommons.org/licenses/by-nc-nd/4.0/
822928,1971099691,Anthomyiidae_Zaphne_divisa_806763_1971099691,http://creativecommons.org/licenses/by-nc-nd/4.0/
822929,1971099691,Anthomyiidae_Zaphne_divisa_806764_1971099691,http://creativecommons.org/licenses/by-nc-nd/4.0/
822930,1971099691,Anthomyiidae_Zaphne_divisa_806765_1971099691,http://creativecommons.org/licenses/by-nc-nd/4.0/
822931,1971099691,Anthomyiidae_Zaphne_divisa_806766_1971099691,http://creativecommons.org/licenses/by-nc-nd/4.0/
824124,3726464533,Anthomyiidae_Eustalomyia_hilaris_1202786_3726464533,http://creativecommons.org/licenses/by-nc-nd/4.0/
824125,3726464533,Anthomyiidae_Eustalomyia_hilaris_1202787_3726464533,http://creativecommons.org/licenses/by-nc-nd/4.0/
824843,1964505623,Anthomyiidae_Mycophaga_testacea_795249_1964505623,http://creativecommons.org/publicdomain/zero/1.0/
824844,1964505623,Anthomyiidae_Mycophaga_testacea_795250_1964505623,http://creativecommons.org/publicdomain/zero/1.0/
825130,1956625904,Anthomyiidae_Delia_coarctata_2162986_1956625904,http://creativecommons.org/licenses/by-nc-nd/4.0/
825131,1956625904,Anthomyiidae_Delia_coarctata_2162987_1956625904,http://creativecommons.org/licenses/by-nc-nd/4.0/
825132,1956625904,Anthomyiidae_Delia_coarctata_2162988_1956625904,http://creativecommons.org/licenses/by-nc-nd/4.0/
825145,1955430700,Anthomyiidae_Pegomya_solennis_92867_1955430700,http://creativecommons.org/licenses/by-nc-sa/4.0/
825363,2839953780,Anthomyiidae_Anthomyia_procellaris_1602416_2839953780,http://creativecommons.org/licenses/by-nc-nd/4.0/
825364,3825561822,Anthomyiidae_Myopina_myopina_3325007_3825561822,http://creativecommons.org/licenses/by-nc-nd/4.0/
825926,1956331397,Anthomyiidae_Egle_minuta_2162841_1956331397,http://creativecommons.org/licenses/by-nc-nd/4.0/
825927,1956331397,Anthomyiidae_Egle_minuta_2162842_1956331397,http://creativecommons.org/licenses/by-nc-nd/4.0/
826727,1955145038,Anthomyiidae_Chirosia_grossicauda_1471349_1955145038,http://creativecommons.org/licenses/by-nc-nd/4.0/
826728,1955145038,Anthomyiidae_Chirosia_grossicauda_1471350_1955145038,http://creativecommons.org/licenses/by-nc-nd/4.0/
826806,2833674622,Anthomyiidae_Anthomyia_procellaris_212318_2833674622,http://creativecommons.org/licenses/by-nc/4.0/
827522,1977057479,Anthomyiidae_Pegomya_testacea_2883030_1977057479,http://creativecommons.org/licenses/by-nc-nd/4.0/
827523,1977057479,Anthomyiidae_Pegomya_testacea_2883031_1977057479,http://creativecommons.org/licenses/by-nc-nd/4.0/
828079,1958335032,Anthomyiidae_Hydrophoria_linogrisea_1476871_1958335032,http://creativecommons.org/licenses/by-nc-nd/4.0/
828080,1958335032,Anthomyiidae_Hydrophoria_linogrisea_1476872_1958335032,http://creativecommons.org/licenses/by-nc-nd/4.0/
828081,1958335032,Anthomyiidae_Hydrophoria_linogrisea_1476873_1958335032,http://creativecommons.org/licenses/by-nc-nd/4.0/
828169,1970385897,Anthomyiidae_Delia_radicum_2873408_1970385897,http://creativecommons.org/licenses/by-nc-nd/4.0/
828224,1957169425,Anthomyiidae_Pegomya_flavifrons_95144_1957169425,http://creativecommons.org/licenses/by-nc-nd/4.0/
828845,1957948452,Anthomyiidae_Hylemya_vagans_1476157_1957948452,http://creativecommons.org/licenses/by-nc-nd/4.0/
830134,1973729601,Anthomyiidae_Delia_coarctata_810430_1973729601,http://creativecommons.org/licenses/by-nc-nd/4.0/
830581,1973882160,Anthomyiidae_Chirosia_betuleti_810765_1973882160,http://creativecommons.org/licenses/by-nc-nd/4.0/
833750,1975836678,Anthomyiidae_Myopina_myopina_812826_1975836678,http://creativecommons.org/licenses/by-nc-nd/4.0/
833751,1975836678,Anthomyiidae_Myopina_myopina_812827_1975836678,http://creativecommons.org/licenses/by-nc-nd/4.0/
833999,3725635673,Anthomyiidae_Anthomyia_procellaris_509892_3725635673,http://creativecommons.org/licenses/by-nc-nd/4.0/
834069,2845129709,Anthomyiidae_Anthomyia_liturata_1613153_2845129709,http://creativecommons.org/licenses/by-nc-nd/4.0/
834189,1953632585,Anthomyiidae_Hydrophoria_linogrisea_781169_1953632585,http://creativecommons.org/licenses/by-nc/4.0/
834575,1964633383,Anthomyiidae_Anthomyia_liturata_795407_1964633383,http://creativecommons.org/licenses/by-nc-nd/4.0/
834576,1964633383,Anthomyiidae_Anthomyia_liturata_795408_1964633383,http://creativecommons.org/licenses/by-nc-nd/4.0/
837458,1970691609,Anthomyiidae_Hydrophoria_lancifer_115468_1970691609,http://creativecommons.org/licenses/by-nc/4.0/
837624,2842410589,Anthomyiidae_Calythea_nigricans_2986783_2842410589,http://creativecommons.org/licenses/by-nc/4.0/
838321,1956656570,Anthomyiidae_Emmesomyia_socia_785256_1956656570,http://creativecommons.org/licenses/by-nc-nd/4.0/
838322,1956656570,Anthomyiidae_Emmesomyia_socia_785257_1956656570,http://creativecommons.org/licenses/by-nc-nd/4.0/
838323,1956656570,Anthomyiidae_Emmesomyia_socia_785258_1956656570,http://creativecommons.org/licenses/by-nc-nd/4.0/
838324,1956656570,Anthomyiidae_Emmesomyia_socia_785259_1956656570,http://creativecommons.org/licenses/by-nc-nd/4.0/
838325,1956656570,Anthomyiidae_Emmesomyia_socia_785260_1956656570,http://creativecommons.org/licenses/by-nc-nd/4.0/
838354,1953022272,Anthomyiidae_Pegomya_setaria_1468613_1953022272,http://creativecommons.org/licenses/by/4.0/
839064,1963612092,Anthomyiidae_Eustalomyia_hilaris_2862490_1963612092,http://creativecommons.org/licenses/by/4.0/
839169,1954802737,Anthomyiidae_Hydrophoria_ruralis_91339_1954802737,http://creativecommons.org/licenses/by-nc-nd/4.0/
839238,3716598263,Anthomyiidae_Chirosia_betuleti_1857381_3716598263,http://creativecommons.org/licenses/by-nc-nd/4.0/
839420,1955882641,Anthomyiidae_Hydrophoria_linogrisea_94130_1955882641,http://creativecommons.org/licenses/by-nc/4.0/
839421,1955882641,Anthomyiidae_Hydrophoria_linogrisea_94131_1955882641,http://creativecommons.org/licenses/by-nc/4.0/
839432,1958138313,Anthomyiidae_Hylemya_vagans_97371_1958138313,http://creativecommons.org/licenses/by-nc-nd/4.0/
839434,1958138313,Anthomyiidae_Hylemya_vagans_97373_1958138313,http://creativecommons.org/licenses/by-nc-nd/4.0/
839593,1955762660,Anthomyiidae_Calythea_nigricans_2162204_1955762660,http://creativecommons.org/licenses/by-nc/4.0/
839691,2836850512,Anthomyiidae_Mycophaga_testacea_2976824_2836850512,http://creativecommons.org/licenses/by-nc/4.0/
840199,1967887355,Anthomyiidae_Chirosia_betuleti_801376_1967887355,http://creativecommons.org/licenses/by-nc-nd/4.0/
840200,1967887355,Anthomyiidae_Chirosia_betuleti_801377_1967887355,http://creativecommons.org/licenses/by-nc-nd/4.0/
840219,3904315063,Anthomyiidae_Anthomyia_procellaris_2683956_3904315063,http://creativecommons.org/licenses/by-nc-nd/4.0/
840321,1961514073,Anthomyiidae_Hydrophoria_lancifer_102173_1961514073,http://creativecommons.org/licenses/by-nc-nd/4.0/
842466,3727534390,Anthomyiidae_Chirosia_betuleti_2585863_3727534390,http://creativecommons.org/licenses/by-nc-nd/4.0/
842864,1969332401,Anthomyiidae_Chirosia_histricina_1491565_1969332401,http://creativecommons.org/licenses/by/4.0/
842888,1957210849,Anthomyiidae_Hydrophoria_ruralis_1474437_1957210849,http://creativecommons.org/licenses/by-nc-nd/4.0/
842889,1957210849,Anthomyiidae_Hydrophoria_ruralis_1474438_1957210849,http://creativecommons.org/licenses/by-nc-nd/4.0/
843355,1977707433,Anthomyiidae_Egle_ciliata_816281_1977707433,http://creativecommons.org/licenses/by-nc-nd/4.0/
843356,1977707433,Anthomyiidae_Egle_ciliata_816282_1977707433,http://creativecommons.org/licenses/by-nc-nd/4.0/
844756,1958424107,Anthomyiidae_Leucophora_obtusa_2856179_1958424107,http://creativecommons.org/licenses/by-nc-nd/4.0/
844757,1958424107,Anthomyiidae_Leucophora_obtusa_2856180_1958424107,http://creativecommons.org/licenses/by-nc-nd/4.0/
845281,3906102658,Anthomyiidae_Anthomyia_procellaris_1315907_3906102658,http://creativecommons.org/licenses/by-nc-nd/4.0/
846445,1957207341,Anthomyiidae_Pegoplata_infirma_95197_1957207341,http://creativecommons.org/licenses/by-nc-nd/4.0/
846446,1957207341,Anthomyiidae_Pegoplata_infirma_95198_1957207341,http://creativecommons.org/licenses/by-nc-nd/4.0/
846876,3996486537,Anthomyiidae_Anthomyia_liturata_1358354_3996486537,http://creativecommons.org/licenses/by-nc-nd/4.0/
846877,3996486537,Anthomyiidae_Anthomyia_liturata_1358355_3996486537,http://creativecommons.org/licenses/by-nc-nd/4.0/
846878,3996486537,Anthomyiidae_Anthomyia_liturata_1358356_3996486537,http://creativecommons.org/licenses/by-nc-nd/4.0/
846879,3996486537,Anthomyiidae_Anthomyia_liturata_1358357_3996486537,http://creativecommons.org/licenses/by-nc-nd/4.0/
846880,3996486537,Anthomyiidae_Anthomyia_liturata_1358358_3996486537,http://creativecommons.org/licenses/by-nc-nd/4.0/
846881,3996486537,Anthomyiidae_Anthomyia_liturata_1358359_3996486537,http://creativecommons.org/licenses/by-nc-nd/4.0/
849495,1968714616,Anthomyiidae_Emmesomyia_socia_2179698_1968714616,http://creativecommons.org/licenses/by-nc-nd/4.0/
849496,1968714616,Anthomyiidae_Emmesomyia_socia_2179699_1968714616,http://creativecommons.org/licenses/by-nc-nd/4.0/
849497,1968714616,Anthomyiidae_Emmesomyia_socia_2179700_1968714616,http://creativecommons.org/licenses/by-nc-nd/4.0/
849498,1968714616,Anthomyiidae_Emmesomyia_socia_2179701_1968714616,http://creativecommons.org/licenses/by-nc-nd/4.0/
849499,1968714616,Anthomyiidae_Emmesomyia_socia_2179702_1968714616,http://creativecommons.org/licenses/by-nc-nd/4.0/
850742,1956625985,Anthomyiidae_Delia_coarctata_1473811_1956625985,http://creativecommons.org/licenses/by-nc-nd/4.0/
851615,1972913620,Anthomyiidae_Eustalomyia_hilaris_2876696_1972913620,http://creativecommons.org/licenses/by-nc-nd/4.0/
851803,1957701254,Anthomyiidae_Eustalomyia_hilaris_2854539_1957701254,http://creativecommons.org/licenses/by-nc-nd/4.0/
851900,1969403552,Anthomyiidae_Chirosia_histricina_2180993_1969403552,http://creativecommons.org/licenses/by-nc-nd/4.0/
852053,1954327580,Anthomyiidae_Hylemya_vagans_2159318_1954327580,http://creativecommons.org/licenses/by-nc-nd/4.0/
852054,1954327580,Anthomyiidae_Hylemya_vagans_2159319_1954327580,http://creativecommons.org/licenses/by-nc-nd/4.0/
852743,2837233168,Anthomyiidae_Anthomyia_procellaris_2977856_2837233168,http://creativecommons.org/licenses/by-nc/4.0/
853084,1957584670,Anthomyiidae_Hydrophoria_lancifer_96023_1957584670,http://creativecommons.org/licenses/by-nc-nd/4.0/
854906,1966914708,Anthomyiidae_Hydrophoria_lancifer_2178365_1966914708,http://creativecommons.org/licenses/by-nc/4.0/
855898,1965620210,Anthomyiidae_Botanophila_seneciella_2865692_1965620210,http://creativecommons.org/licenses/by-nc-nd/4.0/
855899,1965620210,Anthomyiidae_Botanophila_seneciella_2865693_1965620210,http://creativecommons.org/licenses/by-nc-nd/4.0/
855900,1965620210,Anthomyiidae_Botanophila_seneciella_2865694_1965620210,http://creativecommons.org/licenses/by-nc-nd/4.0/
855901,1965620210,Anthomyiidae_Botanophila_seneciella_2865695_1965620210,http://creativecommons.org/licenses/by-nc-nd/4.0/
855902,1965620210,Anthomyiidae_Botanophila_seneciella_2865696_1965620210,http://creativecommons.org/licenses/by-nc-nd/4.0/
856168,1976545096,Anthomyiidae_Hydrophoria_lancifer_123385_1976545096,http://creativecommons.org/licenses/by-nc-nd/4.0/
856906,1955681205,Anthomyiidae_Hydrophoria_lancifer_2161949_1955681205,http://creativecommons.org/licenses/by-nc/4.0/
857119,3716778036,Anthomyiidae_Chirosia_betuleti_478935_3716778036,http://creativecommons.org/licenses/by-nc-nd/4.0/
857384,1977353699,Anthomyiidae_Paradelia_intersecta_1504493_1977353699,http://creativecommons.org/licenses/by-nc-nd/4.0/
857385,1977353699,Anthomyiidae_Paradelia_intersecta_1504494_1977353699,http://creativecommons.org/licenses/by-nc-nd/4.0/
857386,1977353699,Anthomyiidae_Paradelia_intersecta_1504495_1977353699,http://creativecommons.org/licenses/by-nc-nd/4.0/
857387,1977353699,Anthomyiidae_Paradelia_intersecta_1504496_1977353699,http://creativecommons.org/licenses/by-nc-nd/4.0/
857388,1977353699,Anthomyiidae_Paradelia_intersecta_1504497_1977353699,http://creativecommons.org/licenses/by-nc-nd/4.0/
857389,1977353699,Anthomyiidae_Paradelia_intersecta_1504498_1977353699,http://creativecommons.org/licenses/by-nc-nd/4.0/
857390,1977353699,Anthomyiidae_Paradelia_intersecta_1504499_1977353699,http://creativecommons.org/licenses/by-nc-nd/4.0/
857391,1977353699,Anthomyiidae_Paradelia_intersecta_1504500_1977353699,http://creativecommons.org/licenses/by-nc-nd/4.0/
857392,1977353699,Anthomyiidae_Paradelia_intersecta_1504501_1977353699,http://creativecommons.org/licenses/by-nc-nd/4.0/
857393,1977353699,Anthomyiidae_Paradelia_intersecta_1504502_1977353699,http://creativecommons.org/licenses/by-nc-nd/4.0/
857394,1977353699,Anthomyiidae_Paradelia_intersecta_1504503_1977353699,http://creativecommons.org/licenses/by-nc-nd/4.0/
857395,1977353699,Anthomyiidae_Paradelia_intersecta_1504504_1977353699,http://creativecommons.org/licenses/by-nc-nd/4.0/
857396,1977353699,Anthomyiidae_Paradelia_intersecta_1504505_1977353699,http://creativecommons.org/licenses/by-nc-nd/4.0/
857397,1977353699,Anthomyiidae_Paradelia_intersecta_1504506_1977353699,http://creativecommons.org/licenses/by-nc-nd/4.0/
857398,1977353699,Anthomyiidae_Paradelia_intersecta_1504507_1977353699,http://creativecommons.org/licenses/by-nc-nd/4.0/
857399,1977353699,Anthomyiidae_Paradelia_intersecta_1504508_1977353699,http://creativecommons.org/licenses/by-nc-nd/4.0/
857400,1977353699,Anthomyiidae_Paradelia_intersecta_1504509_1977353699,http://creativecommons.org/licenses/by-nc-nd/4.0/
857687,1952892053,Anthomyiidae_Myopina_myopina_779722_1952892053,http://creativecommons.org/licenses/by-nc/4.0/
857702,1956072138,Anthomyiidae_Egle_rhinotmeta_2162750_1956072138,http://creativecommons.org/licenses/by-nc-nd/4.0/
857703,1956072138,Anthomyiidae_Egle_rhinotmeta_2162751_1956072138,http://creativecommons.org/licenses/by-nc-nd/4.0/
857704,1956072138,Anthomyiidae_Egle_rhinotmeta_2162752_1956072138,http://creativecommons.org/licenses/by-nc-nd/4.0/
858642,1955672883,Anthomyiidae_Hydrophoria_linogrisea_93567_1955672883,http://creativecommons.org/licenses/by-nc-nd/4.0/
858643,1955672883,Anthomyiidae_Hydrophoria_linogrisea_93568_1955672883,http://creativecommons.org/licenses/by-nc-nd/4.0/
858644,1955672883,Anthomyiidae_Hydrophoria_linogrisea_93569_1955672883,http://creativecommons.org/licenses/by-nc-nd/4.0/
859314,1969911515,Anthomyiidae_Fucellia_maritima_804600_1969911515,http://creativecommons.org/licenses/by-nc-nd/4.0/
859315,1969911515,Anthomyiidae_Fucellia_maritima_804601_1969911515,http://creativecommons.org/licenses/by-nc-nd/4.0/
859316,1969911515,Anthomyiidae_Fucellia_maritima_804602_1969911515,http://creativecommons.org/licenses/by-nc-nd/4.0/
859317,1969911515,Anthomyiidae_Fucellia_maritima_804603_1969911515,http://creativecommons.org/licenses/by-nc-nd/4.0/
859755,1958532054,Anthomyiidae_Pegoplata_aestiva_97939_1958532054,http://creativecommons.org/licenses/by-nc-nd/4.0/
859756,1958532054,Anthomyiidae_Pegoplata_aestiva_97940_1958532054,http://creativecommons.org/licenses/by-nc-nd/4.0/
859757,1958532054,Anthomyiidae_Pegoplata_aestiva_97941_1958532054,http://creativecommons.org/licenses/by-nc-nd/4.0/
861458,3721657008,Anthomyiidae_Anthomyia_procellaris_2566012_3721657008,http://creativecommons.org/licenses/by-nc-nd/4.0/
863354,3907278518,Anthomyiidae_Anthomyia_procellaris_1322518_3907278518,http://creativecommons.org/licenses/by-nc-nd/4.0/
863396,1955587402,Anthomyiidae_Myopina_myopina_1472646_1955587402,http://creativecommons.org/licenses/by-nc-nd/4.0/
863960,1957239904,Anthomyiidae_Delia_coarctata_95301_1957239904,http://creativecommons.org/licenses/by-nc-nd/4.0/
863961,1957239904,Anthomyiidae_Delia_coarctata_95302_1957239904,http://creativecommons.org/licenses/by-nc-nd/4.0/
863962,1957239904,Anthomyiidae_Delia_coarctata_95303_1957239904,http://creativecommons.org/licenses/by-nc-nd/4.0/
866850,1957176914,Anthomyiidae_Hylemya_vagans_785813_1957176914,http://creativecommons.org/licenses/by-nc-nd/4.0/
866851,1957176914,Anthomyiidae_Hylemya_vagans_785814_1957176914,http://creativecommons.org/licenses/by-nc-nd/4.0/
867814,1964877318,Anthomyiidae_Pegomya_winthemi_2863558_1964877318,http://creativecommons.org/licenses/by-nc-sa/4.0/
867815,1964877318,Anthomyiidae_Pegomya_winthemi_2863559_1964877318,http://creativecommons.org/licenses/by-nc-sa/4.0/
868514,1955227349,Anthomyiidae_Chirosia_histricina_2160694_1955227349,http://creativecommons.org/licenses/by/4.0/
868515,1955227349,Anthomyiidae_Chirosia_histricina_2160695_1955227349,http://creativecommons.org/licenses/by/4.0/
869316,3822473711,Anthomyiidae_Anthomyia_monilis_2626638_3822473711,http://creativecommons.org/licenses/by-nc-nd/4.0/
870261,3822447965,Anthomyiidae_Pegomya_winthemi_558955_3822447965,http://creativecommons.org/licenses/by-nc-nd/4.0/
870262,3822447965,Anthomyiidae_Pegomya_winthemi_558956_3822447965,http://creativecommons.org/licenses/by-nc-nd/4.0/
870263,3822447965,Anthomyiidae_Pegomya_winthemi_558957_3822447965,http://creativecommons.org/licenses/by-nc-nd/4.0/
870264,3822447965,Anthomyiidae_Pegomya_winthemi_558958_3822447965,http://creativecommons.org/licenses/by-nc-nd/4.0/
870265,3822447965,Anthomyiidae_Pegomya_winthemi_558959_3822447965,http://creativecommons.org/licenses/by-nc-nd/4.0/
870266,3822447965,Anthomyiidae_Pegomya_winthemi_558960_3822447965,http://creativecommons.org/licenses/by-nc-nd/4.0/
872766,1972498859,Anthomyiidae_Pegomya_setaria_807958_1972498859,http://creativecommons.org/licenses/by-nc-nd/4.0/
872767,1972498859,Anthomyiidae_Pegomya_setaria_807959_1972498859,http://creativecommons.org/licenses/by-nc-nd/4.0/
872768,1972498859,Anthomyiidae_Pegomya_setaria_807960_1972498859,http://creativecommons.org/licenses/by-nc-nd/4.0/
872769,1972498859,Anthomyiidae_Pegomya_setaria_807961_1972498859,http://creativecommons.org/licenses/by-nc-nd/4.0/
872770,1972498859,Anthomyiidae_Pegomya_setaria_807962_1972498859,http://creativecommons.org/licenses/by-nc-nd/4.0/
873095,1960302800,Anthomyiidae_Leucophora_obtusa_100675_1960302800,http://creativecommons.org/licenses/by-nc-nd/4.0/
873992,1957234671,Anthomyiidae_Botanophila_striolata_785945_1957234671,http://creativecommons.org/licenses/by-nc-nd/4.0/
873993,1957234671,Anthomyiidae_Botanophila_striolata_785946_1957234671,http://creativecommons.org/licenses/by-nc-nd/4.0/
874508,1953497789,Anthomyiidae_Hydrophoria_linogrisea_780948_1953497789,http://creativecommons.org/licenses/by-nc-nd/4.0/
874514,3726399131,Anthomyiidae_Eustalomyia_hilaris_1891794_3726399131,http://creativecommons.org/licenses/by-nc-nd/4.0/
875051,1957239216,Anthomyiidae_Botanophila_fugax_785968_1957239216,http://creativecommons.org/licenses/by-nc-nd/4.0/
875052,1957239216,Anthomyiidae_Botanophila_fugax_785969_1957239216,http://creativecommons.org/licenses/by-nc-nd/4.0/
875511,1954780366,Anthomyiidae_Anthomyia_liturata_2159711_1954780366,http://creativecommons.org/licenses/by-nc-nd/4.0/
875512,1954780366,Anthomyiidae_Anthomyia_liturata_2159712_1954780366,http://creativecommons.org/licenses/by-nc-nd/4.0/
875513,1954780366,Anthomyiidae_Anthomyia_liturata_2159713_1954780366,http://creativecommons.org/licenses/by-nc-nd/4.0/
875514,1954780366,Anthomyiidae_Anthomyia_liturata_2159714_1954780366,http://creativecommons.org/licenses/by-nc-nd/4.0/
875515,1954780366,Anthomyiidae_Anthomyia_liturata_2159715_1954780366,http://creativecommons.org/licenses/by-nc-nd/4.0/
875600,2833498191,Anthomyiidae_Egle_rhinotmeta_212067_2833498191,http://creativecommons.org/licenses/by-nc-nd/4.0/
875601,2833498191,Anthomyiidae_Egle_rhinotmeta_212068_2833498191,http://creativecommons.org/licenses/by-nc-nd/4.0/
875602,2833498191,Anthomyiidae_Egle_rhinotmeta_212069_2833498191,http://creativecommons.org/licenses/by-nc-nd/4.0/
875603,2833498191,Anthomyiidae_Egle_rhinotmeta_212070_2833498191,http://creativecommons.org/licenses/by-nc-nd/4.0/
876242,1966080095,Anthomyiidae_Hydrophoria_linogrisea_798703_1966080095,http://creativecommons.org/licenses/by-nc-nd/4.0/
878195,3718720198,Anthomyiidae_Anthomyia_procellaris_487781_3718720198,http://creativecommons.org/licenses/by-nc-sa/4.0/
879326,1957875778,Anthomyiidae_Alliopsis_silvestris_1475969_1957875778,http://creativecommons.org/licenses/by-nc/4.0/
879327,1957875778,Anthomyiidae_Alliopsis_silvestris_1475970_1957875778,http://creativecommons.org/licenses/by-nc/4.0/
879328,1971099620,Anthomyiidae_Zaphne_divisa_2184417_1971099620,http://creativecommons.org/licenses/by-nc-nd/4.0/
879329,1971099620,Anthomyiidae_Zaphne_divisa_2184418_1971099620,http://creativecommons.org/licenses/by-nc-nd/4.0/
879330,1971099620,Anthomyiidae_Zaphne_divisa_2184419_1971099620,http://creativecommons.org/licenses/by-nc-nd/4.0/
879331,1971099620,Anthomyiidae_Zaphne_divisa_2184420_1971099620,http://creativecommons.org/licenses/by-nc-nd/4.0/
879332,1971099620,Anthomyiidae_Zaphne_divisa_2184421_1971099620,http://creativecommons.org/licenses/by-nc-nd/4.0/
879333,1971099620,Anthomyiidae_Zaphne_divisa_2184422_1971099620,http://creativecommons.org/licenses/by-nc-nd/4.0/
879334,1971099620,Anthomyiidae_Zaphne_divisa_2184423_1971099620,http://creativecommons.org/licenses/by-nc-nd/4.0/
879422,1954816045,Anthomyiidae_Egle_parva_1470641_1954816045,http://creativecommons.org/licenses/by-nc-nd/4.0/
880503,1969392084,Anthomyiidae_Eustalomyia_hilaris_112574_1969392084,http://creativecommons.org/licenses/by/4.0/
881200,1975715751,Anthomyiidae_Chirosia_grossicauda_2880293_1975715751,http://creativecommons.org/licenses/by-nc-nd/4.0/
881381,3824490640,Anthomyiidae_Anthomyia_procellaris_564234_3824490640,http://creativecommons.org/licenses/by-nc-nd/4.0/
881731,2842585531,Anthomyiidae_Myopina_myopina_2987294_2842585531,http://creativecommons.org/licenses/by-nc-nd/4.0/
882463,1965851623,Anthomyiidae_Botanophila_seneciella_2175865_1965851623,http://creativecommons.org/licenses/by-nc-nd/4.0/
883855,1955569835,Anthomyiidae_Pegomya_solennis_1472582_1955569835,http://creativecommons.org/licenses/by-nc-nd/4.0/
885158,1966189213,Anthomyiidae_Anthomyia_monilis_2176686_1966189213,http://creativecommons.org/licenses/by-nc/4.0/
888814,2833320121,Anthomyiidae_Calythea_nigricans_1591084_2833320121,http://creativecommons.org/licenses/by-nc/4.0/
888815,2833320121,Anthomyiidae_Calythea_nigricans_1591085_2833320121,http://creativecommons.org/licenses/by-nc/4.0/
888816,2833320121,Anthomyiidae_Calythea_nigricans_1591086_2833320121,http://creativecommons.org/licenses/by-nc/4.0/
889479,1960247346,Anthomyiidae_Leucophora_obtusa_2169178_1960247346,http://creativecommons.org/licenses/by-nc-nd/4.0/
889480,1960247346,Anthomyiidae_Leucophora_obtusa_2169179_1960247346,http://creativecommons.org/licenses/by-nc-nd/4.0/
889481,1960247346,Anthomyiidae_Leucophora_obtusa_2169180_1960247346,http://creativecommons.org/licenses/by-nc-nd/4.0/
890699,1976745507,Anthomyiidae_Chirosia_histricina_2882206_1976745507,http://creativecommons.org/licenses/by/4.0/
892140,1957516283,Anthomyiidae_Mycophaga_testacea_95888_1957516283,http://creativecommons.org/licenses/by-nc/4.0/
893510,1959359562,Anthomyiidae_Hydrophoria_lancifer_1478070_1959359562,http://creativecommons.org/licenses/by-nc-nd/4.0/
894301,1968990938,Anthomyiidae_Chirosia_betuleti_802435_1968990938,http://creativecommons.org/licenses/by-nc-nd/4.0/
895058,1956657444,Anthomyiidae_Emmesomyia_socia_1473852_1956657444,http://creativecommons.org/licenses/by-nc-nd/4.0/
895059,1956657444,Anthomyiidae_Emmesomyia_socia_1473853_1956657444,http://creativecommons.org/licenses/by-nc-nd/4.0/
895281,3904684929,Anthomyiidae_Anthomyia_procellaris_2686252_3904684929,http://creativecommons.org/licenses/by-nc-nd/4.0/
896639,1952922390,Anthomyiidae_Chirosia_histricina_2847391_1952922390,http://creativecommons.org/licenses/by/4.0/
896640,1952922390,Anthomyiidae_Chirosia_histricina_2847392_1952922390,http://creativecommons.org/licenses/by/4.0/
897808,1970796537,Anthomyiidae_Myopina_myopina_806392_1970796537,http://creativecommons.org/licenses/by-nc-nd/4.0/
897809,1970796537,Anthomyiidae_Myopina_myopina_806393_1970796537,http://creativecommons.org/licenses/by-nc-nd/4.0/
897810,1970796537,Anthomyiidae_Myopina_myopina_806394_1970796537,http://creativecommons.org/licenses/by-nc-nd/4.0/
897811,1970796537,Anthomyiidae_Myopina_myopina_806395_1970796537,http://creativecommons.org/licenses/by-nc-nd/4.0/
897812,1970796537,Anthomyiidae_Myopina_myopina_806396_1970796537,http://creativecommons.org/licenses/by-nc-nd/4.0/
897813,1970796537,Anthomyiidae_Myopina_myopina_806397_1970796537,http://creativecommons.org/licenses/by-nc-nd/4.0/
897814,1970796537,Anthomyiidae_Myopina_myopina_806398_1970796537,http://creativecommons.org/licenses/by-nc-nd/4.0/
897815,1970796537,Anthomyiidae_Myopina_myopina_806399_1970796537,http://creativecommons.org/licenses/by-nc-nd/4.0/
897816,1970796537,Anthomyiidae_Myopina_myopina_806400_1970796537,http://creativecommons.org/licenses/by-nc-nd/4.0/
897935,1973144154,Anthomyiidae_Botanophila_seneciella_2187179_1973144154,http://creativecommons.org/licenses/by-nc-nd/4.0/
898094,3825315266,Anthomyiidae_Eustalomyia_hilaris_2633353_3825315266,http://creativecommons.org/licenses/by-nc-nd/4.0/
899335,1959008480,Anthomyiidae_Hydrophoria_linogrisea_1477474_1959008480,http://creativecommons.org/licenses/by-nc-nd/4.0/
899336,1959008480,Anthomyiidae_Hydrophoria_linogrisea_1477475_1959008480,http://creativecommons.org/licenses/by-nc-nd/4.0/
899561,1961633341,Anthomyiidae_Botanophila_fugax_102393_1961633341,http://creativecommons.org/licenses/by-nc/4.0/
899562,1961633341,Anthomyiidae_Botanophila_fugax_102394_1961633341,http://creativecommons.org/licenses/by-nc/4.0/
899821,1961093973,Anthomyiidae_Delia_criniventris_791981_1961093973,http://creativecommons.org/licenses/by-nc-nd/4.0/
899822,1961093973,Anthomyiidae_Delia_criniventris_791982_1961093973,http://creativecommons.org/licenses/by-nc-nd/4.0/
899823,1961093973,Anthomyiidae_Delia_criniventris_791983_1961093973,http://creativecommons.org/licenses/by-nc-nd/4.0/
901403,3720738907,Anthomyiidae_Delia_platura_492349_3720738907,http://creativecommons.org/licenses/by-nc-nd/4.0/
901405,3720738907,Anthomyiidae_Delia_platura_492351_3720738907,http://creativecommons.org/licenses/by-nc-nd/4.0/
902265,3824295989,Anthomyiidae_Anthomyia_procellaris_3321760_3824295989,http://creativecommons.org/licenses/by-nc-nd/4.0/
902940,1953520755,Anthomyiidae_Mycophaga_testacea_780995_1953520755,http://creativecommons.org/licenses/by-nc-nd/4.0/
903145,1969472141,Anthomyiidae_Chirosia_grossicauda_2181189_1969472141,http://creativecommons.org/licenses/by-nc-nd/4.0/
903146,1969472141,Anthomyiidae_Chirosia_grossicauda_2181190_1969472141,http://creativecommons.org/licenses/by-nc-nd/4.0/
903757,1954816182,Anthomyiidae_Hylemyza_partita_2849615_1954816182,http://creativecommons.org/licenses/by-nc-nd/4.0/
903758,1954816182,Anthomyiidae_Hylemyza_partita_2849616_1954816182,http://creativecommons.org/licenses/by-nc-nd/4.0/
903963,2841255412,Anthomyiidae_Fucellia_maritima_225190_2841255412,http://creativecommons.org/licenses/by-nc-nd/4.0/
903964,2841255412,Anthomyiidae_Fucellia_maritima_225191_2841255412,http://creativecommons.org/licenses/by-nc-nd/4.0/
903965,2841255412,Anthomyiidae_Fucellia_maritima_225192_2841255412,http://creativecommons.org/licenses/by-nc-nd/4.0/
903966,2841255412,Anthomyiidae_Fucellia_maritima_225193_2841255412,http://creativecommons.org/licenses/by-nc-nd/4.0/
903967,2841255412,Anthomyiidae_Fucellia_maritima_225194_2841255412,http://creativecommons.org/licenses/by-nc-nd/4.0/
903968,2841255412,Anthomyiidae_Fucellia_maritima_225195_2841255412,http://creativecommons.org/licenses/by-nc-nd/4.0/
905062,1955514415,Anthomyiidae_Pegomya_bicolor_783729_1955514415,http://creativecommons.org/licenses/by-nc-nd/4.0/
905063,1955514415,Anthomyiidae_Pegomya_bicolor_783730_1955514415,http://creativecommons.org/licenses/by-nc-nd/4.0/
906832,1976150032,Anthomyiidae_Anthomyia_monilis_1501678_1976150032,http://creativecommons.org/licenses/by-nc-nd/4.0/
906833,1976150032,Anthomyiidae_Anthomyia_monilis_1501679_1976150032,http://creativecommons.org/licenses/by-nc-nd/4.0/
907834,1975663213,Anthomyiidae_Hydrophoria_lancifer_2880264_1975663213,http://creativecommons.org/licenses/by-nc/4.0/
909095,2833574049,Anthomyiidae_Hydrophoria_lancifer_1591487_2833574049,http://creativecommons.org/licenses/by-nc-nd/4.0/
909218,1969417637,Anthomyiidae_Pegoplata_aestiva_1491802_1969417637,http://creativecommons.org/licenses/by-nc-nd/4.0/
909219,1969417637,Anthomyiidae_Pegoplata_aestiva_1491803_1969417637,http://creativecommons.org/licenses/by-nc-nd/4.0/
909220,1969417637,Anthomyiidae_Pegoplata_aestiva_1491804_1969417637,http://creativecommons.org/licenses/by-nc-nd/4.0/
909221,1969417637,Anthomyiidae_Pegoplata_aestiva_1491805_1969417637,http://creativecommons.org/licenses/by-nc-nd/4.0/
911760,1973204618,Anthomyiidae_Eustalomyia_hilaris_118981_1973204618,http://creativecommons.org/licenses/by/4.0/
913863,3453902905,Anthomyiidae_Anthomyia_plurinotata_455297_3453902905,http://creativecommons.org/licenses/by-sa/4.0/
913885,3453913304,Anthomyiidae_Pegomya_solennis_455301_3453913304,http://creativecommons.org/licenses/by-sa/4.0/
914672,3903964901,Anthomyiidae_Hydrophoria_ruralis_2681720_3903964901,http://creativecommons.org/licenses/by-nc-nd/4.0/
914673,3903964901,Anthomyiidae_Hydrophoria_ruralis_2681721_3903964901,http://creativecommons.org/licenses/by-nc-nd/4.0/
914993,1965455568,Anthomyiidae_Hydrophoria_lancifer_2865322_1965455568,http://creativecommons.org/licenses/by-nc-nd/4.0/
915215,1959408358,Anthomyiidae_Hydrophoria_ruralis_98967_1959408358,http://creativecommons.org/licenses/by-nc-nd/4.0/
915216,1959408358,Anthomyiidae_Hydrophoria_ruralis_98968_1959408358,http://creativecommons.org/licenses/by-nc-nd/4.0/
915217,1959408358,Anthomyiidae_Hydrophoria_ruralis_98969_1959408358,http://creativecommons.org/licenses/by-nc-nd/4.0/
915218,1959408358,Anthomyiidae_Hydrophoria_ruralis_98970_1959408358,http://creativecommons.org/licenses/by-nc-nd/4.0/
915219,1959408358,Anthomyiidae_Hydrophoria_ruralis_98971_1959408358,http://creativecommons.org/licenses/by-nc-nd/4.0/
915220,1959408358,Anthomyiidae_Hydrophoria_ruralis_98972_1959408358,http://creativecommons.org/licenses/by-nc-nd/4.0/
915573,1958727565,Anthomyiidae_Hydrophoria_ruralis_2166668_1958727565,http://creativecommons.org/licenses/by-nc/4.0/
915574,1958727565,Anthomyiidae_Hydrophoria_ruralis_2166669_1958727565,http://creativecommons.org/licenses/by-nc/4.0/
915575,1958727565,Anthomyiidae_Hydrophoria_ruralis_2166670_1958727565,http://creativecommons.org/licenses/by-nc/4.0/
917465,3905657907,Anthomyiidae_Anthomyia_procellaris_624623_3905657907,http://creativecommons.org/licenses/by-nc-nd/4.0/
918293,1966774257,Anthomyiidae_Mycophaga_testacea_800480_1966774257,http://creativecommons.org/licenses/by-nc-nd/4.0/
918294,1966774257,Anthomyiidae_Mycophaga_testacea_800481_1966774257,http://creativecommons.org/licenses/by-nc-nd/4.0/
919002,1957412860,Anthomyiidae_Hylemya_vagans_2853956_1957412860,http://creativecommons.org/licenses/by-nc-nd/4.0/
919003,1957412860,Anthomyiidae_Hylemya_vagans_2853957_1957412860,http://creativecommons.org/licenses/by-nc-nd/4.0/
919483,1969675216,Anthomyiidae_Botanophila_seneciella_804108_1969675216,http://creativecommons.org/licenses/by-nc-nd/4.0/
919828,1972398661,Anthomyiidae_Anthomyia_liturata_807786_1972398661,http://creativecommons.org/licenses/by-nc/4.0/
919829,1972398661,Anthomyiidae_Anthomyia_liturata_807787_1972398661,http://creativecommons.org/licenses/by-nc/4.0/
919830,1972398661,Anthomyiidae_Anthomyia_liturata_807788_1972398661,http://creativecommons.org/licenses/by-nc/4.0/
919831,1972398661,Anthomyiidae_Anthomyia_liturata_807789_1972398661,http://creativecommons.org/licenses/by-nc/4.0/
919893,1954755768,Anthomyiidae_Delia_frontella_781844_1954755768,http://creativecommons.org/licenses/by-nc-nd/4.0/
919894,1954755768,Anthomyiidae_Delia_frontella_781845_1954755768,http://creativecommons.org/licenses/by-nc-nd/4.0/
920552,2840112775,Anthomyiidae_Calythea_nigricans_2291675_2840112775,http://creativecommons.org/licenses/by-nc/4.0/
920572,1968998398,Anthomyiidae_Hydrophoria_linogrisea_2870285_1968998398,http://creativecommons.org/licenses/by-nc/4.0/
921097,2833446226,Anthomyiidae_Phorbia_penicillaris_1591295_2833446226,http://creativecommons.org/licenses/by-nc-nd/4.0/
921098,2833446226,Anthomyiidae_Phorbia_penicillaris_1591296_2833446226,http://creativecommons.org/licenses/by-nc-nd/4.0/
921099,2833446226,Anthomyiidae_Phorbia_penicillaris_1591297_2833446226,http://creativecommons.org/licenses/by-nc-nd/4.0/
921100,2833446226,Anthomyiidae_Phorbia_penicillaris_1591298_2833446226,http://creativecommons.org/licenses/by-nc-nd/4.0/
921101,2833446226,Anthomyiidae_Phorbia_penicillaris_1591299_2833446226,http://creativecommons.org/licenses/by-nc-nd/4.0/
921102,2833446226,Anthomyiidae_Phorbia_penicillaris_1591300_2833446226,http://creativecommons.org/licenses/by-nc-nd/4.0/
921103,2833446226,Anthomyiidae_Phorbia_penicillaris_1591301_2833446226,http://creativecommons.org/licenses/by-nc-nd/4.0/
921215,1955344951,Anthomyiidae_Anthomyia_liturata_1471871_1955344951,http://creativecommons.org/licenses/by-nc-nd/4.0/
921216,1955344951,Anthomyiidae_Anthomyia_liturata_1471872_1955344951,http://creativecommons.org/licenses/by-nc-nd/4.0/
923043,3925166200,Anthomyiidae_Hylemya_latevittata_647986_3925166200,http://creativecommons.org/licenses/by-nc/4.0/
923645,3109071353,Anthomyiidae_Anthomyia_illocata_973034_3109071353,http://creativecommons.org/licenses/by/4.0/
924455,3760240543,Anthomyiidae_Anthomyia_illocata_547327_3760240543,http://creativecommons.org/licenses/by-nc/4.0/
924923,2399585954,Anthomyiidae_Delia_radicum_2910391_2399585954,http://creativecommons.org/licenses/by-nc-sa/4.0/
925928,1975462841,Anthomyiidae_Chirosia_betuleti_2190067_1975462841,http://creativecommons.org/licenses/by-nc-nd/4.0/
925970,1952736689,Anthomyiidae_Chirosia_histricina_2157059_1952736689,http://creativecommons.org/licenses/by/4.0/
926546,1976983534,Anthomyiidae_Hylemya_vagans_2192798_1976983534,http://creativecommons.org/licenses/by-nc-nd/4.0/
926607,1956049598,Anthomyiidae_Paradelia_intersecta_1473582_1956049598,http://creativecommons.org/licenses/by-nc-nd/4.0/
926608,1956049598,Anthomyiidae_Paradelia_intersecta_1473583_1956049598,http://creativecommons.org/licenses/by-nc-nd/4.0/
927643,1958566102,Anthomyiidae_Hydrophoria_lancifer_788625_1958566102,http://creativecommons.org/licenses/by-nc-nd/4.0/
927700,3826239342,Anthomyiidae_Anthomyia_procellaris_3326827_3826239342,http://creativecommons.org/licenses/by-nc-nd/4.0/
928133,1973185554,Anthomyiidae_Chirosia_histricina_1497952_1973185554,http://creativecommons.org/licenses/by-nc-sa/4.0/
932684,1955598705,Anthomyiidae_Pegomya_flavifrons_93425_1955598705,http://creativecommons.org/licenses/by-nc-nd/4.0/
935236,1955498346,Anthomyiidae_Hylemya_vagans_93139_1955498346,http://creativecommons.org/licenses/by-nc-nd/4.0/
935237,1955498346,Anthomyiidae_Hylemya_vagans_93140_1955498346,http://creativecommons.org/licenses/by-nc-nd/4.0/
937559,1952104695,Anthomyiidae_Hydrophoria_ruralis_2845901_1952104695,http://creativecommons.org/licenses/by-nc-nd/4.0/
939220,3717298361,Anthomyiidae_Chirosia_betuleti_1171015_3717298361,http://creativecommons.org/licenses/by-nc-nd/4.0/
940299,3721428090,Anthomyiidae_Anthomyia_procellaris_496540_3721428090,http://creativecommons.org/licenses/by-nc-nd/4.0/
940574,3822495055,Anthomyiidae_Anthomyia_monilis_2626741_3822495055,http://creativecommons.org/licenses/by-nc-nd/4.0/
941360,1956498532,Anthomyiidae_Lasiomma_seminitidum_2162916_1956498532,http://creativecommons.org/licenses/by-nc-nd/4.0/
941591,3715761267,Anthomyiidae_Hydrophoria_linogrisea_1855188_3715761267,http://creativecommons.org/licenses/by-nc-nd/4.0/
941764,1976726542,Anthomyiidae_Botanophila_seneciella_1502938_1976726542,http://creativecommons.org/licenses/by-nc-nd/4.0/
941765,1976726542,Anthomyiidae_Botanophila_seneciella_1502939_1976726542,http://creativecommons.org/licenses/by-nc-nd/4.0/
941766,1976726542,Anthomyiidae_Botanophila_seneciella_1502940_1976726542,http://creativecommons.org/licenses/by-nc-nd/4.0/
941767,1976726542,Anthomyiidae_Botanophila_seneciella_1502941_1976726542,http://creativecommons.org/licenses/by-nc-nd/4.0/
942292,1968822896,Anthomyiidae_Chirosia_betuleti_2179841_1968822896,http://creativecommons.org/licenses/by-nc-nd/4.0/
942443,1959656244,Anthomyiidae_Delia_coarctata_2857837_1959656244,http://creativecommons.org/licenses/by-nc-nd/4.0/
942444,1959656244,Anthomyiidae_Delia_coarctata_2857838_1959656244,http://creativecommons.org/licenses/by-nc-nd/4.0/
942445,1959656244,Anthomyiidae_Delia_coarctata_2857839_1959656244,http://creativecommons.org/licenses/by-nc-nd/4.0/
945221,2838603476,Anthomyiidae_Anthomyia_procellaris_2290342_2838603476,http://creativecommons.org/licenses/by-nc-nd/4.0/
946085,1977293106,Anthomyiidae_Botanophila_fugax_2193465_1977293106,http://creativecommons.org/licenses/by-nc-nd/4.0/
946100,1957207612,Anthomyiidae_Zaphne_divisa_785869_1957207612,http://creativecommons.org/licenses/by-nc-nd/4.0/
946101,1957207612,Anthomyiidae_Zaphne_divisa_785870_1957207612,http://creativecommons.org/licenses/by-nc-nd/4.0/
946102,1957207612,Anthomyiidae_Zaphne_divisa_785871_1957207612,http://creativecommons.org/licenses/by-nc-nd/4.0/
946103,1957207612,Anthomyiidae_Zaphne_divisa_785872_1957207612,http://creativecommons.org/licenses/by-nc-nd/4.0/
946450,2836277135,Anthomyiidae_Pegomya_solennis_2285486_2836277135,http://creativecommons.org/licenses/by-nc-nd/4.0/
946451,2836277135,Anthomyiidae_Pegomya_solennis_2285487_2836277135,http://creativecommons.org/licenses/by-nc-nd/4.0/
946452,2836277135,Anthomyiidae_Pegomya_solennis_2285488_2836277135,http://creativecommons.org/licenses/by-nc-nd/4.0/
946697,2840728881,Anthomyiidae_Hydrophoria_ruralis_2982985_2840728881,http://creativecommons.org/licenses/by-nc-nd/4.0/
946961,1959104465,Anthomyiidae_Hydrophoria_lancifer_1477673_1959104465,http://creativecommons.org/licenses/by-nc-nd/4.0/
947311,2836617994,Anthomyiidae_Pegomya_steini_2976362_2836617994,http://creativecommons.org/licenses/by/4.0/
947312,2836617994,Anthomyiidae_Pegomya_steini_2976363_2836617994,http://creativecommons.org/licenses/by/4.0/
947519,1957034863,Anthomyiidae_Hylemya_vagans_1474172_1957034863,http://creativecommons.org/licenses/by-nc-nd/4.0/
947521,1957034863,Anthomyiidae_Hylemya_vagans_1474174_1957034863,http://creativecommons.org/licenses/by-nc-nd/4.0/
948656,1977078316,Anthomyiidae_Leucophora_obtusa_1503859_1977078316,http://creativecommons.org/licenses/by-nc-nd/4.0/
951832,1970088168,Anthomyiidae_Chirosia_betuleti_114266_1970088168,http://creativecommons.org/licenses/by/4.0/
952390,1956632901,Anthomyiidae_Delia_platura_2162990_1956632901,http://creativecommons.org/licenses/by-nc-nd/4.0/
952441,1955368715,Anthomyiidae_Chirosia_grossicauda_783245_1955368715,http://creativecommons.org/licenses/by-nc-nd/4.0/
952442,1955368715,Anthomyiidae_Chirosia_grossicauda_783246_1955368715,http://creativecommons.org/licenses/by-nc-nd/4.0/
953147,1972844522,Anthomyiidae_Anthomyia_procellaris_2186293_1972844522,http://creativecommons.org/licenses/by-nc-nd/4.0/
953921,1958423356,Anthomyiidae_Leucophora_obtusa_2856175_1958423356,http://creativecommons.org/licenses/by-nc-nd/4.0/
953922,1958423356,Anthomyiidae_Leucophora_obtusa_2856176_1958423356,http://creativecommons.org/licenses/by-nc-nd/4.0/
955223,1965143866,Anthomyiidae_Hydrophoria_lancifer_2864223_1965143866,http://creativecommons.org/licenses/by-nc/4.0/
956055,1973149567,Anthomyiidae_Botanophila_seneciella_809560_1973149567,http://creativecommons.org/licenses/by-nc-nd/4.0/
956912,1972353305,Anthomyiidae_Eustalomyia_hilaris_1495950_1972353305,http://creativecommons.org/licenses/by-nc/4.0/
957126,1953634183,Anthomyiidae_Myopina_myopina_1469861_1953634183,http://creativecommons.org/licenses/by-nc-nd/4.0/
957751,1958626930,Anthomyiidae_Mycophaga_testacea_1477166_1958626930,http://creativecommons.org/licenses/by-nc-nd/4.0/
957752,1958626930,Anthomyiidae_Mycophaga_testacea_1477167_1958626930,http://creativecommons.org/licenses/by-nc-nd/4.0/
957948,1955561073,Anthomyiidae_Mycophaga_testacea_2161680_1955561073,http://creativecommons.org/licenses/by-nc-nd/4.0/
958773,1957210731,Anthomyiidae_Hylemyza_partita_1474431_1957210731,http://creativecommons.org/licenses/by-nc-nd/4.0/
958774,1957210731,Anthomyiidae_Hylemyza_partita_1474432_1957210731,http://creativecommons.org/licenses/by-nc-nd/4.0/
960171,1957005245,Anthomyiidae_Mycophaga_testacea_2853237_1957005245,http://creativecommons.org/licenses/by-nc-nd/4.0/
962753,1973768072,Anthomyiidae_Hydrophoria_ruralis_810520_1973768072,http://creativecommons.org/licenses/by-nc-nd/4.0/
962754,1973768072,Anthomyiidae_Hydrophoria_ruralis_810521_1973768072,http://creativecommons.org/licenses/by-nc-nd/4.0/
962755,1973768072,Anthomyiidae_Hydrophoria_ruralis_810522_1973768072,http://creativecommons.org/licenses/by-nc-nd/4.0/
964544,1956653695,Anthomyiidae_Pegomya_winthemi_785249_1956653695,http://creativecommons.org/licenses/by-nc-nd/4.0/
964545,1956653695,Anthomyiidae_Pegomya_winthemi_785250_1956653695,http://creativecommons.org/licenses/by-nc-nd/4.0/
964546,1956653695,Anthomyiidae_Pegomya_winthemi_785251_1956653695,http://creativecommons.org/licenses/by-nc-nd/4.0/
964547,1956653695,Anthomyiidae_Pegomya_winthemi_785252_1956653695,http://creativecommons.org/licenses/by-nc-nd/4.0/
965386,1957339862,Anthomyiidae_Pegomya_hyoscyami_2853810_1957339862,http://creativecommons.org/licenses/by-nc-nd/4.0/
965400,1952202233,Anthomyiidae_Leucophora_grisella_778307_1952202233,http://creativecommons.org/licenses/by-nc-nd/4.0/
965401,1952202233,Anthomyiidae_Leucophora_grisella_778308_1952202233,http://creativecommons.org/licenses/by-nc-nd/4.0/
965402,1952202233,Anthomyiidae_Leucophora_grisella_778309_1952202233,http://creativecommons.org/licenses/by-nc-nd/4.0/
965403,1952202233,Anthomyiidae_Leucophora_grisella_778310_1952202233,http://creativecommons.org/licenses/by-nc-nd/4.0/
965404,1952202233,Anthomyiidae_Leucophora_grisella_778311_1952202233,http://creativecommons.org/licenses/by-nc-nd/4.0/
965587,1957237697,Anthomyiidae_Leucophora_grisella_1474516_1957237697,http://creativecommons.org/licenses/by-nc-nd/4.0/
965588,1957237697,Anthomyiidae_Leucophora_grisella_1474517_1957237697,http://creativecommons.org/licenses/by-nc-nd/4.0/
965589,1957237697,Anthomyiidae_Leucophora_grisella_1474518_1957237697,http://creativecommons.org/licenses/by-nc-nd/4.0/
965590,1957237697,Anthomyiidae_Leucophora_grisella_1474519_1957237697,http://creativecommons.org/licenses/by-nc-nd/4.0/
965747,1960062998,Anthomyiidae_Delia_lamelliseta_791003_1960062998,http://creativecommons.org/licenses/by-nc-nd/4.0/
965748,1960062998,Anthomyiidae_Delia_lamelliseta_791004_1960062998,http://creativecommons.org/licenses/by-nc-nd/4.0/
965749,1960062998,Anthomyiidae_Delia_lamelliseta_791005_1960062998,http://creativecommons.org/licenses/by-nc-nd/4.0/
965769,1965331901,Anthomyiidae_Eustalomyia_hilaris_2174747_1965331901,http://creativecommons.org/licenses/by-nc-nd/4.0/
966697,3824127182,Anthomyiidae_Anthomyia_procellaris_2630722_3824127182,http://creativecommons.org/licenses/by-nc-nd/4.0/
966937,3822643691,Anthomyiidae_Anthomyia_procellaris_3317791_3822643691,http://creativecommons.org/licenses/by/4.0/
967053,1976157948,Anthomyiidae_Delia_albula_122547_1976157948,http://creativecommons.org/licenses/by-nc-nd/4.0/
967054,1976157948,Anthomyiidae_Delia_albula_122548_1976157948,http://creativecommons.org/licenses/by-nc-nd/4.0/
967055,1976157948,Anthomyiidae_Delia_albula_122549_1976157948,http://creativecommons.org/licenses/by-nc-nd/4.0/
967056,1976157948,Anthomyiidae_Delia_albula_122550_1976157948,http://creativecommons.org/licenses/by-nc-nd/4.0/
967057,1976157948,Anthomyiidae_Delia_albula_122551_1976157948,http://creativecommons.org/licenses/by-nc-nd/4.0/
967451,1960708196,Anthomyiidae_Hylemya_vagans_2169335_1960708196,http://creativecommons.org/licenses/by-nc-nd/4.0/
967453,1960708196,Anthomyiidae_Hylemya_vagans_2169337_1960708196,http://creativecommons.org/licenses/by-nc-nd/4.0/
968219,3997083300,Anthomyiidae_Eustalomyia_hilaris_672311_3997083300,http://creativecommons.org/licenses/by-nc-nd/4.0/
968303,3822482012,Anthomyiidae_Pegomya_winthemi_1937080_3822482012,http://creativecommons.org/licenses/by-nc-nd/4.0/
968304,3822482012,Anthomyiidae_Pegomya_winthemi_1937081_3822482012,http://creativecommons.org/licenses/by-nc-nd/4.0/
969017,1976648233,Anthomyiidae_Chirosia_histricina_1502773_1976648233,http://creativecommons.org/licenses/by-nc/4.0/
969044,1958334133,Anthomyiidae_Botanophila_fugax_2166192_1958334133,http://creativecommons.org/licenses/by-nc-nd/4.0/
969045,1958334133,Anthomyiidae_Botanophila_fugax_2166193_1958334133,http://creativecommons.org/licenses/by-nc-nd/4.0/
969046,1958334133,Anthomyiidae_Botanophila_fugax_2166194_1958334133,http://creativecommons.org/licenses/by-nc-nd/4.0/
969094,1959142777,Anthomyiidae_Mycophaga_testacea_98594_1959142777,http://creativecommons.org/licenses/by-nc-nd/4.0/
969095,1959142777,Anthomyiidae_Mycophaga_testacea_98595_1959142777,http://creativecommons.org/licenses/by-nc-nd/4.0/
969157,3822584045,Anthomyiidae_Anthomyia_monilis_1248436_3822584045,http://creativecommons.org/licenses/by-nc-nd/4.0/
971192,2839951193,Anthomyiidae_Pegomya_solennis_2291542_2839951193,http://creativecommons.org/licenses/by-nc-nd/4.0/
971193,2839951193,Anthomyiidae_Pegomya_solennis_2291543_2839951193,http://creativecommons.org/licenses/by-nc-nd/4.0/
971792,1972337767,Anthomyiidae_Hydrophoria_ruralis_807680_1972337767,http://creativecommons.org/licenses/by-nc/4.0/
972959,1962812907,Anthomyiidae_Pegomya_solennis_2171829_1962812907,http://creativecommons.org/licenses/by-nc/4.0/
972960,1962812907,Anthomyiidae_Pegomya_solennis_2171830_1962812907,http://creativecommons.org/licenses/by-nc/4.0/
973632,3716926203,Anthomyiidae_Eustalomyia_hilaris_1169122_3716926203,http://creativecommons.org/licenses/by-nc-nd/4.0/
974101,1975872890,Anthomyiidae_Chirosia_betuleti_1501271_1975872890,http://creativecommons.org/licenses/by-nc-nd/4.0/
975232,1972187862,Anthomyiidae_Pegomya_geniculata_116822_1972187862,http://creativecommons.org/licenses/by-nc-nd/4.0/
975233,1972187862,Anthomyiidae_Pegomya_geniculata_116823_1972187862,http://creativecommons.org/licenses/by-nc-nd/4.0/
975692,1965889882,Anthomyiidae_Botanophila_seneciella_798297_1965889882,http://creativecommons.org/licenses/by-nc-nd/4.0/
976713,1970786742,Anthomyiidae_Leucophora_obtusa_2183997_1970786742,http://creativecommons.org/licenses/by-nc-nd/4.0/
976714,1970786742,Anthomyiidae_Leucophora_obtusa_2183998_1970786742,http://creativecommons.org/licenses/by-nc-nd/4.0/
976715,1970786742,Anthomyiidae_Leucophora_obtusa_2183999_1970786742,http://creativecommons.org/licenses/by-nc-nd/4.0/
976716,1970786742,Anthomyiidae_Leucophora_obtusa_2184000_1970786742,http://creativecommons.org/licenses/by-nc-nd/4.0/
976717,1970786742,Anthomyiidae_Leucophora_obtusa_2184001_1970786742,http://creativecommons.org/licenses/by-nc-nd/4.0/
977115,1976696433,Anthomyiidae_Chirosia_grossicauda_1502880_1976696433,http://creativecommons.org/licenses/by-nc-nd/4.0/
977242,1969259207,Anthomyiidae_Hydrophoria_ruralis_2870801_1969259207,http://creativecommons.org/licenses/by-nc-nd/4.0/
978430,2844869818,Anthomyiidae_Pegomya_laticornis_924000_2844869818,http://creativecommons.org/licenses/by-nc-nd/4.0/
980049,1953739620,Anthomyiidae_Egle_ciliata_2848879_1953739620,http://creativecommons.org/licenses/by-nc-nd/4.0/
980050,1953739620,Anthomyiidae_Egle_ciliata_2848880_1953739620,http://creativecommons.org/licenses/by-nc-nd/4.0/
980051,1953739620,Anthomyiidae_Egle_ciliata_2848881_1953739620,http://creativecommons.org/licenses/by-nc-nd/4.0/
980970,1969038494,Anthomyiidae_Leucophora_grisella_1490974_1969038494,http://creativecommons.org/licenses/by-nc-nd/4.0/
980971,1969038494,Anthomyiidae_Leucophora_grisella_1490975_1969038494,http://creativecommons.org/licenses/by-nc-nd/4.0/
981223,1955498285,Anthomyiidae_Hylemya_vagans_1472362_1955498285,http://creativecommons.org/licenses/by-nc-nd/4.0/
981768,1957310335,Anthomyiidae_Eutrichota_schineri_2163911_1957310335,http://creativecommons.org/licenses/by-nc-nd/4.0/
981769,1957310335,Anthomyiidae_Eutrichota_schineri_2163912_1957310335,http://creativecommons.org/licenses/by-nc-nd/4.0/
982082,1958413400,Anthomyiidae_Egle_ciliata_2166313_1958413400,http://creativecommons.org/licenses/by-nc-nd/4.0/
983912,3822673409,Anthomyiidae_Pegomya_steini_3317924_3822673409,http://creativecommons.org/licenses/by/4.0/
983913,3822673409,Anthomyiidae_Pegomya_steini_3317925_3822673409,http://creativecommons.org/licenses/by/4.0/
983914,3822673409,Anthomyiidae_Pegomya_steini_3317926_3822673409,http://creativecommons.org/licenses/by/4.0/
985070,1953078429,Anthomyiidae_Phorbia_moliniaris_1468727_1953078429,http://creativecommons.org/licenses/by-nc-nd/4.0/
985071,1953078429,Anthomyiidae_Phorbia_moliniaris_1468728_1953078429,http://creativecommons.org/licenses/by-nc-nd/4.0/
985072,1953078429,Anthomyiidae_Phorbia_moliniaris_1468729_1953078429,http://creativecommons.org/licenses/by-nc-nd/4.0/
985073,1953078429,Anthomyiidae_Phorbia_moliniaris_1468730_1953078429,http://creativecommons.org/licenses/by-nc-nd/4.0/
985841,1976982343,Anthomyiidae_Hydrophoria_lancifer_124514_1976982343,http://creativecommons.org/licenses/by-nc-nd/4.0/
987975,3097298407,Anthomyiidae_Eustalomyia_hilaris_1661008_3097298407,http://creativecommons.org/licenses/by-nc/4.0/
989074,1976961303,Anthomyiidae_Pegomya_testacea_2192741_1976961303,http://creativecommons.org/licenses/by-nc-nd/4.0/
990392,1971903687,Anthomyiidae_Anthomyia_liturata_116441_1971903687,http://creativecommons.org/licenses/by-nc-nd/4.0/
990393,1971903687,Anthomyiidae_Anthomyia_liturata_116442_1971903687,http://creativecommons.org/licenses/by-nc-nd/4.0/
990394,1971903687,Anthomyiidae_Anthomyia_liturata_116443_1971903687,http://creativecommons.org/licenses/by-nc-nd/4.0/
990648,1973171246,Anthomyiidae_Pegomya_flavifrons_118886_1973171246,http://creativecommons.org/licenses/by-nc/4.0/
990649,1973171246,Anthomyiidae_Pegomya_flavifrons_118887_1973171246,http://creativecommons.org/licenses/by-nc/4.0/
990650,1973171246,Anthomyiidae_Pegomya_flavifrons_118888_1973171246,http://creativecommons.org/licenses/by-nc/4.0/
990651,1973171246,Anthomyiidae_Pegomya_flavifrons_118889_1973171246,http://creativecommons.org/licenses/by-nc/4.0/
990907,1960111391,Anthomyiidae_Hydrophoria_lancifer_2168997_1960111391,http://creativecommons.org/licenses/by-nc-nd/4.0/
993043,1958514724,Anthomyiidae_Egle_ciliata_2856250_1958514724,http://creativecommons.org/licenses/by-nc-nd/4.0/
993044,1958514724,Anthomyiidae_Egle_ciliata_2856251_1958514724,http://creativecommons.org/licenses/by-nc-nd/4.0/
993054,3824752478,Anthomyiidae_Anthomyia_procellaris_1943180_3824752478,http://creativecommons.org/licenses/by-nc-nd/4.0/
993324,3715693524,Anthomyiidae_Calythea_nigricans_1855120_3715693524,http://creativecommons.org/licenses/by-nc-nd/4.0/
993475,2841030095,Anthomyiidae_Eustalomyia_hilaris_2292792_2841030095,http://creativecommons.org/licenses/by-nc-nd/4.0/
994503,1958565700,Anthomyiidae_Hydrophoria_lancifer_2856329_1958565700,http://creativecommons.org/licenses/by-nc-nd/4.0/
994600,1954768596,Anthomyiidae_Pegomya_solennis_2849535_1954768596,http://creativecommons.org/licenses/by-nc-nd/4.0/
994982,2844606528,Anthomyiidae_Anthomyia_pluvialis_2300779_2844606528,http://creativecommons.org/licenses/by-nc-nd/4.0/
995502,1975982622,Anthomyiidae_Hydrophoria_lancifer_1501458_1975982622,http://creativecommons.org/licenses/by-nc-nd/4.0/
996402,1955342044,Anthomyiidae_Chirosia_histricina_2160968_1955342044,http://creativecommons.org/licenses/by-nc-nd/4.0/
997552,3857508336,Anthomyiidae_Hylemya_nigrimanus_2640185_3857508336,© all rights reserved
997903,1460560222,Anthomyiidae_Pegomya_interruptella_2808023_1460560222,© all rights reserved
998040,2839480505,Anthomyiidae_Myopina_myopina_223133_2839480505,http://creativecommons.org/licenses/by-nc-nd/4.0/
999446,1953078264,Anthomyiidae_Delia_platura_2847707_1953078264,http://creativecommons.org/licenses/by-nc-nd/4.0/
999589,1953657419,Anthomyiidae_Mycophaga_testacea_2848806_1953657419,http://creativecommons.org/licenses/by-nc-nd/4.0/
999590,1953657419,Anthomyiidae_Mycophaga_testacea_2848807_1953657419,http://creativecommons.org/licenses/by-nc-nd/4.0/
999591,1953657419,Anthomyiidae_Mycophaga_testacea_2848808_1953657419,http://creativecommons.org/licenses/by-nc-nd/4.0/
999592,1953657419,Anthomyiidae_Mycophaga_testacea_2848809_1953657419,http://creativecommons.org/licenses/by-nc-nd/4.0/
999784,1956654162,Anthomyiidae_Pegomya_winthemi_785253_1956654162,http://creativecommons.org/licenses/by-nc-nd/4.0/
999785,1956654162,Anthomyiidae_Pegomya_winthemi_785254_1956654162,http://creativecommons.org/licenses/by-nc-nd/4.0/
999786,1956654162,Anthomyiidae_Pegomya_winthemi_785255_1956654162,http://creativecommons.org/licenses/by-nc-nd/4.0/
1000889,3725291646,Anthomyiidae_Calythea_nigricans_2577003_3725291646,http://creativecommons.org/licenses/by-nc-nd/4.0/
1001475,3825288403,Anthomyiidae_Anthomyia_procellaris_565649_3825288403,http://creativecommons.org/licenses/by/4.0/
1002235,1958674853,Anthomyiidae_Mycophaga_testacea_2856465_1958674853,http://creativecommons.org/licenses/by-nc-nd/4.0/
1002236,1958674853,Anthomyiidae_Mycophaga_testacea_2856466_1958674853,http://creativecommons.org/licenses/by-nc-nd/4.0/
1002237,1958674853,Anthomyiidae_Mycophaga_testacea_2856467_1958674853,http://creativecommons.org/licenses/by-nc-nd/4.0/
1002238,1958674853,Anthomyiidae_Mycophaga_testacea_2856468_1958674853,http://creativecommons.org/licenses/by-nc-nd/4.0/
1002358,1967710321,Anthomyiidae_Lasiomma_seminitidum_2869187_1967710321,http://creativecommons.org/licenses/by-nc-nd/4.0/
1002359,1967710321,Anthomyiidae_Lasiomma_seminitidum_2869188_1967710321,http://creativecommons.org/licenses/by-nc-nd/4.0/
1002360,1967710321,Anthomyiidae_Lasiomma_seminitidum_2869189_1967710321,http://creativecommons.org/licenses/by-nc-nd/4.0/
1002457,2836869431,Anthomyiidae_Hylemya_vagans_2976893_2836869431,http://creativecommons.org/licenses/by-nc-nd/4.0/
1005171,1952192653,Anthomyiidae_Delia_coarctata_87657_1952192653,http://creativecommons.org/licenses/by-nc/4.0/
1005172,1952192653,Anthomyiidae_Delia_coarctata_87658_1952192653,http://creativecommons.org/licenses/by-nc/4.0/
1005360,2838587769,Anthomyiidae_Fucellia_tergina_2980828_2838587769,http://creativecommons.org/licenses/by-nc-nd/4.0/
1005361,2838587769,Anthomyiidae_Fucellia_tergina_2980829_2838587769,http://creativecommons.org/licenses/by-nc-nd/4.0/
1005362,2838587769,Anthomyiidae_Fucellia_tergina_2980830_2838587769,http://creativecommons.org/licenses/by-nc-nd/4.0/
1005363,2838587769,Anthomyiidae_Fucellia_tergina_2980831_2838587769,http://creativecommons.org/licenses/by-nc-nd/4.0/
1006500,1953633853,Anthomyiidae_Egle_ciliata_90553_1953633853,http://creativecommons.org/licenses/by-nc-nd/4.0/
1007286,1957760791,Anthomyiidae_Hydrophoria_linogrisea_96425_1957760791,http://creativecommons.org/licenses/by-nc/4.0/
1007764,1958665332,Anthomyiidae_Hydrophoria_lancifer_788696_1958665332,http://creativecommons.org/licenses/by-nc-nd/4.0/
1008377,1955973847,Anthomyiidae_Leucophora_obtusa_2852558_1955973847,http://creativecommons.org/licenses/by-nc-nd/4.0/
1009549,1958065055,Anthomyiidae_Hydrophoria_linogrisea_1476420_1958065055,http://creativecommons.org/licenses/by-nc/4.0/
1011016,3698367677,Anthomyiidae_Anthomyia_illocata_1162407_3698367677,http://creativecommons.org/publicdomain/zero/1.0/
1011205,3760140441,Anthomyiidae_Anthomyia_pluvialis_1236000_3760140441,http://creativecommons.org/licenses/by-nc/4.0/
1012432,2873939176,Anthomyiidae_Hylemya_vagans_3006343_2873939176,http://creativecommons.org/licenses/by-nc/4.0/
1014065,2802547410,Anthomyiidae_Pegomya_laticornis_1579402_2802547410,http://creativecommons.org/licenses/by-nc/4.0/
1014851,3712589357,Anthomyiidae_Anthomyia_illocata_474761_3712589357,http://creativecommons.org/licenses/by-nc/4.0/
1017036,3301863842,Anthomyiidae_Anthomyia_illocata_3047592_3301863842,http://creativecommons.org/licenses/by-nc/4.0/
1017198,3330628349,Anthomyiidae_Anthomyia_pluvialis_2370841_3330628349,http://creativecommons.org/licenses/by-nc/4.0/
1019843,3725460828,Anthomyiidae_Anthomyia_pluvialis_2577265_3725460828,http://creativecommons.org/licenses/by-nc-nd/4.0/
1020477,1954816910,Anthomyiidae_Pegomya_conformis_2159766_1954816910,http://creativecommons.org/licenses/by-nc-nd/4.0/
1020478,1954816910,Anthomyiidae_Pegomya_conformis_2159767_1954816910,http://creativecommons.org/licenses/by-nc-nd/4.0/
1020851,1958548281,Anthomyiidae_Lasiomma_seminitidum_2856297_1958548281,http://creativecommons.org/licenses/by-nc-nd/4.0/
1020852,1958548281,Anthomyiidae_Lasiomma_seminitidum_2856298_1958548281,http://creativecommons.org/licenses/by-nc-nd/4.0/
1020853,1958548281,Anthomyiidae_Lasiomma_seminitidum_2856299_1958548281,http://creativecommons.org/licenses/by-nc-nd/4.0/
1020854,1958548281,Anthomyiidae_Lasiomma_seminitidum_2856300_1958548281,http://creativecommons.org/licenses/by-nc-nd/4.0/
1020855,1958548281,Anthomyiidae_Lasiomma_seminitidum_2856301_1958548281,http://creativecommons.org/licenses/by-nc-nd/4.0/
1020963,1972509541,Anthomyiidae_Chirosia_betuleti_1496254_1972509541,http://creativecommons.org/licenses/by-nc-nd/4.0/
1020964,1972509541,Anthomyiidae_Chirosia_betuleti_1496255_1972509541,http://creativecommons.org/licenses/by-nc-nd/4.0/
1022855,3725420649,Anthomyiidae_Eustalomyia_hilaris_509325_3725420649,http://creativecommons.org/licenses/by-nc-nd/4.0/
1024075,3720251950,Anthomyiidae_Anthomyia_procellaris_2558324_3720251950,http://creativecommons.org/licenses/by-nc-nd/4.0/
1024795,1955308710,Anthomyiidae_Pegomya_laticornis_92548_1955308710,http://creativecommons.org/licenses/by-nc-nd/4.0/
1025969,1960169649,Anthomyiidae_Calythea_nigricans_1479719_1960169649,http://creativecommons.org/licenses/by-nc/4.0/
1026105,3704632420,Anthomyiidae_Botanophila_striolata_1852634_3704632420,http://creativecommons.org/licenses/by/4.0/
1026486,3468422615,Anthomyiidae_Botanophila_striolata_1157440_3468422615,http://creativecommons.org/licenses/by/4.0/
1026487,3468422615,Anthomyiidae_Botanophila_striolata_1157441_3468422615,http://creativecommons.org/licenses/by/4.0/
1026691,3889372722,Anthomyiidae_Egle_ciliata_3360140_3889372722,http://creativecommons.org/licenses/by/4.0/
1026849,3882487244,Anthomyiidae_Botanophila_seneciella_3357546_3882487244,http://creativecommons.org/licenses/by/4.0/
1027092,3704629481,Anthomyiidae_Botanophila_striolata_473020_3704629481,http://creativecommons.org/licenses/by/4.0/
1027247,3704635307,Anthomyiidae_Botanophila_striolata_3231677_3704635307,http://creativecommons.org/licenses/by/4.0/
1029410,3124727134,Anthomyiidae_Anthomyia_illocata_3046746_3124727134,http://creativecommons.org/licenses/by-nc/4.0/
1031147,3873694221,Anthomyiidae_Anthomyia_illocata_2659635_3873694221,http://creativecommons.org/licenses/by-nc/4.0/
1031360,2862293446,Anthomyiidae_Myopina_myopina_3001710_2862293446,http://creativecommons.org/licenses/by-nc/4.0/
1031361,2862293446,Anthomyiidae_Myopina_myopina_3001711_2862293446,http://creativecommons.org/licenses/by-nc/4.0/
1031362,2862293446,Anthomyiidae_Myopina_myopina_3001712_2862293446,http://creativecommons.org/licenses/by-nc/4.0/
1032550,3314299565,Anthomyiidae_Anthomyia_illocata_984170_3314299565,http://creativecommons.org/licenses/by-nc/4.0/
1034219,3947197830,Anthomyiidae_Hylemya_latevittata_3407511_3947197830,http://creativecommons.org/licenses/by-nc/4.0/
1034535,3947197745,Anthomyiidae_Anthomyia_illocata_3407510_3947197745,http://creativecommons.org/licenses/by-nc/4.0/
1036893,1973579239,Anthomyiidae_Alliopsis_silvestris_2877767_1973579239,http://creativecommons.org/licenses/by-nc-nd/4.0/
1036894,1973579239,Anthomyiidae_Alliopsis_silvestris_2877768_1973579239,http://creativecommons.org/licenses/by-nc-nd/4.0/
1037661,3904229449,Anthomyiidae_Anthomyia_procellaris_616028_3904229449,http://creativecommons.org/licenses/by-nc-nd/4.0/
1038628,3720238189,Anthomyiidae_Anthomyia_procellaris_1868887_3720238189,http://creativecommons.org/licenses/by-nc-nd/4.0/
1038634,1977172454,Anthomyiidae_Pegomya_solennis_124917_1977172454,http://creativecommons.org/licenses/by-nc-nd/4.0/
1038635,1977172454,Anthomyiidae_Pegomya_solennis_124918_1977172454,http://creativecommons.org/licenses/by-nc-nd/4.0/
1038636,1977172454,Anthomyiidae_Pegomya_solennis_124919_1977172454,http://creativecommons.org/licenses/by-nc-nd/4.0/
1041222,1957207644,Anthomyiidae_Myopina_myopina_785873_1957207644,http://creativecommons.org/licenses/by-nc-nd/4.0/
1041223,1957207644,Anthomyiidae_Myopina_myopina_785874_1957207644,http://creativecommons.org/licenses/by-nc-nd/4.0/
1041224,1957207644,Anthomyiidae_Myopina_myopina_785875_1957207644,http://creativecommons.org/licenses/by-nc-nd/4.0/
1041225,1957207644,Anthomyiidae_Myopina_myopina_785876_1957207644,http://creativecommons.org/licenses/by-nc-nd/4.0/
1041226,1957207644,Anthomyiidae_Myopina_myopina_785877_1957207644,http://creativecommons.org/licenses/by-nc-nd/4.0/
1044313,3785038760,Anthomyiidae_Pegomya_flavifrons_3313970_3785038760,http://creativecommons.org/licenses/by-nc/4.0/
1044314,3785038760,Anthomyiidae_Pegomya_flavifrons_3313971_3785038760,http://creativecommons.org/licenses/by-nc/4.0/
1044315,3785038760,Anthomyiidae_Pegomya_flavifrons_3313972_3785038760,http://creativecommons.org/licenses/by-nc/4.0/
1046355,3888975414,Anthomyiidae_Eustalomyia_hilaris_600425_3888975414,http://creativecommons.org/licenses/by-nc/4.0/
1046356,3888975414,Anthomyiidae_Eustalomyia_hilaris_600426_3888975414,http://creativecommons.org/licenses/by-nc/4.0/
1046777,2001493293,Anthomyiidae_Zaphne_ambigua_823128_2001493293,http://creativecommons.org/licenses/by-nc-sa/4.0/
1047221,3131292319,Anthomyiidae_Paradelia_intersecta_2357029_3131292319,http://creativecommons.org/licenses/by/4.0/
1047222,3131292319,Anthomyiidae_Paradelia_intersecta_2357030_3131292319,http://creativecommons.org/licenses/by/4.0/
1047223,3131292319,Anthomyiidae_Paradelia_intersecta_2357031_3131292319,http://creativecommons.org/licenses/by/4.0/
1047230,3131285320,Anthomyiidae_Hylemya_vagans_1667042_3131285320,http://creativecommons.org/licenses/by/4.0/
1047231,3131285320,Anthomyiidae_Hylemya_vagans_1667043_3131285320,http://creativecommons.org/licenses/by/4.0/
1047232,3131285320,Anthomyiidae_Hylemya_vagans_1667044_3131285320,http://creativecommons.org/licenses/by/4.0/
1047233,3131285320,Anthomyiidae_Hylemya_vagans_1667045_3131285320,http://creativecommons.org/licenses/by/4.0/
1047622,2242926910,Anthomyiidae_Hylemya_latevittata_1515826_2242926910,http://creativecommons.org/licenses/by-nc/4.0/
1049886,3468776040,Anthomyiidae_Hylemya_latevittata_468127_3468776040,http://creativecommons.org/licenses/by-nc/4.0/
1049887,3468776040,Anthomyiidae_Hylemya_latevittata_468128_3468776040,http://creativecommons.org/licenses/by-nc/4.0/
1049888,3468776040,Anthomyiidae_Hylemya_latevittata_468129_3468776040,http://creativecommons.org/licenses/by-nc/4.0/
1051280,4006760798,Anthomyiidae_Hylemya_latevittata_2052710_4006760798,http://creativecommons.org/licenses/by-nc/4.0/
1053699,1957802670,Anthomyiidae_Emmesomyia_socia_2165030_1957802670,http://creativecommons.org/licenses/by-nc-nd/4.0/
1053700,1957802670,Anthomyiidae_Emmesomyia_socia_2165031_1957802670,http://creativecommons.org/licenses/by-nc-nd/4.0/
1053701,1957802670,Anthomyiidae_Emmesomyia_socia_2165032_1957802670,http://creativecommons.org/licenses/by-nc-nd/4.0/
1053702,1957802670,Anthomyiidae_Emmesomyia_socia_2165033_1957802670,http://creativecommons.org/licenses/by-nc-nd/4.0/
1054858,1970769353,Anthomyiidae_Anthomyia_liturata_1494655_1970769353,http://creativecommons.org/licenses/by-nc/4.0/
1054859,1970769353,Anthomyiidae_Anthomyia_liturata_1494656_1970769353,http://creativecommons.org/licenses/by-nc/4.0/
1055858,3823285418,Anthomyiidae_Pegomya_winthemi_3319267_3823285418,http://creativecommons.org/licenses/by-nc-nd/4.0/
1055859,3823285418,Anthomyiidae_Pegomya_winthemi_3319268_3823285418,http://creativecommons.org/licenses/by-nc-nd/4.0/
1055860,3823285418,Anthomyiidae_Pegomya_winthemi_3319269_3823285418,http://creativecommons.org/licenses/by-nc-nd/4.0/
1057536,1966257874,Anthomyiidae_Chirosia_betuleti_1487807_1966257874,http://creativecommons.org/licenses/by/4.0/
1059096,1952281880,Anthomyiidae_Chirosia_histricina_778427_1952281880,http://creativecommons.org/licenses/by-nc-nd/4.0/
1059650,2841783297,Anthomyiidae_Anthomyia_procellaris_1605406_2841783297,http://creativecommons.org/licenses/by-nc-nd/4.0/
1060732,2251609431,Anthomyiidae_Fucellia_fucorum_2901293_2251609431,http://creativecommons.org/licenses/by-nc/4.0/
1060861,3448606338,Anthomyiidae_Alliopsis_silvestris_2522819_3448606338,http://creativecommons.org/licenses/by-sa/4.0/
1062120,1825600832,Anthomyiidae_Eustalomyia_hilaris_2815154_1825600832,http://creativecommons.org/licenses/by-nc-sa/4.0/
1062476,1843948808,Anthomyiidae_Eustalomyia_histrio_1452385_1843948808,© All rights reserved
1062477,1843948808,Anthomyiidae_Eustalomyia_histrio_1452386_1843948808,© All rights reserved
1062478,1843948808,Anthomyiidae_Eustalomyia_histrio_1452387_1843948808,© All rights reserved
1063074,3803817472,Anthomyiidae_Eustalomyia_hilaris_2625768_3803817472,© All rights reserved
1063113,3335687487,Anthomyiidae_Chirosia_betuleti_308181_3335687487,© All rights reserved
