id,gbifID,file_name,license
91,3314469087,Bombyliidae_Hemipenthes_morio_3053422_3314469087,http://creativecommons.org/licenses/by-nc/4.0/
229,3327940570,Bombyliidae_Ligyra_ferrea_1678777_3327940570,http://creativecommons.org/licenses/by-nc/4.0/
687,3889108136,Bombyliidae_Anastoechus_latifrons_600956_3889108136,http://creativecommons.org/licenses/by-nc/4.0/
770,3902749787,Bombyliidae_Ligyra_ferrea_2676703_3902749787,http://creativecommons.org/licenses/by-nc/4.0/
789,4009917469,Bombyliidae_Anthrax_binotatus_2744382_4009917469,http://creativecommons.org/licenses/by-nc/4.0/
790,4009917469,Bombyliidae_Anthrax_binotatus_2744383_4009917469,http://creativecommons.org/licenses/by-nc/4.0/
970,4021950486,Bombyliidae_Parageron_grata_2059774_4021950486,http://creativecommons.org/licenses/by/4.0/
971,3859624533,Bombyliidae_Geron_hesperidum_581980_3859624533,http://creativecommons.org/licenses/by-nc/4.0/
1785,2634359724,Bombyliidae_Bombylius_fimbriatus_2956249_2634359724,http://creativecommons.org/licenses/by-nc/4.0/
1959,1880453611,Bombyliidae_Lomatia_belzebul_770304_1880453611,http://creativecommons.org/licenses/by-nc/4.0/
2012,3747011326,Bombyliidae_Villa_nigrifrons_3300568_3747011326,http://creativecommons.org/licenses/by-nc/4.0/
2141,3455446405,Bombyliidae_Lomatia_lateralis_1836356_3455446405,http://creativecommons.org/licenses/by-nc-nd/4.0/
2754,3398964455,Bombyliidae_Villa_cingulata_2396824_3398964455,http://creativecommons.org/licenses/by-nc/4.0/
3929,2620170209,Bombyliidae_Hemipenthes_morio_189118_2620170209,http://creativecommons.org/publicdomain/zero/1.0/
3961,2005286297,Bombyliidae_Exhyalanthrax_canarionae_2200932_2005286297,http://creativecommons.org/licenses/by-nc/4.0/
4173,3070593898,Bombyliidae_Exoprosopa_jacchus_3034537_3070593898,http://creativecommons.org/licenses/by-nc/4.0/
4174,3070593898,Bombyliidae_Exoprosopa_jacchus_3034538_3070593898,http://creativecommons.org/licenses/by-nc/4.0/
4420,3764155334,Bombyliidae_Villa_ixion_1237035_3764155334,http://creativecommons.org/licenses/by-nc/4.0/
4421,3764155334,Bombyliidae_Villa_ixion_1237036_3764155334,http://creativecommons.org/licenses/by-nc/4.0/
4642,2423157880,Bombyliidae_Geron_olivierii_2224873_2423157880,http://creativecommons.org/licenses/by-nc/4.0/
4643,2423157880,Bombyliidae_Geron_olivierii_2224874_2423157880,http://creativecommons.org/licenses/by-nc/4.0/
5034,3858177506,Bombyliidae_Exoprosopa_rivularis_1953284_3858177506,http://creativecommons.org/licenses/by-nc/4.0/
5076,3881710406,Bombyliidae_Lomatia_sabaea_597875_3881710406,http://creativecommons.org/licenses/by/4.0/
5077,3881710406,Bombyliidae_Lomatia_sabaea_597876_3881710406,http://creativecommons.org/licenses/by/4.0/
5078,3881710406,Bombyliidae_Lomatia_sabaea_597877_3881710406,http://creativecommons.org/licenses/by/4.0/
5119,3873051274,Bombyliidae_Heteralonia_aeaca_2656477_3873051274,http://creativecommons.org/licenses/by-nc/4.0/
5120,3873051274,Bombyliidae_Heteralonia_aeaca_2656478_3873051274,http://creativecommons.org/licenses/by-nc/4.0/
5270,4022194475,Bombyliidae_Usia_versicolor_1371629_4022194475,http://creativecommons.org/licenses/by/4.0/
5433,3889179014,Bombyliidae_Exoprosopa_rivularis_2668917_3889179014,http://creativecommons.org/licenses/by-nc/4.0/
5434,3889179014,Bombyliidae_Exoprosopa_rivularis_2668918_3889179014,http://creativecommons.org/licenses/by-nc/4.0/
5435,3889179014,Bombyliidae_Exoprosopa_rivularis_2668919_3889179014,http://creativecommons.org/licenses/by-nc/4.0/
5526,3391598656,Bombyliidae_Toxophora_fasciculata_1016318_3391598656,http://creativecommons.org/licenses/by-nc/4.0/
5536,2429396442,Bombyliidae_Bombylella_atra_2916771_2429396442,http://creativecommons.org/licenses/by-nc/4.0/
5796,3858725789,Bombyliidae_Hemipenthes_maura_3336425_3858725789,http://creativecommons.org/licenses/by-nc/4.0/
6301,2815391096,Bombyliidae_Hemipenthes_maura_896222_2815391096,© All rights reserved
7469,3914193543,Bombyliidae_Villa_panisca_2016136_3914193543,© All rights reserved
7524,4018282725,Bombyliidae_Lomatia_lateralis_2059037_4018282725,http://creativecommons.org/licenses/by-nc/4.0/
7526,4018282725,Bombyliidae_Lomatia_lateralis_2059039_4018282725,http://creativecommons.org/licenses/by-nc/4.0/
7527,4018282725,Bombyliidae_Lomatia_lateralis_2059040_4018282725,http://creativecommons.org/licenses/by-nc/4.0/
7657,3858404657,Bombyliidae_Bombylella_atra_1954494_3858404657,http://creativecommons.org/licenses/by/4.0/
7667,3802566489,Bombyliidae_Phthiria_antiqua_3315329_3802566489,http://creativecommons.org/licenses/by-nc/4.0/
7668,3802566489,Bombyliidae_Phthiria_antiqua_3315330_3802566489,http://creativecommons.org/licenses/by-nc/4.0/
7946,3858850777,Bombyliidae_Bombylisoma_nigriceps_578470_3858850777,http://creativecommons.org/licenses/by-nc/4.0/
7947,3858850777,Bombyliidae_Bombylisoma_nigriceps_578471_3858850777,http://creativecommons.org/licenses/by-nc/4.0/
7948,3858850777,Bombyliidae_Bombylisoma_nigriceps_578472_3858850777,http://creativecommons.org/licenses/by-nc/4.0/
7949,3858850777,Bombyliidae_Bombylisoma_nigriceps_578473_3858850777,http://creativecommons.org/licenses/by-nc/4.0/
7950,3858850777,Bombyliidae_Bombylisoma_nigriceps_578474_3858850777,http://creativecommons.org/licenses/by-nc/4.0/
7951,3058722678,Bombyliidae_Exhyalanthrax_afer_3029472_3058722678,http://creativecommons.org/licenses/by-nc/4.0/
8182,3383862305,Bombyliidae_Bombylius_fimbriatus_2386736_3383862305,http://creativecommons.org/licenses/by/4.0/
8183,3383862305,Bombyliidae_Bombylius_fimbriatus_2386737_3383862305,http://creativecommons.org/licenses/by/4.0/
8318,3892409645,Bombyliidae_Geron_hesperidum_2670141_3892409645,http://creativecommons.org/licenses/by-nc/4.0/
8456,3327709162,Bombyliidae_Bombylius_cruciatus_1677863_3327709162,http://creativecommons.org/licenses/by-nc/4.0/
8517,3314200004,Bombyliidae_Anthrax_varius_983776_3314200004,http://creativecommons.org/licenses/by-nc/4.0/
8523,3455403714,Bombyliidae_Bombomyia_stictica_2525208_3455403714,http://creativecommons.org/licenses/by-nc/4.0/
8648,3860209181,Bombyliidae_Exhyalanthrax_simonae_2652076_3860209181,http://creativecommons.org/licenses/by-nc/4.0/
8750,3892648744,Bombyliidae_Spogostylum_trinotatum_2671223_3892648744,http://creativecommons.org/licenses/by-nc/4.0/
8845,3947375030,Bombyliidae_Geron_hesperidum_3408229_3947375030,http://creativecommons.org/licenses/by-nc/4.0/
8850,3343923519,Bombyliidae_Systoechus_ctenopterus_1691815_3343923519,http://creativecommons.org/licenses/by-nc/4.0/
8999,3466187212,Bombyliidae_Micomitra_stupida_2535099_3466187212,http://creativecommons.org/licenses/by-nc/4.0/
9003,3466187212,Bombyliidae_Micomitra_stupida_2535103_3466187212,http://creativecommons.org/licenses/by-nc/4.0/
9004,3466187212,Bombyliidae_Micomitra_stupida_2535104_3466187212,http://creativecommons.org/licenses/by-nc/4.0/
9005,3466187212,Bombyliidae_Micomitra_stupida_2535105_3466187212,http://creativecommons.org/licenses/by-nc/4.0/
9006,3466187212,Bombyliidae_Micomitra_stupida_2535106_3466187212,http://creativecommons.org/licenses/by-nc/4.0/
9007,3466187212,Bombyliidae_Micomitra_stupida_2535107_3466187212,http://creativecommons.org/licenses/by-nc/4.0/
9240,1993736807,Bombyliidae_Anastoechus_latifrons_2890815_1993736807,http://creativecommons.org/licenses/by-nc/4.0/
9943,3859641625,Bombyliidae_Petrorossia_guanchorum_1271199_3859641625,http://creativecommons.org/licenses/by-nc/4.0/
10138,3384196145,Bombyliidae_Hemipenthes_morio_2388427_3384196145,http://creativecommons.org/licenses/by-nc/4.0/
10230,3860523601,Bombyliidae_Hemipenthes_morio_3344671_3860523601,http://creativecommons.org/licenses/by-nc/4.0/
10991,3335296495,Bombyliidae_Systoechus_ctenopterus_306997_3335296495,http://creativecommons.org/licenses/by-nc/4.0/
11008,2626258637,Bombyliidae_Bombylius_major_1569392_2626258637,http://creativecommons.org/licenses/by-nc/4.0/
11041,1850921203,Bombyliidae_Exoprosopa_jacchus_2837380_1850921203,http://creativecommons.org/licenses/by-nc-nd/4.0/
12081,3079524791,Bombyliidae_Villa_ixion_276868_3079524791,http://creativecommons.org/licenses/by-nc/4.0/
12094,3455444687,Bombyliidae_Bombomyia_stictica_1836339_3455444687,http://creativecommons.org/licenses/by/4.0/
12095,3455444687,Bombyliidae_Bombomyia_stictica_1836340_3455444687,http://creativecommons.org/licenses/by/4.0/
12506,3802270026,Bombyliidae_Bombylella_atra_2623979_3802270026,http://creativecommons.org/licenses/by-nc/4.0/
12550,3415862659,Bombyliidae_Systoechus_ctenopterus_3092825_3415862659,http://creativecommons.org/licenses/by-nc/4.0/
12797,3873167226,Bombyliidae_Spogostylum_trinotatum_2656945_3873167226,http://creativecommons.org/licenses/by-nc/4.0/
12798,3873167226,Bombyliidae_Spogostylum_trinotatum_2656946_3873167226,http://creativecommons.org/licenses/by-nc/4.0/
12799,3873167226,Bombyliidae_Spogostylum_trinotatum_2656947_3873167226,http://creativecommons.org/licenses/by-nc/4.0/
13339,3872987279,Bombyliidae_Hemipenthes_maura_588570_3872987279,http://creativecommons.org/licenses/by-nc/4.0/
13725,3925205621,Bombyliidae_Spogostylum_trinotatum_1336779_3925205621,http://creativecommons.org/licenses/by-nc/4.0/
13814,2826254967,Bombyliidae_Hemipenthes_maura_2968302_2826254967,http://creativecommons.org/licenses/by-nc-nd/4.0/
14003,3859652621,Bombyliidae_Geron_hesperidum_3340650_3859652621,http://creativecommons.org/licenses/by-nc/4.0/
14195,2634613116,Bombyliidae_Bombylius_fimbriatus_1577739_2634613116,http://creativecommons.org/licenses/by-nc/4.0/
15236,3859815969,Bombyliidae_Hemipenthes_maura_582825_3859815969,http://creativecommons.org/licenses/by-nc/4.0/
15639,3337735601,Bombyliidae_Bombylius_posticus_1000245_3337735601,http://creativecommons.org/publicdomain/zero/1.0/
15640,3337735601,Bombyliidae_Bombylius_posticus_1000246_3337735601,http://creativecommons.org/publicdomain/zero/1.0/
16280,3037229410,Bombyliidae_Villa_hottentotta_267820_3037229410,© All rights reserved
16458,3988636956,Bombyliidae_Geron_hesperidum_662527_3988636956,http://creativecommons.org/licenses/by-nc/4.0/
17018,2283183474,Bombyliidae_Heteralonia_megerlei_836940_2283183474,http://creativecommons.org/licenses/by-nc/4.0/
17062,3079746202,Bombyliidae_Conophorus_fuliginosa_2345972_3079746202,http://creativecommons.org/licenses/by-nc/4.0/
17439,3889191347,Bombyliidae_Exoprosopa_jacchus_1290390_3889191347,http://creativecommons.org/licenses/by-nc/4.0/
17635,2868164447,Bombyliidae_Hemipenthes_velutina_1624372_2868164447,http://creativecommons.org/licenses/by-nc/4.0/
18576,3321120790,Bombyliidae_Bombomyia_stictica_3055174_3321120790,http://creativecommons.org/licenses/by/4.0/
19504,3032030469,Bombyliidae_Bombylella_atra_267425_3032030469,http://creativecommons.org/licenses/by-nc/4.0/
19516,3858718157,Bombyliidae_Villa_hottentotta_577777_3858718157,http://creativecommons.org/licenses/by-nc/4.0/
19529,4009797574,Bombyliidae_Dischistus_atlanticus_1364743_4009797574,http://creativecommons.org/licenses/by-nc/4.0/
19770,3860562398,Bombyliidae_Phthiria_simonyi_586378_3860562398,http://creativecommons.org/licenses/by-nc/4.0/
19790,2802646784,Bombyliidae_Bombylella_atra_890822_2802646784,http://creativecommons.org/licenses/by/4.0/
19999,2397591845,Bombyliidae_Toxophora_fasciculata_841401_2397591845,http://creativecommons.org/licenses/by-nc/4.0/
20000,2397591845,Bombyliidae_Toxophora_fasciculata_841402_2397591845,http://creativecommons.org/licenses/by-nc/4.0/
20001,2397591845,Bombyliidae_Toxophora_fasciculata_841403_2397591845,http://creativecommons.org/licenses/by-nc/4.0/
20002,2397591845,Bombyliidae_Toxophora_fasciculata_841404_2397591845,http://creativecommons.org/licenses/by-nc/4.0/
20003,2397591845,Bombyliidae_Toxophora_fasciculata_841405_2397591845,http://creativecommons.org/licenses/by-nc/4.0/
20004,2397591845,Bombyliidae_Toxophora_fasciculata_841406_2397591845,http://creativecommons.org/licenses/by-nc/4.0/
20005,2397591845,Bombyliidae_Toxophora_fasciculata_841407_2397591845,http://creativecommons.org/licenses/by-nc/4.0/
20109,3058752560,Bombyliidae_Ligyra_ferrea_1649664_3058752560,http://creativecommons.org/licenses/by-nc/4.0/
20553,3097088582,Bombyliidae_Anastoechus_latifrons_2349988_3097088582,http://creativecommons.org/licenses/by-nc/4.0/
20764,3465960508,Bombyliidae_Micomitra_stupida_3224186_3465960508,http://creativecommons.org/licenses/by-nc/4.0/
21313,3903600841,Bombyliidae_Toxophora_fasciculata_2680902_3903600841,http://creativecommons.org/licenses/by-nc/4.0/
21416,3873285447,Bombyliidae_Villa_nigriceps_3348580_3873285447,http://creativecommons.org/licenses/by-nc/4.0/
21593,3335146211,Bombyliidae_Villa_modesta_306524_3335146211,http://creativecommons.org/licenses/by-nc/4.0/
21610,3858562555,Bombyliidae_Exhyalanthrax_simonae_3335575_3858562555,http://creativecommons.org/licenses/by-nc/4.0/
21645,3764233189,Bombyliidae_Usia_striatus_1237339_3764233189,http://creativecommons.org/licenses/by-nc/4.0/
21646,3764233189,Bombyliidae_Usia_striatus_1237340_3764233189,http://creativecommons.org/licenses/by-nc/4.0/
21884,3466437322,Bombyliidae_Systoechus_ctenopterus_2535708_3466437322,http://creativecommons.org/licenses/by-nc/4.0/
21885,3466437322,Bombyliidae_Systoechus_ctenopterus_2535709_3466437322,http://creativecommons.org/licenses/by-nc/4.0/
22136,3079858114,Bombyliidae_Bombylius_fimbriatus_3036624_3079858114,http://creativecommons.org/licenses/by-nc/4.0/
22137,3079858114,Bombyliidae_Bombylius_fimbriatus_3036625_3079858114,http://creativecommons.org/licenses/by-nc/4.0/
22404,3355308433,Bombyliidae_Bombylius_canescens_315857_3355308433,http://creativecommons.org/licenses/by/4.0/
22405,3355308433,Bombyliidae_Bombylius_canescens_315858_3355308433,http://creativecommons.org/licenses/by/4.0/
22406,3355308433,Bombyliidae_Bombylius_canescens_315859_3355308433,http://creativecommons.org/licenses/by/4.0/
22605,3760216568,Bombyliidae_Bombylius_discolor_547290_3760216568,http://creativecommons.org/licenses/by-nc/4.0/
22949,3112314866,Bombyliidae_Bombylius_medius_3042341_3112314866,http://creativecommons.org/licenses/by-nc/4.0/
23022,2619947432,Bombyliidae_Hemipenthes_velutina_188743_2619947432,http://creativecommons.org/licenses/by/4.0/
23205,4018131380,Bombyliidae_Heteralonia_megerlei_2058231_4018131380,http://creativecommons.org/licenses/by-nc/4.0/
23207,4018131380,Bombyliidae_Heteralonia_megerlei_2058233_4018131380,http://creativecommons.org/licenses/by-nc/4.0/
23307,3988446924,Bombyliidae_Exhyalanthrax_simonae_3419072_3988446924,http://creativecommons.org/licenses/by-nc/4.0/
23690,3320866639,Bombyliidae_Hemipenthes_morio_1674018_3320866639,http://creativecommons.org/licenses/by-nc/4.0/
23865,2862555489,Bombyliidae_Thyridanthrax_elegans_1622570_2862555489,http://creativecommons.org/licenses/by-nc/4.0/
25595,3776586422,Bombyliidae_Bombylius_medius_1241739_3776586422,© all rights reserved
25955,4009673505,Bombyliidae_Lomatia_sabaea_2742973_4009673505,http://creativecommons.org/licenses/by-nc/4.0/
26566,3314339369,Bombyliidae_Spogostylum_isis_2362864_3314339369,http://creativecommons.org/licenses/by-nc/4.0/
26583,4011849464,Bombyliidae_Bombomyia_discoidea_2746206_4011849464,http://creativecommons.org/licenses/by-nc/4.0/
27285,3902249691,Bombyliidae_Villa_panisca_1984469_3902249691,http://creativecommons.org/licenses/by-nc/4.0/
27661,3947198116,Bombyliidae_Villa_longicornis_2027840_3947198116,http://creativecommons.org/licenses/by-nc/4.0/
27672,3079512787,Bombyliidae_Bombylius_canescens_1655537_3079512787,http://creativecommons.org/licenses/by-nc/4.0/
27877,3988730935,Bombyliidae_Phthiria_simonyi_2040100_3988730935,http://creativecommons.org/licenses/by-nc/4.0/
28245,3039176545,Bombyliidae_Parageron_grata_3026454_3039176545,http://creativecommons.org/licenses/by-nc/4.0/
28342,3014008648,Bombyliidae_Exoprosopa_pandora_3020850_3014008648,http://creativecommons.org/licenses/by-nc/4.0/
28435,3773291069,Bombyliidae_Geron_hesperidum_1240766_3773291069,http://creativecommons.org/licenses/by-nc/4.0/
28436,3773291069,Bombyliidae_Geron_hesperidum_1240767_3773291069,http://creativecommons.org/licenses/by-nc/4.0/
28723,4015201250,Bombyliidae_Usia_striatus_1368573_4015201250,http://creativecommons.org/licenses/by-nc/4.0/
28724,4015201250,Bombyliidae_Usia_striatus_1368574_4015201250,http://creativecommons.org/licenses/by-nc/4.0/
29201,3859581941,Bombyliidae_Bombomyia_stictica_581762_3859581941,http://creativecommons.org/licenses/by-nc/4.0/
29371,3301903387,Bombyliidae_Bombomyia_stictica_2357460_3301903387,http://creativecommons.org/licenses/by/4.0/
29581,3858879637,Bombyliidae_Hemipenthes_morio_1267637_3858879637,http://creativecommons.org/licenses/by/4.0/
29801,2423254662,Bombyliidae_Bombomyia_discoidea_847317_2423254662,http://creativecommons.org/licenses/by/4.0/
29857,2813931591,Bombyliidae_Bombylius_canescens_1583281_2813931591,http://creativecommons.org/licenses/by-nc-nd/4.0/
30058,3759144282,Bombyliidae_Exhyalanthrax_simonae_2611624_3759144282,http://creativecommons.org/licenses/by/4.0/
30059,3759144282,Bombyliidae_Exhyalanthrax_simonae_2611625_3759144282,http://creativecommons.org/licenses/by/4.0/
30330,3923496072,Bombyliidae_Exhyalanthrax_afer_3404015_3923496072,http://creativecommons.org/licenses/by-nc/4.0/
30886,4022032410,Bombyliidae_Usia_versicolor_1371071_4022032410,http://creativecommons.org/licenses/by/4.0/
31420,3337453305,Bombyliidae_Villa_ixion_3067401_3337453305,http://creativecommons.org/licenses/by-nc/4.0/
31421,3337453305,Bombyliidae_Villa_ixion_3067402_3337453305,http://creativecommons.org/licenses/by-nc/4.0/
31649,3873779611,Bombyliidae_Villa_nigrifrons_592524_3873779611,http://creativecommons.org/licenses/by-nc/4.0/
31672,3330646151,Bombyliidae_Villa_hottentotta_3061011_3330646151,http://creativecommons.org/licenses/by-nc/4.0/
31869,1459779589,Bombyliidae_Bombylius_minor_1427643_1459779589,© all rights reserved
32204,932164268,Bombyliidae_Hemipenthes_maura_2067614_932164268,© all rights reserved
32353,2847918539,Bombyliidae_Bombylius_minor_2303718_2847918539,© all rights reserved
34030,3729754342,Bombyliidae_Bombylius_medius_1213473_3729754342,http://creativecommons.org/licenses/by-nc-nd/4.0/
34046,3906477337,Bombyliidae_Anthrax_anthrax_629505_3906477337,http://creativecommons.org/licenses/by-nc-nd/4.0/
34829,3903926766,Bombyliidae_Hemipenthes_velutina_613965_3903926766,http://creativecommons.org/licenses/by-nc-nd/4.0/
37307,4006138874,Bombyliidae_Villa_modesta_1362604_4006138874,© all rights reserved
37308,2866015522,Bombyliidae_Anthrax_varius_3004012_2866015522,© all rights reserved
37617,1836223391,Bombyliidae_Bombylius_medius_2139957_1836223391,© all rights reserved
37628,1433658812,Bombyliidae_Villa_longicornis_736338_1433658812,© all rights reserved
37629,1433658812,Bombyliidae_Villa_longicornis_736339_1433658812,© all rights reserved
37630,1433658812,Bombyliidae_Villa_longicornis_736340_1433658812,© all rights reserved
37695,3856715748,Bombyliidae_Bombylius_medius_3330558_3856715748,© all rights reserved
38426,2815268358,Bombyliidae_Anthrax_trifasciatus_205819_2815268358,© All rights reserved
38476,2814077455,Bombyliidae_Hemipenthes_maura_204455_2814077455,http://creativecommons.org/licenses/by-nc/4.0/
38504,3337617501,Bombyliidae_Hemipenthes_velutina_3068156_3337617501,http://creativecommons.org/licenses/by-nc/4.0/
38579,3873623349,Bombyliidae_Hemipenthes_maura_1280831_3873623349,http://creativecommons.org/licenses/by-nc/4.0/
38629,4018556598,Bombyliidae_Defilippia_minos_3439661_4018556598,http://creativecommons.org/licenses/by/4.0/
38932,3058857559,Bombyliidae_Defilippia_minos_961634_3058857559,http://creativecommons.org/licenses/by-nc/4.0/
39010,3859657949,Bombyliidae_Geron_hesperidum_1960435_3859657949,http://creativecommons.org/licenses/by-nc/4.0/
39109,3013895608,Bombyliidae_Exoprosopa_jacchus_2330190_3013895608,http://creativecommons.org/licenses/by-nc-nd/4.0/
39144,3330731994,Bombyliidae_Systoechus_ctenopterus_3061388_3330731994,http://creativecommons.org/licenses/by-nc/4.0/
39464,3302535774,Bombyliidae_Spogostylum_tripunctatum_291338_3302535774,http://creativecommons.org/licenses/by-nc/4.0/
39465,3302535774,Bombyliidae_Spogostylum_tripunctatum_291339_3302535774,http://creativecommons.org/licenses/by-nc/4.0/
39574,3858932059,Bombyliidae_Exoprosopa_rivularis_3337329_3858932059,http://creativecommons.org/licenses/by-nc/4.0/
39841,3698204541,Bombyliidae_Bombylius_oceanus_1161964_3698204541,http://creativecommons.org/licenses/by-nc/4.0/
39842,3698204541,Bombyliidae_Bombylius_oceanus_1161965_3698204541,http://creativecommons.org/licenses/by-nc/4.0/
39843,3698204541,Bombyliidae_Bombylius_oceanus_1161966_3698204541,http://creativecommons.org/licenses/by-nc/4.0/
39992,3337487144,Bombyliidae_Toxophora_fasciculata_1687590_3337487144,http://creativecommons.org/licenses/by-nc/4.0/
40224,3307268936,Bombyliidae_Anthrax_anthrax_1670704_3307268936,http://creativecommons.org/licenses/by-nc/4.0/
40578,3860218663,Bombyliidae_Exhyalanthrax_simonae_2652120_3860218663,http://creativecommons.org/licenses/by-nc/4.0/
40838,3994150654,Bombyliidae_Lomatia_fasciculata_663866_3994150654,http://creativecommons.org/licenses/by-nc/4.0/
40839,3994150654,Bombyliidae_Lomatia_fasciculata_663867_3994150654,http://creativecommons.org/licenses/by-nc/4.0/
40878,3325575931,Bombyliidae_Bombylius_canescens_2366263_3325575931,http://creativecommons.org/licenses/by-nc/4.0/
40879,3325575931,Bombyliidae_Bombylius_canescens_2366264_3325575931,http://creativecommons.org/licenses/by-nc/4.0/
42462,3873237505,Bombyliidae_Micomitra_stupida_1278910_3873237505,http://creativecommons.org/licenses/by/4.0/
42514,3759298692,Bombyliidae_Villa_nigrifrons_2612258_3759298692,http://creativecommons.org/licenses/by-nc/4.0/
42633,3760398794,Bombyliidae_Bombylius_major_1926175_3760398794,http://creativecommons.org/licenses/by-nc/4.0/
42845,4022360443,Bombyliidae_Thyridanthrax_fenestratus_1372202_4022360443,http://creativecommons.org/licenses/by-nc/4.0/
43330,3712607722,Bombyliidae_Bombylius_analis_1854218_3712607722,http://creativecommons.org/licenses/by/4.0/
43425,3873506170,Bombyliidae_Petrorossia_guanchorum_2658631_3873506170,http://creativecommons.org/licenses/by-nc/4.0/
43646,3321064529,Bombyliidae_Hemipenthes_velutina_986318_3321064529,http://creativecommons.org/licenses/by-nc/4.0/
43660,2273240196,Bombyliidae_Bombylella_atra_2903810_2273240196,http://creativecommons.org/licenses/by-nc/4.0/
43688,2611181902,Bombyliidae_Bombylius_callopterus_878066_2611181902,http://creativecommons.org/licenses/by-nc-nd/4.0/
43689,2611181902,Bombyliidae_Bombylius_callopterus_878067_2611181902,http://creativecommons.org/licenses/by-nc-nd/4.0/
43943,3335079387,Bombyliidae_Villa_brunnea_3064737_3335079387,http://creativecommons.org/licenses/by-nc/4.0/
44314,3802394032,Bombyliidae_Phthiria_antiqua_1934885_3802394032,http://creativecommons.org/licenses/by-nc/4.0/
44837,3499638444,Bombyliidae_Bombylius_trichurus_1851217_3499638444,http://creativecommons.org/licenses/by-nc/4.0/
44838,3499638444,Bombyliidae_Bombylius_trichurus_1851218_3499638444,http://creativecommons.org/licenses/by-nc/4.0/
44839,3499638444,Bombyliidae_Bombylius_trichurus_1851219_3499638444,http://creativecommons.org/licenses/by-nc/4.0/
44840,3499638444,Bombyliidae_Bombylius_trichurus_1851220_3499638444,http://creativecommons.org/licenses/by-nc/4.0/
45199,3325665962,Bombyliidae_Thyridanthrax_fenestratus_1676609_3325665962,http://creativecommons.org/licenses/by-nc/4.0/
45494,3307196458,Bombyliidae_Villa_ixion_981924_3307196458,http://creativecommons.org/licenses/by-nc/4.0/
45767,2901873336,Bombyliidae_Heterotropus_nigrithorax_251809_2901873336,http://creativecommons.org/licenses/by-nc/4.0/
45768,2901873336,Bombyliidae_Heterotropus_nigrithorax_251810_2901873336,http://creativecommons.org/licenses/by-nc/4.0/
45769,2901873336,Bombyliidae_Heterotropus_nigrithorax_251811_2901873336,http://creativecommons.org/licenses/by-nc/4.0/
46236,4009714421,Bombyliidae_Lomatia_sabaea_1364219_4009714421,http://creativecommons.org/licenses/by-nc/4.0/
46237,4009714421,Bombyliidae_Lomatia_sabaea_1364220_4009714421,http://creativecommons.org/licenses/by-nc/4.0/
46238,4009714421,Bombyliidae_Lomatia_sabaea_1364221_4009714421,http://creativecommons.org/licenses/by-nc/4.0/
46239,4009714421,Bombyliidae_Lomatia_sabaea_1364222_4009714421,http://creativecommons.org/licenses/by-nc/4.0/
46283,4015203405,Bombyliidae_Villa_ixion_680455_4015203405,http://creativecommons.org/licenses/by-nc/4.0/
46304,4011768406,Bombyliidae_Villa_nigriceps_3436503_4011768406,http://creativecommons.org/licenses/by-nc/4.0/
46994,1838395321,Bombyliidae_Bombomyia_discoidea_72053_1838395321,http://creativecommons.org/licenses/by-nc/4.0/
47576,3759884144,Bombyliidae_Bombomyia_discoidea_1235256_3759884144,http://creativecommons.org/licenses/by-nc/4.0/
47578,3759884144,Bombyliidae_Bombomyia_discoidea_1235258_3759884144,http://creativecommons.org/licenses/by-nc/4.0/
47579,3759884144,Bombyliidae_Bombomyia_discoidea_1235259_3759884144,http://creativecommons.org/licenses/by-nc/4.0/
47580,3759884144,Bombyliidae_Bombomyia_discoidea_1235260_3759884144,http://creativecommons.org/licenses/by-nc/4.0/
48534,3747015607,Bombyliidae_Bombylius_trichurus_542494_3747015607,http://creativecommons.org/licenses/by-nc/4.0/
48985,3079779885,Bombyliidae_Bombylius_ambustus_967875_3079779885,http://creativecommons.org/licenses/by-nc/4.0/
49257,3118330020,Bombyliidae_Bombylella_atra_3045740_3118330020,http://creativecommons.org/licenses/by-nc/4.0/
49739,3466134861,Bombyliidae_Defilippia_minos_466441_3466134861,http://creativecommons.org/licenses/by-nc/4.0/
50546,3773013102,Bombyliidae_Bombylius_major_1240122_3773013102,http://creativecommons.org/licenses/by-nc/4.0/
50611,2814036478,Bombyliidae_Toxophora_fasciculata_204318_2814036478,http://creativecommons.org/licenses/by-nc/4.0/
50863,3764526258,Bombyliidae_Exhyalanthrax_simonae_2616472_3764526258,http://creativecommons.org/licenses/by-nc/4.0/
51362,3090608244,Bombyliidae_Bombylius_major_2346949_3090608244,http://creativecommons.org/licenses/by-nc/4.0/
52380,2027368058,Bombyliidae_Villa_panisca_1513138_2027368058,© All rights reserved
52381,2027368058,Bombyliidae_Villa_panisca_1513139_2027368058,© All rights reserved
52382,2027368058,Bombyliidae_Villa_panisca_1513140_2027368058,© All rights reserved
52466,2542879013,Bombyliidae_Bombomyia_discoidea_167950_2542879013,http://creativecommons.org/licenses/by-nc/4.0/
53218,3966607348,Bombyliidae_Canariellum_brunnipenne_2035397_3966607348,http://creativecommons.org/licenses/by-nc/4.0/
53242,3873151171,Bombyliidae_Bombylius_cruciatus_589456_3873151171,http://creativecommons.org/licenses/by-nc/4.0/
53244,3873151171,Bombyliidae_Bombylius_cruciatus_589458_3873151171,http://creativecommons.org/licenses/by-nc/4.0/
53740,3858406042,Bombyliidae_Lomatia_sabaea_1954499_3858406042,http://creativecommons.org/licenses/by-nc/4.0/
53741,3858406042,Bombyliidae_Lomatia_sabaea_1954500_3858406042,http://creativecommons.org/licenses/by-nc/4.0/
53742,3858406042,Bombyliidae_Lomatia_sabaea_1954501_3858406042,http://creativecommons.org/licenses/by-nc/4.0/
53743,3858406042,Bombyliidae_Lomatia_sabaea_1954502_3858406042,http://creativecommons.org/licenses/by-nc/4.0/
53744,3858406042,Bombyliidae_Lomatia_sabaea_1954503_3858406042,http://creativecommons.org/licenses/by-nc/4.0/
53815,3383938904,Bombyliidae_Exoprosopa_grandis_1697558_3383938904,http://creativecommons.org/licenses/by-nc/4.0/
54131,3858886669,Bombyliidae_Hemipenthes_velutina_3337178_3858886669,http://creativecommons.org/licenses/by-nc/4.0/
54234,2626543416,Bombyliidae_Bombylius_cruciatus_2949237_2626543416,http://creativecommons.org/licenses/by-nc/4.0/
54563,2597950910,Bombyliidae_Bombylius_fimbriatus_2253556_2597950910,http://creativecommons.org/licenses/by-nc/4.0/
55444,3773066758,Bombyliidae_Chalcochiton_pallasii_1240243_3773066758,http://creativecommons.org/licenses/by-nc/4.0/
55445,3773066758,Bombyliidae_Chalcochiton_pallasii_1240244_3773066758,http://creativecommons.org/licenses/by-nc/4.0/
55630,3772913396,Bombyliidae_Bombylius_major_3309058_3772913396,http://creativecommons.org/licenses/by-nc/4.0/
55655,3466081249,Bombyliidae_Heteralonia_megerlei_1155981_3466081249,http://creativecommons.org/licenses/by-nc/4.0/
55843,3079676885,Bombyliidae_Exhyalanthrax_collarti_1656157_3079676885,http://creativecommons.org/licenses/by-nc/4.0/
55892,3764378402,Bombyliidae_Conophorus_virescens_3306849_3764378402,http://creativecommons.org/licenses/by-nc/4.0/
56080,3302345109,Bombyliidae_Hemipenthes_morio_980515_3302345109,http://creativecommons.org/licenses/by-nc/4.0/
56372,4009732021,Bombyliidae_Phthiria_antiqua_2053327_4009732021,http://creativecommons.org/licenses/by-nc/4.0/
56373,4009732021,Bombyliidae_Phthiria_antiqua_2053328_4009732021,http://creativecommons.org/licenses/by-nc/4.0/
56643,2603384370,Bombyliidae_Bombylius_major_1565254_2603384370,http://creativecommons.org/licenses/by-nc/4.0/
57417,3466241643,Bombyliidae_Bombylius_cruciatus_1846172_3466241643,http://creativecommons.org/licenses/by-nc/4.0/
57421,3090804039,Bombyliidae_Bombylius_major_2347493_3090804039,http://creativecommons.org/licenses/by-nc/4.0/
57616,2265778076,Bombyliidae_Ligyra_ferrea_2902308_2265778076,http://creativecommons.org/licenses/by-nc/4.0/
57700,4018129792,Bombyliidae_Lomatia_lateralis_1369063_4018129792,http://creativecommons.org/licenses/by-nc/4.0/
57969,3889001055,Bombyliidae_Exhyalanthrax_simonae_1978674_3889001055,http://creativecommons.org/licenses/by-nc/4.0/
57996,3058736531,Bombyliidae_Defilippia_minos_1649626_3058736531,http://creativecommons.org/licenses/by-nc/4.0/
58359,3079675896,Bombyliidae_Villa_brunnea_2345712_3079675896,http://creativecommons.org/licenses/by-nc/4.0/
58360,3079675896,Bombyliidae_Villa_brunnea_2345713_3079675896,http://creativecommons.org/licenses/by-nc/4.0/
58362,3079675896,Bombyliidae_Villa_brunnea_2345715_3079675896,http://creativecommons.org/licenses/by-nc/4.0/
58409,3859132369,Bombyliidae_Anastoechus_latifrons_1268749_3859132369,http://creativecommons.org/licenses/by-nc/4.0/
58427,3892623726,Bombyliidae_Exhyalanthrax_simonae_1292525_3892623726,http://creativecommons.org/licenses/by-nc/4.0/
58578,3355011327,Bombyliidae_Bombylius_cinerascens_1004318_3355011327,http://creativecommons.org/licenses/by-nc/4.0/
58579,3355011327,Bombyliidae_Bombylius_cinerascens_1004319_3355011327,http://creativecommons.org/licenses/by-nc/4.0/
58580,3355011327,Bombyliidae_Bombylius_cinerascens_1004320_3355011327,http://creativecommons.org/licenses/by-nc/4.0/
58581,3355011327,Bombyliidae_Bombylius_cinerascens_1004321_3355011327,http://creativecommons.org/licenses/by-nc/4.0/
58640,3321113493,Bombyliidae_Hemipenthes_velutina_986609_3321113493,http://creativecommons.org/licenses/by-nc/4.0/
58934,2272872993,Bombyliidae_Anthrax_varius_2903478_2272872993,© all rights reserved
59712,2813950014,Bombyliidae_Bombylius_fimbriatus_2272134_2813950014,http://creativecommons.org/licenses/by-nc/4.0/
59913,1831164319,Bombyliidae_Exoprosopa_pandora_2139693_1831164319,http://creativecommons.org/licenses/by-nc/4.0/
60007,3892563439,Bombyliidae_Exoprosopa_jacchus_603263_3892563439,http://creativecommons.org/licenses/by-nc/4.0/
60550,3407915699,Bombyliidae_Bombylius_medius_3088946_3407915699,http://creativecommons.org/licenses/by-nc/4.0/
60999,3860428951,Bombyliidae_Geron_hesperidum_1274836_3860428951,http://creativecommons.org/licenses/by-nc/4.0/
61199,4022214545,Bombyliidae_Parageron_incisa_2060891_4022214545,http://creativecommons.org/licenses/by-nc/4.0/
61225,3759931719,Bombyliidae_Bombylius_major_1924942_3759931719,http://creativecommons.org/licenses/by-nc/4.0/
61309,3985672595,Bombyliidae_Lomatia_sabaea_3416546_3985672595,http://creativecommons.org/licenses/by-nc/4.0/
61312,3963547841,Bombyliidae_Exoprosopa_jacchus_1344506_3963547841,http://creativecommons.org/licenses/by-nc/4.0/
61773,2634300956,Bombyliidae_Bombylella_atra_1577081_2634300956,http://creativecommons.org/licenses/by-nc/4.0/
61893,3873508546,Bombyliidae_Cytherea_obscura_1969476_3873508546,http://creativecommons.org/licenses/by-nc/4.0/
61894,3873508546,Bombyliidae_Cytherea_obscura_1969477_3873508546,http://creativecommons.org/licenses/by-nc/4.0/
61895,3873508546,Bombyliidae_Cytherea_obscura_1969478_3873508546,http://creativecommons.org/licenses/by-nc/4.0/
62173,3320838123,Bombyliidae_Hemipenthes_morio_3053945_3320838123,http://creativecommons.org/licenses/by/4.0/
62367,3746990391,Bombyliidae_Villa_nigriceps_1231328_3746990391,http://creativecommons.org/licenses/by/4.0/
62591,2802917686,Bombyliidae_Hemipenthes_morio_2269660_2802917686,http://creativecommons.org/licenses/by/4.0/
63192,3915356456,Bombyliidae_Apolysis_eremophila_2016886_3915356456,http://creativecommons.org/licenses/by-nc/4.0/
64114,3873435525,Bombyliidae_Micomitra_iris_2658269_3873435525,http://creativecommons.org/licenses/by-nc/4.0/
64300,1831138647,Bombyliidae_Bombylius_minor_2139610_1831138647,http://creativecommons.org/licenses/by-nc/4.0/
64325,3760189186,Bombyliidae_Thyridanthrax_indigenus_547222_3760189186,http://creativecommons.org/licenses/by-nc/4.0/
64523,3873862246,Bombyliidae_Micomitra_iris_1971250_3873862246,http://creativecommons.org/licenses/by-nc/4.0/
64524,3873862246,Bombyliidae_Micomitra_iris_1971251_3873862246,http://creativecommons.org/licenses/by-nc/4.0/
64525,3873862246,Bombyliidae_Micomitra_iris_1971252_3873862246,http://creativecommons.org/licenses/by-nc/4.0/
64526,3873862246,Bombyliidae_Micomitra_iris_1971253_3873862246,http://creativecommons.org/licenses/by-nc/4.0/
64813,3759631236,Bombyliidae_Thyridanthrax_insularis_2613274_3759631236,http://creativecommons.org/licenses/by-nc/4.0/
64814,3759631236,Bombyliidae_Thyridanthrax_insularis_2613275_3759631236,http://creativecommons.org/licenses/by-nc/4.0/
64867,3859459813,Bombyliidae_Bombylella_atra_1959366_3859459813,http://creativecommons.org/licenses/by/4.0/
66005,3773401645,Bombyliidae_Geron_hesperidum_3310215_3773401645,http://creativecommons.org/licenses/by-nc/4.0/
66078,2609129697,Bombyliidae_Bombylius_callopterus_2254634_2609129697,http://creativecommons.org/licenses/by-nc-nd/4.0/
66079,2609129697,Bombyliidae_Bombylius_callopterus_2254635_2609129697,http://creativecommons.org/licenses/by-nc-nd/4.0/
66080,2609129697,Bombyliidae_Bombylius_callopterus_2254636_2609129697,http://creativecommons.org/licenses/by-nc-nd/4.0/
66129,2850910805,Bombyliidae_Villa_hottentotta_2306218_2850910805,http://creativecommons.org/licenses/by-nc/4.0/
66528,3039327666,Bombyliidae_Parageron_grata_958793_3039327666,http://creativecommons.org/licenses/by-nc/4.0/
66531,3039327666,Bombyliidae_Parageron_grata_958796_3039327666,http://creativecommons.org/licenses/by-nc/4.0/
66679,3963277532,Bombyliidae_Anthrax_varius_2723090_3963277532,http://creativecommons.org/licenses/by-nc/4.0/
66738,3985640693,Bombyliidae_Bombylius_posticus_2726162_3985640693,http://creativecommons.org/licenses/by-nc/4.0/
66835,3985743379,Bombyliidae_Lomatia_sabaea_2726920_3985743379,http://creativecommons.org/licenses/by-nc/4.0/
66962,1459984204,Bombyliidae_Villa_halteralis_2807011_1459984204,© all rights reserved
66963,1036461277,Bombyliidae_Villa_cingulata_2072701_1036461277,© all rights reserved
67340,2809595513,Bombyliidae_Anthrax_varius_1582772_2809595513,© all rights reserved
67477,3432871911,Bombyliidae_Bombylius_medius_1716481_3432871911,© all rights reserved
67756,3891145315,Bombyliidae_Anthrax_varius_2669333_3891145315,
67860,2809625688,Bombyliidae_Systoechus_ctenopterus_2961845_2809625688,© all rights reserved
67992,1432021813,Bombyliidae_Villa_occulta_44491_1432021813,© all rights reserved
68022,1459046534,Bombyliidae_Bombylius_medius_1426564_1459046534,© all rights reserved
68117,3857278891,Bombyliidae_Bombylius_medius_2640044_3857278891,© all rights reserved
68570,2433948749,Bombyliidae_Villa_venusta_1541132_2433948749,http://creativecommons.org/publicdomain/zero/1.0/
68571,2433946131,Bombyliidae_Villa_cingulata_161925_2433946131,http://creativecommons.org/publicdomain/zero/1.0/
68572,2433947913,Bombyliidae_Thyridanthrax_elegans_2920624_2433947913,http://creativecommons.org/publicdomain/zero/1.0/
68573,2433949068,Bombyliidae_Villa_halteralis_1541146_2433949068,http://creativecommons.org/publicdomain/zero/1.0/
68579,2433947279,Bombyliidae_Villa_modesta_2920570_2433947279,http://creativecommons.org/publicdomain/zero/1.0/
68594,2433947831,Bombyliidae_Villa_circumdata_2229939_2433947831,http://creativecommons.org/publicdomain/zero/1.0/
68604,2433946892,Bombyliidae_Lomatia_infernalis_2920537_2433946892,http://creativecommons.org/publicdomain/zero/1.0/
68607,2433945216,Bombyliidae_Conophorus_macroglossus_2229723_2433945216,http://creativecommons.org/publicdomain/zero/1.0/
68611,2433944035,Bombyliidae_Villa_cingulata_851997_2433944035,http://creativecommons.org/publicdomain/zero/1.0/
68627,2433946416,Bombyliidae_Villa_modesta_852217_2433946416,http://creativecommons.org/publicdomain/zero/1.0/
68639,2433943641,Bombyliidae_Villa_circumdata_2229567_2433943641,http://creativecommons.org/publicdomain/zero/1.0/
68644,2433948450,Bombyliidae_Anthrax_virgo_852362_2433948450,http://creativecommons.org/publicdomain/zero/1.0/
68647,2433949702,Bombyliidae_Villa_claripennis_1541170_2433949702,http://creativecommons.org/publicdomain/zero/1.0/
68650,2433948628,Bombyliidae_Bombylius_cinerarius_2230003_2433948628,http://creativecommons.org/publicdomain/zero/1.0/
68678,2433947213,Bombyliidae_Villa_halteralis_1541031_2433947213,http://creativecommons.org/publicdomain/zero/1.0/
68685,2433948539,Bombyliidae_Villa_gooti_2920668_2433948539,http://creativecommons.org/publicdomain/zero/1.0/
68687,2433948253,Bombyliidae_Villa_abbadon_1541110_2433948253,http://creativecommons.org/publicdomain/zero/1.0/
68697,2433948131,Bombyliidae_Villa_claripennis_1541103_2433948131,http://creativecommons.org/publicdomain/zero/1.0/
68702,2433947679,Bombyliidae_Villa_ixion_2229925_2433947679,http://creativecommons.org/publicdomain/zero/1.0/
68710,2433942852,Bombyliidae_Thyridanthrax_elegans_851860_2433942852,http://creativecommons.org/publicdomain/zero/1.0/
68713,2433945607,Bombyliidae_Villa_venusta_1540911_2433945607,http://creativecommons.org/publicdomain/zero/1.0/
68720,2433946541,Bombyliidae_Bombylius_fulvescens_161962_2433946541,http://creativecommons.org/publicdomain/zero/1.0/
68728,2433947681,Bombyliidae_Anthrax_hellenicus_852312_2433947681,http://creativecommons.org/publicdomain/zero/1.0/
68731,2433948998,Bombyliidae_Geron_albidulus_2230025_2433948998,http://creativecommons.org/publicdomain/zero/1.0/
68732,2433947496,Bombyliidae_Geron_gibbosus_162035_2433947496,http://creativecommons.org/publicdomain/zero/1.0/
68738,2433950324,Bombyliidae_Villa_claripennis_2920738_2433950324,http://creativecommons.org/publicdomain/zero/1.0/
68739,2433947508,Bombyliidae_Villa_cingulum_2920588_2433947508,http://creativecommons.org/publicdomain/zero/1.0/
69135,3456588564,Bombyliidae_Bombomyia_discoidea_1152143_3456588564,http://creativecommons.org/licenses/by-nc/4.0/
69136,3456588564,Bombyliidae_Bombomyia_discoidea_1152144_3456588564,http://creativecommons.org/licenses/by-nc/4.0/
69138,3456588564,Bombyliidae_Bombomyia_discoidea_1152146_3456588564,http://creativecommons.org/licenses/by-nc/4.0/
69139,3456588564,Bombyliidae_Bombomyia_discoidea_1152147_3456588564,http://creativecommons.org/licenses/by-nc/4.0/
69140,3456588564,Bombyliidae_Bombomyia_discoidea_1152148_3456588564,http://creativecommons.org/licenses/by-nc/4.0/
69141,3456588564,Bombyliidae_Bombomyia_discoidea_1152149_3456588564,http://creativecommons.org/licenses/by-nc/4.0/
69778,3325556047,Bombyliidae_Systoechus_ctenopterus_297730_3325556047,http://creativecommons.org/licenses/by-nc/4.0/
69779,3325556047,Bombyliidae_Systoechus_ctenopterus_297731_3325556047,http://creativecommons.org/licenses/by-nc/4.0/
70850,3889234556,Bombyliidae_Petrorossia_guanchorum_1290504_3889234556,http://creativecommons.org/licenses/by-nc/4.0/
70985,3314471549,Bombyliidae_Bombylius_posticus_294762_3314471549,http://creativecommons.org/licenses/by/4.0/
71261,3333296214,Bombyliidae_Anthrax_anthrax_305050_3333296214,http://creativecommons.org/licenses/by-nc/4.0/
71735,3873828672,Bombyliidae_Phthiria_simonyi_1971105_3873828672,http://creativecommons.org/licenses/by-nc/4.0/
71796,1880649659,Bombyliidae_Bombylius_minor_79744_1880649659,http://creativecommons.org/licenses/by/4.0/
71797,1880649659,Bombyliidae_Bombylius_minor_79745_1880649659,http://creativecommons.org/licenses/by/4.0/
71798,1880649659,Bombyliidae_Bombylius_minor_79746_1880649659,http://creativecommons.org/licenses/by/4.0/
71799,1880649659,Bombyliidae_Bombylius_minor_79747_1880649659,http://creativecommons.org/licenses/by/4.0/
71844,3858618303,Bombyliidae_Eclimus_gracilis_1955626_3858618303,http://creativecommons.org/licenses/by-nc/4.0/
71953,3415883470,Bombyliidae_Systoechus_ctenopterus_2402641_3415883470,http://creativecommons.org/licenses/by-nc/4.0/
72004,3466419702,Bombyliidae_Hemipenthes_velutina_467193_3466419702,http://creativecommons.org/licenses/by-nc/4.0/
72271,3759151954,Bombyliidae_Bombylius_discolor_1922528_3759151954,http://creativecommons.org/licenses/by-nc/4.0/
72585,3112717479,Bombyliidae_Bombylius_callopterus_974699_3112717479,http://creativecommons.org/licenses/by-nc/4.0/
72743,2239024603,Bombyliidae_Bombylius_major_826725_2239024603,http://creativecommons.org/licenses/by-nc/4.0/
72757,2366048309,Bombyliidae_Satyramoeba_hetrusca_840454_2366048309,http://creativecommons.org/licenses/by-nc/4.0/
73234,3902803043,Bombyliidae_Petrorossia_guanchorum_3367510_3902803043,http://creativecommons.org/licenses/by-nc/4.0/
73246,3058758932,Bombyliidae_Parageron_incisa_961383_3058758932,http://creativecommons.org/licenses/by-nc/4.0/
73247,3058758932,Bombyliidae_Parageron_incisa_961384_3058758932,http://creativecommons.org/licenses/by-nc/4.0/
74068,2634435189,Bombyliidae_Bombylella_atra_2956441_2634435189,http://creativecommons.org/licenses/by-nc/4.0/
74091,3860639031,Bombyliidae_Geron_hesperidum_3345278_3860639031,http://creativecommons.org/licenses/by-nc/4.0/
74533,3986189442,Bombyliidae_Lomatia_fasciculata_3418520_3986189442,http://creativecommons.org/licenses/by/4.0/
74534,3986189442,Bombyliidae_Lomatia_fasciculata_3418521_3986189442,http://creativecommons.org/licenses/by/4.0/
74535,3986189442,Bombyliidae_Lomatia_fasciculata_3418522_3986189442,http://creativecommons.org/licenses/by/4.0/
74536,3986189442,Bombyliidae_Lomatia_fasciculata_3418523_3986189442,http://creativecommons.org/licenses/by/4.0/
74616,3988581247,Bombyliidae_Villa_nigriceps_2039638_3988581247,http://creativecommons.org/licenses/by-nc/4.0/
74705,3383899663,Bombyliidae_Systoechus_gradatus_318798_3383899663,http://creativecommons.org/licenses/by-nc/4.0/
74706,3383899663,Bombyliidae_Systoechus_gradatus_318799_3383899663,http://creativecommons.org/licenses/by-nc/4.0/
74852,3698419337,Bombyliidae_Thyridanthrax_indigenus_3231491_3698419337,http://creativecommons.org/licenses/by-nc/4.0/
74853,3698419337,Bombyliidae_Thyridanthrax_indigenus_3231492_3698419337,http://creativecommons.org/licenses/by-nc/4.0/
75199,3097014859,Bombyliidae_Triplasius_pictus_3040181_3097014859,http://creativecommons.org/licenses/by-nc/4.0/
75200,3097014859,Bombyliidae_Triplasius_pictus_3040182_3097014859,http://creativecommons.org/licenses/by-nc/4.0/
75201,3097014859,Bombyliidae_Triplasius_pictus_3040183_3097014859,http://creativecommons.org/licenses/by-nc/4.0/
75738,3109024366,Bombyliidae_Phthiria_antiqua_2350821_3109024366,http://creativecommons.org/licenses/by-nc/4.0/
76293,3384602659,Bombyliidae_Bombylius_cinerascens_322240_3384602659,http://creativecommons.org/licenses/by/4.0/
76294,3384602659,Bombyliidae_Bombylius_cinerascens_322241_3384602659,http://creativecommons.org/licenses/by/4.0/
76295,3384602659,Bombyliidae_Bombylius_cinerascens_322242_3384602659,http://creativecommons.org/licenses/by/4.0/
76923,3892624849,Bombyliidae_Satyramoeba_hetrusca_2671083_3892624849,http://creativecommons.org/licenses/by-nc/4.0/
77155,3921247387,Bombyliidae_Villa_cingulata_2712865_3921247387,© All rights reserved
77156,3921247387,Bombyliidae_Villa_cingulata_2712866_3921247387,© All rights reserved
77893,997716389,Bombyliidae_Villa_longicornis_2758641_997716389,© all rights reserved
79641,1963089583,Bombyliidae_Bombylius_venosus_1483003_1963089583,http://creativecommons.org/licenses/by-nc-sa/4.0/
80842,3431065523,Bombyliidae_Villa_modesta_2404673_3431065523,© all rights reserved
80928,1459958464,Bombyliidae_Lomatia_lateralis_2117419_1459958464,© all rights reserved
81168,3963482322,Bombyliidae_Canariellum_brunnipenne_2723596_3963482322,http://creativecommons.org/licenses/by-nc/4.0/
81169,3963482322,Bombyliidae_Canariellum_brunnipenne_2723597_3963482322,http://creativecommons.org/licenses/by-nc/4.0/
81170,3963482322,Bombyliidae_Canariellum_brunnipenne_2723598_3963482322,http://creativecommons.org/licenses/by-nc/4.0/
82350,3772677816,Bombyliidae_Bombylius_oceanus_2618013_3772677816,http://creativecommons.org/licenses/by-nc/4.0/
82702,3892328758,Bombyliidae_Petrorossia_guanchorum_2669718_3892328758,http://creativecommons.org/licenses/by-nc/4.0/
82982,3466262385,Bombyliidae_Anthrax_varius_2535334_3466262385,http://creativecommons.org/licenses/by-nc/4.0/
83586,3903160235,Bombyliidae_Satyramoeba_hetrusca_1300139_3903160235,http://creativecommons.org/licenses/by-nc/4.0/
84022,3079531807,Bombyliidae_Bombylella_atra_966983_3079531807,http://creativecommons.org/publicdomain/zero/1.0/
84129,3090579796,Bombyliidae_Systoechus_ctenopterus_1657186_3090579796,http://creativecommons.org/licenses/by/4.0/
84130,3090579796,Bombyliidae_Systoechus_ctenopterus_1657187_3090579796,http://creativecommons.org/licenses/by/4.0/
84165,3058836511,Bombyliidae_Villa_ixion_961564_3058836511,http://creativecommons.org/licenses/by-nc/4.0/
84413,3873716490,Bombyliidae_Micomitra_stupida_1281303_3873716490,http://creativecommons.org/licenses/by-nc/4.0/
84590,3988453238,Bombyliidae_Heterotropus_nigrithorax_661660_3988453238,http://creativecommons.org/licenses/by-nc/4.0/
85008,3860816922,Bombyliidae_Phthiria_simonyi_587360_3860816922,http://creativecommons.org/licenses/by-nc/4.0/
85441,3947298221,Bombyliidae_Satyramoeba_hetrusca_650280_3947298221,http://creativecommons.org/licenses/by-nc/4.0/
85442,3947298221,Bombyliidae_Satyramoeba_hetrusca_650281_3947298221,http://creativecommons.org/licenses/by-nc/4.0/
85443,3947298221,Bombyliidae_Satyramoeba_hetrusca_650282_3947298221,http://creativecommons.org/licenses/by-nc/4.0/
85468,3338087059,Bombyliidae_Villa_brunnea_3070268_3338087059,http://creativecommons.org/licenses/by-nc/4.0/
85581,3112645294,Bombyliidae_Conophorus_virescens_974564_3112645294,http://creativecommons.org/licenses/by/4.0/
85582,3112645294,Bombyliidae_Conophorus_virescens_974565_3112645294,http://creativecommons.org/licenses/by/4.0/
85583,3112645294,Bombyliidae_Conophorus_virescens_974566_3112645294,http://creativecommons.org/licenses/by/4.0/
85584,3112645294,Bombyliidae_Conophorus_virescens_974567_3112645294,http://creativecommons.org/licenses/by/4.0/
85585,3112645294,Bombyliidae_Conophorus_virescens_974568_3112645294,http://creativecommons.org/licenses/by/4.0/
86120,3067653995,Bombyliidae_Hemipenthes_velutina_273428_3067653995,http://creativecommons.org/licenses/by-nc/4.0/
86364,3333357677,Bombyliidae_Spogostylum_aethiops_995263_3333357677,http://creativecommons.org/licenses/by-nc/4.0/
87632,3014076694,Bombyliidae_Villa_cingulata_262741_3014076694,http://creativecommons.org/licenses/by-nc/4.0/
87633,3014076694,Bombyliidae_Villa_cingulata_262742_3014076694,http://creativecommons.org/licenses/by-nc/4.0/
87827,3456456601,Bombyliidae_Toxophora_fasciculata_1841092_3456456601,http://creativecommons.org/licenses/by-nc/4.0/
89428,3889094431,Bombyliidae_Villa_nigriceps_1979109_3889094431,http://creativecommons.org/licenses/by-nc/4.0/
89497,4018273778,Bombyliidae_Systoechus_ctenopterus_681562_4018273778,http://creativecommons.org/licenses/by-nc/4.0/
89561,3455764627,Bombyliidae_Villa_ixion_1148384_3455764627,http://creativecommons.org/licenses/by-nc/4.0/
90074,2265909557,Bombyliidae_Ligyra_ferrea_2902627_2265909557,http://creativecommons.org/licenses/by-nc/4.0/
90075,2265909557,Bombyliidae_Ligyra_ferrea_2902628_2265909557,http://creativecommons.org/licenses/by-nc/4.0/
90233,3772741833,Bombyliidae_Anastoechus_latifrons_3308753_3772741833,http://creativecommons.org/licenses/by-nc/4.0/
90395,3859867921,Bombyliidae_Spogostylum_aethiops_583074_3859867921,http://creativecommons.org/licenses/by-nc/4.0/
90572,3858503752,Bombyliidae_Bombylius_cruciatus_2644308_3858503752,http://creativecommons.org/licenses/by-nc/4.0/
90764,2818867580,Bombyliidae_Heteralonia_aeaca_1586939_2818867580,http://creativecommons.org/licenses/by-nc/4.0/
90939,3113690663,Bombyliidae_Bombylella_atra_1664617_3113690663,http://creativecommons.org/licenses/by-nc/4.0/
91150,3902363515,Bombyliidae_Petrorossia_guanchorum_3365300_3902363515,http://creativecommons.org/licenses/by-nc/4.0/
92051,3858664787,Bombyliidae_Exhyalanthrax_afer_3336104_3858664787,http://creativecommons.org/licenses/by-nc/4.0/
92119,3079678631,Bombyliidae_Bombylius_cruciatus_2345729_3079678631,http://creativecommons.org/licenses/by-nc/4.0/
92231,3858813696,Bombyliidae_Anastoechus_latifrons_3336841_3858813696,http://creativecommons.org/licenses/by-nc/4.0/
92415,2456501010,Bombyliidae_Exoprosopa_italica_1542611_2456501010,http://creativecommons.org/licenses/by-nc/4.0/
92474,3320856786,Bombyliidae_Bombylius_cruciatus_3054047_3320856786,http://creativecommons.org/licenses/by-nc/4.0/
92475,3320856786,Bombyliidae_Bombylius_cruciatus_3054048_3320856786,http://creativecommons.org/licenses/by-nc/4.0/
92580,3858813453,Bombyliidae_Bombylella_atra_578275_3858813453,http://creativecommons.org/licenses/by-nc/4.0/
92581,3872953217,Bombyliidae_Villa_nigrifrons_588352_3872953217,http://creativecommons.org/licenses/by-nc/4.0/
93079,3963472032,Bombyliidae_Bombylius_minor_655753_3963472032,http://creativecommons.org/licenses/by-nc/4.0/
93540,3301836976,Bombyliidae_Bombylella_atra_1667196_3301836976,http://creativecommons.org/licenses/by-nc/4.0/
95350,3858590828,Bombyliidae_Phthiria_simonyi_2644727_3858590828,http://creativecommons.org/licenses/by-nc/4.0/
95569,3785123367,Bombyliidae_Bombomyia_stictica_1934309_3785123367,http://creativecommons.org/licenses/by-nc/4.0/
95570,3785123367,Bombyliidae_Bombomyia_stictica_1934310_3785123367,http://creativecommons.org/licenses/by-nc/4.0/
95571,3785123367,Bombyliidae_Bombomyia_stictica_1934311_3785123367,http://creativecommons.org/licenses/by-nc/4.0/
95572,3785123367,Bombyliidae_Bombomyia_stictica_1934312_3785123367,http://creativecommons.org/licenses/by-nc/4.0/
95573,3785123367,Bombyliidae_Bombomyia_stictica_1934313_3785123367,http://creativecommons.org/licenses/by-nc/4.0/
95574,3785123367,Bombyliidae_Bombomyia_stictica_1934314_3785123367,http://creativecommons.org/licenses/by-nc/4.0/
95787,3355572396,Bombyliidae_Villa_brunnea_1007143_3355572396,http://creativecommons.org/licenses/by-nc/4.0/
95788,3355572396,Bombyliidae_Villa_brunnea_1007144_3355572396,http://creativecommons.org/licenses/by-nc/4.0/
95850,2818548010,Bombyliidae_Hemipenthes_maura_896840_2818548010,http://creativecommons.org/licenses/by-nc/4.0/
95870,3058705782,Bombyliidae_Defilippia_minos_961203_3058705782,http://creativecommons.org/licenses/by/4.0/
97448,1807316976,Bombyliidae_Usia_forcipata_1435453_1807316976,http://creativecommons.org/licenses/by-nc/4.0/
97676,2826159602,Bombyliidae_Exhyalanthrax_muscarius_2967829_2826159602,http://creativecommons.org/licenses/by-nc/4.0/
97963,3860593665,Bombyliidae_Hemipenthes_morio_1275605_3860593665,http://creativecommons.org/licenses/by-nc/4.0/
97965,3873928818,Bombyliidae_Hemipenthes_velutina_593231_3873928818,http://creativecommons.org/licenses/by-nc/4.0/
98242,3337432308,Bombyliidae_Villa_brunnea_3067272_3337432308,http://creativecommons.org/licenses/by-nc/4.0/
98629,3892264439,Bombyliidae_Exoprosopa_jacchus_2669379_3892264439,http://creativecommons.org/licenses/by/4.0/
98630,3892264439,Bombyliidae_Exoprosopa_jacchus_2669380_3892264439,http://creativecommons.org/licenses/by/4.0/
98633,3892264439,Bombyliidae_Exoprosopa_jacchus_2669383_3892264439,http://creativecommons.org/licenses/by/4.0/
98659,3079586550,Bombyliidae_Bombylella_atra_967207_3079586550,http://creativecommons.org/licenses/by-nc/4.0/
98660,3079586550,Bombyliidae_Bombylella_atra_967208_3079586550,http://creativecommons.org/licenses/by-nc/4.0/
98734,3872987512,Bombyliidae_Micomitra_stupida_588573_3872987512,http://creativecommons.org/licenses/by/4.0/
98735,3872987512,Bombyliidae_Micomitra_stupida_588574_3872987512,http://creativecommons.org/licenses/by/4.0/
98825,3333402827,Bombyliidae_Thyridanthrax_fenestratus_3064175_3333402827,http://creativecommons.org/licenses/by-nc/4.0/
99329,3759893037,Bombyliidae_Bombylius_discolor_1924796_3759893037,http://creativecommons.org/licenses/by-nc/4.0/
100062,3859920473,Bombyliidae_Bombylius_analis_1961596_3859920473,http://creativecommons.org/licenses/by-nc/4.0/
100063,3859920473,Bombyliidae_Bombylius_analis_1961597_3859920473,http://creativecommons.org/licenses/by-nc/4.0/
100298,3079723951,Bombyliidae_Bombomyia_discoidea_3036210_3079723951,http://creativecommons.org/licenses/by-nc/4.0/
100809,3760022936,Bombyliidae_Bombylius_discolor_3305013_3760022936,http://creativecommons.org/licenses/by-nc/4.0/
100929,3903470377,Bombyliidae_Exhyalanthrax_afer_1991021_3903470377,http://creativecommons.org/licenses/by-nc/4.0/
101207,2814399831,Bombyliidae_Exoprosopa_grandis_205494_2814399831,http://creativecommons.org/licenses/by-nc/4.0/
101208,3058807534,Bombyliidae_Defilippia_minos_3029791_3058807534,http://creativecommons.org/licenses/by-nc/4.0/
101928,4018188710,Bombyliidae_Systoechus_ctenopterus_1369372_4018188710,http://creativecommons.org/licenses/by-nc/4.0/
102342,3873649456,Bombyliidae_Bombylius_fimbriatus_2659420_3873649456,http://creativecommons.org/licenses/by-nc/4.0/
102398,3903140431,Bombyliidae_Anthrax_varius_1989432_3903140431,http://creativecommons.org/licenses/by-nc/4.0/
102888,3874147805,Bombyliidae_Exhyalanthrax_afer_1972470_3874147805,http://creativecommons.org/licenses/by-nc/4.0/
104003,3314575393,Bombyliidae_Hemipenthes_maura_1673550_3314575393,http://creativecommons.org/licenses/by-nc/4.0/
104316,3044619034,Bombyliidae_Parageron_grata_1647994_3044619034,http://creativecommons.org/licenses/by-nc/4.0/
104317,3044619034,Bombyliidae_Parageron_grata_1647995_3044619034,http://creativecommons.org/licenses/by-nc/4.0/
104657,3858883423,Bombyliidae_Villa_nigrifrons_3337176_3858883423,http://creativecommons.org/licenses/by-nc/4.0/
104798,3112726488,Bombyliidae_Bombylius_callopterus_974718_3112726488,http://creativecommons.org/licenses/by-nc/4.0/
104994,3892316641,Bombyliidae_Bombomyia_discoidea_1291108_3892316641,http://creativecommons.org/licenses/by-nc/4.0/
104996,3892316641,Bombyliidae_Bombomyia_discoidea_1291110_3892316641,http://creativecommons.org/licenses/by-nc/4.0/
105351,3070542166,Bombyliidae_Bombylius_discolor_965905_3070542166,http://creativecommons.org/licenses/by-nc/4.0/
105547,3335159551,Bombyliidae_Exoprosopa_grandis_996579_3335159551,http://creativecommons.org/licenses/by-nc/4.0/
105599,3802410007,Bombyliidae_Geron_hesperidum_2624454_3802410007,http://creativecommons.org/licenses/by-nc/4.0/
105765,3302274649,Bombyliidae_Exoprosopa_rutila_980252_3302274649,http://creativecommons.org/licenses/by-nc/4.0/
105838,3070479552,Bombyliidae_Usia_versicolor_3033995_3070479552,http://creativecommons.org/licenses/by-nc/4.0/
105840,3070479552,Bombyliidae_Usia_versicolor_3033997_3070479552,http://creativecommons.org/licenses/by-nc/4.0/
105841,3070479552,Bombyliidae_Usia_versicolor_3033998_3070479552,http://creativecommons.org/licenses/by-nc/4.0/
105842,3070479552,Bombyliidae_Usia_versicolor_3033999_3070479552,http://creativecommons.org/licenses/by-nc/4.0/
105843,3070479552,Bombyliidae_Usia_versicolor_3034000_3070479552,http://creativecommons.org/licenses/by-nc/4.0/
105844,3070479552,Bombyliidae_Usia_versicolor_3034001_3070479552,http://creativecommons.org/licenses/by-nc/4.0/
105845,3070479552,Bombyliidae_Usia_versicolor_3034002_3070479552,http://creativecommons.org/licenses/by-nc/4.0/
107077,3994268600,Bombyliidae_Anthrax_varius_1352519_3994268600,http://creativecommons.org/licenses/by-nc-sa/4.0/
107209,3039277570,Bombyliidae_Parageron_grata_3026879_3039277570,http://creativecommons.org/licenses/by-nc/4.0/
107720,3888812104,Bombyliidae_Exhyalanthrax_simonae_1288864_3888812104,http://creativecommons.org/licenses/by-nc/4.0/
108568,3743108969,Bombyliidae_Bombylella_atra_1230783_3743108969,http://creativecommons.org/licenses/by-nc/4.0/
108727,3994275725,Bombyliidae_Geron_hesperidum_2041666_3994275725,http://creativecommons.org/licenses/by-nc/4.0/
109068,3759834350,Bombyliidae_Spogostylum_trinotatum_546217_3759834350,http://creativecommons.org/licenses/by-nc/4.0/
109257,2283275334,Bombyliidae_Exoprosopa_rivularis_2214639_2283275334,http://creativecommons.org/licenses/by-nc/4.0/
109411,3988489179,Bombyliidae_Villa_nigrifrons_2729151_3988489179,http://creativecommons.org/licenses/by-nc/4.0/
109548,4009663512,Bombyliidae_Lomatia_sabaea_675513_4009663512,http://creativecommons.org/licenses/by-nc/4.0/
110155,2620209829,Bombyliidae_Hemipenthes_velutina_879272_2620209829,http://creativecommons.org/licenses/by/4.0/
110173,3858958753,Bombyliidae_Anastoechus_latifrons_2646455_3858958753,http://creativecommons.org/licenses/by-nc/4.0/
110702,3858611195,Bombyliidae_Exoprosopa_italica_3335857_3858611195,http://creativecommons.org/licenses/by-nc/4.0/
110746,2237482580,Bombyliidae_Bombylius_discolor_825522_2237482580,http://creativecommons.org/licenses/by-nc/4.0/
111030,3747334410,Bombyliidae_Villa_nigrifrons_1232107_3747334410,http://creativecommons.org/licenses/by-nc/4.0/
111332,3888816727,Bombyliidae_Petrorossia_guanchorum_1288892_3888816727,http://creativecommons.org/licenses/by-nc/4.0/
111698,3743297325,Bombyliidae_Usia_versicolor_2609551_3743297325,http://creativecommons.org/licenses/by-nc/4.0/
111782,3383939379,Bombyliidae_Heteralonia_aeaca_3077559_3383939379,http://creativecommons.org/licenses/by-nc/4.0/
111783,3383939379,Bombyliidae_Heteralonia_aeaca_3077560_3383939379,http://creativecommons.org/licenses/by-nc/4.0/
111784,3383939379,Bombyliidae_Heteralonia_aeaca_3077561_3383939379,http://creativecommons.org/licenses/by-nc/4.0/
111785,3383939379,Bombyliidae_Heteralonia_aeaca_3077562_3383939379,http://creativecommons.org/licenses/by-nc/4.0/
112094,3079642595,Bombyliidae_Bombylius_discolor_2345598_3079642595,http://creativecommons.org/licenses/by/4.0/
112103,3772429725,Bombyliidae_Conophorus_virescens_1928183_3772429725,http://creativecommons.org/licenses/by/4.0/
112104,3772429725,Bombyliidae_Conophorus_virescens_1928184_3772429725,http://creativecommons.org/licenses/by/4.0/
112105,3772429725,Bombyliidae_Conophorus_virescens_1928185_3772429725,http://creativecommons.org/licenses/by/4.0/
112106,3772429725,Bombyliidae_Conophorus_virescens_1928186_3772429725,http://creativecommons.org/licenses/by/4.0/
112296,4022294359,Bombyliidae_Parageron_grata_2751194_4022294359,http://creativecommons.org/licenses/by-nc/4.0/
112297,4022294359,Bombyliidae_Parageron_grata_2751195_4022294359,http://creativecommons.org/licenses/by-nc/4.0/
112298,4022294359,Bombyliidae_Parageron_grata_2751196_4022294359,http://creativecommons.org/licenses/by-nc/4.0/
112299,4022294359,Bombyliidae_Parageron_grata_2751197_4022294359,http://creativecommons.org/licenses/by-nc/4.0/
113593,3772862621,Bombyliidae_Bombylella_atra_2618543_3772862621,http://creativecommons.org/licenses/by-nc/4.0/
113725,3873259213,Bombyliidae_Villa_nigrifrons_1278989_3873259213,http://creativecommons.org/licenses/by-nc/4.0/
113883,3859632464,Bombyliidae_Villa_nigrifrons_1960325_3859632464,http://creativecommons.org/licenses/by-nc/4.0/
113884,3859632464,Bombyliidae_Villa_nigrifrons_1960326_3859632464,http://creativecommons.org/licenses/by-nc/4.0/
113885,3859632464,Bombyliidae_Villa_nigrifrons_1960327_3859632464,http://creativecommons.org/licenses/by-nc/4.0/
114209,3456185618,Bombyliidae_Spogostylum_isis_3219162_3456185618,http://creativecommons.org/licenses/by-nc/4.0/
114607,3747108372,Bombyliidae_Villa_nigriceps_1921030_3747108372,http://creativecommons.org/licenses/by-nc/4.0/
114608,3747108372,Bombyliidae_Villa_nigriceps_1921031_3747108372,http://creativecommons.org/licenses/by-nc/4.0/
114609,3747108372,Bombyliidae_Villa_nigriceps_1921032_3747108372,http://creativecommons.org/licenses/by-nc/4.0/
114971,1898781012,Bombyliidae_Spogostylum_trinotatum_773688_1898781012,http://creativecommons.org/licenses/by-nc/4.0/
115128,3858242347,Bombyliidae_Bombylius_fimbriatus_2643009_3858242347,http://creativecommons.org/licenses/by-nc/4.0/
115537,3892602748,Bombyliidae_Geron_hesperidum_1981783_3892602748,http://creativecommons.org/licenses/by-nc/4.0/
115574,3773764302,Bombyliidae_Usia_striatus_1241628_3773764302,http://creativecommons.org/licenses/by-nc/4.0/
115575,3773764302,Bombyliidae_Usia_striatus_1241629_3773764302,http://creativecommons.org/licenses/by-nc/4.0/
116189,3873157760,Bombyliidae_Satyramoeba_hetrusca_589499_3873157760,http://creativecommons.org/licenses/by-nc/4.0/
116190,3873157760,Bombyliidae_Satyramoeba_hetrusca_589500_3873157760,http://creativecommons.org/licenses/by-nc/4.0/
116358,3712440324,Bombyliidae_Bombylius_oceanus_474305_3712440324,http://creativecommons.org/publicdomain/zero/1.0/
116359,3712440324,Bombyliidae_Bombylius_oceanus_474306_3712440324,http://creativecommons.org/publicdomain/zero/1.0/
117537,3344067198,Bombyliidae_Anthrax_trifasciatus_313667_3344067198,http://creativecommons.org/licenses/by-nc/4.0/
117539,3344067198,Bombyliidae_Anthrax_trifasciatus_313669_3344067198,http://creativecommons.org/licenses/by-nc/4.0/
117541,3344067198,Bombyliidae_Anthrax_trifasciatus_313671_3344067198,http://creativecommons.org/licenses/by-nc/4.0/
117986,3873584494,Bombyliidae_Lomatia_lateralis_2659062_3873584494,http://creativecommons.org/licenses/by/4.0/
117987,3873584494,Bombyliidae_Lomatia_lateralis_2659063_3873584494,http://creativecommons.org/licenses/by/4.0/
118008,3355235453,Bombyliidae_Hemipenthes_morio_1005520_3355235453,http://creativecommons.org/licenses/by-nc/4.0/
118433,3302537917,Bombyliidae_Hemipenthes_morio_981144_3302537917,http://creativecommons.org/licenses/by-nc/4.0/
118460,2579243665,Bombyliidae_Exoprosopa_jacchus_183624_2579243665,http://creativecommons.org/licenses/by-nc/4.0/
118462,2579243665,Bombyliidae_Exoprosopa_jacchus_183626_2579243665,http://creativecommons.org/licenses/by-nc/4.0/
118751,3859282594,Bombyliidae_Usia_striatus_1958587_3859282594,http://creativecommons.org/licenses/by/4.0/
118858,2397440479,Bombyliidae_Bombylius_fimbriatus_1529498_2397440479,http://creativecommons.org/licenses/by-nc/4.0/
118859,2397440479,Bombyliidae_Bombylius_fimbriatus_1529499_2397440479,http://creativecommons.org/licenses/by-nc/4.0/
119683,3355074320,Bombyliidae_Bombylius_canescens_2382920_3355074320,http://creativecommons.org/licenses/by/4.0/
119684,3355074320,Bombyliidae_Bombylius_canescens_2382921_3355074320,http://creativecommons.org/licenses/by/4.0/
119737,3070476909,Bombyliidae_Hemipenthes_morio_1654305_3070476909,http://creativecommons.org/licenses/by-nc/4.0/
119759,4014866920,Bombyliidae_Villa_nigrifrons_3437276_4014866920,http://creativecommons.org/licenses/by-nc/4.0/
119855,3113337363,Bombyliidae_Bombylius_trichurus_1663880_3113337363,http://creativecommons.org/licenses/by-nc/4.0/
119856,3113337363,Bombyliidae_Bombylius_trichurus_1663881_3113337363,http://creativecommons.org/licenses/by-nc/4.0/
119857,3113337363,Bombyliidae_Bombylius_trichurus_1663882_3113337363,http://creativecommons.org/licenses/by-nc/4.0/
120259,3112551677,Bombyliidae_Triplasius_pictus_1662735_3112551677,http://creativecommons.org/licenses/by-nc/4.0/
120629,3039454676,Bombyliidae_Parageron_grata_2337110_3039454676,http://creativecommons.org/licenses/by-nc/4.0/
120630,3039454676,Bombyliidae_Parageron_grata_2337111_3039454676,http://creativecommons.org/licenses/by-nc/4.0/
120631,3039454676,Bombyliidae_Parageron_grata_2337112_3039454676,http://creativecommons.org/licenses/by-nc/4.0/
120632,3039454676,Bombyliidae_Parageron_grata_2337113_3039454676,http://creativecommons.org/licenses/by-nc/4.0/
120653,3337829873,Bombyliidae_Hemipenthes_velutina_1000771_3337829873,http://creativecommons.org/licenses/by-nc-nd/4.0/
120865,1453520759,Bombyliidae_Bombylius_major_2115332_1453520759,http://creativecommons.org/licenses/by-nc/4.0/
121346,2626482376,Bombyliidae_Hemipenthes_maura_880814_2626482376,http://creativecommons.org/licenses/by/4.0/
121461,3785132854,Bombyliidae_Eclimus_gracilis_2623810_3785132854,http://creativecommons.org/licenses/by-nc/4.0/
121467,2235466328,Bombyliidae_Heteralonia_megerlei_2892695_2235466328,http://creativecommons.org/licenses/by/4.0/
122392,3823160257,Bombyliidae_Anthrax_anthrax_1938921_3823160257,http://creativecommons.org/licenses/by-nc-nd/4.0/
123192,1960097949,Bombyliidae_Bombylius_venosus_100451_1960097949,http://creativecommons.org/licenses/by-nc-nd/4.0/
124937,2597692025,Bombyliidae_Bombylius_discolor_2253149_2597692025,http://creativecommons.org/licenses/by/4.0/
125282,4012046343,Bombyliidae_Petrorossia_guanchorum_3436906_4012046343,http://creativecommons.org/licenses/by-nc/4.0/
125391,3067883239,Bombyliidae_Bombylius_discolor_964241_3067883239,http://creativecommons.org/licenses/by/4.0/
125686,4022034504,Bombyliidae_Parageron_grata_2060211_4022034504,http://creativecommons.org/licenses/by/4.0/
125868,3784880317,Bombyliidae_Bombylius_medius_3313633_3784880317,http://creativecommons.org/licenses/by-nc/4.0/
125937,3985740589,Bombyliidae_Bombylius_posticus_2726893_3985740589,http://creativecommons.org/licenses/by-nc/4.0/
125938,3985740589,Bombyliidae_Bombylius_posticus_2726894_3985740589,http://creativecommons.org/licenses/by-nc/4.0/
126240,3873026151,Bombyliidae_Petrorossia_guanchorum_3347325_3873026151,http://creativecommons.org/licenses/by-nc/4.0/
126373,3859050878,Bombyliidae_Anthrax_varius_579282_3859050878,http://creativecommons.org/licenses/by-nc/4.0/
126681,3859575658,Bombyliidae_Bombylisoma_melanocephalum_2649303_3859575658,http://creativecommons.org/licenses/by-nc/4.0/
126682,3859575658,Bombyliidae_Bombylisoma_melanocephalum_2649304_3859575658,http://creativecommons.org/licenses/by-nc/4.0/
126683,3859575658,Bombyliidae_Bombylisoma_melanocephalum_2649305_3859575658,http://creativecommons.org/licenses/by-nc/4.0/
126948,3785005700,Bombyliidae_Bombylella_atra_1934085_3785005700,http://creativecommons.org/licenses/by/4.0/
126974,3384957136,Bombyliidae_Systoechus_ctenopterus_2392116_3384957136,http://creativecommons.org/licenses/by-nc/4.0/
126986,3742986455,Bombyliidae_Bombylius_trichurus_3299640_3742986455,http://creativecommons.org/licenses/by-nc/4.0/
127676,3431014645,Bombyliidae_Anthrax_varius_1715562_3431014645,© all rights reserved
127962,2272522670,Bombyliidae_Bombylius_medius_2212863_2272522670,© all rights reserved
128091,1884157073,Bombyliidae_Anthrax_trifasciatus_81545_1884157073,© all rights reserved
128908,1135574287,Bombyliidae_Thyridanthrax_fenestratus_2076600_1135574287,© all rights reserved
128923,3431983538,Bombyliidae_Villa_longicornis_2405129_3431983538,© all rights reserved
128924,3431983538,Bombyliidae_Villa_longicornis_2405130_3431983538,© all rights reserved
129531,2993853434,Bombyliidae_Hemipenthes_morio_259166_2993853434,© all rights reserved
129534,1135382510,Bombyliidae_Villa_panisca_2766059_1135382510,© all rights reserved
129789,1670349092,Bombyliidae_Villa_hottentotta_744294_1670349092,© all rights reserved
130142,3432697581,Bombyliidae_Anthrax_varius_1027405_3432697581,© all rights reserved
130317,1884285162,Bombyliidae_Anthrax_trifasciatus_2150236_1884285162,© all rights reserved
130807,2808312865,Bombyliidae_Anthrax_varius_2270884_2808312865,© all rights reserved
131301,4005945755,Bombyliidae_Villa_longicornis_3431828_4005945755,© all rights reserved
131302,4005945755,Bombyliidae_Villa_longicornis_3431829_4005945755,© all rights reserved
131303,4005945755,Bombyliidae_Villa_longicornis_3431830_4005945755,© all rights reserved
131309,2247006443,Bombyliidae_Systoechus_ctenopterus_827922_2247006443,© all rights reserved
131597,3434227387,Bombyliidae_Bombylius_minor_2406299_3434227387,© all rights reserved
131601,2424515168,Bombyliidae_Anthrax_varius_2225219_2424515168,© all rights reserved
131831,3857643593,Bombyliidae_Bombylius_medius_2640287_3857643593,© all rights reserved
131846,1837592675,Bombyliidae_Systoechus_ctenopterus_71672_1837592675,© all rights reserved
131979,2809550721,Bombyliidae_Bombylius_medius_2961808_2809550721,© all rights reserved
132595,2295193156,Bombyliidae_Villa_longicornis_147831_2295193156,© all rights reserved
132596,2295193156,Bombyliidae_Villa_longicornis_147832_2295193156,© all rights reserved
132968,1460379410,Bombyliidae_Villa_cingulata_740214_1460379410,© all rights reserved
133044,1458436395,Bombyliidae_Hemipenthes_maura_2805138_1458436395,© all rights reserved
133482,1432108691,Bombyliidae_Thyridanthrax_fenestratus_44547_1432108691,© all rights reserved
133712,3431719013,Bombyliidae_Anthrax_varius_2405016_3431719013,© all rights reserved
133782,2847922656,Bombyliidae_Villa_hottentotta_2303725_2847922656,© all rights reserved
134215,2413145554,Bombyliidae_Villa_panisca_2222881_2413145554,© all rights reserved
134517,1460328350,Bombyliidae_Villa_hottentotta_2118086_1460328350,© all rights reserved
134744,1136937354,Bombyliidae_Bombylius_minor_1387422_1136937354,© all rights reserved
134821,3433076960,Bombyliidae_Phthiria_canescens_3095982_3433076960,© all rights reserved
134822,3433076960,Bombyliidae_Phthiria_canescens_3095983_3433076960,© all rights reserved
134899,932219953,Bombyliidae_Anthrax_varius_3447211_932219953,© all rights reserved
134947,3431440014,Bombyliidae_Bombylius_medius_337069_3431440014,© all rights reserved
135229,2809200015,Bombyliidae_Bombylius_medius_1582549_2809200015,© all rights reserved
135471,1431602842,Bombyliidae_Bombylius_medius_735257_1431602842,© all rights reserved
135826,2468567562,Bombyliidae_Systoechus_ctenopterus_1544023_2468567562,© all rights reserved
136012,1458881032,Bombyliidae_Bombylius_medius_737840_1458881032,© all rights reserved
136058,2246997370,Bombyliidae_Villa_cingulata_2205499_2246997370,© all rights reserved
136801,3431533892,Bombyliidae_Villa_hottentotta_1715839_3431533892,© all rights reserved
136858,1670991330,Bombyliidae_Hemipenthes_maura_2811976_1670991330,© all rights reserved
136997,3433272800,Bombyliidae_Bombylius_minor_337988_3433272800,© all rights reserved
137185,3880009676,Bombyliidae_Villa_longicornis_3353361_3880009676,© all rights reserved
137538,2273087963,Bombyliidae_Anthrax_varius_145282_2273087963,© all rights reserved
137608,1432324228,Bombyliidae_Anthrax_varius_735740_1432324228,© all rights reserved
137865,1136904759,Bombyliidae_Villa_panisca_7561_1136904759,© all rights reserved
137913,1460160266,Bombyliidae_Villa_cingulata_2117713_1460160266,© all rights reserved
138505,3880462476,Bombyliidae_Anthrax_trifasciatus_595145_3880462476,
138506,3880462476,Bombyliidae_Anthrax_trifasciatus_595146_3880462476,
138591,3899394301,Bombyliidae_Bombylius_major_2671908_3899394301,© all rights reserved
138803,1821054047,Bombyliidae_Hemipenthes_maura_1435491_1821054047,© all rights reserved
139253,3432715258,Bombyliidae_Bombylius_medius_2405434_3432715258,© all rights reserved
139662,3432395768,Bombyliidae_Bombylius_minor_2405262_3432395768,© all rights reserved
139726,3856576510,Bombyliidae_Thyridanthrax_fenestratus_1260977_3856576510,© all rights reserved
139814,3431628349,Bombyliidae_Villa_modesta_3095292_3431628349,© all rights reserved
140357,2426118783,Bombyliidae_Anthrax_varius_2916010_2426118783,© all rights reserved
140452,2381738727,Bombyliidae_Villa_hottentotta_2908978_2381738727,© all rights reserved
140585,4021276830,Bombyliidae_Hemipenthes_maura_1370620_4021276830,© all rights reserved
140939,4006210486,Bombyliidae_Villa_modesta_1362618_4006210486,© all rights reserved
141457,3891284363,Bombyliidae_Hemipenthes_maura_601841_3891284363,© all rights reserved
141942,3857914994,Bombyliidae_Anthrax_varius_3331303_3857914994,
142226,2285735057,Bombyliidae_Bombylius_minor_146714_2285735057,© all rights reserved
142240,1431516696,Bombyliidae_Thyridanthrax_fenestratus_1424082_1431516696,© all rights reserved
142626,4006096674,Bombyliidae_Anthrax_varius_2051511_4006096674,© all rights reserved
142732,2847580589,Bombyliidae_Villa_halteralis_925731_2847580589,© all rights reserved
142772,1458917528,Bombyliidae_Hemipenthes_maura_737890_1458917528,© all rights reserved
143108,3879772721,Bombyliidae_Lomatia_lateralis_1972938_3879772721,© all rights reserved
143135,2808940944,Bombyliidae_Hemipenthes_maura_2271211_2808940944,© all rights reserved
143196,2417850623,Bombyliidae_Villa_hottentotta_2913653_2417850623,© all rights reserved
143250,3432937143,Bombyliidae_Anthrax_varius_1716508_3432937143,© all rights reserved
143365,4006029741,Bombyliidae_Villa_occulta_2741579_4006029741,© all rights reserved
143368,1433482846,Bombyliidae_Bombylius_minor_2114410_1433482846,© all rights reserved
143369,1433482846,Bombyliidae_Bombylius_minor_2114411_1433482846,© all rights reserved
143879,2285727097,Bombyliidae_Anthrax_varius_146703_2285727097,© all rights reserved
144070,2273665645,Bombyliidae_Anthrax_varius_2904162_2273665645,© all rights reserved
144090,1135670814,Bombyliidae_Anthrax_varius_698768_1135670814,© all rights reserved
144274,1849221720,Bombyliidae_Bombylius_medius_2837288_1849221720,© all rights reserved
144449,3434539003,Bombyliidae_Villa_hottentotta_3096832_3434539003,© all rights reserved
144990,2816026431,Bombyliidae_Bombylius_minor_1585519_2816026431,© all rights reserved
145094,1884489543,Bombyliidae_Phthiria_canescens_1461080_1884489543,© all rights reserved
145125,3880210850,Bombyliidae_Anthrax_trifasciatus_1973207_3880210850,
145151,2848088466,Bombyliidae_Bombylius_minor_926010_2848088466,© all rights reserved
145153,2848088466,Bombyliidae_Bombylius_minor_926012_2848088466,© all rights reserved
145199,2302733488,Bombyliidae_Anthrax_trifasciatus_1526647_2302733488,© all rights reserved
145445,2328770024,Bombyliidae_Anthrax_trifasciatus_2216445_2328770024,© all rights reserved
146059,3904458079,Bombyliidae_Exhyalanthrax_afer_2684844_3904458079,http://creativecommons.org/licenses/by-nc-nd/4.0/
148479,2841673321,Bombyliidae_Cyllenia_rustica_2294145_2841673321,http://creativecommons.org/licenses/by-nc/4.0/
148480,2841673321,Bombyliidae_Cyllenia_rustica_2294146_2841673321,http://creativecommons.org/licenses/by-nc/4.0/
148481,2841673321,Bombyliidae_Cyllenia_rustica_2294147_2841673321,http://creativecommons.org/licenses/by-nc/4.0/
150228,2401659614,Bombyliidae_Villa_cingulata_2910892_2401659614,© All rights reserved
153209,3905786574,Bombyliidae_Petrorossia_hespera_2692850_3905786574,http://creativecommons.org/licenses/by-nc-nd/4.0/
154430,3717201541,Bombyliidae_Villa_modesta_481269_3717201541,http://creativecommons.org/licenses/by-nc-nd/4.0/
154431,3717201541,Bombyliidae_Villa_modesta_481270_3717201541,http://creativecommons.org/licenses/by-nc-nd/4.0/
158117,2837602966,Bombyliidae_Villa_modesta_220103_2837602966,http://creativecommons.org/licenses/by-nc-nd/4.0/
158118,2837602966,Bombyliidae_Villa_modesta_220104_2837602966,http://creativecommons.org/licenses/by-nc-nd/4.0/
160653,1953481532,Bombyliidae_Bombylius_discolor_90247_1953481532,http://creativecommons.org/licenses/by/4.0/
160823,2841919044,Bombyliidae_Hemipenthes_velutina_2294824_2841919044,http://creativecommons.org/licenses/by-nc/4.0/
161495,1822826025,Bombyliidae_Hemipenthes_maura_2125005_1822826025,© All rights reserved
163275,2399525672,Bombyliidae_Bombylius_major_151929_2399525672,© All rights reserved
167364,3904652770,Bombyliidae_Exoprosopa_capucina_1996755_3904652770,http://creativecommons.org/licenses/by-nc/4.0/
167863,3725638303,Bombyliidae_Phthiria_pulicaria_2577760_3725638303,http://creativecommons.org/licenses/by-nc-nd/4.0/
167864,3725638303,Bombyliidae_Phthiria_pulicaria_2577761_3725638303,http://creativecommons.org/licenses/by-nc-nd/4.0/
168356,2834162553,Bombyliidae_Exoprosopa_capucina_904376_2834162553,http://creativecommons.org/licenses/by-nc-nd/4.0/
168602,1966538995,Bombyliidae_Bombylius_venosus_2177600_1966538995,http://creativecommons.org/licenses/by-nc-nd/4.0/
169704,3906145555,Bombyliidae_Villa_cingulata_3385368_3906145555,http://creativecommons.org/licenses/by-nc-nd/4.0/
171117,3718178418,Bombyliidae_Villa_hottentotta_1864874_3718178418,http://creativecommons.org/licenses/by-nc-nd/4.0/
172231,1974409060,Bombyliidae_Bombylius_major_811833_1974409060,http://creativecommons.org/licenses/by-nc-nd/4.0/
172590,1914031216,Bombyliidae_Villa_hottentotta_84138_1914031216,© all rights reserved
173264,2983874351,Bombyliidae_Villa_longicornis_3014865_2983874351,© all rights reserved
173452,3433261770,Bombyliidae_Systoechus_ctenopterus_3096118_3433261770,© all rights reserved
174774,2840246154,Bombyliidae_Bombylius_discolor_1602662_2840246154,http://creativecommons.org/licenses/by-nc-sa/4.0/
175561,3731265594,Bombyliidae_Exhyalanthrax_afer_532453_3731265594,http://creativecommons.org/licenses/by-nc-nd/4.0/
176295,3903527397,Bombyliidae_Villa_nigriceps_1991300_3903527397,http://creativecommons.org/licenses/by-nc/4.0/
176377,3014011663,Bombyliidae_Thyridanthrax_elegans_262523_3014011663,http://creativecommons.org/licenses/by-nc/4.0/
176771,2988679531,Bombyliidae_Bombylius_fimbriatus_948181_2988679531,http://creativecommons.org/licenses/by-nc/4.0/
176897,1898847914,Bombyliidae_Exoprosopa_grandis_83129_1898847914,http://creativecommons.org/licenses/by-nc/4.0/
177008,2856733527,Bombyliidae_Petrorossia_hespera_2999841_2856733527,http://creativecommons.org/licenses/by-nc/4.0/
177453,3335509437,Bombyliidae_Hemipenthes_maura_2376431_3335509437,http://creativecommons.org/licenses/by-nc/4.0/
177639,2814337874,Bombyliidae_Anthrax_virgo_2963847_2814337874,http://creativecommons.org/licenses/by-nc/4.0/
178111,3455832328,Bombyliidae_Satyramoeba_hetrusca_459082_3455832328,http://creativecommons.org/licenses/by-nc/4.0/
178317,3873090988,Bombyliidae_Anthrax_varius_2656687_3873090988,http://creativecommons.org/licenses/by-nc/4.0/
179597,2273525581,Bombyliidae_Hemipenthes_maura_2213648_2273525581,© All rights reserved
179701,2398587765,Bombyliidae_Hemipenthes_maura_2219532_2398587765,© All rights reserved
180382,3947337872,Bombyliidae_Geron_hesperidum_1338853_3947337872,http://creativecommons.org/licenses/by-nc/4.0/
180635,3902872814,Bombyliidae_Exoprosopa_jacchus_1298658_3902872814,http://creativecommons.org/licenses/by-nc/4.0/
180637,3902872814,Bombyliidae_Exoprosopa_jacchus_1298660_3902872814,http://creativecommons.org/licenses/by-nc/4.0/
180638,3902872814,Bombyliidae_Exoprosopa_jacchus_1298661_3902872814,http://creativecommons.org/licenses/by-nc/4.0/
180652,3384572446,Bombyliidae_Hemipenthes_velutina_322158_3384572446,http://creativecommons.org/licenses/by-nc/4.0/
180721,3785045660,Bombyliidae_Bombylius_canescens_1245062_3785045660,http://creativecommons.org/licenses/by-nc/4.0/
180791,3903240258,Bombyliidae_Phthiria_simonyi_611764_3903240258,http://creativecommons.org/licenses/by-nc/4.0/
180975,3764556018,Bombyliidae_Anastoechus_latifrons_548991_3764556018,http://creativecommons.org/licenses/by-nc/4.0/
180976,3764556018,Bombyliidae_Anastoechus_latifrons_548992_3764556018,http://creativecommons.org/licenses/by-nc/4.0/
180977,3764556018,Bombyliidae_Anastoechus_latifrons_548993_3764556018,http://creativecommons.org/licenses/by-nc/4.0/
181330,3112737434,Bombyliidae_Bombylius_callopterus_3043258_3112737434,http://creativecommons.org/licenses/by-nc/4.0/
181390,2813900803,Bombyliidae_Hemipenthes_morio_2962173_2813900803,http://creativecommons.org/publicdomain/zero/1.0/
181424,3399213021,Bombyliidae_Exoprosopa_pandora_329907_3399213021,http://creativecommons.org/licenses/by-nc/4.0/
181778,3772731931,Bombyliidae_Triplasius_pictus_1929005_3772731931,http://creativecommons.org/licenses/by-nc/4.0/
181905,3858418903,Bombyliidae_Exhyalanthrax_afer_1265360_3858418903,http://creativecommons.org/licenses/by-nc/4.0/
181906,3858418903,Bombyliidae_Exhyalanthrax_afer_1265361_3858418903,http://creativecommons.org/licenses/by-nc/4.0/
182046,3079630160,Bombyliidae_Bombylius_analis_2345561_3079630160,http://creativecommons.org/licenses/by-nc/4.0/
182106,3759356675,Bombyliidae_Bombylius_major_3303007_3759356675,http://creativecommons.org/licenses/by-nc/4.0/
182116,3860617226,Bombyliidae_Hemipenthes_velutina_1275673_3860617226,http://creativecommons.org/licenses/by-nc/4.0/
182332,3307507343,Bombyliidae_Anthrax_varius_293245_3307507343,http://creativecommons.org/licenses/by-nc/4.0/
182533,3747091344,Bombyliidae_Villa_nigrifrons_1920962_3747091344,http://creativecommons.org/licenses/by-nc/4.0/
182535,3747091344,Bombyliidae_Villa_nigrifrons_1920964_3747091344,http://creativecommons.org/licenses/by-nc/4.0/
182536,3747091344,Bombyliidae_Villa_nigrifrons_1920965_3747091344,http://creativecommons.org/licenses/by-nc/4.0/
182956,2626185703,Bombyliidae_Bombylius_cruciatus_189984_2626185703,http://creativecommons.org/licenses/by-nc/4.0/
183102,3803878579,Bombyliidae_Hemipenthes_maura_2625784_3803878579,© All rights reserved
184018,2621909072,Bombyliidae_Bombylius_fulvescens_2947534_2621909072,
184025,2621909340,Bombyliidae_Cytherea_obscura_1568390_2621909340,
184026,2621909363,Bombyliidae_Dischistus_biroi_1568391_2621909363,
184029,2621909427,Bombyliidae_Parageron_incisa_2257101_2621909427,
184030,2621909487,Bombyliidae_Bombylius_venosus_2947538_2621909487,
184036,2621909753,Bombyliidae_Petrorossia_hespera_189203_2621909753,
184091,2621915842,Bombyliidae_Bombylius_pardalotus_879314_2621915842,
184092,2621915930,Bombyliidae_Amictus_pulchellus_2947548_2621915930,
184105,2621917219,Bombyliidae_Spogostylum_isis_879318_2621917219,
184119,2621917801,Bombyliidae_Exhyalanthrax_muscarius_2257140_2621917801,
184120,2621917811,Bombyliidae_Exhyalanthrax_muscarius_2947561_2621917811,
184129,2621918532,Bombyliidae_Thyridanthrax_elegans_189236_2621918532,
184130,2621918535,Bombyliidae_Lomatia_tysiphone_2257145_2621918535,
184141,2621919105,Bombyliidae_Bombylius_cruciatus_1568419_2621919105,
184150,2621919499,Bombyliidae_Bombylius_fimbriatus_2257155_2621919499,
184174,2621920699,Bombyliidae_Amictus_variegatus_1568434_2621920699,
184239,2621926741,Bombyliidae_Thyridanthrax_polyphemus_879357_2621926741,
184252,2621927076,Bombyliidae_Dischistus_biroi_2257200_2621927076,
184258,2621927279,Bombyliidae_Parageron_incisa_2257202_2621927279,
184264,2621927606,Bombyliidae_Exoprosopa_italica_1568464_2621927606,
184271,2621928193,Bombyliidae_Thyridanthrax_elegans_2947611_2621928193,
184350,2621935245,Bombyliidae_Bombylius_minor_189323_2621935245,
184351,2621935246,Bombyliidae_Parageron_incisa_879387_2621935246,
184413,2621944910,Bombyliidae_Villa_ixion_2947666_2621944910,
184418,2621945246,Bombyliidae_Exoprosopa_jacchus_1568524_2621945246,
184420,2621945472,Bombyliidae_Exhyalanthrax_muscarius_2257252_2621945472,
184456,2621950007,Bombyliidae_Thyridanthrax_perspicillaris_2257266_2621950007,
184535,2621957721,Bombyliidae_Amictus_variegatus_2257295_2621957721,
184541,2621957964,Bombyliidae_Usia_aenea_1568555_2621957964,
184565,2621958633,Bombyliidae_Bombylisoma_notatum_879454_2621958633,
184620,2621964257,Bombyliidae_Thyridanthrax_nebulosus_189430_2621964257,
185431,3859011648,Bombyliidae_Anastoechus_latifrons_1957369_3859011648,http://creativecommons.org/licenses/by-nc/4.0/
185452,3772508934,Bombyliidae_Bombylius_fimbriatus_1928402_3772508934,http://creativecommons.org/licenses/by-nc/4.0/
185585,3096990380,Bombyliidae_Dischistus_atlanticus_281510_3096990380,http://creativecommons.org/publicdomain/zero/1.0/
185586,3096990380,Bombyliidae_Dischistus_atlanticus_281511_3096990380,http://creativecommons.org/publicdomain/zero/1.0/
185587,3096990380,Bombyliidae_Dischistus_atlanticus_281512_3096990380,http://creativecommons.org/publicdomain/zero/1.0/
186238,3986031394,Bombyliidae_Bombylius_posticus_1348717_3986031394,http://creativecommons.org/licenses/by-nc/4.0/
186290,2294611403,Bombyliidae_Chalcochiton_pallasii_1526367_2294611403,http://creativecommons.org/licenses/by-nc/4.0/
186371,2823115610,Bombyliidae_Lomatia_lateralis_207937_2823115610,http://creativecommons.org/licenses/by-nc-nd/4.0/
186420,3963377299,Bombyliidae_Villa_hottentotta_3413378_3963377299,http://creativecommons.org/licenses/by/4.0/
186422,2633956341,Bombyliidae_Thyridanthrax_perspicillaris_886880_2633956341,http://creativecommons.org/licenses/by-nc/4.0/
187142,3113566345,Bombyliidae_Bombylius_trichurus_976090_3113566345,http://creativecommons.org/licenses/by-nc/4.0/
187143,3113566345,Bombyliidae_Bombylius_trichurus_976091_3113566345,http://creativecommons.org/licenses/by-nc/4.0/
187144,3113566345,Bombyliidae_Bombylius_trichurus_976092_3113566345,http://creativecommons.org/licenses/by-nc/4.0/
187145,3113566345,Bombyliidae_Bombylius_trichurus_976093_3113566345,http://creativecommons.org/licenses/by-nc/4.0/
187146,3113566345,Bombyliidae_Bombylius_trichurus_976094_3113566345,http://creativecommons.org/licenses/by-nc/4.0/
187147,3113566345,Bombyliidae_Bombylius_trichurus_976095_3113566345,http://creativecommons.org/licenses/by-nc/4.0/
187984,2809599999,Bombyliidae_Hemipenthes_morio_2961830_2809599999,© all rights reserved
188029,1431747946,Bombyliidae_Hemipenthes_maura_735337_1431747946,© all rights reserved
188374,3902838834,Bombyliidae_Exhyalanthrax_melanchlaenus_609749_3902838834,http://creativecommons.org/licenses/by-nc/4.0/
188793,3963614372,Bombyliidae_Exhyalanthrax_simonae_2034005_3963614372,http://creativecommons.org/licenses/by-nc/4.0/
189133,4022040526,Bombyliidae_Usia_aenea_2750310_4022040526,http://creativecommons.org/licenses/by-nc/4.0/
189300,3759599299,Bombyliidae_Bombylius_trichurus_545517_3759599299,http://creativecommons.org/licenses/by-nc/4.0/
189368,3859035106,Bombyliidae_Hemipenthes_velutina_1957477_3859035106,http://creativecommons.org/licenses/by-nc/4.0/
189438,4014848434,Bombyliidae_Defilippia_minos_3437192_4014848434,http://creativecommons.org/licenses/by/4.0/
189439,4014848434,Bombyliidae_Defilippia_minos_3437193_4014848434,http://creativecommons.org/licenses/by/4.0/
189663,3860120976,Bombyliidae_Phthiria_simonyi_1962505_3860120976,http://creativecommons.org/licenses/by-nc/4.0/
190123,3947185318,Bombyliidae_Exoprosopa_pectoralis_2027729_3947185318,http://creativecommons.org/licenses/by-nc/4.0/
190124,3947185318,Bombyliidae_Exoprosopa_pectoralis_2027730_3947185318,http://creativecommons.org/licenses/by-nc/4.0/
190321,3759220122,Bombyliidae_Triplasius_pictus_1233242_3759220122,http://creativecommons.org/licenses/by-nc-nd/4.0/
190386,3302501508,Bombyliidae_Conophorus_macroglossus_2359540_3302501508,http://creativecommons.org/licenses/by-nc/4.0/
190944,3889043502,Bombyliidae_Exoprosopa_jacchus_600759_3889043502,http://creativecommons.org/licenses/by-nc/4.0/
190945,3889043502,Bombyliidae_Exoprosopa_jacchus_600760_3889043502,http://creativecommons.org/licenses/by-nc/4.0/
191355,2332796993,Bombyliidae_Villa_modesta_2217063_2332796993,© All rights reserved
191516,2398103397,Bombyliidae_Villa_occulta_2219433_2398103397,© All rights reserved
191760,2416552864,Bombyliidae_Bombylius_minor_2913553_2416552864,© All rights reserved
191863,3457679346,Bombyliidae_Bombylius_canescens_2533140_3457679346,http://creativecommons.org/licenses/by/4.0/
191864,3457679346,Bombyliidae_Bombylius_canescens_2533141_3457679346,http://creativecommons.org/licenses/by/4.0/
191987,3430097850,Bombyliidae_Anthrax_anthrax_336415_3430097850,© all rights reserved
193032,3031830531,Bombyliidae_Exhyalanthrax_simonae_1644740_3031830531,http://creativecommons.org/licenses/by-sa/4.0/
193310,2814121920,Bombyliidae_Bombylius_fimbriatus_1583935_2814121920,http://creativecommons.org/licenses/by-nc/4.0/
193311,2814121920,Bombyliidae_Bombylius_fimbriatus_1583936_2814121920,http://creativecommons.org/licenses/by-nc/4.0/
193396,4009825863,Bombyliidae_Phthiria_simonyi_3434196_4009825863,http://creativecommons.org/licenses/by-nc/4.0/
193492,3874186391,Bombyliidae_Bombylius_minor_594413_3874186391,http://creativecommons.org/licenses/by-nc/4.0/
193565,3859026341,Bombyliidae_Anthrax_trifasciatus_2646689_3859026341,http://creativecommons.org/licenses/by-nc/4.0/
193688,3455905992,Bombyliidae_Heteralonia_aeaca_2527591_3455905992,http://creativecommons.org/licenses/by-nc/4.0/
193689,3455905992,Bombyliidae_Heteralonia_aeaca_2527592_3455905992,http://creativecommons.org/licenses/by-nc/4.0/
194023,3923732555,Bombyliidae_Petrorossia_guanchorum_2714849_3923732555,http://creativecommons.org/licenses/by-nc-nd/4.0/
194576,3873245378,Bombyliidae_Micomitra_iris_2657351_3873245378,http://creativecommons.org/licenses/by-nc/4.0/
194890,3118355015,Bombyliidae_Bombylius_discolor_287027_3118355015,http://creativecommons.org/publicdomain/zero/1.0/
195107,2626543406,Bombyliidae_Hemipenthes_morio_2258776_2626543406,http://creativecommons.org/licenses/by-nc/4.0/
195172,2294520999,Bombyliidae_Bombomyia_discoidea_837683_2294520999,http://creativecommons.org/licenses/by-nc/4.0/
195173,2294520999,Bombyliidae_Bombomyia_discoidea_837684_2294520999,http://creativecommons.org/licenses/by-nc/4.0/
195259,3325583226,Bombyliidae_Bombylius_cruciatus_3056632_3325583226,http://creativecommons.org/licenses/by-nc/4.0/
195660,3067594419,Bombyliidae_Hemipenthes_velutina_273173_3067594419,http://creativecommons.org/licenses/by-nc/4.0/
195778,3881585369,Bombyliidae_Lomatia_lateralis_2665142_3881585369,http://creativecommons.org/licenses/by/4.0/
197431,3906953252,Bombyliidae_Anthrax_anthrax_632221_3906953252,http://creativecommons.org/publicdomain/zero/1.0/
198538,2835224667,Bombyliidae_Toxophora_fasciculata_2975133_2835224667,http://creativecommons.org/licenses/by-nc-nd/4.0/
200371,3873299126,Bombyliidae_Phthiria_antiqua_2657635_3873299126,http://creativecommons.org/licenses/by-nc/4.0/
200586,3747209646,Bombyliidae_Bombylius_analis_2610341_3747209646,http://creativecommons.org/licenses/by-nc/4.0/
201173,3302335557,Bombyliidae_Bombylius_fimbriatus_1668953_3302335557,http://creativecommons.org/licenses/by-nc/4.0/
201174,3302335557,Bombyliidae_Bombylius_fimbriatus_1668954_3302335557,http://creativecommons.org/licenses/by-nc/4.0/
201175,3302335557,Bombyliidae_Bombylius_fimbriatus_1668955_3302335557,http://creativecommons.org/licenses/by-nc/4.0/
201209,3499640359,Bombyliidae_Defilippia_minos_471654_3499640359,http://creativecommons.org/licenses/by-nc/4.0/
201210,3499640359,Bombyliidae_Defilippia_minos_471655_3499640359,http://creativecommons.org/licenses/by-nc/4.0/
201370,3338051113,Bombyliidae_Satyramoeba_hetrusca_1001682_3338051113,http://creativecommons.org/licenses/by-nc/4.0/
201512,3743177558,Bombyliidae_Thyridanthrax_indigenus_1230844_3743177558,http://creativecommons.org/licenses/by-nc/4.0/
201513,3743177558,Bombyliidae_Thyridanthrax_indigenus_1230845_3743177558,http://creativecommons.org/licenses/by-nc/4.0/
201875,4009754687,Bombyliidae_Geron_hesperidum_3433753_4009754687,http://creativecommons.org/licenses/by-nc/4.0/
201876,4009754687,Bombyliidae_Geron_hesperidum_3433754_4009754687,http://creativecommons.org/licenses/by-nc/4.0/
202222,3455753124,Bombyliidae_Systoechus_ctenopterus_1148335_3455753124,http://creativecommons.org/licenses/by-nc/4.0/
202452,3760069766,Bombyliidae_Bombylius_discolor_1235858_3760069766,http://creativecommons.org/licenses/by/4.0/
202497,2273262181,Bombyliidae_Exhyalanthrax_afer_1524295_2273262181,http://creativecommons.org/licenses/by-nc/4.0/
202498,2273262181,Bombyliidae_Exhyalanthrax_afer_1524296_2273262181,http://creativecommons.org/licenses/by-nc/4.0/
202515,3079514873,Bombyliidae_Exoprosopa_rutila_276826_3079514873,http://creativecommons.org/licenses/by-nc/4.0/
202783,4009943577,Bombyliidae_Anthrax_binotatus_2054687_4009943577,http://creativecommons.org/licenses/by-nc/4.0/
204248,1837592703,Bombyliidae_Systoechus_ctenopterus_1451459_1837592703,© all rights reserved
204396,3857826911,Bombyliidae_Thyridanthrax_fenestratus_572718_3857826911,© all rights reserved
205439,3469464340,Bombyliidae_Villa_hottentotta_2537260_3469464340,© All rights reserved
208716,3759877142,Bombyliidae_Bombylius_major_1235223_3759877142,http://creativecommons.org/licenses/by-nc/4.0/
209045,3079514594,Bombyliidae_Bombomyia_stictica_276823_3079514594,http://creativecommons.org/publicdomain/zero/1.0/
209046,3079514594,Bombyliidae_Bombomyia_stictica_276824_3079514594,http://creativecommons.org/publicdomain/zero/1.0/
209838,1846936704,Bombyliidae_Bombylius_major_2834137_1846936704,
211408,2273651639,Bombyliidae_Anthrax_trifasciatus_1524669_2273651639,© all rights reserved
211898,997922853,Bombyliidae_Villa_panisca_2758685_997922853,© all rights reserved
212049,3447812972,Bombyliidae_Micomitra_stupida_454487_3447812972,http://creativecommons.org/licenses/by-sa/4.0/
212080,3447913320,Bombyliidae_Villa_occulta_3212671_3447913320,http://creativecommons.org/licenses/by-sa/4.0/
212084,3447944029,Bombyliidae_Micomitra_stupida_3212713_3447944029,http://creativecommons.org/licenses/by-sa/4.0/
214741,3717037724,Bombyliidae_Phthiria_pulicaria_480336_3717037724,http://creativecommons.org/licenses/by-nc/4.0/
215266,3720621190,Bombyliidae_Bombylius_venosus_491837_3720621190,http://creativecommons.org/licenses/by-nc-nd/4.0/
221489,3988598448,Bombyliidae_Lomatia_lateralis_2729643_3988598448,http://creativecommons.org/licenses/by-nc/4.0/
221586,2283209763,Bombyliidae_Bombylius_cruciatus_836993_2283209763,http://creativecommons.org/licenses/by-nc/4.0/
221587,2283209763,Bombyliidae_Bombylius_cruciatus_836994_2283209763,http://creativecommons.org/licenses/by-nc/4.0/
221978,3747242401,Bombyliidae_Villa_nigriceps_3301132_3747242401,http://creativecommons.org/licenses/by-nc/4.0/
221989,3302117585,Bombyliidae_Bombylella_atra_979779_3302117585,http://creativecommons.org/licenses/by/4.0/
222130,3759987834,Bombyliidae_Bombylius_discolor_1235610_3759987834,http://creativecommons.org/licenses/by-nc/4.0/
222935,3860432631,Bombyliidae_Exhyalanthrax_simonae_1274844_3860432631,http://creativecommons.org/licenses/by-nc/4.0/
222950,3302495323,Bombyliidae_Bombylius_cruciatus_291248_3302495323,http://creativecommons.org/licenses/by-nc/4.0/
223296,1459338583,Bombyliidae_Systoechus_ctenopterus_1426877_1459338583,© all rights reserved
223461,1459623680,Bombyliidae_Hemipenthes_morio_1427214_1459623680,© all rights reserved
223492,2295193604,Bombyliidae_Villa_longicornis_2215709_2295193604,© all rights reserved
223493,2295193604,Bombyliidae_Villa_longicornis_2215710_2295193604,© all rights reserved
223500,2809375306,Bombyliidae_Hemipenthes_maura_2271442_2809375306,© all rights reserved
223698,3434227782,Bombyliidae_Hemipenthes_maura_1717279_3434227782,© all rights reserved
223704,1123770522,Bombyliidae_Villa_cingulata_1386794_1123770522,© all rights reserved
226055,2838872382,Bombyliidae_Bombylius_posticus_1601541_2838872382,http://creativecommons.org/licenses/by-nc-nd/4.0/
226144,3904583675,Bombyliidae_Exoprosopa_capucina_3376259_3904583675,http://creativecommons.org/licenses/by-nc-nd/4.0/
228128,2837564282,Bombyliidae_Anthrax_anthrax_2288207_2837564282,http://creativecommons.org/licenses/by-nc/4.0/
229120,1969226225,Bombyliidae_Villa_modesta_2180565_1969226225,http://creativecommons.org/licenses/by-nc-nd/4.0/
230039,1952922445,Bombyliidae_Exoprosopa_capucina_89157_1952922445,http://creativecommons.org/licenses/by/4.0/
231103,2332834682,Bombyliidae_Hemipenthes_maura_839517_2332834682,© All rights reserved
231953,3825372646,Bombyliidae_Exoprosopa_pectoralis_2633624_3825372646,http://creativecommons.org/licenses/by-nc-nd/4.0/
234140,3826705642,Bombyliidae_Bombylius_major_569159_3826705642,http://creativecommons.org/licenses/by/4.0/
237614,1955912283,Bombyliidae_Bombylius_venosus_784829_1955912283,http://creativecommons.org/licenses/by-nc/4.0/
238290,3720034412,Bombyliidae_Bombylius_discolor_489782_3720034412,http://creativecommons.org/licenses/by-nc-nd/4.0/
238536,3904884956,Bombyliidae_Anthrax_anthrax_620153_3904884956,http://creativecommons.org/licenses/by-nc-nd/4.0/
242684,2833576031,Bombyliidae_Bombylius_discolor_212167_2833576031,http://creativecommons.org/licenses/by/4.0/
243547,3903889875,Bombyliidae_Anthrax_anthrax_3371650_3903889875,http://creativecommons.org/licenses/by-nc-nd/4.0/
243604,3726235848,Bombyliidae_Exoprosopa_capucina_1201715_3726235848,http://creativecommons.org/licenses/by/4.0/
243647,3996768422,Bombyliidae_Hemipenthes_maura_2048536_3996768422,http://creativecommons.org/licenses/by-nc/4.0/
244116,3732461113,Bombyliidae_Bombomyia_discoidea_1227563_3732461113,http://creativecommons.org/licenses/by-nc-nd/4.0/
244647,3906418319,Bombyliidae_Exoprosopa_pandora_629175_3906418319,http://creativecommons.org/licenses/by-nc-nd/4.0/
247058,3996133346,Bombyliidae_Exoprosopa_pandora_2736280_3996133346,http://creativecommons.org/licenses/by-nc-nd/4.0/
247595,1955717784,Bombyliidae_Bombylius_venosus_93677_1955717784,http://creativecommons.org/licenses/by-nc-nd/4.0/
249027,3730464459,Bombyliidae_Bombylius_posticus_2595321_3730464459,http://creativecommons.org/licenses/by/4.0/
249028,3730464459,Bombyliidae_Bombylius_posticus_2595322_3730464459,http://creativecommons.org/licenses/by/4.0/
250014,3996267462,Bombyliidae_Exhyalanthrax_muscarius_669458_3996267462,http://creativecommons.org/licenses/by-nc-nd/4.0/
250015,3996267462,Bombyliidae_Exhyalanthrax_muscarius_669459_3996267462,http://creativecommons.org/licenses/by-nc-nd/4.0/
250490,3724876404,Bombyliidae_Villa_fasciata_1197841_3724876404,http://creativecommons.org/licenses/by-nc/4.0/
250491,3724876404,Bombyliidae_Villa_fasciata_1197842_3724876404,http://creativecommons.org/licenses/by-nc/4.0/
252527,2834147607,Bombyliidae_Bombylius_major_2972524_2834147607,http://creativecommons.org/licenses/by-nc-nd/4.0/
253782,3448580434,Bombyliidae_Anthrax_varius_1144227_3448580434,http://creativecommons.org/licenses/by-sa/4.0/
253885,1670306742,Bombyliidae_Villa_hottentotta_744279_1670306742,© all rights reserved
254027,2847421394,Bombyliidae_Thyridanthrax_fenestratus_2993888_2847421394,© all rights reserved
254263,3888794758,Bombyliidae_Exoprosopa_rivularis_599612_3888794758,http://creativecommons.org/licenses/by-nc/4.0/
254264,3888794758,Bombyliidae_Exoprosopa_rivularis_599613_3888794758,http://creativecommons.org/licenses/by-nc/4.0/
254372,3859921657,Bombyliidae_Hemipenthes_morio_1961603_3859921657,http://creativecommons.org/licenses/by-nc/4.0/
254878,3079874458,Bombyliidae_Bombylius_analis_2346405_3079874458,http://creativecommons.org/licenses/by-nc/4.0/
254965,3859561990,Bombyliidae_Geron_hesperidum_1959924_3859561990,http://creativecommons.org/licenses/by-nc/4.0/
254966,3039194692,Bombyliidae_Parageron_incisa_1646642_3039194692,http://creativecommons.org/licenses/by-nc-nd/4.0/
255126,3858242970,Bombyliidae_Bombylius_fimbriatus_575442_3858242970,http://creativecommons.org/licenses/by-nc/4.0/
255328,1986496325,Bombyliidae_Bombomyia_discoidea_1505107_1986496325,http://creativecommons.org/licenses/by-nc/4.0/
255330,1986496325,Bombyliidae_Bombomyia_discoidea_1505109_1986496325,http://creativecommons.org/licenses/by-nc/4.0/
256042,2234788808,Bombyliidae_Triplasius_pictus_824805_2234788808,http://creativecommons.org/licenses/by-nc/4.0/
256936,3385091389,Bombyliidae_Petrorossia_hespera_2392779_3385091389,http://creativecommons.org/licenses/by-nc/4.0/
257378,2860102273,Bombyliidae_Hemipenthes_morio_1620935_2860102273,http://creativecommons.org/licenses/by-nc/4.0/
257515,3333504504,Bombyliidae_Anthrax_virgo_3064498_3333504504,http://creativecommons.org/licenses/by-nc/4.0/
257627,3705774789,Bombyliidae_Lomatia_lateralis_2542480_3705774789,http://creativecommons.org/licenses/by-nc/4.0/
257628,3705774789,Bombyliidae_Lomatia_lateralis_2542481_3705774789,http://creativecommons.org/licenses/by-nc/4.0/
257629,3705774789,Bombyliidae_Lomatia_lateralis_2542482_3705774789,http://creativecommons.org/licenses/by-nc/4.0/
257731,2429234067,Bombyliidae_Bombylius_ambustus_2225616_2429234067,http://creativecommons.org/licenses/by-nc/4.0/
257732,2429234067,Bombyliidae_Bombylius_ambustus_2225617_2429234067,http://creativecommons.org/licenses/by-nc/4.0/
257733,2429234067,Bombyliidae_Bombylius_ambustus_2225618_2429234067,http://creativecommons.org/licenses/by-nc/4.0/
257887,3698181348,Bombyliidae_Bombylius_major_472268_3698181348,http://creativecommons.org/licenses/by-nc/4.0/
258258,3966581747,Bombyliidae_Exoprosopa_grandis_1346039_3966581747,http://creativecommons.org/licenses/by-nc/4.0/
258259,3966581747,Bombyliidae_Exoprosopa_grandis_1346040_3966581747,http://creativecommons.org/licenses/by-nc/4.0/
258326,2529275029,Bombyliidae_Satyramoeba_hetrusca_856386_2529275029,http://creativecommons.org/licenses/by-nc/4.0/
258327,2529275029,Bombyliidae_Satyramoeba_hetrusca_856387_2529275029,http://creativecommons.org/licenses/by-nc/4.0/
258399,1841281975,Bombyliidae_Parageron_grata_2141094_1841281975,http://creativecommons.org/licenses/by-nc/4.0/
258795,3335397389,Bombyliidae_Villa_brunnea_3066177_3335397389,http://creativecommons.org/licenses/by-nc-nd/4.0/
258836,3705817694,Bombyliidae_Parageron_incisa_1163649_3705817694,http://creativecommons.org/licenses/by-nc/4.0/
258837,3705817694,Bombyliidae_Parageron_incisa_1163650_3705817694,http://creativecommons.org/licenses/by-nc/4.0/
259644,3915509376,Bombyliidae_Petrorossia_guanchorum_2707880_3915509376,http://creativecommons.org/licenses/by-nc/4.0/
260125,1838364868,Bombyliidae_Bombomyia_discoidea_1451795_1838364868,http://creativecommons.org/licenses/by-nc/4.0/
260522,3031952751,Bombyliidae_Cytherea_obscura_957134_3031952751,http://creativecommons.org/licenses/by-nc/4.0/
260962,3858664837,Bombyliidae_Hemipenthes_morio_577512_3858664837,http://creativecommons.org/licenses/by-nc/4.0/
261111,3759410177,Bombyliidae_Bombylius_major_1923358_3759410177,http://creativecommons.org/licenses/by-nc/4.0/
261277,4022241374,Bombyliidae_Parageron_grata_2061003_4022241374,http://creativecommons.org/licenses/by-nc/4.0/
261514,3335138418,Bombyliidae_Villa_ixion_306464_3335138418,http://creativecommons.org/licenses/by-nc/4.0/
261515,3335138418,Bombyliidae_Villa_ixion_306465_3335138418,http://creativecommons.org/licenses/by-nc/4.0/
261555,2814462561,Bombyliidae_Toxophora_fasciculata_895960_2814462561,http://creativecommons.org/licenses/by-nc/4.0/
262715,4015160529,Bombyliidae_Villa_ixion_3437979_4015160529,http://creativecommons.org/licenses/by-nc/4.0/
262716,4015160529,Bombyliidae_Villa_ixion_3437980_4015160529,http://creativecommons.org/licenses/by-nc/4.0/
263066,3856580983,Bombyliidae_Thyridanthrax_fenestratus_571930_3856580983,© all rights reserved
263704,3857349537,Bombyliidae_Anthrax_varius_3330936_3857349537,© all rights reserved
263848,3433024695,Bombyliidae_Anthrax_varius_1716572_3433024695,© all rights reserved
264099,1135026920,Bombyliidae_Villa_occulta_2765948_1135026920,© all rights reserved
264102,1670465410,Bombyliidae_Thyridanthrax_fenestratus_2811707_1670465410,© all rights reserved
264323,2247032719,Bombyliidae_Villa_panisca_827933_2247032719,© all rights reserved
264507,2808001016,Bombyliidae_Anthrax_varius_892952_2808001016,© all rights reserved
264508,2808001016,Bombyliidae_Anthrax_varius_892953_2808001016,© all rights reserved
264800,931947864,Bombyliidae_Hemipenthes_morio_2067541_931947864,© all rights reserved
266003,1460553524,Bombyliidae_Bombylius_major_740483_1460553524,© all rights reserved
266211,3880488804,Bombyliidae_Anthrax_trifasciatus_2662667_3880488804,
266379,3919382599,Bombyliidae_Bombylius_medius_2022704_3919382599,© all rights reserved
266581,2273062757,Bombyliidae_Anthrax_varius_2903646_2273062757,© all rights reserved
266962,3429617747,Bombyliidae_Bombylius_medius_2403923_3429617747,© all rights reserved
267336,3430290165,Bombyliidae_Anthrax_varius_3094563_3430290165,© all rights reserved
267517,3993220174,Bombyliidae_Lomatia_lateralis_3420531_3993220174,© all rights reserved
267629,2980227447,Bombyliidae_Villa_longicornis_1633732_2980227447,© all rights reserved
267661,1050206901,Bombyliidae_Villa_cingulata_695387_1050206901,© all rights reserved
267751,1431996438,Bombyliidae_Anthrax_varius_2113682_1431996438,© all rights reserved
267757,1884639991,Bombyliidae_Bombylius_minor_772743_1884639991,© all rights reserved
267819,2808872288,Bombyliidae_Bombylius_medius_2271183_2808872288,© all rights reserved
268557,2847468570,Bombyliidae_Bombylius_minor_925670_2847468570,© all rights reserved
268773,2302885405,Bombyliidae_Villa_modesta_2906301_2302885405,© all rights reserved
268897,1459967677,Bombyliidae_Villa_panisca_2806999_1459967677,© all rights reserved
268923,3433071934,Bombyliidae_Bombylius_minor_337891_3433071934,© all rights reserved
268972,1461178386,Bombyliidae_Bombylius_medius_740687_1461178386,© all rights reserved
269208,1432058769,Bombyliidae_Villa_cingulata_44515_1432058769,© all rights reserved
269323,3430784275,Bombyliidae_Hemipenthes_maura_3094827_3430784275,© all rights reserved
269437,3431756171,Bombyliidae_Anthrax_varius_3095358_3431756171,© all rights reserved
269547,3430147089,Bombyliidae_Bombylius_minor_336438_3430147089,© all rights reserved
269797,3879786579,Bombyliidae_Thyridanthrax_fenestratus_2662256_3879786579,© all rights reserved
270105,3434460106,Bombyliidae_Bombylius_medius_1028386_3434460106,© all rights reserved
270183,3964630671,Bombyliidae_Lomatia_lateralis_2724537_3964630671,© all rights reserved
270674,1460300028,Bombyliidae_Villa_panisca_48827_1460300028,© all rights reserved
270675,1460300028,Bombyliidae_Villa_panisca_48828_1460300028,© all rights reserved
270720,2809491843,Bombyliidae_Bombylius_minor_2271494_2809491843,© all rights reserved
271166,3431633483,Bombyliidae_Bombylius_medius_3095296_3431633483,© all rights reserved
271948,2336818146,Bombyliidae_Villa_occulta_2907872_2336818146,© all rights reserved
272310,2447427792,Bombyliidae_Villa_hottentotta_1541741_2447427792,© all rights reserved
272650,1670471101,Bombyliidae_Villa_occulta_2122164_1670471101,© all rights reserved
273216,1431511701,Bombyliidae_Bombylius_medius_2802760_1431511701,© all rights reserved
273453,2273637137,Bombyliidae_Villa_modesta_2904143_2273637137,© all rights reserved
273567,1459766260,Bombyliidae_Villa_longicornis_2806533_1459766260,© all rights reserved
273568,1459766260,Bombyliidae_Villa_longicornis_2806534_1459766260,© all rights reserved
273629,3856643157,Bombyliidae_Bombylius_medius_2639667_3856643157,© all rights reserved
273630,3856643157,Bombyliidae_Bombylius_medius_2639668_3856643157,© all rights reserved
273916,2246919125,Bombyliidae_Villa_longicornis_137370_2246919125,© all rights reserved
273917,2246919125,Bombyliidae_Villa_longicornis_137371_2246919125,© all rights reserved
274050,3857169985,Bombyliidae_Bombylius_medius_1261373_3857169985,© all rights reserved
274168,2285796794,Bombyliidae_Villa_modesta_146756_2285796794,© all rights reserved
274511,3880394054,Bombyliidae_Villa_hottentotta_1284083_3880394054,© all rights reserved
274711,1670415420,Bombyliidae_Lomatia_lateralis_53199_1670415420,© all rights reserved
274714,3078716471,Bombyliidae_Bombylius_medius_1655339_3078716471,© all rights reserved
274776,2272742379,Bombyliidae_Bombylius_medius_2212949_2272742379,© all rights reserved
274834,3856963142,Bombyliidae_Villa_panisca_1950345_3856963142,© all rights reserved
274984,1458925699,Bombyliidae_Anthrax_varius_2805386_1458925699,© all rights reserved
274992,1459935523,Bombyliidae_Thyridanthrax_fenestratus_2806923_1459935523,© all rights reserved
275343,2464416584,Bombyliidae_Villa_occulta_854493_2464416584,© all rights reserved
275844,1884092175,Bombyliidae_Hemipenthes_maura_772408_1884092175,© all rights reserved
276057,932061825,Bombyliidae_Anthrax_varius_2067571_932061825,© all rights reserved
276180,1460452846,Bombyliidae_Villa_longicornis_740359_1460452846,© all rights reserved
276895,3716483602,Bombyliidae_Anthrax_anthrax_1856821_3716483602,http://creativecommons.org/licenses/by-nc-nd/4.0/
277151,1958598676,Bombyliidae_Exoprosopa_capucina_1477141_1958598676,http://creativecommons.org/licenses/by-nc-nd/4.0/
279426,2835277904,Bombyliidae_Bombylius_discolor_906883_2835277904,http://creativecommons.org/licenses/by-nc-nd/4.0/
280148,3726256246,Bombyliidae_Villa_longicornis_1201794_3726256246,http://creativecommons.org/licenses/by-nc-nd/4.0/
281981,3717101032,Bombyliidae_Phthiria_pulicaria_3239200_3717101032,http://creativecommons.org/licenses/by-nc-nd/4.0/
282463,3717639366,Bombyliidae_Villa_modesta_483465_3717639366,http://creativecommons.org/licenses/by-nc/4.0/
283841,1966229279,Bombyliidae_Exoprosopa_capucina_108387_1966229279,http://creativecommons.org/licenses/by-nc-nd/4.0/
284103,3722524214,Bombyliidae_Villa_modesta_2572162_3722524214,http://creativecommons.org/licenses/by-nc/4.0/
285661,1459683949,Bombyliidae_Villa_hottentotta_738816_1459683949,© all rights reserved
285675,2272353327,Bombyliidae_Bombylius_medius_2903240_2272353327,© all rights reserved
286095,3466254636,Bombyliidae_Hemipenthes_villeneuvei_2535322_3466254636,http://creativecommons.org/licenses/by-nc/4.0/
286557,3893744698,Bombyliidae_Villa_panisca_1292993_3893744698,© all rights reserved
286683,2285780506,Bombyliidae_Villa_panisca_2905168_2285780506,© all rights reserved
286684,2285780506,Bombyliidae_Villa_panisca_2905169_2285780506,© all rights reserved
286685,2285780506,Bombyliidae_Villa_panisca_2905170_2285780506,© all rights reserved
286752,2847743648,Bombyliidae_Anthrax_varius_2303627_2847743648,© all rights reserved
286753,2847743648,Bombyliidae_Anthrax_varius_2303628_2847743648,© all rights reserved
287199,3889293595,Bombyliidae_Exhyalanthrax_afer_3360137_3889293595,http://creativecommons.org/licenses/by-nc/4.0/
287639,3881401118,Bombyliidae_Bombylius_fimbriatus_1974900_3881401118,http://creativecommons.org/licenses/by-nc/4.0/
288004,3337994520,Bombyliidae_Satyramoeba_hetrusca_2379578_3337994520,http://creativecommons.org/licenses/by-nc/4.0/
288067,3858459905,Bombyliidae_Geron_hesperidum_2644033_3858459905,http://creativecommons.org/licenses/by-nc/4.0/
288500,3963532787,Bombyliidae_Anthrax_varius_3413891_3963532787,http://creativecommons.org/licenses/by-nc/4.0/
288504,3963532787,Bombyliidae_Anthrax_varius_3413895_3963532787,http://creativecommons.org/licenses/by-nc/4.0/
288575,3302327403,Bombyliidae_Bombylius_cruciatus_2358941_3302327403,http://creativecommons.org/licenses/by/4.0/
288576,3302327403,Bombyliidae_Bombylius_cruciatus_2358942_3302327403,http://creativecommons.org/licenses/by/4.0/
288719,3860653462,Bombyliidae_Villa_nigrifrons_2654259_3860653462,http://creativecommons.org/licenses/by-nc/4.0/
289167,2294571750,Bombyliidae_Satyramoeba_hetrusca_1526271_2294571750,http://creativecommons.org/licenses/by-nc/4.0/
289168,2294571750,Bombyliidae_Satyramoeba_hetrusca_1526272_2294571750,http://creativecommons.org/licenses/by-nc/4.0/
289281,3058991519,Bombyliidae_Defilippia_minos_961943_3058991519,http://creativecommons.org/licenses/by-nc/4.0/
289877,2265777493,Bombyliidae_Bombylius_fimbriatus_834373_2265777493,http://creativecommons.org/licenses/by-nc/4.0/
290341,3985655312,Bombyliidae_Lomatia_grajugena_2036277_3985655312,http://creativecommons.org/licenses/by-nc/4.0/
291458,1959622677,Bombyliidae_Villa_modesta_1478585_1959622677,http://creativecommons.org/licenses/by-nc-nd/4.0/
291459,1959622677,Bombyliidae_Villa_modesta_1478586_1959622677,http://creativecommons.org/licenses/by-nc-nd/4.0/
292312,3907389991,Bombyliidae_Exhyalanthrax_afer_3392473_3907389991,http://creativecommons.org/licenses/by-nc-nd/4.0/
292803,3726707041,Bombyliidae_Villa_hottentotta_514675_3726707041,http://creativecommons.org/licenses/by-nd/4.0/
295523,2840192348,Bombyliidae_Satyramoeba_hetrusca_1602628_2840192348,http://creativecommons.org/licenses/by-nc-nd/4.0/
295634,3717020988,Bombyliidae_Villa_hottentotta_3238764_3717020988,http://creativecommons.org/licenses/by-nc-nd/4.0/
296545,3730975862,Bombyliidae_Bombylius_venosus_530729_3730975862,http://creativecommons.org/licenses/by-nc-sa/4.0/
297136,3725372785,Bombyliidae_Bombomyia_discoidea_1887772_3725372785,http://creativecommons.org/licenses/by-nc-nd/4.0/
299015,3049275068,Bombyliidae_Villa_panisca_960756_3049275068,© all rights reserved
299188,3902582850,Bombyliidae_Villa_nigrifrons_3366319_3902582850,http://creativecommons.org/licenses/by-nc/4.0/
299227,2814420808,Bombyliidae_Anthrax_virgo_2964099_2814420808,http://creativecommons.org/licenses/by-nc/4.0/
299421,3321074517,Bombyliidae_Cytherea_obscura_3054890_3321074517,http://creativecommons.org/licenses/by-nc/4.0/
299422,3321074517,Bombyliidae_Cytherea_obscura_3054891_3321074517,http://creativecommons.org/licenses/by-nc/4.0/
303911,3825530265,Bombyliidae_Exoprosopa_pandora_1255652_3825530265,http://creativecommons.org/licenses/by-nc/4.0/
303912,3825530265,Bombyliidae_Exoprosopa_pandora_1255653_3825530265,http://creativecommons.org/licenses/by-nc/4.0/
305986,2840077757,Bombyliidae_Satyramoeba_hetrusca_913888_2840077757,http://creativecommons.org/licenses/by/4.0/
306246,3823047646,Bombyliidae_Hemipenthes_morio_2628236_3823047646,http://creativecommons.org/licenses/by-nc/4.0/
306519,3904139917,Bombyliidae_Phthiria_pulicaria_615442_3904139917,http://creativecommons.org/licenses/by-nc-nd/4.0/
306968,3727006637,Bombyliidae_Phthiria_pulicaria_1205056_3727006637,http://creativecommons.org/licenses/by-nc/4.0/
307056,3717039755,Bombyliidae_Exhyalanthrax_afer_1169713_3717039755,http://creativecommons.org/licenses/by/4.0/
309101,3963632320,Bombyliidae_Canariellum_brunnipenne_656297_3963632320,http://creativecommons.org/licenses/by-nc/4.0/
309367,2409303219,Bombyliidae_Hemipenthes_maura_154189_2409303219,© All rights reserved
309863,1460160264,Bombyliidae_Villa_cingulata_739737_1460160264,© all rights reserved
312374,4022007308,Bombyliidae_Usia_aenea_3440272_4022007308,http://creativecommons.org/licenses/by-nc/4.0/
313508,3124857494,Bombyliidae_Bombomyia_stictica_1666786_3124857494,http://creativecommons.org/licenses/by-nc/4.0/
313923,3860245533,Bombyliidae_Lomatia_lateralis_3343366_3860245533,http://creativecommons.org/licenses/by-nc/4.0/
313925,3860245533,Bombyliidae_Lomatia_lateralis_3343368_3860245533,http://creativecommons.org/licenses/by-nc/4.0/
316209,3864357398,Bombyliidae_Bombylius_minor_587709_3864357398,© All rights reserved
316530,4015001681,Bombyliidae_Bombomyia_discoidea_2057434_4015001681,http://creativecommons.org/licenses/by-nc/4.0/
316531,4015001681,Bombyliidae_Bombomyia_discoidea_2057435_4015001681,http://creativecommons.org/licenses/by-nc/4.0/
317087,3325537311,Bombyliidae_Cytherea_obscura_2366048_3325537311,http://creativecommons.org/licenses/by-nc/4.0/
317483,3384124637,Bombyliidae_Villa_brunnea_320131_3384124637,http://creativecommons.org/licenses/by-nc/4.0/
317484,3384124637,Bombyliidae_Villa_brunnea_320132_3384124637,http://creativecommons.org/licenses/by-nc/4.0/
317485,3384124637,Bombyliidae_Villa_brunnea_320133_3384124637,http://creativecommons.org/licenses/by-nc/4.0/
317623,3858788098,Bombyliidae_Thyridanthrax_fenestratus_1267255_3858788098,http://creativecommons.org/licenses/by-nc/4.0/
317730,3333384903,Bombyliidae_Hemipenthes_velutina_2373772_3333384903,http://creativecommons.org/licenses/by-nc/4.0/
317731,3333384903,Bombyliidae_Hemipenthes_velutina_2373773_3333384903,http://creativecommons.org/licenses/by-nc/4.0/
317854,3747101565,Bombyliidae_Bombylius_analis_3300828_3747101565,http://creativecommons.org/licenses/by-nc/4.0/
317855,3747101565,Bombyliidae_Bombylius_analis_3300829_3747101565,http://creativecommons.org/licenses/by-nc/4.0/
318493,4014897525,Bombyliidae_Villa_ixion_3437407_4014897525,http://creativecommons.org/licenses/by-nc/4.0/
318494,4014897525,Bombyliidae_Villa_ixion_3437408_4014897525,http://creativecommons.org/licenses/by-nc/4.0/
318602,3384218607,Bombyliidae_Bombylius_minor_1010329_3384218607,http://creativecommons.org/licenses/by-nc/4.0/
318794,3760236832,Bombyliidae_Anastoechus_latifrons_1236269_3760236832,http://creativecommons.org/licenses/by-nc/4.0/
319012,1955190715,Bombyliidae_Villa_modesta_2850449_1955190715,http://creativecommons.org/licenses/by-nc-sa/4.0/
322460,3717757094,Bombyliidae_Villa_hottentotta_3242629_3717757094,http://creativecommons.org/licenses/by-nc-nd/4.0/
323200,3730268558,Bombyliidae_Anthrax_anthrax_526821_3730268558,http://creativecommons.org/licenses/by-nc-nd/4.0/
323653,3726868344,Bombyliidae_Villa_hottentotta_3273712_3726868344,http://creativecommons.org/licenses/by/4.0/
323945,1951690031,Bombyliidae_Phthiria_pulicaria_1466478_1951690031,http://creativecommons.org/licenses/by-nc/4.0/
323990,3725912315,Bombyliidae_Villa_longicornis_1200235_3725912315,http://creativecommons.org/licenses/by-nc/4.0/
323991,3725912315,Bombyliidae_Villa_longicornis_1200236_3725912315,http://creativecommons.org/licenses/by-nc/4.0/
323992,3725912315,Bombyliidae_Villa_longicornis_1200237_3725912315,http://creativecommons.org/licenses/by-nc/4.0/
324356,3825705534,Bombyliidae_Bombylius_major_3325308_3825705534,http://creativecommons.org/licenses/by-nc-nd/4.0/
325420,2272706679,Bombyliidae_Bombylius_medius_835485_2272706679,© all rights reserved
325478,2246994856,Bombyliidae_Villa_longicornis_2895682_2246994856,© all rights reserved
325708,3905695849,Bombyliidae_Hemipenthes_velutina_2002628_3905695849,http://creativecommons.org/licenses/by-nc-nd/4.0/
327274,3724468423,Bombyliidae_Bombylius_cruciatus_3266742_3724468423,http://creativecommons.org/licenses/by-nc-nd/4.0/
329197,3728541697,Bombyliidae_Bombylius_major_1899427_3728541697,http://creativecommons.org/licenses/by-nc-nd/4.0/
329769,2845098774,Bombyliidae_Hemipenthes_velutina_2992770_2845098774,http://creativecommons.org/licenses/by-nc-nd/4.0/
330902,3878925409,Bombyliidae_Villa_occulta_1972800_3878925409,© All rights reserved
331987,1019552069,Bombyliidae_Defilippia_minos_694463_1019552069,http://creativecommons.org/licenses/by-nc-nd/4.0/
331988,1019552069,Bombyliidae_Defilippia_minos_694464_1019552069,http://creativecommons.org/licenses/by-nc-nd/4.0/
331990,1019552076,Bombyliidae_Defilippia_minos_2761903_1019552076,http://creativecommons.org/licenses/by-nc-nd/4.0/
331995,1019552119,Bombyliidae_Defilippia_minos_1383015_1019552119,http://creativecommons.org/licenses/by-nc-nd/4.0/
331996,1019552119,Bombyliidae_Defilippia_minos_1383016_1019552119,http://creativecommons.org/licenses/by-nc-nd/4.0/
331997,1019552119,Bombyliidae_Defilippia_minos_1383017_1019552119,http://creativecommons.org/licenses/by-nc-nd/4.0/
331999,1019552102,Bombyliidae_Exoprosopa_italica_2761917_1019552102,http://creativecommons.org/licenses/by-nc-nd/4.0/
332000,1019552102,Bombyliidae_Exoprosopa_italica_2761918_1019552102,http://creativecommons.org/licenses/by-nc-nd/4.0/
332001,1019552102,Bombyliidae_Exoprosopa_italica_2761919_1019552102,http://creativecommons.org/licenses/by-nc-nd/4.0/
332002,1019552102,Bombyliidae_Exoprosopa_italica_2761920_1019552102,http://creativecommons.org/licenses/by-nc-nd/4.0/
332003,1019552089,Bombyliidae_Exoprosopa_jacchus_2072342_1019552089,http://creativecommons.org/licenses/by-nc-nd/4.0/
332006,1019552087,Bombyliidae_Exoprosopa_jacchus_694477_1019552087,http://creativecommons.org/licenses/by-nc-nd/4.0/
332008,1019552087,Bombyliidae_Exoprosopa_jacchus_694479_1019552087,http://creativecommons.org/licenses/by-nc-nd/4.0/
332009,1019552105,Bombyliidae_Villa_leucostoma_1383007_1019552105,http://creativecommons.org/licenses/by-nc-nd/4.0/
332010,1019552105,Bombyliidae_Villa_leucostoma_1383008_1019552105,http://creativecommons.org/licenses/by-nc-nd/4.0/
332011,1019552105,Bombyliidae_Villa_leucostoma_1383009_1019552105,http://creativecommons.org/licenses/by-nc-nd/4.0/
332012,1019552105,Bombyliidae_Villa_leucostoma_1383010_1019552105,http://creativecommons.org/licenses/by-nc-nd/4.0/
332015,1019552073,Bombyliidae_Defilippia_minos_694465_1019552073,http://creativecommons.org/licenses/by-nc-nd/4.0/
332016,1019552073,Bombyliidae_Defilippia_minos_694466_1019552073,http://creativecommons.org/licenses/by-nc-nd/4.0/
332017,1019552073,Bombyliidae_Defilippia_minos_694467_1019552073,http://creativecommons.org/licenses/by-nc-nd/4.0/
332018,1019552073,Bombyliidae_Defilippia_minos_694468_1019552073,http://creativecommons.org/licenses/by-nc-nd/4.0/
332019,1019552081,Bombyliidae_Thyridanthrax_elegans_3133_1019552081,http://creativecommons.org/licenses/by-nc-nd/4.0/
332020,1019552081,Bombyliidae_Thyridanthrax_elegans_3134_1019552081,http://creativecommons.org/licenses/by-nc-nd/4.0/
332021,1019552081,Bombyliidae_Thyridanthrax_elegans_3135_1019552081,http://creativecommons.org/licenses/by-nc-nd/4.0/
332022,1019552045,Bombyliidae_Villa_distincta_3109_1019552045,http://creativecommons.org/licenses/by-nc-nd/4.0/
332023,1019552045,Bombyliidae_Villa_distincta_3110_1019552045,http://creativecommons.org/licenses/by-nc-nd/4.0/
332024,1019552045,Bombyliidae_Villa_distincta_3111_1019552045,http://creativecommons.org/licenses/by-nc-nd/4.0/
332025,1019552045,Bombyliidae_Villa_distincta_3112_1019552045,http://creativecommons.org/licenses/by-nc-nd/4.0/
332026,1019552045,Bombyliidae_Villa_distincta_3113_1019552045,http://creativecommons.org/licenses/by-nc-nd/4.0/
332027,1019552109,Bombyliidae_Satyramoeba_hetrusca_694490_1019552109,http://creativecommons.org/licenses/by-nc-nd/4.0/
332031,1019552067,Bombyliidae_Thyridanthrax_elegans_2761894_1019552067,http://creativecommons.org/licenses/by-nc-nd/4.0/
332032,1019552067,Bombyliidae_Thyridanthrax_elegans_2761895_1019552067,http://creativecommons.org/licenses/by-nc-nd/4.0/
332033,1019552067,Bombyliidae_Thyridanthrax_elegans_2761896_1019552067,http://creativecommons.org/licenses/by-nc-nd/4.0/
332079,1019552120,Bombyliidae_Bombylius_fimbriatus_2761932_1019552120,http://creativecommons.org/licenses/by-nc-nd/4.0/
332080,1019552120,Bombyliidae_Bombylius_fimbriatus_2761933_1019552120,http://creativecommons.org/licenses/by-nc-nd/4.0/
332112,1019552126,Bombyliidae_Dischistus_senex_3159_1019552126,http://creativecommons.org/licenses/by-nc-nd/4.0/
332113,1019552126,Bombyliidae_Dischistus_senex_3160_1019552126,http://creativecommons.org/licenses/by-nc-nd/4.0/
332114,1019552126,Bombyliidae_Dischistus_senex_3161_1019552126,http://creativecommons.org/licenses/by-nc-nd/4.0/
332115,1019552126,Bombyliidae_Dischistus_senex_3162_1019552126,http://creativecommons.org/licenses/by-nc-nd/4.0/
332122,1019552148,Bombyliidae_Bombylius_cinereus_2761945_1019552148,http://creativecommons.org/licenses/by-nc-nd/4.0/
332123,1019552148,Bombyliidae_Bombylius_cinereus_2761946_1019552148,http://creativecommons.org/licenses/by-nc-nd/4.0/
332127,1019552132,Bombyliidae_Bombylius_cinereus_1383027_1019552132,http://creativecommons.org/licenses/by-nc-nd/4.0/
332128,1019552132,Bombyliidae_Bombylius_cinereus_1383028_1019552132,http://creativecommons.org/licenses/by-nc-nd/4.0/
332132,1019552134,Bombyliidae_Bombylius_concolor_2761937_1019552134,http://creativecommons.org/licenses/by-nc-nd/4.0/
332133,1019552134,Bombyliidae_Bombylius_concolor_2761938_1019552134,http://creativecommons.org/licenses/by-nc-nd/4.0/
332137,1019552163,Bombyliidae_Bombylius_concolor_694519_1019552163,http://creativecommons.org/licenses/by-nc-nd/4.0/
332138,1019552163,Bombyliidae_Bombylius_concolor_694520_1019552163,http://creativecommons.org/licenses/by-nc-nd/4.0/
332156,1019552117,Bombyliidae_Bombylius_cruciatus_3154_1019552117,http://creativecommons.org/licenses/by-nc-nd/4.0/
332189,1019552139,Bombyliidae_Bombylius_cinereus_2761939_1019552139,http://creativecommons.org/licenses/by-nc-nd/4.0/
332190,1019552139,Bombyliidae_Bombylius_cinereus_2761940_1019552139,http://creativecommons.org/licenses/by-nc-nd/4.0/
332191,1019552098,Bombyliidae_Bombylius_analis_2072346_1019552098,http://creativecommons.org/licenses/by-nc-nd/4.0/
332192,1019552098,Bombyliidae_Bombylius_analis_2072347_1019552098,http://creativecommons.org/licenses/by-nc-nd/4.0/
332193,1019552101,Bombyliidae_Villa_venusta_2072348_1019552101,http://creativecommons.org/licenses/by-nc-nd/4.0/
332194,1019552101,Bombyliidae_Villa_venusta_2072349_1019552101,http://creativecommons.org/licenses/by-nc-nd/4.0/
332195,1019552101,Bombyliidae_Villa_venusta_2072350_1019552101,http://creativecommons.org/licenses/by-nc-nd/4.0/
332196,1019552101,Bombyliidae_Villa_venusta_2072351_1019552101,http://creativecommons.org/licenses/by-nc-nd/4.0/
332197,1019552101,Bombyliidae_Villa_venusta_2072352_1019552101,http://creativecommons.org/licenses/by-nc-nd/4.0/
332198,1019552101,Bombyliidae_Villa_venusta_2072353_1019552101,http://creativecommons.org/licenses/by-nc-nd/4.0/
332199,1019552097,Bombyliidae_Bombylella_ater_1383003_1019552097,http://creativecommons.org/licenses/by-nc-nd/4.0/
332200,1019552097,Bombyliidae_Bombylella_ater_1383004_1019552097,http://creativecommons.org/licenses/by-nc-nd/4.0/
332201,1019552108,Bombyliidae_Bombylella_ater_3149_1019552108,http://creativecommons.org/licenses/by-nc-nd/4.0/
332202,1019552108,Bombyliidae_Bombylella_ater_3150_1019552108,http://creativecommons.org/licenses/by-nc-nd/4.0/
332203,1019552093,Bombyliidae_Bombylella_ater_2072344_1019552093,http://creativecommons.org/licenses/by-nc-nd/4.0/
332204,1019552093,Bombyliidae_Bombylella_ater_2072345_1019552093,http://creativecommons.org/licenses/by-nc-nd/4.0/
332205,1019552133,Bombyliidae_Bombylius_cinereus_2072368_1019552133,http://creativecommons.org/licenses/by-nc-nd/4.0/
332206,1019552133,Bombyliidae_Bombylius_cinereus_2072369_1019552133,http://creativecommons.org/licenses/by-nc-nd/4.0/
332207,1019552143,Bombyliidae_Bombylius_brevirostris_2761941_1019552143,http://creativecommons.org/licenses/by-nc-nd/4.0/
332208,1019552143,Bombyliidae_Bombylius_brevirostris_2761942_1019552143,http://creativecommons.org/licenses/by-nc-nd/4.0/
332209,1019552143,Bombyliidae_Bombylius_brevirostris_2761943_1019552143,http://creativecommons.org/licenses/by-nc-nd/4.0/
332210,1019552143,Bombyliidae_Bombylius_brevirostris_2761944_1019552143,http://creativecommons.org/licenses/by-nc-nd/4.0/
332211,1019552159,Bombyliidae_Bombylius_cinereus_694517_1019552159,http://creativecommons.org/licenses/by-nc-nd/4.0/
332212,1019552159,Bombyliidae_Bombylius_cinereus_694518_1019552159,http://creativecommons.org/licenses/by-nc-nd/4.0/
332213,1019552118,Bombyliidae_Bombylius_cinereus_694498_1019552118,http://creativecommons.org/licenses/by-nc-nd/4.0/
332214,1019552118,Bombyliidae_Bombylius_cinereus_694499_1019552118,http://creativecommons.org/licenses/by-nc-nd/4.0/
332233,1019552128,Bombyliidae_Micomitra_stupida_1383023_1019552128,http://creativecommons.org/licenses/by-nc-nd/4.0/
332234,1019552128,Bombyliidae_Micomitra_stupida_1383024_1019552128,http://creativecommons.org/licenses/by-nc-nd/4.0/
332235,1019552128,Bombyliidae_Micomitra_stupida_1383025_1019552128,http://creativecommons.org/licenses/by-nc-nd/4.0/
332236,1019552128,Bombyliidae_Micomitra_stupida_1383026_1019552128,http://creativecommons.org/licenses/by-nc-nd/4.0/
332305,1019552182,Bombyliidae_Bombylius_posticus_1383052_1019552182,http://creativecommons.org/licenses/by-nc-nd/4.0/
332307,1019552167,Bombyliidae_Triplasius_pictus_3188_1019552167,http://creativecommons.org/licenses/by-nc-nd/4.0/
332308,1019552167,Bombyliidae_Triplasius_pictus_3189_1019552167,http://creativecommons.org/licenses/by-nc-nd/4.0/
332310,1019552213,Bombyliidae_Bombylius_posticus_1383073_1019552213,http://creativecommons.org/licenses/by-nc-nd/4.0/
332311,1019552177,Bombyliidae_Bombylius_posticus_694525_1019552177,http://creativecommons.org/licenses/by-nc-nd/4.0/
332312,1019552177,Bombyliidae_Bombylius_posticus_694526_1019552177,http://creativecommons.org/licenses/by-nc-nd/4.0/
332313,1019552188,Bombyliidae_Bombylius_posticus_2072402_1019552188,http://creativecommons.org/licenses/by-nc-nd/4.0/
332314,1019552188,Bombyliidae_Bombylius_posticus_2072403_1019552188,http://creativecommons.org/licenses/by-nc-nd/4.0/
332342,1019552209,Bombyliidae_Bombylius_niveus_1383068_1019552209,http://creativecommons.org/licenses/by-nc-nd/4.0/
332343,1019552209,Bombyliidae_Bombylius_niveus_1383069_1019552209,http://creativecommons.org/licenses/by-nc-nd/4.0/
332344,1019552209,Bombyliidae_Bombylius_niveus_1383070_1019552209,http://creativecommons.org/licenses/by-nc-nd/4.0/
332345,1019552209,Bombyliidae_Bombylius_niveus_1383071_1019552209,http://creativecommons.org/licenses/by-nc-nd/4.0/
332346,1019552145,Bombyliidae_Triplasius_pictus_694513_1019552145,http://creativecommons.org/licenses/by-nc-nd/4.0/
332347,1019552145,Bombyliidae_Triplasius_pictus_694514_1019552145,http://creativecommons.org/licenses/by-nc-nd/4.0/
332348,1019552179,Bombyliidae_Bombylius_niveus_2072394_1019552179,http://creativecommons.org/licenses/by-nc-nd/4.0/
332349,1019552179,Bombyliidae_Bombylius_niveus_2072395_1019552179,http://creativecommons.org/licenses/by-nc-nd/4.0/
332350,1019552179,Bombyliidae_Bombylius_niveus_2072396_1019552179,http://creativecommons.org/licenses/by-nc-nd/4.0/
332351,1019552179,Bombyliidae_Bombylius_niveus_2072397_1019552179,http://creativecommons.org/licenses/by-nc-nd/4.0/
332356,1019552174,Bombyliidae_Bombylius_minor_2072393_1019552174,http://creativecommons.org/licenses/by-nc-nd/4.0/
332387,1019552153,Bombyliidae_Bombylius_minor_3181_1019552153,http://creativecommons.org/licenses/by-nc-nd/4.0/
332405,1019552151,Bombyliidae_Bombylius_medius_2072379_1019552151,http://creativecommons.org/licenses/by-nc-nd/4.0/
332669,1019552062,Bombyliidae_Villa_cingulata_2761893_1019552062,http://creativecommons.org/licenses/by-nc-nd/4.0/
332671,1019552088,Bombyliidae_Villa_cingulata_1382996_1019552088,http://creativecommons.org/licenses/by-nc-nd/4.0/
332672,1019552088,Bombyliidae_Villa_cingulata_1382997_1019552088,http://creativecommons.org/licenses/by-nc-nd/4.0/
332674,1019552088,Bombyliidae_Villa_cingulata_1382999_1019552088,http://creativecommons.org/licenses/by-nc-nd/4.0/
332675,1019552079,Bombyliidae_Villa_circumdata_1382987_1019552079,http://creativecommons.org/licenses/by-nc-nd/4.0/
332676,1019552079,Bombyliidae_Villa_circumdata_1382988_1019552079,http://creativecommons.org/licenses/by-nc-nd/4.0/
332677,1019552079,Bombyliidae_Villa_circumdata_1382989_1019552079,http://creativecommons.org/licenses/by-nc-nd/4.0/
332678,1019552079,Bombyliidae_Villa_circumdata_1382990_1019552079,http://creativecommons.org/licenses/by-nc-nd/4.0/
332679,1019552056,Bombyliidae_Villa_cingulata_1382972_1019552056,http://creativecommons.org/licenses/by-nc-nd/4.0/
332680,1019552056,Bombyliidae_Villa_cingulata_1382973_1019552056,http://creativecommons.org/licenses/by-nc-nd/4.0/
332682,1019552092,Bombyliidae_Villa_circumdata_1383000_1019552092,http://creativecommons.org/licenses/by-nc-nd/4.0/
332683,1019552092,Bombyliidae_Villa_circumdata_1383001_1019552092,http://creativecommons.org/licenses/by-nc-nd/4.0/
332684,1019552092,Bombyliidae_Villa_circumdata_1383002_1019552092,http://creativecommons.org/licenses/by-nc-nd/4.0/
332685,1019552064,Bombyliidae_Villa_circumdata_694460_1019552064,http://creativecommons.org/licenses/by-nc-nd/4.0/
332686,1019552064,Bombyliidae_Villa_circumdata_694461_1019552064,http://creativecommons.org/licenses/by-nc-nd/4.0/
332687,1019552064,Bombyliidae_Villa_circumdata_694462_1019552064,http://creativecommons.org/licenses/by-nc-nd/4.0/
332688,1019552075,Bombyliidae_Heteralonia_aeaca_2072335_1019552075,http://creativecommons.org/licenses/by-nc-nd/4.0/
332689,1019552075,Bombyliidae_Heteralonia_aeaca_2072336_1019552075,http://creativecommons.org/licenses/by-nc-nd/4.0/
332690,1019552075,Bombyliidae_Heteralonia_aeaca_2072337_1019552075,http://creativecommons.org/licenses/by-nc-nd/4.0/
332691,1019552046,Bombyliidae_Exoprosopa_capucina_694449_1019552046,http://creativecommons.org/licenses/by-nc-nd/4.0/
332694,1019552048,Bombyliidae_Amictus_variegatus_2072312_1019552048,http://creativecommons.org/licenses/by-nc-nd/4.0/
332695,1019552048,Bombyliidae_Amictus_variegatus_2072313_1019552048,http://creativecommons.org/licenses/by-nc-nd/4.0/
332696,1019552048,Bombyliidae_Amictus_variegatus_2072314_1019552048,http://creativecommons.org/licenses/by-nc-nd/4.0/
332697,1019552048,Bombyliidae_Amictus_variegatus_2072315_1019552048,http://creativecommons.org/licenses/by-nc-nd/4.0/
332854,1019552017,Bombyliidae_Villa_circumdata_2761861_1019552017,http://creativecommons.org/licenses/by-nc-nd/4.0/
332855,1019552017,Bombyliidae_Villa_circumdata_2761862_1019552017,http://creativecommons.org/licenses/by-nc-nd/4.0/
332856,1019552017,Bombyliidae_Villa_circumdata_2761863_1019552017,http://creativecommons.org/licenses/by-nc-nd/4.0/
332879,1265037360,Bombyliidae_Usia_versicolor_2079348_1265037360,http://creativecommons.org/licenses/by-nc-nd/4.0/
332881,1265037360,Bombyliidae_Usia_versicolor_2079350_1265037360,http://creativecommons.org/licenses/by-nc-nd/4.0/
332883,1265037366,Bombyliidae_Usia_versicolor_2768762_1265037366,http://creativecommons.org/licenses/by-nc-nd/4.0/
332888,1265037391,Bombyliidae_Parageron_aurata_1389981_1265037391,http://creativecommons.org/licenses/by-nc-nd/4.0/
332889,1265037391,Bombyliidae_Parageron_aurata_1389982_1265037391,http://creativecommons.org/licenses/by-nc-nd/4.0/
332894,1265037333,Bombyliidae_Parageron_aurata_2079333_1265037333,http://creativecommons.org/licenses/by-nc-nd/4.0/
332895,1265037333,Bombyliidae_Parageron_aurata_2079334_1265037333,http://creativecommons.org/licenses/by-nc-nd/4.0/
332898,1265037389,Bombyliidae_Parageron_aurata_2768770_1265037389,http://creativecommons.org/licenses/by-nc-nd/4.0/
332899,1265037389,Bombyliidae_Parageron_aurata_2768771_1265037389,http://creativecommons.org/licenses/by-nc-nd/4.0/
332900,1265037389,Bombyliidae_Parageron_aurata_2768772_1265037389,http://creativecommons.org/licenses/by-nc-nd/4.0/
332915,1265037373,Bombyliidae_Usia_versicolor_1389972_1265037373,http://creativecommons.org/licenses/by-nc-nd/4.0/
332917,1265037335,Bombyliidae_Usia_versicolor_10028_1265037335,http://creativecommons.org/licenses/by-nc-nd/4.0/
332918,1265037335,Bombyliidae_Usia_versicolor_10029_1265037335,http://creativecommons.org/licenses/by-nc-nd/4.0/
332925,1265037352,Bombyliidae_Usia_atrata_2768754_1265037352,http://creativecommons.org/licenses/by-nc-nd/4.0/
332926,1265037352,Bombyliidae_Usia_atrata_2768755_1265037352,http://creativecommons.org/licenses/by-nc-nd/4.0/
332927,1265037352,Bombyliidae_Usia_atrata_2768756_1265037352,http://creativecommons.org/licenses/by-nc-nd/4.0/
332930,1265037372,Bombyliidae_Usia_atrata_701286_1265037372,http://creativecommons.org/licenses/by-nc-nd/4.0/
332931,1265037372,Bombyliidae_Usia_atrata_701287_1265037372,http://creativecommons.org/licenses/by-nc-nd/4.0/
332934,1265037397,Bombyliidae_Usia_florea_2079368_1265037397,http://creativecommons.org/licenses/by-nc-nd/4.0/
332935,1265037397,Bombyliidae_Usia_florea_2079369_1265037397,http://creativecommons.org/licenses/by-nc-nd/4.0/
332936,1265037350,Bombyliidae_Usia_florea_1389964_1265037350,http://creativecommons.org/licenses/by-nc-nd/4.0/
332937,1265037350,Bombyliidae_Usia_florea_1389965_1265037350,http://creativecommons.org/licenses/by-nc-nd/4.0/
332938,1265037350,Bombyliidae_Usia_florea_1389966_1265037350,http://creativecommons.org/licenses/by-nc-nd/4.0/
332939,1265037374,Bombyliidae_Usia_versicolor_2079354_1265037374,http://creativecommons.org/licenses/by-nc-nd/4.0/
332940,1265037374,Bombyliidae_Usia_versicolor_2079355_1265037374,http://creativecommons.org/licenses/by-nc-nd/4.0/
332941,1265037374,Bombyliidae_Usia_versicolor_2079356_1265037374,http://creativecommons.org/licenses/by-nc-nd/4.0/
332942,1265037313,Bombyliidae_Usia_versicolor_701247_1265037313,http://creativecommons.org/licenses/by-nc-nd/4.0/
332985,1265037427,Bombyliidae_Amictus_pulchellus_1389996_1265037427,http://creativecommons.org/licenses/by-nc-nd/4.0/
332986,1265037427,Bombyliidae_Amictus_pulchellus_1389997_1265037427,http://creativecommons.org/licenses/by-nc-nd/4.0/
332987,1265037451,Bombyliidae_Amictus_pulchellus_2768802_1265037451,http://creativecommons.org/licenses/by-nc-nd/4.0/
332988,1265037451,Bombyliidae_Amictus_pulchellus_2768803_1265037451,http://creativecommons.org/licenses/by-nc-nd/4.0/
332997,1265037386,Bombyliidae_Geron_gibbosus_701293_1265037386,http://creativecommons.org/licenses/by-nc-nd/4.0/
332998,1265037386,Bombyliidae_Geron_gibbosus_701294_1265037386,http://creativecommons.org/licenses/by-nc-nd/4.0/
332999,1265037386,Bombyliidae_Geron_gibbosus_701295_1265037386,http://creativecommons.org/licenses/by-nc-nd/4.0/
333004,1265037412,Bombyliidae_Toxophora_maculata_701305_1265037412,http://creativecommons.org/licenses/by-nc-nd/4.0/
333005,1265037412,Bombyliidae_Toxophora_maculata_701306_1265037412,http://creativecommons.org/licenses/by-nc-nd/4.0/
333006,1265037412,Bombyliidae_Toxophora_maculata_701307_1265037412,http://creativecommons.org/licenses/by-nc-nd/4.0/
333017,1265037346,Bombyliidae_Amictus_pulchellus_1389961_1265037346,http://creativecommons.org/licenses/by-nc-nd/4.0/
333018,1265037346,Bombyliidae_Amictus_pulchellus_1389962_1265037346,http://creativecommons.org/licenses/by-nc-nd/4.0/
333019,1265037346,Bombyliidae_Amictus_pulchellus_1389963_1265037346,http://creativecommons.org/licenses/by-nc-nd/4.0/
333020,1265037401,Bombyliidae_Amictus_pulchellus_2768779_1265037401,http://creativecommons.org/licenses/by-nc-nd/4.0/
333021,1265037401,Bombyliidae_Amictus_pulchellus_2768780_1265037401,http://creativecommons.org/licenses/by-nc-nd/4.0/
333025,1265037309,Bombyliidae_Bombylius_analis_701246_1265037309,http://creativecommons.org/licenses/by-nc-nd/4.0/
333026,1265037328,Bombyliidae_Bombylius_analis_1389949_1265037328,http://creativecommons.org/licenses/by-nc-nd/4.0/
333029,1265037355,Bombyliidae_Bombylius_analis_1389967_1265037355,http://creativecommons.org/licenses/by-nc-nd/4.0/
333033,1265037280,Bombyliidae_Bombylius_medius_2768708_1265037280,http://creativecommons.org/licenses/by-nc-nd/4.0/
333036,1265037303,Bombyliidae_Bombylius_medius_10008_1265037303,http://creativecommons.org/licenses/by-nc-nd/4.0/
333241,1265037367,Bombyliidae_Bombylius_cruciatus_10042_1265037367,http://creativecommons.org/licenses/by-nc-nd/4.0/
333599,1265037425,Bombyliidae_Exoprosopa_pandora_10065_1265037425,http://creativecommons.org/licenses/by-nc-nd/4.0/
333600,1265037425,Bombyliidae_Exoprosopa_pandora_10066_1265037425,http://creativecommons.org/licenses/by-nc-nd/4.0/
333601,1265037402,Bombyliidae_Exoprosopa_pandora_10056_1265037402,http://creativecommons.org/licenses/by-nc-nd/4.0/
333602,1265037402,Bombyliidae_Exoprosopa_pandora_10057_1265037402,http://creativecommons.org/licenses/by-nc-nd/4.0/
333623,1265037383,Bombyliidae_Exoprosopa_pandora_2079359_1265037383,http://creativecommons.org/licenses/by-nc-nd/4.0/
333624,1265037383,Bombyliidae_Exoprosopa_pandora_2079360_1265037383,http://creativecommons.org/licenses/by-nc-nd/4.0/
333625,1265037383,Bombyliidae_Exoprosopa_pandora_2079361_1265037383,http://creativecommons.org/licenses/by-nc-nd/4.0/
333626,1265037408,Bombyliidae_Exoprosopa_pandora_701303_1265037408,http://creativecommons.org/licenses/by-nc-nd/4.0/
333627,1265037408,Bombyliidae_Exoprosopa_pandora_701304_1265037408,http://creativecommons.org/licenses/by-nc-nd/4.0/
333628,1265037414,Bombyliidae_Exoprosopa_pandora_2079373_1265037414,http://creativecommons.org/licenses/by-nc-nd/4.0/
333629,1265037414,Bombyliidae_Exoprosopa_pandora_2079374_1265037414,http://creativecommons.org/licenses/by-nc-nd/4.0/
333630,1265037437,Bombyliidae_Exoprosopa_pandora_2079385_1265037437,http://creativecommons.org/licenses/by-nc-nd/4.0/
333631,1265037437,Bombyliidae_Exoprosopa_pandora_2079386_1265037437,http://creativecommons.org/licenses/by-nc-nd/4.0/
333632,1265037464,Bombyliidae_Exoprosopa_pandora_2079398_1265037464,http://creativecommons.org/licenses/by-nc-nd/4.0/
333633,1265037464,Bombyliidae_Exoprosopa_pandora_2079399_1265037464,http://creativecommons.org/licenses/by-nc-nd/4.0/
333634,1265037396,Bombyliidae_Exoprosopa_pandora_1389983_1265037396,http://creativecommons.org/licenses/by-nc-nd/4.0/
333644,1265037432,Bombyliidae_Lomatia_lateralis_2079384_1265037432,http://creativecommons.org/licenses/by-nc-nd/4.0/
333648,1265037398,Bombyliidae_Lomatia_lateralis_2768778_1265037398,http://creativecommons.org/licenses/by-nc-nd/4.0/
333708,1019552216,Bombyliidae_Bombylius_venosus_3221_1019552216,http://creativecommons.org/licenses/by-nc-nd/4.0/
333709,1265037417,Bombyliidae_Cytherea_infuscata_701308_1265037417,http://creativecommons.org/licenses/by-nc-nd/4.0/
333710,1265037417,Bombyliidae_Cytherea_infuscata_701309_1265037417,http://creativecommons.org/licenses/by-nc-nd/4.0/
333711,1265037441,Bombyliidae_Cytherea_infuscata_2079387_1265037441,http://creativecommons.org/licenses/by-nc-nd/4.0/
333712,1265037441,Bombyliidae_Cytherea_infuscata_2079388_1265037441,http://creativecommons.org/licenses/by-nc-nd/4.0/
333713,1265037441,Bombyliidae_Cytherea_infuscata_2079389_1265037441,http://creativecommons.org/licenses/by-nc-nd/4.0/
333714,1265037410,Bombyliidae_Cytherea_infuscata_2768783_1265037410,http://creativecommons.org/licenses/by-nc-nd/4.0/
333715,1265037410,Bombyliidae_Cytherea_infuscata_2768784_1265037410,http://creativecommons.org/licenses/by-nc-nd/4.0/
333716,1265037434,Bombyliidae_Cytherea_infuscata_10067_1265037434,http://creativecommons.org/licenses/by-nc-nd/4.0/
333717,1265037434,Bombyliidae_Cytherea_infuscata_10068_1265037434,http://creativecommons.org/licenses/by-nc-nd/4.0/
333718,1019552203,Bombyliidae_Conophorus_flavescens_694538_1019552203,http://creativecommons.org/licenses/by-nc-nd/4.0/
333719,1019552203,Bombyliidae_Conophorus_flavescens_694539_1019552203,http://creativecommons.org/licenses/by-nc-nd/4.0/
333720,1019552203,Bombyliidae_Conophorus_flavescens_694540_1019552203,http://creativecommons.org/licenses/by-nc-nd/4.0/
333721,1019552203,Bombyliidae_Conophorus_flavescens_694541_1019552203,http://creativecommons.org/licenses/by-nc-nd/4.0/
333722,1019552239,Bombyliidae_Conophorus_flavescens_3229_1019552239,http://creativecommons.org/licenses/by-nc-nd/4.0/
333723,1019552239,Bombyliidae_Conophorus_flavescens_3230_1019552239,http://creativecommons.org/licenses/by-nc-nd/4.0/
333724,1019552196,Bombyliidae_Conophorus_flavescens_1383062_1019552196,http://creativecommons.org/licenses/by-nc-nd/4.0/
333725,1019552196,Bombyliidae_Conophorus_flavescens_1383063_1019552196,http://creativecommons.org/licenses/by-nc-nd/4.0/
333726,1019552196,Bombyliidae_Conophorus_flavescens_1383064_1019552196,http://creativecommons.org/licenses/by-nc-nd/4.0/
333727,1019552196,Bombyliidae_Conophorus_flavescens_1383065_1019552196,http://creativecommons.org/licenses/by-nc-nd/4.0/
333728,1019552217,Bombyliidae_Conophorus_fuliginosa_694550_1019552217,http://creativecommons.org/licenses/by-nc-nd/4.0/
333729,1019552217,Bombyliidae_Conophorus_fuliginosa_694551_1019552217,http://creativecommons.org/licenses/by-nc-nd/4.0/
333730,1019552217,Bombyliidae_Conophorus_fuliginosa_694552_1019552217,http://creativecommons.org/licenses/by-nc-nd/4.0/
333731,1019552217,Bombyliidae_Conophorus_fuliginosa_694553_1019552217,http://creativecommons.org/licenses/by-nc-nd/4.0/
333732,1019552229,Bombyliidae_Conophorus_fuliginosa_2761994_1019552229,http://creativecommons.org/licenses/by-nc-nd/4.0/
333733,1019552229,Bombyliidae_Conophorus_fuliginosa_2761995_1019552229,http://creativecommons.org/licenses/by-nc-nd/4.0/
333734,1019552229,Bombyliidae_Conophorus_fuliginosa_2761996_1019552229,http://creativecommons.org/licenses/by-nc-nd/4.0/
333735,1019552219,Bombyliidae_Toxophora_maculata_2072421_1019552219,http://creativecommons.org/licenses/by-nc-nd/4.0/
333736,1019552219,Bombyliidae_Toxophora_maculata_2072422_1019552219,http://creativecommons.org/licenses/by-nc-nd/4.0/
333737,1019552219,Bombyliidae_Toxophora_maculata_2072423_1019552219,http://creativecommons.org/licenses/by-nc-nd/4.0/
333738,1019552219,Bombyliidae_Toxophora_maculata_2072424_1019552219,http://creativecommons.org/licenses/by-nc-nd/4.0/
333739,1019552261,Bombyliidae_Usia_aenea_3245_1019552261,http://creativecommons.org/licenses/by-nc-nd/4.0/
333740,1019552261,Bombyliidae_Usia_aenea_3246_1019552261,http://creativecommons.org/licenses/by-nc-nd/4.0/
333741,1019552168,Bombyliidae_Phthiria_fulva_694521_1019552168,http://creativecommons.org/licenses/by-nc-nd/4.0/
333742,1019552168,Bombyliidae_Phthiria_fulva_694522_1019552168,http://creativecommons.org/licenses/by-nc-nd/4.0/
333743,1019552168,Bombyliidae_Phthiria_fulva_694523_1019552168,http://creativecommons.org/licenses/by-nc-nd/4.0/
333744,1019552168,Bombyliidae_Phthiria_fulva_694524_1019552168,http://creativecommons.org/licenses/by-nc-nd/4.0/
333745,1019552208,Bombyliidae_Cytherea_obscura_694542_1019552208,http://creativecommons.org/licenses/by-nc-nd/4.0/
333746,1019552208,Bombyliidae_Cytherea_obscura_694543_1019552208,http://creativecommons.org/licenses/by-nc-nd/4.0/
333747,1019552208,Bombyliidae_Cytherea_obscura_694544_1019552208,http://creativecommons.org/licenses/by-nc-nd/4.0/
333748,1019552208,Bombyliidae_Cytherea_obscura_694545_1019552208,http://creativecommons.org/licenses/by-nc-nd/4.0/
333749,1019552204,Bombyliidae_Phthiria_minuta_1383066_1019552204,http://creativecommons.org/licenses/by-nc-nd/4.0/
333750,1019552204,Bombyliidae_Phthiria_minuta_1383067_1019552204,http://creativecommons.org/licenses/by-nc-nd/4.0/
333751,1019552223,Bombyliidae_Phthiria_fulva_2072425_1019552223,http://creativecommons.org/licenses/by-nc-nd/4.0/
333752,1019552223,Bombyliidae_Phthiria_fulva_2072426_1019552223,http://creativecommons.org/licenses/by-nc-nd/4.0/
333753,1019552223,Bombyliidae_Phthiria_fulva_2072427_1019552223,http://creativecommons.org/licenses/by-nc-nd/4.0/
333754,1019552223,Bombyliidae_Phthiria_fulva_2072428_1019552223,http://creativecommons.org/licenses/by-nc-nd/4.0/
333755,1019552232,Bombyliidae_Phthiria_minuta_2072431_1019552232,http://creativecommons.org/licenses/by-nc-nd/4.0/
333756,1019552232,Bombyliidae_Phthiria_minuta_2072432_1019552232,http://creativecommons.org/licenses/by-nc-nd/4.0/
333757,1019552194,Bombyliidae_Phthiria_minuta_3203_1019552194,http://creativecommons.org/licenses/by-nc-nd/4.0/
333758,1019552194,Bombyliidae_Phthiria_minuta_3204_1019552194,http://creativecommons.org/licenses/by-nc-nd/4.0/
333759,1019552242,Bombyliidae_Phthiria_pulicaria_2761999_1019552242,http://creativecommons.org/licenses/by-nc-nd/4.0/
333760,1019552231,Bombyliidae_Phthiria_minuta_1383084_1019552231,http://creativecommons.org/licenses/by-nc-nd/4.0/
333761,1019552231,Bombyliidae_Phthiria_minuta_1383085_1019552231,http://creativecommons.org/licenses/by-nc-nd/4.0/
333762,1019552215,Bombyliidae_Phthiria_punctata_2761990_1019552215,http://creativecommons.org/licenses/by-nc-nd/4.0/
333763,1019552215,Bombyliidae_Phthiria_punctata_2761991_1019552215,http://creativecommons.org/licenses/by-nc-nd/4.0/
333764,1019552215,Bombyliidae_Phthiria_punctata_2761992_1019552215,http://creativecommons.org/licenses/by-nc-nd/4.0/
333765,1019552215,Bombyliidae_Phthiria_punctata_2761993_1019552215,http://creativecommons.org/licenses/by-nc-nd/4.0/
333769,1019552205,Bombyliidae_Lomatia_belzebul_2072413_1019552205,http://creativecommons.org/licenses/by-nc-nd/4.0/
333770,1019552205,Bombyliidae_Lomatia_belzebul_2072414_1019552205,http://creativecommons.org/licenses/by-nc-nd/4.0/
333771,1019552205,Bombyliidae_Lomatia_belzebul_2072415_1019552205,http://creativecommons.org/licenses/by-nc-nd/4.0/
333772,1019552205,Bombyliidae_Lomatia_belzebul_2072416_1019552205,http://creativecommons.org/licenses/by-nc-nd/4.0/
333779,1019552214,Bombyliidae_Lomatia_lateralis_2072419_1019552214,http://creativecommons.org/licenses/by-nc-nd/4.0/
333782,1019552241,Bombyliidae_Lomatia_lateralis_2072436_1019552241,http://creativecommons.org/licenses/by-nc-nd/4.0/
333784,1019552241,Bombyliidae_Lomatia_lateralis_2072438_1019552241,http://creativecommons.org/licenses/by-nc-nd/4.0/
333789,1019552234,Bombyliidae_Lomatia_sabaea_3228_1019552234,http://creativecommons.org/licenses/by-nc-nd/4.0/
333792,1019552221,Bombyliidae_Lomatia_sabaea_694554_1019552221,http://creativecommons.org/licenses/by-nc-nd/4.0/
333793,1019552221,Bombyliidae_Lomatia_sabaea_694555_1019552221,http://creativecommons.org/licenses/by-nc-nd/4.0/
333794,1019552202,Bombyliidae_Cytherea_infuscata_3209_1019552202,http://creativecommons.org/licenses/by-nc-nd/4.0/
333795,1019552202,Bombyliidae_Cytherea_infuscata_3210_1019552202,http://creativecommons.org/licenses/by-nc-nd/4.0/
333796,1019552202,Bombyliidae_Cytherea_infuscata_3211_1019552202,http://creativecommons.org/licenses/by-nc-nd/4.0/
333797,1019552202,Bombyliidae_Cytherea_infuscata_3212_1019552202,http://creativecommons.org/licenses/by-nc-nd/4.0/
333798,1019552212,Bombyliidae_Cytherea_infuscata_694546_1019552212,http://creativecommons.org/licenses/by-nc-nd/4.0/
333799,1019552212,Bombyliidae_Cytherea_infuscata_694547_1019552212,http://creativecommons.org/licenses/by-nc-nd/4.0/
333800,1019552212,Bombyliidae_Cytherea_infuscata_694548_1019552212,http://creativecommons.org/licenses/by-nc-nd/4.0/
333801,1019552212,Bombyliidae_Cytherea_infuscata_694549_1019552212,http://creativecommons.org/licenses/by-nc-nd/4.0/
333802,1019552192,Bombyliidae_Cytherea_obscura_2072404_1019552192,http://creativecommons.org/licenses/by-nc-nd/4.0/
333803,1019552192,Bombyliidae_Cytherea_obscura_2072405_1019552192,http://creativecommons.org/licenses/by-nc-nd/4.0/
333804,1019552192,Bombyliidae_Cytherea_obscura_2072406_1019552192,http://creativecommons.org/licenses/by-nc-nd/4.0/
333805,1019552192,Bombyliidae_Cytherea_obscura_2072407_1019552192,http://creativecommons.org/licenses/by-nc-nd/4.0/
333806,1019552166,Bombyliidae_Systoechus_sulphureus_2761958_1019552166,http://creativecommons.org/licenses/by-nc-nd/4.0/
333807,1019552166,Bombyliidae_Systoechus_sulphureus_2761959_1019552166,http://creativecommons.org/licenses/by-nc-nd/4.0/
333808,1019552175,Bombyliidae_Systoechus_sulphureus_2761963_1019552175,http://creativecommons.org/licenses/by-nc-nd/4.0/
333809,1019552175,Bombyliidae_Systoechus_sulphureus_2761964_1019552175,http://creativecommons.org/licenses/by-nc-nd/4.0/
333810,1019552200,Bombyliidae_Bombylius_analis_2072411_1019552200,http://creativecommons.org/licenses/by-nc-nd/4.0/
333812,1019552210,Bombyliidae_Systoechus_sulphureus_2761988_1019552210,http://creativecommons.org/licenses/by-nc-nd/4.0/
333813,1019552210,Bombyliidae_Systoechus_sulphureus_2761989_1019552210,http://creativecommons.org/licenses/by-nc-nd/4.0/
333814,1019552237,Bombyliidae_Cyllenia_maculata_2072433_1019552237,http://creativecommons.org/licenses/by-nc-nd/4.0/
333815,1019552237,Bombyliidae_Cyllenia_maculata_2072434_1019552237,http://creativecommons.org/licenses/by-nc-nd/4.0/
333816,1019552218,Bombyliidae_Cyllenia_maculata_1383074_1019552218,http://creativecommons.org/licenses/by-nc-nd/4.0/
333817,1019552218,Bombyliidae_Cyllenia_maculata_1383075_1019552218,http://creativecommons.org/licenses/by-nc-nd/4.0/
333818,1019552176,Bombyliidae_Lomatia_belzebul_3195_1019552176,http://creativecommons.org/licenses/by-nc-nd/4.0/
333819,1019552176,Bombyliidae_Lomatia_belzebul_3196_1019552176,http://creativecommons.org/licenses/by-nc-nd/4.0/
333820,1019552191,Bombyliidae_Geron_gibbosus_1383058_1019552191,http://creativecommons.org/licenses/by-nc-nd/4.0/
333821,1019552191,Bombyliidae_Geron_gibbosus_1383059_1019552191,http://creativecommons.org/licenses/by-nc-nd/4.0/
333822,1019552191,Bombyliidae_Geron_gibbosus_1383060_1019552191,http://creativecommons.org/licenses/by-nc-nd/4.0/
333823,1019552191,Bombyliidae_Geron_gibbosus_1383061_1019552191,http://creativecommons.org/licenses/by-nc-nd/4.0/
333824,1019552201,Bombyliidae_Lomatia_belzebul_2761981_1019552201,http://creativecommons.org/licenses/by-nc-nd/4.0/
333825,1019552201,Bombyliidae_Lomatia_belzebul_2761982_1019552201,http://creativecommons.org/licenses/by-nc-nd/4.0/
333826,1019552201,Bombyliidae_Lomatia_belzebul_2761983_1019552201,http://creativecommons.org/licenses/by-nc-nd/4.0/
333827,1019552170,Bombyliidae_Lomatia_belzebul_2761960_1019552170,http://creativecommons.org/licenses/by-nc-nd/4.0/
333828,1019552170,Bombyliidae_Lomatia_belzebul_2761961_1019552170,http://creativecommons.org/licenses/by-nc-nd/4.0/
333829,1019552170,Bombyliidae_Lomatia_belzebul_2761962_1019552170,http://creativecommons.org/licenses/by-nc-nd/4.0/
333909,1019552225,Bombyliidae_Usia_aenea_3226_1019552225,http://creativecommons.org/licenses/by-nc-nd/4.0/
333910,1019552225,Bombyliidae_Usia_aenea_3227_1019552225,http://creativecommons.org/licenses/by-nc-nd/4.0/
333911,1019552250,Bombyliidae_Usia_aenea_2072448_1019552250,http://creativecommons.org/licenses/by-nc-nd/4.0/
333912,1019552250,Bombyliidae_Usia_aenea_2072449_1019552250,http://creativecommons.org/licenses/by-nc-nd/4.0/
333913,1019552266,Bombyliidae_Parageron_aurata_3247_1019552266,http://creativecommons.org/licenses/by-nc-nd/4.0/
333914,1019552266,Bombyliidae_Parageron_aurata_3248_1019552266,http://creativecommons.org/licenses/by-nc-nd/4.0/
333915,1019552238,Bombyliidae_Usia_atrata_2761997_1019552238,http://creativecommons.org/licenses/by-nc-nd/4.0/
333916,1019552238,Bombyliidae_Usia_atrata_2761998_1019552238,http://creativecommons.org/licenses/by-nc-nd/4.0/
333917,1019552227,Bombyliidae_Usia_pusilla_1383081_1019552227,http://creativecommons.org/licenses/by-nc-nd/4.0/
333918,1019552227,Bombyliidae_Usia_pusilla_1383082_1019552227,http://creativecommons.org/licenses/by-nc-nd/4.0/
333919,1019552227,Bombyliidae_Usia_pusilla_1383083_1019552227,http://creativecommons.org/licenses/by-nc-nd/4.0/
333920,1019552220,Bombyliidae_Usia_florea_3222_1019552220,http://creativecommons.org/licenses/by-nc-nd/4.0/
333921,1019552220,Bombyliidae_Usia_florea_3223_1019552220,http://creativecommons.org/licenses/by-nc-nd/4.0/
333922,1019552220,Bombyliidae_Usia_florea_3224_1019552220,http://creativecommons.org/licenses/by-nc-nd/4.0/
333923,1019552220,Bombyliidae_Usia_florea_3225_1019552220,http://creativecommons.org/licenses/by-nc-nd/4.0/
333978,1265038482,Bombyliidae_Systoechus_claripennis_2769314_1265038482,http://creativecommons.org/licenses/by-nc-nd/4.0/
333979,1265038482,Bombyliidae_Systoechus_claripennis_2769315_1265038482,http://creativecommons.org/licenses/by-nc-nd/4.0/
334009,1265038389,Bombyliidae_Systoechus_claripennis_10533_1265038389,http://creativecommons.org/licenses/by-nc-nd/4.0/
334010,1265038389,Bombyliidae_Systoechus_claripennis_10534_1265038389,http://creativecommons.org/licenses/by-nc-nd/4.0/
334011,1265038389,Bombyliidae_Systoechus_claripennis_10535_1265038389,http://creativecommons.org/licenses/by-nc-nd/4.0/
334012,1265038389,Bombyliidae_Systoechus_claripennis_10536_1265038389,http://creativecommons.org/licenses/by-nc-nd/4.0/
334058,1265038455,Bombyliidae_Anastoechus_latifrons_2769306_1265038455,http://creativecommons.org/licenses/by-nc-nd/4.0/
334059,1265038455,Bombyliidae_Anastoechus_latifrons_2769307_1265038455,http://creativecommons.org/licenses/by-nc-nd/4.0/
334060,1265038455,Bombyliidae_Anastoechus_latifrons_2769308_1265038455,http://creativecommons.org/licenses/by-nc-nd/4.0/
334061,1265038455,Bombyliidae_Anastoechus_latifrons_2769309_1265038455,http://creativecommons.org/licenses/by-nc-nd/4.0/
338308,1265037884,Bombyliidae_Toxophora_fuscipennis_2769007_1265037884,http://creativecommons.org/licenses/by-nc-nd/4.0/
338309,1265037884,Bombyliidae_Toxophora_fuscipennis_2769008_1265037884,http://creativecommons.org/licenses/by-nc-nd/4.0/
338310,1265037884,Bombyliidae_Toxophora_fuscipennis_2769009_1265037884,http://creativecommons.org/licenses/by-nc-nd/4.0/
338311,1265037884,Bombyliidae_Toxophora_fuscipennis_2769010_1265037884,http://creativecommons.org/licenses/by-nc-nd/4.0/
338319,1265037872,Bombyliidae_Geron_gibbosus_701520_1265037872,http://creativecommons.org/licenses/by-nc-nd/4.0/
338320,1265037872,Bombyliidae_Geron_gibbosus_701521_1265037872,http://creativecommons.org/licenses/by-nc-nd/4.0/
338321,1265037872,Bombyliidae_Geron_gibbosus_701522_1265037872,http://creativecommons.org/licenses/by-nc-nd/4.0/
338322,1265037872,Bombyliidae_Geron_gibbosus_701523_1265037872,http://creativecommons.org/licenses/by-nc-nd/4.0/
338435,1265037792,Bombyliidae_Villa_bicingulata_1390153_1265037792,http://creativecommons.org/licenses/by-nc-nd/4.0/
338436,1265037792,Bombyliidae_Villa_bicingulata_1390154_1265037792,http://creativecommons.org/licenses/by-nc-nd/4.0/
338437,1265037792,Bombyliidae_Villa_bicingulata_1390155_1265037792,http://creativecommons.org/licenses/by-nc-nd/4.0/
338438,1265037792,Bombyliidae_Villa_bicingulata_1390156_1265037792,http://creativecommons.org/licenses/by-nc-nd/4.0/
338439,1265037864,Bombyliidae_Villa_bicingulata_1390195_1265037864,http://creativecommons.org/licenses/by-nc-nd/4.0/
338440,1265037864,Bombyliidae_Villa_bicingulata_1390196_1265037864,http://creativecommons.org/licenses/by-nc-nd/4.0/
338441,1265037834,Bombyliidae_Villa_unicingulata_2768977_1265037834,http://creativecommons.org/licenses/by-nc-nd/4.0/
338442,1265037834,Bombyliidae_Villa_unicingulata_2768978_1265037834,http://creativecommons.org/licenses/by-nc-nd/4.0/
338443,1265037834,Bombyliidae_Villa_unicingulata_2768979_1265037834,http://creativecommons.org/licenses/by-nc-nd/4.0/
338446,1265037847,Bombyliidae_Usia_versicolor_2079589_1265037847,http://creativecommons.org/licenses/by-nc-nd/4.0/
338447,1265037847,Bombyliidae_Usia_versicolor_2079590_1265037847,http://creativecommons.org/licenses/by-nc-nd/4.0/
338448,1265037812,Bombyliidae_Usia_versicolor_10243_1265037812,http://creativecommons.org/licenses/by-nc-nd/4.0/
338449,1265037812,Bombyliidae_Usia_versicolor_10244_1265037812,http://creativecommons.org/licenses/by-nc-nd/4.0/
338450,1265037848,Bombyliidae_Usia_versicolor_2768984_1265037848,http://creativecommons.org/licenses/by-nc-nd/4.0/
338451,1265037876,Bombyliidae_Usia_versicolor_10273_1265037876,http://creativecommons.org/licenses/by-nc-nd/4.0/
338453,1265037878,Bombyliidae_Usia_florea_1390203_1265037878,http://creativecommons.org/licenses/by-nc-nd/4.0/
338454,1265037878,Bombyliidae_Usia_florea_1390204_1265037878,http://creativecommons.org/licenses/by-nc-nd/4.0/
338455,1265037878,Bombyliidae_Usia_florea_1390205_1265037878,http://creativecommons.org/licenses/by-nc-nd/4.0/
338456,1265037878,Bombyliidae_Usia_florea_1390206_1265037878,http://creativecommons.org/licenses/by-nc-nd/4.0/
338457,1265037785,Bombyliidae_Australoechus_minimus_2768952_1265037785,http://creativecommons.org/licenses/by-nc-nd/4.0/
338458,1265037785,Bombyliidae_Australoechus_minimus_2768953_1265037785,http://creativecommons.org/licenses/by-nc-nd/4.0/
338459,1265037785,Bombyliidae_Australoechus_minimus_2768954_1265037785,http://creativecommons.org/licenses/by-nc-nd/4.0/
338460,1265037773,Bombyliidae_Plesiocera_algira_701466_1265037773,http://creativecommons.org/licenses/by-nc-nd/4.0/
338461,1265037773,Bombyliidae_Plesiocera_algira_701467_1265037773,http://creativecommons.org/licenses/by-nc-nd/4.0/
338462,1265037773,Bombyliidae_Plesiocera_algira_701468_1265037773,http://creativecommons.org/licenses/by-nc-nd/4.0/
338463,1265037773,Bombyliidae_Plesiocera_algira_701469_1265037773,http://creativecommons.org/licenses/by-nc-nd/4.0/
338464,1265037843,Bombyliidae_Bombylisoma_melanocephalum_2768981_1265037843,http://creativecommons.org/licenses/by-nc-nd/4.0/
338465,1265037843,Bombyliidae_Bombylisoma_melanocephalum_2768982_1265037843,http://creativecommons.org/licenses/by-nc-nd/4.0/
338466,1265037843,Bombyliidae_Bombylisoma_melanocephalum_2768983_1265037843,http://creativecommons.org/licenses/by-nc-nd/4.0/
338467,1265037860,Bombyliidae_Usia_florea_2079596_1265037860,http://creativecommons.org/licenses/by-nc-nd/4.0/
338468,1265037860,Bombyliidae_Usia_florea_2079597_1265037860,http://creativecommons.org/licenses/by-nc-nd/4.0/
338469,1265037814,Bombyliidae_Usia_florea_1390165_1265037814,http://creativecommons.org/licenses/by-nc-nd/4.0/
338470,1265037814,Bombyliidae_Usia_florea_1390166_1265037814,http://creativecommons.org/licenses/by-nc-nd/4.0/
338471,1265037793,Bombyliidae_Defilippia_minos_2079555_1265037793,http://creativecommons.org/licenses/by-nc-nd/4.0/
338472,1265037793,Bombyliidae_Defilippia_minos_2079556_1265037793,http://creativecommons.org/licenses/by-nc-nd/4.0/
338475,1265037768,Bombyliidae_Defilippia_minos_10221_1265037768,http://creativecommons.org/licenses/by-nc-nd/4.0/
338476,1265037768,Bombyliidae_Defilippia_minos_10222_1265037768,http://creativecommons.org/licenses/by-nc-nd/4.0/
340350,1459682963,Bombyliidae_Villa_cingulata_738811_1459682963,© all rights reserved
340980,2814148474,Bombyliidae_Bombomyia_discoidea_204688_2814148474,http://creativecommons.org/licenses/by-nc/4.0/
341051,3059014556,Bombyliidae_Villa_ixion_961994_3059014556,http://creativecommons.org/licenses/by-nc/4.0/
341064,3892452440,Bombyliidae_Bombylius_discolor_3361387_3892452440,http://creativecommons.org/licenses/by-nc/4.0/
341232,3079556181,Bombyliidae_Bombylius_analis_2345306_3079556181,http://creativecommons.org/licenses/by-nc/4.0/
341307,3079797626,Bombyliidae_Bombylius_canescens_3036462_3079797626,http://creativecommons.org/licenses/by-nc/4.0/
341397,3384308628,Bombyliidae_Bombylius_cinerascens_3079281_3384308628,http://creativecommons.org/licenses/by-nc/4.0/
341398,3384308628,Bombyliidae_Bombylius_cinerascens_3079282_3384308628,http://creativecommons.org/licenses/by-nc/4.0/
341399,3384308628,Bombyliidae_Bombylius_cinerascens_3079283_3384308628,http://creativecommons.org/licenses/by-nc/4.0/
341400,3384308628,Bombyliidae_Bombylius_cinerascens_3079284_3384308628,http://creativecommons.org/licenses/by-nc/4.0/
341401,3384308628,Bombyliidae_Bombylius_cinerascens_3079285_3384308628,http://creativecommons.org/licenses/by-nc/4.0/
341402,3384308628,Bombyliidae_Bombylius_cinerascens_3079286_3384308628,http://creativecommons.org/licenses/by-nc/4.0/
341443,3415428547,Bombyliidae_Villa_brunnea_1022565_3415428547,http://creativecommons.org/licenses/by-nc/4.0/
341577,3327674232,Bombyliidae_Cytherea_obscura_989263_3327674232,http://creativecommons.org/licenses/by-nc/4.0/
341578,3327674232,Bombyliidae_Cytherea_obscura_989264_3327674232,http://creativecommons.org/licenses/by-nc/4.0/
342641,3966529018,Bombyliidae_Bombomyia_discoidea_3415226_3966529018,http://creativecommons.org/licenses/by-nc/4.0/
342642,3966529018,Bombyliidae_Bombomyia_discoidea_3415227_3966529018,http://creativecommons.org/licenses/by-nc/4.0/
343231,3499400018,Bombyliidae_Toxophora_fasciculata_1160723_3499400018,http://creativecommons.org/licenses/by-nc/4.0/
343232,3499400018,Bombyliidae_Toxophora_fasciculata_1160724_3499400018,http://creativecommons.org/licenses/by-nc/4.0/
343247,3915541429,Bombyliidae_Anthrax_trifasciatus_2707979_3915541429,http://creativecommons.org/licenses/by-nc/4.0/
343380,2620000569,Bombyliidae_Hemipenthes_morio_878868_2620000569,http://creativecommons.org/licenses/by-nc/4.0/
344072,3698055341,Bombyliidae_Bombylius_fimbriatus_2540441_3698055341,http://creativecommons.org/licenses/by-nc/4.0/
344077,2294495661,Bombyliidae_Exoprosopa_jacchus_2215102_2294495661,http://creativecommons.org/licenses/by-nc/4.0/
344536,3325860384,Bombyliidae_Villa_hottentotta_1677347_3325860384,http://creativecommons.org/licenses/by/4.0/
345409,3384428141,Bombyliidae_Hemipenthes_maura_1700153_3384428141,http://creativecommons.org/licenses/by-nc/4.0/
345690,3759589802,Bombyliidae_Hemipenthes_velutina_3303626_3759589802,http://creativecommons.org/licenses/by-nc/4.0/
346121,1959684613,Bombyliidae_Exhyalanthrax_afer_99602_1959684613,http://creativecommons.org/licenses/by-nc-nd/4.0/
346471,3727313187,Bombyliidae_Bombylius_venosus_1895675_3727313187,http://creativecommons.org/licenses/by-nc-nd/4.0/
348800,1960148727,Bombyliidae_Bombylius_venosus_791148_1960148727,http://creativecommons.org/licenses/by-nc-nd/4.0/
350337,3772464734,Bombyliidae_Bombylius_fimbriatus_1238898_3772464734,http://creativecommons.org/licenses/by-nc/4.0/
350685,3902609587,Bombyliidae_Phthiria_simonyi_1297140_3902609587,http://creativecommons.org/licenses/by-nc/4.0/
350715,2518102150,Bombyliidae_Thyridanthrax_elegans_1544530_2518102150,http://creativecommons.org/licenses/by-nc/4.0/
350743,2814337457,Bombyliidae_Stomylomyia_tenella_895590_2814337457,http://creativecommons.org/licenses/by-nc/4.0/
350810,4011913436,Bombyliidae_Villa_nigriceps_3436854_4011913436,http://creativecommons.org/licenses/by-nc/4.0/
351179,3892370595,Bombyliidae_Hemipenthes_maura_3360947_3892370595,http://creativecommons.org/licenses/by-nc/4.0/
351285,1880474083,Bombyliidae_Lomatia_belzebul_1458832_1880474083,http://creativecommons.org/licenses/by-nc/4.0/
351286,1880474083,Bombyliidae_Lomatia_belzebul_1458833_1880474083,http://creativecommons.org/licenses/by-nc/4.0/
351721,3429715258,Bombyliidae_Bombylius_medius_3094286_3429715258,© all rights reserved
352206,3947099678,Bombyliidae_Satyramoeba_hetrusca_649340_3947099678,http://creativecommons.org/licenses/by-nc/4.0/
352212,3986129404,Bombyliidae_Bombomyia_discoidea_1349056_3986129404,http://creativecommons.org/licenses/by-nc/4.0/
352216,3986129404,Bombyliidae_Bombomyia_discoidea_1349060_3986129404,http://creativecommons.org/licenses/by-nc/4.0/
352513,2826145614,Bombyliidae_Exhyalanthrax_muscarius_1588520_2826145614,http://creativecommons.org/licenses/by-nc/4.0/
352536,3079744123,Bombyliidae_Bombylius_analis_2345958_3079744123,http://creativecommons.org/licenses/by-nc/4.0/
352951,2269299328,Bombyliidae_Heteralonia_megerlei_144546_2269299328,http://creativecommons.org/licenses/by/4.0/
353523,3455860510,Bombyliidae_Spogostylum_aethiops_3217671_3455860510,http://creativecommons.org/licenses/by-nc/4.0/
353940,3994081893,Bombyliidae_Bombylius_oceanus_2730804_3994081893,http://creativecommons.org/licenses/by-nc/4.0/
353941,3994081893,Bombyliidae_Bombylius_oceanus_2730805_3994081893,http://creativecommons.org/licenses/by-nc/4.0/
354183,3079511144,Bombyliidae_Parageron_grata_2345108_3079511144,http://creativecommons.org/licenses/by/4.0/
354184,3079511144,Bombyliidae_Parageron_grata_2345109_3079511144,http://creativecommons.org/licenses/by/4.0/
354791,3860036963,Bombyliidae_Bombylius_fimbriatus_3342366_3860036963,http://creativecommons.org/licenses/by-nc/4.0/
355025,3432439013,Bombyliidae_Bombylius_minor_337528_3432439013,© all rights reserved
355026,3432439013,Bombyliidae_Bombylius_minor_337529_3432439013,© all rights reserved
356942,3717195617,Bombyliidae_Exhyalanthrax_afer_1170557_3717195617,http://creativecommons.org/licenses/by-nc/4.0/
358371,3823813015,Bombyliidae_Bombylius_discolor_3320606_3823813015,http://creativecommons.org/licenses/by-nc-nd/4.0/
358815,2844271020,Bombyliidae_Anthrax_anthrax_2299761_2844271020,http://creativecommons.org/licenses/by-nc-nd/4.0/
359155,2836119440,Bombyliidae_Anastoechus_nitidulus_1596300_2836119440,http://creativecommons.org/licenses/by-nc-nd/4.0/
362589,1966310509,Bombyliidae_Exoprosopa_capucina_1487950_1966310509,http://creativecommons.org/licenses/by-nc-nd/4.0/
362721,3995012603,Bombyliidae_Ligyra_ferrea_3422212_3995012603,http://creativecommons.org/licenses/by-nc/4.0/
363353,3727995076,Bombyliidae_Exhyalanthrax_afer_519444_3727995076,http://creativecommons.org/licenses/by-nc-nd/4.0/
363421,3859834053,Bombyliidae_Bombylius_major_582920_3859834053,http://creativecommons.org/licenses/by-nc/4.0/
364742,3892411362,Bombyliidae_Phthiria_minuta_1980759_3892411362,http://creativecommons.org/licenses/by-nc/4.0/
364743,3892411362,Bombyliidae_Phthiria_minuta_1980760_3892411362,http://creativecommons.org/licenses/by-nc/4.0/
364744,3892411362,Bombyliidae_Phthiria_minuta_1980761_3892411362,http://creativecommons.org/licenses/by-nc/4.0/
364745,3892411362,Bombyliidae_Phthiria_minuta_1980762_3892411362,http://creativecommons.org/licenses/by-nc/4.0/
364746,3892411362,Bombyliidae_Phthiria_minuta_1980763_3892411362,http://creativecommons.org/licenses/by-nc/4.0/
364753,3764630338,Bombyliidae_Bombylius_oceanus_2616628_3764630338,http://creativecommons.org/licenses/by-nc/4.0/
364754,3764630338,Bombyliidae_Bombylius_oceanus_2616629_3764630338,http://creativecommons.org/licenses/by-nc/4.0/
365174,3873847682,Bombyliidae_Spogostylum_trinotatum_3351381_3873847682,http://creativecommons.org/licenses/by-nc/4.0/
365249,3994147601,Bombyliidae_Villa_hottentotta_2731194_3994147601,http://creativecommons.org/licenses/by-nc/4.0/
365341,3859985257,Bombyliidae_Bombylella_atra_2651135_3859985257,http://creativecommons.org/licenses/by-nc/4.0/
365429,3858823470,Bombyliidae_Villa_nigrifrons_578324_3858823470,http://creativecommons.org/licenses/by-nc/4.0/
366189,3465933670,Bombyliidae_Toxophora_fasciculata_3224069_3465933670,http://creativecommons.org/licenses/by-nc/4.0/
366191,3465933670,Bombyliidae_Toxophora_fasciculata_3224071_3465933670,http://creativecommons.org/licenses/by-nc/4.0/
366317,3330449805,Bombyliidae_Cytherea_obscura_991624_3330449805,http://creativecommons.org/licenses/by-nc/4.0/
366649,3716833721,Bombyliidae_Lomatia_lateralis_2547715_3716833721,http://creativecommons.org/licenses/by-nc-nd/4.0/
368400,2837486571,Bombyliidae_Hemipenthes_velutina_1598863_2837486571,http://creativecommons.org/licenses/by-nc/4.0/
369468,3985611573,Bombyliidae_Bombylius_posticus_2725942_3985611573,http://creativecommons.org/licenses/by-nc/4.0/
369866,3881431498,Bombyliidae_Lomatia_lateralis_1285805_3881431498,http://creativecommons.org/licenses/by-nc/4.0/
370075,2634220790,Bombyliidae_Bombylius_fimbriatus_2955830_2634220790,http://creativecommons.org/licenses/by-nc/4.0/
370077,2634220790,Bombyliidae_Bombylius_fimbriatus_2955832_2634220790,http://creativecommons.org/licenses/by-nc/4.0/
370867,3330753977,Bombyliidae_Anthrax_anthrax_3061539_3330753977,http://creativecommons.org/licenses/by-nc/4.0/
370994,3773408950,Bombyliidae_Petrorossia_guanchorum_552151_3773408950,http://creativecommons.org/licenses/by-nc/4.0/
370995,3773408950,Bombyliidae_Petrorossia_guanchorum_552152_3773408950,http://creativecommons.org/licenses/by-nc/4.0/
371153,3747048431,Bombyliidae_Villa_nigriceps_1231483_3747048431,http://creativecommons.org/licenses/by-nc/4.0/
371558,3872902510,Bombyliidae_Micomitra_stupida_588049_3872902510,http://creativecommons.org/licenses/by/4.0/
371560,3872902510,Bombyliidae_Micomitra_stupida_588051_3872902510,http://creativecommons.org/licenses/by/4.0/
371561,3872902510,Bombyliidae_Micomitra_stupida_588052_3872902510,http://creativecommons.org/licenses/by/4.0/
371562,3872902510,Bombyliidae_Micomitra_stupida_588053_3872902510,http://creativecommons.org/licenses/by/4.0/
371563,3872902510,Bombyliidae_Micomitra_stupida_588054_3872902510,http://creativecommons.org/licenses/by/4.0/
371564,3872902510,Bombyliidae_Micomitra_stupida_588055_3872902510,http://creativecommons.org/licenses/by/4.0/
371565,3872902510,Bombyliidae_Micomitra_stupida_588056_3872902510,http://creativecommons.org/licenses/by/4.0/
371918,2814065341,Bombyliidae_Toxophora_fasciculata_894685_2814065341,http://creativecommons.org/licenses/by-nc/4.0/
371919,2814065341,Bombyliidae_Toxophora_fasciculata_894686_2814065341,http://creativecommons.org/licenses/by-nc/4.0/
372039,3465908176,Bombyliidae_Parageron_grata_1844946_3465908176,http://creativecommons.org/licenses/by-nc/4.0/
372718,3455196468,Bombyliidae_Bombomyia_stictica_2523716_3455196468,http://creativecommons.org/licenses/by-nc/4.0/
372719,3455196468,Bombyliidae_Bombomyia_stictica_2523717_3455196468,http://creativecommons.org/licenses/by-nc/4.0/
372789,3994162949,Bombyliidae_Phthiria_simonyi_663925_3994162949,http://creativecommons.org/licenses/by-nc/4.0/
374364,3725001885,Bombyliidae_Phthiria_pulicaria_1887319_3725001885,http://creativecommons.org/licenses/by-nc-nd/4.0/
375447,1965327117,Bombyliidae_Villa_hottentotta_1485613_1965327117,http://creativecommons.org/licenses/by-nc-nd/4.0/
377875,3721027930,Bombyliidae_Exhyalanthrax_afer_2561779_3721027930,http://creativecommons.org/licenses/by-nc-nd/4.0/
378770,3730110314,Bombyliidae_Villa_modesta_1214979_3730110314,http://creativecommons.org/licenses/by-sa/4.0/
378833,3726325380,Bombyliidae_Villa_hottentotta_1891449_3726325380,http://creativecommons.org/licenses/by-nc-nd/4.0/
379329,2835834882,Bombyliidae_Bombylius_posticus_216890_2835834882,http://creativecommons.org/licenses/by-nc/4.0/
379330,2835834882,Bombyliidae_Bombylius_posticus_216891_2835834882,http://creativecommons.org/licenses/by-nc/4.0/
379331,2835834882,Bombyliidae_Bombylius_posticus_216892_2835834882,http://creativecommons.org/licenses/by-nc/4.0/
379892,3825443150,Bombyliidae_Exoprosopa_rutila_1944585_3825443150,http://creativecommons.org/licenses/by/4.0/
380009,1966424152,Bombyliidae_Anthrax_anthrax_1488284_1966424152,http://creativecommons.org/licenses/by-nc-nd/4.0/
381769,2842705715,Bombyliidae_Bombylius_venosus_1608085_2842705715,http://creativecommons.org/licenses/by-nc/4.0/
382444,3732859840,Bombyliidae_Villa_panisca_3298608_3732859840,http://creativecommons.org/licenses/by-nc/4.0/
383682,2834237802,Bombyliidae_Anthrax_anthrax_904722_2834237802,http://creativecommons.org/licenses/by-nc-nd/4.0/
385650,3079483325,Bombyliidae_Chalcochiton_pallasii_1655421_3079483325,http://creativecommons.org/licenses/by-nc/4.0/
385701,3314211242,Bombyliidae_Hemipenthes_velutina_1672348_3314211242,http://creativecommons.org/licenses/by-nc-nd/4.0/
386009,3859445707,Bombyliidae_Bombomyia_stictica_3339610_3859445707,http://creativecommons.org/licenses/by-nc/4.0/
386145,3335102452,Bombyliidae_Villa_ixion_3064902_3335102452,http://creativecommons.org/licenses/by-nc/4.0/
387016,3328109676,Bombyliidae_Lomatia_lateralis_1679432_3328109676,http://creativecommons.org/licenses/by-nc/4.0/
387278,3355196051,Bombyliidae_Villa_brunnea_1005368_3355196051,http://creativecommons.org/licenses/by-nc/4.0/
387482,3090789775,Bombyliidae_Lomatia_lateralis_1657892_3090789775,http://creativecommons.org/licenses/by-nc-nd/4.0/
387688,3466452335,Bombyliidae_Thyridanthrax_elegans_3225785_3466452335,http://creativecommons.org/licenses/by-nc/4.0/
388057,3113297364,Bombyliidae_Lomatia_lateralis_2353408_3113297364,http://creativecommons.org/licenses/by/4.0/
388108,3802285449,Bombyliidae_Exhyalanthrax_muscarius_2624020_3802285449,http://creativecommons.org/licenses/by-nc/4.0/
388109,3802285449,Bombyliidae_Exhyalanthrax_muscarius_2624021_3802285449,http://creativecommons.org/licenses/by-nc/4.0/
388487,3986203591,Bombyliidae_Lomatia_grajugena_1349273_3986203591,http://creativecommons.org/licenses/by-nc/4.0/
388497,2573900012,Bombyliidae_Heteralonia_megerlei_872315_2573900012,http://creativecommons.org/licenses/by-nc/4.0/
388498,2573900012,Bombyliidae_Heteralonia_megerlei_872316_2573900012,http://creativecommons.org/licenses/by-nc/4.0/
391585,1955443959,Bombyliidae_Exoprosopa_capucina_92912_1955443959,http://creativecommons.org/licenses/by-nc-nd/4.0/
392638,3715545717,Bombyliidae_Exoprosopa_grandis_1855021_3715545717,http://creativecommons.org/licenses/by/4.0/
393503,2843564874,Bombyliidae_Bombylius_discolor_2989287_2843564874,http://creativecommons.org/licenses/by-nc-nd/4.0/
393696,1966403322,Bombyliidae_Exoprosopa_capucina_2177268_1966403322,http://creativecommons.org/licenses/by-nc-nd/4.0/
395224,1953631900,Bombyliidae_Bombylius_discolor_781166_1953631900,http://creativecommons.org/licenses/by-nc-nd/4.0/
395853,3013934675,Bombyliidae_Spogostylum_aethiops_952183_3013934675,http://creativecommons.org/licenses/by-nc/4.0/
395894,3860769361,Bombyliidae_Anthrax_anthrax_3345765_3860769361,http://creativecommons.org/licenses/by-nc/4.0/
396042,3889110556,Bombyliidae_Phthiria_simonyi_3359540_3889110556,http://creativecommons.org/licenses/by-nc/4.0/
396198,3773172948,Bombyliidae_Conophorus_virescens_551572_3773172948,http://creativecommons.org/licenses/by/4.0/
396203,3335144696,Bombyliidae_Hemipenthes_morio_306513_3335144696,http://creativecommons.org/licenses/by-nc/4.0/
396888,3802344779,Bombyliidae_Bombylella_atra_556643_3802344779,http://creativecommons.org/licenses/by-nc/4.0/
396931,3860502730,Bombyliidae_Phthiria_antiqua_3344578_3860502730,http://creativecommons.org/licenses/by-nc/4.0/
396984,2350326795,Bombyliidae_Villa_cingulata_1528405_2350326795,http://creativecommons.org/licenses/by-nc/4.0/
396985,2350326795,Bombyliidae_Villa_cingulata_1528406_2350326795,http://creativecommons.org/licenses/by-nc/4.0/
396986,2350326795,Bombyliidae_Villa_cingulata_1528407_2350326795,http://creativecommons.org/licenses/by-nc/4.0/
396987,2350326795,Bombyliidae_Villa_cingulata_1528408_2350326795,http://creativecommons.org/licenses/by-nc/4.0/
396991,2350326795,Bombyliidae_Villa_cingulata_1528412_2350326795,http://creativecommons.org/licenses/by-nc/4.0/
396993,2350326795,Bombyliidae_Villa_cingulata_1528414_2350326795,http://creativecommons.org/licenses/by-nc/4.0/
397020,3302341285,Bombyliidae_Anthrax_anthrax_1668980_3302341285,http://creativecommons.org/licenses/by-nc/4.0/
397132,3773051600,Bombyliidae_Conophorus_virescens_1240216_3773051600,http://creativecommons.org/licenses/by/4.0/
397133,3773051600,Bombyliidae_Conophorus_virescens_1240217_3773051600,http://creativecommons.org/licenses/by/4.0/
398041,1490700205,Bombyliidae_Hemipenthes_maura_49758_1490700205,© all rights reserved
398115,3434563285,Bombyliidae_Bombylius_minor_2406502_3434563285,© all rights reserved
398343,1670438249,Bombyliidae_Villa_occulta_2811691_1670438249,© all rights reserved
398344,1670438249,Bombyliidae_Villa_occulta_2811692_1670438249,© all rights reserved
398436,1460344550,Bombyliidae_Villa_occulta_2118138_1460344550,© all rights reserved
398633,3303131270,Bombyliidae_Thyridanthrax_fenestratus_981277_3303131270,© All rights reserved
400289,2832936375,Bombyliidae_Villa_halteralis_211220_2832936375,http://creativecommons.org/licenses/by-nc-sa/4.0/
401310,2843424961,Bombyliidae_Hemipenthes_velutina_920820_2843424961,http://creativecommons.org/licenses/by-nc-nd/4.0/
402308,3905403970,Bombyliidae_Anthrax_anthrax_3380975_3905403970,http://creativecommons.org/licenses/by-nc-nd/4.0/
404058,1431703868,Bombyliidae_Bombylius_medius_735315_1431703868,© all rights reserved
404136,2411721952,Bombyliidae_Villa_occulta_844763_2411721952,© All rights reserved
404263,3864147305,Bombyliidae_Villa_occulta_587585_3864147305,© All rights reserved
404264,3864147305,Bombyliidae_Villa_occulta_587586_3864147305,© All rights reserved
404869,3720309460,Bombyliidae_Hemipenthes_morio_2558526_3720309460,http://creativecommons.org/licenses/by-nc-nd/4.0/
409172,3302524968,Bombyliidae_Bombylius_fimbriatus_2359600_3302524968,http://creativecommons.org/licenses/by-nc/4.0/
409430,2603308041,Bombyliidae_Bombylius_discolor_2253697_2603308041,http://creativecommons.org/licenses/by-nc/4.0/
409517,3764483009,Bombyliidae_Petrorossia_guanchorum_3307024_3764483009,http://creativecommons.org/licenses/by-nc/4.0/
409518,3764483009,Bombyliidae_Petrorossia_guanchorum_3307025_3764483009,http://creativecommons.org/licenses/by-nc/4.0/
409519,3764483009,Bombyliidae_Petrorossia_guanchorum_3307026_3764483009,http://creativecommons.org/licenses/by-nc/4.0/
410195,1831109277,Bombyliidae_Bombylius_fimbriatus_70751_1831109277,http://creativecommons.org/licenses/by-nc/4.0/
410231,3802417840,Bombyliidae_Villa_nigriceps_556930_3802417840,http://creativecommons.org/licenses/by-nc/4.0/
410336,3335304453,Bombyliidae_Heteralonia_aeaca_3065653_3335304453,http://creativecommons.org/licenses/by-nc/4.0/
410337,3335304453,Bombyliidae_Heteralonia_aeaca_3065654_3335304453,http://creativecommons.org/licenses/by-nc/4.0/
411680,3892364259,Bombyliidae_Ligyra_ferrea_3360906_3892364259,http://creativecommons.org/licenses/by-nc/4.0/
412299,1457607214,Bombyliidae_Bombomyia_stictica_2115532_1457607214,http://creativecommons.org/licenses/by-nc/4.0/
412342,3802496706,Bombyliidae_Bombylius_posticus_2624757_3802496706,http://creativecommons.org/licenses/by/4.0/
412758,3457058010,Bombyliidae_Bombylius_discolor_464213_3457058010,http://creativecommons.org/licenses/by-nc/4.0/
413148,3109191690,Bombyliidae_Conophorus_glaucescens_2351251_3109191690,http://creativecommons.org/licenses/by-nc/4.0/
413418,3079489858,Bombyliidae_Exoprosopa_rutila_3035204_3079489858,http://creativecommons.org/licenses/by-nc/4.0/
413945,3960984710,Bombyliidae_Thyridanthrax_perspicillaris_1341157_3960984710,http://creativecommons.org/licenses/by-nc/4.0/
413946,3960984710,Bombyliidae_Thyridanthrax_perspicillaris_1341158_3960984710,http://creativecommons.org/licenses/by-nc/4.0/
413947,3960984710,Bombyliidae_Thyridanthrax_perspicillaris_1341159_3960984710,http://creativecommons.org/licenses/by-nc/4.0/
413948,3960984710,Bombyliidae_Thyridanthrax_perspicillaris_1341160_3960984710,http://creativecommons.org/licenses/by-nc/4.0/
414034,2826296768,Bombyliidae_Bombomyia_discoidea_2968456_2826296768,http://creativecommons.org/licenses/by-nc/4.0/
414035,2826296768,Bombyliidae_Bombomyia_discoidea_2968457_2826296768,http://creativecommons.org/licenses/by-nc/4.0/
414694,3874028912,Bombyliidae_Heteralonia_megerlei_1971964_3874028912,http://creativecommons.org/licenses/by-nc/4.0/
414971,3039385557,Bombyliidae_Parageron_grata_3027266_3039385557,http://creativecommons.org/licenses/by-nc/4.0/
415197,4022025309,Bombyliidae_Parageron_grata_682724_4022025309,http://creativecommons.org/licenses/by-nc/4.0/
415569,3773032075,Bombyliidae_Petrorossia_guanchorum_1240164_3773032075,http://creativecommons.org/licenses/by-nc/4.0/
415640,3330462619,Bombyliidae_Villa_hottentotta_3060365_3330462619,http://creativecommons.org/licenses/by-nc/4.0/
416115,3333307613,Bombyliidae_Satyramoeba_hetrusca_995041_3333307613,http://creativecommons.org/licenses/by-nc/4.0/
416116,3333307613,Bombyliidae_Satyramoeba_hetrusca_995042_3333307613,http://creativecommons.org/licenses/by-nc/4.0/
416117,3333307613,Bombyliidae_Satyramoeba_hetrusca_995043_3333307613,http://creativecommons.org/licenses/by-nc/4.0/
416636,3330663425,Bombyliidae_Villa_hottentotta_1680953_3330663425,http://creativecommons.org/licenses/by-nc/4.0/
417114,3338045780,Bombyliidae_Hemipenthes_velutina_3070074_3338045780,http://creativecommons.org/licenses/by-nc/4.0/
417151,3384657582,Bombyliidae_Bombylius_discolor_322631_3384657582,http://creativecommons.org/licenses/by-nc-nd/4.0/
417901,3988471682,Bombyliidae_Triplasius_pictus_2729051_3988471682,http://creativecommons.org/licenses/by-nc/4.0/
418528,3321159982,Bombyliidae_Villa_cingulata_3055330_3321159982,http://creativecommons.org/licenses/by-nc/4.0/
418529,3321159982,Bombyliidae_Villa_cingulata_3055331_3321159982,http://creativecommons.org/licenses/by-nc/4.0/
418917,1433653480,Bombyliidae_Villa_cingulata_1425079_1433653480,© all rights reserved
419075,1432182803,Bombyliidae_Villa_panisca_1424505_1432182803,© all rights reserved
419160,3902765897,Bombyliidae_Micomitra_stupida_2676795_3902765897,http://creativecommons.org/licenses/by-nc/4.0/
419315,3873274518,Bombyliidae_Micomitra_stupida_1279080_3873274518,http://creativecommons.org/licenses/by/4.0/
419316,3873274518,Bombyliidae_Micomitra_stupida_1279081_3873274518,http://creativecommons.org/licenses/by/4.0/
419683,3859326384,Bombyliidae_Villa_nigriceps_2648082_3859326384,http://creativecommons.org/licenses/by-nc/4.0/
419749,3320945700,Bombyliidae_Bombylisoma_melanocephalum_3054512_3320945700,http://creativecommons.org/licenses/by-nc/4.0/
419750,3320945700,Bombyliidae_Bombylisoma_melanocephalum_3054513_3320945700,http://creativecommons.org/licenses/by-nc/4.0/
419751,3320945700,Bombyliidae_Bombylisoma_melanocephalum_3054514_3320945700,http://creativecommons.org/licenses/by-nc/4.0/
420756,4014828350,Bombyliidae_Exhyalanthrax_muscarius_3437103_4014828350,http://creativecommons.org/licenses/by-nc/4.0/
421745,3466031703,Bombyliidae_Bombylius_cruciatus_1155811_3466031703,http://creativecommons.org/licenses/by-nc/4.0/
421747,3466031703,Bombyliidae_Bombylius_cruciatus_1155813_3466031703,http://creativecommons.org/licenses/by-nc/4.0/
422117,3902875753,Bombyliidae_Phthiria_simonyi_1298704_3902875753,http://creativecommons.org/licenses/by-nc/4.0/
422866,3384849023,Bombyliidae_Villa_hottentotta_2391703_3384849023,http://creativecommons.org/licenses/by-nc/4.0/
422964,3307476237,Bombyliidae_Bombylius_cruciatus_1671540_3307476237,http://creativecommons.org/licenses/by-nc/4.0/
422965,3307476237,Bombyliidae_Bombylius_cruciatus_1671541_3307476237,http://creativecommons.org/licenses/by-nc/4.0/
423302,4018649312,Bombyliidae_Bombylius_major_1370547_4018649312,http://creativecommons.org/licenses/by/4.0/
423311,3858423000,Bombyliidae_Bombylella_atra_576261_3858423000,http://creativecommons.org/licenses/by-nc/4.0/
423947,3988537274,Bombyliidae_Villa_melanurus_2729362_3988537274,http://creativecommons.org/licenses/by-nc/4.0/
423948,3988537274,Bombyliidae_Villa_melanurus_2729363_3988537274,http://creativecommons.org/licenses/by-nc/4.0/
424014,3947343606,Bombyliidae_Bombylella_atra_2718273_3947343606,http://creativecommons.org/licenses/by/4.0/
424069,2808002806,Bombyliidae_Bombylius_medius_2961012_2808002806,© all rights reserved
424070,3857831883,Bombyliidae_Villa_longicornis_3331271_3857831883,© all rights reserved
424071,3857831883,Bombyliidae_Villa_longicornis_3331272_3857831883,© all rights reserved
424073,3767890299,Bombyliidae_Lomatia_lateralis_1927729_3767890299,© all rights reserved
424197,3434229381,Bombyliidae_Anthrax_trifasciatus_3096663_3434229381,© all rights reserved
424198,3434229381,Bombyliidae_Anthrax_trifasciatus_3096664_3434229381,© all rights reserved
424199,3434229381,Bombyliidae_Anthrax_trifasciatus_3096665_3434229381,© all rights reserved
424451,2634340374,Bombyliidae_Defilippia_minos_197894_2634340374,http://creativecommons.org/licenses/by-nc/4.0/
424481,3903134602,Bombyliidae_Toxophora_fasciculata_611230_3903134602,http://creativecommons.org/licenses/by-nc/4.0/
424939,2851248329,Bombyliidae_Lomatia_lateralis_930108_2851248329,http://creativecommons.org/licenses/by-nc/4.0/
425096,3772566708,Bombyliidae_Bombylius_discolor_550113_3772566708,http://creativecommons.org/licenses/by-nc/4.0/
425783,2236203126,Bombyliidae_Canariellum_brunnipenne_134593_2236203126,http://creativecommons.org/licenses/by-nc/4.0/
425798,3858238830,Bombyliidae_Exoprosopa_rivularis_575415_3858238830,http://creativecommons.org/licenses/by-nc/4.0/
426013,3746985448,Bombyliidae_Villa_nigriceps_2609799_3746985448,http://creativecommons.org/licenses/by-nc/4.0/
426014,3746985448,Bombyliidae_Villa_nigriceps_2609800_3746985448,http://creativecommons.org/licenses/by-nc/4.0/
426015,3746985448,Bombyliidae_Villa_nigriceps_2609801_3746985448,http://creativecommons.org/licenses/by-nc/4.0/
426201,3384358593,Bombyliidae_Thyridanthrax_fenestratus_321187_3384358593,http://creativecommons.org/licenses/by-nc/4.0/
427595,3784774034,Bombyliidae_Phthiria_antiqua_1933584_3784774034,http://creativecommons.org/licenses/by-nc/4.0/
427605,3124515037,Bombyliidae_Bombylella_atra_977539_3124515037,http://creativecommons.org/licenses/by-nc/4.0/
427707,3079725845,Bombyliidae_Villa_hottentotta_2345890_3079725845,http://creativecommons.org/licenses/by-nc/4.0/
428214,4018276610,Bombyliidae_Defilippia_minos_2749142_4018276610,http://creativecommons.org/licenses/by/4.0/
428215,4018276610,Bombyliidae_Defilippia_minos_2749143_4018276610,http://creativecommons.org/licenses/by/4.0/
428852,3320941572,Bombyliidae_Bombylius_posticus_1674391_3320941572,http://creativecommons.org/licenses/by-nc/4.0/
428853,3320941572,Bombyliidae_Bombylius_posticus_1674392_3320941572,http://creativecommons.org/licenses/by-nc/4.0/
428854,3320941572,Bombyliidae_Bombylius_posticus_1674393_3320941572,http://creativecommons.org/licenses/by-nc/4.0/
429061,3325530666,Bombyliidae_Satyramoeba_hetrusca_3056328_3325530666,http://creativecommons.org/licenses/by-nc/4.0/
429117,2862381186,Bombyliidae_Exoprosopa_pandora_2312013_2862381186,http://creativecommons.org/licenses/by-nc/4.0/
429118,2862381186,Bombyliidae_Exoprosopa_pandora_2312014_2862381186,http://creativecommons.org/licenses/by-nc/4.0/
431147,2833008366,Bombyliidae_Exoprosopa_pandora_901628_2833008366,http://creativecommons.org/licenses/by-sa/4.0/
431560,4015028454,Bombyliidae_Phthiria_simonyi_3437835_4015028454,http://creativecommons.org/licenses/by-nc/4.0/
431700,3802486396,Bombyliidae_Bombylius_fimbriatus_1935128_3802486396,http://creativecommons.org/licenses/by/4.0/
431800,4022172375,Bombyliidae_Parageron_grata_1371569_4022172375,http://creativecommons.org/licenses/by-nc/4.0/
431801,4022172375,Bombyliidae_Parageron_grata_1371570_4022172375,http://creativecommons.org/licenses/by-nc/4.0/
431834,3466044712,Bombyliidae_Villa_hottentotta_466087_3466044712,http://creativecommons.org/licenses/by-nc/4.0/
431875,3747083351,Bombyliidae_Villa_nigrifrons_1231571_3747083351,http://creativecommons.org/licenses/by-nc/4.0/
432045,3383849630,Bombyliidae_Bombylella_atra_3076932_3383849630,http://creativecommons.org/licenses/by-nc/4.0/
432695,3769503321,Bombyliidae_Lomatia_lateralis_2617212_3769503321,© all rights reserved
432761,2328899035,Bombyliidae_Systoechus_ctenopterus_1527398_2328899035,© all rights reserved
432767,2246992958,Bombyliidae_Systoechus_ctenopterus_137389_2246992958,© all rights reserved
433032,1432125943,Bombyliidae_Bombylius_minor_2803147_1432125943,© all rights reserved
433183,3993120155,Bombyliidae_Bombylius_minor_2040359_3993120155,© all rights reserved
433316,3447802056,Bombyliidae_Systoechus_ctenopterus_1833329_3447802056,http://creativecommons.org/licenses/by-sa/4.0/
433345,3448670273,Bombyliidae_Bombylius_minor_1833741_3448670273,http://creativecommons.org/licenses/by-sa/4.0/
433431,1460532469,Bombyliidae_Bombylius_major_740452_1460532469,© all rights reserved
434965,2842758893,Bombyliidae_Villa_modesta_1608247_2842758893,http://creativecommons.org/licenses/by-nc-nd/4.0/
435627,1964894630,Bombyliidae_Villa_hottentotta_105087_1964894630,http://creativecommons.org/licenses/by-nc-sa/4.0/
436162,3827078348,Bombyliidae_Anthrax_anthrax_3328787_3827078348,http://creativecommons.org/licenses/by-nc-nd/4.0/
436361,1955919155,Bombyliidae_Bombylius_venosus_784838_1955919155,http://creativecommons.org/licenses/by-nc-nd/4.0/
436364,1955919155,Bombyliidae_Bombylius_venosus_784841_1955919155,http://creativecommons.org/licenses/by-nc-nd/4.0/
437484,3996339038,Bombyliidae_Anthrax_anthrax_3427163_3996339038,http://creativecommons.org/licenses/by-nc-nd/4.0/
437574,1952422726,Bombyliidae_Villa_modesta_1467379_1952422726,http://creativecommons.org/licenses/by-nc-nd/4.0/
437578,1952422726,Bombyliidae_Villa_modesta_1467383_1952422726,http://creativecommons.org/licenses/by-nc-nd/4.0/
438804,3721353459,Bombyliidae_Exoprosopa_capucina_1184828_3721353459,http://creativecommons.org/licenses/by-nc-nd/4.0/
439939,2833249445,Bombyliidae_Exoprosopa_pandora_901963_2833249445,http://creativecommons.org/licenses/by-nc-nd/4.0/
439940,2833249445,Bombyliidae_Exoprosopa_pandora_901964_2833249445,http://creativecommons.org/licenses/by-nc-nd/4.0/
441827,3905539864,Bombyliidae_Hemipenthes_velutina_1312565_3905539864,http://creativecommons.org/licenses/by-nc-nd/4.0/
442877,3878954329,Bombyliidae_Bombylius_minor_594585_3878954329,© All rights reserved
443617,3904066322,Bombyliidae_Heteralonia_megerlei_3372957_3904066322,http://creativecommons.org/licenses/by-nc/4.0/
443788,1976678757,Bombyliidae_Villa_hottentotta_814411_1976678757,http://creativecommons.org/licenses/by-nc/4.0/
444484,2836839147,Bombyliidae_Exoprosopa_capucina_218178_2836839147,http://creativecommons.org/licenses/by/4.0/
445272,2842471645,Bombyliidae_Exhyalanthrax_afer_2986989_2842471645,http://creativecommons.org/licenses/by-nc/4.0/
447507,3825003885,Bombyliidae_Eclimus_gracilis_3323624_3825003885,http://creativecommons.org/licenses/by-nc/4.0/
449144,3903900368,Bombyliidae_Heteralonia_megerlei_613774_3903900368,http://creativecommons.org/licenses/by-nc-nd/4.0/
450525,2836150652,Bombyliidae_Thyridanthrax_fenestratus_1596328_2836150652,http://creativecommons.org/licenses/by-nc-nd/4.0/
451279,2841434005,Bombyliidae_Bombylius_venosus_1604437_2841434005,http://creativecommons.org/licenses/by-nc-nd/4.0/
455938,3995598594,Bombyliidae_Ligyra_ferrea_2044385_3995598594,http://creativecommons.org/licenses/by-nc/4.0/
455939,3995598594,Bombyliidae_Ligyra_ferrea_2044386_3995598594,http://creativecommons.org/licenses/by-nc/4.0/
457968,3716711470,Bombyliidae_Hemipenthes_morio_3237171_3716711470,http://creativecommons.org/licenses/by-nc-nd/4.0/
458239,1969934650,Bombyliidae_Exoprosopa_capucina_804658_1969934650,http://creativecommons.org/licenses/by-nc-nd/4.0/
459405,3720220201,Bombyliidae_Anthrax_anthrax_2558226_3720220201,http://creativecommons.org/licenses/by-nc-nd/4.0/
459895,1966127481,Bombyliidae_Phthiria_pulicaria_1487411_1966127481,http://creativecommons.org/licenses/by-nc-nd/4.0/
461947,3333314575,Bombyliidae_Anthrax_trifasciatus_995095_3333314575,http://creativecommons.org/licenses/by-nc/4.0/
462043,3113451375,Bombyliidae_Lomatia_lateralis_1664135_3113451375,http://creativecommons.org/licenses/by/4.0/
462107,3109285706,Bombyliidae_Conophorus_glaucescens_283381_3109285706,http://creativecommons.org/licenses/by-nc/4.0/
462178,3773728383,Bombyliidae_Bombylius_major_552691_3773728383,http://creativecommons.org/licenses/by-nc/4.0/
462205,3327743651,Bombyliidae_Amictus_variegatus_2367989_3327743651,http://creativecommons.org/licenses/by-nc/4.0/
462206,3327743651,Bombyliidae_Amictus_variegatus_2367990_3327743651,http://creativecommons.org/licenses/by-nc/4.0/
463038,3109280424,Bombyliidae_Geron_hesperidum_1661891_3109280424,http://creativecommons.org/licenses/by-nc/4.0/
463155,3947272739,Bombyliidae_Satyramoeba_hetrusca_1338567_3947272739,http://creativecommons.org/licenses/by-nc/4.0/
465177,1846944425,Bombyliidae_Bombylius_major_2144368_1846944425,
468819,1973775898,Bombyliidae_Exhyalanthrax_afer_119875_1973775898,http://creativecommons.org/licenses/by-nc-nd/4.0/
470878,2835135995,Bombyliidae_Bombylius_discolor_2974992_2835135995,http://creativecommons.org/licenses/by-nc-nd/4.0/
471819,1976537718,Bombyliidae_Exhyalanthrax_afer_1502473_1976537718,http://creativecommons.org/licenses/by-nc-nd/4.0/
473443,1976737757,Bombyliidae_Hemipenthes_morio_1502960_1976737757,http://creativecommons.org/licenses/by/4.0/
474648,3727237423,Bombyliidae_Anthrax_trifasciatus_516958_3727237423,http://creativecommons.org/licenses/by-nc-nd/4.0/
474934,3874063589,Bombyliidae_Spogostylum_trinotatum_1282890_3874063589,http://creativecommons.org/licenses/by-nc/4.0/
475175,3466432434,Bombyliidae_Anthrax_trifasciatus_1846655_3466432434,http://creativecommons.org/licenses/by-nc/4.0/
475609,3013871675,Bombyliidae_Villa_cingulata_951801_3013871675,http://creativecommons.org/licenses/by-nc/4.0/
475610,3013871675,Bombyliidae_Villa_cingulata_951802_3013871675,http://creativecommons.org/licenses/by-nc/4.0/
475611,3013871675,Bombyliidae_Villa_cingulata_951803_3013871675,http://creativecommons.org/licenses/by-nc/4.0/
475612,3013871675,Bombyliidae_Villa_cingulata_951804_3013871675,http://creativecommons.org/licenses/by-nc/4.0/
475613,3013871675,Bombyliidae_Villa_cingulata_951805_3013871675,http://creativecommons.org/licenses/by-nc/4.0/
475614,3013871675,Bombyliidae_Villa_cingulata_951806_3013871675,http://creativecommons.org/licenses/by-nc/4.0/
475616,3013871675,Bombyliidae_Villa_cingulata_951808_3013871675,http://creativecommons.org/licenses/by-nc/4.0/
475735,4015203526,Bombyliidae_Villa_ixion_3438082_4015203526,http://creativecommons.org/licenses/by-nc/4.0/
476498,2611159649,Bombyliidae_Hemipenthes_morio_2946168_2611159649,http://creativecommons.org/licenses/by-nc/4.0/
476519,2609336469,Bombyliidae_Bombylius_callopterus_187350_2609336469,http://creativecommons.org/licenses/by-nc-nd/4.0/
476520,2609336469,Bombyliidae_Bombylius_callopterus_187351_2609336469,http://creativecommons.org/licenses/by-nc-nd/4.0/
476521,2609336469,Bombyliidae_Bombylius_callopterus_187352_2609336469,http://creativecommons.org/licenses/by-nc-nd/4.0/
476522,2609336469,Bombyliidae_Bombylius_callopterus_187353_2609336469,http://creativecommons.org/licenses/by-nc-nd/4.0/
476523,2609336469,Bombyliidae_Bombylius_callopterus_187354_2609336469,http://creativecommons.org/licenses/by-nc-nd/4.0/
476524,2609336469,Bombyliidae_Bombylius_callopterus_187355_2609336469,http://creativecommons.org/licenses/by-nc-nd/4.0/
476556,3903377768,Bombyliidae_Exhyalanthrax_muscarius_1990579_3903377768,http://creativecommons.org/licenses/by-nc/4.0/
476557,3903377768,Bombyliidae_Exhyalanthrax_muscarius_1990580_3903377768,http://creativecommons.org/licenses/by-nc/4.0/
476600,3892533068,Bombyliidae_Anastoechus_latifrons_603131_3892533068,http://creativecommons.org/licenses/by-nc/4.0/
477473,4021958499,Bombyliidae_Parageron_grata_3440008_4021958499,http://creativecommons.org/licenses/by/4.0/
479395,3872894057,Bombyliidae_Hemipenthes_maura_1277154_3872894057,http://creativecommons.org/licenses/by-nc/4.0/
479728,3031960518,Bombyliidae_Exhyalanthrax_simonae_957206_3031960518,http://creativecommons.org/licenses/by-sa/4.0/
480019,1931523618,Bombyliidae_Toxophora_fasciculata_2843335_1931523618,http://creativecommons.org/licenses/by-nc-sa/4.0/
480311,3772571348,Bombyliidae_Exhyalanthrax_simonae_1239097_3772571348,http://creativecommons.org/licenses/by-nc/4.0/
480564,3872931517,Bombyliidae_Micomitra_stupida_3346818_3872931517,http://creativecommons.org/licenses/by/4.0/
480566,3872931517,Bombyliidae_Micomitra_stupida_3346820_3872931517,http://creativecommons.org/licenses/by/4.0/
480936,4009945610,Bombyliidae_Thyridanthrax_indigenus_2054697_4009945610,http://creativecommons.org/licenses/by/4.0/
481053,3314185979,Bombyliidae_Hemipenthes_morio_3052461_3314185979,http://creativecommons.org/licenses/by-nc/4.0/
482042,3859515039,Bombyliidae_Phthiria_antiqua_581431_3859515039,http://creativecommons.org/licenses/by-nc/4.0/
482110,2813991443,Bombyliidae_Plesiocera_algira_2962573_2813991443,http://creativecommons.org/licenses/by-nc/4.0/
482111,2813991443,Bombyliidae_Plesiocera_algira_2962574_2813991443,http://creativecommons.org/licenses/by-nc/4.0/
482112,2813991443,Bombyliidae_Plesiocera_algira_2962575_2813991443,http://creativecommons.org/licenses/by-nc/4.0/
482144,3860590206,Bombyliidae_Anastoechus_latifrons_3345073_3860590206,http://creativecommons.org/licenses/by-nc/4.0/
482250,2444961592,Bombyliidae_Exoprosopa_jacchus_2230107_2444961592,http://creativecommons.org/licenses/by-sa/4.0/
482516,3384547798,Bombyliidae_Exhyalanthrax_melanchlaenus_1700728_3384547798,http://creativecommons.org/licenses/by-nc/4.0/
482711,4009764033,Bombyliidae_Bombylius_cruciatus_676133_4009764033,http://creativecommons.org/licenses/by-nc/4.0/
482931,3712698325,Bombyliidae_Bombylius_oceanus_1164603_3712698325,http://creativecommons.org/licenses/by-sa/4.0/
483013,3097173615,Bombyliidae_Bombylius_fimbriatus_282110_3097173615,http://creativecommons.org/licenses/by-nc/4.0/
483014,3097173615,Bombyliidae_Bombylius_fimbriatus_282111_3097173615,http://creativecommons.org/licenses/by-nc/4.0/
483015,3097173615,Bombyliidae_Bombylius_fimbriatus_282112_3097173615,http://creativecommons.org/licenses/by-nc/4.0/
483183,3988734217,Bombyliidae_Villa_nigriceps_3420226_3988734217,http://creativecommons.org/licenses/by-nc/4.0/
484072,3715205172,Bombyliidae_Cyllenia_rustica_475357_3715205172,http://creativecommons.org/licenses/by-nc/4.0/
484648,2843179509,Bombyliidae_Hemipenthes_velutina_920337_2843179509,http://creativecommons.org/licenses/by-nc-sa/4.0/
485459,3731292679,Bombyliidae_Anthrax_anthrax_3290791_3731292679,http://creativecommons.org/licenses/by-nc-nd/4.0/
485901,3716593298,Bombyliidae_Hemipenthes_morio_477974_3716593298,http://creativecommons.org/licenses/by-nc-nd/4.0/
486946,3731109050,Bombyliidae_Exoprosopa_capucina_3289798_3731109050,http://creativecommons.org/licenses/by-nc/4.0/
488529,2836689838,Bombyliidae_Exoprosopa_capucina_217867_2836689838,http://creativecommons.org/licenses/by-nc-nd/4.0/
489032,2832743186,Bombyliidae_Exhyalanthrax_afer_901442_2832743186,http://creativecommons.org/licenses/by-nc-nd/4.0/
491616,1969786185,Bombyliidae_Thyridanthrax_fenestratus_2872147_1969786185,http://creativecommons.org/licenses/by-nc-nd/4.0/
492272,3729016503,Bombyliidae_Bombylius_major_1211316_3729016503,http://creativecommons.org/licenses/by-nc-nd/4.0/
493763,3716576505,Bombyliidae_Anthrax_anthrax_1857261_3716576505,http://creativecommons.org/licenses/by-nc-nd/4.0/
495545,2836418718,Bombyliidae_Exoprosopa_pandora_1596648_2836418718,http://creativecommons.org/licenses/by-nc-nd/4.0/
498020,1670367527,Bombyliidae_Thyridanthrax_fenestratus_2811654_1670367527,© all rights reserved
498091,2809577303,Bombyliidae_Hemipenthes_maura_2961820_2809577303,© all rights reserved
498139,3856840429,Bombyliidae_Hemipenthes_morio_3330641_3856840429,
498171,1135247690,Bombyliidae_Villa_hottentotta_2076446_1135247690,© all rights reserved
499224,1459349606,Bombyliidae_Villa_modesta_47082_1459349606,© all rights reserved
499501,3430123206,Bombyliidae_Systoechus_ctenopterus_336426_3430123206,© all rights reserved
500251,2272878817,Bombyliidae_Hemipenthes_maura_145113_2272878817,© all rights reserved
500295,2847398568,Bombyliidae_Bombylius_minor_235300_2847398568,© all rights reserved
500480,1135548711,Bombyliidae_Hemipenthes_maura_698644_1135548711,© all rights reserved
501546,1459645890,Bombyliidae_Villa_longicornis_2806201_1459645890,© all rights reserved
502512,3325692345,Bombyliidae_Lomatia_lateralis_1676762_3325692345,http://creativecommons.org/licenses/by-nc-nd/4.0/
503263,3889073566,Bombyliidae_Villa_nigriceps_2668447_3889073566,http://creativecommons.org/licenses/by-nc/4.0/
503308,3355245002,Bombyliidae_Spogostylum_aethiops_1694255_3355245002,http://creativecommons.org/licenses/by-nc/4.0/
503309,3355245002,Bombyliidae_Spogostylum_aethiops_1694256_3355245002,http://creativecommons.org/licenses/by-nc/4.0/
503406,4018296618,Bombyliidae_Exoprosopa_rutila_2749297_4018296618,http://creativecommons.org/licenses/by-nc/4.0/
503598,3455177165,Bombyliidae_Villa_ixion_1144997_3455177165,http://creativecommons.org/licenses/by-nc/4.0/
503865,3321150964,Bombyliidae_Bombomyia_stictica_296606_3321150964,http://creativecommons.org/licenses/by/4.0/
503866,3321150964,Bombyliidae_Bombomyia_stictica_296607_3321150964,http://creativecommons.org/licenses/by/4.0/
504018,3383938910,Bombyliidae_Spogostylum_aethiops_3077556_3383938910,http://creativecommons.org/licenses/by-nc/4.0/
504052,3415403810,Bombyliidae_Systoechus_ctenopterus_1711308_3415403810,http://creativecommons.org/licenses/by-nc/4.0/
504173,3456513308,Bombyliidae_Dischistus_atlanticus_462033_3456513308,http://creativecommons.org/licenses/by-nc/4.0/
504174,3456513308,Bombyliidae_Dischistus_atlanticus_462034_3456513308,http://creativecommons.org/licenses/by-nc/4.0/
504175,3759796312,Bombyliidae_Thyridanthrax_indigenus_546115_3759796312,http://creativecommons.org/licenses/by-nc/4.0/
505001,2302781545,Bombyliidae_Villa_panisca_2906287_2302781545,© all rights reserved
505323,1433357711,Bombyliidae_Villa_occulta_45128_1433357711,© all rights reserved
505324,1433357711,Bombyliidae_Villa_occulta_45129_1433357711,© all rights reserved
505606,1433726976,Bombyliidae_Anthrax_trifasciatus_2114459_1433726976,© all rights reserved
505695,3433151673,Bombyliidae_Anthrax_varius_3096034_3433151673,© all rights reserved
505860,2272690502,Bombyliidae_Bombylius_medius_2212918_2272690502,© all rights reserved
506010,3857422386,Bombyliidae_Bombylius_medius_2640125_3857422386,© all rights reserved
506255,3857409662,Bombyliidae_Bombylius_medius_572443_3857409662,© all rights reserved
506266,2272846163,Bombyliidae_Anthrax_varius_2903449_2272846163,© all rights reserved
506267,2272846163,Bombyliidae_Anthrax_varius_2903450_2272846163,© all rights reserved
506646,1431425316,Bombyliidae_Bombylius_medius_44131_1431425316,© all rights reserved
506821,1432322769,Bombyliidae_Villa_panisca_2803293_1432322769,© all rights reserved
507046,1132437927,Bombyliidae_Villa_panisca_1386821_1132437927,© all rights reserved
507448,2809358022,Bombyliidae_Bombylius_medius_2961684_2809358022,© all rights reserved
507747,3431450742,Bombyliidae_Bombylius_medius_3095205_3431450742,© all rights reserved
507814,1460307416,Bombyliidae_Villa_occulta_2118041_1460307416,© all rights reserved
507815,1460307416,Bombyliidae_Villa_occulta_2118042_1460307416,© all rights reserved
507942,2809201565,Bombyliidae_Anthrax_varius_2271337_2809201565,© all rights reserved
508044,1460297597,Bombyliidae_Villa_occulta_740048_1460297597,© all rights reserved
508045,1460297597,Bombyliidae_Villa_occulta_740049_1460297597,© all rights reserved
508046,1460297597,Bombyliidae_Villa_occulta_740050_1460297597,© all rights reserved
508055,1884580950,Bombyliidae_Anthrax_trifasciatus_772707_1884580950,© all rights reserved
508056,1884580950,Bombyliidae_Anthrax_trifasciatus_772708_1884580950,© all rights reserved
508283,3431350761,Bombyliidae_Bombylius_medius_3095145_3431350761,© all rights reserved
508403,3856846343,Bombyliidae_Anthrax_varius_572080_3856846343,© all rights reserved
508758,3881474589,Bombyliidae_Lomatia_lateralis_3355604_3881474589,http://creativecommons.org/licenses/by-nc/4.0/
509189,3097384674,Bombyliidae_Bombylella_atra_3041075_3097384674,http://creativecommons.org/licenses/by-nc/4.0/
509191,3097384674,Bombyliidae_Bombylella_atra_3041077_3097384674,http://creativecommons.org/licenses/by-nc/4.0/
509257,2814353088,Bombyliidae_Hemipenthes_morio_2963888_2814353088,http://creativecommons.org/licenses/by-nc/4.0/
509276,4014841513,Bombyliidae_Spogostylum_trinotatum_679470_4014841513,http://creativecommons.org/licenses/by-nc/4.0/
509445,3903043022,Bombyliidae_Villa_nigrifrons_610755_3903043022,http://creativecommons.org/licenses/by-nc/4.0/
509457,3314308104,Bombyliidae_Bombylius_cruciatus_984196_3314308104,http://creativecommons.org/licenses/by-nc/4.0/
509507,4022314340,Bombyliidae_Parageron_incisa_1372116_4022314340,http://creativecommons.org/licenses/by-nc/4.0/
509876,3747170373,Bombyliidae_Villa_nigrifrons_1921102_3747170373,http://creativecommons.org/licenses/by-nc/4.0/
509994,4022208996,Bombyliidae_Geron_hesperidum_683413_4022208996,http://creativecommons.org/licenses/by-nc/4.0/
510046,2823119695,Bombyliidae_Exoprosopa_jacchus_1587315_2823119695,http://creativecommons.org/licenses/by-nc/4.0/
510074,3784998404,Bombyliidae_Geron_hesperidum_1244978_3784998404,http://creativecommons.org/licenses/by-nc/4.0/
510377,2269269091,Bombyliidae_Bombomyia_stictica_2902833_2269269091,http://creativecommons.org/licenses/by/4.0/
511177,3302400801,Bombyliidae_Bombylella_atra_1669211_3302400801,http://creativecommons.org/licenses/by-nc/4.0/
511259,3873715388,Bombyliidae_Micomitra_iris_1281298_3873715388,http://creativecommons.org/licenses/by-nc/4.0/
511260,3873715388,Bombyliidae_Micomitra_iris_1281299_3873715388,http://creativecommons.org/licenses/by-nc/4.0/
511386,3859274698,Bombyliidae_Geron_hesperidum_2647802_3859274698,http://creativecommons.org/licenses/by-nc/4.0/
511654,3966715392,Bombyliidae_Exhyalanthrax_simonae_1346434_3966715392,http://creativecommons.org/licenses/by-nc/4.0/
512011,2847824521,Bombyliidae_Villa_hottentotta_2303675_2847824521,© all rights reserved
512783,2574055788,Bombyliidae_Hemipenthes_maura_2250192_2574055788,http://creativecommons.org/licenses/by-nc/4.0/
513183,3383906628,Bombyliidae_Cononedys_scutellata_318842_3383906628,http://creativecommons.org/licenses/by-nc/4.0/
513248,3747109868,Bombyliidae_Bombylius_trichurus_2610185_3747109868,http://creativecommons.org/licenses/by-nc/4.0/
513249,3747109868,Bombyliidae_Bombylius_trichurus_2610186_3747109868,http://creativecommons.org/licenses/by-nc/4.0/
513250,3747109868,Bombyliidae_Bombylius_trichurus_2610187_3747109868,http://creativecommons.org/licenses/by-nc/4.0/
513333,3747114530,Bombyliidae_Villa_nigrifrons_542750_3747114530,http://creativecommons.org/licenses/by-nc/4.0/
514243,2596422966,Bombyliidae_Hemipenthes_villeneuvei_1564141_2596422966,http://creativecommons.org/licenses/by-nc/4.0/
514343,1838392773,Bombyliidae_Bombomyia_discoidea_2140816_1838392773,http://creativecommons.org/licenses/by-nc/4.0/
514648,3860531074,Bombyliidae_Bombomyia_stictica_1964362_3860531074,http://creativecommons.org/licenses/by/4.0/
515701,2626589646,Bombyliidae_Bombylius_cruciatus_2949328_2626589646,http://creativecommons.org/licenses/by-nc/4.0/
516173,2634095188,Bombyliidae_Anthrax_anthrax_197290_2634095188,http://creativecommons.org/licenses/by-nc/4.0/
516520,3466037327,Bombyliidae_Bombylius_discolor_3224554_3466037327,http://creativecommons.org/publicdomain/zero/1.0/
516564,3408122787,Bombyliidae_Anthrax_trifasciatus_2399671_3408122787,http://creativecommons.org/licenses/by-nc/4.0/
516660,4022264438,Bombyliidae_Parageron_grata_2751104_4022264438,http://creativecommons.org/licenses/by-nc/4.0/
516661,4022264438,Bombyliidae_Parageron_grata_2751105_4022264438,http://creativecommons.org/licenses/by-nc/4.0/
516995,3325772522,Bombyliidae_Villa_ixion_2366923_3325772522,http://creativecommons.org/licenses/by-nc/4.0/
517803,3383845643,Bombyliidae_Bombylius_cinerascens_3076905_3383845643,http://creativecommons.org/licenses/by-nc/4.0/
517804,3383845643,Bombyliidae_Bombylius_cinerascens_3076906_3383845643,http://creativecommons.org/licenses/by-nc/4.0/
518214,2901713288,Bombyliidae_Villa_melanurus_3009879_2901713288,http://creativecommons.org/licenses/by-nc/4.0/
518215,2901713288,Bombyliidae_Villa_melanurus_3009880_2901713288,http://creativecommons.org/licenses/by-nc/4.0/
518936,2619902450,Bombyliidae_Hemipenthes_velutina_878691_2619902450,http://creativecommons.org/publicdomain/zero/1.0/
519932,3302001054,Bombyliidae_Hemipenthes_morio_3048043_3302001054,http://creativecommons.org/licenses/by-nc/4.0/
520047,3760177084,Bombyliidae_Bombylius_major_3305387_3760177084,http://creativecommons.org/licenses/by-nc/4.0/
520473,3079809156,Bombyliidae_Bombylius_analis_968030_3079809156,http://creativecommons.org/licenses/by-nc/4.0/
520637,3873277124,Bombyliidae_Villa_nigrifrons_1968360_3873277124,http://creativecommons.org/licenses/by-nc/4.0/
520887,3344075895,Bombyliidae_Toxophora_fasciculata_2381824_3344075895,http://creativecommons.org/licenses/by-nc/4.0/
520888,3344075895,Bombyliidae_Toxophora_fasciculata_2381825_3344075895,http://creativecommons.org/licenses/by-nc/4.0/
520889,3344075895,Bombyliidae_Toxophora_fasciculata_2381826_3344075895,http://creativecommons.org/licenses/by-nc/4.0/
520954,3499562855,Bombyliidae_Phthiria_antiqua_3230078_3499562855,http://creativecommons.org/licenses/by-nc/4.0/
520955,3499562855,Bombyliidae_Phthiria_antiqua_3230079_3499562855,http://creativecommons.org/licenses/by-nc/4.0/
521202,3343978771,Bombyliidae_Satyramoeba_hetrusca_1692035_3343978771,http://creativecommons.org/licenses/by-nc/4.0/
522085,3923298275,Bombyliidae_Anthrax_trifasciatus_3403399_3923298275,http://creativecommons.org/licenses/by-nc-nd/4.0/
522086,3923298275,Bombyliidae_Anthrax_trifasciatus_3403400_3923298275,http://creativecommons.org/licenses/by-nc-nd/4.0/
522109,1986597260,Bombyliidae_Hemipenthes_velutina_1505318_1986597260,http://creativecommons.org/licenses/by-nc/4.0/
522366,3079745841,Bombyliidae_Exoprosopa_rutila_967765_3079745841,http://creativecommons.org/licenses/by-nc/4.0/
522367,3079745841,Bombyliidae_Exoprosopa_rutila_967766_3079745841,http://creativecommons.org/licenses/by-nc/4.0/
522566,3466141453,Bombyliidae_Bombylius_analis_466453_3466141453,http://creativecommons.org/licenses/by-nc/4.0/
523419,3760054152,Bombyliidae_Bombylius_discolor_3305079_3760054152,http://creativecommons.org/licenses/by-nc/4.0/
523440,3068076179,Bombyliidae_Bombomyia_discoidea_3032981_3068076179,http://creativecommons.org/licenses/by-nc/4.0/
523459,3301845554,Bombyliidae_Lomatia_belzebul_3047528_3301845554,http://creativecommons.org/licenses/by-nc/4.0/
523460,3301845554,Bombyliidae_Lomatia_belzebul_3047529_3301845554,http://creativecommons.org/licenses/by-nc/4.0/
523461,3301845554,Bombyliidae_Lomatia_belzebul_3047530_3301845554,http://creativecommons.org/licenses/by-nc/4.0/
523462,3301845554,Bombyliidae_Lomatia_belzebul_3047531_3301845554,http://creativecommons.org/licenses/by-nc/4.0/
523876,3872879513,Bombyliidae_Micomitra_stupida_1277056_3872879513,http://creativecommons.org/licenses/by/4.0/
524427,2813912666,Bombyliidae_Bombylius_canescens_2962262_2813912666,http://creativecommons.org/licenses/by-nc/4.0/
525135,3355331140,Bombyliidae_Exoprosopa_capucina_1005922_3355331140,http://creativecommons.org/licenses/by-nc/4.0/
525769,3881394471,Bombyliidae_Phthiria_pulicaria_596603_3881394471,http://creativecommons.org/licenses/by-nc/4.0/
525851,2883199345,Bombyliidae_Heteralonia_megerlei_1627568_2883199345,http://creativecommons.org/licenses/by-nc/4.0/
525940,3325745763,Bombyliidae_Villa_ixion_298366_3325745763,http://creativecommons.org/licenses/by-nc/4.0/
526829,2836983954,Bombyliidae_Anthrax_anthrax_908904_2836983954,http://creativecommons.org/licenses/by-nc-nd/4.0/
528245,1959930709,Bombyliidae_Exoprosopa_capucina_100144_1959930709,http://creativecommons.org/licenses/by/4.0/
530499,2838554060,Bombyliidae_Bombylius_posticus_1601117_2838554060,http://creativecommons.org/licenses/by-nc-nd/4.0/
530500,2838554060,Bombyliidae_Bombylius_posticus_1601118_2838554060,http://creativecommons.org/licenses/by-nc-nd/4.0/
531405,3343754419,Bombyliidae_Villa_brunnea_2380593_3343754419,http://creativecommons.org/licenses/by-nc-nd/4.0/
531406,3343754419,Bombyliidae_Villa_brunnea_2380594_3343754419,http://creativecommons.org/licenses/by-nc-nd/4.0/
531527,2574011274,Bombyliidae_Dischistus_atlanticus_182335_2574011274,http://creativecommons.org/publicdomain/zero/1.0/
531528,2574011274,Bombyliidae_Dischistus_atlanticus_182336_2574011274,http://creativecommons.org/publicdomain/zero/1.0/
532670,3384401388,Bombyliidae_Systoechus_ctenopterus_1011307_3384401388,http://creativecommons.org/licenses/by-nc/4.0/
532891,3759775276,Bombyliidae_Bombylius_major_1234834_3759775276,http://creativecommons.org/licenses/by-nc/4.0/
533015,3873829740,Bombyliidae_Lomatia_lateralis_3351320_3873829740,http://creativecommons.org/licenses/by-nc/4.0/
534029,3335139254,Bombyliidae_Villa_modesta_3065139_3335139254,http://creativecommons.org/licenses/by-nc/4.0/
534552,3384828624,Bombyliidae_Villa_brunnea_1701986_3384828624,http://creativecommons.org/licenses/by-nc/4.0/
535402,3881487353,Bombyliidae_Lomatia_lateralis_1975352_3881487353,http://creativecommons.org/licenses/by/4.0/
535404,3881487353,Bombyliidae_Lomatia_lateralis_1975354_3881487353,http://creativecommons.org/licenses/by/4.0/
535477,3858361524,Bombyliidae_Anthrax_anthrax_1954284_3858361524,http://creativecommons.org/licenses/by-nc/4.0/
535832,3079673878,Bombyliidae_Exoprosopa_rutila_967477_3079673878,http://creativecommons.org/licenses/by-nc/4.0/
535833,3079673878,Bombyliidae_Exoprosopa_rutila_967478_3079673878,http://creativecommons.org/licenses/by-nc/4.0/
536550,2814254445,Bombyliidae_Exoprosopa_italica_895349_2814254445,http://creativecommons.org/licenses/by-nc/4.0/
536551,2814254445,Bombyliidae_Exoprosopa_italica_895350_2814254445,http://creativecommons.org/licenses/by-nc/4.0/
536693,3058940693,Bombyliidae_Triplasius_pictus_2339946_3058940693,http://creativecommons.org/licenses/by-nc/4.0/
536716,2826307780,Bombyliidae_Exhyalanthrax_afer_900181_2826307780,http://creativecommons.org/licenses/by/4.0/
537234,4022199365,Bombyliidae_Parageron_grata_3441016_4022199365,http://creativecommons.org/licenses/by-nc/4.0/
537329,3859473985,Bombyliidae_Bombomyia_stictica_2648755_3859473985,http://creativecommons.org/licenses/by-nc/4.0/
537332,3759911319,Bombyliidae_Bombylius_discolor_1235389_3759911319,http://creativecommons.org/licenses/by-nc/4.0/
537459,1850995245,Bombyliidae_Hemipenthes_velutina_769986_1850995245,http://creativecommons.org/licenses/by/4.0/
537543,3961160687,Bombyliidae_Bombomyia_discoidea_2721293_3961160687,http://creativecommons.org/licenses/by-nc/4.0/
537545,3961160687,Bombyliidae_Bombomyia_discoidea_2721295_3961160687,http://creativecommons.org/licenses/by-nc/4.0/
537785,2580118948,Bombyliidae_Lomatia_sabaea_183983_2580118948,http://creativecommons.org/licenses/by-nc/4.0/
537800,2901727299,Bombyliidae_Villa_niphobleta_941373_2901727299,http://creativecommons.org/licenses/by-nc/4.0/
537801,2901727299,Bombyliidae_Villa_niphobleta_941374_2901727299,http://creativecommons.org/licenses/by-nc/4.0/
538322,3059159005,Bombyliidae_Bombomyia_discoidea_272103_3059159005,http://creativecommons.org/licenses/by-nc/4.0/
539926,3456118644,Bombyliidae_Bombylius_ambustus_3218835_3456118644,http://creativecommons.org/licenses/by-nc/4.0/
539963,3903469018,Bombyliidae_Thyridanthrax_indigenus_1991011_3903469018,http://creativecommons.org/licenses/by-nc/4.0/
540453,4022209373,Bombyliidae_Usia_versicolor_683416_4022209373,http://creativecommons.org/publicdomain/zero/1.0/
540455,4022209373,Bombyliidae_Usia_versicolor_683418_4022209373,http://creativecommons.org/publicdomain/zero/1.0/
541685,3873018507,Bombyliidae_Micomitra_stupida_588729_3873018507,http://creativecommons.org/licenses/by/4.0/
541869,3902247167,Bombyliidae_Heteralonia_megerlei_2673874_3902247167,http://creativecommons.org/licenses/by-nc/4.0/
542134,3307219033,Bombyliidae_Hemipenthes_morio_982028_3307219033,http://creativecommons.org/licenses/by-nc/4.0/
542969,3859367462,Bombyliidae_Bombylella_atra_580715_3859367462,http://creativecommons.org/licenses/by-nc/4.0/
543550,4022058499,Bombyliidae_Parageron_grata_1371208_4022058499,http://creativecommons.org/licenses/by/4.0/
544003,3079784122,Bombyliidae_Chalcochiton_pallasii_967897_3079784122,http://creativecommons.org/licenses/by-nc/4.0/
544487,3892366638,Bombyliidae_Petrorossia_guanchorum_1980528_3892366638,http://creativecommons.org/licenses/by-nc/4.0/
545014,4006760806,Bombyliidae_Apolysis_eremophila_2052711_4006760806,http://creativecommons.org/licenses/by-nc/4.0/
545859,4022257364,Bombyliidae_Bombylius_cinerascens_2751083_4022257364,http://creativecommons.org/licenses/by-nc/4.0/
545860,4022257364,Bombyliidae_Bombylius_cinerascens_2751084_4022257364,http://creativecommons.org/licenses/by-nc/4.0/
545861,4022257364,Bombyliidae_Bombylius_cinerascens_2751085_4022257364,http://creativecommons.org/licenses/by-nc/4.0/
545862,4022257364,Bombyliidae_Bombylius_cinerascens_2751086_4022257364,http://creativecommons.org/licenses/by-nc/4.0/
546123,3859515468,Bombyliidae_Phthiria_simonyi_1270557_3859515468,http://creativecommons.org/licenses/by-nc/4.0/
546124,3859515468,Bombyliidae_Phthiria_simonyi_1270558_3859515468,http://creativecommons.org/licenses/by-nc/4.0/
546293,3858191906,Bombyliidae_Bombylius_analis_1953334_3858191906,http://creativecommons.org/licenses/by-nc/4.0/
547010,3333497469,Bombyliidae_Bombylius_cruciatus_305818_3333497469,http://creativecommons.org/licenses/by-nc/4.0/
547674,3747163552,Bombyliidae_Villa_nigriceps_2610241_3747163552,http://creativecommons.org/licenses/by-nc/4.0/
547829,3985730434,Bombyliidae_Lomatia_polyzona_1347601_3985730434,http://creativecommons.org/licenses/by-nc/4.0/
548118,3747247180,Bombyliidae_Bombylius_discolor_2610435_3747247180,http://creativecommons.org/licenses/by-nc/4.0/
548244,3090739552,Bombyliidae_Villa_ixion_278948_3090739552,http://creativecommons.org/licenses/by-nc/4.0/
548313,4018291752,Bombyliidae_Lomatia_lateralis_2059092_4018291752,http://creativecommons.org/licenses/by-nc/4.0/
548401,3079735269,Bombyliidae_Bombylius_discolor_3036251_3079735269,http://creativecommons.org/licenses/by-nc/4.0/
548569,3858742984,Bombyliidae_Phthiria_simonyi_577919_3858742984,http://creativecommons.org/licenses/by-nc/4.0/
548597,3302276267,Bombyliidae_Spogostylum_aethiops_3048997_3302276267,http://creativecommons.org/licenses/by/4.0/
548783,3096986630,Bombyliidae_Bombomyia_discoidea_2349530_3096986630,http://creativecommons.org/licenses/by-nc/4.0/
549035,3873830786,Bombyliidae_Heteralonia_megerlei_1281891_3873830786,http://creativecommons.org/licenses/by-nc/4.0/
549293,3456214631,Bombyliidae_Bombomyia_stictica_1840030_3456214631,http://creativecommons.org/licenses/by-sa/4.0/
549906,3705706449,Bombyliidae_Lomatia_lateralis_1163345_3705706449,http://creativecommons.org/licenses/by-nc/4.0/
550161,3903448103,Bombyliidae_Toxophora_fasciculata_3370673_3903448103,http://creativecommons.org/licenses/by-nc/4.0/
550512,3873632161,Bombyliidae_Geron_hesperidum_2659333_3873632161,http://creativecommons.org/licenses/by-nc/4.0/
551377,2826181609,Bombyliidae_Exhyalanthrax_muscarius_899718_2826181609,http://creativecommons.org/licenses/by-nc/4.0/
551800,4015116519,Bombyliidae_Villa_ixion_3437937_4015116519,http://creativecommons.org/licenses/by-nc/4.0/
551912,4022034684,Bombyliidae_Parageron_incisa_1371082_4022034684,http://creativecommons.org/licenses/by-nc/4.0/
552220,3859024759,Bombyliidae_Bombylella_atra_3337693_3859024759,http://creativecommons.org/licenses/by-nc/4.0/
553273,3335374153,Bombyliidae_Exhyalanthrax_afer_2375736_3335374153,http://creativecommons.org/licenses/by-nc-nd/4.0/
554495,3858500722,Bombyliidae_Thyridanthrax_fenestratus_1954987_3858500722,http://creativecommons.org/licenses/by-nc/4.0/
554577,3335352324,Bombyliidae_Bombylius_analis_3065916_3335352324,http://creativecommons.org/licenses/by-nc/4.0/
554714,2634075888,Bombyliidae_Anthrax_anthrax_197225_2634075888,http://creativecommons.org/licenses/by-nc/4.0/
554860,3860286285,Bombyliidae_Bombylius_major_2652455_3860286285,http://creativecommons.org/licenses/by/4.0/
555781,3988522227,Bombyliidae_Heterotropus_nigrithorax_661986_3988522227,http://creativecommons.org/licenses/by-nc/4.0/
555858,2269234330,Bombyliidae_Hemipenthes_maura_1523231_2269234330,http://creativecommons.org/licenses/by-nc/4.0/
557126,3097094425,Bombyliidae_Bombylius_posticus_971981_3097094425,http://creativecommons.org/licenses/by/4.0/
557133,3963263570,Bombyliidae_Satyramoeba_hetrusca_655160_3963263570,http://creativecommons.org/licenses/by-nc/4.0/
557201,3759865003,Bombyliidae_Anthrax_bowdeni_3304459_3759865003,http://creativecommons.org/licenses/by-nc/4.0/
557772,3986154394,Bombyliidae_Bombylius_fulvescens_2038256_3986154394,http://creativecommons.org/licenses/by-nc/4.0/
557805,3321150485,Bombyliidae_Cytherea_obscura_2364939_3321150485,http://creativecommons.org/licenses/by-nc/4.0/
559389,3859642625,Bombyliidae_Villa_nigrifrons_1960363_3859642625,http://creativecommons.org/licenses/by-nc/4.0/
559969,3859107824,Bombyliidae_Phthiria_simonyi_3338122_3859107824,http://creativecommons.org/licenses/by-nc/4.0/
560459,3759102488,Bombyliidae_Bombylius_cinerascens_543797_3759102488,http://creativecommons.org/licenses/by-nc/4.0/
561168,3321109681,Bombyliidae_Systoechus_laevifrons_296398_3321109681,http://creativecommons.org/licenses/by-nc/4.0/
561169,3321109681,Bombyliidae_Systoechus_laevifrons_296399_3321109681,http://creativecommons.org/licenses/by-nc/4.0/
561298,3759290550,Bombyliidae_Defilippia_minos_2612228_3759290550,http://creativecommons.org/licenses/by-nc/4.0/
561356,3873817659,Bombyliidae_Hemipenthes_maura_592717_3873817659,http://creativecommons.org/licenses/by-nc/4.0/
561807,3109297350,Bombyliidae_Phthiria_antiqua_2351451_3109297350,http://creativecommons.org/licenses/by-nc/4.0/
562037,1945473618,Bombyliidae_Hemipenthes_velutina_2154646_1945473618,http://creativecommons.org/licenses/by-nc/4.0/
562480,1677313394,Bombyliidae_Exoprosopa_jacchus_53868_1677313394,http://creativecommons.org/licenses/by-nc/4.0/
563016,3415433384,Bombyliidae_Phthiria_antiqua_1022606_3415433384,http://creativecommons.org/licenses/by-nc/4.0/
563352,3109043348,Bombyliidae_Exhyalanthrax_simonae_3041423_3109043348,http://creativecommons.org/licenses/by-sa/4.0/
563620,3986189720,Bombyliidae_Bombylella_atra_2728386_3986189720,http://creativecommons.org/licenses/by-nc/4.0/
564481,3302058371,Bombyliidae_Bombylella_atra_2357991_3302058371,http://creativecommons.org/licenses/by-nc/4.0/
564857,3068010100,Bombyliidae_Bombylius_analis_964531_3068010100,http://creativecommons.org/licenses/by-nc/4.0/
564939,3338156039,Bombyliidae_Villa_brunnea_3070584_3338156039,http://creativecommons.org/licenses/by-nc/4.0/
564940,3338156039,Bombyliidae_Villa_brunnea_3070585_3338156039,http://creativecommons.org/licenses/by-nc/4.0/
564945,3320924942,Bombyliidae_Exoprosopa_capucina_3054416_3320924942,http://creativecommons.org/publicdomain/zero/1.0/
565337,3902827023,Bombyliidae_Bombylius_fimbriatus_2677085_3902827023,http://creativecommons.org/licenses/by-nc/4.0/
565511,2609171062,Bombyliidae_Bombylius_callopterus_877189_2609171062,http://creativecommons.org/licenses/by-nc-nd/4.0/
565512,2609171062,Bombyliidae_Bombylius_callopterus_877190_2609171062,http://creativecommons.org/licenses/by-nc-nd/4.0/
565513,2609171062,Bombyliidae_Bombylius_callopterus_877191_2609171062,http://creativecommons.org/licenses/by-nc-nd/4.0/
565535,3881758343,Bombyliidae_Lomatia_lateralis_1976529_3881758343,http://creativecommons.org/licenses/by/4.0/
565667,3902850747,Bombyliidae_Villa_nigrifrons_1987826_3902850747,http://creativecommons.org/licenses/by-nc/4.0/
565668,3902850747,Bombyliidae_Villa_nigrifrons_1987827_3902850747,http://creativecommons.org/licenses/by-nc/4.0/
565943,3747220716,Bombyliidae_Bombylius_discolor_3301088_3747220716,http://creativecommons.org/licenses/by-nc/4.0/
566012,3384623841,Bombyliidae_Lomatia_lateralis_1012311_3384623841,http://creativecommons.org/licenses/by-nc/4.0/
566023,3872997464,Bombyliidae_Systoechus_laevifrons_1966861_3872997464,http://creativecommons.org/licenses/by-nc/4.0/
566244,3903041041,Bombyliidae_Bombylella_atra_3368726_3903041041,http://creativecommons.org/licenses/by-nc/4.0/
566246,3892279399,Bombyliidae_Villa_occulta_3360484_3892279399,http://creativecommons.org/licenses/by-nc/4.0/
566247,3892279399,Bombyliidae_Villa_occulta_3360485_3892279399,http://creativecommons.org/licenses/by-nc/4.0/
566248,3892279399,Bombyliidae_Villa_occulta_3360486_3892279399,http://creativecommons.org/licenses/by-nc/4.0/
566249,3892279399,Bombyliidae_Villa_occulta_3360487_3892279399,http://creativecommons.org/licenses/by-nc/4.0/
566250,3892279399,Bombyliidae_Villa_occulta_3360488_3892279399,http://creativecommons.org/licenses/by-nc/4.0/
566251,3892279399,Bombyliidae_Villa_occulta_3360489_3892279399,http://creativecommons.org/licenses/by-nc/4.0/
566252,3892279399,Bombyliidae_Villa_occulta_3360490_3892279399,http://creativecommons.org/licenses/by-nc/4.0/
566383,1841282033,Bombyliidae_Parageron_grata_2831112_1841282033,http://creativecommons.org/licenses/by-nc/4.0/
566488,3872981180,Bombyliidae_Geron_hesperidum_588524_3872981180,http://creativecommons.org/licenses/by-nc/4.0/
567003,3455484131,Bombyliidae_Bombylius_niveus_457594_3455484131,http://creativecommons.org/licenses/by-nc/4.0/
567004,3455484131,Bombyliidae_Bombylius_niveus_457595_3455484131,http://creativecommons.org/licenses/by-nc/4.0/
567005,3455484131,Bombyliidae_Bombylius_niveus_457596_3455484131,http://creativecommons.org/licenses/by-nc/4.0/
567346,3873342431,Bombyliidae_Heteralonia_megerlei_1279380_3873342431,http://creativecommons.org/licenses/by-nc/4.0/
567347,3873342431,Bombyliidae_Heteralonia_megerlei_1279381_3873342431,http://creativecommons.org/licenses/by-nc/4.0/
567348,3873342431,Bombyliidae_Heteralonia_megerlei_1279382_3873342431,http://creativecommons.org/licenses/by-nc/4.0/
568360,3773547441,Bombyliidae_Bombylius_oceanus_3310444_3773547441,http://creativecommons.org/licenses/by-nc/4.0/
568979,3860491573,Bombyliidae_Exhyalanthrax_simonae_1275145_3860491573,http://creativecommons.org/licenses/by-nc/4.0/
569800,3858869308,Bombyliidae_Hemipenthes_morio_578538_3858869308,http://creativecommons.org/licenses/by/4.0/
570045,3874142350,Bombyliidae_Hemipenthes_velutina_1972445_3874142350,http://creativecommons.org/licenses/by-nc/4.0/
570086,3079505769,Bombyliidae_Villa_hottentotta_3035294_3079505769,http://creativecommons.org/licenses/by-nc/4.0/
570390,3302047483,Bombyliidae_Anthrax_anthrax_289595_3302047483,http://creativecommons.org/licenses/by-nc/4.0/
570815,3344107959,Bombyliidae_Systoechus_ctenopterus_313799_3344107959,http://creativecommons.org/licenses/by-nc/4.0/
570823,3344107959,Bombyliidae_Systoechus_ctenopterus_313807_3344107959,http://creativecommons.org/licenses/by-nc/4.0/
570824,3344107959,Bombyliidae_Systoechus_ctenopterus_313808_3344107959,http://creativecommons.org/licenses/by-nc/4.0/
571730,3902476622,Bombyliidae_Petrorossia_guanchorum_2675272_3902476622,http://creativecommons.org/licenses/by-nc/4.0/
572003,3067781853,Bombyliidae_Bombomyia_discoidea_273771_3067781853,http://creativecommons.org/licenses/by/4.0/
572004,3067781853,Bombyliidae_Bombomyia_discoidea_273772_3067781853,http://creativecommons.org/licenses/by/4.0/
572005,3067781853,Bombyliidae_Bombomyia_discoidea_273773_3067781853,http://creativecommons.org/licenses/by/4.0/
572297,3860502843,Bombyliidae_Heteralonia_algira_3344579_3860502843,http://creativecommons.org/licenses/by-nc/4.0/
572298,3860502843,Bombyliidae_Heteralonia_algira_3344580_3860502843,http://creativecommons.org/licenses/by-nc/4.0/
573174,3985606611,Bombyliidae_Lomatia_sabaea_658265_3985606611,http://creativecommons.org/licenses/by-nc/4.0/
573374,3858728272,Bombyliidae_Bombomyia_stictica_3336430_3858728272,http://creativecommons.org/licenses/by-nc/4.0/
573663,4014818696,Bombyliidae_Geron_hesperidum_1367540_4014818696,http://creativecommons.org/licenses/by-nc/4.0/
573763,3344119496,Bombyliidae_Anastoechus_nitidulus_3072423_3344119496,http://creativecommons.org/licenses/by-nc/4.0/
573764,3344119496,Bombyliidae_Anastoechus_nitidulus_3072424_3344119496,http://creativecommons.org/licenses/by-nc/4.0/
573765,3344119496,Bombyliidae_Anastoechus_nitidulus_3072425_3344119496,http://creativecommons.org/licenses/by-nc/4.0/
573766,3344119496,Bombyliidae_Anastoechus_nitidulus_3072426_3344119496,http://creativecommons.org/licenses/by-nc/4.0/
573807,3873229280,Bombyliidae_Anthrax_bowdeni_1968084_3873229280,http://creativecommons.org/licenses/by-nc/4.0/
574125,4015231583,Bombyliidae_Defilippia_minos_2747835_4015231583,http://creativecommons.org/licenses/by-nc/4.0/
574126,4015231583,Bombyliidae_Defilippia_minos_2747836_4015231583,http://creativecommons.org/licenses/by-nc/4.0/
574154,3079567382,Bombyliidae_Chalcochiton_pallasii_2345369_3079567382,http://creativecommons.org/licenses/by-nc/4.0/
574639,3873915580,Bombyliidae_Anastoechus_latifrons_1971516_3873915580,http://creativecommons.org/licenses/by-nc/4.0/
574851,1993736677,Bombyliidae_Anastoechus_latifrons_2890814_1993736677,http://creativecommons.org/licenses/by-nc/4.0/
576084,2269269453,Bombyliidae_Bombomyia_stictica_834972_2269269453,http://creativecommons.org/licenses/by/4.0/
577222,2634002367,Bombyliidae_Conophorus_virescens_1576302_2634002367,http://creativecommons.org/licenses/by-nc/4.0/
577223,2634002367,Bombyliidae_Conophorus_virescens_1576303_2634002367,http://creativecommons.org/licenses/by-nc/4.0/
577773,2529290014,Bombyliidae_Exoprosopa_rivularis_1545143_2529290014,http://creativecommons.org/licenses/by-nc/4.0/
577774,2529290014,Bombyliidae_Exoprosopa_rivularis_1545144_2529290014,http://creativecommons.org/licenses/by-nc/4.0/
577775,2529290014,Bombyliidae_Exoprosopa_rivularis_1545145_2529290014,http://creativecommons.org/licenses/by-nc/4.0/
578231,3343744024,Bombyliidae_Anastoechus_nitidulus_3070960_3343744024,http://creativecommons.org/licenses/by-nc/4.0/
578232,3343744024,Bombyliidae_Anastoechus_nitidulus_3070961_3343744024,http://creativecommons.org/licenses/by-nc/4.0/
578489,2803018965,Bombyliidae_Bombylius_canescens_892421_2803018965,http://creativecommons.org/licenses/by-nc/4.0/
578490,2803018965,Bombyliidae_Bombylius_canescens_892422_2803018965,http://creativecommons.org/licenses/by-nc/4.0/
578699,3858843633,Bombyliidae_Anthrax_anthrax_2645999_3858843633,http://creativecommons.org/licenses/by-nc/4.0/
578707,3874130714,Bombyliidae_Hemipenthes_velutina_2661675_3874130714,http://creativecommons.org/licenses/by-nc/4.0/
578750,3302235738,Bombyliidae_Bombylius_posticus_1668613_3302235738,http://creativecommons.org/licenses/by-nc/4.0/
578751,3302235738,Bombyliidae_Bombylius_posticus_1668614_3302235738,http://creativecommons.org/licenses/by-nc/4.0/
578804,3335179526,Bombyliidae_Bombylius_canescens_306723_3335179526,http://creativecommons.org/licenses/by-nc/4.0/
579971,3772530408,Bombyliidae_Bombylius_analis_2617605_3772530408,http://creativecommons.org/licenses/by-nc/4.0/
579972,3772530408,Bombyliidae_Bombylius_analis_2617606_3772530408,http://creativecommons.org/licenses/by-nc/4.0/
580455,3985769360,Bombyliidae_Lomatia_polyzona_1347911_3985769360,http://creativecommons.org/licenses/by-nc/4.0/
580466,3873257069,Bombyliidae_Geron_hesperidum_2657404_3873257069,http://creativecommons.org/licenses/by-nc/4.0/
580760,3070780496,Bombyliidae_Bombylius_major_966616_3070780496,http://creativecommons.org/licenses/by-nc/4.0/
580770,3925163129,Bombyliidae_Exhyalanthrax_canarionae_2026013_3925163129,http://creativecommons.org/licenses/by-nc/4.0/
580910,3384358726,Bombyliidae_Bombylius_cinerascens_2389244_3384358726,http://creativecommons.org/licenses/by-nc/4.0/
581860,4011496485,Bombyliidae_Thyridanthrax_indigenus_3434995_4011496485,http://creativecommons.org/licenses/by-nc/4.0/
581936,2814159799,Bombyliidae_Bombylius_cruciatus_1584059_2814159799,http://creativecommons.org/licenses/by-nc/4.0/
582521,3858559977,Bombyliidae_Geron_hesperidum_2644581_3858559977,http://creativecommons.org/licenses/by-nc/4.0/
583423,3860368435,Bombyliidae_Exhyalanthrax_simonae_1274532_3860368435,http://creativecommons.org/licenses/by-nc/4.0/
583424,3860368435,Bombyliidae_Exhyalanthrax_simonae_1274533_3860368435,http://creativecommons.org/licenses/by-nc/4.0/
583525,3889133482,Bombyliidae_Exoprosopa_jacchus_1979249_3889133482,http://creativecommons.org/licenses/by-nc/4.0/
584128,3947364742,Bombyliidae_Exhyalanthrax_simonae_2028542_3947364742,http://creativecommons.org/licenses/by-nc/4.0/
584180,3859984285,Bombyliidae_Bombylella_atra_2651126_3859984285,http://creativecommons.org/licenses/by-nc/4.0/
584347,3343731269,Bombyliidae_Spogostylum_trinotatum_1002531_3343731269,http://creativecommons.org/licenses/by-nc/4.0/
584434,3113569237,Bombyliidae_Bombylius_major_3044679_3113569237,http://creativecommons.org/publicdomain/zero/1.0/
584938,3039146727,Bombyliidae_Parageron_incisa_2336093_3039146727,http://creativecommons.org/licenses/by-nc-nd/4.0/
585278,3325665535,Bombyliidae_Amictus_variegatus_2366494_3325665535,http://creativecommons.org/licenses/by-nc/4.0/
585279,3325665535,Bombyliidae_Amictus_variegatus_2366495_3325665535,http://creativecommons.org/licenses/by-nc/4.0/
585683,3384548372,Bombyliidae_Bombylius_callopterus_1011953_3384548372,http://creativecommons.org/licenses/by-nc/4.0/
585684,3384548372,Bombyliidae_Bombylius_callopterus_1011954_3384548372,http://creativecommons.org/licenses/by-nc/4.0/
585685,3384548372,Bombyliidae_Bombylius_callopterus_1011955_3384548372,http://creativecommons.org/licenses/by-nc/4.0/
585686,3384548372,Bombyliidae_Bombylius_callopterus_1011956_3384548372,http://creativecommons.org/licenses/by-nc/4.0/
585778,3747065159,Bombyliidae_Bombylius_aaroni_1920884_3747065159,http://creativecommons.org/licenses/by-nc/4.0/
585779,3747065159,Bombyliidae_Bombylius_aaroni_1920885_3747065159,http://creativecommons.org/licenses/by-nc/4.0/
585780,3747065159,Bombyliidae_Bombylius_aaroni_1920886_3747065159,http://creativecommons.org/licenses/by-nc/4.0/
585781,3947695525,Bombyliidae_Usia_versicolor_652053_3947695525,http://creativecommons.org/licenses/by-nc/4.0/
585782,3947695525,Bombyliidae_Usia_versicolor_652054_3947695525,http://creativecommons.org/licenses/by-nc/4.0/
586003,3113356098,Bombyliidae_Bombylius_fimbriatus_2353665_3113356098,http://creativecommons.org/licenses/by/4.0/
586352,1899753148,Bombyliidae_Bombomyia_stictica_773997_1899753148,http://creativecommons.org/licenses/by/4.0/
586510,3455207585,Bombyliidae_Exoprosopa_rivularis_1145281_3455207585,http://creativecommons.org/licenses/by-nc/4.0/
587408,3090938807,Bombyliidae_Bombylius_major_3038317_3090938807,http://creativecommons.org/licenses/by-nc/4.0/
587662,3860746328,Bombyliidae_Satyramoeba_hetrusca_1965273_3860746328,http://creativecommons.org/licenses/by-nc/4.0/
588142,3090787518,Bombyliidae_Hemipenthes_velutina_279101_3090787518,http://creativecommons.org/licenses/by-nc/4.0/
588319,2814010331,Bombyliidae_Hemipenthes_maura_204203_2814010331,http://creativecommons.org/licenses/by-nc/4.0/
588687,3399080898,Bombyliidae_Hemipenthes_velutina_3087186_3399080898,http://creativecommons.org/licenses/by-nc/4.0/
588699,3079679858,Bombyliidae_Systoechus_ctenopterus_277447_3079679858,http://creativecommons.org/licenses/by-nc/4.0/
589036,3302015639,Bombyliidae_Bombomyia_stictica_2357859_3302015639,http://creativecommons.org/licenses/by/4.0/
589037,3302015639,Bombyliidae_Bombomyia_stictica_2357860_3302015639,http://creativecommons.org/licenses/by/4.0/
589157,3872923598,Bombyliidae_Usia_versicolor_3346773_3872923598,http://creativecommons.org/licenses/by-nc/4.0/
589351,3860235358,Bombyliidae_Exoprosopa_rivularis_2652230_3860235358,http://creativecommons.org/licenses/by-nc/4.0/
589851,2988340628,Bombyliidae_Defilippia_minos_2325478_2988340628,http://creativecommons.org/licenses/by-nc/4.0/
589852,2988340628,Bombyliidae_Defilippia_minos_2325479_2988340628,http://creativecommons.org/licenses/by-nc/4.0/
590471,4014923536,Bombyliidae_Villa_ixion_1367943_4014923536,http://creativecommons.org/licenses/by-nc/4.0/
590590,3963241255,Bombyliidae_Exoprosopa_jacchus_1343483_3963241255,http://creativecommons.org/licenses/by-nc/4.0/
590623,3881386390,Bombyliidae_Lomatia_lateralis_1285576_3881386390,http://creativecommons.org/licenses/by-nc/4.0/
590747,2429190874,Bombyliidae_Bombomyia_stictica_157470_2429190874,http://creativecommons.org/licenses/by-sa/4.0/
590973,3712683754,Bombyliidae_Bombomyia_discoidea_1164545_3712683754,http://creativecommons.org/licenses/by-nc/4.0/
591073,3859607592,Bombyliidae_Chalcochiton_pallasii_1271066_3859607592,http://creativecommons.org/licenses/by-nc/4.0/
591408,3772626121,Bombyliidae_Anastoechus_latifrons_1239228_3772626121,http://creativecommons.org/licenses/by-nc/4.0/
591409,3772626121,Bombyliidae_Anastoechus_latifrons_1239229_3772626121,http://creativecommons.org/licenses/by-nc/4.0/
591496,3759235364,Bombyliidae_Exhyalanthrax_simonae_544442_3759235364,http://creativecommons.org/licenses/by-nc/4.0/
591632,3302092611,Bombyliidae_Bombomyia_stictica_2358123_3302092611,http://creativecommons.org/licenses/by-nc/4.0/
592180,1453340545,Bombyliidae_Exoprosopa_jacchus_737057_1453340545,http://creativecommons.org/licenses/by-nc/4.0/
593135,3109269356,Bombyliidae_Spogostylum_trinotatum_2351382_3109269356,http://creativecommons.org/licenses/by-nc/4.0/
593299,3961436377,Bombyliidae_Bombylius_minor_654679_3961436377,http://creativecommons.org/licenses/by-nc/4.0/
593499,3892288020,Bombyliidae_Villa_nigriceps_601972_3892288020,http://creativecommons.org/licenses/by-nc/4.0/
594155,3994246924,Bombyliidae_Bombylius_fimbriatus_1352430_3994246924,http://creativecommons.org/licenses/by-nc/4.0/
594156,3994246924,Bombyliidae_Bombylius_fimbriatus_1352431_3994246924,http://creativecommons.org/licenses/by-nc/4.0/
594159,3994246924,Bombyliidae_Bombylius_fimbriatus_1352434_3994246924,http://creativecommons.org/licenses/by-nc/4.0/
594160,3994246924,Bombyliidae_Bombylius_fimbriatus_1352435_3994246924,http://creativecommons.org/licenses/by-nc/4.0/
594161,3994246924,Bombyliidae_Bombylius_fimbriatus_1352436_3994246924,http://creativecommons.org/licenses/by-nc/4.0/
594162,3994246924,Bombyliidae_Bombylius_fimbriatus_1352437_3994246924,http://creativecommons.org/licenses/by-nc/4.0/
594473,3860048659,Bombyliidae_Bombylius_venosus_3342423_3860048659,http://creativecommons.org/licenses/by-nc/4.0/
594521,3961409607,Bombyliidae_Exhyalanthrax_simonae_1342969_3961409607,http://creativecommons.org/licenses/by-nc/4.0/
594522,3961409607,Bombyliidae_Exhyalanthrax_simonae_1342970_3961409607,http://creativecommons.org/licenses/by-nc/4.0/
595134,2814475626,Bombyliidae_Toxophora_fasciculata_1585084_2814475626,http://creativecommons.org/licenses/by-nc/4.0/
595348,3858460614,Bombyliidae_Bombomyia_stictica_1954793_3858460614,http://creativecommons.org/licenses/by-nc/4.0/
595356,2883067930,Bombyliidae_Thyridanthrax_fenestratus_938928_2883067930,http://creativecommons.org/licenses/by-nc/4.0/
595676,3859397823,Bombyliidae_Bombylius_canescens_3339336_3859397823,http://creativecommons.org/licenses/by-nc/4.0/
595874,2814353785,Bombyliidae_Exoprosopa_italica_2273314_2814353785,http://creativecommons.org/licenses/by-nc/4.0/
595897,3456346426,Bombyliidae_Anthrax_virgo_461422_3456346426,http://creativecommons.org/licenses/by-nc/4.0/
595898,3456346426,Bombyliidae_Anthrax_virgo_461423_3456346426,http://creativecommons.org/licenses/by-nc/4.0/
595899,3456346426,Bombyliidae_Anthrax_virgo_461424_3456346426,http://creativecommons.org/licenses/by-nc/4.0/
595991,3966405804,Bombyliidae_Exhyalanthrax_simonae_657009_3966405804,http://creativecommons.org/licenses/by-nc/4.0/
596051,3860453902,Bombyliidae_Phthiria_simonyi_585756_3860453902,http://creativecommons.org/licenses/by-nc/4.0/
596369,3314478936,Bombyliidae_Bombylius_minor_1673278_3314478936,http://creativecommons.org/licenses/by-nc/4.0/
596371,3314478936,Bombyliidae_Bombylius_minor_1673280_3314478936,http://creativecommons.org/licenses/by-nc/4.0/
596499,3759305419,Bombyliidae_Geron_hesperidum_3302862_3759305419,http://creativecommons.org/licenses/by-nc/4.0/
596749,2859972048,Bombyliidae_Anthrax_trifasciatus_1620586_2859972048,http://creativecommons.org/licenses/by-nc/4.0/
596970,3961329429,Bombyliidae_Geron_hesperidum_3411900_3961329429,http://creativecommons.org/publicdomain/zero/1.0/
597069,3079783936,Bombyliidae_Villa_brunnea_2346091_3079783936,http://creativecommons.org/publicdomain/zero/1.0/
597298,3466269660,Bombyliidae_Defilippia_minos_1156571_3466269660,http://creativecommons.org/licenses/by-nc/4.0/
597461,3335389350,Bombyliidae_Exhyalanthrax_afer_2375863_3335389350,http://creativecommons.org/licenses/by-sa/4.0/
597462,3335389350,Bombyliidae_Exhyalanthrax_afer_2375864_3335389350,http://creativecommons.org/licenses/by-sa/4.0/
597686,3772784942,Bombyliidae_Bombylius_major_1929142_3772784942,http://creativecommons.org/licenses/by-nc/4.0/
597829,3860653884,Bombyliidae_Villa_nigrifrons_1275816_3860653884,http://creativecommons.org/licenses/by-nc/4.0/
597895,3385020757,Bombyliidae_Satyramoeba_hetrusca_3082737_3385020757,http://creativecommons.org/licenses/by-nc/4.0/
598068,3456154421,Bombyliidae_Exoprosopa_rivularis_1839761_3456154421,http://creativecommons.org/licenses/by-nc/4.0/
598716,2898512559,Bombyliidae_Ligyra_ferrea_3008746_2898512559,http://creativecommons.org/licenses/by-nc/4.0/
598918,3759977839,Bombyliidae_Heteralonia_megerlei_546700_3759977839,http://creativecommons.org/licenses/by-nc/4.0/
599040,3759561004,Bombyliidae_Bombylius_analis_2613013_3759561004,http://creativecommons.org/licenses/by-nc/4.0/
599042,3759561004,Bombyliidae_Bombylius_analis_2613015_3759561004,http://creativecommons.org/licenses/by-nc/4.0/
599104,3415687414,Bombyliidae_Bombomyia_discoidea_1023703_3415687414,http://creativecommons.org/licenses/by-nc/4.0/
599105,3858808180,Bombyliidae_Anastoechus_latifrons_1267338_3858808180,http://creativecommons.org/licenses/by-nc/4.0/
599421,3881424446,Bombyliidae_Lomatia_lateralis_1285757_3881424446,http://creativecommons.org/licenses/by-nc/4.0/
599423,3881424446,Bombyliidae_Lomatia_lateralis_1285759_3881424446,http://creativecommons.org/licenses/by-nc/4.0/
599424,3881424446,Bombyliidae_Lomatia_lateralis_1285760_3881424446,http://creativecommons.org/licenses/by-nc/4.0/
599425,3881424446,Bombyliidae_Lomatia_lateralis_1285761_3881424446,http://creativecommons.org/licenses/by-nc/4.0/
599546,3773175090,Bombyliidae_Bombylella_atra_1240465_3773175090,http://creativecommons.org/licenses/by-nc/4.0/
600407,3307447467,Bombyliidae_Bombylius_cruciatus_293025_3307447467,http://creativecommons.org/licenses/by-nc/4.0/
600429,3327968621,Bombyliidae_Lomatia_lateralis_3059153_3327968621,http://creativecommons.org/licenses/by-nc/4.0/
600559,2610930543,Bombyliidae_Hemipenthes_maura_2255075_2610930543,http://creativecommons.org/licenses/by-nc/4.0/
600783,2813910477,Bombyliidae_Bombylius_minor_1583188_2813910477,http://creativecommons.org/licenses/by-nc/4.0/
601110,2294510747,Bombyliidae_Hemipenthes_morio_837651_2294510747,http://creativecommons.org/licenses/by-nc/4.0/
601590,3328085507,Bombyliidae_Lomatia_sabaea_2369468_3328085507,http://creativecommons.org/licenses/by-nc/4.0/
601591,3328085507,Bombyliidae_Lomatia_sabaea_2369469_3328085507,http://creativecommons.org/licenses/by-nc/4.0/
601592,3328085507,Bombyliidae_Lomatia_sabaea_2369470_3328085507,http://creativecommons.org/licenses/by-nc/4.0/
601593,3328085507,Bombyliidae_Lomatia_sabaea_2369471_3328085507,http://creativecommons.org/licenses/by-nc/4.0/
602038,2634203414,Bombyliidae_Exoprosopa_jacchus_2265480_2634203414,http://creativecommons.org/licenses/by-nc/4.0/
602249,3385042907,Bombyliidae_Villa_brunnea_324375_3385042907,http://creativecommons.org/licenses/by-nc/4.0/
603775,3963284334,Bombyliidae_Exhyalanthrax_simonae_1343699_3963284334,http://creativecommons.org/licenses/by-nc/4.0/
604002,3335167373,Bombyliidae_Villa_brunnea_1685121_3335167373,http://creativecommons.org/licenses/by-nc/4.0/
604107,3873753375,Bombyliidae_Villa_nigrifrons_3350957_3873753375,http://creativecommons.org/licenses/by-nc/4.0/
604294,3902875514,Bombyliidae_Hemipenthes_velutina_1298700_3902875514,http://creativecommons.org/licenses/by-nc/4.0/
604456,3455571611,Bombyliidae_Exhyalanthrax_muscarius_457983_3455571611,http://creativecommons.org/licenses/by-nc/4.0/
605160,3302432608,Bombyliidae_Exoprosopa_rutila_1669303_3302432608,http://creativecommons.org/licenses/by-nc/4.0/
605328,3860456721,Bombyliidae_Heteralonia_algira_1963934_3860456721,http://creativecommons.org/licenses/by-nc/4.0/
605329,3860456721,Bombyliidae_Heteralonia_algira_1963935_3860456721,http://creativecommons.org/licenses/by-nc/4.0/
605373,3335118435,Bombyliidae_Bombylius_cruciatus_1684785_3335118435,http://creativecommons.org/licenses/by-nc-nd/4.0/
605475,3325748083,Bombyliidae_Bombylius_cinerascens_2366856_3325748083,http://creativecommons.org/licenses/by-nc/4.0/
605476,3325748083,Bombyliidae_Bombylius_cinerascens_2366857_3325748083,http://creativecommons.org/licenses/by-nc/4.0/
605477,3325748083,Bombyliidae_Bombylius_cinerascens_2366858_3325748083,http://creativecommons.org/licenses/by-nc/4.0/
605478,3325748083,Bombyliidae_Bombylius_cinerascens_2366859_3325748083,http://creativecommons.org/licenses/by-nc/4.0/
605479,3325748083,Bombyliidae_Bombylius_cinerascens_2366860_3325748083,http://creativecommons.org/licenses/by-nc/4.0/
605480,3325748083,Bombyliidae_Bombylius_cinerascens_2366861_3325748083,http://creativecommons.org/licenses/by-nc/4.0/
605481,3325748083,Bombyliidae_Bombylius_cinerascens_2366862_3325748083,http://creativecommons.org/licenses/by-nc/4.0/
605776,3384694725,Bombyliidae_Exoprosopa_jacchus_322818_3384694725,http://creativecommons.org/licenses/by-nc/4.0/
606194,2814059891,Bombyliidae_Anthrax_virgo_2962821_2814059891,http://creativecommons.org/licenses/by-nc/4.0/
606241,2634352682,Bombyliidae_Bombylella_atra_197921_2634352682,http://creativecommons.org/licenses/by-nc/4.0/
607113,3859369414,Bombyliidae_Heteralonia_aeaca_3339193_3859369414,http://creativecommons.org/licenses/by-nc/4.0/
607406,3966647015,Bombyliidae_Hemipenthes_maura_2035466_3966647015,http://creativecommons.org/licenses/by-nc/4.0/
607636,3743309357,Bombyliidae_Usia_versicolor_1920473_3743309357,http://creativecommons.org/licenses/by-nc/4.0/
608156,3903043017,Bombyliidae_Exhyalanthrax_canarionae_3368736_3903043017,http://creativecommons.org/licenses/by-nc/4.0/
608431,3384605412,Bombyliidae_Villa_brunnea_322249_3384605412,http://creativecommons.org/licenses/by-nc/4.0/
608432,3384605412,Bombyliidae_Villa_brunnea_322250_3384605412,http://creativecommons.org/licenses/by-nc/4.0/
608577,3383865322,Bombyliidae_Bombylius_fulvescens_318473_3383865322,http://creativecommons.org/licenses/by-nc/4.0/
608862,3985620611,Bombyliidae_Bombylius_posticus_1346842_3985620611,http://creativecommons.org/licenses/by-nc/4.0/
610133,2557746878,Bombyliidae_Bombylius_minor_2236846_2557746878,http://creativecommons.org/licenses/by/4.0/
610609,3384291603,Bombyliidae_Exhyalanthrax_afer_2388869_3384291603,http://creativecommons.org/licenses/by-nc/4.0/
610984,3860538360,Bombyliidae_Heteralonia_megerlei_1964406_3860538360,http://creativecommons.org/licenses/by-nc/4.0/
611676,3399190429,Bombyliidae_Bombylius_cruciatus_1019625_3399190429,http://creativecommons.org/licenses/by-nc/4.0/
611789,3355157928,Bombyliidae_Anastoechus_nitidulus_1005245_3355157928,http://creativecommons.org/licenses/by-nc/4.0/
611790,3355157928,Bombyliidae_Anastoechus_nitidulus_1005246_3355157928,http://creativecommons.org/licenses/by-nc/4.0/
611861,1880650701,Bombyliidae_Exoprosopa_jacchus_79766_1880650701,http://creativecommons.org/licenses/by/4.0/
612542,3383893185,Bombyliidae_Bombomyia_discoidea_2386930_3383893185,http://creativecommons.org/licenses/by-nc/4.0/
612797,3772988608,Bombyliidae_Usia_striatus_1929488_3772988608,http://creativecommons.org/licenses/by-nc/4.0/
612798,3772988608,Bombyliidae_Usia_striatus_1929489_3772988608,http://creativecommons.org/licenses/by-nc/4.0/
612799,3772988608,Bombyliidae_Usia_striatus_1929490_3772988608,http://creativecommons.org/licenses/by-nc/4.0/
613424,3112611627,Bombyliidae_Conophorus_virescens_3042957_3112611627,http://creativecommons.org/licenses/by/4.0/
613425,3112611627,Bombyliidae_Conophorus_virescens_3042958_3112611627,http://creativecommons.org/licenses/by/4.0/
613426,3112611627,Bombyliidae_Conophorus_virescens_3042959_3112611627,http://creativecommons.org/licenses/by/4.0/
613806,3772875890,Bombyliidae_Bombylius_major_550914_3772875890,http://creativecommons.org/licenses/by-nc/4.0/
614042,3328067507,Bombyliidae_Cytherea_obscura_2369435_3328067507,http://creativecommons.org/licenses/by-nc/4.0/
614043,3328067507,Bombyliidae_Cytherea_obscura_2369436_3328067507,http://creativecommons.org/licenses/by-nc/4.0/
614044,3328067507,Bombyliidae_Cytherea_obscura_2369437_3328067507,http://creativecommons.org/licenses/by-nc/4.0/
614045,3328067507,Bombyliidae_Cytherea_obscura_2369438_3328067507,http://creativecommons.org/licenses/by-nc/4.0/
614130,3773391371,Bombyliidae_Bombylius_fimbriatus_2619660_3773391371,http://creativecommons.org/licenses/by-nc/4.0/
614172,3327903328,Bombyliidae_Bombylius_minor_1678652_3327903328,http://creativecommons.org/licenses/by-nc/4.0/
614263,3384315951,Bombyliidae_Villa_hottentotta_1010850_3384315951,http://creativecommons.org/publicdomain/zero/1.0/
614967,3705401179,Bombyliidae_Exhyalanthrax_simonae_2541701_3705401179,http://creativecommons.org/licenses/by-nc/4.0/
615002,1802613147,Bombyliidae_Villa_nigriceps_2123619_1802613147,http://creativecommons.org/licenses/by-nc/4.0/
615176,2611242498,Bombyliidae_Bombylella_atra_2946324_2611242498,http://creativecommons.org/licenses/by-nc/4.0/
615569,3705432334,Bombyliidae_Bombylius_ambustus_473329_3705432334,http://creativecommons.org/licenses/by-nc/4.0/
615753,3759616075,Bombyliidae_Usia_versicolor_1923962_3759616075,http://creativecommons.org/licenses/by-nc/4.0/
615818,3859724039,Bombyliidae_Anastoechus_latifrons_1960723_3859724039,http://creativecommons.org/licenses/by-nc/4.0/
615828,3802337035,Bombyliidae_Phthiria_antiqua_1934706_3802337035,http://creativecommons.org/licenses/by-nc/4.0/
618281,3330704843,Bombyliidae_Exoprosopa_jacchus_1681116_3330704843,http://creativecommons.org/licenses/by-nc/4.0/
618784,3320969564,Bombyliidae_Bombylius_posticus_2364390_3320969564,http://creativecommons.org/licenses/by-nc/4.0/
618785,3320969564,Bombyliidae_Bombylius_posticus_2364391_3320969564,http://creativecommons.org/licenses/by-nc/4.0/
618786,3320969564,Bombyliidae_Bombylius_posticus_2364392_3320969564,http://creativecommons.org/licenses/by-nc/4.0/
619257,3118415541,Bombyliidae_Bombylius_canescens_977251_3118415541,http://creativecommons.org/licenses/by-nc-nd/4.0/
619582,2269333962,Bombyliidae_Bombylius_fulvescens_2212581_2269333962,http://creativecommons.org/licenses/by-nc/4.0/
619583,2269333962,Bombyliidae_Bombylius_fulvescens_2212582_2269333962,http://creativecommons.org/licenses/by-nc/4.0/
619584,2269333962,Bombyliidae_Bombylius_fulvescens_2212583_2269333962,http://creativecommons.org/licenses/by-nc/4.0/
619585,2269333962,Bombyliidae_Bombylius_fulvescens_2212584_2269333962,http://creativecommons.org/licenses/by-nc/4.0/
619586,2269333962,Bombyliidae_Bombylius_fulvescens_2212585_2269333962,http://creativecommons.org/licenses/by-nc/4.0/
619592,2826366563,Bombyliidae_Heteralonia_megerlei_210035_2826366563,http://creativecommons.org/licenses/by-nc/4.0/
619886,3873295516,Bombyliidae_Micomitra_stupida_1968455_3873295516,http://creativecommons.org/licenses/by/4.0/
619889,3873295516,Bombyliidae_Micomitra_stupida_1968458_3873295516,http://creativecommons.org/licenses/by/4.0/
620792,3079782072,Bombyliidae_Bombomyia_discoidea_2346080_3079782072,http://creativecommons.org/licenses/by-nc-sa/4.0/
621508,4021956553,Bombyliidae_Exoprosopa_capucina_2749962_4021956553,http://creativecommons.org/licenses/by-nc/4.0/
622798,3321131805,Bombyliidae_Villa_cingulata_2364869_3321131805,http://creativecommons.org/licenses/by-nc/4.0/
622799,3321131805,Bombyliidae_Villa_cingulata_2364870_3321131805,http://creativecommons.org/licenses/by-nc/4.0/
622800,3321131805,Bombyliidae_Villa_cingulata_2364871_3321131805,http://creativecommons.org/licenses/by-nc/4.0/
622801,3321131805,Bombyliidae_Villa_cingulata_2364872_3321131805,http://creativecommons.org/licenses/by-nc/4.0/
622877,2609135353,Bombyliidae_Bombylius_callopterus_2945132_2609135353,http://creativecommons.org/licenses/by-nc-nd/4.0/
622914,2802593174,Bombyliidae_Villa_ixion_200359_2802593174,http://creativecommons.org/licenses/by-nc/4.0/
622915,2802593174,Bombyliidae_Villa_ixion_200360_2802593174,http://creativecommons.org/licenses/by-nc/4.0/
623080,3892298560,Bombyliidae_Spogostylum_aethiops_602025_3892298560,http://creativecommons.org/licenses/by/4.0/
623081,3892298560,Bombyliidae_Spogostylum_aethiops_602026_3892298560,http://creativecommons.org/licenses/by/4.0/
623284,2609231422,Bombyliidae_Conophorus_glaucescens_2254852_2609231422,http://creativecommons.org/licenses/by-nc/4.0/
623285,2609231422,Bombyliidae_Conophorus_glaucescens_2254853_2609231422,http://creativecommons.org/licenses/by-nc/4.0/
623506,3747213680,Bombyliidae_Bombylius_analis_1231785_3747213680,http://creativecommons.org/licenses/by-nc/4.0/
623507,3747213680,Bombyliidae_Bombylius_analis_1231786_3747213680,http://creativecommons.org/licenses/by-nc/4.0/
623965,3325484220,Bombyliidae_Hemipenthes_velutina_2365726_3325484220,http://creativecommons.org/licenses/by-nc/4.0/
624031,3320930568,Bombyliidae_Cytherea_obscura_295835_3320930568,http://creativecommons.org/licenses/by-nc/4.0/
624296,3113532564,Bombyliidae_Bombylius_discolor_1664276_3113532564,http://creativecommons.org/licenses/by-nc/4.0/
625277,3759198386,Bombyliidae_Exoprosopa_italica_1922747_3759198386,http://creativecommons.org/licenses/by-sa/4.0/
625792,3903368418,Bombyliidae_Villa_nigrifrons_3370307_3903368418,http://creativecommons.org/licenses/by-nc/4.0/
625873,3337948323,Bombyliidae_Cononedys_scutellata_2379422_3337948323,http://creativecommons.org/licenses/by-nc/4.0/
625874,3337948323,Bombyliidae_Cononedys_scutellata_2379423_3337948323,http://creativecommons.org/licenses/by-nc/4.0/
625980,2596323492,Bombyliidae_Bombylius_discolor_875187_2596323492,http://creativecommons.org/licenses/by-nc/4.0/
626013,4014841719,Bombyliidae_Satyramoeba_hetrusca_2746748_4014841719,http://creativecommons.org/licenses/by-nc/4.0/
626095,3986252501,Bombyliidae_Bombylella_atra_1349458_3986252501,http://creativecommons.org/licenses/by-nc/4.0/
626312,3079835890,Bombyliidae_Bombylius_medius_277987_3079835890,http://creativecommons.org/licenses/by-nc/4.0/
626861,3465971718,Bombyliidae_Heteralonia_megerlei_3224254_3465971718,http://creativecommons.org/licenses/by-nc/4.0/
626981,3399165454,Bombyliidae_Villa_panisca_1019461_3399165454,http://creativecommons.org/licenses/by-nc/4.0/
627167,3881756933,Bombyliidae_Villa_nigriceps_598101_3881756933,http://creativecommons.org/licenses/by-nc/4.0/
627222,3759292730,Bombyliidae_Bombylius_major_544597_3759292730,http://creativecommons.org/licenses/by-nc/4.0/
627353,3873179926,Bombyliidae_Exoprosopa_cleomene_2657023_3873179926,http://creativecommons.org/licenses/by-nc/4.0/
627354,3873179926,Bombyliidae_Exoprosopa_cleomene_2657024_3873179926,http://creativecommons.org/licenses/by-nc/4.0/
627410,2283050652,Bombyliidae_Hemipenthes_morio_1525127_2283050652,http://creativecommons.org/licenses/by-nc/4.0/
627692,3773001008,Bombyliidae_Petrorossia_guanchorum_2618788_3773001008,http://creativecommons.org/licenses/by-nc/4.0/
628967,3888805100,Bombyliidae_Anastoechus_latifrons_3358317_3888805100,http://creativecommons.org/licenses/by-nc/4.0/
629259,3355238059,Bombyliidae_Hemipenthes_velutina_1005530_3355238059,http://creativecommons.org/licenses/by-nc/4.0/
629285,3873931419,Bombyliidae_Bombylius_aaroni_1282337_3873931419,http://creativecommons.org/licenses/by/4.0/
630443,3764546865,Bombyliidae_Villa_nigrifrons_3307167_3764546865,http://creativecommons.org/licenses/by-nc/4.0/
630730,3873462467,Bombyliidae_Micomitra_stupida_2658385_3873462467,http://creativecommons.org/licenses/by/4.0/
630731,3873462467,Bombyliidae_Micomitra_stupida_2658386_3873462467,http://creativecommons.org/licenses/by/4.0/
630785,3109281365,Bombyliidae_Bombylius_fulvescens_1661896_3109281365,http://creativecommons.org/licenses/by-nc/4.0/
630887,3384666305,Bombyliidae_Bombylius_fimbriatus_2390805_3384666305,http://creativecommons.org/licenses/by/4.0/
631163,3858668963,Bombyliidae_Phthiria_simonyi_3336122_3858668963,http://creativecommons.org/licenses/by-nc/4.0/
631742,3407925081,Bombyliidae_Anthrax_varius_330828_3407925081,http://creativecommons.org/licenses/by-nc/4.0/
632151,3302186857,Bombyliidae_Hemipenthes_maura_3048706_3302186857,http://creativecommons.org/licenses/by/4.0/
632235,4022069443,Bombyliidae_Parageron_grata_2060396_4022069443,http://creativecommons.org/licenses/by/4.0/
632298,3994177782,Bombyliidae_Phthiria_simonyi_1352041_3994177782,http://creativecommons.org/licenses/by-nc/4.0/
632643,3747338403,Bombyliidae_Bombylius_fimbriatus_1921529_3747338403,http://creativecommons.org/licenses/by-nc/4.0/
632644,3747338403,Bombyliidae_Bombylius_fimbriatus_1921530_3747338403,http://creativecommons.org/licenses/by-nc/4.0/
632732,3872975844,Bombyliidae_Spogostylum_trinotatum_588480_3872975844,http://creativecommons.org/licenses/by-nc/4.0/
633759,3440075648,Bombyliidae_Systoechus_gradatus_2406552_3440075648,http://creativecommons.org/licenses/by-sa/4.0/
634764,3384621583,Bombyliidae_Bombylius_analis_1701012_3384621583,http://creativecommons.org/licenses/by-nc/4.0/
635106,3384394353,Bombyliidae_Bombylius_trichurus_3079772_3384394353,http://creativecommons.org/licenses/by-nc/4.0/
635188,3859084229,Bombyliidae_Villa_nigriceps_1957704_3859084229,http://creativecommons.org/licenses/by-nc/4.0/
635363,3302090655,Bombyliidae_Bombylius_cruciatus_3048339_3302090655,http://creativecommons.org/licenses/by-nc/4.0/
635414,3307462412,Bombyliidae_Hemipenthes_morio_1671501_3307462412,http://creativecommons.org/licenses/by-nc/4.0/
636069,3456727931,Bombyliidae_Villa_brunnea_3221533_3456727931,http://creativecommons.org/licenses/by/4.0/
636070,3456727931,Bombyliidae_Villa_brunnea_3221534_3456727931,http://creativecommons.org/licenses/by/4.0/
636503,3302316089,Bombyliidae_Bombylella_atra_980418_3302316089,http://creativecommons.org/licenses/by-nc/4.0/
636632,3860120200,Bombyliidae_Lomatia_sabaea_1962502_3860120200,http://creativecommons.org/licenses/by-nc/4.0/
636633,3860120200,Bombyliidae_Lomatia_sabaea_1962503_3860120200,http://creativecommons.org/licenses/by-nc/4.0/
636918,2634356551,Bombyliidae_Triplasius_pictus_2956245_2634356551,http://creativecommons.org/licenses/by/4.0/
636926,3873788892,Bombyliidae_Phthiria_simonyi_1281664_3873788892,http://creativecommons.org/licenses/by-nc/4.0/
637660,3903580360,Bombyliidae_Bombomyia_discoidea_1302192_3903580360,http://creativecommons.org/licenses/by-nc/4.0/
637729,3860115703,Bombyliidae_Villa_nigrifrons_3342734_3860115703,http://creativecommons.org/licenses/by-nc/4.0/
637839,3785011927,Bombyliidae_Phthiria_antiqua_555966_3785011927,http://creativecommons.org/licenses/by-nc/4.0/
638149,3313493391,Bombyliidae_Hemipenthes_maura_983305_3313493391,© All rights reserved
638521,3857756578,Bombyliidae_Anthrax_varius_1261760_3857756578,© all rights reserved
638562,3857075551,Bombyliidae_Bombylius_medius_1261318_3857075551,© all rights reserved
640215,1976354178,Bombyliidae_Exhyalanthrax_afer_2881395_1976354178,http://creativecommons.org/licenses/by-nc-nd/4.0/
641205,2838457232,Bombyliidae_Ligyra_ferrea_222000_2838457232,http://creativecommons.org/licenses/by-nc/4.0/
641206,2838457232,Bombyliidae_Ligyra_ferrea_222001_2838457232,http://creativecommons.org/licenses/by-nc/4.0/
641207,2838457232,Bombyliidae_Ligyra_ferrea_222002_2838457232,http://creativecommons.org/licenses/by-nc/4.0/
641218,3721289704,Bombyliidae_Phthiria_pulicaria_1873835_3721289704,http://creativecommons.org/licenses/by-nc-nd/4.0/
641730,3721606764,Bombyliidae_Phthiria_pulicaria_1186643_3721606764,http://creativecommons.org/licenses/by-nc/4.0/
642239,1955549483,Bombyliidae_Hemipenthes_morio_2851546_1955549483,http://creativecommons.org/licenses/by-nc-nd/4.0/
643597,1460294004,Bombyliidae_Thyridanthrax_fenestratus_740031_1460294004,© all rights reserved
644380,3866432372,Bombyliidae_Villa_occulta_587788_3866432372,© All rights reserved
644381,3866432372,Bombyliidae_Villa_occulta_587789_3866432372,© All rights reserved
645295,3902124620,Bombyliidae_Villa_hottentotta_1294366_3902124620,http://creativecommons.org/licenses/by-nc/4.0/
645429,3058935550,Bombyliidae_Defilippia_minos_3030077_3058935550,http://creativecommons.org/licenses/by-nc/4.0/
645434,3947239569,Bombyliidae_Usia_versicolor_650005_3947239569,http://creativecommons.org/licenses/by-nc/4.0/
645435,3947239569,Bombyliidae_Usia_versicolor_650006_3947239569,http://creativecommons.org/licenses/by-nc/4.0/
646305,4022147391,Bombyliidae_Parageron_incisa_1371492_4022147391,http://creativecommons.org/licenses/by-nc-nd/4.0/
646306,4022147391,Bombyliidae_Parageron_incisa_1371493_4022147391,http://creativecommons.org/licenses/by-nc-nd/4.0/
646492,3031596540,Bombyliidae_Exhyalanthrax_simonae_954996_3031596540,http://creativecommons.org/licenses/by-sa/4.0/
646941,3858813715,Bombyliidae_Bombylisoma_nigriceps_1267359_3858813715,http://creativecommons.org/licenses/by-nc/4.0/
646942,3858813715,Bombyliidae_Bombylisoma_nigriceps_1267360_3858813715,http://creativecommons.org/licenses/by-nc/4.0/
646943,3858813715,Bombyliidae_Bombylisoma_nigriceps_1267361_3858813715,http://creativecommons.org/licenses/by-nc/4.0/
646944,3858813715,Bombyliidae_Bombylisoma_nigriceps_1267362_3858813715,http://creativecommons.org/licenses/by-nc/4.0/
646945,3858813715,Bombyliidae_Bombylisoma_nigriceps_1267363_3858813715,http://creativecommons.org/licenses/by-nc/4.0/
646946,3858813715,Bombyliidae_Bombylisoma_nigriceps_1267364_3858813715,http://creativecommons.org/licenses/by-nc/4.0/
646947,3858813715,Bombyliidae_Bombylisoma_nigriceps_1267365_3858813715,http://creativecommons.org/licenses/by-nc/4.0/
646948,3858813715,Bombyliidae_Bombylisoma_nigriceps_1267366_3858813715,http://creativecommons.org/licenses/by-nc/4.0/
647873,1890291424,Bombyliidae_Bombylius_minor_82371_1890291424,© All rights reserved
649711,3905367279,Bombyliidae_Thyridanthrax_fenestratus_623029_3905367279,http://creativecommons.org/licenses/by-nc-nd/4.0/
651822,3823350109,Bombyliidae_Anthrax_anthrax_3319512_3823350109,http://creativecommons.org/licenses/by-nc-nd/4.0/
651913,1970306660,Bombyliidae_Hemipenthes_morio_114701_1970306660,http://creativecommons.org/licenses/by-nc-sa/4.0/
654614,1898781026,Bombyliidae_Thyridanthrax_insularis_773689_1898781026,http://creativecommons.org/licenses/by-nc/4.0/
654840,2803027392,Bombyliidae_Villa_ixion_202117_2803027392,http://creativecommons.org/licenses/by-nc/4.0/
654841,2803027392,Bombyliidae_Villa_ixion_202118_2803027392,http://creativecommons.org/licenses/by-nc/4.0/
654890,2641506313,Bombyliidae_Exoprosopa_cleomene_2957768_2641506313,http://creativecommons.org/licenses/by-nc/4.0/
655048,3743298445,Bombyliidae_Usia_versicolor_1920449_3743298445,http://creativecommons.org/licenses/by-nc/4.0/
655781,3399150493,Bombyliidae_Villa_cingulata_2397476_3399150493,http://creativecommons.org/licenses/by/4.0/
656126,2465179574,Bombyliidae_Bombylius_canescens_2923140_2465179574,http://creativecommons.org/licenses/by-nc/4.0/
657099,3458601407,Bombyliidae_Apolysis_langemarki_1844239_3458601407,http://creativecommons.org/licenses/by/4.0/
657100,3458601407,Bombyliidae_Apolysis_langemarki_1844240_3458601407,http://creativecommons.org/licenses/by/4.0/
657101,3458601407,Bombyliidae_Apolysis_langemarki_1844241_3458601407,http://creativecommons.org/licenses/by/4.0/
657214,3458618706,Bombyliidae_Thyridanthrax_elegans_1844348_3458618706,http://creativecommons.org/licenses/by/4.0/
657215,3458618706,Bombyliidae_Thyridanthrax_elegans_1844349_3458618706,http://creativecommons.org/licenses/by/4.0/
657216,3458618706,Bombyliidae_Thyridanthrax_elegans_1844350_3458618706,http://creativecommons.org/licenses/by/4.0/
657354,3458648495,Bombyliidae_Apolysis_montivaga_464967_3458648495,http://creativecommons.org/licenses/by/4.0/
657355,3458648495,Bombyliidae_Apolysis_montivaga_464968_3458648495,http://creativecommons.org/licenses/by/4.0/
657356,3458648495,Bombyliidae_Apolysis_montivaga_464969_3458648495,http://creativecommons.org/licenses/by/4.0/
657366,3458650865,Bombyliidae_Usia_martini_3223576_3458650865,http://creativecommons.org/licenses/by/4.0/
657367,3458650865,Bombyliidae_Usia_martini_3223577_3458650865,http://creativecommons.org/licenses/by/4.0/
657368,3458650865,Bombyliidae_Usia_martini_3223578_3458650865,http://creativecommons.org/licenses/by/4.0/
657433,3458661818,Bombyliidae_Heterotropus_nigrithorax_3223660_3458661818,http://creativecommons.org/licenses/by/4.0/
657434,3458661818,Bombyliidae_Heterotropus_nigrithorax_3223661_3458661818,http://creativecommons.org/licenses/by/4.0/
657435,3458661818,Bombyliidae_Heterotropus_nigrithorax_3223662_3458661818,http://creativecommons.org/licenses/by/4.0/
657716,2826477711,Bombyliidae_Bombomyia_discoidea_2278571_2826477711,http://creativecommons.org/licenses/by-nc/4.0/
657967,3988536219,Bombyliidae_Villa_niphobleta_1350199_3988536219,http://creativecommons.org/licenses/by-nc/4.0/
658289,3859246129,Bombyliidae_Bombylius_fimbriatus_1269279_3859246129,http://creativecommons.org/licenses/by-nc/4.0/
658426,3903044092,Bombyliidae_Villa_nigrifrons_2678225_3903044092,http://creativecommons.org/licenses/by-nc/4.0/
658503,2265889909,Bombyliidae_Hemipenthes_maura_1523049_2265889909,http://creativecommons.org/licenses/by-nc/4.0/
659217,3499417673,Bombyliidae_Systoechus_ctenopterus_1160770_3499417673,http://creativecommons.org/licenses/by-nc/4.0/
659341,3079554914,Bombyliidae_Anthrax_sticticus_277022_3079554914,http://creativecommons.org/licenses/by-nc/4.0/
659424,3335160082,Bombyliidae_Exoprosopa_rivularis_1685071_3335160082,http://creativecommons.org/licenses/by-nc/4.0/
659574,2844620900,Bombyliidae_Bombylius_venosus_2300817_2844620900,http://creativecommons.org/licenses/by-nc-nd/4.0/
660584,1972977620,Bombyliidae_Villa_modesta_2876871_1972977620,http://creativecommons.org/licenses/by/4.0/
661299,3730796058,Bombyliidae_Villa_hottentotta_2597116_3730796058,http://creativecommons.org/licenses/by-nc-nd/4.0/
661579,3905318603,Bombyliidae_Hemipenthes_maura_2000599_3905318603,http://creativecommons.org/licenses/by-nc-nd/4.0/
663477,3906061106,Bombyliidae_Exoprosopa_capucina_2694612_3906061106,http://creativecommons.org/licenses/by-nc-nd/4.0/
663801,3079791913,Bombyliidae_Exoprosopa_rutila_1656562_3079791913,http://creativecommons.org/licenses/by-nc/4.0/
663961,3079689898,Bombyliidae_Heteralonia_algira_277485_3079689898,http://creativecommons.org/licenses/by-nc/4.0/
664639,3859031805,Bombyliidae_Systoechus_gradatus_3337725_3859031805,http://creativecommons.org/licenses/by/4.0/
664640,3859031805,Bombyliidae_Systoechus_gradatus_3337726_3859031805,http://creativecommons.org/licenses/by/4.0/
664641,3859031805,Bombyliidae_Systoechus_gradatus_3337727_3859031805,http://creativecommons.org/licenses/by/4.0/
664642,3859031805,Bombyliidae_Systoechus_gradatus_3337728_3859031805,http://creativecommons.org/licenses/by/4.0/
664861,3892496490,Bombyliidae_Bombylius_major_1981282_3892496490,http://creativecommons.org/licenses/by-nc/4.0/
665692,3327695413,Bombyliidae_Heteralonia_megerlei_299267_3327695413,http://creativecommons.org/licenses/by-nc/4.0/
666358,2841865042,Bombyliidae_Bombylius_venosus_916920_2841865042,http://creativecommons.org/licenses/by/4.0/
668693,3715395025,Bombyliidae_Exhyalanthrax_afer_1854878_3715395025,http://creativecommons.org/licenses/by-nc/4.0/
671958,3727909520,Bombyliidae_Phthiria_pulicaria_3277577_3727909520,http://creativecommons.org/licenses/by-nc-nd/4.0/
671959,3727909520,Bombyliidae_Phthiria_pulicaria_3277578_3727909520,http://creativecommons.org/licenses/by-nc-nd/4.0/
674941,3726211719,Bombyliidae_Exhyalanthrax_afer_1890854_3726211719,http://creativecommons.org/licenses/by-nc/4.0/
675444,1965567107,Bombyliidae_Villa_modesta_1486155_1965567107,http://creativecommons.org/licenses/by-nc-nd/4.0/
676665,3997108312,Bombyliidae_Ligyra_ferrea_1360685_3997108312,http://creativecommons.org/licenses/by-nc-nd/4.0/
676906,1432182770,Bombyliidae_Villa_panisca_44602_1432182770,© all rights reserved
677024,3430146438,Bombyliidae_Anthrax_varius_1715139_3430146438,© all rights reserved
677136,3355715659,Bombyliidae_Toxophora_fasciculata_1696189_3355715659,http://creativecommons.org/licenses/by-nc/4.0/
677355,3859789121,Bombyliidae_Villa_nigrifrons_582670_3859789121,http://creativecommons.org/licenses/by-nc/4.0/
677427,4018097607,Bombyliidae_Exoprosopa_rivularis_680754_4018097607,http://creativecommons.org/licenses/by-nc/4.0/
677428,4018097607,Bombyliidae_Exoprosopa_rivularis_680755_4018097607,http://creativecommons.org/licenses/by-nc/4.0/
677429,4018097607,Bombyliidae_Exoprosopa_rivularis_680756_4018097607,http://creativecommons.org/licenses/by-nc/4.0/
677430,4018097607,Bombyliidae_Exoprosopa_rivularis_680757_4018097607,http://creativecommons.org/licenses/by-nc/4.0/
677440,3881812419,Bombyliidae_Lomatia_sabaea_1976783_3881812419,http://creativecommons.org/licenses/by-nc/4.0/
677441,3881812419,Bombyliidae_Lomatia_sabaea_1976784_3881812419,http://creativecommons.org/licenses/by-nc/4.0/
677647,3759564425,Bombyliidae_Anastoechus_latifrons_2613029_3759564425,http://creativecommons.org/licenses/by-nc/4.0/
677858,3776840564,Bombyliidae_Bombylius_medius_1241762_3776840564,© all rights reserved
677916,1123580643,Bombyliidae_Thyridanthrax_fenestratus_6926_1123580643,© all rights reserved
678261,3880142097,Bombyliidae_Villa_panisca_3353454_3880142097,
678716,2983832351,Bombyliidae_Villa_longicornis_2324488_2983832351,© all rights reserved
678717,2983832351,Bombyliidae_Villa_longicornis_2324489_2983832351,© all rights reserved
678962,3879889412,Bombyliidae_Villa_hottentotta_2662343_3879889412,© all rights reserved
679010,1431509411,Bombyliidae_Anthrax_varius_2802757_1431509411,© all rights reserved
679168,1431441146,Bombyliidae_Bombylius_medius_2802729_1431441146,© all rights reserved
679196,1459964829,Bombyliidae_Bombylius_minor_48214_1459964829,© all rights reserved
679510,2619993753,Bombyliidae_Bombylius_canescens_1567946_2619993753,http://creativecommons.org/licenses/by-nc/4.0/
679511,2619993753,Bombyliidae_Bombylius_canescens_1567947_2619993753,http://creativecommons.org/licenses/by-nc/4.0/
679561,4022234333,Bombyliidae_Usia_aenea_3441193_4022234333,http://creativecommons.org/licenses/by-nc/4.0/
679562,4022234333,Bombyliidae_Usia_aenea_3441194_4022234333,http://creativecommons.org/licenses/by-nc/4.0/
679680,3892553569,Bombyliidae_Micomitra_stupida_2670775_3892553569,http://creativecommons.org/licenses/by/4.0/
679792,4018555669,Bombyliidae_Exhyalanthrax_afer_2059473_4018555669,http://creativecommons.org/licenses/by-nc/4.0/
679837,3874075034,Bombyliidae_Villa_nigrifrons_3352364_3874075034,http://creativecommons.org/licenses/by-nc/4.0/
679861,3858287492,Bombyliidae_Exoprosopa_rivularis_2643207_3858287492,http://creativecommons.org/licenses/by-nc/4.0/
680826,3802664643,Bombyliidae_Geron_hesperidum_557723_3802664643,http://creativecommons.org/licenses/by-nc/4.0/
680904,3113633821,Bombyliidae_Thyridanthrax_fenestratus_286172_3113633821,http://creativecommons.org/licenses/by/4.0/
681317,3113657709,Bombyliidae_Bombylius_fimbriatus_976297_3113657709,http://creativecommons.org/licenses/by-nc/4.0/
681318,3113657709,Bombyliidae_Bombylius_fimbriatus_976298_3113657709,http://creativecommons.org/licenses/by-nc/4.0/
681970,3803978401,Bombyliidae_Bombylius_medius_2625807_3803978401,© All rights reserved
682124,3924238517,Bombyliidae_Villa_cingulata_646922_3924238517,© All rights reserved
682125,3924238517,Bombyliidae_Villa_cingulata_646923_3924238517,© All rights reserved
682433,2406409425,Bombyliidae_Villa_cingulata_843705_2406409425,© All rights reserved
683220,3731594582,Bombyliidae_Exhyalanthrax_afer_1912456_3731594582,http://creativecommons.org/licenses/by-nc-nd/4.0/
684739,1973631053,Bombyliidae_Exoprosopa_capucina_1498477_1973631053,http://creativecommons.org/licenses/by-nc-nd/4.0/
685687,3824495884,Bombyliidae_Anthrax_anthrax_564252_3824495884,http://creativecommons.org/licenses/by-nc-nd/4.0/
686121,2841327939,Bombyliidae_Bombylius_venosus_2983838_2841327939,http://creativecommons.org/licenses/by-nc/4.0/
686123,2841327939,Bombyliidae_Bombylius_venosus_2983840_2841327939,http://creativecommons.org/licenses/by-nc/4.0/
686821,3873555743,Bombyliidae_Heteralonia_megerlei_2658867_3873555743,http://creativecommons.org/licenses/by-nc/4.0/
686822,3873555743,Bombyliidae_Heteralonia_megerlei_2658868_3873555743,http://creativecommons.org/licenses/by-nc/4.0/
686824,3873555743,Bombyliidae_Heteralonia_megerlei_2658870_3873555743,http://creativecommons.org/licenses/by-nc/4.0/
686963,3335355402,Bombyliidae_Bombylius_cinerascens_3065934_3335355402,http://creativecommons.org/licenses/by-nc/4.0/
686964,3335355402,Bombyliidae_Bombylius_cinerascens_3065935_3335355402,http://creativecommons.org/licenses/by-nc/4.0/
687362,1571099077,Bombyliidae_Exoprosopa_capucina_1430049_1571099077,http://creativecommons.org/licenses/by-nc/4.0/
687721,3994151949,Bombyliidae_Geron_hesperidum_2731233_3994151949,http://creativecommons.org/licenses/by-nc/4.0/
687733,4009854888,Bombyliidae_Phthiria_antiqua_2744060_4009854888,http://creativecommons.org/licenses/by-nc/4.0/
687817,3314614449,Bombyliidae_Hemipenthes_morio_2363585_3314614449,http://creativecommons.org/licenses/by-nc/4.0/
688287,2269333919,Bombyliidae_Triplasius_pictus_144635_2269333919,http://creativecommons.org/licenses/by-nc/4.0/
688288,2269333919,Bombyliidae_Triplasius_pictus_144636_2269333919,http://creativecommons.org/licenses/by-nc/4.0/
688289,2269333919,Bombyliidae_Triplasius_pictus_144637_2269333919,http://creativecommons.org/licenses/by-nc/4.0/
688980,2814036602,Bombyliidae_Anthrax_virgo_2962724_2814036602,http://creativecommons.org/licenses/by-nc/4.0/
689222,2619887752,Bombyliidae_Bombylius_major_2256363_2619887752,http://creativecommons.org/licenses/by-nc/4.0/
689319,3873749097,Bombyliidae_Cytherea_obscura_592350_3873749097,http://creativecommons.org/licenses/by-nc/4.0/
689409,2814024766,Bombyliidae_Anthrax_anthrax_1583614_2814024766,http://creativecommons.org/licenses/by-nc/4.0/
689878,3784685230,Bombyliidae_Bombylius_cruciatus_1244169_3784685230,http://creativecommons.org/licenses/by-nc/4.0/
690203,3859128675,Bombyliidae_Phthiria_antiqua_1268736_3859128675,http://creativecommons.org/licenses/by-nc/4.0/
690527,3327882539,Bombyliidae_Ligyra_ferrea_1678603_3327882539,http://creativecommons.org/licenses/by-nc/4.0/
690528,3327882539,Bombyliidae_Ligyra_ferrea_1678604_3327882539,http://creativecommons.org/licenses/by-nc/4.0/
690595,2579374771,Bombyliidae_Exoprosopa_jacchus_2251592_2579374771,http://creativecommons.org/licenses/by-nc/4.0/
690665,3113493616,Bombyliidae_Bombylius_cinerascens_975906_3113493616,http://creativecommons.org/licenses/by/4.0/
690666,3113493616,Bombyliidae_Bombylius_cinerascens_975907_3113493616,http://creativecommons.org/licenses/by/4.0/
690667,3113493616,Bombyliidae_Bombylius_cinerascens_975908_3113493616,http://creativecommons.org/licenses/by/4.0/
691254,3384632527,Bombyliidae_Bombylius_ambustus_1701095_3384632527,http://creativecommons.org/licenses/by-nc/4.0/
691255,3384632527,Bombyliidae_Bombylius_ambustus_1701096_3384632527,http://creativecommons.org/licenses/by-nc/4.0/
691256,3384632527,Bombyliidae_Bombylius_ambustus_1701097_3384632527,http://creativecommons.org/licenses/by-nc/4.0/
691444,1831130492,Bombyliidae_Lomatia_belzebul_2139590_1831130492,http://creativecommons.org/licenses/by-nc/4.0/
691629,3743006768,Bombyliidae_Bombylius_analis_541609_3743006768,http://creativecommons.org/licenses/by-nc/4.0/
691630,3743006768,Bombyliidae_Bombylius_analis_541610_3743006768,http://creativecommons.org/licenses/by-nc/4.0/
691963,3384029476,Bombyliidae_Villa_brunnea_319642_3384029476,http://creativecommons.org/licenses/by-nc/4.0/
692167,2563595608,Bombyliidae_Satyramoeba_hetrusca_181400_2563595608,http://creativecommons.org/licenses/by-nc/4.0/
694432,3902746090,Bombyliidae_Petrorossia_guanchorum_1987190_3902746090,http://creativecommons.org/licenses/by-nc/4.0/
694875,3947687467,Bombyliidae_Phthiria_antiqua_1340377_3947687467,http://creativecommons.org/licenses/by-nc/4.0/
695617,3892302630,Bombyliidae_Hemipenthes_maura_3360608_3892302630,http://creativecommons.org/licenses/by-nc/4.0/
695968,2596093638,Bombyliidae_Villa_ixion_1563545_2596093638,http://creativecommons.org/licenses/by-nc/4.0/
696291,3873184627,Bombyliidae_Hemipenthes_morio_1967867_3873184627,http://creativecommons.org/publicdomain/zero/1.0/
696421,3860722920,Bombyliidae_Geron_hesperidum_3345579_3860722920,http://creativecommons.org/licenses/by-nc/4.0/
696427,4018577747,Bombyliidae_Lomatia_lateralis_2749724_4018577747,http://creativecommons.org/licenses/by-nc/4.0/
696697,3384609053,Bombyliidae_Exhyalanthrax_muscarius_322271_3384609053,http://creativecommons.org/licenses/by-nc/4.0/
696698,3384609053,Bombyliidae_Exhyalanthrax_muscarius_322272_3384609053,http://creativecommons.org/licenses/by-nc/4.0/
696732,3802526454,Bombyliidae_Phthiria_antiqua_1935256_3802526454,http://creativecommons.org/licenses/by-nc/4.0/
696733,3802526454,Bombyliidae_Phthiria_antiqua_1935257_3802526454,http://creativecommons.org/licenses/by-nc/4.0/
696841,3325476496,Bombyliidae_Systoechus_ctenopterus_3056048_3325476496,http://creativecommons.org/licenses/by-nc/4.0/
697004,3113595730,Bombyliidae_Amictus_variegatus_976205_3113595730,http://creativecommons.org/licenses/by-nc/4.0/
697068,3773077378,Bombyliidae_Thyridanthrax_indigenus_1240268_3773077378,http://creativecommons.org/licenses/by-nc/4.0/
697266,3873160194,Bombyliidae_Heteralonia_megerlei_589515_3873160194,http://creativecommons.org/publicdomain/zero/1.0/
697624,3343733827,Bombyliidae_Villa_brunnea_2380485_3343733827,http://creativecommons.org/licenses/by-nc/4.0/
697625,3343733827,Bombyliidae_Villa_brunnea_2380486_3343733827,http://creativecommons.org/licenses/by-nc/4.0/
697626,3343733827,Bombyliidae_Villa_brunnea_2380487_3343733827,http://creativecommons.org/licenses/by-nc/4.0/
702999,4022019590,Bombyliidae_Lomatia_lateralis_682686_4022019590,http://creativecommons.org/licenses/by-nc/4.0/
703279,2992786342,Bombyliidae_Exhyalanthrax_simonae_1637138_2992786342,http://creativecommons.org/licenses/by/4.0/
705289,3747247481,Bombyliidae_Villa_nigriceps_1921285_3747247481,http://creativecommons.org/licenses/by-nc/4.0/
707984,3715249761,Bombyliidae_Bombylius_posticus_1854789_3715249761,http://creativecommons.org/licenses/by-nc-nd/4.0/
709376,3729591971,Bombyliidae_Hemipenthes_morio_2591533_3729591971,http://creativecommons.org/licenses/by-nc-nd/4.0/
710308,3302506650,Bombyliidae_Bombylius_cinerascens_981051_3302506650,http://creativecommons.org/licenses/by-nc/4.0/
710319,2273293530,Bombyliidae_Bombylella_atra_2903921_2273293530,http://creativecommons.org/licenses/by-nc/4.0/
710320,2273293530,Bombyliidae_Bombylella_atra_2903922_2273293530,http://creativecommons.org/licenses/by-nc/4.0/
710325,3873372912,Bombyliidae_Hemipenthes_velutina_2657961_3873372912,http://creativecommons.org/licenses/by-nc/4.0/
710351,3067838687,Bombyliidae_Satyramoeba_hetrusca_2342372_3067838687,http://creativecommons.org/licenses/by/4.0/
710932,3079677128,Bombyliidae_Bombylius_medius_2345719_3079677128,http://creativecommons.org/licenses/by-nc/4.0/
711346,2901565683,Bombyliidae_Defilippia_minos_2319029_2901565683,http://creativecommons.org/licenses/by-nc/4.0/
711640,3712699584,Bombyliidae_Parageron_grata_3233611_3712699584,http://creativecommons.org/licenses/by-nc/4.0/
712465,1899784832,Bombyliidae_Exhyalanthrax_simonae_83389_1899784832,http://creativecommons.org/licenses/by/4.0/
712616,2246997268,Bombyliidae_Villa_cingulata_2895683_2246997268,© all rights reserved
712617,2246997268,Bombyliidae_Villa_cingulata_2895684_2246997268,© all rights reserved
712894,1432045302,Bombyliidae_Hemipenthes_morio_2803085_1432045302,© all rights reserved
713998,2809516449,Bombyliidae_Bombylius_medius_2271524_2809516449,© all rights reserved
716672,3726690122,Bombyliidae_Anthrax_anthrax_1203760_3726690122,http://creativecommons.org/licenses/by-nc-nd/4.0/
718045,3730909129,Bombyliidae_Anthrax_virgo_2597741_3730909129,http://creativecommons.org/licenses/by-nc-nd/4.0/
718610,3717997838,Bombyliidae_Villa_hottentotta_1174479_3717997838,http://creativecommons.org/licenses/by-nc-nd/4.0/
718824,3823454391,Bombyliidae_Exoprosopa_capucina_1939778_3823454391,http://creativecommons.org/licenses/by-nc-nd/4.0/
721336,3905576930,Bombyliidae_Exoprosopa_pandora_1312764_3905576930,http://creativecommons.org/licenses/by-nc/4.0/
723219,1976699229,Bombyliidae_Exoprosopa_capucina_2192140_1976699229,http://creativecommons.org/licenses/by-nc-nd/4.0/
726867,2836106289,Bombyliidae_Bombomyia_discoidea_2975787_2836106289,http://creativecommons.org/licenses/by-nc-nd/4.0/
727139,3717207028,Bombyliidae_Exhyalanthrax_afer_1170614_3717207028,http://creativecommons.org/licenses/by-nc/4.0/
728161,2842759576,Bombyliidae_Villa_modesta_919509_2842759576,http://creativecommons.org/licenses/by/4.0/
729596,3824025299,Bombyliidae_Bombylius_discolor_3320998_3824025299,http://creativecommons.org/licenses/by-nc-nd/4.0/
731009,3715861759,Bombyliidae_Parageron_grata_3234472_3715861759,http://creativecommons.org/licenses/by-nc-nd/4.0/
731230,3721342423,Bombyliidae_Exoprosopa_capucina_495927_3721342423,http://creativecommons.org/licenses/by-nc/4.0/
732036,1977074374,Bombyliidae_Anthrax_anthrax_1503852_1977074374,http://creativecommons.org/licenses/by-nc-nd/4.0/
734463,3717258779,Bombyliidae_Exoprosopa_capucina_481615_3717258779,http://creativecommons.org/licenses/by-nc-nd/4.0/
734815,3905454017,Bombyliidae_Anthrax_anthrax_2001295_3905454017,http://creativecommons.org/licenses/by-nc-nd/4.0/
735003,2836256720,Bombyliidae_Exoprosopa_pandora_217292_2836256720,http://creativecommons.org/licenses/by-nc-nd/4.0/
735011,1961460070,Bombyliidae_Exoprosopa_capucina_1481265_1961460070,http://creativecommons.org/licenses/by-nc-nd/4.0/
736636,3902163214,Bombyliidae_Villa_ixion_2673243_3902163214,http://creativecommons.org/licenses/by-nc/4.0/
737002,3773747511,Bombyliidae_Toxophora_fasciculata_3310776_3773747511,http://creativecommons.org/licenses/by-nc/4.0/
737003,3773747511,Bombyliidae_Toxophora_fasciculata_3310777_3773747511,http://creativecommons.org/licenses/by-nc/4.0/
737388,3873886054,Bombyliidae_Hemipenthes_morio_593040_3873886054,http://creativecommons.org/licenses/by-nc/4.0/
737423,3860579630,Bombyliidae_Exhyalanthrax_simonae_1964599_3860579630,http://creativecommons.org/licenses/by-nc/4.0/
737637,3764080954,Bombyliidae_Bombylius_analis_1236784_3764080954,http://creativecommons.org/licenses/by-nc/4.0/
737638,3764080954,Bombyliidae_Bombylius_analis_1236785_3764080954,http://creativecommons.org/licenses/by-nc/4.0/
737691,3455378581,Bombyliidae_Heteralonia_megerlei_1146562_3455378581,http://creativecommons.org/licenses/by-nc/4.0/
737915,3759645238,Bombyliidae_Bombylius_major_545671_3759645238,http://creativecommons.org/licenses/by-nc/4.0/
737956,3079727814,Bombyliidae_Toxophora_fasciculata_967689_3079727814,http://creativecommons.org/licenses/by-nc/4.0/
737974,2988562620,Bombyliidae_Bombylius_discolor_947821_2988562620,http://creativecommons.org/licenses/by-nc/4.0/
738000,3764510296,Bombyliidae_Exhyalanthrax_simonae_2616422_3764510296,http://creativecommons.org/licenses/by-nc/4.0/
738080,3337649922,Bombyliidae_Satyramoeba_hetrusca_999831_3337649922,http://creativecommons.org/licenses/by-nc-nd/4.0/
738082,3337649922,Bombyliidae_Satyramoeba_hetrusca_999833_3337649922,http://creativecommons.org/licenses/by-nc-nd/4.0/
738083,3337649922,Bombyliidae_Satyramoeba_hetrusca_999834_3337649922,http://creativecommons.org/licenses/by-nc-nd/4.0/
738095,3013866670,Bombyliidae_Satyramoeba_hetrusca_261904_3013866670,http://creativecommons.org/licenses/by-nc/4.0/
740668,3716824100,Bombyliidae_Exhyalanthrax_afer_3237760_3716824100,http://creativecommons.org/licenses/by-nc-nd/4.0/
740669,3716824100,Bombyliidae_Exhyalanthrax_afer_3237761_3716824100,http://creativecommons.org/licenses/by-nc-nd/4.0/
744803,3904045822,Bombyliidae_Anthrax_anthrax_1303565_3904045822,http://creativecommons.org/licenses/by-nc-nd/4.0/
745219,1967152286,Bombyliidae_Bombylius_discolor_2868914_1967152286,http://creativecommons.org/licenses/by-nc-nd/4.0/
745412,2839842189,Bombyliidae_Hemipenthes_maura_1602325_2839842189,http://creativecommons.org/licenses/by-nc-nd/4.0/
746621,2833059420,Bombyliidae_Phthiria_pulicaria_2279407_2833059420,http://creativecommons.org/licenses/by-nc/4.0/
746904,2832251023,Bombyliidae_Villa_modesta_210814_2832251023,http://creativecommons.org/licenses/by-nc/4.0/
747323,3859503976,Bombyliidae_Phthiria_simonyi_1959606_3859503976,http://creativecommons.org/licenses/by-nc/4.0/
747675,3343871642,Bombyliidae_Bombylius_ambustus_1003088_3343871642,http://creativecommons.org/licenses/by-nc/4.0/
747676,3343871642,Bombyliidae_Bombylius_ambustus_1003089_3343871642,http://creativecommons.org/licenses/by-nc/4.0/
747677,3343871642,Bombyliidae_Bombylius_ambustus_1003090_3343871642,http://creativecommons.org/licenses/by-nc/4.0/
747700,2273205553,Bombyliidae_Bombylius_major_1524167_2273205553,http://creativecommons.org/licenses/by-nc/4.0/
747801,3759073530,Bombyliidae_Bombylius_cinerascens_543701_3759073530,http://creativecommons.org/licenses/by-nc/4.0/
747802,3759073530,Bombyliidae_Bombylius_cinerascens_543702_3759073530,http://creativecommons.org/licenses/by-nc/4.0/
748699,3314481371,Bombyliidae_Petrorossia_hespera_3053480_3314481371,http://creativecommons.org/licenses/by-nc/4.0/
748700,3314481371,Bombyliidae_Petrorossia_hespera_3053481_3314481371,http://creativecommons.org/licenses/by-nc/4.0/
748904,3384492456,Bombyliidae_Hemipenthes_velutina_1700470_3384492456,http://creativecommons.org/licenses/by-nc/4.0/
748920,3772606335,Bombyliidae_Villa_nigriceps_1239181_3772606335,http://creativecommons.org/licenses/by/4.0/
749268,3097106330,Bombyliidae_Bombylius_callopterus_281936_3097106330,http://creativecommons.org/licenses/by-nc-nd/4.0/
749585,2813929158,Bombyliidae_Chalcochiton_pallasii_2272065_2813929158,http://creativecommons.org/licenses/by-nc/4.0/
749757,3858353309,Bombyliidae_Bombylella_atra_3334443_3858353309,http://creativecommons.org/licenses/by-nc/4.0/
749896,3902298779,Bombyliidae_Spogostylum_trinotatum_2674221_3902298779,http://creativecommons.org/licenses/by-nc/4.0/
750160,3772721847,Bombyliidae_Anthrax_anthrax_1928986_3772721847,http://creativecommons.org/licenses/by-nc/4.0/
750431,3466061035,Bombyliidae_Exoprosopa_jacchus_1845623_3466061035,http://creativecommons.org/licenses/by-nc/4.0/
750561,3858907411,Bombyliidae_Geron_hesperidum_2646243_3858907411,http://creativecommons.org/licenses/by-nc/4.0/
750812,2597883177,Bombyliidae_Bombylius_discolor_2253485_2597883177,http://creativecommons.org/licenses/by/4.0/
751264,3448688661,Bombyliidae_Bombylius_minor_1833756_3448688661,http://creativecommons.org/licenses/by-sa/4.0/
751279,3449234435,Bombyliidae_Villa_hottentotta_1144478_3449234435,http://creativecommons.org/licenses/by-nc/4.0/
751354,3889032000,Bombyliidae_Anastoechus_latifrons_1289778_3889032000,http://creativecommons.org/licenses/by-nc/4.0/
751716,2620009485,Bombyliidae_Hemipenthes_morio_1568011_2620009485,http://creativecommons.org/licenses/by-nc/4.0/
751861,3859155509,Bombyliidae_Exoprosopa_rivularis_1958040_3859155509,http://creativecommons.org/licenses/by-nc/4.0/
751862,3859155509,Bombyliidae_Exoprosopa_rivularis_1958041_3859155509,http://creativecommons.org/licenses/by-nc/4.0/
751958,2856630261,Bombyliidae_Exhyalanthrax_afer_240909_2856630261,http://creativecommons.org/licenses/by-nc/4.0/
752052,3466355487,Bombyliidae_Systoechus_ctenopterus_3225675_3466355487,http://creativecommons.org/licenses/by-nc/4.0/
752446,3873851481,Bombyliidae_Phthiria_simonyi_1282003_3873851481,http://creativecommons.org/licenses/by-nc/4.0/
752684,3860612815,Bombyliidae_Toxophora_fasciculata_586585_3860612815,http://creativecommons.org/licenses/by-nc/4.0/
752685,3860612815,Bombyliidae_Toxophora_fasciculata_586586_3860612815,http://creativecommons.org/licenses/by-nc/4.0/
752692,3302461623,Bombyliidae_Lomatia_belzebul_980913_3302461623,http://creativecommons.org/licenses/by-nc/4.0/
752693,3302461623,Bombyliidae_Lomatia_belzebul_980914_3302461623,http://creativecommons.org/licenses/by-nc/4.0/
752694,3302461623,Bombyliidae_Lomatia_belzebul_980915_3302461623,http://creativecommons.org/licenses/by-nc/4.0/
752695,3302461623,Bombyliidae_Lomatia_belzebul_980916_3302461623,http://creativecommons.org/licenses/by-nc/4.0/
752967,3117879706,Bombyliidae_Bombylella_atra_1664966_3117879706,http://creativecommons.org/licenses/by-nc/4.0/
752987,4022013364,Bombyliidae_Parageron_grata_2750184_4022013364,http://creativecommons.org/licenses/by-nc/4.0/
753299,3873059430,Bombyliidae_Petrorossia_guanchorum_588974_3873059430,http://creativecommons.org/licenses/by-nc/4.0/
753300,3873059430,Bombyliidae_Petrorossia_guanchorum_588975_3873059430,http://creativecommons.org/licenses/by-nc/4.0/
753858,3860073493,Bombyliidae_Exoprosopa_rivularis_2651500_3860073493,http://creativecommons.org/licenses/by-nc/4.0/
755374,3732286064,Bombyliidae_Villa_hottentotta_1226651_3732286064,http://creativecommons.org/licenses/by-nc-nd/4.0/
759721,2845489755,Bombyliidae_Heteralonia_megerlei_1613824_2845489755,http://creativecommons.org/licenses/by-nc/4.0/
759722,2845489755,Bombyliidae_Heteralonia_megerlei_1613825_2845489755,http://creativecommons.org/licenses/by-nc/4.0/
759726,3730295586,Bombyliidae_Bombylius_discolor_1215883_3730295586,http://creativecommons.org/licenses/by-nc/4.0/
760108,2844071592,Bombyliidae_Anthrax_trifasciatus_231503_2844071592,http://creativecommons.org/licenses/by-nc/4.0/
761869,3727448866,Bombyliidae_Bombylius_minor_517744_3727448866,http://creativecommons.org/licenses/by-nc-nd/4.0/
762495,3355533747,Bombyliidae_Hemipenthes_velutina_2385200_3355533747,http://creativecommons.org/licenses/by-nc/4.0/
762496,3355533747,Bombyliidae_Hemipenthes_velutina_2385201_3355533747,http://creativecommons.org/licenses/by-nc/4.0/
762570,3873892618,Bombyliidae_Exhyalanthrax_canarionae_2660641_3873892618,http://creativecommons.org/licenses/by-nc/4.0/
762867,2013738807,Bombyliidae_Bombomyia_discoidea_133688_2013738807,http://creativecommons.org/licenses/by-sa/4.0/
763224,2813874433,Bombyliidae_Bombomyia_discoidea_2271820_2813874433,http://creativecommons.org/licenses/by-nc/4.0/
763436,3330845318,Bombyliidae_Anthrax_trifasciatus_303337_3330845318,http://creativecommons.org/licenses/by-nc/4.0/
763492,3994077948,Bombyliidae_Bombylius_oceanus_3420877_3994077948,http://creativecommons.org/licenses/by-nc/4.0/
763818,1459910841,Bombyliidae_Thyridanthrax_fenestratus_48093_1459910841,© all rights reserved
764167,1459896277,Bombyliidae_Anthrax_varius_739347_1459896277,© all rights reserved
764721,3767247626,Bombyliidae_Thyridanthrax_fenestratus_1927591_3767247626,© all rights reserved
764796,1135398405,Bombyliidae_Villa_halteralis_2766069_1135398405,© all rights reserved
770390,3729991743,Bombyliidae_Bombylius_discolor_3283767_3729991743,http://creativecommons.org/licenses/by-sa/4.0/
770497,1974890416,Bombyliidae_Bombylius_venosus_121367_1974890416,http://creativecommons.org/licenses/by-nc-nd/4.0/
770624,1965399548,Bombyliidae_Villa_modesta_2865210_1965399548,http://creativecommons.org/licenses/by-nc-nd/4.0/
772371,2839719146,Bombyliidae_Villa_halteralis_913582_2839719146,http://creativecommons.org/licenses/by-nc-sa/4.0/
772372,2839719146,Bombyliidae_Villa_halteralis_913583_2839719146,http://creativecommons.org/licenses/by-nc-sa/4.0/
772670,2842986207,Bombyliidae_Exhyalanthrax_afer_2988250_2842986207,http://creativecommons.org/licenses/by-nc-nd/4.0/
774371,2400471245,Bombyliidae_Villa_panisca_152147_2400471245,http://creativecommons.org/licenses/by-sa/4.0/
774390,3091461450,Bombyliidae_Bombylius_major_1658482_3091461450,http://creativecommons.org/licenses/by/4.0/
775877,2839870107,Bombyliidae_Phthiria_pulicaria_2291491_2839870107,http://creativecommons.org/licenses/by-nc-nd/4.0/
776650,3725135297,Bombyliidae_Villa_panisca_1887448_3725135297,http://creativecommons.org/licenses/by-nc/4.0/
776897,3732936748,Bombyliidae_Villa_hottentotta_1918917_3732936748,http://creativecommons.org/licenses/by-nc-nd/4.0/
777527,3731180367,Bombyliidae_Villa_modesta_3290224_3731180367,http://creativecommons.org/licenses/by-sa/4.0/
777601,3903907903,Bombyliidae_Hemipenthes_velutina_1992008_3903907903,http://creativecommons.org/licenses/by-nc-nd/4.0/
779010,3724846785,Bombyliidae_Exhyalanthrax_afer_508744_3724846785,http://creativecommons.org/licenses/by-nc-nd/4.0/
781210,3825838851,Bombyliidae_Hemipenthes_morio_2634851_3825838851,http://creativecommons.org/licenses/by-nc-nd/4.0/
781841,3716789011,Bombyliidae_Exhyalanthrax_afer_479004_3716789011,http://creativecommons.org/licenses/by-nc-nd/4.0/
781937,3726341204,Bombyliidae_Villa_hottentotta_512964_3726341204,http://creativecommons.org/licenses/by-nc-nd/4.0/
782596,1976754773,Bombyliidae_Exoprosopa_capucina_2882226_1976754773,http://creativecommons.org/licenses/by/4.0/
783653,3906226515,Bombyliidae_Phthiria_pulicaria_628037_3906226515,http://creativecommons.org/licenses/by-nc/4.0/
783654,3906226515,Bombyliidae_Phthiria_pulicaria_628038_3906226515,http://creativecommons.org/licenses/by-nc/4.0/
785001,3907180866,Bombyliidae_Hemipenthes_morio_3391384_3907180866,http://creativecommons.org/licenses/by-nc-nd/4.0/
785798,3717686658,Bombyliidae_Anthrax_anthrax_1172987_3717686658,http://creativecommons.org/licenses/by-nc-nd/4.0/
786687,3825260181,Bombyliidae_Phthiria_pulicaria_2633119_3825260181,http://creativecommons.org/licenses/by-nc-nd/4.0/
786850,1969678338,Bombyliidae_Thyridanthrax_fenestratus_2871884_1969678338,http://creativecommons.org/licenses/by-nc-nd/4.0/
787469,1952428998,Bombyliidae_Villa_modesta_2846386_1952428998,http://creativecommons.org/licenses/by-nc-sa/4.0/
788468,3728156455,Bombyliidae_Bombylius_discolor_1209068_3728156455,http://creativecommons.org/licenses/by-nc-nd/4.0/
788502,3727408123,Bombyliidae_Hemipenthes_morio_1895990_3727408123,http://creativecommons.org/licenses/by-nc-nd/4.0/
790135,3726548081,Bombyliidae_Villa_modesta_1892506_3726548081,http://creativecommons.org/licenses/by-nc-nd/4.0/
790285,3905174314,Bombyliidae_Heteralonia_megerlei_1310408_3905174314,http://creativecommons.org/licenses/by-nc/4.0/
790941,2835301258,Bombyliidae_Villa_modesta_906918_2835301258,http://creativecommons.org/licenses/by-nc/4.0/
791805,3717657329,Bombyliidae_Villa_modesta_3242164_3717657329,http://creativecommons.org/licenses/by-nc-nd/4.0/
794318,3717246614,Bombyliidae_Phthiria_pulicaria_481566_3717246614,http://creativecommons.org/licenses/by-nc/4.0/
795804,2835656450,Bombyliidae_Bombylius_discolor_2284841_2835656450,http://creativecommons.org/licenses/by-nc-nd/4.0/
796071,2838448017,Bombyliidae_Hemipenthes_velutina_912214_2838448017,http://creativecommons.org/licenses/by-nc-nd/4.0/
799687,2842602342,Bombyliidae_Exhyalanthrax_afer_2987337_2842602342,http://creativecommons.org/licenses/by-nc/4.0/
801271,1962020402,Bombyliidae_Thyridanthrax_fenestratus_2861167_1962020402,http://creativecommons.org/licenses/by-nc-nd/4.0/
801685,2840641117,Bombyliidae_Villa_modesta_224306_2840641117,http://creativecommons.org/licenses/by-nc/4.0/
802408,3730363535,Bombyliidae_Anthrax_anthrax_1216209_3730363535,http://creativecommons.org/licenses/by-nc-nd/4.0/
802878,3716635436,Bombyliidae_Phthiria_pulicaria_1167700_3716635436,http://creativecommons.org/licenses/by-nc/4.0/
804317,3717392541,Bombyliidae_Exoprosopa_capucina_1171525_3717392541,http://creativecommons.org/licenses/by-nc-nd/4.0/
804668,3716694058,Bombyliidae_Villa_hottentotta_1167983_3716694058,http://creativecommons.org/licenses/by/4.0/
806317,3905083519,Bombyliidae_Thyridanthrax_fenestratus_1999223_3905083519,http://creativecommons.org/licenses/by-nc-nd/4.0/
807158,3725923380,Bombyliidae_Villa_hottentotta_511147_3725923380,http://creativecommons.org/licenses/by/4.0/
807282,1953020310,Bombyliidae_Bombylius_venosus_2157726_1953020310,http://creativecommons.org/licenses/by-nc-nd/4.0/
807848,2838829836,Bombyliidae_Exoprosopa_pandora_2290657_2838829836,http://creativecommons.org/licenses/by-nc-nd/4.0/
807849,2838829836,Bombyliidae_Exoprosopa_pandora_2290658_2838829836,http://creativecommons.org/licenses/by-nc-nd/4.0/
807874,3717083571,Bombyliidae_Phthiria_pulicaria_1169960_3717083571,http://creativecommons.org/licenses/by-nc/4.0/
809913,2822979301,Bombyliidae_Thyridanthrax_fenestratus_2966171_2822979301,http://creativecommons.org/licenses/by-sa/4.0/
811648,2834238718,Bombyliidae_Exoprosopa_capucina_2282393_2834238718,http://creativecommons.org/licenses/by-nc-nd/4.0/
811730,3826062186,Bombyliidae_Bombylius_trichurus_3326347_3826062186,http://creativecommons.org/licenses/by-nc/4.0/
811731,3826062186,Bombyliidae_Bombylius_trichurus_3326348_3826062186,http://creativecommons.org/licenses/by-nc/4.0/
811732,3826062186,Bombyliidae_Bombylius_trichurus_3326349_3826062186,http://creativecommons.org/licenses/by-nc/4.0/
812323,1965878055,Bombyliidae_Exoprosopa_capucina_798274_1965878055,http://creativecommons.org/licenses/by-sa/4.0/
813882,3825693235,Bombyliidae_Bombylius_major_2634489_3825693235,http://creativecommons.org/licenses/by-nc-sa/4.0/
814266,3731450370,Bombyliidae_Exoprosopa_capucina_2600793_3731450370,http://creativecommons.org/licenses/by-nc/4.0/
819754,3720941259,Bombyliidae_Anthrax_anthrax_1182364_3720941259,http://creativecommons.org/licenses/by-nc-nd/4.0/
822174,2835811457,Bombyliidae_Bombylius_venosus_2284947_2835811457,http://creativecommons.org/licenses/by-nc-nd/4.0/
823273,3720521835,Bombyliidae_Exoprosopa_capucina_491391_3720521835,http://creativecommons.org/licenses/by-nc-nd/4.0/
823408,3825044889,Bombyliidae_Eclimus_gracilis_2632893_3825044889,http://creativecommons.org/licenses/by-nc/4.0/
824835,1977283441,Bombyliidae_Bombylius_venosus_2883444_1977283441,http://creativecommons.org/licenses/by-nc-nd/4.0/
825932,3904302228,Bombyliidae_Exoprosopa_capucina_1994588_3904302228,http://creativecommons.org/licenses/by-nc/4.0/
827461,3904366664,Bombyliidae_Hemipenthes_morio_1305569_3904366664,http://creativecommons.org/licenses/by-nc-nd/4.0/
829518,3717287746,Bombyliidae_Villa_longicornis_1170974_3717287746,http://creativecommons.org/licenses/by-nc-nd/4.0/
829519,3717287746,Bombyliidae_Villa_longicornis_1170975_3717287746,http://creativecommons.org/licenses/by-nc-nd/4.0/
829520,3717287746,Bombyliidae_Villa_longicornis_1170976_3717287746,http://creativecommons.org/licenses/by-nc-nd/4.0/
829942,2838106581,Bombyliidae_Exhyalanthrax_afer_2289339_2838106581,http://creativecommons.org/licenses/by-nc/4.0/
829983,1952637497,Bombyliidae_Villa_modesta_88552_1952637497,http://creativecommons.org/licenses/by-nc-nd/4.0/
831086,2843266523,Bombyliidae_Bombylius_discolor_2988764_2843266523,http://creativecommons.org/licenses/by/4.0/
832826,3907377069,Bombyliidae_Anthrax_anthrax_2012211_3907377069,http://creativecommons.org/licenses/by-nc-nd/4.0/
833251,2838499722,Bombyliidae_Bombylius_major_222080_2838499722,http://creativecommons.org/licenses/by-nc-nd/4.0/
836996,3904593285,Bombyliidae_Exhyalanthrax_afer_1996401_3904593285,http://creativecommons.org/licenses/by-nc/4.0/
837393,1957980998,Bombyliidae_Bombylius_venosus_2165468_1957980998,http://creativecommons.org/licenses/by-nc-nd/4.0/
837395,1957980998,Bombyliidae_Bombylius_venosus_2165470_1957980998,http://creativecommons.org/licenses/by-nc-nd/4.0/
839675,2836885254,Bombyliidae_Spogostylum_tripunctatum_218299_2836885254,http://creativecommons.org/licenses/by-nc/4.0/
839676,2836885254,Bombyliidae_Spogostylum_tripunctatum_218300_2836885254,http://creativecommons.org/licenses/by-nc/4.0/
840299,3716404167,Bombyliidae_Exoprosopa_capucina_1166659_3716404167,http://creativecommons.org/licenses/by-nc/4.0/
841343,1954957476,Bombyliidae_Villa_modesta_782196_1954957476,http://creativecommons.org/licenses/by-nc-nd/4.0/
841695,2840528881,Bombyliidae_Bombylius_fulvescens_1602998_2840528881,http://creativecommons.org/licenses/by-sa/4.0/
841696,2840528881,Bombyliidae_Bombylius_fulvescens_1602999_2840528881,http://creativecommons.org/licenses/by-sa/4.0/
841697,2840528881,Bombyliidae_Bombylius_fulvescens_1603000_2840528881,http://creativecommons.org/licenses/by-sa/4.0/
841698,2840528881,Bombyliidae_Bombylius_fulvescens_1603001_2840528881,http://creativecommons.org/licenses/by-sa/4.0/
841699,2840528881,Bombyliidae_Bombylius_fulvescens_1603002_2840528881,http://creativecommons.org/licenses/by-sa/4.0/
841718,3824140057,Bombyliidae_Bombylius_major_3321300_3824140057,http://creativecommons.org/licenses/by-nc-nd/4.0/
842616,2844747570,Bombyliidae_Thyridanthrax_fenestratus_923568_2844747570,http://creativecommons.org/licenses/by-nc-nd/4.0/
843698,3904312311,Bombyliidae_Exoprosopa_capucina_1305233_3904312311,http://creativecommons.org/licenses/by-nc-nd/4.0/
843761,2833963648,Bombyliidae_Exoprosopa_capucina_2971742_2833963648,http://creativecommons.org/licenses/by-nc/4.0/
844523,1977335937,Bombyliidae_Bombylius_venosus_1504456_1977335937,http://creativecommons.org/licenses/by-nc-nd/4.0/
845099,1965522572,Bombyliidae_Exhyalanthrax_afer_2865482_1965522572,http://creativecommons.org/licenses/by-nc-sa/4.0/
849957,3716982295,Bombyliidae_Exoprosopa_capucina_3238572_3716982295,http://creativecommons.org/licenses/by-nc-nd/4.0/
850273,3720948764,Bombyliidae_Phthiria_pulicaria_3251647_3720948764,http://creativecommons.org/licenses/by-nc/4.0/
850924,3997364253,Bombyliidae_Hemipenthes_maura_3430906_3997364253,http://creativecommons.org/licenses/by-nc-nd/4.0/
851256,1976300732,Bombyliidae_Villa_modesta_813592_1976300732,http://creativecommons.org/licenses/by-nc-nd/4.0/
851277,3727389530,Bombyliidae_Phthiria_pulicaria_1895931_3727389530,http://creativecommons.org/licenses/by-nc/4.0/
853953,3823357626,Bombyliidae_Anthrax_anthrax_561480_3823357626,http://creativecommons.org/licenses/by-nc-nd/4.0/
854232,2841588091,Bombyliidae_Cyllenia_rustica_1604846_2841588091,http://creativecommons.org/licenses/by-nc/4.0/
854233,2841588091,Bombyliidae_Cyllenia_rustica_1604847_2841588091,http://creativecommons.org/licenses/by-nc/4.0/
854333,2836490584,Bombyliidae_Bombylius_venosus_2285758_2836490584,http://creativecommons.org/licenses/by-nc-nd/4.0/
854920,2833917469,Bombyliidae_Bombylius_venosus_2971559_2833917469,http://creativecommons.org/licenses/by-nc-nd/4.0/
855109,3717230486,Bombyliidae_Villa_modesta_481472_3717230486,http://creativecommons.org/licenses/by-nc-nd/4.0/
855324,3730087350,Bombyliidae_Hemipenthes_velutina_3284156_3730087350,http://creativecommons.org/licenses/by-nc-nd/4.0/
855481,3721187001,Bombyliidae_Anthrax_anthrax_3252909_3721187001,http://creativecommons.org/licenses/by-nc-nd/4.0/
857097,3727477475,Bombyliidae_Exhyalanthrax_afer_2585637_3727477475,http://creativecommons.org/licenses/by-nc-nd/4.0/
858906,3825195401,Bombyliidae_Anthrax_trifasciatus_565356_3825195401,http://creativecommons.org/licenses/by-nc-nd/4.0/
859268,3725795208,Bombyliidae_Phthiria_pulicaria_1199743_3725795208,http://creativecommons.org/licenses/by-nc-nd/4.0/
862016,1952458135,Bombyliidae_Villa_modesta_88136_1952458135,http://creativecommons.org/licenses/by-nc-nd/4.0/
862017,1952458135,Bombyliidae_Villa_modesta_88137_1952458135,http://creativecommons.org/licenses/by-nc-nd/4.0/
864331,3716966959,Bombyliidae_Phthiria_pulicaria_2548376_3716966959,http://creativecommons.org/licenses/by-nc-nd/4.0/
864700,3725832446,Bombyliidae_Phthiria_pulicaria_1889261_3725832446,http://creativecommons.org/licenses/by-nc-nd/4.0/
865707,3729635597,Bombyliidae_Anthrax_anthrax_1213041_3729635597,http://creativecommons.org/licenses/by-nc-nd/4.0/
867309,3722992023,Bombyliidae_Villa_panisca_506555_3722992023,http://creativecommons.org/licenses/by-nc/4.0/
867549,3720525812,Bombyliidae_Bombylius_discolor_3249627_3720525812,http://creativecommons.org/licenses/by-nc-nd/4.0/
868838,2834129629,Bombyliidae_Exoprosopa_capucina_2281882_2834129629,http://creativecommons.org/licenses/by-nc-nd/4.0/
870182,3732037216,Bombyliidae_Exoprosopa_jacchus_3294753_3732037216,http://creativecommons.org/licenses/by-nc-nd/4.0/
870183,3732037216,Bombyliidae_Exoprosopa_jacchus_3294754_3732037216,http://creativecommons.org/licenses/by-nc-nd/4.0/
871168,3726512758,Bombyliidae_Exoprosopa_capucina_3272034_3726512758,http://creativecommons.org/licenses/by-nc-nd/4.0/
872163,3722356961,Bombyliidae_Toxophora_fasciculata_2571121_3722356961,http://creativecommons.org/licenses/by-nc-nd/4.0/
873335,3726294504,Bombyliidae_Villa_modesta_512759_3726294504,http://creativecommons.org/licenses/by-nc-nd/4.0/
873554,3720923141,Bombyliidae_Anthrax_anthrax_1182269_3720923141,http://creativecommons.org/licenses/by-nc-nd/4.0/
874488,2844592607,Bombyliidae_Anthrax_anthrax_232794_2844592607,http://creativecommons.org/licenses/by-nc/4.0/
876196,3716864436,Bombyliidae_Hemipenthes_morio_479403_3716864436,http://creativecommons.org/licenses/by-nc-nd/4.0/
877568,2845402517,Bombyliidae_Bombylius_major_2302915_2845402517,http://creativecommons.org/licenses/by-nc-nd/4.0/
877962,3725379249,Bombyliidae_Thyridanthrax_perspicillaris_3267504_3725379249,http://creativecommons.org/licenses/by-nc-nd/4.0/
878050,3717104200,Bombyliidae_Villa_hottentotta_3239227_3717104200,http://creativecommons.org/licenses/by-nc-nd/4.0/
879560,1959730955,Bombyliidae_Exoprosopa_capucina_790269_1959730955,http://creativecommons.org/licenses/by-nc-nd/4.0/
880902,3715690880,Bombyliidae_Phthiria_pulicaria_3234301_3715690880,http://creativecommons.org/licenses/by-nc-nd/4.0/
885626,1965204438,Bombyliidae_Villa_modesta_1485127_1965204438,http://creativecommons.org/licenses/by-nc-nd/4.0/
885726,3905923321,Bombyliidae_Exoprosopa_rivularis_1314805_3905923321,http://creativecommons.org/licenses/by-nc-nd/4.0/
888116,2833062772,Bombyliidae_Hemipenthes_velutina_1590670_2833062772,http://creativecommons.org/licenses/by-nc-nd/4.0/
890980,1966311137,Bombyliidae_Exoprosopa_capucina_108640_1966311137,http://creativecommons.org/licenses/by-nc-nd/4.0/
891549,1964070436,Bombyliidae_Bombylius_venosus_104190_1964070436,http://creativecommons.org/licenses/by-nc-sa/4.0/
892846,3717694247,Bombyliidae_Exoprosopa_capucina_3242344_3717694247,http://creativecommons.org/licenses/by-nc-nd/4.0/
893806,3725619982,Bombyliidae_Anthrax_anthrax_509823_3725619982,http://creativecommons.org/licenses/by-nc-nd/4.0/
893963,2838047828,Bombyliidae_Bombylius_venosus_911474_2838047828,http://creativecommons.org/licenses/by-sa/4.0/
897099,2839886238,Bombyliidae_Exhyalanthrax_afer_223430_2839886238,http://creativecommons.org/licenses/by-nc-nd/4.0/
897547,3727047326,Bombyliidae_Villa_hottentotta_1205223_3727047326,http://creativecommons.org/licenses/by-nc-nd/4.0/
898701,2835890963,Bombyliidae_Cyllenia_rustica_1596103_2835890963,http://creativecommons.org/licenses/by-nc/4.0/
899419,3826316426,Bombyliidae_Anthrax_sticticus_2636104_3826316426,http://creativecommons.org/licenses/by/4.0/
901585,3723711670,Bombyliidae_Villa_panisca_2576056_3723711670,http://creativecommons.org/licenses/by-nc/4.0/
905596,1955829903,Bombyliidae_Bombylius_venosus_1473263_1955829903,http://creativecommons.org/licenses/by-nc-nd/4.0/
909524,2841667068,Bombyliidae_Exoprosopa_capucina_2984743_2841667068,http://creativecommons.org/licenses/by-nc-nd/4.0/
909856,3721151079,Bombyliidae_Exoprosopa_capucina_494603_3721151079,http://creativecommons.org/licenses/by-nc/4.0/
912138,1966200830,Bombyliidae_Exhyalanthrax_afer_1487656_1966200830,http://creativecommons.org/licenses/by-nc-nd/4.0/
913791,3879777780,Bombyliidae_Bombylius_minor_1972941_3879777780,© all rights reserved
913869,3453906503,Bombyliidae_Thyridanthrax_fenestratus_2523304_3453906503,http://creativecommons.org/licenses/by-sa/4.0/
917670,2843967607,Bombyliidae_Bombylius_major_231347_2843967607,http://creativecommons.org/licenses/by-nc-nd/4.0/
917690,3826021128,Bombyliidae_Anthrax_anthrax_567754_3826021128,http://creativecommons.org/licenses/by-nc-nd/4.0/
918190,2833060520,Bombyliidae_Hemipenthes_velutina_901679_2833060520,http://creativecommons.org/licenses/by-nc-nd/4.0/
920445,2835582176,Bombyliidae_Exhyalanthrax_afer_907084_2835582176,http://creativecommons.org/licenses/by-nc/4.0/
922515,3759260519,Bombyliidae_Anastoechus_latifrons_544521_3759260519,http://creativecommons.org/licenses/by-nc/4.0/
922887,3325579356,Bombyliidae_Lomatia_sabaea_2366291_3325579356,http://creativecommons.org/licenses/by-nc/4.0/
923428,3858215610,Bombyliidae_Bombylius_analis_1264344_3858215610,http://creativecommons.org/licenses/by-nc/4.0/
923429,3858215610,Bombyliidae_Bombylius_analis_1264345_3858215610,http://creativecommons.org/licenses/by-nc/4.0/
923430,3858215610,Bombyliidae_Bombylius_analis_1264346_3858215610,http://creativecommons.org/licenses/by-nc/4.0/
923431,3858215610,Bombyliidae_Bombylius_analis_1264347_3858215610,http://creativecommons.org/licenses/by-nc/4.0/
923540,3466110738,Bombyliidae_Micomitra_iris_1845787_3466110738,http://creativecommons.org/licenses/by-nc/4.0/
923541,3466110738,Bombyliidae_Micomitra_iris_1845788_3466110738,http://creativecommons.org/licenses/by-nc/4.0/
923542,3466110738,Bombyliidae_Micomitra_iris_1845789_3466110738,http://creativecommons.org/licenses/by-nc/4.0/
923558,3330424273,Bombyliidae_Systoechus_ctenopterus_2369963_3330424273,http://creativecommons.org/licenses/by-nc/4.0/
923690,3902592327,Bombyliidae_Bombylella_atra_3366362_3902592327,http://creativecommons.org/licenses/by-nc/4.0/
923898,2813979775,Bombyliidae_Exoprosopa_italica_2272196_2813979775,http://creativecommons.org/licenses/by-nc/4.0/
923976,4018194524,Bombyliidae_Conophorus_virescens_1369400_4018194524,http://creativecommons.org/licenses/by-nc/4.0/
923977,4018194524,Bombyliidae_Conophorus_virescens_1369401_4018194524,http://creativecommons.org/licenses/by-nc/4.0/
923978,4018194524,Bombyliidae_Conophorus_virescens_1369402_4018194524,http://creativecommons.org/licenses/by-nc/4.0/
923979,4018194524,Bombyliidae_Conophorus_virescens_1369403_4018194524,http://creativecommons.org/licenses/by-nc/4.0/
924331,3860241908,Bombyliidae_Chalcochiton_pallasii_1273908_3860241908,http://creativecommons.org/licenses/by-nc/4.0/
924332,3860241908,Bombyliidae_Chalcochiton_pallasii_1273909_3860241908,http://creativecommons.org/licenses/by-nc/4.0/
924596,3860048410,Bombyliidae_Bombylella_atra_3342419_3860048410,http://creativecommons.org/licenses/by-nc/4.0/
924857,2334005833,Bombyliidae_Villa_hottentotta_2217152_2334005833,© All rights reserved
924989,3327268459,Bombyliidae_Thyridanthrax_fenestratus_989223_3327268459,© All rights reserved
925214,3862171377,Bombyliidae_Anthrax_varius_1965746_3862171377,© All rights reserved
929620,3826172079,Bombyliidae_Bombylius_discolor_1946324_3826172079,http://creativecommons.org/licenses/by-nc-nd/4.0/
930804,3720193743,Bombyliidae_Bombylius_discolor_2558173_3720193743,http://creativecommons.org/licenses/by-nc-nd/4.0/
933303,3729387950,Bombyliidae_Exoprosopa_capucina_2590938_3729387950,http://creativecommons.org/licenses/by-nc-nd/4.0/
935035,2837445244,Bombyliidae_Anthrax_anthrax_2978398_2837445244,http://creativecommons.org/licenses/by-nc/4.0/
937699,3905431069,Bombyliidae_Villa_cingulata_3381145_3905431069,http://creativecommons.org/licenses/by-nc-nd/4.0/
938309,1966023291,Bombyliidae_Anthrax_anthrax_798546_1966023291,http://creativecommons.org/licenses/by-nc/4.0/
940187,3903936378,Bombyliidae_Heteralonia_megerlei_614033_3903936378,http://creativecommons.org/licenses/by-sa/4.0/
941574,3722198548,Bombyliidae_Villa_cingulata_2570004_3722198548,http://creativecommons.org/licenses/by-nc/4.0/
941575,3722198548,Bombyliidae_Villa_cingulata_2570005_3722198548,http://creativecommons.org/licenses/by-nc/4.0/
943078,3903940870,Bombyliidae_Hemipenthes_velutina_1992218_3903940870,http://creativecommons.org/licenses/by-nc-nd/4.0/
943526,2835489615,Bombyliidae_Hemipenthes_maura_216700_2835489615,http://creativecommons.org/licenses/by/4.0/
944577,3996363793,Bombyliidae_Satyramoeba_hetrusca_3427289_3996363793,http://creativecommons.org/licenses/by-nc-nd/4.0/
947145,3721782255,Bombyliidae_Anthrax_anthrax_1187983_3721782255,http://creativecommons.org/licenses/by-nc-nd/4.0/
953895,2833361052,Bombyliidae_Anastoechus_nitidulus_211800_2833361052,http://creativecommons.org/licenses/by-nc/4.0/
953896,2833361052,Bombyliidae_Anastoechus_nitidulus_211801_2833361052,http://creativecommons.org/licenses/by-nc/4.0/
953897,2833361052,Bombyliidae_Anastoechus_nitidulus_211802_2833361052,http://creativecommons.org/licenses/by-nc/4.0/
954613,3822259000,Bombyliidae_Eclimus_gracilis_1247703_3822259000,http://creativecommons.org/licenses/by-nc-nd/4.0/
954614,3822259000,Bombyliidae_Eclimus_gracilis_1247704_3822259000,http://creativecommons.org/licenses/by-nc-nd/4.0/
955658,3717722067,Bombyliidae_Villa_panisca_1173174_3717722067,http://creativecommons.org/licenses/by-nc/4.0/
955661,3717722067,Bombyliidae_Villa_panisca_1173177_3717722067,http://creativecommons.org/licenses/by-nc/4.0/
955866,3724874587,Bombyliidae_Bombomyia_discoidea_1197840_3724874587,http://creativecommons.org/licenses/by-nc-nd/4.0/
956553,2841686359,Bombyliidae_Anthrax_trifasciatus_2294180_2841686359,http://creativecommons.org/licenses/by-nc/4.0/
956562,2844729355,Bombyliidae_Exhyalanthrax_afer_1612101_2844729355,http://creativecommons.org/licenses/by-nc-nd/4.0/
957429,3905630810,Bombyliidae_Bombylius_posticus_3382249_3905630810,http://creativecommons.org/licenses/by-nc-nd/4.0/
962462,2838907105,Bombyliidae_Exoprosopa_pandora_2981262_2838907105,http://creativecommons.org/licenses/by-nc-nd/4.0/
962765,3730267515,Bombyliidae_Exhyalanthrax_afer_1904965_3730267515,http://creativecommons.org/licenses/by-nc-nd/4.0/
962999,1976537819,Bombyliidae_Exhyalanthrax_afer_2881748_1976537819,http://creativecommons.org/licenses/by-nc-nd/4.0/
965445,3905146703,Bombyliidae_Phthiria_pulicaria_1999625_3905146703,http://creativecommons.org/licenses/by-nc-nd/4.0/
965656,3907230943,Bombyliidae_Anthrax_anthrax_1322267_3907230943,http://creativecommons.org/licenses/by-nc-nd/4.0/
966682,2841623524,Bombyliidae_Exoprosopa_capucina_2293997_2841623524,http://creativecommons.org/licenses/by-nc-nd/4.0/
973212,3718135415,Bombyliidae_Phthiria_pulicaria_1864711_3718135415,http://creativecommons.org/licenses/by-nc-nd/4.0/
973213,3718135415,Bombyliidae_Phthiria_pulicaria_1864712_3718135415,http://creativecommons.org/licenses/by-nc-nd/4.0/
974478,2836672119,Bombyliidae_Exoprosopa_pandora_2976453_2836672119,http://creativecommons.org/licenses/by-nc-nd/4.0/
975096,3727160714,Bombyliidae_Exhyalanthrax_afer_2584429_3727160714,http://creativecommons.org/licenses/by-nc-nd/4.0/
980598,3906577542,Bombyliidae_Villa_longicornis_3387945_3906577542,http://creativecommons.org/licenses/by-nc-nd/4.0/
980716,2839371934,Bombyliidae_Bombylius_posticus_223058_2839371934,http://creativecommons.org/licenses/by-nc-nd/4.0/
984427,3826984044,Bombyliidae_Anthrax_anthrax_569893_3826984044,http://creativecommons.org/licenses/by-nc-nd/4.0/
986203,3717182499,Bombyliidae_Villa_hottentotta_481151_3717182499,http://creativecommons.org/licenses/by-nc-nd/4.0/
987625,3902394997,Bombyliidae_Villa_nigrifrons_1985437_3902394997,http://creativecommons.org/licenses/by-nc/4.0/
987839,3455605700,Bombyliidae_Lomatia_lateralis_1837133_3455605700,http://creativecommons.org/publicdomain/zero/1.0/
988160,1961626339,Bombyliidae_Bombylius_venosus_2860794_1961626339,http://creativecommons.org/licenses/by-nc-nd/4.0/
990156,3731318672,Bombyliidae_Exoprosopa_capucina_1221611_3731318672,http://creativecommons.org/licenses/by-nc-nd/4.0/
990241,3726174037,Bombyliidae_Exhyalanthrax_afer_2579967_3726174037,http://creativecommons.org/licenses/by-nc-nd/4.0/
990514,3996216102,Bombyliidae_Exoprosopa_capucina_669262_3996216102,http://creativecommons.org/licenses/by-nc-nd/4.0/
991214,3730332568,Bombyliidae_Exoprosopa_capucina_2594636_3730332568,http://creativecommons.org/licenses/by-nc-nd/4.0/
992755,3725917831,Bombyliidae_Exoprosopa_capucina_3269322_3725917831,http://creativecommons.org/licenses/by-nc-nd/4.0/
994938,3720024771,Bombyliidae_Bombylius_discolor_1868346_3720024771,http://creativecommons.org/licenses/by-nc-sa/4.0/
995021,3905120899,Bombyliidae_Anthrax_anthrax_621559_3905120899,http://creativecommons.org/licenses/by-nc-nd/4.0/
996031,3905984912,Bombyliidae_Exoprosopa_capucina_1315203_3905984912,http://creativecommons.org/licenses/by-nc-nd/4.0/
996037,3995037685,Bombyliidae_Hemipenthes_velutina_1353152_3995037685,http://creativecommons.org/licenses/by-nc-nd/4.0/
997714,2847540484,Bombyliidae_Bombylius_minor_925725_2847540484,© all rights reserved
997886,1670404906,Bombyliidae_Villa_panisca_1432802_1670404906,© all rights reserved
1000250,1973223063,Bombyliidae_Thyridanthrax_fenestratus_119023_1973223063,http://creativecommons.org/licenses/by-nc-nd/4.0/
1001086,1976897488,Bombyliidae_Exhyalanthrax_afer_124326_1976897488,http://creativecommons.org/licenses/by-nc-nd/4.0/
1002340,2836923888,Bombyliidae_Exhyalanthrax_afer_908743_2836923888,http://creativecommons.org/licenses/by/4.0/
1003158,1965511493,Bombyliidae_Villa_modesta_2865468_1965511493,http://creativecommons.org/licenses/by-nc-nd/4.0/
1003605,2834879683,Bombyliidae_Bombylius_discolor_216054_2834879683,http://creativecommons.org/licenses/by-nc-sa/4.0/
1006486,3732426662,Bombyliidae_Villa_cingulata_1227386_3732426662,http://creativecommons.org/licenses/by-nc/4.0/
1007208,2844732651,Bombyliidae_Villa_hottentotta_233224_2844732651,http://creativecommons.org/licenses/by-nc-nd/4.0/
1009760,3905904365,Bombyliidae_Exoprosopa_pandora_2693590_3905904365,http://creativecommons.org/licenses/by-nc-nd/4.0/
1010085,3717512692,Bombyliidae_Phthiria_pulicaria_1861858_3717512692,http://creativecommons.org/licenses/by-nc-nd/4.0/
1010531,3858454440,Bombyliidae_Bombylella_atra_1954741_3858454440,http://creativecommons.org/licenses/by-nc/4.0/
1011400,3859665574,Bombyliidae_Bombomyia_stictica_582151_3859665574,http://creativecommons.org/licenses/by-nc/4.0/
1011596,3743170344,Bombyliidae_Bombylius_medius_1920165_3743170344,http://creativecommons.org/licenses/by-nc/4.0/
1011781,3325537139,Bombyliidae_Lomatia_lateralis_987803_3325537139,http://creativecommons.org/licenses/by-nc/4.0/
1011846,3747061381,Bombyliidae_Villa_nigriceps_542588_3747061381,http://creativecommons.org/licenses/by-nc/4.0/
1011847,3747061381,Bombyliidae_Villa_nigriceps_542589_3747061381,http://creativecommons.org/licenses/by-nc/4.0/
1011848,3747061381,Bombyliidae_Villa_nigriceps_542590_3747061381,http://creativecommons.org/licenses/by-nc/4.0/
1011849,3747061381,Bombyliidae_Villa_nigriceps_542591_3747061381,http://creativecommons.org/licenses/by-nc/4.0/
1011850,3747061381,Bombyliidae_Villa_nigriceps_542592_3747061381,http://creativecommons.org/licenses/by-nc/4.0/
1012707,3337381393,Bombyliidae_Villa_hottentotta_998437_3337381393,http://creativecommons.org/licenses/by-nc/4.0/
1012830,3858656686,Bombyliidae_Canariellum_brunnipenne_2645065_3858656686,http://creativecommons.org/licenses/by-nc/4.0/
1012964,4022205348,Bombyliidae_Parageron_grata_2750858_4022205348,http://creativecommons.org/licenses/by-nc/4.0/
1013526,4022248536,Bombyliidae_Usia_aenea_3441254_4022248536,http://creativecommons.org/licenses/by-nc-sa/4.0/
1013527,4022248536,Bombyliidae_Usia_aenea_3441255_4022248536,http://creativecommons.org/licenses/by-nc-sa/4.0/
1013528,4022248536,Bombyliidae_Usia_aenea_3441256_4022248536,http://creativecommons.org/licenses/by-nc-sa/4.0/
1013529,4022248536,Bombyliidae_Usia_aenea_3441257_4022248536,http://creativecommons.org/licenses/by-nc-sa/4.0/
1013530,4022248536,Bombyliidae_Usia_aenea_3441258_4022248536,http://creativecommons.org/licenses/by-nc-sa/4.0/
1013531,4022248536,Bombyliidae_Usia_aenea_3441259_4022248536,http://creativecommons.org/licenses/by-nc-sa/4.0/
1013532,4022248536,Bombyliidae_Usia_aenea_3441260_4022248536,http://creativecommons.org/licenses/by-nc-sa/4.0/
1013533,4022248536,Bombyliidae_Usia_aenea_3441261_4022248536,http://creativecommons.org/licenses/by-nc-sa/4.0/
1013579,3383935643,Bombyliidae_Bombylius_fimbriatus_3077522_3383935643,http://creativecommons.org/licenses/by/4.0/
1013969,3881430442,Bombyliidae_Lomatia_lateralis_3355352_3881430442,http://creativecommons.org/licenses/by-nc/4.0/
1014162,3873976394,Bombyliidae_Micomitra_iris_1971757_3873976394,http://creativecommons.org/licenses/by-nc/4.0/
1014632,3320886646,Bombyliidae_Anthrax_binotatus_1674124_3320886646,http://creativecommons.org/licenses/by-nc/4.0/
1014729,3466127193,Bombyliidae_Anthrax_trifasciatus_466416_3466127193,http://creativecommons.org/licenses/by-nc/4.0/
1014730,3466127193,Bombyliidae_Anthrax_trifasciatus_466417_3466127193,http://creativecommons.org/licenses/by-nc/4.0/
1015043,3966746118,Bombyliidae_Canariellum_brunnipenne_1346554_3966746118,http://creativecommons.org/licenses/by-nc/4.0/
1015466,3112701365,Bombyliidae_Triplasius_pictus_2352586_3112701365,http://creativecommons.org/licenses/by-nc/4.0/
1015575,3117851025,Bombyliidae_Bombylius_major_976655_3117851025,http://creativecommons.org/licenses/by/4.0/
1016059,3070384596,Bombyliidae_Bombylius_discolor_1654135_3070384596,http://creativecommons.org/licenses/by-nc/4.0/
1016638,3109183819,Bombyliidae_Bombylius_fimbriatus_1661720_3109183819,http://creativecommons.org/licenses/by-nc/4.0/
1016679,3079726461,Bombyliidae_Bombomyia_stictica_2345897_3079726461,http://creativecommons.org/licenses/by/4.0/
1016829,3468941318,Bombyliidae_Villa_modesta_1847989_3468941318,http://creativecommons.org/licenses/by-nc/4.0/
1016852,3860752117,Bombyliidae_Anthrax_varius_587117_3860752117,http://creativecommons.org/licenses/by-nc/4.0/
1016910,3320946507,Bombyliidae_Bombylius_venosus_295920_3320946507,http://creativecommons.org/licenses/by-nc/4.0/
1019314,3720937345,Bombyliidae_Hemipenthes_morio_1871712_3720937345,http://creativecommons.org/licenses/by-nc-nd/4.0/
1019817,3727718723,Bombyliidae_Phthiria_pulicaria_1897107_3727718723,http://creativecommons.org/licenses/by-nc/4.0/
1021159,3732815165,Bombyliidae_Villa_panisca_1229237_3732815165,http://creativecommons.org/licenses/by-nc/4.0/
1021426,2834448746,Bombyliidae_Villa_modesta_1594325_2834448746,http://creativecommons.org/licenses/by-nc/4.0/
1023353,3825606520,Bombyliidae_Bombylius_major_3325092_3825606520,http://creativecommons.org/licenses/by-nc-nd/4.0/
1024349,2844268310,Bombyliidae_Bombylius_major_922155_2844268310,http://creativecommons.org/licenses/by-nc-nd/4.0/
1025304,3726537462,Bombyliidae_Exoprosopa_capucina_2581805_3726537462,http://creativecommons.org/licenses/by-nc-nd/4.0/
1028403,3773508354,Bombyliidae_Bombylella_atra_3310380_3773508354,http://creativecommons.org/licenses/by-nc/4.0/
1028811,4011869386,Bombyliidae_Bombomyia_discoidea_2746313_4011869386,http://creativecommons.org/licenses/by-nc/4.0/
1029781,3338082338,Bombyliidae_Villa_modesta_3070239_3338082338,http://creativecommons.org/licenses/by-nc/4.0/
1029845,3764451735,Bombyliidae_Bombylius_major_548702_3764451735,http://creativecommons.org/licenses/by-nc/4.0/
1030010,2549961811,Bombyliidae_Bombylella_atra_858521_2549961811,http://creativecommons.org/licenses/by-nc/4.0/
1030124,3903126235,Bombyliidae_Anthrax_bowdeni_2678681_3903126235,http://creativecommons.org/licenses/by-nc/4.0/
1030700,2242755973,Bombyliidae_Bombylius_discolor_826958_2242755973,http://creativecommons.org/licenses/by-nc/4.0/
1031176,3113301191,Bombyliidae_Bombomyia_stictica_1663754_3113301191,http://creativecommons.org/licenses/by-nc/4.0/
1031219,2620134797,Bombyliidae_Bombylella_atra_1568279_2620134797,http://creativecommons.org/licenses/by-nc/4.0/
1031251,3113422948,Bombyliidae_Bombylius_fimbriatus_975679_3113422948,http://creativecommons.org/licenses/by-nc/4.0/
1031421,3802785323,Bombyliidae_Bombylius_cruciatus_3316062_3802785323,http://creativecommons.org/licenses/by-nc-nd/4.0/
1031701,3384377529,Bombyliidae_Villa_brunnea_321274_3384377529,http://creativecommons.org/licenses/by-nc/4.0/
1032406,2814332623,Bombyliidae_Exoprosopa_italica_895575_2814332623,http://creativecommons.org/licenses/by-nc/4.0/
1032487,3759283598,Bombyliidae_Dischistus_atlanticus_1923055_3759283598,http://creativecommons.org/licenses/by-nc/4.0/
1032488,3759283598,Bombyliidae_Dischistus_atlanticus_1923056_3759283598,http://creativecommons.org/licenses/by-nc/4.0/
1032662,3059015725,Bombyliidae_Cyllenia_rustica_271921_3059015725,http://creativecommons.org/licenses/by-nc/4.0/
1032793,3860461799,Bombyliidae_Anthrax_trifasciatus_2653257_3860461799,http://creativecommons.org/licenses/by/4.0/
1032795,3860461799,Bombyliidae_Anthrax_trifasciatus_2653259_3860461799,http://creativecommons.org/licenses/by/4.0/
1032845,3384003152,Bombyliidae_Villa_brunnea_2387551_3384003152,http://creativecommons.org/licenses/by-nc/4.0/
1032846,3384003152,Bombyliidae_Villa_brunnea_2387552_3384003152,http://creativecommons.org/licenses/by-nc/4.0/
1032847,3384003152,Bombyliidae_Villa_brunnea_2387553_3384003152,http://creativecommons.org/licenses/by-nc/4.0/
1032848,3384003152,Bombyliidae_Villa_brunnea_2387554_3384003152,http://creativecommons.org/licenses/by-nc/4.0/
1032849,3384003152,Bombyliidae_Villa_brunnea_2387555_3384003152,http://creativecommons.org/licenses/by-nc/4.0/
1033120,3465927052,Bombyliidae_Heteralonia_megerlei_1155295_3465927052,http://creativecommons.org/licenses/by-nc/4.0/
1033131,3994320179,Bombyliidae_Geron_hesperidum_1352719_3994320179,http://creativecommons.org/licenses/by-nc/4.0/
1034912,2626236545,Bombyliidae_Bombylella_atra_880139_2626236545,http://creativecommons.org/licenses/by-nc/4.0/
1035255,3384146629,Bombyliidae_Bombylius_minor_320218_3384146629,http://creativecommons.org/licenses/by/4.0/
1035260,3384146629,Bombyliidae_Bombylius_minor_320223_3384146629,http://creativecommons.org/licenses/by/4.0/
1035459,3039143450,Bombyliidae_Hemipenthes_velutina_2336078_3039143450,http://creativecommons.org/licenses/by/4.0/
1035507,2859984216,Bombyliidae_Hemipenthes_velutina_1620646_2859984216,http://creativecommons.org/licenses/by-nc/4.0/
1035583,3058700526,Bombyliidae_Villa_ixion_1649464_3058700526,http://creativecommons.org/licenses/by-nc/4.0/
1035668,3858614517,Bombyliidae_Bombylella_atra_577197_3858614517,http://creativecommons.org/licenses/by-nc/4.0/
1035734,3764550505,Bombyliidae_Bombylius_major_548974_3764550505,http://creativecommons.org/licenses/by-nc/4.0/
1036717,3730212392,Bombyliidae_Bombylius_discolor_526502_3730212392,http://creativecommons.org/licenses/by-nc-nd/4.0/
1039105,3730287532,Bombyliidae_Phthiria_pulicaria_2594408_3730287532,http://creativecommons.org/licenses/by-nc/4.0/
1039214,2836842059,Bombyliidae_Anastoechus_nitidulus_908530_2836842059,http://creativecommons.org/licenses/by-nc/4.0/
1039215,2836842059,Bombyliidae_Anastoechus_nitidulus_908531_2836842059,http://creativecommons.org/licenses/by-nc/4.0/
1039216,2836842059,Bombyliidae_Anastoechus_nitidulus_908532_2836842059,http://creativecommons.org/licenses/by-nc/4.0/
1039217,2836842059,Bombyliidae_Anastoechus_nitidulus_908533_2836842059,http://creativecommons.org/licenses/by-nc/4.0/
1039984,2844878536,Bombyliidae_Hemipenthes_velutina_2301790_2844878536,http://creativecommons.org/licenses/by-nc/4.0/
1040095,2841383749,Bombyliidae_Hemipenthes_velutina_225472_2841383749,http://creativecommons.org/licenses/by-nc-sa/4.0/
1042666,3718019478,Bombyliidae_Villa_modesta_1864258_3718019478,http://creativecommons.org/licenses/by-nc-nd/4.0/
1043380,3717652546,Bombyliidae_Thyridanthrax_fenestratus_483520_3717652546,http://creativecommons.org/licenses/by-nc/4.0/
1043715,2844859657,Bombyliidae_Bombylius_venosus_923974_2844859657,http://creativecommons.org/licenses/by-nc-sa/4.0/
1044445,3079890703,Bombyliidae_Bombylius_mus_3036698_3079890703,http://creativecommons.org/licenses/by-nc/4.0/
1045331,3090859398,Bombyliidae_Bombylius_cruciatus_969603_3090859398,http://creativecommons.org/licenses/by-nc/4.0/
1045702,3963417022,Bombyliidae_Exhyalanthrax_simonae_2723463_3963417022,http://creativecommons.org/licenses/by-nc/4.0/
1045703,3963417022,Bombyliidae_Exhyalanthrax_simonae_2723464_3963417022,http://creativecommons.org/licenses/by-nc/4.0/
1045921,3784830755,Bombyliidae_Bombylella_atra_555552_3784830755,http://creativecommons.org/licenses/by-nc/4.0/
1046297,3858644313,Bombyliidae_Heteralonia_megerlei_1955748_3858644313,http://creativecommons.org/licenses/by-nc/4.0/
1046298,3858644313,Bombyliidae_Heteralonia_megerlei_1955749_3858644313,http://creativecommons.org/licenses/by-nc/4.0/
1046299,3858644313,Bombyliidae_Heteralonia_megerlei_1955750_3858644313,http://creativecommons.org/licenses/by-nc/4.0/
1046514,2850969726,Bombyliidae_Hemipenthes_maura_2997116_2850969726,http://creativecommons.org/licenses/by-nc/4.0/
1046766,4011830394,Bombyliidae_Exhyalanthrax_simonae_678893_4011830394,http://creativecommons.org/licenses/by-nc/4.0/
1047986,2626270811,Bombyliidae_Conophorus_glaucescens_190248_2626270811,http://creativecommons.org/licenses/by-nc/4.0/
1047987,2626270811,Bombyliidae_Conophorus_glaucescens_190249_2626270811,http://creativecommons.org/licenses/by-nc/4.0/
1048395,3415842528,Bombyliidae_Villa_ixion_1713173_3415842528,http://creativecommons.org/licenses/by-nc/4.0/
1048396,3415842528,Bombyliidae_Villa_ixion_1713174_3415842528,http://creativecommons.org/licenses/by-nc/4.0/
1048397,3415842528,Bombyliidae_Villa_ixion_1713175_3415842528,http://creativecommons.org/licenses/by-nc/4.0/
1048540,1837775414,Bombyliidae_Bombylius_major_2830530_1837775414,http://creativecommons.org/licenses/by-nc/4.0/
1048657,3384303841,Bombyliidae_Systoechus_gradatus_1010782_3384303841,http://creativecommons.org/licenses/by/4.0/
1048658,3384303841,Bombyliidae_Systoechus_gradatus_1010783_3384303841,http://creativecommons.org/licenses/by/4.0/
1048659,3384303841,Bombyliidae_Systoechus_gradatus_1010784_3384303841,http://creativecommons.org/licenses/by/4.0/
1048786,3408075669,Bombyliidae_Bombylius_discolor_3089727_3408075669,http://creativecommons.org/licenses/by-nc/4.0/
1048894,3113527811,Bombyliidae_Cytherea_obscura_975977_3113527811,http://creativecommons.org/licenses/by-nc/4.0/
1048895,3113527811,Bombyliidae_Cytherea_obscura_975978_3113527811,http://creativecommons.org/licenses/by-nc/4.0/
1048963,4009775877,Bombyliidae_Geron_hesperidum_2743563_4009775877,http://creativecommons.org/licenses/by-nc/4.0/
1049981,3985989408,Bombyliidae_Bombomyia_discoidea_2727804_3985989408,http://creativecommons.org/licenses/by-nc/4.0/
1050131,3860743332,Bombyliidae_Heteralonia_megerlei_3345694_3860743332,http://creativecommons.org/licenses/by-nc/4.0/
1051660,3747266334,Bombyliidae_Villa_nigrifrons_543009_3747266334,http://creativecommons.org/licenses/by-nc/4.0/
1051753,3039188625,Bombyliidae_Villa_modesta_958313_3039188625,http://creativecommons.org/licenses/by-nc/4.0/
1051756,3039188625,Bombyliidae_Villa_modesta_958317_3039188625,http://creativecommons.org/licenses/by-nc/4.0/
1052012,3764541300,Bombyliidae_Exhyalanthrax_simonae_2616530_3764541300,http://creativecommons.org/licenses/by-nc/4.0/
1052060,2596209211,Bombyliidae_Bombylius_discolor_2252446_2596209211,http://creativecommons.org/licenses/by/4.0/
1053458,3823798141,Bombyliidae_Bombylius_trichurus_1251436_3823798141,http://creativecommons.org/licenses/by-nc/4.0/
1053802,3825562171,Bombyliidae_Phthiria_pulicaria_1944846_3825562171,http://creativecommons.org/licenses/by-nc-nd/4.0/
1055157,3905829013,Bombyliidae_Hemipenthes_morio_3383428_3905829013,http://creativecommons.org/licenses/by-nc/4.0/
1058931,1969489049,Bombyliidae_Villa_modesta_2181235_1969489049,http://creativecommons.org/licenses/by-nc-nd/4.0/
1059791,1958089457,Bombyliidae_Bombylius_venosus_2855584_1958089457,http://creativecommons.org/licenses/by-nc-nd/4.0/
1061634,3327198356,Bombyliidae_Villa_panisca_3057756_3327198356,© All rights reserved
1062770,1933217854,Bombyliidae_Hemipenthes_maura_85264_1933217854,http://creativecommons.org/licenses/by-nc-sa/4.0/
