id,gbifID,file_name,license
199,3455222803,Conopidae_Physocephala_tibialis_1145408_3455222803,http://creativecommons.org/licenses/by-nc/4.0/
1212,3124751301,Conopidae_Thecophora_atra_1666530_3124751301,http://creativecommons.org/licenses/by-nc/4.0/
1213,3124751301,Conopidae_Thecophora_atra_1666531_3124751301,http://creativecommons.org/licenses/by-nc/4.0/
1214,3124751301,Conopidae_Thecophora_atra_1666532_3124751301,http://creativecommons.org/licenses/by-nc/4.0/
3313,3455849128,Conopidae_Conops_ceriaeformis_1148793_3455849128,http://creativecommons.org/licenses/by-nc/4.0/
3314,3455849128,Conopidae_Conops_ceriaeformis_1148794_3455849128,http://creativecommons.org/licenses/by-nc/4.0/
3315,3455849128,Conopidae_Conops_ceriaeformis_1148795_3455849128,http://creativecommons.org/licenses/by-nc/4.0/
3316,3455849128,Conopidae_Conops_ceriaeformis_1148796_3455849128,http://creativecommons.org/licenses/by-nc/4.0/
3317,3455849128,Conopidae_Conops_ceriaeformis_1148797_3455849128,http://creativecommons.org/licenses/by-nc/4.0/
3318,3455849128,Conopidae_Conops_ceriaeformis_1148798_3455849128,http://creativecommons.org/licenses/by-nc/4.0/
4100,3860007017,Conopidae_Physocephala_biguttata_1961983_3860007017,http://creativecommons.org/licenses/by-nc/4.0/
4974,3307468382,Conopidae_Dalmannia_aculeata_3051668_3307468382,http://creativecommons.org/licenses/by-nc/4.0/
5432,3873706861,Conopidae_Physocephala_tibialis_1970397_3873706861,http://creativecommons.org/licenses/by/4.0/
5847,1640042951,Conopidae_Conops_flavipes_2810726_1640042951,http://creativecommons.org/licenses/by-nc-nd/4.0/
6233,2405215447,Conopidae_Conops_quadrifasciatus_2911778_2405215447,© All rights reserved
6234,2405215447,Conopidae_Conops_quadrifasciatus_2911779_2405215447,© All rights reserved
6374,1933265624,Conopidae_Sicus_ferrugineus_2153632_1933265624,© All rights reserved
6425,3866287313,Conopidae_Conops_flavipes_2655238_3866287313,© All rights reserved
6969,2406452201,Conopidae_Conops_strigatus_843718_2406452201,http://creativecommons.org/licenses/by/4.0/
6970,2406452201,Conopidae_Conops_strigatus_843719_2406452201,http://creativecommons.org/licenses/by/4.0/
7582,2251955959,Conopidae_Melanosoma_bicolor_2211382_2251955959,http://creativecommons.org/licenses/by-nc/4.0/
8083,2331902609,Conopidae_Conops_flavipes_2216763_2331902609,http://creativecommons.org/licenses/by-nc/4.0/
8346,3109009250,Conopidae_Conops_vesicularis_2350771_3109009250,http://creativecommons.org/licenses/by-nc/4.0/
8557,4018127613,Conopidae_Conops_flavipes_1369051_4018127613,http://creativecommons.org/licenses/by/4.0/
9504,3773553166,Conopidae_Myopa_testacea_552403_3773553166,http://creativecommons.org/licenses/by-nc/4.0/
10445,3858599659,Conopidae_Zodion_caesium_3335793_3858599659,http://creativecommons.org/licenses/by-nc/4.0/
11368,3335091821,Conopidae_Physocephala_rufipes_996117_3335091821,http://creativecommons.org/licenses/by-nc/4.0/
11930,3031865608,Conopidae_Physocephala_chrysorrhoea_266646_3031865608,http://creativecommons.org/licenses/by-nc/4.0/
11931,3031865608,Conopidae_Physocephala_chrysorrhoea_266647_3031865608,http://creativecommons.org/licenses/by-nc/4.0/
11932,3031865608,Conopidae_Physocephala_chrysorrhoea_266648_3031865608,http://creativecommons.org/licenses/by-nc/4.0/
12140,3044837809,Conopidae_Conops_ceriaeformis_3028676_3044837809,http://creativecommons.org/licenses/by-nc/4.0/
12141,3044837809,Conopidae_Conops_ceriaeformis_3028677_3044837809,http://creativecommons.org/licenses/by-nc/4.0/
12196,3031960512,Conopidae_Conops_vitellinus_267116_3031960512,http://creativecommons.org/licenses/by-nc/4.0/
13163,1989783825,Conopidae_Leopoldius_signatus_820634_1989783825,http://creativecommons.org/licenses/by/4.0/
13164,1989783825,Conopidae_Leopoldius_signatus_820635_1989783825,http://creativecommons.org/licenses/by/4.0/
13165,1989783825,Conopidae_Leopoldius_signatus_820636_1989783825,http://creativecommons.org/licenses/by/4.0/
13166,1989783825,Conopidae_Leopoldius_signatus_820637_1989783825,http://creativecommons.org/licenses/by/4.0/
13167,1989783825,Conopidae_Leopoldius_signatus_820638_1989783825,http://creativecommons.org/licenses/by/4.0/
13168,1989783825,Conopidae_Leopoldius_signatus_820639_1989783825,http://creativecommons.org/licenses/by/4.0/
13212,1989782118,Conopidae_Conops_quadrifasciatus_128441_1989782118,http://creativecommons.org/licenses/by/4.0/
15266,3456364473,Conopidae_Physocephala_tibialis_1840758_3456364473,http://creativecommons.org/licenses/by-nc/4.0/
15375,3058725531,Conopidae_Physocephala_vittata_271140_3058725531,http://creativecommons.org/licenses/by/4.0/
15376,3058725531,Conopidae_Physocephala_vittata_271141_3058725531,http://creativecommons.org/licenses/by/4.0/
15377,3058725531,Conopidae_Physocephala_vittata_271142_3058725531,http://creativecommons.org/licenses/by/4.0/
15378,3058725531,Conopidae_Physocephala_vittata_271143_3058725531,http://creativecommons.org/licenses/by/4.0/
15379,3058725531,Conopidae_Physocephala_vittata_271144_3058725531,http://creativecommons.org/licenses/by/4.0/
16988,3860300681,Conopidae_Physocephala_biguttata_585052_3860300681,http://creativecommons.org/licenses/by-nc/4.0/
17707,3988542539,Conopidae_Conops_flavipes_2729391_3988542539,http://creativecommons.org/licenses/by/4.0/
17710,3988542539,Conopidae_Conops_flavipes_2729394_3988542539,http://creativecommons.org/licenses/by/4.0/
17898,2873955585,Conopidae_Physocephala_tibialis_938114_2873955585,http://creativecommons.org/licenses/by-nc/4.0/
19518,3337404049,Conopidae_Physocephala_rufipes_308490_3337404049,http://creativecommons.org/licenses/by-nc/4.0/
20322,3925000444,Conopidae_Physocephala_tibialis_2025085_3925000444,http://creativecommons.org/licenses/by-nc/4.0/
21069,3330661454,Conopidae_Sicus_ferrugineus_1680952_3330661454,http://creativecommons.org/licenses/by/4.0/
21355,2992737422,Conopidae_Physocephala_rufipes_1637006_2992737422,http://creativecommons.org/licenses/by-nc/4.0/
21360,3330627831,Conopidae_Conops_quadrifasciatus_2370835_3330627831,http://creativecommons.org/publicdomain/zero/1.0/
21453,2465146274,Conopidae_Physocephala_tibialis_164521_2465146274,http://creativecommons.org/licenses/by-nc/4.0/
24775,2406477649,Conopidae_Conops_strigatus_2912079_2406477649,© All rights reserved
24776,2406477649,Conopidae_Conops_strigatus_2912080_2406477649,© All rights reserved
24777,2406477649,Conopidae_Conops_strigatus_2912081_2406477649,© All rights reserved
24827,3329815388,Conopidae_Conops_quadrifasciatus_3059928_3329815388,© All rights reserved
25383,2399167791,Conopidae_Conops_strigatus_1530656_2399167791,© All rights reserved
26289,3961399741,Conopidae_Physocephala_tibialis_2722320_3961399741,http://creativecommons.org/licenses/by-nc/4.0/
26404,3456319394,Conopidae_Physocephala_tibialis_3219783_3456319394,http://creativecommons.org/licenses/by-nc/4.0/
27348,3031981246,Conopidae_Conops_ceriaeformis_1645763_3031981246,http://creativecommons.org/licenses/by-nc/4.0/
27349,3031981246,Conopidae_Conops_ceriaeformis_1645764_3031981246,http://creativecommons.org/licenses/by-nc/4.0/
28089,3415432765,Conopidae_Conops_flavipes_2400767_3415432765,http://creativecommons.org/licenses/by-nc/4.0/
28207,1899786662,Conopidae_Zodion_kroeberi_2151817_1899786662,http://creativecommons.org/licenses/by-nc/4.0/
28827,2611076725,Conopidae_Myopa_testacea_1566959_2611076725,http://creativecommons.org/licenses/by-nc/4.0/
29145,3384722647,Conopidae_Leopoldius_signatus_322964_3384722647,http://creativecommons.org/licenses/by-nc/4.0/
29146,3384722647,Conopidae_Leopoldius_signatus_322965_3384722647,http://creativecommons.org/licenses/by-nc/4.0/
29147,3384722647,Conopidae_Leopoldius_signatus_322966_3384722647,http://creativecommons.org/licenses/by-nc/4.0/
29148,3384722647,Conopidae_Leopoldius_signatus_322967_3384722647,http://creativecommons.org/licenses/by-nc/4.0/
29149,3384722647,Conopidae_Leopoldius_signatus_322968_3384722647,http://creativecommons.org/licenses/by-nc/4.0/
29150,3384722647,Conopidae_Leopoldius_signatus_322969_3384722647,http://creativecommons.org/licenses/by-nc/4.0/
29151,3384722647,Conopidae_Leopoldius_signatus_322970_3384722647,http://creativecommons.org/licenses/by-nc/4.0/
29180,3031634994,Conopidae_Conops_vitellinus_1643860_3031634994,http://creativecommons.org/licenses/by-nc/4.0/
29181,3031634994,Conopidae_Conops_vitellinus_1643861_3031634994,http://creativecommons.org/licenses/by-nc/4.0/
29182,3031634994,Conopidae_Conops_vitellinus_1643862_3031634994,http://creativecommons.org/licenses/by-nc/4.0/
29473,3925002556,Conopidae_Physocephala_tibialis_2715026_3925002556,http://creativecommons.org/licenses/by/4.0/
29509,3456020408,Conopidae_Physocephala_tibialis_3218441_3456020408,http://creativecommons.org/licenses/by-nc/4.0/
31265,3031959826,Conopidae_Conops_ceriaeformis_957201_3031959826,http://creativecommons.org/licenses/by-nc/4.0/
32200,2815763552,Conopidae_Conops_vesicularis_896337_2815763552,© all rights reserved
32329,3433568294,Conopidae_Conops_quadrifasciatus_338144_3433568294,© all rights reserved
32473,2809650570,Conopidae_Conops_vesicularis_1582813_2809650570,© all rights reserved
33278,3731869103,Conopidae_Physocephala_rufipes_1224626_3731869103,http://creativecommons.org/licenses/by-nc-nd/4.0/
33606,3716267990,Conopidae_Myopa_pellucida_1855962_3716267990,http://creativecommons.org/licenses/by-nc-nd/4.0/
33607,3716267990,Conopidae_Myopa_pellucida_1855963_3716267990,http://creativecommons.org/licenses/by-nc-nd/4.0/
34604,1969232302,Conopidae_Myopa_fasciata_802934_1969232302,http://creativecommons.org/licenses/by-nc-nd/4.0/
34605,2838130826,Conopidae_Conops_vesicularis_1600252_2838130826,http://creativecommons.org/licenses/by-nc-nd/4.0/
34720,3721903337,Conopidae_Physocephala_rufipes_1878326_3721903337,http://creativecommons.org/licenses/by-nc-nd/4.0/
34871,3715193169,Conopidae_Myopa_dorsalis_1854780_3715193169,http://creativecommons.org/licenses/by-nc/4.0/
34872,3715193169,Conopidae_Myopa_dorsalis_1854781_3715193169,http://creativecommons.org/licenses/by-nc/4.0/
34873,3715193169,Conopidae_Myopa_dorsalis_1854782_3715193169,http://creativecommons.org/licenses/by-nc/4.0/
34890,3720901691,Conopidae_Physocephala_rufipes_1871508_3720901691,http://creativecommons.org/licenses/by-nc-nd/4.0/
35518,1958257183,Conopidae_Myopa_testacea_1476714_1958257183,http://creativecommons.org/licenses/by-nc-nd/4.0/
35520,1958257183,Conopidae_Myopa_testacea_1476716_1958257183,http://creativecommons.org/licenses/by-nc-nd/4.0/
35620,3722393830,Conopidae_Conops_quadrifasciatus_3261680_3722393830,http://creativecommons.org/licenses/by-nc-nd/4.0/
35621,3722393830,Conopidae_Conops_quadrifasciatus_3261681_3722393830,http://creativecommons.org/licenses/by-nc-nd/4.0/
35639,2845558799,Conopidae_Myopa_tessellatipennis_1613957_2845558799,http://creativecommons.org/licenses/by-nc-nd/4.0/
35781,3725868629,Conopidae_Leopoldius_diadematus_3269112_3725868629,http://creativecommons.org/licenses/by-nc/4.0/
35782,3725868629,Conopidae_Leopoldius_diadematus_3269113_3725868629,http://creativecommons.org/licenses/by-nc/4.0/
35828,3716383525,Conopidae_Zodion_cinereum_477033_3716383525,http://creativecommons.org/licenses/by-nc-nd/4.0/
35829,3716383525,Conopidae_Zodion_cinereum_477034_3716383525,http://creativecommons.org/licenses/by-nc-nd/4.0/
35830,3716383525,Conopidae_Zodion_cinereum_477035_3716383525,http://creativecommons.org/licenses/by-nc-nd/4.0/
36142,1970627819,Conopidae_Myopa_testacea_1494361_1970627819,http://creativecommons.org/licenses/by-nc-nd/4.0/
36144,1970627819,Conopidae_Myopa_testacea_1494363_1970627819,http://creativecommons.org/licenses/by-nc-nd/4.0/
36257,2845510324,Conopidae_Zodion_cinereum_2993622_2845510324,http://creativecommons.org/licenses/by-nc-nd/4.0/
36662,3906453722,Conopidae_Sicus_ferrugineus_2007123_3906453722,http://creativecommons.org/licenses/by-nc-nd/4.0/
36840,1965667076,Conopidae_Physocephala_nigra_107080_1965667076,http://creativecommons.org/licenses/by-nc/4.0/
36841,1965667076,Conopidae_Physocephala_nigra_107081_1965667076,http://creativecommons.org/licenses/by-nc/4.0/
36842,1965667076,Conopidae_Physocephala_nigra_107082_1965667076,http://creativecommons.org/licenses/by-nc/4.0/
37578,2847969520,Conopidae_Conops_flavipes_2994253_2847969520,© all rights reserved
37783,3429899899,Conopidae_Thecophora_atra_2404061_3429899899,© all rights reserved
37988,2401313490,Conopidae_Conops_flavipes_2220207_2401313490,© All rights reserved
38673,3873034720,Conopidae_Physocephala_tibialis_588803_3873034720,http://creativecommons.org/licenses/by-nc/4.0/
41431,3873715348,Conopidae_Physocephala_tibialis_1970462_3873715348,http://creativecommons.org/licenses/by-nc/4.0/
41557,3070275134,Conopidae_Conops_ceriaeformis_3033233_3070275134,http://creativecommons.org/licenses/by-nc/4.0/
43746,3456033337,Conopidae_Physocephala_tibialis_3218510_3456033337,http://creativecommons.org/licenses/by-nc/4.0/
43798,3455483702,Conopidae_Physocephala_tibialis_2525683_3455483702,http://creativecommons.org/licenses/by-nc/4.0/
43891,3456780540,Conopidae_Physocephala_tibialis_3221795_3456780540,http://creativecommons.org/licenses/by-nc/4.0/
44388,3902853804,Conopidae_Conops_quadrifasciatus_3367741_3902853804,http://creativecommons.org/licenses/by-nc/4.0/
45028,3873995755,Conopidae_Physocephala_tibialis_3352003_3873995755,http://creativecommons.org/licenses/by-nc/4.0/
45218,3873679892,Conopidae_Physocephala_rufipes_591999_3873679892,http://creativecommons.org/licenses/by-nc/4.0/
45586,3455248544,Conopidae_Physocephala_tibialis_1145590_3455248544,http://creativecommons.org/licenses/by-nc/4.0/
46521,1989786720,Conopidae_Physocephala_chrysorrhoea_2199074_1989786720,http://creativecommons.org/licenses/by/4.0/
46522,1989786720,Conopidae_Physocephala_chrysorrhoea_2199075_1989786720,http://creativecommons.org/licenses/by/4.0/
46523,1989786720,Conopidae_Physocephala_chrysorrhoea_2199076_1989786720,http://creativecommons.org/licenses/by/4.0/
46524,1989786720,Conopidae_Physocephala_chrysorrhoea_2199077_1989786720,http://creativecommons.org/licenses/by/4.0/
46525,1989786720,Conopidae_Physocephala_chrysorrhoea_2199078_1989786720,http://creativecommons.org/licenses/by/4.0/
46526,1989786720,Conopidae_Physocephala_chrysorrhoea_2199079_1989786720,http://creativecommons.org/licenses/by/4.0/
46530,1989785199,Conopidae_Leopoldius_signatus_1509559_1989785199,http://creativecommons.org/licenses/by/4.0/
46531,1989785199,Conopidae_Leopoldius_signatus_1509560_1989785199,http://creativecommons.org/licenses/by/4.0/
46532,1989785199,Conopidae_Leopoldius_signatus_1509561_1989785199,http://creativecommons.org/licenses/by/4.0/
46533,1989785199,Conopidae_Leopoldius_signatus_1509562_1989785199,http://creativecommons.org/licenses/by/4.0/
46534,1989785199,Conopidae_Leopoldius_signatus_1509563_1989785199,http://creativecommons.org/licenses/by/4.0/
46535,1989785199,Conopidae_Leopoldius_signatus_1509564_1989785199,http://creativecommons.org/licenses/by/4.0/
46542,1989783828,Conopidae_Conops_flavipes_2888413_1989783828,http://creativecommons.org/licenses/by/4.0/
46559,1989782448,Conopidae_Conops_vesicularis_819356_1989782448,http://creativecommons.org/licenses/by/4.0/
46562,1989782448,Conopidae_Conops_vesicularis_819359_1989782448,http://creativecommons.org/licenses/by/4.0/
48122,3455324460,Conopidae_Physocephala_tibialis_2524823_3455324460,http://creativecommons.org/licenses/by-nc/4.0/
48596,3391651809,Conopidae_Leopoldius_calceatus_1016441_3391651809,http://creativecommons.org/licenses/by-nc/4.0/
48597,3391651809,Conopidae_Leopoldius_calceatus_1016442_3391651809,http://creativecommons.org/licenses/by-nc/4.0/
49467,3399333346,Conopidae_Conops_scutellatus_2398238_3399333346,http://creativecommons.org/licenses/by-nc/4.0/
49469,3399333346,Conopidae_Conops_scutellatus_2398240_3399333346,http://creativecommons.org/licenses/by-nc/4.0/
49521,3456058374,Conopidae_Zodion_kroeberi_1839268_3456058374,http://creativecommons.org/licenses/by-nc/4.0/
49522,3456058374,Conopidae_Zodion_kroeberi_1839269_3456058374,http://creativecommons.org/licenses/by-nc/4.0/
49523,3456058374,Conopidae_Zodion_kroeberi_1839270_3456058374,http://creativecommons.org/licenses/by-nc/4.0/
49665,3860458866,Conopidae_Sicus_ferrugineus_3344341_3860458866,http://creativecommons.org/licenses/by/4.0/
51352,3860445182,Conopidae_Sicus_ferrugineus_1274908_3860445182,http://creativecommons.org/licenses/by-nc/4.0/
52143,2411443133,Conopidae_Conops_strigatus_2222604_2411443133,© All rights reserved
52429,3798300317,Conopidae_Myopa_testacea_1245372_3798300317,© All rights reserved
52784,3902741645,Conopidae_Conops_scutellatus_2676652_3902741645,http://creativecommons.org/licenses/by-nc/4.0/
53028,3874125715,Conopidae_Abrachyglossum_capitatum_2661662_3874125715,http://creativecommons.org/licenses/by-nc/4.0/
53029,3874125715,Conopidae_Abrachyglossum_capitatum_2661663_3874125715,http://creativecommons.org/licenses/by-nc/4.0/
53833,3747355422,Conopidae_Physocephala_vittata_1921559_3747355422,http://creativecommons.org/licenses/by-nc/4.0/
55423,2802560632,Conopidae_Conops_vesicularis_2268025_2802560632,http://creativecommons.org/licenses/by/4.0/
55425,2802560632,Conopidae_Conops_vesicularis_2268027_2802560632,http://creativecommons.org/licenses/by/4.0/
56950,2873769490,Conopidae_Physocephala_tibialis_3005759_2873769490,http://creativecommons.org/licenses/by-nc/4.0/
56963,3355494832,Conopidae_Sicus_ferrugineus_3075151_3355494832,http://creativecommons.org/licenses/by/4.0/
57464,2611323966,Conopidae_Myopa_vicaria_2946457_2611323966,http://creativecommons.org/licenses/by/4.0/
57466,2611323966,Conopidae_Myopa_vicaria_2946459_2611323966,http://creativecommons.org/licenses/by/4.0/
57467,2611323966,Conopidae_Myopa_vicaria_2946460_2611323966,http://creativecommons.org/licenses/by/4.0/
57468,2611323966,Conopidae_Myopa_vicaria_2946461_2611323966,http://creativecommons.org/licenses/by/4.0/
58675,3058693285,Conopidae_Conops_elegans_271020_3058693285,http://creativecommons.org/licenses/by-nc/4.0/
58749,3873287731,Conopidae_Physocephala_tibialis_1968413_3873287731,http://creativecommons.org/licenses/by-nc/4.0/
58958,1459334529,Conopidae_Conops_quadrifasciatus_2116267_1459334529,© all rights reserved
59327,2350363315,Conopidae_Physocephala_tibialis_839971_2350363315,http://creativecommons.org/licenses/by-nc/4.0/
59501,3889072313,Conopidae_Physocephala_tibialis_1979023_3889072313,http://creativecommons.org/licenses/by-nc/4.0/
59546,3456411911,Conopidae_Physocephala_tibialis_1840906_3456411911,http://creativecommons.org/licenses/by-nc/4.0/
60033,3307137365,Conopidae_Myopa_dorsalis_2360159_3307137365,http://creativecommons.org/licenses/by-nc/4.0/
60272,2634281966,Conopidae_Myopa_buccata_887824_2634281966,http://creativecommons.org/licenses/by/4.0/
60277,2634281966,Conopidae_Myopa_buccata_887829_2634281966,http://creativecommons.org/licenses/by/4.0/
60281,2634281966,Conopidae_Myopa_buccata_887833_2634281966,http://creativecommons.org/licenses/by/4.0/
63171,3307455356,Conopidae_Myopa_dorsalis_982895_3307455356,http://creativecommons.org/licenses/by-nc/4.0/
63172,3307455356,Conopidae_Myopa_dorsalis_982896_3307455356,http://creativecommons.org/licenses/by-nc/4.0/
63173,3307455356,Conopidae_Myopa_dorsalis_982897_3307455356,http://creativecommons.org/licenses/by-nc/4.0/
65436,3947381232,Conopidae_Conops_quadrifasciatus_650622_3947381232,http://creativecommons.org/licenses/by-nc/4.0/
65966,3468819393,Conopidae_Conops_flavifrons_3226826_3468819393,http://creativecommons.org/licenses/by-nc/4.0/
65967,3468819393,Conopidae_Conops_flavifrons_3226827_3468819393,http://creativecommons.org/licenses/by-nc/4.0/
66589,3888774502,Conopidae_Physocephala_tibialis_599495_3888774502,http://creativecommons.org/licenses/by-nc/4.0/
66921,1989782468,Conopidae_Physocephala_rufipes_2196874_1989782468,http://creativecommons.org/licenses/by/4.0/
66972,1123738028,Conopidae_Leopoldius_signatus_1386779_1123738028,© all rights reserved
66973,1123738028,Conopidae_Leopoldius_signatus_1386780_1123738028,© all rights reserved
68056,2847960211,Conopidae_Conops_flavipes_1614454_2847960211,© all rights reserved
68154,1890193012,Conopidae_Conops_quadrifasciatus_2840887_1890193012,© all rights reserved
68919,3415679654,Conopidae_Physocephala_vittata_2401797_3415679654,http://creativecommons.org/licenses/by-nc/4.0/
69095,3764693306,Conopidae_Conops_vesicularis_1927439_3764693306,http://creativecommons.org/licenses/by-nc/4.0/
69515,3335126343,Conopidae_Leopoldius_signatus_3065051_3335126343,http://creativecommons.org/licenses/by-nc/4.0/
69516,3335126343,Conopidae_Leopoldius_signatus_3065052_3335126343,http://creativecommons.org/licenses/by-nc/4.0/
69681,3408017760,Conopidae_Leopoldius_signatus_1709994_3408017760,http://creativecommons.org/licenses/by-nc/4.0/
69682,3408017760,Conopidae_Leopoldius_signatus_1709995_3408017760,http://creativecommons.org/licenses/by-nc/4.0/
69683,3408017760,Conopidae_Leopoldius_signatus_1709996_3408017760,http://creativecommons.org/licenses/by-nc/4.0/
70524,4015244379,Conopidae_Myopa_minor_680541_4015244379,http://creativecommons.org/licenses/by-nc/4.0/
70525,4015244379,Conopidae_Myopa_minor_680542_4015244379,http://creativecommons.org/licenses/by-nc/4.0/
71055,3759616696,Conopidae_Conops_quadrifasciatus_1234377_3759616696,http://creativecommons.org/licenses/by-nc/4.0/
71277,3873025461,Conopidae_Physocephala_vittata_1967054_3873025461,http://creativecommons.org/licenses/by-nc/4.0/
72312,3031826699,Conopidae_Conops_vesicularis_1644696_3031826699,http://creativecommons.org/licenses/by-nc/4.0/
72570,2992825777,Conopidae_Conops_insignis_2327171_2992825777,http://creativecommons.org/licenses/by-nc/4.0/
73364,3873603225,Conopidae_Physocephala_tibialis_1969918_3873603225,http://creativecommons.org/licenses/by-nc/4.0/
73447,3759900648,Conopidae_Physocephala_tibialis_3304627_3759900648,http://creativecommons.org/licenses/by-nc/4.0/
74559,4022213609,Conopidae_Conops_flavipes_2060882_4022213609,http://creativecommons.org/licenses/by-nc/4.0/
75212,3912075969,Conopidae_Physocephala_tibialis_3394640_3912075969,http://creativecommons.org/licenses/by-nc/4.0/
75348,2005360661,Conopidae_Myopa_mixta_823348_2005360661,http://creativecommons.org/licenses/by-nc/4.0/
75853,3090788859,Conopidae_Dalmannia_aculeata_3037780_3090788859,http://creativecommons.org/licenses/by-nc/4.0/
75854,3090788859,Conopidae_Dalmannia_aculeata_3037781_3090788859,http://creativecommons.org/licenses/by-nc/4.0/
76514,3468703779,Conopidae_Conops_silaceus_3226371_3468703779,http://creativecommons.org/licenses/by-nc/4.0/
76515,3468703779,Conopidae_Conops_silaceus_3226372_3468703779,http://creativecommons.org/licenses/by-nc/4.0/
76516,3468703779,Conopidae_Conops_silaceus_3226373_3468703779,http://creativecommons.org/licenses/by-nc/4.0/
76517,3903500832,Conopidae_Leopoldius_signatus_1991155_3903500832,http://creativecommons.org/licenses/by/4.0/
76622,3872930789,Conopidae_Conops_flavifrons_3346813_3872930789,http://creativecommons.org/licenses/by-nc/4.0/
76623,3872930789,Conopidae_Conops_flavifrons_3346814_3872930789,http://creativecommons.org/licenses/by-nc/4.0/
77117,3386704553,Conopidae_Thecophora_fulvipes_2393464_3386704553,© All rights reserved
77118,3386704553,Conopidae_Thecophora_fulvipes_2393465_3386704553,© All rights reserved
77119,3386704553,Conopidae_Thecophora_fulvipes_2393466_3386704553,© All rights reserved
77120,3386704553,Conopidae_Thecophora_fulvipes_2393467_3386704553,© All rights reserved
77642,2569361204,Conopidae_Myopa_testacea_2249337_2569361204,© All rights reserved
78620,3732705824,Conopidae_Conops_quadrifasciatus_1228782_3732705824,http://creativecommons.org/licenses/by-nc-nd/4.0/
78760,3730599227,Conopidae_Conops_vesicularis_1906731_3730599227,http://creativecommons.org/licenses/by-nc-nd/4.0/
79172,3823448991,Conopidae_Myopa_testacea_1250681_3823448991,http://creativecommons.org/licenses/by-nc/4.0/
79173,3823448991,Conopidae_Myopa_testacea_1250682_3823448991,http://creativecommons.org/licenses/by-nc/4.0/
80553,1969701029,Conopidae_Physocephala_rufipes_2181740_1969701029,http://creativecommons.org/licenses/by-nc-nd/4.0/
81085,3873703805,Conopidae_Physocephala_tibialis_1970370_3873703805,http://creativecommons.org/licenses/by/4.0/
81117,3031878888,Conopidae_Conops_silaceus_3025153_3031878888,http://creativecommons.org/licenses/by-nc/4.0/
81295,3456261503,Conopidae_Conops_flavipes_1840291_3456261503,http://creativecommons.org/licenses/by/4.0/
82404,3039152750,Conopidae_Physocephala_pusilla_958112_3039152750,http://creativecommons.org/licenses/by-nc/4.0/
82536,3455889330,Conopidae_Conops_vesicularis_459388_3455889330,http://creativecommons.org/licenses/by-nc/4.0/
82538,3455889330,Conopidae_Conops_vesicularis_459390_3455889330,http://creativecommons.org/licenses/by-nc/4.0/
82593,3031833546,Conopidae_Physocephala_vittata_956340_3031833546,http://creativecommons.org/licenses/by-nc/4.0/
82594,3031833546,Conopidae_Physocephala_vittata_956341_3031833546,http://creativecommons.org/licenses/by-nc/4.0/
82595,3031833546,Conopidae_Physocephala_vittata_956342_3031833546,http://creativecommons.org/licenses/by-nc/4.0/
83336,3058817626,Conopidae_Physocephala_rufipes_1649919_3058817626,http://creativecommons.org/licenses/by-nc/4.0/
84195,3337620864,Conopidae_Conops_quadrifasciatus_309621_3337620864,http://creativecommons.org/licenses/by-nc/4.0/
84572,3888989309,Conopidae_Physocephala_pusilla_2668065_3888989309,http://creativecommons.org/licenses/by-nc/4.0/
84828,2992798887,Conopidae_Physocephala_chrysorrhoea_3017390_2992798887,http://creativecommons.org/licenses/by-nc/4.0/
84829,2992798887,Conopidae_Physocephala_chrysorrhoea_3017391_2992798887,http://creativecommons.org/licenses/by-nc/4.0/
86474,3994075354,Conopidae_Myopa_picta_2730773_3994075354,http://creativecommons.org/licenses/by-nc/4.0/
86475,3994075354,Conopidae_Myopa_picta_2730774_3994075354,http://creativecommons.org/licenses/by-nc/4.0/
86564,2992741376,Conopidae_Physocephala_vittata_258726_2992741376,http://creativecommons.org/licenses/by-nc/4.0/
87810,3415862527,Conopidae_Myopa_vicaria_2402549_3415862527,http://creativecommons.org/licenses/by-nc/4.0/
89263,2999159448,Conopidae_Conops_scutellatus_3018111_2999159448,http://creativecommons.org/licenses/by-nc/4.0/
89838,1986613096,Conopidae_Sicus_ferrugineus_2194255_1986613096,http://creativecommons.org/licenses/by/4.0/
90171,2423026983,Conopidae_Physocephala_tibialis_1535610_2423026983,http://creativecommons.org/publicdomain/zero/1.0/
90746,3124928474,Conopidae_Conops_vesicularis_3047215_3124928474,http://creativecommons.org/licenses/by/4.0/
91613,3031954798,Conopidae_Conops_silaceus_3025478_3031954798,http://creativecommons.org/licenses/by-nc/4.0/
91614,3031954798,Conopidae_Conops_silaceus_3025479_3031954798,http://creativecommons.org/licenses/by-nc/4.0/
91836,3466306348,Conopidae_Physocephala_biguttata_1156641_3466306348,http://creativecommons.org/licenses/by-nc/4.0/
91837,3466306348,Conopidae_Physocephala_biguttata_1156642_3466306348,http://creativecommons.org/licenses/by-nc/4.0/
91838,3466306348,Conopidae_Physocephala_biguttata_1156643_3466306348,http://creativecommons.org/licenses/by-nc/4.0/
91935,3902620303,Conopidae_Physocephala_vittata_608422_3902620303,http://creativecommons.org/licenses/by/4.0/
91936,3902620303,Conopidae_Physocephala_vittata_608423_3902620303,http://creativecommons.org/licenses/by/4.0/
91938,3902620303,Conopidae_Physocephala_vittata_608425_3902620303,http://creativecommons.org/licenses/by/4.0/
93029,1831106720,Conopidae_Physocephala_tibialis_70748_1831106720,http://creativecommons.org/licenses/by-nc-sa/4.0/
93123,3455546479,Conopidae_Physocephala_tibialis_3216256_3455546479,http://creativecommons.org/licenses/by-nc/4.0/
93154,3859354755,Conopidae_Physocephala_tibialis_1269767_3859354755,http://creativecommons.org/licenses/by-nc/4.0/
93350,3759102202,Conopidae_Physocephala_biguttata_3302036_3759102202,http://creativecommons.org/licenses/by-nc/4.0/
93351,3759102202,Conopidae_Physocephala_biguttata_3302037_3759102202,http://creativecommons.org/licenses/by-nc/4.0/
93352,3759102202,Conopidae_Physocephala_biguttata_3302038_3759102202,http://creativecommons.org/licenses/by-nc/4.0/
93353,3759102202,Conopidae_Physocephala_biguttata_3302039_3759102202,http://creativecommons.org/licenses/by-nc/4.0/
93502,3860022600,Conopidae_Zodion_cinereum_1962032_3860022600,http://creativecommons.org/licenses/by-nc/4.0/
93714,3759294698,Conopidae_Myopa_mixta_544606_3759294698,http://creativecommons.org/licenses/by-nc/4.0/
93894,3860126948,Conopidae_Physocephala_vittata_1962538_3860126948,http://creativecommons.org/licenses/by-nc/4.0/
94487,3881794522,Conopidae_Physocephala_tibialis_1287520_3881794522,http://creativecommons.org/licenses/by-nc/4.0/
94561,3031833765,Conopidae_Conops_silaceus_3024739_3031833765,http://creativecommons.org/licenses/by-nc/4.0/
94562,3031833765,Conopidae_Conops_silaceus_3024740_3031833765,http://creativecommons.org/licenses/by-nc/4.0/
94563,3031833765,Conopidae_Conops_silaceus_3024741_3031833765,http://creativecommons.org/licenses/by-nc/4.0/
95131,3859221510,Conopidae_Physocephala_vittata_2647545_3859221510,http://creativecommons.org/licenses/by-nc/4.0/
95132,3859221510,Conopidae_Physocephala_vittata_2647546_3859221510,http://creativecommons.org/licenses/by-nc/4.0/
95133,3859221510,Conopidae_Physocephala_vittata_2647547_3859221510,http://creativecommons.org/licenses/by-nc/4.0/
95134,3859221510,Conopidae_Physocephala_vittata_2647548_3859221510,http://creativecommons.org/licenses/by-nc/4.0/
95135,3859221510,Conopidae_Physocephala_vittata_2647549_3859221510,http://creativecommons.org/licenses/by-nc/4.0/
95136,3859221510,Conopidae_Physocephala_vittata_2647550_3859221510,http://creativecommons.org/licenses/by-nc/4.0/
95142,3337777659,Conopidae_Conops_flavipes_310349_3337777659,http://creativecommons.org/licenses/by/4.0/
96109,3307352468,Conopidae_Myopa_dorsalis_982525_3307352468,http://creativecommons.org/licenses/by-nc/4.0/
96110,3307352468,Conopidae_Myopa_dorsalis_982526_3307352468,http://creativecommons.org/licenses/by-nc/4.0/
96111,3307352468,Conopidae_Myopa_dorsalis_982527_3307352468,http://creativecommons.org/licenses/by-nc/4.0/
96473,3333375839,Conopidae_Conops_flavipes_995350_3333375839,http://creativecommons.org/licenses/by-nc/4.0/
96497,3320883302,Conopidae_Thecophora_atra_2363999_3320883302,http://creativecommons.org/licenses/by-nc-sa/4.0/
96577,3465967350,Conopidae_Conops_vesicularis_1155494_3465967350,http://creativecommons.org/licenses/by-nc/4.0/
96772,3888871497,Conopidae_Physocephala_pusilla_1289206_3888871497,http://creativecommons.org/licenses/by-nc/4.0/
96773,3888871497,Conopidae_Physocephala_pusilla_1289207_3888871497,http://creativecommons.org/licenses/by-nc/4.0/
96774,3888871497,Conopidae_Physocephala_pusilla_1289208_3888871497,http://creativecommons.org/licenses/by-nc/4.0/
96775,3888871497,Conopidae_Physocephala_pusilla_1289209_3888871497,http://creativecommons.org/licenses/by-nc/4.0/
97314,2826450886,Conopidae_Physocephala_pusilla_1589809_2826450886,http://creativecommons.org/licenses/by-nc/4.0/
97479,3994156745,Conopidae_Leopoldius_coronatus_2041090_3994156745,http://creativecommons.org/licenses/by-nc/4.0/
97983,3947840530,Conopidae_Physocephala_biguttata_2720360_3947840530,http://creativecommons.org/licenses/by/4.0/
97984,3947840530,Conopidae_Physocephala_biguttata_2720361_3947840530,http://creativecommons.org/licenses/by/4.0/
100500,3925443608,Conopidae_Physocephala_tibialis_648725_3925443608,http://creativecommons.org/licenses/by/4.0/
101131,1990499889,Conopidae_Thecophora_atra_132099_1990499889,http://creativecommons.org/licenses/by-nc-sa/4.0/
101377,3384500576,Conopidae_Abrachyglossum_capitatum_321919_3384500576,http://creativecommons.org/licenses/by-nc/4.0/
101381,3384500576,Conopidae_Abrachyglossum_capitatum_321923_3384500576,http://creativecommons.org/licenses/by-nc/4.0/
102312,3455662409,Conopidae_Physocephala_tibialis_1147945_3455662409,http://creativecommons.org/licenses/by/4.0/
102816,3764095968,Conopidae_Dalmannia_aculeata_1926285_3764095968,http://creativecommons.org/licenses/by-sa/4.0/
102817,3764095968,Conopidae_Dalmannia_aculeata_1926286_3764095968,http://creativecommons.org/licenses/by-sa/4.0/
102818,3764095968,Conopidae_Dalmannia_aculeata_1926287_3764095968,http://creativecommons.org/licenses/by-sa/4.0/
102819,3764095968,Conopidae_Dalmannia_aculeata_1926288_3764095968,http://creativecommons.org/licenses/by-sa/4.0/
102820,3764095968,Conopidae_Dalmannia_aculeata_1926289_3764095968,http://creativecommons.org/licenses/by-sa/4.0/
102910,3759860630,Conopidae_Conops_quadrifasciatus_546359_3759860630,http://creativecommons.org/licenses/by/4.0/
103210,3873495746,Conopidae_Physocephala_tibialis_3349691_3873495746,http://creativecommons.org/licenses/by-nc/4.0/
104319,3773416141,Conopidae_Physocephala_vittata_1241051_3773416141,http://creativecommons.org/licenses/by-nc/4.0/
104320,3773416141,Conopidae_Physocephala_vittata_1241052_3773416141,http://creativecommons.org/licenses/by-nc/4.0/
104321,3773416141,Conopidae_Physocephala_vittata_1241053_3773416141,http://creativecommons.org/licenses/by-nc/4.0/
104500,3859358513,Conopidae_Physocephala_tibialis_1958920_3859358513,http://creativecommons.org/licenses/by-nc/4.0/
105537,2236197452,Conopidae_Melanosoma_bicolor_2892840_2236197452,http://creativecommons.org/licenses/by-nc/4.0/
105538,2236197452,Conopidae_Melanosoma_bicolor_2892841_2236197452,http://creativecommons.org/licenses/by-nc/4.0/
105661,3764365785,Conopidae_Dalmannia_punctata_3306804_3764365785,http://creativecommons.org/licenses/by-nc/4.0/
105662,3764365785,Conopidae_Dalmannia_punctata_3306805_3764365785,http://creativecommons.org/licenses/by-nc/4.0/
105663,3764365785,Conopidae_Dalmannia_punctata_3306806_3764365785,http://creativecommons.org/licenses/by-nc/4.0/
105664,3764365785,Conopidae_Dalmannia_punctata_3306807_3764365785,http://creativecommons.org/licenses/by-nc/4.0/
105665,3764365785,Conopidae_Dalmannia_punctata_3306808_3764365785,http://creativecommons.org/licenses/by-nc/4.0/
105666,3764365785,Conopidae_Dalmannia_punctata_3306809_3764365785,http://creativecommons.org/licenses/by-nc/4.0/
105898,3455660329,Conopidae_Physocephala_tibialis_458366_3455660329,http://creativecommons.org/licenses/by-nc/4.0/
105956,3902174946,Conopidae_Physocephala_vittata_1983940_3902174946,http://creativecommons.org/licenses/by/4.0/
105957,3902174946,Conopidae_Physocephala_vittata_1983941_3902174946,http://creativecommons.org/licenses/by/4.0/
106553,2451598201,Conopidae_Leopoldius_signatus_853536_2451598201,http://creativecommons.org/licenses/by/4.0/
106554,2451598201,Conopidae_Leopoldius_signatus_853537_2451598201,http://creativecommons.org/licenses/by/4.0/
106555,2451598201,Conopidae_Leopoldius_signatus_853538_2451598201,http://creativecommons.org/licenses/by/4.0/
106556,2451598201,Conopidae_Leopoldius_signatus_853539_2451598201,http://creativecommons.org/licenses/by/4.0/
106816,3712535368,Conopidae_Physocephala_tibialis_2543188_3712535368,http://creativecommons.org/licenses/by-nc/4.0/
108252,3925017622,Conopidae_Physocephala_tibialis_2715122_3925017622,http://creativecommons.org/licenses/by-nc/4.0/
110343,3337779387,Conopidae_Physocephala_vittata_310358_3337779387,http://creativecommons.org/licenses/by-nc/4.0/
110637,1883468044,Conopidae_Physocephala_tibialis_1460384_1883468044,http://creativecommons.org/licenses/by-nc/4.0/
111983,3785023310,Conopidae_Myopa_vicaria_3313952_3785023310,http://creativecommons.org/licenses/by-nc/4.0/
112844,3384436658,Conopidae_Melanosoma_bicolor_3079966_3384436658,http://creativecommons.org/licenses/by-nc/4.0/
113137,3031616390,Conopidae_Physocephala_vittata_1643593_3031616390,http://creativecommons.org/licenses/by/4.0/
113140,3031616390,Conopidae_Physocephala_vittata_1643596_3031616390,http://creativecommons.org/licenses/by/4.0/
113352,3456189992,Conopidae_Physocephala_pusilla_2528889_3456189992,http://creativecommons.org/licenses/by-nc/4.0/
113353,3456189992,Conopidae_Physocephala_pusilla_2528890_3456189992,http://creativecommons.org/licenses/by-nc/4.0/
113496,2597732518,Conopidae_Physocephala_biguttata_185552_2597732518,http://creativecommons.org/licenses/by-nc/4.0/
114048,2882957316,Conopidae_Melanosoma_bicolor_938508_2882957316,http://creativecommons.org/licenses/by-nc/4.0/
114049,2882957316,Conopidae_Melanosoma_bicolor_938509_2882957316,http://creativecommons.org/licenses/by-nc/4.0/
114050,2882957316,Conopidae_Melanosoma_bicolor_938510_2882957316,http://creativecommons.org/licenses/by-nc/4.0/
114103,3858899043,Conopidae_Physocephala_tibialis_3337213_3858899043,http://creativecommons.org/licenses/by-nc/4.0/
115804,3888737774,Conopidae_Physocephala_vittata_599282_3888737774,http://creativecommons.org/licenses/by-nc/4.0/
116111,1944374347,Conopidae_Myopa_fasciata_2844297_1944374347,http://creativecommons.org/licenses/by-nc/4.0/
116482,3465969462,Conopidae_Leopoldius_signatus_1845189_3465969462,http://creativecommons.org/licenses/by-nc/4.0/
116483,3465969462,Conopidae_Leopoldius_signatus_1845190_3465969462,http://creativecommons.org/licenses/by-nc/4.0/
117698,4022283580,Conopidae_Physocephala_rufipes_2061140_4022283580,http://creativecommons.org/licenses/by-nc/4.0/
117884,3328045054,Conopidae_Physocephala_tibialis_991015_3328045054,http://creativecommons.org/licenses/by-nc/4.0/
118549,2236299018,Conopidae_Physocephala_nigra_134735_2236299018,http://creativecommons.org/licenses/by-nc/4.0/
118550,2236299018,Conopidae_Physocephala_nigra_134736_2236299018,http://creativecommons.org/licenses/by-nc/4.0/
118551,2236299018,Conopidae_Physocephala_nigra_134737_2236299018,http://creativecommons.org/licenses/by-nc/4.0/
118756,4018230317,Conopidae_Physocephala_biguttata_2058788_4018230317,http://creativecommons.org/licenses/by-nc/4.0/
119049,2576197932,Conopidae_Myopa_buccata_183061_2576197932,http://creativecommons.org/licenses/by/4.0/
119492,3902232398,Conopidae_Conops_flavipes_2673785_3902232398,http://creativecommons.org/licenses/by-nc/4.0/
119795,3759383528,Conopidae_Myopa_vicaria_1233677_3759383528,http://creativecommons.org/licenses/by-nc/4.0/
120332,3961506686,Conopidae_Physocephala_rufipes_1343241_3961506686,http://creativecommons.org/licenses/by-nc/4.0/
120365,3333545459,Conopidae_Sicus_ferrugineus_2374288_3333545459,http://creativecommons.org/licenses/by-nc/4.0/
122424,1970805318,Conopidae_Conops_vesicularis_2874259_1970805318,http://creativecommons.org/licenses/by-nc/4.0/
124672,2517941952,Conopidae_Myopa_buccata_1544370_2517941952,http://creativecommons.org/licenses/by-nc-nd/4.0/
125348,3888854536,Conopidae_Physocephala_vittata_1289089_3888854536,http://creativecommons.org/licenses/by-nc-nd/4.0/
125350,2366028307,Conopidae_Leopoldius_valvatus_1528917_2366028307,http://creativecommons.org/publicdomain/zero/1.0/
125351,2366028307,Conopidae_Leopoldius_valvatus_1528918_2366028307,http://creativecommons.org/publicdomain/zero/1.0/
125352,2366028307,Conopidae_Leopoldius_valvatus_1528919_2366028307,http://creativecommons.org/publicdomain/zero/1.0/
125879,3415670541,Conopidae_Myopa_vicaria_3092053_3415670541,http://creativecommons.org/licenses/by-nc/4.0/
125880,3415670541,Conopidae_Myopa_vicaria_3092054_3415670541,http://creativecommons.org/licenses/by-nc/4.0/
127861,1459702267,Conopidae_Conops_flavipes_738870_1459702267,© all rights reserved
128309,3462858335,Conopidae_Thecophora_fulvipes_1155134_3462858335,© All rights reserved
128310,3462858335,Conopidae_Thecophora_fulvipes_1155135_3462858335,© All rights reserved
128311,3462858335,Conopidae_Thecophora_fulvipes_1155136_3462858335,© All rights reserved
128325,2412056565,Conopidae_Conops_vesicularis_2222726_2412056565,© All rights reserved
128559,2411831474,Conopidae_Conops_flavipes_1533737_2411831474,© All rights reserved
128560,2411831474,Conopidae_Conops_flavipes_1533738_2411831474,© All rights reserved
129509,3434032363,Conopidae_Conops_quadrifasciatus_1028156_3434032363,© all rights reserved
129708,1459995417,Conopidae_Leopoldius_signatus_1428180_1459995417,© all rights reserved
129709,1459995417,Conopidae_Leopoldius_signatus_1428181_1459995417,© all rights reserved
129710,1459995417,Conopidae_Leopoldius_signatus_1428182_1459995417,© all rights reserved
130107,2848023255,Conopidae_Physocephala_rufipes_925982_2848023255,© all rights reserved
130419,1458516536,Conopidae_Conops_flavipes_46595_1458516536,© all rights reserved
130583,3433317886,Conopidae_Conops_vesicularis_3096162_3433317886,© all rights reserved
131142,2272641423,Conopidae_Myopa_buccata_835455_2272641423,© all rights reserved
131144,2272641423,Conopidae_Myopa_buccata_835457_2272641423,© all rights reserved
131200,2558688041,Conopidae_Myopa_buccata_859416_2558688041,© all rights reserved
131896,2847871255,Conopidae_Conops_flavipes_2994165_2847871255,© all rights reserved
131916,2896945403,Conopidae_Conops_quadrifasciatus_2317634_2896945403,© all rights reserved
132807,3433561309,Conopidae_Conops_flavipes_338142_3433561309,© all rights reserved
133685,3880548369,Conopidae_Conops_flavipes_1284183_3880548369,© all rights reserved
133924,3767268118,Conopidae_Myopa_buccata_1238198_3767268118,© all rights reserved
134105,1459315508,Conopidae_Conops_flavipes_2805733_1459315508,© all rights reserved
134165,3767398206,Conopidae_Myopa_vicaria_2616791_3767398206,© all rights reserved
134167,2866383489,Conopidae_Leopoldius_signatus_3004154_2866383489,© all rights reserved
134767,1123329163,Conopidae_Myopa_tessellatipennis_2075947_1123329163,© all rights reserved
135349,1460395276,Conopidae_Myopa_fasciata_2807763_1460395276,© all rights reserved
135568,2274240080,Conopidae_Conops_flavipes_2904261_2274240080,© all rights reserved
135899,1458498699,Conopidae_Conops_quadrifasciatus_2805215_1458498699,© all rights reserved
135912,3879777766,Conopidae_Sicus_ferrugineus_1283727_3879777766,© all rights reserved
136284,2272344113,Conopidae_Myopa_testacea_1523741_2272344113,© all rights reserved
136395,3430862926,Conopidae_Myopa_fasciata_3094864_3430862926,© all rights reserved
136397,3430862926,Conopidae_Myopa_fasciata_3094866_3430862926,© all rights reserved
136423,2274583089,Conopidae_Conops_flavipes_2213846_2274583089,© all rights reserved
136847,1670505399,Conopidae_Conops_flavipes_53247_1670505399,© all rights reserved
136848,1670505399,Conopidae_Conops_flavipes_53248_1670505399,© all rights reserved
136874,1432436270,Conopidae_Conops_quadrifasciatus_1424671_1432436270,© all rights reserved
136895,2865941922,Conopidae_Conops_quadrifasciatus_2313828_2865941922,© all rights reserved
136912,1884587001,Conopidae_Sicus_ferrugineus_81846_1884587001,© all rights reserved
137015,1432240127,Conopidae_Conops_quadrifasciatus_735681_1432240127,© all rights reserved
137132,3433280694,Conopidae_Myopa_testacea_337994_3433280694,© all rights reserved
138029,1884129075,Conopidae_Physocephala_nigra_772438_1884129075,© all rights reserved
138107,1459980315,Conopidae_Conops_strigatus_2117461_1459980315,© all rights reserved
139326,3899442297,Conopidae_Thecophora_distincta_1293354_3899442297,© all rights reserved
139327,3899442297,Conopidae_Thecophora_distincta_1293355_3899442297,© all rights reserved
139451,2271657268,Conopidae_Myopa_vicaria_1523648_2271657268,© all rights reserved
139453,2271657268,Conopidae_Myopa_vicaria_1523650_2271657268,© all rights reserved
140059,1135267637,Conopidae_Thecophora_atra_698556_1135267637,© all rights reserved
140088,1459518809,Conopidae_Myopa_hirsuta_2116507_1459518809,© all rights reserved
140165,1432331908,Conopidae_Myopa_fasciata_2803303_1432331908,© all rights reserved
140166,1432331908,Conopidae_Myopa_fasciata_2803304_1432331908,© all rights reserved
140201,2336816695,Conopidae_Conops_flavipes_839701_2336816695,© all rights reserved
140324,3430441355,Conopidae_Myopa_testacea_2404362_3430441355,© all rights reserved
140325,3430441355,Conopidae_Myopa_testacea_2404363_3430441355,© all rights reserved
140378,3431674205,Conopidae_Conops_flavipes_1026899_3431674205,© all rights reserved
140537,1432774306,Conopidae_Conops_flavipes_1424851_1432774306,© all rights reserved
141229,1459959631,Conopidae_Myopa_testacea_48199_1459959631,© all rights reserved
141355,1458908636,Conopidae_Conops_vesicularis_737877_1458908636,© all rights reserved
141871,2866381952,Conopidae_Conops_strigatus_1624076_2866381952,© all rights reserved
141872,2866381952,Conopidae_Conops_strigatus_1624077_2866381952,© all rights reserved
142784,1432847709,Conopidae_Conops_flavipes_44924_1432847709,© all rights reserved
143149,1460500410,Conopidae_Conops_quadrifasciatus_1429135_1460500410,© all rights reserved
143257,1123738057,Conopidae_Conops_quadrifasciatus_2765668_1123738057,© all rights reserved
143270,1884129127,Conopidae_Physocephala_nigra_2840058_1884129127,© all rights reserved
143337,1431071400,Conopidae_Myopa_buccata_735102_1431071400,© all rights reserved
143453,1063812468,Conopidae_Conops_quadrifasciatus_2763850_1063812468,© all rights reserved
143607,3431786316,Conopidae_Sicus_ferrugineus_2405042_3431786316,© all rights reserved
143788,3433601703,Conopidae_Conops_strigatus_2405963_3433601703,© all rights reserved
143885,2549025607,Conopidae_Conops_flavipes_168169_2549025607,© all rights reserved
144121,1432258179,Conopidae_Conops_flavipes_1424550_1432258179,© all rights reserved
144196,3430595662,Conopidae_Conops_strigatus_3094749_3430595662,© all rights reserved
144794,3430231763,Conopidae_Conops_quadrifasciatus_2404243_3430231763,© all rights reserved
144829,3430115096,Conopidae_Myopa_buccata_2404179_3430115096,© all rights reserved
144937,2848284331,Conopidae_Conops_strigatus_235870_2848284331,© all rights reserved
145272,1459948560,Conopidae_Thecophora_atra_2806958_1459948560,© all rights reserved
145366,3434544984,Conopidae_Conops_flavipes_2406485_3434544984,© all rights reserved
145713,1459341850,Conopidae_Conops_flavipes_2116286_1459341850,© all rights reserved
147374,1965852323,Conopidae_Sicus_ferrugineus_798230_1965852323,http://creativecommons.org/licenses/by-nc-nd/4.0/
147539,1972954937,Conopidae_Physocephala_rufipes_118219_1972954937,http://creativecommons.org/licenses/by-nc-nd/4.0/
148343,1973659564,Conopidae_Abrachyglossum_capitatum_2878098_1973659564,http://creativecommons.org/licenses/by-nc-nd/4.0/
148354,3721084952,Conopidae_Conops_vesicularis_494192_3721084952,http://creativecommons.org/licenses/by-nc-nd/4.0/
148583,3715103295,Conopidae_Conops_vitellinus_2543888_3715103295,http://creativecommons.org/licenses/by-nc-nd/4.0/
150021,1970779266,Conopidae_Myopa_polystigma_806349_1970779266,http://creativecommons.org/licenses/by-nc-nd/4.0/
150022,1970779266,Conopidae_Myopa_polystigma_806350_1970779266,http://creativecommons.org/licenses/by-nc-nd/4.0/
150081,3995691156,Conopidae_Sicus_ferrugineus_667494_3995691156,http://creativecommons.org/licenses/by-nc-nd/4.0/
151530,2248664685,Conopidae_Melanosoma_bicolor_1516759_2248664685,http://creativecommons.org/licenses/by-nc-sa/4.0/
152344,2839637658,Conopidae_Myopa_tessellatipennis_2291332_2839637658,http://creativecommons.org/licenses/by-nc-nd/4.0/
152424,3823139909,Conopidae_Myopa_testacea_1938857_3823139909,http://creativecommons.org/licenses/by-nc-nd/4.0/
152425,3823139909,Conopidae_Myopa_testacea_1938858_3823139909,http://creativecommons.org/licenses/by-nc-nd/4.0/
153464,3721298391,Conopidae_Myopa_testacea_3253660_3721298391,http://creativecommons.org/licenses/by-nc-nd/4.0/
153853,1969494314,Conopidae_Conops_scutellatus_2871398_1969494314,http://creativecommons.org/licenses/by-nc-nd/4.0/
154475,3730956037,Conopidae_Myopa_fasciata_2598009_3730956037,http://creativecommons.org/licenses/by-nc-nd/4.0/
154477,3730956037,Conopidae_Myopa_fasciata_2598011_3730956037,http://creativecommons.org/licenses/by-nc-nd/4.0/
155836,3716393591,Conopidae_Conops_vesicularis_3235673_3716393591,http://creativecommons.org/licenses/by-nc-nd/4.0/
156916,2410181044,Conopidae_Conops_strigatus_154397_2410181044,© All rights reserved
156917,2410181044,Conopidae_Conops_strigatus_154398_2410181044,© All rights reserved
157981,3726569909,Conopidae_Conops_scutellatus_3272319_3726569909,http://creativecommons.org/licenses/by-nc-nd/4.0/
158120,3729864494,Conopidae_Conops_quadrifasciatus_1213875_3729864494,http://creativecommons.org/licenses/by-nc-nd/4.0/
158252,3732205288,Conopidae_Myopa_fasciata_537407_3732205288,http://creativecommons.org/licenses/by-nc/4.0/
158347,1965204764,Conopidae_Zodion_kroeberi_2864473_1965204764,http://creativecommons.org/licenses/by-nc-nd/4.0/
158396,3905637884,Conopidae_Physocephala_rufipes_2002279_3905637884,http://creativecommons.org/licenses/by-nc-nd/4.0/
159976,3732355159,Conopidae_Physocephala_rufipes_2605394_3732355159,http://creativecommons.org/licenses/by-nc-nd/4.0/
160743,3827420234,Conopidae_Myopa_tessellatipennis_3329821_3827420234,http://creativecommons.org/licenses/by-nc-nd/4.0/
160744,3827420234,Conopidae_Myopa_tessellatipennis_3329822_3827420234,http://creativecommons.org/licenses/by-nc-nd/4.0/
161066,3905362554,Conopidae_Myopa_pellucida_1311591_3905362554,http://creativecommons.org/licenses/by-nc-nd/4.0/
161251,3905357272,Conopidae_Conops_quadrifasciatus_2000798_3905357272,http://creativecommons.org/licenses/by-nc-nd/4.0/
161650,2815146232,Conopidae_Sicus_ferrugineus_896096_2815146232,© All rights reserved
162014,3386665409,Conopidae_Conops_quadrifasciatus_3083673_3386665409,© All rights reserved
162148,2860778384,Conopidae_Conops_quadrifasciatus_3001613_2860778384,© All rights reserved
162693,2404001151,Conopidae_Conops_quadrifasciatus_843172_2404001151,© All rights reserved
163356,3313470582,Conopidae_Conops_flavipes_2361916_3313470582,© All rights reserved
163997,1952042390,Conopidae_Zodion_kroeberi_1466848_1952042390,http://creativecommons.org/licenses/by-nc-nd/4.0/
163998,1952042390,Conopidae_Zodion_kroeberi_1466849_1952042390,http://creativecommons.org/licenses/by-nc-nd/4.0/
164355,3728293422,Conopidae_Conops_quadrifasciatus_1898747_3728293422,http://creativecommons.org/licenses/by-nc-nd/4.0/
164433,3721649591,Conopidae_Physocephala_rufipes_1186967_3721649591,http://creativecommons.org/licenses/by-nc-nd/4.0/
165037,3905401559,Conopidae_Conops_scutellatus_623253_3905401559,http://creativecommons.org/licenses/by-nc-nd/4.0/
166056,1974568812,Conopidae_Myopa_hirsuta_1500343_1974568812,http://creativecommons.org/licenses/by-nc-nd/4.0/
166057,1974568812,Conopidae_Myopa_hirsuta_1500344_1974568812,http://creativecommons.org/licenses/by-nc-nd/4.0/
166058,1974568812,Conopidae_Myopa_hirsuta_1500345_1974568812,http://creativecommons.org/licenses/by-nc-nd/4.0/
166059,1974568812,Conopidae_Myopa_hirsuta_1500346_1974568812,http://creativecommons.org/licenses/by-nc-nd/4.0/
166510,3731023499,Conopidae_Conops_scutellatus_1219965_3731023499,http://creativecommons.org/licenses/by-nc-nd/4.0/
166776,3729588307,Conopidae_Conops_vesicularis_1902213_3729588307,http://creativecommons.org/licenses/by-nc/4.0/
166777,3729588307,Conopidae_Conops_vesicularis_1902214_3729588307,http://creativecommons.org/licenses/by-nc/4.0/
166778,3729588307,Conopidae_Conops_vesicularis_1902215_3729588307,http://creativecommons.org/licenses/by-nc/4.0/
166932,2839252693,Conopidae_Myopa_tessellatipennis_222953_2839252693,http://creativecommons.org/licenses/by-nc-nd/4.0/
167660,2835329561,Conopidae_Myopa_vicaria_2284618_2835329561,http://creativecommons.org/licenses/by-nc-nd/4.0/
167661,2835329561,Conopidae_Myopa_vicaria_2284619_2835329561,http://creativecommons.org/licenses/by-nc-nd/4.0/
167948,3730725133,Conopidae_Conops_vesicularis_3287639_3730725133,http://creativecommons.org/licenses/by-nc-nd/4.0/
168335,1961643284,Conopidae_Conops_scutellatus_1481591_1961643284,http://creativecommons.org/licenses/by-nc-nd/4.0/
168397,3720016159,Conopidae_Myopa_testacea_2557761_3720016159,http://creativecommons.org/licenses/by-nc-nd/4.0/
168398,3720016159,Conopidae_Myopa_testacea_2557762_3720016159,http://creativecommons.org/licenses/by-nc-nd/4.0/
168399,3720016159,Conopidae_Myopa_testacea_2557763_3720016159,http://creativecommons.org/licenses/by-nc-nd/4.0/
169061,3717901515,Conopidae_Abrachyglossum_capitatum_2553109_3717901515,http://creativecommons.org/licenses/by-nc/4.0/
169543,3907504988,Conopidae_Conops_quadrifasciatus_3393084_3907504988,http://creativecommons.org/licenses/by-nc/4.0/
169656,1958388448,Conopidae_Myopa_vicaria_788415_1958388448,http://creativecommons.org/licenses/by-nc-nd/4.0/
170268,3824571917,Conopidae_Sicus_ferrugineus_1942703_3824571917,http://creativecommons.org/licenses/by-nc-nd/4.0/
171105,3905985034,Conopidae_Physocephala_nigra_2004332_3905985034,http://creativecommons.org/licenses/by-nc-nd/4.0/
171140,3721383985,Conopidae_Myopa_pellucida_2564027_3721383985,http://creativecommons.org/licenses/by-nc-nd/4.0/
171316,3905031739,Conopidae_Myopa_fasciata_3378839_3905031739,http://creativecommons.org/licenses/by-nc-nd/4.0/
172153,3726482679,Conopidae_Myopa_fasciata_1892192_3726482679,http://creativecommons.org/licenses/by-nc/4.0/
172154,3726482679,Conopidae_Myopa_fasciata_1892193_3726482679,http://creativecommons.org/licenses/by-nc/4.0/
172394,1671111313,Conopidae_Conops_quadrifasciatus_53596_1671111313,© all rights reserved
172474,3777095463,Conopidae_Myopa_buccata_3310990_3777095463,© all rights reserved
172486,2809471852,Conopidae_Myopa_hirsuta_893767_2809471852,© all rights reserved
172487,2809471852,Conopidae_Myopa_hirsuta_893768_2809471852,© all rights reserved
172488,2809471852,Conopidae_Myopa_hirsuta_893769_2809471852,© all rights reserved
173028,1459858447,Conopidae_Myopa_testacea_2117102_1459858447,© all rights reserved
173430,2561753933,Conopidae_Myopa_buccata_2248649_2561753933,© all rights reserved
173655,3432772499,Conopidae_Thecophora_atra_2405474_3432772499,© all rights reserved
173656,3432772499,Conopidae_Thecophora_atra_2405475_3432772499,© all rights reserved
174240,3904575129,Conopidae_Myopa_fasciata_3376188_3904575129,http://creativecommons.org/licenses/by-nc-nd/4.0/
175434,2834188293,Conopidae_Conops_scutellatus_214085_2834188293,http://creativecommons.org/licenses/by-nc-nd/4.0/
177332,3966361989,Conopidae_Myopa_dorsalis_656833_3966361989,http://creativecommons.org/licenses/by-nc/4.0/
177333,3966361989,Conopidae_Myopa_dorsalis_656834_3966361989,http://creativecommons.org/licenses/by-nc/4.0/
178204,3109299205,Conopidae_Conops_vesicularis_3042022_3109299205,http://creativecommons.org/licenses/by-nc/4.0/
178378,1990507191,Conopidae_Zodion_cinereum_822619_1990507191,http://creativecommons.org/licenses/by-nc-sa/4.0/
178662,2332842499,Conopidae_Conops_quadrifasciatus_839526_2332842499,© All rights reserved
179060,2403413581,Conopidae_Conops_strigatus_2911360_2403413581,© All rights reserved
179061,2403413581,Conopidae_Conops_strigatus_2911361_2403413581,© All rights reserved
179094,3041913387,Conopidae_Conops_quadrifasciatus_269165_3041913387,© All rights reserved
179819,2815116271,Conopidae_Thecophora_atra_896060_2815116271,© All rights reserved
180367,3925139642,Conopidae_Physocephala_tibialis_647847_3925139642,http://creativecommons.org/licenses/by-nc/4.0/
180821,3337950877,Conopidae_Conops_ceriaeformis_311116_3337950877,http://creativecommons.org/licenses/by-nc/4.0/
180971,3902808918,Conopidae_Conops_quadrifasciatus_609535_3902808918,http://creativecommons.org/licenses/by-nc/4.0/
180972,3902808918,Conopidae_Conops_quadrifasciatus_609536_3902808918,http://creativecommons.org/licenses/by-nc/4.0/
181762,3912336438,Conopidae_Sicus_ferrugineus_637966_3912336438,http://creativecommons.org/licenses/by-nc-sa/4.0/
182454,2445011538,Conopidae_Physocephala_tibialis_162320_2445011538,http://creativecommons.org/licenses/by-nc/4.0/
182489,3902766487,Conopidae_Conops_scutellatus_3367341_3902766487,http://creativecommons.org/licenses/by-nc/4.0/
183055,1315049371,Conopidae_Myopa_buccata_26126_1315049371,http://creativecommons.org/licenses/by/4.0/
183788,2560920805,Conopidae_Myopa_testacea_871090_2560920805,© All rights reserved
184281,2621928748,Conopidae_Myopa_picta_189291_2621928748,
184542,2621957961,Conopidae_Leopoldius_coronatus_2947710_2621957961,
185176,3889160327,Conopidae_Physocephala_pusilla_601202_3889160327,http://creativecommons.org/licenses/by-nc/4.0/
185177,3889160327,Conopidae_Physocephala_pusilla_601203_3889160327,http://creativecommons.org/licenses/by-nc/4.0/
185193,3456490207,Conopidae_Melanosoma_bicolor_1841244_3456490207,http://creativecommons.org/licenses/by-nc/4.0/
185194,3456490207,Conopidae_Melanosoma_bicolor_1841245_3456490207,http://creativecommons.org/licenses/by-nc/4.0/
185313,3070539470,Conopidae_Conops_quadrifasciatus_275806_3070539470,http://creativecommons.org/licenses/by/4.0/
186747,3465919353,Conopidae_Leopoldius_signatus_1155270_3465919353,http://creativecommons.org/licenses/by-nc-sa/4.0/
186748,3465919353,Conopidae_Leopoldius_signatus_1155271_3465919353,http://creativecommons.org/licenses/by-nc-sa/4.0/
186898,3415823415,Conopidae_Myopa_vicaria_1024252_3415823415,http://creativecommons.org/licenses/by-nc/4.0/
187212,3902393040,Conopidae_Conops_silaceus_607266_3902393040,http://creativecommons.org/licenses/by/4.0/
187780,1132467822,Conopidae_Conops_vesicularis_2765723_1132467822,© all rights reserved
187782,1132467822,Conopidae_Conops_vesicularis_2765725_1132467822,© all rights reserved
187875,2381977672,Conopidae_Conops_flavipes_2218309_2381977672,© all rights reserved
187891,3429811444,Conopidae_Myopa_buccata_2404028_3429811444,© all rights reserved
187894,1459897657,Conopidae_Conops_vesicularis_2806838_1459897657,© all rights reserved
188138,3743317318,Conopidae_Physocephala_tibialis_2609596_3743317318,http://creativecommons.org/licenses/by-nc-sa/4.0/
188659,3455242583,Conopidae_Physocephala_tibialis_2524127_3455242583,http://creativecommons.org/licenses/by-nc/4.0/
189389,3902210607,Conopidae_Leopoldius_signatus_1984184_3902210607,http://creativecommons.org/licenses/by-nc/4.0/
189390,3902210607,Conopidae_Leopoldius_signatus_1984185_3902210607,http://creativecommons.org/licenses/by-nc/4.0/
189807,3455506370,Conopidae_Conops_vesicularis_457680_3455506370,http://creativecommons.org/licenses/by-nc/4.0/
191723,2398639830,Conopidae_Conops_flavipes_2910179_2398639830,© All rights reserved
191934,3432026590,Conopidae_Leopoldius_signatus_1716067_3432026590,© all rights reserved
193900,3947530031,Conopidae_Conops_ceriaeformis_651350_3947530031,http://creativecommons.org/licenses/by-nc/4.0/
193901,3947530031,Conopidae_Conops_ceriaeformis_651351_3947530031,http://creativecommons.org/licenses/by-nc/4.0/
196261,3715105530,Conopidae_Sicus_nigritarsis_1854738_3715105530,http://creativecommons.org/licenses/by-nc/4.0/
196262,3715105530,Conopidae_Sicus_nigritarsis_1854739_3715105530,http://creativecommons.org/licenses/by-nc/4.0/
196263,3715105530,Conopidae_Sicus_nigritarsis_1854740_3715105530,http://creativecommons.org/licenses/by-nc/4.0/
196553,3731636130,Conopidae_Myopa_fasciata_2601803_3731636130,http://creativecommons.org/licenses/by-nc-nd/4.0/
197003,2837316984,Conopidae_Conops_scutellatus_1598509_2837316984,http://creativecommons.org/licenses/by-nc-nd/4.0/
197261,3731608493,Conopidae_Abrachyglossum_capitatum_3292530_3731608493,http://creativecommons.org/licenses/by-nc-nd/4.0/
197307,2840406039,Conopidae_Leopoldius_coronatus_1602836_2840406039,http://creativecommons.org/licenses/by-nc/4.0/
197675,2838220728,Conopidae_Conops_quadrifasciatus_2289597_2838220728,http://creativecommons.org/licenses/by-nc-nd/4.0/
197813,2836419248,Conopidae_Conops_scutellatus_907840_2836419248,http://creativecommons.org/licenses/by-nc/4.0/
198299,3730641293,Conopidae_Zodion_kroeberi_2596303_3730641293,http://creativecommons.org/licenses/by-nc-nd/4.0/
198668,1969271366,Conopidae_Conops_quadrifasciatus_2870849_1969271366,http://creativecommons.org/licenses/by-nc-nd/4.0/
200281,3455768785,Conopidae_Physocephala_tibialis_458774_3455768785,http://creativecommons.org/licenses/by/4.0/
200583,3415887764,Conopidae_Thecophora_atra_2402671_3415887764,http://creativecommons.org/licenses/by-nc/4.0/
200584,3415887764,Conopidae_Thecophora_atra_2402672_3415887764,http://creativecommons.org/licenses/by-nc/4.0/
200585,3415887764,Conopidae_Thecophora_atra_2402673_3415887764,http://creativecommons.org/licenses/by-nc/4.0/
201465,3466499848,Conopidae_Conops_quadrifasciatus_3225845_3466499848,http://creativecommons.org/licenses/by-nc/4.0/
203690,3447757308,Conopidae_Conops_vesicularis_1143827_3447757308,http://creativecommons.org/licenses/by-sa/4.0/
203740,3447768800,Conopidae_Myopa_occulta_454458_3447768800,http://creativecommons.org/licenses/by-sa/4.0/
203997,2994135471,Conopidae_Leopoldius_signatus_259212_2994135471,© all rights reserved
204090,2809046670,Conopidae_Myopa_polystigma_1582477_2809046670,© all rights reserved
204225,1459683056,Conopidae_Conops_flavipes_47504_1459683056,© all rights reserved
205040,3049302073,Conopidae_Conops_strigatus_2338787_3049302073,© all rights reserved
205041,3049302073,Conopidae_Conops_strigatus_2338788_3049302073,© all rights reserved
205051,1670633038,Conopidae_Leopoldius_signatus_1432920_1670633038,© all rights reserved
205052,1670633038,Conopidae_Leopoldius_signatus_1432921_1670633038,© all rights reserved
205318,4008089383,Conopidae_Thecophora_fulvipes_675465_4008089383,© All rights reserved
205319,4008089383,Conopidae_Thecophora_fulvipes_675466_4008089383,© All rights reserved
205320,4008089383,Conopidae_Thecophora_fulvipes_675467_4008089383,© All rights reserved
205464,2579168520,Conopidae_Thecophora_atra_873583_2579168520,© All rights reserved
206244,3728026434,Conopidae_Physocephala_rufipes_3277944_3728026434,http://creativecommons.org/licenses/by-nc/4.0/
207271,3719977944,Conopidae_Myopa_polystigma_1178762_3719977944,http://creativecommons.org/licenses/by-nc-nd/4.0/
207821,2400111624,Conopidae_Conops_vesicularis_1530864_2400111624,© All rights reserved
207848,1822254304,Conopidae_Leopoldius_signatus_2124916_1822254304,© All rights reserved
207849,1822254304,Conopidae_Leopoldius_signatus_2124917_1822254304,© All rights reserved
207850,1822254304,Conopidae_Leopoldius_signatus_2124918_1822254304,© All rights reserved
207851,1822254304,Conopidae_Leopoldius_signatus_2124919_1822254304,© All rights reserved
208581,3070503305,Conopidae_Conops_quadrifasciatus_2344062_3070503305,http://creativecommons.org/licenses/by-nc-nd/4.0/
209830,1846817387,Conopidae_Physocephala_tibialis_2832725_1846817387,
210139,2542775705,Conopidae_Physocephala_tibialis_2235227_2542775705,
210899,1846817361,Conopidae_Physocephala_tibialis_765122_1846817361,
210967,1846817443,Conopidae_Physocephala_tibialis_1453735_1846817443,
211001,2542775683,Conopidae_Physocephala_tibialis_2235226_2542775683,
211412,1884666254,Conopidae_Conops_flavipes_2150528_1884666254,© all rights reserved
211602,2561018118,Conopidae_Conops_strigatus_1559731_2561018118,© All rights reserved
211750,2403203366,Conopidae_Myopa_tessellatipennis_1531620_2403203366,© All rights reserved
211840,3432817869,Conopidae_Conops_vesicularis_3095867_3432817869,© all rights reserved
211920,2857816366,Conopidae_Myopa_buccata_2310021_2857816366,© all rights reserved
212020,3857751967,Conopidae_Myopa_buccata_2640355_3857751967,© all rights reserved
212022,3857751967,Conopidae_Myopa_buccata_2640357_3857751967,© all rights reserved
212392,3907616894,Conopidae_Conops_scutellatus_3393610_3907616894,http://creativecommons.org/licenses/by-nc-nd/4.0/
213628,3904709011,Conopidae_Sicus_ferrugineus_2686397_3904709011,http://creativecommons.org/licenses/by-nc-nd/4.0/
213633,3724470350,Conopidae_Conops_flavipes_1197604_3724470350,http://creativecommons.org/licenses/by-nc/4.0/
214065,2837091269,Conopidae_Conops_quadrifasciatus_2286928_2837091269,http://creativecommons.org/licenses/by-nc-nd/4.0/
214085,1952628508,Conopidae_Leopoldius_signatus_2156832_1952628508,http://creativecommons.org/licenses/by-nc-nd/4.0/
214086,1952628508,Conopidae_Leopoldius_signatus_2156833_1952628508,http://creativecommons.org/licenses/by-nc-nd/4.0/
214567,1965694113,Conopidae_Conops_scutellatus_1486415_1965694113,http://creativecommons.org/licenses/by-nc-nd/4.0/
214625,3997623060,Conopidae_Conops_strigatus_2741317_3997623060,http://creativecommons.org/licenses/by-nc-nd/4.0/
214657,3731909912,Conopidae_Myopa_picta_3294141_3731909912,http://creativecommons.org/licenses/by-nc-nd/4.0/
214768,2842032991,Conopidae_Physocephala_nigra_917395_2842032991,http://creativecommons.org/licenses/by-nc-nd/4.0/
214769,2842032991,Conopidae_Physocephala_nigra_917396_2842032991,http://creativecommons.org/licenses/by-nc-nd/4.0/
216562,3995351866,Conopidae_Leopoldius_calceatus_1354438_3995351866,http://creativecommons.org/licenses/by-nc/4.0/
216659,3716703809,Conopidae_Myopa_tessellatipennis_1168048_3716703809,http://creativecommons.org/licenses/by/4.0/
217138,1970504601,Conopidae_Myopa_polystigma_115088_1970504601,http://creativecommons.org/licenses/by-nc/4.0/
217139,1970504601,Conopidae_Myopa_polystigma_115089_1970504601,http://creativecommons.org/licenses/by-nc/4.0/
218145,1966818227,Conopidae_Myopa_testacea_1489173_1966818227,http://creativecommons.org/licenses/by-nc/4.0/
218593,3719950027,Conopidae_Myopa_tessellatipennis_3247993_3719950027,http://creativecommons.org/licenses/by-nc-nd/4.0/
218681,3904770306,Conopidae_Sicus_ferrugineus_2686742_3904770306,http://creativecommons.org/licenses/by-nc-nd/4.0/
218828,3718520958,Conopidae_Leopoldius_signatus_1865965_3718520958,http://creativecommons.org/licenses/by-nc-nd/4.0/
220067,3718589125,Conopidae_Leopoldius_signatus_2555551_3718589125,http://creativecommons.org/licenses/by-nc/4.0/
220068,3718589125,Conopidae_Leopoldius_signatus_2555552_3718589125,http://creativecommons.org/licenses/by-nc/4.0/
220069,3718589125,Conopidae_Leopoldius_signatus_2555553_3718589125,http://creativecommons.org/licenses/by-nc/4.0/
220070,3718589125,Conopidae_Leopoldius_signatus_2555554_3718589125,http://creativecommons.org/licenses/by-nc/4.0/
220665,3996624752,Conopidae_Conops_insignis_3428129_3996624752,http://creativecommons.org/licenses/by-nc-nd/4.0/
220760,2813908604,Conopidae_Thecophora_atra_894137_2813908604,http://creativecommons.org/licenses/by-nc/4.0/
220761,2813908604,Conopidae_Thecophora_atra_894138_2813908604,http://creativecommons.org/licenses/by-nc/4.0/
220762,2813908604,Conopidae_Thecophora_atra_894139_2813908604,http://creativecommons.org/licenses/by-nc/4.0/
221722,3873313081,Conopidae_Conops_quadrifasciatus_590191_3873313081,http://creativecommons.org/licenses/by-nc/4.0/
221745,3469035422,Conopidae_Conops_quadrifasciatus_2537213_3469035422,http://creativecommons.org/publicdomain/zero/1.0/
221749,3469035422,Conopidae_Conops_quadrifasciatus_2537217_3469035422,http://creativecommons.org/publicdomain/zero/1.0/
221935,3455256453,Conopidae_Physocephala_tibialis_3214438_3455256453,http://creativecommons.org/licenses/by-nc/4.0/
222710,4018575598,Conopidae_Conops_flavipes_682138_4018575598,http://creativecommons.org/licenses/by/4.0/
223260,3433077630,Conopidae_Conops_quadrifasciatus_3095985_3433077630,© all rights reserved
223294,1459612485,Conopidae_Conops_vesicularis_2116627_1459612485,© all rights reserved
223429,3899444488,Conopidae_Conops_quadrifasciatus_604348_3899444488,© all rights reserved
223755,1459981814,Conopidae_Leopoldius_signatus_2117466_1459981814,© all rights reserved
223756,1459981814,Conopidae_Leopoldius_signatus_2117467_1459981814,© all rights reserved
223819,1884686943,Conopidae_Physocephala_rufipes_81937_1884686943,© all rights reserved
224053,1955165148,Conopidae_Conops_scutellatus_782708_1955165148,http://creativecommons.org/licenses/by-nc-nd/4.0/
224109,3905885062,Conopidae_Conops_flavipes_625938_3905885062,http://creativecommons.org/licenses/by-nc-nd/4.0/
224136,1965364159,Conopidae_Myopa_fasciata_2865088_1965364159,http://creativecommons.org/licenses/by-nc-nd/4.0/
224645,2843251142,Conopidae_Conops_scutellatus_230255_2843251142,http://creativecommons.org/licenses/by-nc/4.0/
225242,1967066826,Conopidae_Myopa_testacea_2178579_1967066826,http://creativecommons.org/licenses/by-nc-nd/4.0/
225455,1952745641,Conopidae_Sicus_ferrugineus_779413_1952745641,http://creativecommons.org/licenses/by-nc-nd/4.0/
226663,1965729636,Conopidae_Leopoldius_brevirostris_797948_1965729636,http://creativecommons.org/licenses/by-nc-nd/4.0/
226664,1965729636,Conopidae_Leopoldius_brevirostris_797949_1965729636,http://creativecommons.org/licenses/by-nc-nd/4.0/
227767,3728941209,Conopidae_Myopa_tessellatipennis_522153_3728941209,http://creativecommons.org/licenses/by-nc-nd/4.0/
228034,1957610616,Conopidae_Conops_flavipes_96077_1957610616,http://creativecommons.org/licenses/by-nc-nd/4.0/
228053,3826313187,Conopidae_Sicus_ferrugineus_3326961_3826313187,http://creativecommons.org/licenses/by-nc-nd/4.0/
228495,3905694853,Conopidae_Physocephala_rufipes_1313447_3905694853,http://creativecommons.org/licenses/by-nc-nd/4.0/
228860,3718727478,Conopidae_Leopoldius_valvatus_2555840_3718727478,http://creativecommons.org/licenses/by-nc-nd/4.0/
228861,3718727478,Conopidae_Leopoldius_valvatus_2555841_3718727478,http://creativecommons.org/licenses/by-nc-nd/4.0/
228862,3718727478,Conopidae_Leopoldius_valvatus_2555842_3718727478,http://creativecommons.org/licenses/by-nc-nd/4.0/
229134,3731960450,Conopidae_Conops_flavipes_2603439_3731960450,http://creativecommons.org/licenses/by-nc/4.0/
229461,3726467602,Conopidae_Zodion_kroeberi_1202812_3726467602,http://creativecommons.org/licenses/by-nc-nd/4.0/
229462,3726467602,Conopidae_Zodion_kroeberi_1202813_3726467602,http://creativecommons.org/licenses/by-nc-nd/4.0/
229463,3726467602,Conopidae_Zodion_kroeberi_1202814_3726467602,http://creativecommons.org/licenses/by-nc-nd/4.0/
229464,3726467602,Conopidae_Zodion_kroeberi_1202815_3726467602,http://creativecommons.org/licenses/by-nc-nd/4.0/
229465,3726467602,Conopidae_Zodion_kroeberi_1202816_3726467602,http://creativecommons.org/licenses/by-nc-nd/4.0/
230195,3717768394,Conopidae_Myopa_fasciata_3242689_3717768394,http://creativecommons.org/licenses/by-nc-nd/4.0/
230613,1937555794,Conopidae_Conops_flavipes_776452_1937555794,© All rights reserved
231264,3004943341,Conopidae_Leopoldius_signatus_1638455_3004943341,© All rights reserved
232685,3732683966,Conopidae_Conops_scutellatus_2606927_3732683966,http://creativecommons.org/licenses/by-nc-nd/4.0/
232740,1955424415,Conopidae_Sicus_ferrugineus_783400_1955424415,http://creativecommons.org/licenses/by-nc-nd/4.0/
232803,2837829214,Conopidae_Physocephala_rufipes_1599563_2837829214,http://creativecommons.org/licenses/by-nc-nd/4.0/
233292,2837930498,Conopidae_Myopa_vicaria_2979396_2837930498,http://creativecommons.org/licenses/by/4.0/
233293,2837930498,Conopidae_Myopa_vicaria_2979397_2837930498,http://creativecommons.org/licenses/by/4.0/
233294,2837930498,Conopidae_Myopa_vicaria_2979398_2837930498,http://creativecommons.org/licenses/by/4.0/
233316,1974410444,Conopidae_Myopa_testacea_2879589_1974410444,http://creativecommons.org/licenses/by-nc-nd/4.0/
233531,1957646841,Conopidae_Conops_flavipes_2854439_1957646841,http://creativecommons.org/licenses/by-nc-nd/4.0/
233532,1957646841,Conopidae_Conops_flavipes_2854440_1957646841,http://creativecommons.org/licenses/by-nc-nd/4.0/
234052,3717539862,Conopidae_Physocephala_rufipes_482929_3717539862,http://creativecommons.org/licenses/by-nc-nd/4.0/
234665,3996362093,Conopidae_Conops_silaceus_1357921_3996362093,http://creativecommons.org/licenses/by-nc-nd/4.0/
234795,3716806468,Conopidae_Myopa_buccata_1168521_3716806468,http://creativecommons.org/licenses/by-nc-nd/4.0/
235218,3906985222,Conopidae_Physocephala_nigra_2010154_3906985222,http://creativecommons.org/licenses/by-nc-nd/4.0/
235250,1961748765,Conopidae_Conops_flavipes_1481731_1961748765,http://creativecommons.org/publicdomain/zero/1.0/
235924,3414564413,Conopidae_Conops_strigatus_2400265_3414564413,© All rights reserved
235925,3414564413,Conopidae_Conops_strigatus_2400266_3414564413,© All rights reserved
237550,3907288898,Conopidae_Myopa_fasciata_2701668_3907288898,http://creativecommons.org/licenses/by-nc/4.0/
237587,3721398306,Conopidae_Abrachyglossum_capitatum_1185123_3721398306,http://creativecommons.org/licenses/by-nc-nd/4.0/
238692,1973248438,Conopidae_Physocephala_rufipes_2187469_1973248438,http://creativecommons.org/licenses/by-nc-nd/4.0/
240642,3824577984,Conopidae_Myopa_testacea_1942729_3824577984,http://creativecommons.org/licenses/by-nc-nd/4.0/
241305,1957803987,Conopidae_Sicus_ferrugineus_96577_1957803987,http://creativecommons.org/licenses/by-nc-nd/4.0/
241732,3731797897,Conopidae_Conops_scutellatus_1224248_3731797897,http://creativecommons.org/licenses/by-nc-sa/4.0/
242664,3725965513,Conopidae_Physocephala_nigra_3269505_3725965513,http://creativecommons.org/licenses/by-nc-nd/4.0/
242665,3725965513,Conopidae_Physocephala_nigra_3269506_3725965513,http://creativecommons.org/licenses/by-nc-nd/4.0/
242802,3723902291,Conopidae_Myopa_buccata_3266526_3723902291,http://creativecommons.org/licenses/by-nc-nd/4.0/
243022,3905714851,Conopidae_Myopa_fasciata_2002738_3905714851,http://creativecommons.org/licenses/by-nc-nd/4.0/
243154,1957843238,Conopidae_Abrachyglossum_capitatum_2165122_1957843238,http://creativecommons.org/licenses/by-nc-nd/4.0/
244072,3716250936,Conopidae_Sicus_ferrugineus_3235098_3716250936,http://creativecommons.org/licenses/by-nc-nd/4.0/
244567,1961271544,Conopidae_Leopoldius_signatus_2170135_1961271544,http://creativecommons.org/licenses/by-nc/4.0/
244676,1976844546,Conopidae_Conops_vesicularis_1503295_1976844546,http://creativecommons.org/licenses/by-nc-nd/4.0/
246012,3728502174,Conopidae_Leopoldius_calceatus_3279278_3728502174,http://creativecommons.org/licenses/by-nc-nd/4.0/
246013,3728502174,Conopidae_Leopoldius_calceatus_3279279_3728502174,http://creativecommons.org/licenses/by-nc-nd/4.0/
247675,3824630356,Conopidae_Abrachyglossum_capitatum_1942878_3824630356,http://creativecommons.org/licenses/by-nc-nd/4.0/
247676,3824630356,Conopidae_Abrachyglossum_capitatum_1942879_3824630356,http://creativecommons.org/licenses/by-nc-nd/4.0/
248239,3722539424,Conopidae_Leopoldius_signatus_1882692_3722539424,http://creativecommons.org/licenses/by-nc-nd/4.0/
248434,3904909667,Conopidae_Myopa_tessellatipennis_1998228_3904909667,http://creativecommons.org/licenses/by-nc-nd/4.0/
249358,2838576230,Conopidae_Physocephala_rufipes_222215_2838576230,http://creativecommons.org/licenses/by-nc-nd/4.0/
249528,2835178516,Conopidae_Myopa_testacea_216368_2835178516,http://creativecommons.org/licenses/by/4.0/
249554,1961392102,Conopidae_Sicus_ferrugineus_1481112_1961392102,http://creativecommons.org/licenses/by-nc-nd/4.0/
250920,2841304294,Conopidae_Myopa_pellucida_2293260_2841304294,http://creativecommons.org/licenses/by-nc-nd/4.0/
250921,2841304294,Conopidae_Myopa_pellucida_2293261_2841304294,http://creativecommons.org/licenses/by-nc-nd/4.0/
251233,3906980439,Conopidae_Physocephala_nigra_2010120_3906980439,http://creativecommons.org/licenses/by-nc-nd/4.0/
253001,3726402942,Conopidae_Conops_scutellatus_1891810_3726402942,http://creativecommons.org/licenses/by-nc-nd/4.0/
253077,3715641702,Conopidae_Leopoldius_coronatus_2544231_3715641702,http://creativecommons.org/licenses/by-nc/4.0/
253078,3715641702,Conopidae_Leopoldius_coronatus_2544232_3715641702,http://creativecommons.org/licenses/by-nc/4.0/
253321,1966004144,Conopidae_Sicus_ferrugineus_1487052_1966004144,http://creativecommons.org/licenses/by/4.0/
253472,3720314192,Conopidae_Myopa_testacea_1179610_3720314192,http://creativecommons.org/licenses/by-nc-sa/4.0/
253948,3857522569,Conopidae_Conops_vesicularis_1950728_3857522569,© all rights reserved
253998,1458511488,Conopidae_Conops_flavipes_737738_1458511488,© all rights reserved
254012,3776768454,Conopidae_Myopa_buccata_2620413_3776768454,© all rights reserved
254357,3031654791,Conopidae_Physocephala_vittata_3024044_3031654791,http://creativecommons.org/licenses/by-nc/4.0/
254949,3070312858,Conopidae_Conops_flavipes_3033431_3070312858,http://creativecommons.org/licenses/by-nc/4.0/
255380,3465960498,Conopidae_Conops_flavipes_1845159_3465960498,http://creativecommons.org/licenses/by-nc/4.0/
255944,3773462956,Conopidae_Conops_vesicularis_1241124_3773462956,http://creativecommons.org/licenses/by-nc/4.0/
256638,3902446555,Conopidae_Physocephala_tibialis_607596_3902446555,http://creativecommons.org/licenses/by-nc/4.0/
257056,2851179494,Conopidae_Conops_quadrifasciatus_1618199_2851179494,http://creativecommons.org/licenses/by-nc/4.0/
258066,2802552726,Conopidae_Thecophora_atra_2267970_2802552726,http://creativecommons.org/licenses/by-nc/4.0/
258174,1850955483,Conopidae_Physocephala_tibialis_769913_1850955483,http://creativecommons.org/licenses/by-nc/4.0/
259363,3415632267,Conopidae_Conops_quadrifasciatus_1712304_3415632267,http://creativecommons.org/licenses/by-nc/4.0/
261065,3384617899,Conopidae_Myopa_dorsalis_1700989_3384617899,http://creativecommons.org/licenses/by-nc/4.0/
261181,3860770354,Conopidae_Physocephala_vittata_2654692_3860770354,http://creativecommons.org/licenses/by-nc/4.0/
261182,3860770354,Conopidae_Physocephala_vittata_2654693_3860770354,http://creativecommons.org/licenses/by-nc/4.0/
261183,3860770354,Conopidae_Physocephala_vittata_2654694_3860770354,http://creativecommons.org/licenses/by-nc/4.0/
261901,3355589490,Conopidae_Conops_strigatus_3075686_3355589490,http://creativecommons.org/licenses/by-nc/4.0/
261902,3355589490,Conopidae_Conops_strigatus_3075687_3355589490,http://creativecommons.org/licenses/by-nc/4.0/
261903,3355589490,Conopidae_Conops_strigatus_3075688_3355589490,http://creativecommons.org/licenses/by-nc/4.0/
262706,3328038327,Conopidae_Physocephala_tibialis_990967_3328038327,http://creativecommons.org/publicdomain/zero/1.0/
263064,2381759600,Conopidae_Conops_quadrifasciatus_1529342_2381759600,© all rights reserved
263265,3430619710,Conopidae_Conops_flavipes_336686_3430619710,© all rights reserved
263347,1433689163,Conopidae_Leopoldius_signatus_2803864_1433689163,© all rights reserved
263348,1433689163,Conopidae_Leopoldius_signatus_2803865_1433689163,© all rights reserved
263383,3432217888,Conopidae_Conops_flavipes_3095566_3432217888,© all rights reserved
263857,1459932866,Conopidae_Conops_flavipes_739417_1459932866,© all rights reserved
264183,1460755960,Conopidae_Myopa_testacea_2808150_1460755960,© all rights reserved
264480,1459941056,Conopidae_Conops_flavipes_1428051_1459941056,© all rights reserved
264636,1461058483,Conopidae_Myopa_tessellatipennis_740654_1461058483,© all rights reserved
264637,1461058483,Conopidae_Myopa_tessellatipennis_740655_1461058483,© all rights reserved
264638,1461058483,Conopidae_Myopa_tessellatipennis_740656_1461058483,© all rights reserved
264726,2808197793,Conopidae_Myopa_tessellatipennis_2961110_2808197793,© all rights reserved
264727,2808197793,Conopidae_Myopa_tessellatipennis_2961111_2808197793,© all rights reserved
264735,3433454376,Conopidae_Myopa_fasciata_338085_3433454376,© all rights reserved
264758,1460354549,Conopidae_Conops_flavipes_1428810_1460354549,© all rights reserved
264826,2809205791,Conopidae_Myopa_buccata_2271340_2809205791,© all rights reserved
264931,2852938485,Conopidae_Conops_quadrifasciatus_930407_2852938485,© all rights reserved
265334,2847757331,Conopidae_Physocephala_rufipes_1614309_2847757331,© all rights reserved
265473,1432011372,Conopidae_Sicus_ferrugineus_2803055_1432011372,© all rights reserved
265533,2270993976,Conopidae_Conops_strigatus_144678_2270993976,© all rights reserved
265534,2270993976,Conopidae_Conops_strigatus_144679_2270993976,© all rights reserved
265535,2270993976,Conopidae_Conops_strigatus_144680_2270993976,© all rights reserved
265894,3434347546,Conopidae_Conops_quadrifasciatus_2406388_3434347546,© all rights reserved
266334,4014151425,Conopidae_Conops_flavipes_1367530_4014151425,© all rights reserved
266538,3430794720,Conopidae_Conops_quadrifasciatus_336749_3430794720,© all rights reserved
266686,1432016173,Conopidae_Myopa_buccata_2113706_1432016173,© all rights reserved
266692,1458758050,Conopidae_Conops_quadrifasciatus_2805311_1458758050,© all rights reserved
266775,1432527130,Conopidae_Conops_quadrifasciatus_2114055_1432527130,© all rights reserved
267019,2271529062,Conopidae_Myopa_hirsuta_1523628_2271529062,© all rights reserved
267020,2271529062,Conopidae_Myopa_hirsuta_1523629_2271529062,© all rights reserved
267493,1884459449,Conopidae_Conops_flavipes_2840283_1884459449,© all rights reserved
267858,1432459734,Conopidae_Conops_flavipes_1424692_1432459734,© all rights reserved
269254,3893838934,Conopidae_Leopoldius_signatus_2671579_3893838934,© all rights reserved
269741,3430521754,Conopidae_Conops_flavipes_336640_3430521754,© all rights reserved
269911,1458365639,Conopidae_Conops_flavipes_737583_1458365639,© all rights reserved
270386,2809071035,Conopidae_Thecophora_atra_203148_2809071035,© all rights reserved
270796,1884322121,Conopidae_Conops_strigatus_81643_1884322121,© all rights reserved
270797,1884322121,Conopidae_Conops_strigatus_81644_1884322121,© all rights reserved
270893,3432702324,Conopidae_Conops_flavipes_2405426_3432702324,© all rights reserved
270895,2815726480,Conopidae_Physocephala_rufipes_206003_2815726480,© all rights reserved
270939,3431048924,Conopidae_Myopa_fasciata_3094989_3431048924,© all rights reserved
270940,3431048924,Conopidae_Myopa_fasciata_3094990_3431048924,© all rights reserved
271102,1890198453,Conopidae_Sicus_ferrugineus_2150913_1890198453,© all rights reserved
271468,1459984518,Conopidae_Conops_flavipes_1428145_1459984518,© all rights reserved
271642,1459882703,Conopidae_Myopa_buccata_47968_1459882703,© all rights reserved
271738,3431711687,Conopidae_Sicus_ferrugineus_1715917_3431711687,© all rights reserved
272478,3433427606,Conopidae_Conops_quadrifasciatus_1027815_3433427606,© all rights reserved
272501,3880331349,Conopidae_Conops_flavipes_3353599_3880331349,
272502,3880331349,Conopidae_Conops_flavipes_3353600_3880331349,
273013,1431394429,Conopidae_Myopa_tessellatipennis_44119_1431394429,© all rights reserved
273046,1132453708,Conopidae_Thecophora_atra_1386833_1132453708,© all rights reserved
273047,1132453708,Conopidae_Thecophora_atra_1386834_1132453708,© all rights reserved
273048,1132453708,Conopidae_Thecophora_atra_1386835_1132453708,© all rights reserved
273147,3893776598,Conopidae_Conops_quadrifasciatus_604010_3893776598,
274041,3879925553,Conopidae_Conops_flavipes_594817_3879925553,© all rights reserved
274044,3879925553,Conopidae_Conops_flavipes_594820_3879925553,© all rights reserved
274127,2246802842,Conopidae_Conops_flavipes_1516342_2246802842,© all rights reserved
274299,3879691475,Conopidae_Physocephala_vittata_2662179_3879691475,© all rights reserved
274396,2247034333,Conopidae_Physocephala_rufipes_137403_2247034333,© all rights reserved
274450,2809014784,Conopidae_Myopa_buccata_2271247_2809014784,© all rights reserved
274960,1460098378,Conopidae_Conops_flavipes_1428321_1460098378,© all rights reserved
274966,3433209433,Conopidae_Conops_quadrifasciatus_1716689_3433209433,© all rights reserved
275035,2270904043,Conopidae_Leopoldius_signatus_1523548_2270904043,© all rights reserved
275283,3049946696,Conopidae_Conops_flavipes_2338939_3049946696,© all rights reserved
275552,1459693856,Conopidae_Thecophora_distincta_2806295_1459693856,© all rights reserved
275941,1135240252,Conopidae_Myopa_testacea_7302_1135240252,© all rights reserved
275991,1459711565,Conopidae_Conops_flavipes_1427424_1459711565,© all rights reserved
276307,3431670318,Conopidae_Conops_quadrifasciatus_1715897_3431670318,© all rights reserved
277099,3725766022,Conopidae_Sicus_ferrugineus_2578305_3725766022,http://creativecommons.org/licenses/by-nc-nd/4.0/
278331,3721796959,Conopidae_Leopoldius_valvatus_1877487_3721796959,http://creativecommons.org/licenses/by-nc-nd/4.0/
278332,3721796959,Conopidae_Leopoldius_valvatus_1877488_3721796959,http://creativecommons.org/licenses/by-nc-nd/4.0/
278333,3721796959,Conopidae_Leopoldius_valvatus_1877489_3721796959,http://creativecommons.org/licenses/by-nc-nd/4.0/
278334,3721796959,Conopidae_Leopoldius_valvatus_1877490_3721796959,http://creativecommons.org/licenses/by-nc-nd/4.0/
278652,3726202984,Conopidae_Physocephala_rufipes_1201537_3726202984,http://creativecommons.org/licenses/by-nc/4.0/
278726,3728201346,Conopidae_Conops_scutellatus_1209207_3728201346,http://creativecommons.org/licenses/by-nc-nd/4.0/
278962,1973137204,Conopidae_Physocephala_rufipes_809542_1973137204,http://creativecommons.org/licenses/by-sa/4.0/
279296,2837967670,Conopidae_Myopa_buccata_911221_2837967670,http://creativecommons.org/licenses/by-nc-nd/4.0/
279592,1969847252,Conopidae_Abrachyglossum_capitatum_1492748_1969847252,http://creativecommons.org/licenses/by-nc-nd/4.0/
281493,3826652073,Conopidae_Myopa_tessellatipennis_3327658_3826652073,http://creativecommons.org/licenses/by-nc-nd/4.0/
282407,3720255136,Conopidae_Conops_vesicularis_2558339_3720255136,http://creativecommons.org/licenses/by-nc-nd/4.0/
282637,3904726093,Conopidae_Abrachyglossum_capitatum_1997206_3904726093,http://creativecommons.org/licenses/by-nc-nd/4.0/
282638,3904726093,Conopidae_Abrachyglossum_capitatum_1997207_3904726093,http://creativecommons.org/licenses/by-nc-nd/4.0/
282873,3722785746,Conopidae_Thecophora_atra_1884037_3722785746,http://creativecommons.org/licenses/by-nc-nd/4.0/
282874,3722785746,Conopidae_Thecophora_atra_1884038_3722785746,http://creativecommons.org/licenses/by-nc-nd/4.0/
283804,1972840014,Conopidae_Myopa_fasciata_117921_1972840014,http://creativecommons.org/licenses/by-nc-nd/4.0/
285218,3905128576,Conopidae_Physocephala_rufipes_621603_3905128576,http://creativecommons.org/licenses/by-nc-nd/4.0/
285678,3431958687,Conopidae_Leopoldius_signatus_337367_3431958687,© all rights reserved
285679,3431958687,Conopidae_Leopoldius_signatus_337368_3431958687,© all rights reserved
285680,3431958687,Conopidae_Leopoldius_signatus_337369_3431958687,© all rights reserved
285940,2850591457,Conopidae_Leopoldius_calceatus_926900_2850591457,http://creativecommons.org/licenses/by/4.0/
285941,2850591457,Conopidae_Leopoldius_calceatus_926901_2850591457,http://creativecommons.org/licenses/by/4.0/
285942,2850591457,Conopidae_Leopoldius_calceatus_926902_2850591457,http://creativecommons.org/licenses/by/4.0/
285943,2850591457,Conopidae_Leopoldius_calceatus_926903_2850591457,http://creativecommons.org/licenses/by/4.0/
285944,2850591457,Conopidae_Leopoldius_calceatus_926904_2850591457,http://creativecommons.org/licenses/by/4.0/
286194,3112669357,Conopidae_Dalmannia_punctata_1662958_3112669357,http://creativecommons.org/licenses/by-nc/4.0/
286195,3112669357,Conopidae_Dalmannia_punctata_1662959_3112669357,http://creativecommons.org/licenses/by-nc/4.0/
286449,3468755329,Conopidae_Leopoldius_coronatus_1847419_3468755329,http://creativecommons.org/licenses/by-nc/4.0/
287405,3455206552,Conopidae_Physocephala_tibialis_3213969_3455206552,http://creativecommons.org/licenses/by-nc/4.0/
287886,3031621900,Conopidae_Conops_ceriaeformis_265223_3031621900,http://creativecommons.org/licenses/by-nc/4.0/
287887,3031621900,Conopidae_Conops_ceriaeformis_265224_3031621900,http://creativecommons.org/licenses/by-nc/4.0/
287888,3031621900,Conopidae_Conops_ceriaeformis_265225_3031621900,http://creativecommons.org/licenses/by-nc/4.0/
287912,2818733312,Conopidae_Myopa_buccata_1586593_2818733312,http://creativecommons.org/licenses/by-nc/4.0/
291378,2845264631,Conopidae_Myopa_pellucida_924887_2845264631,http://creativecommons.org/licenses/by-nc-nd/4.0/
291379,2845264631,Conopidae_Myopa_pellucida_924888_2845264631,http://creativecommons.org/licenses/by-nc-nd/4.0/
292361,1958166644,Conopidae_Myopa_testacea_2165887_1958166644,http://creativecommons.org/licenses/by/4.0/
292564,3730226780,Conopidae_Myopa_tessellatipennis_1215565_3730226780,http://creativecommons.org/licenses/by-nc-nd/4.0/
292711,3907013000,Conopidae_Conops_flavipes_3390425_3907013000,http://creativecommons.org/licenses/by-sa/4.0/
292976,3904039280,Conopidae_Myopa_buccata_1992905_3904039280,http://creativecommons.org/licenses/by-nc-nd/4.0/
292978,3904039280,Conopidae_Myopa_buccata_1992907_3904039280,http://creativecommons.org/licenses/by-nc-nd/4.0/
293134,3730233717,Conopidae_Myopa_buccata_3284886_3730233717,http://creativecommons.org/licenses/by-nc-nd/4.0/
293138,3730233717,Conopidae_Myopa_buccata_3284890_3730233717,http://creativecommons.org/licenses/by-nc-nd/4.0/
293530,1966313616,Conopidae_Myopa_buccata_2867241_1966313616,http://creativecommons.org/licenses/by-nd/4.0/
293532,1966313616,Conopidae_Myopa_buccata_2867243_1966313616,http://creativecommons.org/licenses/by-nd/4.0/
293844,3906713706,Conopidae_Physocephala_rufipes_2698378_3906713706,http://creativecommons.org/licenses/by-nc-nd/4.0/
294768,3731365535,Conopidae_Conops_scutellatus_1221870_3731365535,http://creativecommons.org/licenses/by-nc/4.0/
294818,1965816664,Conopidae_Physocephala_rufipes_2866106_1965816664,http://creativecommons.org/licenses/by-nc-nd/4.0/
295080,3996209477,Conopidae_Leopoldius_calceatus_2046512_3996209477,http://creativecommons.org/licenses/by-nc-nd/4.0/
295251,1976515105,Conopidae_Physocephala_rufipes_2191707_1976515105,http://creativecommons.org/licenses/by-nc-nd/4.0/
296017,3729165444,Conopidae_Myopa_testacea_522744_3729165444,http://creativecommons.org/licenses/by-nc-nd/4.0/
296384,3904143404,Conopidae_Sicus_ferrugineus_1304208_3904143404,http://creativecommons.org/licenses/by-nc/4.0/
297043,3904798581,Conopidae_Myopa_fasciata_2686902_3904798581,http://creativecommons.org/licenses/by-nc-nd/4.0/
297044,3904798581,Conopidae_Myopa_fasciata_2686903_3904798581,http://creativecommons.org/licenses/by-nc-nd/4.0/
297464,2836800433,Conopidae_Myopa_testacea_908428_2836800433,http://creativecommons.org/licenses/by-nc-nd/4.0/
298067,2835200668,Conopidae_Myopa_testacea_2975081_2835200668,http://creativecommons.org/licenses/by-nc-nd/4.0/
298599,3716309978,Conopidae_Myopa_polystigma_476711_3716309978,http://creativecommons.org/licenses/by-nc/4.0/
298883,1432252082,Conopidae_Conops_quadrifasciatus_2803243_1432252082,© all rights reserved
299693,3923256430,Conopidae_Conops_silaceus_1333956_3923256430,http://creativecommons.org/licenses/by-nc/4.0/
301004,3731508586,Conopidae_Myopa_tessellatipennis_1222671_3731508586,http://creativecommons.org/licenses/by-nc-nd/4.0/
301208,1966261875,Conopidae_Physocephala_nigra_2176893_1966261875,http://creativecommons.org/licenses/by-nc-nd/4.0/
301209,1966261875,Conopidae_Physocephala_nigra_2176894_1966261875,http://creativecommons.org/licenses/by-nc-nd/4.0/
301210,1966261875,Conopidae_Physocephala_nigra_2176895_1966261875,http://creativecommons.org/licenses/by-nc-nd/4.0/
301211,1966261875,Conopidae_Physocephala_nigra_2176896_1966261875,http://creativecommons.org/licenses/by-nc-nd/4.0/
301371,3730205376,Conopidae_Myopa_tessellatipennis_3284725_3730205376,http://creativecommons.org/licenses/by-nc-nd/4.0/
302428,3720603237,Conopidae_Myopa_pellucida_1870145_3720603237,http://creativecommons.org/licenses/by-nc-nd/4.0/
302429,3720603237,Conopidae_Myopa_pellucida_1870146_3720603237,http://creativecommons.org/licenses/by-nc-nd/4.0/
302430,3720603237,Conopidae_Myopa_pellucida_1870147_3720603237,http://creativecommons.org/licenses/by-nc-nd/4.0/
302431,3720603237,Conopidae_Myopa_pellucida_1870148_3720603237,http://creativecommons.org/licenses/by-nc-nd/4.0/
303171,3717434123,Conopidae_Physocephala_rufipes_3240992_3717434123,http://creativecommons.org/licenses/by-nc-nd/4.0/
303279,3715339871,Conopidae_Conops_quadrifasciatus_3233977_3715339871,http://creativecommons.org/licenses/by-nc-nd/4.0/
303280,3715339871,Conopidae_Conops_quadrifasciatus_3233978_3715339871,http://creativecommons.org/licenses/by-nc-nd/4.0/
303580,3733428777,Conopidae_Conops_vesicularis_2608856_3733428777,http://creativecommons.org/licenses/by-nc-nd/4.0/
303910,3730217618,Conopidae_Sicus_ferrugineus_1215508_3730217618,http://creativecommons.org/licenses/by-nc/4.0/
304057,1989783739,Conopidae_Conops_quadrifasciatus_130042_1989783739,http://creativecommons.org/licenses/by/4.0/
304071,1989784848,Conopidae_Conops_quadrifasciatus_1509452_1989784848,http://creativecommons.org/licenses/by/4.0/
304364,3725826602,Conopidae_Leopoldius_diadematus_3268964_3725826602,http://creativecommons.org/licenses/by-nc/4.0/
304365,3725826602,Conopidae_Leopoldius_diadematus_3268965_3725826602,http://creativecommons.org/licenses/by-nc/4.0/
304366,3725826602,Conopidae_Leopoldius_diadematus_3268966_3725826602,http://creativecommons.org/licenses/by-nc/4.0/
304367,3725826602,Conopidae_Leopoldius_diadematus_3268967_3725826602,http://creativecommons.org/licenses/by-nc/4.0/
304885,3717872057,Conopidae_Conops_flavipes_1173845_3717872057,http://creativecommons.org/licenses/by-nc/4.0/
306007,3996392583,Conopidae_Abrachyglossum_capitatum_2737263_3996392583,http://creativecommons.org/licenses/by-nc-nd/4.0/
306008,3996392583,Conopidae_Abrachyglossum_capitatum_2737264_3996392583,http://creativecommons.org/licenses/by-nc-nd/4.0/
306103,1969815953,Conopidae_Zodion_cinereum_113617_1969815953,http://creativecommons.org/licenses/by-nc-nd/4.0/
306495,3826694175,Conopidae_Conops_vesicularis_2636885_3826694175,http://creativecommons.org/licenses/by-nc-nd/4.0/
306947,3823370080,Conopidae_Sicus_ferrugineus_3319586_3823370080,http://creativecommons.org/licenses/by-nc-nd/4.0/
307788,3906092068,Conopidae_Physocephala_rufipes_3385043_3906092068,http://creativecommons.org/licenses/by-nc-nd/4.0/
308078,1970511886,Conopidae_Myopa_buccata_2183470_1970511886,http://creativecommons.org/licenses/by-nc-sa/4.0/
308136,1977463339,Conopidae_Myopa_tessellatipennis_125463_1977463339,http://creativecommons.org/licenses/by-nc/4.0/
308461,1459605358,Conopidae_Myopa_buccata_2806107_1459605358,© all rights reserved
310058,1976790642,Conopidae_Sicus_ferrugineus_2882298_1976790642,http://creativecommons.org/licenses/by-nc/4.0/
310245,1977011525,Conopidae_Myopa_testacea_815219_1977011525,http://creativecommons.org/licenses/by/4.0/
310828,3724884977,Conopidae_Thecophora_cinerascens_508765_3724884977,http://creativecommons.org/licenses/by-nc-nd/4.0/
310917,3729744946,Conopidae_Sicus_ferrugineus_524512_3729744946,http://creativecommons.org/licenses/by-nc-nd/4.0/
310984,3727885358,Conopidae_Physocephala_rufipes_1208232_3727885358,http://creativecommons.org/licenses/by-nc-nd/4.0/
311427,3905737583,Conopidae_Myopa_hirsuta_3382879_3905737583,http://creativecommons.org/licenses/by-nc/4.0/
311428,3905737583,Conopidae_Myopa_hirsuta_3382880_3905737583,http://creativecommons.org/licenses/by-nc/4.0/
311429,3905737583,Conopidae_Myopa_hirsuta_3382881_3905737583,http://creativecommons.org/licenses/by-nc/4.0/
311430,3905737583,Conopidae_Myopa_hirsuta_3382882_3905737583,http://creativecommons.org/licenses/by-nc/4.0/
311431,3905737583,Conopidae_Myopa_hirsuta_3382883_3905737583,http://creativecommons.org/licenses/by-nc/4.0/
311432,3905737583,Conopidae_Myopa_hirsuta_3382884_3905737583,http://creativecommons.org/licenses/by-nc/4.0/
311433,3905737583,Conopidae_Myopa_hirsuta_3382885_3905737583,http://creativecommons.org/licenses/by-nc/4.0/
311434,3905737583,Conopidae_Myopa_hirsuta_3382886_3905737583,http://creativecommons.org/licenses/by-nc/4.0/
311435,3905737583,Conopidae_Myopa_hirsuta_3382887_3905737583,http://creativecommons.org/licenses/by-nc/4.0/
311436,3905737583,Conopidae_Myopa_hirsuta_3382888_3905737583,http://creativecommons.org/licenses/by-nc/4.0/
311569,2837182907,Conopidae_Myopa_vicaria_2287191_2837182907,http://creativecommons.org/licenses/by-nc/4.0/
311570,2837182907,Conopidae_Myopa_vicaria_2287192_2837182907,http://creativecommons.org/licenses/by-nc/4.0/
311921,3731464608,Conopidae_Sicus_ferrugineus_1911723_3731464608,http://creativecommons.org/licenses/by-nc-nd/4.0/
312771,3455194809,Conopidae_Physocephala_tibialis_455649_3455194809,http://creativecommons.org/licenses/by-nc/4.0/
313002,3337803373,Conopidae_Conops_silaceus_2378804_3337803373,http://creativecommons.org/licenses/by-nc/4.0/
313003,3337803373,Conopidae_Conops_silaceus_2378805_3337803373,http://creativecommons.org/licenses/by-nc/4.0/
313046,2992676815,Conopidae_Conops_ceriaeformis_258561_2992676815,http://creativecommons.org/licenses/by-nc/4.0/
313047,2992676815,Conopidae_Conops_ceriaeformis_258562_2992676815,http://creativecommons.org/licenses/by-nc/4.0/
313083,3912052014,Conopidae_Physocephala_tibialis_636625_3912052014,http://creativecommons.org/licenses/by-nc/4.0/
313720,3994165278,Conopidae_Physocephala_biguttata_2731311_3994165278,http://creativecommons.org/licenses/by-nc/4.0/
313778,2850619867,Conopidae_Physocephala_rufipes_1615615_2850619867,http://creativecommons.org/licenses/by-nc/4.0/
314576,3886561330,Conopidae_Conops_quadrifasciatus_3357662_3886561330,© All rights reserved
314859,2403490089,Conopidae_Conops_quadrifasciatus_1531679_2403490089,© All rights reserved
314972,3303310642,Conopidae_Myopa_buccata_2359919_3303310642,© All rights reserved
315220,3798254533,Conopidae_Conops_vesicularis_3314297_3798254533,© All rights reserved
315621,1884381641,Conopidae_Sicus_ferrugineus_1461022_1884381641,© all rights reserved
316198,2412188785,Conopidae_Conops_vesicularis_2222749_2412188785,© All rights reserved
317237,3859712998,Conopidae_Physocephala_biguttata_2649952_3859712998,http://creativecommons.org/licenses/by-nc/4.0/
317533,2331902787,Conopidae_Physocephala_tibialis_148957_2331902787,http://creativecommons.org/licenses/by-nc/4.0/
318743,3764221037,Conopidae_Physocephala_vittata_548301_3764221037,http://creativecommons.org/licenses/by-nc/4.0/
319692,3728300469,Conopidae_Leopoldius_calceatus_1898763_3728300469,http://creativecommons.org/licenses/by-nc-nd/4.0/
320156,1976236595,Conopidae_Conops_scutellatus_813471_1976236595,http://creativecommons.org/licenses/by-nc-nd/4.0/
320228,3722393528,Conopidae_Conops_scutellatus_2571369_3722393528,http://creativecommons.org/licenses/by-nc-nd/4.0/
320231,3722393528,Conopidae_Conops_scutellatus_2571372_3722393528,http://creativecommons.org/licenses/by-nc-nd/4.0/
322247,3732093343,Conopidae_Physocephala_rufipes_1915071_3732093343,http://creativecommons.org/licenses/by-nc-nd/4.0/
322828,1964158389,Conopidae_Conops_flavipes_2862720_1964158389,http://creativecommons.org/licenses/by-nc-nd/4.0/
322829,1964158389,Conopidae_Conops_flavipes_2862721_1964158389,http://creativecommons.org/licenses/by-nc-nd/4.0/
322890,3720295727,Conopidae_Myopa_testacea_2558475_3720295727,http://creativecommons.org/licenses/by-nc-nd/4.0/
324343,2835126885,Conopidae_Conops_vesicularis_1595557_2835126885,http://creativecommons.org/licenses/by-nc/4.0/
324806,1952519707,Conopidae_Physocephala_rufipes_2156560_1952519707,http://creativecommons.org/licenses/by-nc-nd/4.0/
325076,1953501408,Conopidae_Conops_vesicularis_90302_1953501408,http://creativecommons.org/licenses/by-nc-sa/4.0/
325281,3725174468,Conopidae_Conops_scutellatus_509028_3725174468,http://creativecommons.org/licenses/by-nc-nd/4.0/
325379,3731834010,Conopidae_Physocephala_rufipes_535630_3731834010,http://creativecommons.org/licenses/by-nc/4.0/
326311,3721890871,Conopidae_Conops_quadrifasciatus_499991_3721890871,http://creativecommons.org/licenses/by-nc-nd/4.0/
327265,1970729234,Conopidae_Myopa_buccata_806273_1970729234,http://creativecommons.org/licenses/by-nc/4.0/
328026,2842262629,Conopidae_Physocephala_nigra_2986381_2842262629,http://creativecommons.org/licenses/by-nc-nd/4.0/
328027,2842262629,Conopidae_Physocephala_nigra_2986382_2842262629,http://creativecommons.org/licenses/by-nc-nd/4.0/
328189,3729155235,Conopidae_Abrachyglossum_capitatum_1901014_3729155235,http://creativecommons.org/licenses/by-nc-nd/4.0/
328706,1976356661,Conopidae_Myopa_fasciata_2191337_1976356661,http://creativecommons.org/licenses/by-nc-nd/4.0/
328707,1976356661,Conopidae_Myopa_fasciata_2191338_1976356661,http://creativecommons.org/licenses/by-nc-nd/4.0/
330368,3335757390,Conopidae_Conops_quadrifasciatus_998302_3335757390,© All rights reserved
330837,1843787610,Conopidae_Myopa_buccata_2831375_1843787610,© All rights reserved
330849,2421639608,Conopidae_Conops_strigatus_2913753_2421639608,© All rights reserved
336473,1265037506,Conopidae_Conops_elegans_10102_1265037506,http://creativecommons.org/licenses/by-nc-nd/4.0/
336474,1265037506,Conopidae_Conops_elegans_10103_1265037506,http://creativecommons.org/licenses/by-nc-nd/4.0/
336475,1265037506,Conopidae_Conops_elegans_10104_1265037506,http://creativecommons.org/licenses/by-nc-nd/4.0/
336488,1265037486,Conopidae_Dalmannia_dorsalis_1390020_1265037486,http://creativecommons.org/licenses/by-nc-nd/4.0/
336489,1265037486,Conopidae_Dalmannia_dorsalis_1390021_1265037486,http://creativecommons.org/licenses/by-nc-nd/4.0/
336490,1265037486,Conopidae_Dalmannia_dorsalis_1390022_1265037486,http://creativecommons.org/licenses/by-nc-nd/4.0/
336663,1265037521,Conopidae_Conops_elegans_1390035_1265037521,http://creativecommons.org/licenses/by-nc-nd/4.0/
336664,1265037521,Conopidae_Conops_elegans_1390036_1265037521,http://creativecommons.org/licenses/by-nc-nd/4.0/
336665,1265037521,Conopidae_Conops_elegans_1390037_1265037521,http://creativecommons.org/licenses/by-nc-nd/4.0/
336666,1265037525,Conopidae_Conops_elegans_701358_1265037525,http://creativecommons.org/licenses/by-nc-nd/4.0/
336667,1265037525,Conopidae_Conops_elegans_701359_1265037525,http://creativecommons.org/licenses/by-nc-nd/4.0/
336668,1265037551,Conopidae_Conops_elegans_10124_1265037551,http://creativecommons.org/licenses/by-nc-nd/4.0/
336669,1265037551,Conopidae_Conops_elegans_10125_1265037551,http://creativecommons.org/licenses/by-nc-nd/4.0/
338495,1019547355,Conopidae_Zodion_cinereum_2069397_1019547355,http://creativecommons.org/licenses/by-nc-nd/4.0/
338496,1019547355,Conopidae_Zodion_cinereum_2069398_1019547355,http://creativecommons.org/licenses/by-nc-nd/4.0/
338497,1019547539,Conopidae_Zodion_cinereum_1380171_1019547539,http://creativecommons.org/licenses/by-nc-nd/4.0/
338498,1019547539,Conopidae_Zodion_cinereum_1380172_1019547539,http://creativecommons.org/licenses/by-nc-nd/4.0/
338499,1019547388,Conopidae_Myopa_testacea_2759005_1019547388,http://creativecommons.org/licenses/by-nc-nd/4.0/
338501,1019547451,Conopidae_Myopa_variegata_315_1019547451,http://creativecommons.org/licenses/by-nc-nd/4.0/
338502,1019547451,Conopidae_Myopa_variegata_316_1019547451,http://creativecommons.org/licenses/by-nc-nd/4.0/
338503,1019547451,Conopidae_Myopa_variegata_317_1019547451,http://creativecommons.org/licenses/by-nc-nd/4.0/
338504,1019547451,Conopidae_Myopa_variegata_318_1019547451,http://creativecommons.org/licenses/by-nc-nd/4.0/
338507,1019547456,Conopidae_Zodion_cinereum_319_1019547456,http://creativecommons.org/licenses/by-nc-nd/4.0/
338508,1019547456,Conopidae_Zodion_cinereum_320_1019547456,http://creativecommons.org/licenses/by-nc-nd/4.0/
338509,1019547456,Conopidae_Zodion_cinereum_321_1019547456,http://creativecommons.org/licenses/by-nc-nd/4.0/
338510,1019547456,Conopidae_Zodion_cinereum_322_1019547456,http://creativecommons.org/licenses/by-nc-nd/4.0/
338511,1019547494,Conopidae_Zodion_cinereum_1380142_1019547494,http://creativecommons.org/licenses/by-nc-nd/4.0/
338512,1019547494,Conopidae_Zodion_cinereum_1380143_1019547494,http://creativecommons.org/licenses/by-nc-nd/4.0/
338513,1019547494,Conopidae_Zodion_cinereum_1380144_1019547494,http://creativecommons.org/licenses/by-nc-nd/4.0/
338514,1019547494,Conopidae_Zodion_cinereum_1380145_1019547494,http://creativecommons.org/licenses/by-nc-nd/4.0/
338515,1019547358,Conopidae_Zodion_cinereum_691499_1019547358,http://creativecommons.org/licenses/by-nc-nd/4.0/
338516,1019547358,Conopidae_Zodion_cinereum_691500_1019547358,http://creativecommons.org/licenses/by-nc-nd/4.0/
338517,1019547358,Conopidae_Zodion_cinereum_691501_1019547358,http://creativecommons.org/licenses/by-nc-nd/4.0/
338518,1019547358,Conopidae_Zodion_cinereum_691502_1019547358,http://creativecommons.org/licenses/by-nc-nd/4.0/
338524,1019547400,Conopidae_Thecophora_atra_2759016_1019547400,http://creativecommons.org/licenses/by-nc-nd/4.0/
338525,1019547400,Conopidae_Thecophora_atra_2759017_1019547400,http://creativecommons.org/licenses/by-nc-nd/4.0/
338526,1019547424,Conopidae_Thecophora_atra_298_1019547424,http://creativecommons.org/licenses/by-nc-nd/4.0/
338527,1019547424,Conopidae_Thecophora_atra_299_1019547424,http://creativecommons.org/licenses/by-nc-nd/4.0/
338535,1019547508,Conopidae_Myopa_fasciata_2069507_1019547508,http://creativecommons.org/licenses/by-nc-nd/4.0/
338537,1019547508,Conopidae_Myopa_fasciata_2069509_1019547508,http://creativecommons.org/licenses/by-nc-nd/4.0/
338538,1019547508,Conopidae_Myopa_fasciata_2069510_1019547508,http://creativecommons.org/licenses/by-nc-nd/4.0/
338542,1019547460,Conopidae_Myopa_dorsalis_323_1019547460,http://creativecommons.org/licenses/by-nc-nd/4.0/
338543,1019547460,Conopidae_Myopa_dorsalis_324_1019547460,http://creativecommons.org/licenses/by-nc-nd/4.0/
338550,1019547483,Conopidae_Myopa_fasciata_334_1019547483,http://creativecommons.org/licenses/by-nc-nd/4.0/
338558,1019547435,Conopidae_Myopa_buccata_1380107_1019547435,http://creativecommons.org/licenses/by-nc-nd/4.0/
338567,1019547464,Conopidae_Myopa_dorsalis_2759057_1019547464,http://creativecommons.org/licenses/by-nc-nd/4.0/
338568,1019547464,Conopidae_Myopa_dorsalis_2759058_1019547464,http://creativecommons.org/licenses/by-nc-nd/4.0/
338579,1019547507,Conopidae_Thecophora_atra_1380148_1019547507,http://creativecommons.org/licenses/by-nc-nd/4.0/
338580,1019547507,Conopidae_Thecophora_atra_1380149_1019547507,http://creativecommons.org/licenses/by-nc-nd/4.0/
338584,1019547454,Conopidae_Thecophora_atra_2069469_1019547454,http://creativecommons.org/licenses/by-nc-nd/4.0/
338585,1019547454,Conopidae_Thecophora_atra_2069470_1019547454,http://creativecommons.org/licenses/by-nc-nd/4.0/
338586,1019547478,Conopidae_Thecophora_atra_2759067_1019547478,http://creativecommons.org/licenses/by-nc-nd/4.0/
338587,1019547478,Conopidae_Thecophora_atra_2759068_1019547478,http://creativecommons.org/licenses/by-nc-nd/4.0/
338588,1019547312,Conopidae_Physocephala_vittata_691460_1019547312,http://creativecommons.org/licenses/by-nc-nd/4.0/
338589,1019547312,Conopidae_Physocephala_vittata_691461_1019547312,http://creativecommons.org/licenses/by-nc-nd/4.0/
338596,1019547335,Conopidae_Physocephala_vittata_691477_1019547335,http://creativecommons.org/licenses/by-nc-nd/4.0/
338603,1019547285,Conopidae_Physocephala_vittata_203_1019547285,http://creativecommons.org/licenses/by-nc-nd/4.0/
338604,1019547285,Conopidae_Physocephala_vittata_204_1019547285,http://creativecommons.org/licenses/by-nc-nd/4.0/
338609,1019547656,Conopidae_Conops_vesicularis_1380245_1019547656,http://creativecommons.org/licenses/by-nc-nd/4.0/
338618,1019547468,Conopidae_Dalmannia_punctata_2069478_1019547468,http://creativecommons.org/licenses/by-nc-nd/4.0/
338619,1019547468,Conopidae_Dalmannia_punctata_2069479_1019547468,http://creativecommons.org/licenses/by-nc-nd/4.0/
338620,1019547495,Conopidae_Dalmannia_punctata_2069500_1019547495,http://creativecommons.org/licenses/by-nc-nd/4.0/
338621,1019547495,Conopidae_Dalmannia_punctata_2069501_1019547495,http://creativecommons.org/licenses/by-nc-nd/4.0/
338622,1019547575,Conopidae_Myopa_occulta_1380197_1019547575,http://creativecommons.org/licenses/by-nc-nd/4.0/
338623,1019547575,Conopidae_Myopa_occulta_1380198_1019547575,http://creativecommons.org/licenses/by-nc-nd/4.0/
338624,1019547575,Conopidae_Myopa_occulta_1380199_1019547575,http://creativecommons.org/licenses/by-nc-nd/4.0/
338625,1019547575,Conopidae_Myopa_occulta_1380200_1019547575,http://creativecommons.org/licenses/by-nc-nd/4.0/
338626,1019547474,Conopidae_Myopa_picta_327_1019547474,http://creativecommons.org/licenses/by-nc-nd/4.0/
338627,1019547474,Conopidae_Myopa_picta_328_1019547474,http://creativecommons.org/licenses/by-nc-nd/4.0/
338633,1019547359,Conopidae_Myopa_testacea_1380043_1019547359,http://creativecommons.org/licenses/by-nc-nd/4.0/
338636,1019547505,Conopidae_Dalmannia_punctata_351_1019547505,http://creativecommons.org/licenses/by-nc-nd/4.0/
338637,1019547505,Conopidae_Dalmannia_punctata_352_1019547505,http://creativecommons.org/licenses/by-nc-nd/4.0/
338638,1019547450,Conopidae_Myopa_stigma_2759049_1019547450,http://creativecommons.org/licenses/by-nc-nd/4.0/
338639,1019547450,Conopidae_Myopa_stigma_2759050_1019547450,http://creativecommons.org/licenses/by-nc-nd/4.0/
338640,1019547450,Conopidae_Myopa_stigma_2759051_1019547450,http://creativecommons.org/licenses/by-nc-nd/4.0/
338641,1019547450,Conopidae_Myopa_stigma_2759052_1019547450,http://creativecommons.org/licenses/by-nc-nd/4.0/
338642,1019547350,Conopidae_Thecophora_atra_2069395_1019547350,http://creativecommons.org/licenses/by-nc-nd/4.0/
338643,1019547350,Conopidae_Thecophora_atra_2069396_1019547350,http://creativecommons.org/licenses/by-nc-nd/4.0/
338644,1019547374,Conopidae_Myopa_dorsalis_2759000_1019547374,http://creativecommons.org/licenses/by-nc-nd/4.0/
338645,1019547374,Conopidae_Myopa_dorsalis_2759001_1019547374,http://creativecommons.org/licenses/by-nc-nd/4.0/
338646,1019547512,Conopidae_Myopa_fasciata_2069511_1019547512,http://creativecommons.org/licenses/by-nc-nd/4.0/
338648,1019547512,Conopidae_Myopa_fasciata_2069513_1019547512,http://creativecommons.org/licenses/by-nc-nd/4.0/
338649,1019547512,Conopidae_Myopa_fasciata_2069514_1019547512,http://creativecommons.org/licenses/by-nc-nd/4.0/
338650,1019547482,Conopidae_Myopa_occulta_2759069_1019547482,http://creativecommons.org/licenses/by-nc-nd/4.0/
338651,1019547482,Conopidae_Myopa_occulta_2759070_1019547482,http://creativecommons.org/licenses/by-nc-nd/4.0/
338652,1019547482,Conopidae_Myopa_occulta_2759071_1019547482,http://creativecommons.org/licenses/by-nc-nd/4.0/
338653,1019547482,Conopidae_Myopa_occulta_2759072_1019547482,http://creativecommons.org/licenses/by-nc-nd/4.0/
338654,1019547431,Conopidae_Physocephala_nigra_2069455_1019547431,http://creativecommons.org/licenses/by-nc-nd/4.0/
338655,1019547431,Conopidae_Physocephala_nigra_2069456_1019547431,http://creativecommons.org/licenses/by-nc-nd/4.0/
338656,1019547426,Conopidae_Physocephala_nigra_1380100_1019547426,http://creativecommons.org/licenses/by-nc-nd/4.0/
338657,1019547426,Conopidae_Physocephala_nigra_1380101_1019547426,http://creativecommons.org/licenses/by-nc-nd/4.0/
338658,1019547542,Conopidae_Dalmannia_dorsalis_691642_1019547542,http://creativecommons.org/licenses/by-nc-nd/4.0/
338659,1019547542,Conopidae_Dalmannia_dorsalis_691643_1019547542,http://creativecommons.org/licenses/by-nc-nd/4.0/
338660,1019547542,Conopidae_Dalmannia_dorsalis_691644_1019547542,http://creativecommons.org/licenses/by-nc-nd/4.0/
338661,1019547542,Conopidae_Dalmannia_dorsalis_691645_1019547542,http://creativecommons.org/licenses/by-nc-nd/4.0/
338662,1019547479,Conopidae_Myopa_dorsalis_329_1019547479,http://creativecommons.org/licenses/by-nc-nd/4.0/
338663,1019547479,Conopidae_Myopa_dorsalis_330_1019547479,http://creativecommons.org/licenses/by-nc-nd/4.0/
338664,1019547501,Conopidae_Myopa_dorsalis_691613_1019547501,http://creativecommons.org/licenses/by-nc-nd/4.0/
338665,1019547501,Conopidae_Myopa_dorsalis_691614_1019547501,http://creativecommons.org/licenses/by-nc-nd/4.0/
338666,1019547363,Conopidae_Dalmannia_aculeata_1380044_1019547363,http://creativecommons.org/licenses/by-nc-nd/4.0/
338667,1019547363,Conopidae_Dalmannia_aculeata_1380045_1019547363,http://creativecommons.org/licenses/by-nc-nd/4.0/
338672,1019547387,Conopidae_Conops_flavipes_2069421_1019547387,http://creativecommons.org/licenses/by-nc-nd/4.0/
338775,1019547420,Conopidae_Physocephala_nigra_691548_1019547420,http://creativecommons.org/licenses/by-nc-nd/4.0/
338776,1019547420,Conopidae_Physocephala_nigra_691549_1019547420,http://creativecommons.org/licenses/by-nc-nd/4.0/
338780,1019547284,Conopidae_Physocephala_pusilla_2758915_1019547284,http://creativecommons.org/licenses/by-nc-nd/4.0/
338781,1019547284,Conopidae_Physocephala_pusilla_2758916_1019547284,http://creativecommons.org/licenses/by-nc-nd/4.0/
338796,1019547393,Conopidae_Physocephala_nigra_284_1019547393,http://creativecommons.org/licenses/by-nc-nd/4.0/
338797,1019547393,Conopidae_Physocephala_nigra_285_1019547393,http://creativecommons.org/licenses/by-nc-nd/4.0/
338806,1019547523,Conopidae_Conops_flavifrons_357_1019547523,http://creativecommons.org/licenses/by-nc-nd/4.0/
338807,1019547523,Conopidae_Conops_flavifrons_358_1019547523,http://creativecommons.org/licenses/by-nc-nd/4.0/
338815,1019547549,Conopidae_Conops_flavipes_2069536_1019547549,http://creativecommons.org/licenses/by-nc-nd/4.0/
338822,1019547365,Conopidae_Conops_elegans_2758996_1019547365,http://creativecommons.org/licenses/by-nc-nd/4.0/
338823,1019547365,Conopidae_Conops_elegans_2758997_1019547365,http://creativecommons.org/licenses/by-nc-nd/4.0/
338824,1019547365,Conopidae_Conops_elegans_2758998_1019547365,http://creativecommons.org/licenses/by-nc-nd/4.0/
338825,1019547365,Conopidae_Conops_elegans_2758999_1019547365,http://creativecommons.org/licenses/by-nc-nd/4.0/
338837,1019547496,Conopidae_Conops_flavifrons_2759081_1019547496,http://creativecommons.org/licenses/by-nc-nd/4.0/
338838,1019547496,Conopidae_Conops_flavifrons_2759082_1019547496,http://creativecommons.org/licenses/by-nc-nd/4.0/
338939,1019547339,Conopidae_Physocephala_chrysorrhoea_240_1019547339,http://creativecommons.org/licenses/by-nc-nd/4.0/
338940,1019547339,Conopidae_Physocephala_chrysorrhoea_241_1019547339,http://creativecommons.org/licenses/by-nc-nd/4.0/
338941,1019547339,Conopidae_Physocephala_chrysorrhoea_242_1019547339,http://creativecommons.org/licenses/by-nc-nd/4.0/
338942,1019547339,Conopidae_Physocephala_chrysorrhoea_243_1019547339,http://creativecommons.org/licenses/by-nc-nd/4.0/
339064,1019547527,Conopidae_Conops_strigatus_2759105_1019547527,http://creativecommons.org/licenses/by-nc-nd/4.0/
339065,1019547527,Conopidae_Conops_strigatus_2759106_1019547527,http://creativecommons.org/licenses/by-nc-nd/4.0/
339066,1019547527,Conopidae_Conops_strigatus_2759107_1019547527,http://creativecommons.org/licenses/by-nc-nd/4.0/
339067,1019547527,Conopidae_Conops_strigatus_2759108_1019547527,http://creativecommons.org/licenses/by-nc-nd/4.0/
339098,1265037861,Conopidae_Conops_maculatus_2768993_1265037861,http://creativecommons.org/licenses/by-nc-nd/4.0/
339099,1265037861,Conopidae_Conops_maculatus_2768994_1265037861,http://creativecommons.org/licenses/by-nc-nd/4.0/
339100,1265037861,Conopidae_Conops_maculatus_2768995_1265037861,http://creativecommons.org/licenses/by-nc-nd/4.0/
339102,1265037919,Conopidae_Myopa_fasciata_2079624_1265037919,http://creativecommons.org/licenses/by-nc-nd/4.0/
339103,1265037936,Conopidae_Conops_maculatus_1390233_1265037936,http://creativecommons.org/licenses/by-nc-nd/4.0/
339104,1265037936,Conopidae_Conops_maculatus_1390234_1265037936,http://creativecommons.org/licenses/by-nc-nd/4.0/
339105,1265037944,Conopidae_Conops_maculatus_701555_1265037944,http://creativecommons.org/licenses/by-nc-nd/4.0/
339133,1265037927,Conopidae_Dalmannia_dorsalis_1390230_1265037927,http://creativecommons.org/licenses/by-nc-nd/4.0/
339134,1265037932,Conopidae_Myopa_stigma_2079632_1265037932,http://creativecommons.org/licenses/by-nc-nd/4.0/
339135,1265037932,Conopidae_Myopa_stigma_2079633_1265037932,http://creativecommons.org/licenses/by-nc-nd/4.0/
339136,1265037932,Conopidae_Myopa_stigma_2079634_1265037932,http://creativecommons.org/licenses/by-nc-nd/4.0/
339137,1265037932,Conopidae_Myopa_stigma_2079635_1265037932,http://creativecommons.org/licenses/by-nc-nd/4.0/
339138,1265037886,Conopidae_Conops_maculatus_701529_1265037886,http://creativecommons.org/licenses/by-nc-nd/4.0/
339139,1265037886,Conopidae_Conops_maculatus_701530_1265037886,http://creativecommons.org/licenses/by-nc-nd/4.0/
339140,1265037886,Conopidae_Conops_maculatus_701531_1265037886,http://creativecommons.org/licenses/by-nc-nd/4.0/
339141,1265037921,Conopidae_Conops_maculatus_701546_1265037921,http://creativecommons.org/licenses/by-nc-nd/4.0/
339142,1265037921,Conopidae_Conops_maculatus_701547_1265037921,http://creativecommons.org/licenses/by-nc-nd/4.0/
339143,1265037900,Conopidae_Dalmannia_aculeata_2079616_1265037900,http://creativecommons.org/licenses/by-nc-nd/4.0/
339144,1265037900,Conopidae_Dalmannia_aculeata_2079617_1265037900,http://creativecommons.org/licenses/by-nc-nd/4.0/
339145,1265037953,Conopidae_Dalmannia_aculeata_701558_1265037953,http://creativecommons.org/licenses/by-nc-nd/4.0/
339146,1265037953,Conopidae_Dalmannia_aculeata_701559_1265037953,http://creativecommons.org/licenses/by-nc-nd/4.0/
339147,1265037953,Conopidae_Dalmannia_aculeata_701560_1265037953,http://creativecommons.org/licenses/by-nc-nd/4.0/
339148,1265037953,Conopidae_Dalmannia_aculeata_701561_1265037953,http://creativecommons.org/licenses/by-nc-nd/4.0/
339885,1265037890,Conopidae_Conops_maculatus_701532_1265037890,http://creativecommons.org/licenses/by-nc-nd/4.0/
339886,1265037890,Conopidae_Conops_maculatus_701533_1265037890,http://creativecommons.org/licenses/by-nc-nd/4.0/
340102,1265037926,Conopidae_Myopa_fasciata_701548_1265037926,http://creativecommons.org/licenses/by-nc-nd/4.0/
340106,1265037916,Conopidae_Myopa_fasciata_10298_1265037916,http://creativecommons.org/licenses/by-nc-nd/4.0/
340463,1821132147,Conopidae_Conops_quadrifasciatus_55956_1821132147,© all rights reserved
341273,3415440717,Conopidae_Conops_quadrifasciatus_3091047_3415440717,http://creativecommons.org/publicdomain/zero/1.0/
341549,3384265151,Conopidae_Conops_ceriaeformis_1699255_3384265151,http://creativecommons.org/licenses/by-nc/4.0/
341550,3384265151,Conopidae_Conops_ceriaeformis_1699256_3384265151,http://creativecommons.org/licenses/by-nc/4.0/
341551,3384265151,Conopidae_Conops_ceriaeformis_1699257_3384265151,http://creativecommons.org/licenses/by-nc/4.0/
341552,3384265151,Conopidae_Conops_ceriaeformis_1699258_3384265151,http://creativecommons.org/licenses/by-nc/4.0/
341553,3384265151,Conopidae_Conops_ceriaeformis_1699259_3384265151,http://creativecommons.org/licenses/by-nc/4.0/
341554,3384265151,Conopidae_Conops_ceriaeformis_1699260_3384265151,http://creativecommons.org/licenses/by-nc/4.0/
341895,2823104913,Conopidae_Sicus_ferrugineus_2966376_2823104913,http://creativecommons.org/licenses/by-nc/4.0/
342127,3988579588,Conopidae_Conops_quadrifasciatus_2039629_3988579588,http://creativecommons.org/licenses/by-nc/4.0/
342832,3886406433,Conopidae_Conops_quadrifasicatus_1288011_3886406433,© All rights reserved
343271,3384930420,Conopidae_Thecophora_atra_323811_3384930420,http://creativecommons.org/licenses/by-nc/4.0/
343272,3384930420,Conopidae_Thecophora_atra_323812_3384930420,http://creativecommons.org/licenses/by-nc/4.0/
344151,3455874478,Conopidae_Physocephala_tibialis_1838447_3455874478,http://creativecommons.org/licenses/by-nc/4.0/
344304,2422862421,Conopidae_Conops_quadrifasciatus_846110_2422862421,http://creativecommons.org/licenses/by-nc/4.0/
344318,2422862421,Conopidae_Conops_quadrifasciatus_846124_2422862421,http://creativecommons.org/licenses/by-nc/4.0/
345150,3915546954,Conopidae_Physocephala_rufipes_1328602_3915546954,http://creativecommons.org/licenses/by-nc/4.0/
346261,1955261155,Conopidae_Conops_quadrifasciatus_782952_1955261155,http://creativecommons.org/licenses/by-nc-nd/4.0/
346795,1961286521,Conopidae_Leopoldius_valvatus_2860163_1961286521,http://creativecommons.org/licenses/by-nc-nd/4.0/
346796,1961286521,Conopidae_Leopoldius_valvatus_2860164_1961286521,http://creativecommons.org/licenses/by-nc-nd/4.0/
346797,1961286521,Conopidae_Leopoldius_valvatus_2860165_1961286521,http://creativecommons.org/licenses/by-nc-nd/4.0/
346798,1961286521,Conopidae_Leopoldius_valvatus_2860166_1961286521,http://creativecommons.org/licenses/by-nc-nd/4.0/
346799,1961286521,Conopidae_Leopoldius_valvatus_2860167_1961286521,http://creativecommons.org/licenses/by-nc-nd/4.0/
347294,3731149409,Conopidae_Leopoldius_brevirostris_1220694_3731149409,http://creativecommons.org/licenses/by-nc-nd/4.0/
347295,3731149409,Conopidae_Leopoldius_brevirostris_1220695_3731149409,http://creativecommons.org/licenses/by-nc-nd/4.0/
348082,3726747000,Conopidae_Myopa_fasciata_3273156_3726747000,http://creativecommons.org/licenses/by-nc-nd/4.0/
348083,3726747000,Conopidae_Myopa_fasciata_3273157_3726747000,http://creativecommons.org/licenses/by-nc-nd/4.0/
348575,3903975224,Conopidae_Myopa_pellucida_2681778_3903975224,http://creativecommons.org/licenses/by-nc-nd/4.0/
348846,3721726048,Conopidae_Physocephala_rufipes_3256800_3721726048,http://creativecommons.org/licenses/by-nc/4.0/
350518,2294443925,Conopidae_Myopa_picta_2905446_2294443925,http://creativecommons.org/licenses/by-nc/4.0/
350519,2294443925,Conopidae_Myopa_picta_2905447_2294443925,http://creativecommons.org/licenses/by-nc/4.0/
350837,3466046325,Conopidae_Leopoldius_coronatus_1845597_3466046325,http://creativecommons.org/licenses/by-nc/4.0/
350940,2236206462,Conopidae_Conops_quadrifasciatus_825050_2236206462,http://creativecommons.org/licenses/by-nc/4.0/
351579,1989783277,Conopidae_Conops_ceriaeformis_1508857_1989783277,http://creativecommons.org/licenses/by/4.0/
351580,1989783277,Conopidae_Conops_ceriaeformis_1508858_1989783277,http://creativecommons.org/licenses/by/4.0/
351581,1989783277,Conopidae_Conops_ceriaeformis_1508859_1989783277,http://creativecommons.org/licenses/by/4.0/
351582,1989783277,Conopidae_Conops_ceriaeformis_1508860_1989783277,http://creativecommons.org/licenses/by/4.0/
351583,1989783277,Conopidae_Conops_ceriaeformis_1508861_1989783277,http://creativecommons.org/licenses/by/4.0/
351584,1989783277,Conopidae_Conops_ceriaeformis_1508862_1989783277,http://creativecommons.org/licenses/by/4.0/
351807,1431427589,Conopidae_Myopa_testacea_2802720_1431427589,© all rights reserved
351809,1431427589,Conopidae_Myopa_testacea_2802722_1431427589,© all rights reserved
352310,3112966071,Conopidae_Dalmannia_punctata_285097_3112966071,http://creativecommons.org/licenses/by-nc/4.0/
352311,3112966071,Conopidae_Dalmannia_punctata_285098_3112966071,http://creativecommons.org/licenses/by-nc/4.0/
352312,3112966071,Conopidae_Dalmannia_punctata_285099_3112966071,http://creativecommons.org/licenses/by-nc/4.0/
352313,3112966071,Conopidae_Dalmannia_punctata_285100_3112966071,http://creativecommons.org/licenses/by-nc/4.0/
352353,4018151323,Conopidae_Physocephala_biguttata_1369182_4018151323,http://creativecommons.org/licenses/by-nc/4.0/
353862,3873014652,Conopidae_Melanosoma_bicolor_1966952_3873014652,http://creativecommons.org/licenses/by-nc/4.0/
353863,3873014652,Conopidae_Melanosoma_bicolor_1966953_3873014652,http://creativecommons.org/licenses/by-nc/4.0/
354989,2272373377,Conopidae_Conops_vesicularis_835361_2272373377,© all rights reserved
355525,3823399168,Conopidae_Sicus_ferrugineus_1939657_3823399168,http://creativecommons.org/licenses/by-nc-nd/4.0/
356084,1976423889,Conopidae_Conops_flavipes_123088_1976423889,http://creativecommons.org/licenses/by-nc-nd/4.0/
356383,3905031139,Conopidae_Sicus_ferrugineus_2688338_3905031139,http://creativecommons.org/licenses/by-nc-nd/4.0/
358360,3720400047,Conopidae_Myopa_testacea_1179899_3720400047,http://creativecommons.org/licenses/by-nc-nd/4.0/
358363,3720400047,Conopidae_Myopa_testacea_1179902_3720400047,http://creativecommons.org/licenses/by-nc-nd/4.0/
359705,2841999838,Conopidae_Abrachyglossum_capitatum_1606048_2841999838,http://creativecommons.org/licenses/by-nc-nd/4.0/
359706,2841999838,Conopidae_Abrachyglossum_capitatum_1606049_2841999838,http://creativecommons.org/licenses/by-nc-nd/4.0/
359707,2841999838,Conopidae_Abrachyglossum_capitatum_1606050_2841999838,http://creativecommons.org/licenses/by-nc-nd/4.0/
361151,3726588416,Conopidae_Conops_scutellatus_2582035_3726588416,http://creativecommons.org/licenses/by-nc-nd/4.0/
361233,3730509343,Conopidae_Zodion_cinereum_528085_3730509343,http://creativecommons.org/licenses/by-nc-nd/4.0/
361234,3730509343,Conopidae_Zodion_cinereum_528086_3730509343,http://creativecommons.org/licenses/by-nc-nd/4.0/
361308,1952287019,Conopidae_Physocephala_rufipes_778441_1952287019,http://creativecommons.org/licenses/by-nc-nd/4.0/
361807,2832689171,Conopidae_Zodion_cinereum_2969671_2832689171,http://creativecommons.org/licenses/by-nc-nd/4.0/
362158,3722754068,Conopidae_Myopa_fasciata_505560_3722754068,http://creativecommons.org/licenses/by-nc-nd/4.0/
362159,3722754068,Conopidae_Myopa_fasciata_505561_3722754068,http://creativecommons.org/licenses/by-nc-nd/4.0/
362596,2838288821,Conopidae_Myopa_buccata_911954_2838288821,http://creativecommons.org/licenses/by-nc/4.0/
362854,3721075320,Conopidae_Sicus_ferrugineus_3252305_3721075320,http://creativecommons.org/licenses/by-nc-nd/4.0/
363096,1973751995,Conopidae_Myopa_fasciata_1498819_1973751995,http://creativecommons.org/licenses/by/4.0/
363098,1973751995,Conopidae_Myopa_fasciata_1498821_1973751995,http://creativecommons.org/licenses/by/4.0/
363134,3726331554,Conopidae_Sicus_ferrugineus_1891483_3726331554,http://creativecommons.org/licenses/by-nc-nd/4.0/
363140,1972969402,Conopidae_Leopoldius_brevirostris_2186705_1972969402,http://creativecommons.org/licenses/by-nc-nd/4.0/
363141,1972969402,Conopidae_Leopoldius_brevirostris_2186706_1972969402,http://creativecommons.org/licenses/by-nc-nd/4.0/
363142,1972969402,Conopidae_Leopoldius_brevirostris_2186707_1972969402,http://creativecommons.org/licenses/by-nc-nd/4.0/
363211,3905126362,Conopidae_Physocephala_rufipes_1310100_3905126362,http://creativecommons.org/licenses/by-nc-nd/4.0/
364354,2802938580,Conopidae_Conops_vesicularis_2960249_2802938580,http://creativecommons.org/licenses/by/4.0/
364562,3399179970,Conopidae_Myopa_dorsalis_3087799_3399179970,http://creativecommons.org/licenses/by-nc/4.0/
364563,3399179970,Conopidae_Myopa_dorsalis_3087800_3399179970,http://creativecommons.org/licenses/by-nc/4.0/
364564,3399179970,Conopidae_Myopa_dorsalis_3087801_3399179970,http://creativecommons.org/licenses/by-nc/4.0/
364565,3399179970,Conopidae_Myopa_dorsalis_3087802_3399179970,http://creativecommons.org/licenses/by-nc/4.0/
364566,3399179970,Conopidae_Myopa_dorsalis_3087803_3399179970,http://creativecommons.org/licenses/by-nc/4.0/
364567,3399179970,Conopidae_Myopa_dorsalis_3087804_3399179970,http://creativecommons.org/licenses/by-nc/4.0/
364568,3399179970,Conopidae_Myopa_dorsalis_3087805_3399179970,http://creativecommons.org/licenses/by-nc/4.0/
364569,3399179970,Conopidae_Myopa_dorsalis_3087806_3399179970,http://creativecommons.org/licenses/by-nc/4.0/
364570,3399179970,Conopidae_Myopa_dorsalis_3087807_3399179970,http://creativecommons.org/licenses/by-nc/4.0/
364571,3399179970,Conopidae_Myopa_dorsalis_3087808_3399179970,http://creativecommons.org/licenses/by-nc/4.0/
366094,3925072531,Conopidae_Physocephala_tibialis_2715427_3925072531,http://creativecommons.org/licenses/by/4.0/
366303,2859928216,Conopidae_Physocephala_rufipes_241931_2859928216,http://creativecommons.org/licenses/by/4.0/
366360,3759390826,Conopidae_Myopa_vicaria_544823_3759390826,http://creativecommons.org/licenses/by-nc/4.0/
366361,3759390826,Conopidae_Myopa_vicaria_544824_3759390826,http://creativecommons.org/licenses/by-nc/4.0/
366362,3759390826,Conopidae_Myopa_vicaria_544825_3759390826,http://creativecommons.org/licenses/by-nc/4.0/
366363,3759390826,Conopidae_Myopa_vicaria_544826_3759390826,http://creativecommons.org/licenses/by-nc/4.0/
366366,3759390826,Conopidae_Myopa_vicaria_544829_3759390826,http://creativecommons.org/licenses/by-nc/4.0/
366545,3728869491,Conopidae_Conops_scutellatus_1900244_3728869491,http://creativecommons.org/licenses/by-nc-nd/4.0/
367957,3718201269,Conopidae_Conops_quadrifasciatus_2554299_3718201269,http://creativecommons.org/licenses/by-nc-nd/4.0/
367958,3718201269,Conopidae_Conops_quadrifasciatus_2554300_3718201269,http://creativecommons.org/licenses/by-nc-nd/4.0/
368341,2834256341,Conopidae_Conops_vesicularis_214405_2834256341,http://creativecommons.org/licenses/by-nc-nd/4.0/
368763,3881424335,Conopidae_Physocephala_tibialis_2664309_3881424335,http://creativecommons.org/licenses/by-nc/4.0/
369322,4018179948,Conopidae_Physocephala_biguttata_3438768_4018179948,http://creativecommons.org/licenses/by-nc/4.0/
370983,3747315553,Conopidae_Physocephala_vittata_2610619_3747315553,http://creativecommons.org/licenses/by-nc/4.0/
372197,1453364374,Conopidae_Physocephala_vittata_1425728_1453364374,http://creativecommons.org/licenses/by-nc/4.0/
372198,1453364374,Conopidae_Physocephala_vittata_1425729_1453364374,http://creativecommons.org/licenses/by-nc/4.0/
372199,1453364374,Conopidae_Physocephala_vittata_1425730_1453364374,http://creativecommons.org/licenses/by-nc/4.0/
372201,1453364374,Conopidae_Physocephala_vittata_1425732_1453364374,http://creativecommons.org/licenses/by-nc/4.0/
372202,1453364374,Conopidae_Physocephala_vittata_1425733_1453364374,http://creativecommons.org/licenses/by-nc/4.0/
372908,3947392395,Conopidae_Physocephala_tibialis_2028625_3947392395,http://creativecommons.org/licenses/by-nc/4.0/
373420,3825327104,Conopidae_Myopa_tessellatipennis_1944061_3825327104,http://creativecommons.org/publicdomain/zero/1.0/
374081,3715373697,Conopidae_Zodion_cinereum_2544018_3715373697,http://creativecommons.org/licenses/by-nc/4.0/
374082,3715373697,Conopidae_Zodion_cinereum_2544019_3715373697,http://creativecommons.org/licenses/by-nc/4.0/
375854,3729475101,Conopidae_Myopa_pellucida_3281875_3729475101,http://creativecommons.org/licenses/by-nc-nd/4.0/
375855,3729475101,Conopidae_Myopa_pellucida_3281876_3729475101,http://creativecommons.org/licenses/by-nc-nd/4.0/
375856,3729475101,Conopidae_Myopa_pellucida_3281877_3729475101,http://creativecommons.org/licenses/by-nc-nd/4.0/
375857,3729475101,Conopidae_Myopa_pellucida_3281878_3729475101,http://creativecommons.org/licenses/by-nc-nd/4.0/
377483,1963254564,Conopidae_Myopa_testacea_103900_1963254564,http://creativecommons.org/licenses/by-nc/4.0/
377578,2841170534,Conopidae_Myopa_tessellatipennis_915294_2841170534,http://creativecommons.org/licenses/by-nc-nd/4.0/
377693,1961035850,Conopidae_Conops_quadrifasciatus_791830_1961035850,http://creativecommons.org/licenses/by-nc-nd/4.0/
378005,3729307554,Conopidae_Myopa_polystigma_523109_3729307554,http://creativecommons.org/licenses/by-nc-nd/4.0/
378006,3729307554,Conopidae_Myopa_polystigma_523110_3729307554,http://creativecommons.org/licenses/by-nc-nd/4.0/
378007,3729307554,Conopidae_Myopa_polystigma_523111_3729307554,http://creativecommons.org/licenses/by-nc-nd/4.0/
378008,3729307554,Conopidae_Myopa_polystigma_523112_3729307554,http://creativecommons.org/licenses/by-nc-nd/4.0/
378284,1952471911,Conopidae_Physocephala_rufipes_1467470_1952471911,http://creativecommons.org/licenses/by-nc-nd/4.0/
378358,1959621490,Conopidae_Sicus_ferrugineus_2857782_1959621490,http://creativecommons.org/licenses/by-nc-nd/4.0/
379195,3731799969,Conopidae_Abrachyglossum_capitatum_2602600_3731799969,http://creativecommons.org/licenses/by-nc-nd/4.0/
379196,3731799969,Conopidae_Abrachyglossum_capitatum_2602601_3731799969,http://creativecommons.org/licenses/by-nc-nd/4.0/
380228,2834144845,Conopidae_Thecophora_cinerascens_213899_2834144845,http://creativecommons.org/licenses/by-nc-nd/4.0/
381050,2836920284,Conopidae_Myopa_testacea_2286470_2836920284,http://creativecommons.org/licenses/by/4.0/
381868,1976169079,Conopidae_Conops_quadrifasciatus_2190992_1976169079,http://creativecommons.org/licenses/by-nc/4.0/
382159,1957497278,Conopidae_Physocephala_rufipes_1475106_1957497278,http://creativecommons.org/licenses/by-nc/4.0/
382224,2840306433,Conopidae_Abrachyglossum_capitatum_2982403_2840306433,http://creativecommons.org/licenses/by-nc-nd/4.0/
383879,3905595131,Conopidae_Myopa_testacea_624284_3905595131,http://creativecommons.org/licenses/by/4.0/
384755,1958364866,Conopidae_Myopa_testacea_2856071_1958364866,http://creativecommons.org/licenses/by-nc-nd/4.0/
385061,1955739042,Conopidae_Myopa_testacea_784359_1955739042,http://creativecommons.org/licenses/by-nc/4.0/
385148,2833661346,Conopidae_Myopa_tessellatipennis_2970952_2833661346,http://creativecommons.org/licenses/by-nc-nd/4.0/
385263,1958416472,Conopidae_Myopa_vicaria_97825_1958416472,http://creativecommons.org/licenses/by-nc-nd/4.0/
386774,2451595737,Conopidae_Physocephala_vittata_1542301_2451595737,http://creativecommons.org/licenses/by-nc/4.0/
386775,2451595737,Conopidae_Physocephala_vittata_1542302_2451595737,http://creativecommons.org/licenses/by-nc/4.0/
387354,3383875143,Conopidae_Conops_scutellatus_1697103_3383875143,http://creativecommons.org/licenses/by-nc/4.0/
387622,3859974186,Conopidae_Melanosoma_bicolor_1961824_3859974186,http://creativecommons.org/licenses/by-nc/4.0/
387623,3859974186,Conopidae_Melanosoma_bicolor_1961825_3859974186,http://creativecommons.org/licenses/by-nc/4.0/
387813,2823128570,Conopidae_Physocephala_tibialis_2966524_2823128570,http://creativecommons.org/licenses/by-nc/4.0/
388529,1883478132,Conopidae_Myopa_dorsalis_771960_1883478132,http://creativecommons.org/licenses/by-nc/4.0/
389013,1958395379,Conopidae_Myopa_testacea_1476960_1958395379,http://creativecommons.org/licenses/by-nc-nd/4.0/
389014,1958395379,Conopidae_Myopa_testacea_1476961_1958395379,http://creativecommons.org/licenses/by-nc-nd/4.0/
389015,1958395379,Conopidae_Myopa_testacea_1476962_1958395379,http://creativecommons.org/licenses/by-nc-nd/4.0/
389652,3823715600,Conopidae_Myopa_tessellatipennis_562322_3823715600,http://creativecommons.org/licenses/by-nc-nd/4.0/
389933,1962634273,Conopidae_Physocephala_rufipes_793904_1962634273,http://creativecommons.org/publicdomain/zero/1.0/
390073,1969744268,Conopidae_Sicus_ferrugineus_113427_1969744268,http://creativecommons.org/licenses/by-nc-nd/4.0/
390743,2834921513,Conopidae_Myopa_vicaria_216106_2834921513,http://creativecommons.org/licenses/by-nc/4.0/
391269,2627261205,Conopidae_Myopa_testacea_2259115_2627261205,© All rights reserved
391448,1431602657,Conopidae_Myopa_buccata_44197_1431602657,© all rights reserved
391678,3721550775,Conopidae_Sicus_ferrugineus_1186249_3721550775,http://creativecommons.org/licenses/by-nc-nd/4.0/
392036,3904794223,Conopidae_Physocephala_rufipes_1997553_3904794223,http://creativecommons.org/licenses/by-nc-nd/4.0/
392805,1972270204,Conopidae_Leopoldius_calceatus_2185244_1972270204,http://creativecommons.org/licenses/by-nc/4.0/
392806,1972270204,Conopidae_Leopoldius_calceatus_2185245_1972270204,http://creativecommons.org/licenses/by-nc/4.0/
392807,1972270204,Conopidae_Leopoldius_calceatus_2185246_1972270204,http://creativecommons.org/licenses/by-nc/4.0/
392826,3823815028,Conopidae_Myopa_testacea_562513_3823815028,http://creativecommons.org/licenses/by-nc/4.0/
393140,2845362590,Conopidae_Myopa_buccata_2993335_2845362590,http://creativecommons.org/licenses/by-nc-nd/4.0/
394696,3732358669,Conopidae_Myopa_vicaria_1916430_3732358669,http://creativecommons.org/licenses/by-nc-nd/4.0/
395518,3717133382,Conopidae_Sicus_ferrugineus_1860024_3717133382,http://creativecommons.org/licenses/by-nc/4.0/
395662,3873550456,Conopidae_Conops_flavipes_3349939_3873550456,http://creativecommons.org/licenses/by-nc/4.0/
396029,3337458399,Conopidae_Physocephala_vittata_1687438_3337458399,http://creativecommons.org/licenses/by/4.0/
396030,3337458399,Conopidae_Physocephala_vittata_1687439_3337458399,http://creativecommons.org/licenses/by/4.0/
396032,3337458399,Conopidae_Physocephala_vittata_1687441_3337458399,http://creativecommons.org/licenses/by/4.0/
396034,3337458399,Conopidae_Physocephala_vittata_1687443_3337458399,http://creativecommons.org/licenses/by/4.0/
396035,3337458399,Conopidae_Physocephala_vittata_1687444_3337458399,http://creativecommons.org/licenses/by/4.0/
396789,3881803731,Conopidae_Conops_flavipes_3357136_3881803731,http://creativecommons.org/licenses/by-nc/4.0/
397782,2404819463,Conopidae_Conops_quadrifasciatus_2911675_2404819463,© All rights reserved
398443,3879958437,Conopidae_Conops_flavipes_1973031_3879958437,© all rights reserved
398536,1823648934,Conopidae_Leopoldius_signatus_56233_1823648934,© All rights reserved
398537,1823648934,Conopidae_Leopoldius_signatus_56234_1823648934,© All rights reserved
398538,1823648934,Conopidae_Leopoldius_signatus_56235_1823648934,© All rights reserved
399580,3721067742,Conopidae_Physocephala_nigra_2562019_3721067742,http://creativecommons.org/licenses/by-nc-nd/4.0/
399581,3721067742,Conopidae_Physocephala_nigra_2562020_3721067742,http://creativecommons.org/licenses/by-nc-nd/4.0/
399582,3721067742,Conopidae_Physocephala_nigra_2562021_3721067742,http://creativecommons.org/licenses/by-nc-nd/4.0/
399583,3721067742,Conopidae_Physocephala_nigra_2562022_3721067742,http://creativecommons.org/licenses/by-nc-nd/4.0/
399584,3721067742,Conopidae_Physocephala_nigra_2562023_3721067742,http://creativecommons.org/licenses/by-nc-nd/4.0/
399714,3732253539,Conopidae_Sicus_ferrugineus_1915874_3732253539,http://creativecommons.org/licenses/by-nc-nd/4.0/
399748,2833137810,Conopidae_Myopa_fasciata_2279509_2833137810,http://creativecommons.org/licenses/by-nc/4.0/
399814,2841776933,Conopidae_Conops_scutellatus_916688_2841776933,http://creativecommons.org/licenses/by-nc-nd/4.0/
400124,3715108209,Conopidae_Zodion_cinereum_2543891_3715108209,http://creativecommons.org/licenses/by-nc-nd/4.0/
400944,2837237396,Conopidae_Physocephala_rufipes_909603_2837237396,http://creativecommons.org/licenses/by-nc-nd/4.0/
401361,2839253392,Conopidae_Myopa_buccata_1601920_2839253392,http://creativecommons.org/licenses/by-nc/4.0/
402060,3726096084,Conopidae_Physocephala_nigra_2579668_3726096084,http://creativecommons.org/licenses/by-nc-nd/4.0/
402061,3726096084,Conopidae_Physocephala_nigra_2579669_3726096084,http://creativecommons.org/licenses/by-nc-nd/4.0/
402062,3726096084,Conopidae_Physocephala_nigra_2579670_3726096084,http://creativecommons.org/licenses/by-nc-nd/4.0/
402665,3906723034,Conopidae_Leopoldius_valvatus_2698432_3906723034,http://creativecommons.org/licenses/by-nc-nd/4.0/
402666,3906723034,Conopidae_Leopoldius_valvatus_2698433_3906723034,http://creativecommons.org/licenses/by-nc-nd/4.0/
402667,3906723034,Conopidae_Leopoldius_valvatus_2698434_3906723034,http://creativecommons.org/licenses/by-nc-nd/4.0/
402668,3906723034,Conopidae_Leopoldius_valvatus_2698435_3906723034,http://creativecommons.org/licenses/by-nc-nd/4.0/
402669,3906723034,Conopidae_Leopoldius_valvatus_2698436_3906723034,http://creativecommons.org/licenses/by-nc-nd/4.0/
402737,3730566675,Conopidae_Physocephala_rufipes_1217304_3730566675,http://creativecommons.org/licenses/by-nc-nd/4.0/
403596,3962662328,Conopidae_Thecophora_atra_2722692_3962662328,© All rights reserved
404106,2853133469,Conopidae_Conops_flavipes_2308444_2853133469,© all rights reserved
404266,2406422641,Conopidae_Conops_flavipes_843707_2406422641,© All rights reserved
404485,1461026365,Conopidae_Myopa_buccata_49488_1461026365,© all rights reserved
404550,1884306881,Conopidae_Conops_quadrifasciatus_81630_1884306881,© all rights reserved
404641,2272438135,Conopidae_Myopa_testacea_144887_2272438135,© all rights reserved
404771,3721260563,Conopidae_Abrachyglossum_capitatum_3253406_3721260563,http://creativecommons.org/licenses/by/4.0/
405006,3997501446,Conopidae_Conops_flavicauda_1362009_3997501446,http://creativecommons.org/licenses/by-nc-nd/4.0/
405258,3726794401,Conopidae_Conops_vesicularis_1204196_3726794401,http://creativecommons.org/licenses/by-nc-nd/4.0/
406210,3722083145,Conopidae_Physocephala_rufipes_3259562_3722083145,http://creativecommons.org/licenses/by-nc-nd/4.0/
406669,3721721408,Conopidae_Abrachyglossum_capitatum_3256763_3721721408,http://creativecommons.org/licenses/by-nc-nd/4.0/
407090,1952519254,Conopidae_Myopa_fasciata_88265_1952519254,http://creativecommons.org/licenses/by-nc-nd/4.0/
407783,3722547667,Conopidae_Leopoldius_valvatus_504483_3722547667,http://creativecommons.org/licenses/by-nc-nd/4.0/
407784,3722547667,Conopidae_Leopoldius_valvatus_504484_3722547667,http://creativecommons.org/licenses/by-nc-nd/4.0/
407785,3722547667,Conopidae_Leopoldius_valvatus_504485_3722547667,http://creativecommons.org/licenses/by-nc-nd/4.0/
407786,3722547667,Conopidae_Leopoldius_valvatus_504486_3722547667,http://creativecommons.org/licenses/by-nc-nd/4.0/
407787,3722547667,Conopidae_Leopoldius_valvatus_504487_3722547667,http://creativecommons.org/licenses/by-nc-nd/4.0/
407855,3722249337,Conopidae_Physocephala_rufipes_1191356_3722249337,http://creativecommons.org/licenses/by-nc-sa/4.0/
407919,1959791591,Conopidae_Sicus_ferrugineus_2858198_1959791591,http://creativecommons.org/licenses/by-nc-nd/4.0/
408241,3730627414,Conopidae_Abrachyglossum_capitatum_1906911_3730627414,http://creativecommons.org/licenses/by-nc-nd/4.0/
409720,3355262336,Conopidae_Physocephala_tibialis_1005633_3355262336,http://creativecommons.org/licenses/by-nc/4.0/
411325,2451590692,Conopidae_Physocephala_tibialis_1542281_2451590692,http://creativecommons.org/licenses/by-nc/4.0/
412486,3455367868,Conopidae_Physocephala_tibialis_1835934_3455367868,http://creativecommons.org/licenses/by-nc/4.0/
413646,3455517670,Conopidae_Physocephala_tibialis_457718_3455517670,http://creativecommons.org/licenses/by-nc/4.0/
413706,3858306412,Conopidae_Physocephala_vittata_1954041_3858306412,http://creativecommons.org/licenses/by-nc/4.0/
413708,3858306412,Conopidae_Physocephala_vittata_1954043_3858306412,http://creativecommons.org/licenses/by-nc/4.0/
415028,3031768063,Conopidae_Conops_flavipes_1644482_3031768063,http://creativecommons.org/licenses/by/4.0/
415434,4022051400,Conopidae_Melanosoma_bicolor_1371172_4022051400,http://creativecommons.org/licenses/by-nc/4.0/
415435,4022051400,Conopidae_Melanosoma_bicolor_1371173_4022051400,http://creativecommons.org/licenses/by-nc/4.0/
415436,4022051400,Conopidae_Melanosoma_bicolor_1371174_4022051400,http://creativecommons.org/licenses/by-nc/4.0/
415538,3415409427,Conopidae_Myopa_vicaria_1711354_3415409427,http://creativecommons.org/licenses/by-nc/4.0/
415539,3415409427,Conopidae_Myopa_vicaria_1711355_3415409427,http://creativecommons.org/licenses/by-nc/4.0/
415556,3759458584,Conopidae_Physocephala_vittata_1233840_3759458584,http://creativecommons.org/licenses/by-nc/4.0/
415557,3759458584,Conopidae_Physocephala_vittata_1233841_3759458584,http://creativecommons.org/licenses/by-nc/4.0/
416292,3902211961,Conopidae_Conops_ceriaeformis_1294920_3902211961,http://creativecommons.org/licenses/by-nc/4.0/
416293,3902211961,Conopidae_Conops_ceriaeformis_1294921_3902211961,http://creativecommons.org/licenses/by-nc/4.0/
416294,3902211961,Conopidae_Conops_ceriaeformis_1294922_3902211961,http://creativecommons.org/licenses/by-nc/4.0/
416357,3455768400,Conopidae_Physocephala_vittata_3217245_3455768400,http://creativecommons.org/licenses/by-nc/4.0/
416511,3759088627,Conopidae_Abrachyglossum_capitatum_2611307_3759088627,http://creativecommons.org/licenses/by-nc/4.0/
416512,3759088627,Conopidae_Abrachyglossum_capitatum_2611308_3759088627,http://creativecommons.org/licenses/by-nc/4.0/
416644,3031867874,Conopidae_Conops_ceriaeformis_1645153_3031867874,http://creativecommons.org/licenses/by-nc/4.0/
418272,3912165790,Conopidae_Physocephala_tibialis_1325671_3912165790,http://creativecommons.org/licenses/by-nc/4.0/
418807,3874027005,Conopidae_Physocephala_tibialis_3352148_3874027005,http://creativecommons.org/licenses/by-nc/4.0/
419518,3888891504,Conopidae_Physocephala_tibialis_1978310_3888891504,http://creativecommons.org/publicdomain/zero/1.0/
419990,3873899881,Conopidae_Conops_flavipes_1971414_3873899881,http://creativecommons.org/licenses/by-nc/4.0/
420247,3109123541,Conopidae_Physocephala_vittata_2351058_3109123541,http://creativecommons.org/licenses/by-nc/4.0/
421775,3902413923,Conopidae_Leopoldius_signatus_2674963_3902413923,http://creativecommons.org/licenses/by-nc/4.0/
422288,3468770742,Conopidae_Conops_silaceus_2536549_3468770742,http://creativecommons.org/licenses/by-nc/4.0/
422289,3468770742,Conopidae_Conops_silaceus_2536550_3468770742,http://creativecommons.org/licenses/by-nc/4.0/
422290,3468770742,Conopidae_Conops_silaceus_2536551_3468770742,http://creativecommons.org/licenses/by-nc/4.0/
422376,3455331493,Conopidae_Physocephala_tibialis_1835687_3455331493,http://creativecommons.org/licenses/by-nc/4.0/
423158,3415891307,Conopidae_Myopa_vicaria_1024595_3415891307,http://creativecommons.org/licenses/by-nc/4.0/
423159,3415891307,Conopidae_Myopa_vicaria_1024596_3415891307,http://creativecommons.org/licenses/by-nc/4.0/
423162,3415891307,Conopidae_Myopa_vicaria_1024599_3415891307,http://creativecommons.org/licenses/by-nc/4.0/
423795,3903296081,Conopidae_Physocephala_tibialis_611954_3903296081,http://creativecommons.org/licenses/by-nc/4.0/
424017,3859894002,Conopidae_Sicus_ferrugineus_583196_3859894002,http://creativecommons.org/licenses/by-nc/4.0/
424210,2328718018,Conopidae_Conops_flavipes_2216436_2328718018,© all rights reserved
425211,3759681318,Conopidae_Physocephala_biguttata_3303887_3759681318,http://creativecommons.org/licenses/by/4.0/
425580,3456915381,Conopidae_Leopoldius_signatus_1843118_3456915381,http://creativecommons.org/licenses/by-nc/4.0/
426166,3070704560,Conopidae_Conops_quadrifasciatus_3034846_3070704560,http://creativecommons.org/licenses/by/4.0/
426503,3338117540,Conopidae_Conops_quadrifasciatus_2380012_3338117540,http://creativecommons.org/licenses/by-nc/4.0/
427055,3455172479,Conopidae_Physocephala_tibialis_3213695_3455172479,http://creativecommons.org/licenses/by-nc/4.0/
428794,3399127216,Conopidae_Conops_ceriaeformis_329288_3399127216,http://creativecommons.org/licenses/by-nc/4.0/
429259,3311589315,Conopidae_Myopa_tessellatipennis_983246_3311589315,http://creativecommons.org/licenses/by/4.0/
429401,3726083658,Conopidae_Sicus_ferrugineus_1201002_3726083658,http://creativecommons.org/licenses/by-nc-nd/4.0/
429450,3721321956,Conopidae_Physocephala_rufipes_2563591_3721321956,http://creativecommons.org/licenses/by-nc-nd/4.0/
429971,3905763794,Conopidae_Myopa_fasciata_2003050_3905763794,http://creativecommons.org/licenses/by-sa/4.0/
431629,3760294691,Conopidae_Myopa_vicaria_2615124_3760294691,http://creativecommons.org/licenses/by/4.0/
431630,3760294691,Conopidae_Myopa_vicaria_2615125_3760294691,http://creativecommons.org/licenses/by/4.0/
431631,3760294691,Conopidae_Myopa_vicaria_2615126_3760294691,http://creativecommons.org/licenses/by/4.0/
431633,3760294691,Conopidae_Myopa_vicaria_2615128_3760294691,http://creativecommons.org/licenses/by/4.0/
431887,3772646552,Conopidae_Dalmannia_aculeata_1239290_3772646552,http://creativecommons.org/licenses/by-nc/4.0/
432240,3031850843,Conopidae_Conops_ceriaeformis_266471_3031850843,http://creativecommons.org/licenses/by-nc/4.0/
432241,3355751371,Conopidae_Physocephala_tibialis_2386050_3355751371,http://creativecommons.org/licenses/by-nc/4.0/
432403,3961105697,Conopidae_Physocephala_tibialis_2720970_3961105697,http://creativecommons.org/licenses/by/4.0/
432622,3880326428,Conopidae_Conops_flavipes_1284058_3880326428,© all rights reserved
433270,3449057187,Conopidae_Conops_vesicularis_1144467_3449057187,http://creativecommons.org/licenses/by-nc/4.0/
433441,2247408267,Conopidae_Conops_quadrifasciatus_827992_2247408267,© all rights reserved
433756,2844447860,Conopidae_Myopa_tessellatipennis_232324_2844447860,http://creativecommons.org/licenses/by-nc-nd/4.0/
433757,2844447860,Conopidae_Myopa_tessellatipennis_232325_2844447860,http://creativecommons.org/licenses/by-nc-nd/4.0/
434107,3720214674,Conopidae_Myopa_testacea_490243_3720214674,http://creativecommons.org/licenses/by-nc-nd/4.0/
434437,3718003365,Conopidae_Physocephala_rufipes_485225_3718003365,http://creativecommons.org/licenses/by-nc-nd/4.0/
435017,3730751637,Conopidae_Sicus_ferrugineus_1907665_3730751637,http://creativecommons.org/licenses/by-nc-nd/4.0/
435442,2836575115,Conopidae_Sicus_ferrugineus_1596810_2836575115,http://creativecommons.org/licenses/by-nc-nd/4.0/
435532,2834849744,Conopidae_Myopa_buccata_215984_2834849744,http://creativecommons.org/licenses/by-nc-nd/4.0/
435696,3730988651,Conopidae_Physocephala_rufipes_530799_3730988651,http://creativecommons.org/licenses/by-nc-nd/4.0/
435931,1969568374,Conopidae_Leopoldius_valvatus_1492176_1969568374,http://creativecommons.org/licenses/by-nc-nd/4.0/
435936,3906717221,Conopidae_Myopa_picta_3388754_3906717221,http://creativecommons.org/licenses/by-nc/4.0/
435937,3906717221,Conopidae_Myopa_picta_3388755_3906717221,http://creativecommons.org/licenses/by-nc/4.0/
435938,3906717221,Conopidae_Myopa_picta_3388756_3906717221,http://creativecommons.org/licenses/by-nc/4.0/
436435,1965129613,Conopidae_Zodion_kroeberi_2173968_1965129613,http://creativecommons.org/licenses/by-nc-nd/4.0/
437508,3905548688,Conopidae_Myopa_tessellatipennis_624008_3905548688,http://creativecommons.org/licenses/by-nc-nd/4.0/
437512,3905548688,Conopidae_Myopa_tessellatipennis_624012_3905548688,http://creativecommons.org/licenses/by-nc-nd/4.0/
438112,1956899793,Conopidae_Conops_strigatus_1474011_1956899793,http://creativecommons.org/licenses/by-nc-nd/4.0/
438113,1956899793,Conopidae_Conops_strigatus_1474012_1956899793,http://creativecommons.org/licenses/by-nc-nd/4.0/
438114,1956899793,Conopidae_Conops_strigatus_1474013_1956899793,http://creativecommons.org/licenses/by-nc-nd/4.0/
438931,3732399031,Conopidae_Myopa_fasciata_538397_3732399031,http://creativecommons.org/licenses/by-nc/4.0/
439613,3730533180,Conopidae_Myopa_pellucida_1217153_3730533180,http://creativecommons.org/licenses/by-nc-nd/4.0/
439614,3730533180,Conopidae_Myopa_pellucida_1217154_3730533180,http://creativecommons.org/licenses/by-nc-nd/4.0/
439615,3730533180,Conopidae_Myopa_pellucida_1217155_3730533180,http://creativecommons.org/licenses/by-nc-nd/4.0/
439616,3730533180,Conopidae_Myopa_pellucida_1217156_3730533180,http://creativecommons.org/licenses/by-nc-nd/4.0/
440751,1955223507,Conopidae_Conops_scutellatus_92341_1955223507,http://creativecommons.org/licenses/by-nc-nd/4.0/
441545,1966808095,Conopidae_Myopa_tessellatipennis_2868487_1966808095,http://creativecommons.org/licenses/by-nc-nd/4.0/
442640,2401550844,Conopidae_Conops_quadrifasciatus_2910862_2401550844,© All rights reserved
442960,2416802372,Conopidae_Conops_strigatus_845009_2416802372,http://creativecommons.org/licenses/by-nc-sa/4.0/
442961,2416802372,Conopidae_Conops_strigatus_845010_2416802372,http://creativecommons.org/licenses/by-nc-sa/4.0/
443166,3879052560,Conopidae_Conops_quadrifasciatus_3353110_3879052560,© All rights reserved
443835,2838388100,Conopidae_Myopa_tessellatipennis_1600810_2838388100,http://creativecommons.org/licenses/by-nc-nd/4.0/
444130,3906851838,Conopidae_Myopa_buccata_2009395_3906851838,http://creativecommons.org/licenses/by-nc-nd/4.0/
445871,3822600052,Conopidae_Myopa_testacea_2627141_3822600052,http://creativecommons.org/licenses/by-nc-nd/4.0/
447731,3825360125,Conopidae_Myopa_pellucida_1944242_3825360125,http://creativecommons.org/licenses/by-nc/4.0/
448024,2840100297,Conopidae_Myopa_buccata_2982241_2840100297,http://creativecommons.org/licenses/by-nc-nd/4.0/
448468,1961700920,Conopidae_Conops_vesicularis_2170872_1961700920,http://creativecommons.org/licenses/by-nc-nd/4.0/
448469,1961700920,Conopidae_Conops_vesicularis_2170873_1961700920,http://creativecommons.org/licenses/by-nc-nd/4.0/
448970,1969816565,Conopidae_Zodion_cinereum_113620_1969816565,http://creativecommons.org/licenses/by-nc-nd/4.0/
448971,1969816565,Conopidae_Zodion_cinereum_113621_1969816565,http://creativecommons.org/licenses/by-nc-nd/4.0/
448972,1969816565,Conopidae_Zodion_cinereum_113622_1969816565,http://creativecommons.org/licenses/by-nc-nd/4.0/
448981,1961299501,Conopidae_Leopoldius_coronatus_792470_1961299501,http://creativecommons.org/licenses/by-nc-nd/4.0/
448982,1961299501,Conopidae_Leopoldius_coronatus_792471_1961299501,http://creativecommons.org/licenses/by-nc-nd/4.0/
449069,3995414766,Conopidae_Conops_flavicauda_666626_3995414766,http://creativecommons.org/licenses/by-nc-nd/4.0/
449070,3995414766,Conopidae_Conops_flavicauda_666627_3995414766,http://creativecommons.org/licenses/by-nc-nd/4.0/
449071,3995414766,Conopidae_Conops_flavicauda_666628_3995414766,http://creativecommons.org/licenses/by-nc-nd/4.0/
449072,3995414766,Conopidae_Conops_flavicauda_666629_3995414766,http://creativecommons.org/licenses/by-nc-nd/4.0/
449073,3995414766,Conopidae_Conops_flavicauda_666630_3995414766,http://creativecommons.org/licenses/by-nc-nd/4.0/
449926,3825802837,Conopidae_Abrachyglossum_capitatum_2634744_3825802837,http://creativecommons.org/licenses/by-nc-nd/4.0/
449928,3825802837,Conopidae_Abrachyglossum_capitatum_2634746_3825802837,http://creativecommons.org/licenses/by-nc-nd/4.0/
449929,3825802837,Conopidae_Abrachyglossum_capitatum_2634747_3825802837,http://creativecommons.org/licenses/by-nc-nd/4.0/
450033,3730636727,Conopidae_Myopa_testacea_3287049_3730636727,http://creativecommons.org/licenses/by-nc-nd/4.0/
450120,3905740180,Conopidae_Myopa_tessellatipennis_1313685_3905740180,http://creativecommons.org/licenses/by/4.0/
450491,2833807068,Conopidae_Myopa_testacea_1591942_2833807068,http://creativecommons.org/licenses/by-nc-nd/4.0/
450493,2833807068,Conopidae_Myopa_testacea_1591944_2833807068,http://creativecommons.org/licenses/by-nc-nd/4.0/
451415,3732640050,Conopidae_Physocephala_rufipes_539544_3732640050,http://creativecommons.org/licenses/by-nc-nd/4.0/
451704,2834233700,Conopidae_Thecophora_cinerascens_2972909_2834233700,http://creativecommons.org/licenses/by-nc-nd/4.0/
451705,2834233700,Conopidae_Thecophora_cinerascens_2972910_2834233700,http://creativecommons.org/licenses/by-nc-nd/4.0/
451706,2834233700,Conopidae_Thecophora_cinerascens_2972911_2834233700,http://creativecommons.org/licenses/by-nc-nd/4.0/
451710,3715925238,Conopidae_Abrachyglossum_capitatum_1855348_3715925238,http://creativecommons.org/licenses/by-nc-nd/4.0/
451893,2398862033,Conopidae_Conops_flavipes_1530558_2398862033,© All rights reserved
451913,2403084167,Conopidae_Conops_flavipes_2220631_2403084167,© All rights reserved
452144,3417355336,Conopidae_Thecophora_fulvipes_335961_3417355336,http://creativecommons.org/licenses/by-nc-sa/4.0/
452629,3727812439,Conopidae_Abrachyglossum_capitatum_1208000_3727812439,http://creativecommons.org/licenses/by-nc/4.0/
452872,2835803325,Conopidae_Zodion_cinereum_2284943_2835803325,http://creativecommons.org/licenses/by-nc-nd/4.0/
452963,3906498120,Conopidae_Abrachyglossum_capitatum_2697167_3906498120,http://creativecommons.org/licenses/by-nc/4.0/
452964,3906498120,Conopidae_Abrachyglossum_capitatum_2697168_3906498120,http://creativecommons.org/licenses/by-nc/4.0/
453036,3904583952,Conopidae_Myopa_buccata_1996349_3904583952,http://creativecommons.org/licenses/by-nc/4.0/
453236,3726376158,Conopidae_Conops_quadrifasciatus_1202344_3726376158,http://creativecommons.org/licenses/by-nc-nd/4.0/
453371,2834235545,Conopidae_Conops_scutellatus_2282384_2834235545,http://creativecommons.org/licenses/by-nc-nd/4.0/
453498,1961279459,Conopidae_Physocephala_rufipes_792410_1961279459,http://creativecommons.org/licenses/by-nc-nd/4.0/
453780,2841699842,Conopidae_Myopa_testacea_2984824_2841699842,http://creativecommons.org/licenses/by-nc/4.0/
453798,1966508950,Conopidae_Myopa_tessellatipennis_799942_1966508950,http://creativecommons.org/licenses/by-nc-nd/4.0/
454109,2844257159,Conopidae_Conops_flavipes_231829_2844257159,http://creativecommons.org/licenses/by-nc/4.0/
454978,3717957574,Conopidae_Physocephala_rufipes_3243600_3717957574,http://creativecommons.org/licenses/by-nc-nd/4.0/
455110,1976503160,Conopidae_Conops_scutellatus_814025_1976503160,http://creativecommons.org/licenses/by/4.0/
455888,3728517816,Conopidae_Myopa_hirsuta_2588758_3728517816,http://creativecommons.org/licenses/by-nc-sa/4.0/
455889,3728517816,Conopidae_Myopa_hirsuta_2588759_3728517816,http://creativecommons.org/licenses/by-nc-sa/4.0/
456223,1972304947,Conopidae_Leopoldius_signatus_116996_1972304947,http://creativecommons.org/licenses/by-nc/4.0/
456224,1972304947,Conopidae_Leopoldius_signatus_116997_1972304947,http://creativecommons.org/licenses/by-nc/4.0/
456225,1972304947,Conopidae_Leopoldius_signatus_116998_1972304947,http://creativecommons.org/licenses/by-nc/4.0/
456226,1972304947,Conopidae_Leopoldius_signatus_116999_1972304947,http://creativecommons.org/licenses/by-nc/4.0/
456373,1964957315,Conopidae_Leopoldius_signatus_105227_1964957315,http://creativecommons.org/licenses/by-nc-nd/4.0/
457050,3997216482,Conopidae_Leopoldius_calceatus_3430367_3997216482,http://creativecommons.org/licenses/by-sa/4.0/
457051,3997216482,Conopidae_Leopoldius_calceatus_3430368_3997216482,http://creativecommons.org/licenses/by-sa/4.0/
457106,3826879815,Conopidae_Myopa_pellucida_3328206_3826879815,http://creativecommons.org/licenses/by-nc-nd/4.0/
457165,3905370153,Conopidae_Myopa_fasciata_623049_3905370153,http://creativecommons.org/licenses/by-nc-nd/4.0/
457675,3721549623,Conopidae_Myopa_buccata_1186245_3721549623,http://creativecommons.org/licenses/by-nc/4.0/
457680,1967173432,Conopidae_Myopa_tessellatipennis_110322_1967173432,http://creativecommons.org/licenses/by-nc/4.0/
457892,1977339671,Conopidae_Myopa_testacea_815964_1977339671,http://creativecommons.org/licenses/by-nc-sa/4.0/
457977,1961250895,Conopidae_Physocephala_rufipes_2860064_1961250895,http://creativecommons.org/licenses/by-nc-nd/4.0/
457987,3731109383,Conopidae_Myopa_fasciata_2598841_3731109383,http://creativecommons.org/licenses/by-nc/4.0/
458277,3716557024,Conopidae_Sicus_ferrugineus_1857151_3716557024,http://creativecommons.org/licenses/by-nc-nd/4.0/
458355,3729850303,Conopidae_Abrachyglossum_capitatum_524862_3729850303,http://creativecommons.org/licenses/by-nc-nd/4.0/
458356,3729850303,Conopidae_Abrachyglossum_capitatum_524863_3729850303,http://creativecommons.org/licenses/by-nc-nd/4.0/
458642,3719022899,Conopidae_Conops_scutellatus_1177430_3719022899,http://creativecommons.org/licenses/by-nc-nd/4.0/
459117,1965632744,Conopidae_Leopoldius_signatus_2865722_1965632744,http://creativecommons.org/licenses/by-nc-nd/4.0/
459813,2840737304,Conopidae_Conops_scutellatus_2983001_2840737304,http://creativecommons.org/licenses/by-nc/4.0/
460083,2838830516,Conopidae_Physocephala_rufipes_222527_2838830516,http://creativecommons.org/licenses/by-nc-nd/4.0/
460303,1972831477,Conopidae_Sicus_ferrugineus_2186266_1972831477,http://creativecommons.org/licenses/by-nc-nd/4.0/
461237,3912039712,Conopidae_Physocephala_tibialis_636511_3912039712,http://creativecommons.org/licenses/by-nc/4.0/
461264,3335450321,Conopidae_Melanosoma_bicolor_307904_3335450321,http://creativecommons.org/licenses/by-nc/4.0/
461541,2417874757,Conopidae_Conops_flavipes_2222966_2417874757,© all rights reserved
462038,3456319562,Conopidae_Physocephala_tibialis_1150975_3456319562,http://creativecommons.org/licenses/by-nc/4.0/
462471,3466250308,Conopidae_Myopa_dorsalis_466785_3466250308,http://creativecommons.org/licenses/by-nc/4.0/
462856,3468865386,Conopidae_Conops_flavifrons_1847771_3468865386,http://creativecommons.org/licenses/by-nc/4.0/
462857,3468865386,Conopidae_Conops_flavifrons_1847772_3468865386,http://creativecommons.org/licenses/by-nc/4.0/
465244,1846817422,Conopidae_Physocephala_tibialis_2832732_1846817422,
465330,1846817441,Conopidae_Physocephala_tibialis_74036_1846817441,
466488,3907613585,Conopidae_Conops_flavipes_2703282_3907613585,http://creativecommons.org/licenses/by-nc/4.0/
466562,3996309501,Conopidae_Conops_insignis_1357731_3996309501,http://creativecommons.org/licenses/by-nc-nd/4.0/
467422,3721475265,Conopidae_Conops_scutellatus_1185742_3721475265,http://creativecommons.org/licenses/by-nc-nd/4.0/
467684,1977299283,Conopidae_Myopa_tessellatipennis_125209_1977299283,http://creativecommons.org/licenses/by-nc-nd/4.0/
467685,1977299283,Conopidae_Myopa_tessellatipennis_125210_1977299283,http://creativecommons.org/licenses/by-nc-nd/4.0/
468142,1970861539,Conopidae_Myopa_tessellatipennis_806515_1970861539,http://creativecommons.org/licenses/by-nc/4.0/
469003,3721773730,Conopidae_Physocephala_rufipes_3257207_3721773730,http://creativecommons.org/licenses/by-nc-nd/4.0/
469768,2838020115,Conopidae_Physocephala_rufipes_911377_2838020115,http://creativecommons.org/licenses/by-nc-nd/4.0/
471143,3729676186,Conopidae_Myopa_testacea_524286_3729676186,http://creativecommons.org/licenses/by-nc-nd/4.0/
471144,3729676186,Conopidae_Myopa_testacea_524287_3729676186,http://creativecommons.org/licenses/by-nc-nd/4.0/
473960,1969058807,Conopidae_Myopa_fasciata_1491021_1969058807,http://creativecommons.org/licenses/by-nc-nd/4.0/
473979,3725884459,Conopidae_Conops_flavipes_2578749_3725884459,http://creativecommons.org/licenses/by-nc-nd/4.0/
475853,3307387378,Conopidae_Myopa_dorsalis_3051355_3307387378,http://creativecommons.org/licenses/by-nc/4.0/
475854,3307387378,Conopidae_Myopa_dorsalis_3051356_3307387378,http://creativecommons.org/licenses/by-nc/4.0/
475855,3307387378,Conopidae_Myopa_dorsalis_3051357_3307387378,http://creativecommons.org/licenses/by-nc/4.0/
475856,3307387378,Conopidae_Myopa_dorsalis_3051358_3307387378,http://creativecommons.org/licenses/by-nc/4.0/
475857,3307387378,Conopidae_Myopa_dorsalis_3051359_3307387378,http://creativecommons.org/licenses/by-nc/4.0/
475958,3784948419,Conopidae_Myopa_vicaria_1933950_3784948419,http://creativecommons.org/licenses/by-nc/4.0/
476057,2573784616,Conopidae_Conops_flavipes_871990_2573784616,http://creativecommons.org/licenses/by-nc/4.0/
476578,3407915912,Conopidae_Physocephala_vittata_1709508_3407915912,http://creativecommons.org/licenses/by-nc/4.0/
477232,2422904468,Conopidae_Conops_quadrifasciatus_2914835_2422904468,http://creativecommons.org/licenses/by/4.0/
477708,3860071325,Conopidae_Physocephala_nigra_583977_3860071325,http://creativecommons.org/licenses/by-nc/4.0/
480474,3892283975,Conopidae_Conops_quadrifasciatus_3360514_3892283975,http://creativecommons.org/licenses/by-nc/4.0/
480725,3118507622,Conopidae_Abrachyglossum_capitatum_2355532_3118507622,http://creativecommons.org/licenses/by/4.0/
480756,3307353153,Conopidae_Myopa_dorsalis_2360998_3307353153,http://creativecommons.org/licenses/by-nc/4.0/
480757,3307353153,Conopidae_Myopa_dorsalis_2360999_3307353153,http://creativecommons.org/licenses/by-nc/4.0/
480758,3307353153,Conopidae_Myopa_dorsalis_2361000_3307353153,http://creativecommons.org/licenses/by-nc/4.0/
481039,3858562758,Conopidae_Sicus_ferrugineus_3335585_3858562758,http://creativecommons.org/licenses/by-nc/4.0/
481116,3118366420,Conopidae_Myopa_dorsalis_1665510_3118366420,http://creativecommons.org/licenses/by-nc/4.0/
481117,3118366420,Conopidae_Myopa_dorsalis_1665511_3118366420,http://creativecommons.org/licenses/by-nc/4.0/
481118,3118366420,Conopidae_Myopa_dorsalis_1665512_3118366420,http://creativecommons.org/licenses/by-nc/4.0/
481482,3859400142,Conopidae_Sicus_ferrugineus_2648407_3859400142,http://creativecommons.org/licenses/by/4.0/
483232,3455785990,Conopidae_Physocephala_tibialis_1837975_3455785990,http://creativecommons.org/licenses/by-nc/4.0/
483372,2248663963,Conopidae_Leopoldius_coronatus_137718_2248663963,http://creativecommons.org/licenses/by-nc-sa/4.0/
485086,2841962090,Conopidae_Myopa_fasciata_1605911_2841962090,http://creativecommons.org/licenses/by-nc-nd/4.0/
485153,2838016077,Conopidae_Sicus_ferrugineus_2289174_2838016077,http://creativecommons.org/licenses/by-nc-nd/4.0/
485157,1976515188,Conopidae_Conops_quadrifasciatus_2881719_1976515188,http://creativecommons.org/licenses/by-nc-nd/4.0/
485245,1952480046,Conopidae_Thecophora_cinerascens_778789_1952480046,http://creativecommons.org/licenses/by-nc-nd/4.0/
485246,1952480046,Conopidae_Thecophora_cinerascens_778790_1952480046,http://creativecommons.org/licenses/by-nc-nd/4.0/
485247,1952480046,Conopidae_Thecophora_cinerascens_778791_1952480046,http://creativecommons.org/licenses/by-nc-nd/4.0/
485945,3718121589,Conopidae_Conops_quadrifasciatus_3244306_3718121589,http://creativecommons.org/licenses/by-nc-nd/4.0/
485978,3717376254,Conopidae_Physocephala_rufipes_3240691_3717376254,http://creativecommons.org/licenses/by-nc-sa/4.0/
487127,3729865487,Conopidae_Sicus_ferrugineus_3283232_3729865487,http://creativecommons.org/licenses/by-nc-nd/4.0/
488564,1953040027,Conopidae_Thecophora_cinerascens_89390_1953040027,http://creativecommons.org/licenses/by-nc-nd/4.0/
488650,3717010308,Conopidae_Sicus_ferrugineus_3238710_3717010308,http://creativecommons.org/licenses/by-nc-nd/4.0/
488908,3907020197,Conopidae_Sicus_ferrugineus_3390474_3907020197,http://creativecommons.org/licenses/by-nc-nd/4.0/
489279,1966287597,Conopidae_Physocephala_nigra_1487881_1966287597,http://creativecommons.org/licenses/by-nc-nd/4.0/
489280,1966287597,Conopidae_Physocephala_nigra_1487882_1966287597,http://creativecommons.org/licenses/by-nc-nd/4.0/
489428,1966308385,Conopidae_Physocephala_rufipes_799351_1966308385,http://creativecommons.org/licenses/by-nc-nd/4.0/
489670,3822893844,Conopidae_Myopa_tessellatipennis_1249280_3822893844,http://creativecommons.org/licenses/by-nc-nd/4.0/
489966,3731928307,Conopidae_Physocephala_rufipes_2603327_3731928307,http://creativecommons.org/licenses/by-nc-sa/4.0/
491105,3824564404,Conopidae_Myopa_testacea_564476_3824564404,http://creativecommons.org/licenses/by-nc-nd/4.0/
491897,1960450165,Conopidae_Sicus_ferrugineus_2169255_1960450165,http://creativecommons.org/publicdomain/zero/1.0/
492824,3822925156,Conopidae_Conops_vesicularis_2627999_3822925156,http://creativecommons.org/licenses/by-nc-nd/4.0/
492825,3822925156,Conopidae_Conops_vesicularis_2628000_3822925156,http://creativecommons.org/licenses/by-nc-nd/4.0/
493339,1974629163,Conopidae_Myopa_vicaria_2879757_1974629163,http://creativecommons.org/licenses/by-nc-nd/4.0/
494372,2845494733,Conopidae_Myopa_fasciata_2993593_2845494733,http://creativecommons.org/licenses/by-nc-nd/4.0/
494484,3727551568,Conopidae_Physocephala_rufipes_3276437_3727551568,http://creativecommons.org/licenses/by-nc-nd/4.0/
495076,3727766727,Conopidae_Physocephala_rufipes_3277140_3727766727,http://creativecommons.org/licenses/by-nc-nd/4.0/
495287,3907543682,Conopidae_Leopoldius_signatus_2702897_3907543682,http://creativecommons.org/licenses/by-nc-nd/4.0/
495288,3907543682,Conopidae_Leopoldius_signatus_2702898_3907543682,http://creativecommons.org/licenses/by-nc-nd/4.0/
495289,3907543682,Conopidae_Leopoldius_signatus_2702899_3907543682,http://creativecommons.org/licenses/by-nc-nd/4.0/
495290,3907543682,Conopidae_Leopoldius_signatus_2702900_3907543682,http://creativecommons.org/licenses/by-nc-nd/4.0/
495601,3907122818,Conopidae_Physocephala_rufipes_2010919_3907122818,http://creativecommons.org/licenses/by-nc-nd/4.0/
496073,1965346652,Conopidae_Myopa_fasciata_1485651_1965346652,http://creativecommons.org/licenses/by-nc-nd/4.0/
496619,3722179480,Conopidae_Physocephala_rufipes_1880299_3722179480,http://creativecommons.org/licenses/by-nc-nd/4.0/
496655,1965716564,Conopidae_Physocephala_rufipes_1486479_1965716564,http://creativecommons.org/licenses/by-nc-nd/4.0/
496742,1976294199,Conopidae_Myopa_fasciata_122824_1976294199,http://creativecommons.org/licenses/by-nc-nd/4.0/
496974,1969273236,Conopidae_Conops_scutellatus_1491426_1969273236,http://creativecommons.org/licenses/by-nc-nd/4.0/
497095,3717654861,Conopidae_Leopoldius_coronatus_1862536_3717654861,http://creativecommons.org/licenses/by-nc-nd/4.0/
497145,3728672089,Conopidae_Leopoldius_calceatus_1899758_3728672089,http://creativecommons.org/licenses/by-nc-nd/4.0/
497445,2833868123,Conopidae_Sicus_ferrugineus_903231_2833868123,http://creativecommons.org/licenses/by-nc/4.0/
498009,2808547299,Conopidae_Myopa_buccata_2961286_2808547299,© all rights reserved
498010,2808547299,Conopidae_Myopa_buccata_2961287_2808547299,© all rights reserved
499563,1890161393,Conopidae_Leopoldius_signatus_773096_1890161393,© all rights reserved
499564,1890161393,Conopidae_Leopoldius_signatus_773097_1890161393,© all rights reserved
499577,3429911990,Conopidae_Physocephala_rufipes_336301_3429911990,© all rights reserved
500065,3429863521,Conopidae_Conops_flavipes_1025968_3429863521,© all rights reserved
500183,3430009201,Conopidae_Conops_flavipes_2404122_3430009201,© all rights reserved
500561,1459980648,Conopidae_Conops_flavipes_1428138_1459980648,© all rights reserved
500752,1670445800,Conopidae_Conops_flavipes_53225_1670445800,© all rights reserved
501277,1459910552,Conopidae_Sicus_ferrugineus_2806876_1459910552,© all rights reserved
501406,3430177955,Conopidae_Thecophora_atra_336458_3430177955,© all rights reserved
501407,3430177955,Conopidae_Thecophora_atra_336459_3430177955,© all rights reserved
501416,2285804165,Conopidae_Physocephala_rufipes_1525646_2285804165,© all rights reserved
503558,3858930969,Conopidae_Myopa_vicaria_1957073_3858930969,http://creativecommons.org/licenses/by-nc/4.0/
505039,1428392239,Conopidae_Conops_strigatus_2113044_1428392239,© all rights reserved
505040,1428392239,Conopidae_Conops_strigatus_2113045_1428392239,© all rights reserved
505041,1428392239,Conopidae_Conops_strigatus_2113046_1428392239,© all rights reserved
505187,1431389360,Conopidae_Myopa_buccata_2113313_1431389360,© all rights reserved
505366,3431143852,Conopidae_Physocephala_rufipes_336920_3431143852,© all rights reserved
505822,1460401977,Conopidae_Conops_vesicularis_49073_1460401977,© all rights reserved
505842,1052848270,Conopidae_Conops_quadrifasciatus_695458_1052848270,© all rights reserved
506373,3432150030,Conopidae_Conops_flavipes_3095548_3432150030,© all rights reserved
506375,3432150030,Conopidae_Conops_flavipes_3095550_3432150030,© all rights reserved
506438,2853337451,Conopidae_Conops_strigatus_240091_2853337451,© all rights reserved
507014,931898137,Conopidae_Myopa_testacea_689593_931898137,© all rights reserved
507015,931898137,Conopidae_Myopa_testacea_689594_931898137,© all rights reserved
507219,1460260464,Conopidae_Conops_vesicularis_2807389_1460260464,© all rights reserved
507720,2857725335,Conopidae_Conops_strigatus_2310002_2857725335,© all rights reserved
507721,2857725335,Conopidae_Conops_strigatus_2310003_2857725335,© all rights reserved
507845,2847973359,Conopidae_Conops_strigatus_2994258_2847973359,© all rights reserved
507846,2847973359,Conopidae_Conops_strigatus_2994259_2847973359,© all rights reserved
507847,2847973359,Conopidae_Conops_strigatus_2994260_2847973359,© all rights reserved
508158,1459375400,Conopidae_Conops_quadrifasciatus_738375_1459375400,© all rights reserved
508178,3050221946,Conopidae_Conops_flavipes_1649252_3050221946,© all rights reserved
508384,1670624779,Conopidae_Conops_flavipes_2811811_1670624779,© all rights reserved
508385,1670624779,Conopidae_Conops_flavipes_2811812_1670624779,© all rights reserved
508397,2848313558,Conopidae_Physocephala_rufipes_2994436_2848313558,© all rights reserved
508415,3433620928,Conopidae_Conops_flavipes_2405976_3433620928,© all rights reserved
509757,3415384302,Conopidae_Myopa_vicaria_1022302_3415384302,http://creativecommons.org/licenses/by-nc/4.0/
509758,3415384302,Conopidae_Myopa_vicaria_1022303_3415384302,http://creativecommons.org/licenses/by-nc/4.0/
510758,3456189392,Conopidae_Physocephala_tibialis_1839912_3456189392,http://creativecommons.org/licenses/by-nc/4.0/
510881,3773527080,Conopidae_Myopa_vicaria_1241243_3773527080,http://creativecommons.org/licenses/by-nc/4.0/
510937,3337883406,Conopidae_Physocephala_rufipes_2379195_3337883406,http://creativecommons.org/licenses/by/4.0/
510995,3873292776,Conopidae_Physocephala_tibialis_1968442_3873292776,http://creativecommons.org/licenses/by-nc/4.0/
511132,3759528482,Conopidae_Physocephala_vittata_1234064_3759528482,http://creativecommons.org/licenses/by-nc/4.0/
511133,3759528482,Conopidae_Physocephala_vittata_1234065_3759528482,http://creativecommons.org/licenses/by-nc/4.0/
511420,2963890448,Conopidae_Conops_scutellatus_1630793_2963890448,http://creativecommons.org/licenses/by/4.0/
511427,2963890448,Conopidae_Conops_scutellatus_1630800_2963890448,http://creativecommons.org/licenses/by/4.0/
511430,2963890448,Conopidae_Conops_scutellatus_1630803_2963890448,http://creativecommons.org/licenses/by/4.0/
511431,2963890448,Conopidae_Conops_scutellatus_1630804_2963890448,http://creativecommons.org/licenses/by/4.0/
511432,2963890448,Conopidae_Conops_scutellatus_1630805_2963890448,http://creativecommons.org/licenses/by/4.0/
511663,1880545494,Conopidae_Physocephala_tibialis_1458961_1880545494,http://creativecommons.org/licenses/by/4.0/
512965,3902243610,Conopidae_Conops_scutellatus_1984438_3902243610,http://creativecommons.org/licenses/by/4.0/
514275,3109012409,Conopidae_Conops_silaceus_2350783_3109012409,http://creativecommons.org/licenses/by-nc/4.0/
514276,3109012409,Conopidae_Conops_silaceus_2350784_3109012409,http://creativecommons.org/licenses/by-nc/4.0/
515283,2862356504,Conopidae_Conops_quadrifasciatus_3002039_2862356504,http://creativecommons.org/publicdomain/zero/1.0/
519597,3005225028,Conopidae_Conops_ceriaeformis_2328865_3005225028,http://creativecommons.org/licenses/by-nc/4.0/
519598,3005225028,Conopidae_Conops_ceriaeformis_2328866_3005225028,http://creativecommons.org/licenses/by-nc/4.0/
519599,3005225028,Conopidae_Conops_ceriaeformis_2328867_3005225028,http://creativecommons.org/licenses/by-nc/4.0/
519600,3005225028,Conopidae_Conops_ceriaeformis_2328868_3005225028,http://creativecommons.org/licenses/by-nc/4.0/
519601,3005225028,Conopidae_Conops_ceriaeformis_2328869_3005225028,http://creativecommons.org/licenses/by-nc/4.0/
519889,3456796646,Conopidae_Physocephala_tibialis_2531695_3456796646,http://creativecommons.org/licenses/by/4.0/
520042,3031957837,Conopidae_Physocephala_vittata_957190_3031957837,http://creativecommons.org/licenses/by-nc/4.0/
520043,3031957837,Conopidae_Physocephala_vittata_957191_3031957837,http://creativecommons.org/licenses/by-nc/4.0/
520054,3333138194,Conopidae_Conops_quadrifasciatus_1682774_3333138194,http://creativecommons.org/licenses/by-nc/4.0/
521162,3468840332,Conopidae_Leopoldius_coronatus_1157977_3468840332,http://creativecommons.org/licenses/by-nc/4.0/
521163,3468840332,Conopidae_Leopoldius_coronatus_1157978_3468840332,http://creativecommons.org/licenses/by-nc/4.0/
521164,3468840332,Conopidae_Leopoldius_coronatus_1157979_3468840332,http://creativecommons.org/licenses/by-nc/4.0/
521355,3873319425,Conopidae_Physocephala_vittata_2657731_3873319425,http://creativecommons.org/licenses/by-nc/4.0/
521356,3873319425,Conopidae_Physocephala_vittata_2657732_3873319425,http://creativecommons.org/licenses/by-nc/4.0/
522067,3994095790,Conopidae_Thecophora_atra_3420970_3994095790,http://creativecommons.org/licenses/by-nc/4.0/
522068,3994095790,Conopidae_Thecophora_atra_3420971_3994095790,http://creativecommons.org/licenses/by-nc/4.0/
522682,3327932734,Conopidae_Physocephala_tibialis_300262_3327932734,http://creativecommons.org/licenses/by-nc/4.0/
524293,3759452550,Conopidae_Myopa_vicaria_2612713_3759452550,http://creativecommons.org/licenses/by-nc/4.0/
524767,3070583048,Conopidae_Myopa_buccata_275990_3070583048,http://creativecommons.org/licenses/by-nc/4.0/
525168,3873515828,Conopidae_Physocephala_tibialis_2658681_3873515828,http://creativecommons.org/licenses/by-nc/4.0/
525170,3873515828,Conopidae_Physocephala_tibialis_2658683_3873515828,http://creativecommons.org/licenses/by-nc/4.0/
526838,3906543664,Conopidae_Abrachyglossum_capitatum_2007671_3906543664,http://creativecommons.org/licenses/by-nc-nd/4.0/
526839,3906543664,Conopidae_Abrachyglossum_capitatum_2007672_3906543664,http://creativecommons.org/licenses/by-nc-nd/4.0/
526842,3906543664,Conopidae_Abrachyglossum_capitatum_2007675_3906543664,http://creativecommons.org/licenses/by-nc-nd/4.0/
527161,2836155010,Conopidae_Abrachyglossum_capitatum_217162_2836155010,http://creativecommons.org/licenses/by-nc-nd/4.0/
527365,2841793480,Conopidae_Myopa_tessellatipennis_1605435_2841793480,http://creativecommons.org/licenses/by-nc-nd/4.0/
527499,3730096202,Conopidae_Myopa_testacea_525925_3730096202,http://creativecommons.org/licenses/by-nc-nd/4.0/
527683,1952563936,Conopidae_Physocephala_rufipes_779010_1952563936,http://creativecommons.org/licenses/by-nc-nd/4.0/
527702,3717087606,Conopidae_Physocephala_rufipes_3239136_3717087606,http://creativecommons.org/licenses/by-nc-nd/4.0/
529500,3827282641,Conopidae_Myopa_tessellatipennis_1949092_3827282641,http://creativecommons.org/licenses/by-nc-nd/4.0/
529972,2841635515,Conopidae_Zodion_cinereum_916352_2841635515,http://creativecommons.org/licenses/by-nc-nd/4.0/
530057,3906753139,Conopidae_Myopa_tessellatipennis_2008840_3906753139,http://creativecommons.org/licenses/by-nc-nd/4.0/
531187,3337417242,Conopidae_Conops_silaceus_3067166_3337417242,http://creativecommons.org/licenses/by-nc/4.0/
531188,3337417242,Conopidae_Conops_silaceus_3067167_3337417242,http://creativecommons.org/licenses/by-nc/4.0/
531236,3337898527,Conopidae_Physocephala_rufipes_2379268_3337898527,http://creativecommons.org/licenses/by-nc/4.0/
531611,4022206836,Conopidae_Melanosoma_bicolor_1371684_4022206836,http://creativecommons.org/licenses/by-nc/4.0/
532174,3915667195,Conopidae_Conops_quadrifasciatus_2018331_3915667195,http://creativecommons.org/licenses/by-nc/4.0/
533438,3112521313,Conopidae_Dalmannia_dorsalis_974317_3112521313,http://creativecommons.org/licenses/by-nc/4.0/
534726,3044571805,Conopidae_Conops_ceriaeformis_269329_3044571805,http://creativecommons.org/licenses/by-nc/4.0/
534740,3455174535,Conopidae_Physocephala_tibialis_3213704_3455174535,http://creativecommons.org/licenses/by-nc/4.0/
534884,2283268777,Conopidae_Physocephala_chrysorrhoea_837089_2283268777,http://creativecommons.org/licenses/by-nc/4.0/
535129,3070590008,Conopidae_Physocephala_nigra_3034523_3070590008,http://creativecommons.org/licenses/by-sa/4.0/
535911,3031877839,Conopidae_Physocephala_vittata_3025146_3031877839,http://creativecommons.org/licenses/by-nc/4.0/
535912,3031877839,Conopidae_Physocephala_vittata_3025147_3031877839,http://creativecommons.org/licenses/by-nc/4.0/
535913,3031877839,Conopidae_Physocephala_vittata_3025148_3031877839,http://creativecommons.org/licenses/by-nc/4.0/
536482,3320859302,Conopidae_Zodion_cinereum_985472_3320859302,http://creativecommons.org/licenses/by-nc-sa/4.0/
536646,3335206513,Conopidae_Conops_quadrifasciatus_1685323_3335206513,http://creativecommons.org/licenses/by-nc/4.0/
538755,3698193228,Conopidae_Physocephala_biguttata_472320_3698193228,http://creativecommons.org/licenses/by-nc/4.0/
538780,3355198825,Conopidae_Conops_flavipes_1694016_3355198825,http://creativecommons.org/licenses/by-nc/4.0/
538913,3860440706,Conopidae_Myopa_dorsalis_2653117_3860440706,http://creativecommons.org/licenses/by-nc/4.0/
538914,3860440706,Conopidae_Myopa_dorsalis_2653118_3860440706,http://creativecommons.org/licenses/by-nc/4.0/
538915,3860440706,Conopidae_Myopa_dorsalis_2653119_3860440706,http://creativecommons.org/licenses/by-nc/4.0/
538992,3698317444,Conopidae_Conops_flavipes_2541191_3698317444,http://creativecommons.org/licenses/by/4.0/
539250,3859057632,Conopidae_Myopa_testacea_579319_3859057632,http://creativecommons.org/licenses/by-nc/4.0/
539338,3859136394,Conopidae_Physocephala_vittata_2647170_3859136394,http://creativecommons.org/licenses/by-nc/4.0/
539680,3873606737,Conopidae_Physocephala_tibialis_2659204_3873606737,http://creativecommons.org/licenses/by-nc/4.0/
540547,3892344306,Conopidae_Physocephala_tibialis_602263_3892344306,http://creativecommons.org/licenses/by-nc/4.0/
542999,3860566982,Conopidae_Physocephala_biguttata_2653851_3860566982,http://creativecommons.org/licenses/by-nc/4.0/
544308,3455303567,Conopidae_Physocephala_tibialis_2524645_3455303567,http://creativecommons.org/licenses/by-nc/4.0/
544770,2397496399,Conopidae_Physocephala_vittata_2909367_2397496399,http://creativecommons.org/licenses/by-nc/4.0/
544771,2397496399,Conopidae_Physocephala_vittata_2909368_2397496399,http://creativecommons.org/licenses/by-nc/4.0/
544772,2397496399,Conopidae_Physocephala_vittata_2909369_2397496399,http://creativecommons.org/licenses/by-nc/4.0/
545077,3873607271,Conopidae_Physocephala_vittata_1969936_3873607271,http://creativecommons.org/licenses/by-nc/4.0/
545078,3873607271,Conopidae_Physocephala_vittata_1969937_3873607271,http://creativecommons.org/licenses/by-nc/4.0/
546039,3802715774,Conopidae_Physocephala_biguttata_1935909_3802715774,http://creativecommons.org/licenses/by-nc/4.0/
547844,3333249254,Conopidae_Conops_quadrifasciatus_1683111_3333249254,http://creativecommons.org/licenses/by-nc/4.0/
548249,3355825455,Conopidae_Physocephala_tibialis_2386246_3355825455,http://creativecommons.org/licenses/by-nc/4.0/
548290,3456072493,Conopidae_Physocephala_tibialis_460171_3456072493,http://creativecommons.org/licenses/by-nc/4.0/
549224,2283210115,Conopidae_Sicus_ferrugineus_2904889_2283210115,http://creativecommons.org/licenses/by-nc/4.0/
549415,2445003540,Conopidae_Physocephala_tibialis_2920833_2445003540,http://creativecommons.org/licenses/by-nc/4.0/
549933,3858988931,Conopidae_Physocephala_tibialis_3337561_3858988931,http://creativecommons.org/licenses/by-nc/4.0/
551248,3415771409,Conopidae_Myopa_vicaria_3092419_3415771409,http://creativecommons.org/licenses/by-nc/4.0/
551281,3881868525,Conopidae_Conops_quadrifasciatus_1287800_3881868525,http://creativecommons.org/licenses/by-nc/4.0/
553111,3994256731,Conopidae_Myopa_testacea_2731795_3994256731,http://creativecommons.org/licenses/by-nc/4.0/
553319,4011564393,Conopidae_Conops_strigatus_2745073_4011564393,http://creativecommons.org/licenses/by-nc/4.0/
553320,4011564393,Conopidae_Conops_strigatus_2745074_4011564393,http://creativecommons.org/licenses/by-nc/4.0/
555402,3337606339,Conopidae_Conops_scutellatus_999672_3337606339,http://creativecommons.org/licenses/by-nc/4.0/
555610,3873209782,Conopidae_Melanosoma_bicolor_1967985_3873209782,http://creativecommons.org/licenses/by-nc/4.0/
555611,3873209782,Conopidae_Melanosoma_bicolor_1967986_3873209782,http://creativecommons.org/licenses/by-nc/4.0/
555612,3873209782,Conopidae_Melanosoma_bicolor_1967987_3873209782,http://creativecommons.org/licenses/by-nc/4.0/
555613,3873209782,Conopidae_Melanosoma_bicolor_1967988_3873209782,http://creativecommons.org/licenses/by-nc/4.0/
556133,3873511960,Conopidae_Physocephala_rufipes_1280219_3873511960,http://creativecommons.org/licenses/by-nc/4.0/
556612,3712453017,Conopidae_Myopa_dorsalis_2542862_3712453017,http://creativecommons.org/licenses/by-nc-nd/4.0/
556613,3712453017,Conopidae_Myopa_dorsalis_2542863_3712453017,http://creativecommons.org/licenses/by-nc-nd/4.0/
556614,3712453017,Conopidae_Myopa_dorsalis_2542864_3712453017,http://creativecommons.org/licenses/by-nc-nd/4.0/
556615,3712453017,Conopidae_Myopa_dorsalis_2542865_3712453017,http://creativecommons.org/licenses/by-nc-nd/4.0/
556616,3712453017,Conopidae_Myopa_dorsalis_2542866_3712453017,http://creativecommons.org/licenses/by-nc-nd/4.0/
556617,3712453017,Conopidae_Myopa_dorsalis_2542867_3712453017,http://creativecommons.org/licenses/by-nc-nd/4.0/
556618,3712453017,Conopidae_Myopa_dorsalis_2542868_3712453017,http://creativecommons.org/licenses/by-nc-nd/4.0/
556619,3712453017,Conopidae_Myopa_dorsalis_2542869_3712453017,http://creativecommons.org/licenses/by-nc-nd/4.0/
556620,3712453017,Conopidae_Myopa_dorsalis_2542870_3712453017,http://creativecommons.org/licenses/by-nc-nd/4.0/
556621,3712453017,Conopidae_Myopa_dorsalis_2542871_3712453017,http://creativecommons.org/licenses/by-nc-nd/4.0/
556622,3712453017,Conopidae_Myopa_dorsalis_2542872_3712453017,http://creativecommons.org/licenses/by-nc-nd/4.0/
556623,3712453017,Conopidae_Myopa_dorsalis_2542873_3712453017,http://creativecommons.org/licenses/by-nc-nd/4.0/
557082,3384259479,Conopidae_Physocephala_tibialis_2388691_3384259479,http://creativecommons.org/licenses/by-nc/4.0/
557175,4022320311,Conopidae_Melanosoma_bicolor_1372142_4022320311,http://creativecommons.org/licenses/by-sa/4.0/
557733,2423053444,Conopidae_Leopoldius_signatus_2915225_2423053444,http://creativecommons.org/publicdomain/zero/1.0/
557979,2992807799,Conopidae_Conops_flavifrons_1637205_2992807799,http://creativecommons.org/licenses/by-nc/4.0/
557980,2992807799,Conopidae_Conops_flavifrons_1637206_2992807799,http://creativecommons.org/licenses/by-nc/4.0/
559504,3333501520,Conopidae_Conops_flavipes_3064494_3333501520,http://creativecommons.org/licenses/by-nc/4.0/
560312,3902155084,Conopidae_Physocephala_tibialis_3364109_3902155084,http://creativecommons.org/licenses/by-nc/4.0/
561708,3031637780,Conopidae_Physocephala_vittata_2333537_3031637780,http://creativecommons.org/licenses/by-nc-nd/4.0/
562896,2856640466,Conopidae_Physocephala_tibialis_2309372_2856640466,http://creativecommons.org/licenses/by-nc/4.0/
563275,3337770746,Conopidae_Physocephala_vittata_310298_3337770746,http://creativecommons.org/licenses/by/4.0/
564976,4022118489,Conopidae_Physocephala_vittata_2060602_4022118489,http://creativecommons.org/licenses/by-nc/4.0/
564977,4022118489,Conopidae_Physocephala_vittata_2060603_4022118489,http://creativecommons.org/licenses/by-nc/4.0/
564978,4022118489,Conopidae_Physocephala_vittata_2060604_4022118489,http://creativecommons.org/licenses/by-nc/4.0/
564979,4022118489,Conopidae_Physocephala_vittata_2060605_4022118489,http://creativecommons.org/licenses/by-nc/4.0/
565360,2236206794,Conopidae_Myopa_picta_2892871_2236206794,http://creativecommons.org/publicdomain/zero/1.0/
565361,2236206794,Conopidae_Myopa_picta_2892872_2236206794,http://creativecommons.org/publicdomain/zero/1.0/
565691,3399333617,Conopidae_Conops_ceriaeformis_3088431_3399333617,http://creativecommons.org/licenses/by-nc/4.0/
566066,3090597796,Conopidae_Conops_silaceus_1657260_3090597796,http://creativecommons.org/licenses/by-nc/4.0/
568114,3398865573,Conopidae_Leopoldius_signatus_3086597_3398865573,http://creativecommons.org/licenses/by/4.0/
568273,1850899142,Conopidae_Myopa_vicaria_78676_1850899142,http://creativecommons.org/licenses/by-nc/4.0/
568307,3031597085,Conopidae_Conops_elegans_955014_3031597085,http://creativecommons.org/licenses/by-nc/4.0/
568719,3903099732,Conopidae_Physocephala_tibialis_3369019_3903099732,http://creativecommons.org/licenses/by/4.0/
569645,3384247971,Conopidae_Conops_quadrifasciatus_1699165_3384247971,http://creativecommons.org/licenses/by-nc/4.0/
570268,3860673885,Conopidae_Physocephala_vittata_3345392_3860673885,http://creativecommons.org/licenses/by-nc/4.0/
570269,3860673885,Conopidae_Physocephala_vittata_3345393_3860673885,http://creativecommons.org/licenses/by-nc/4.0/
570271,3860673885,Conopidae_Physocephala_vittata_3345395_3860673885,http://creativecommons.org/licenses/by-nc/4.0/
571112,3455158549,Conopidae_Physocephala_tibialis_1144807_3455158549,http://creativecommons.org/licenses/by-nc/4.0/
571801,4022006480,Conopidae_Physocephala_vittata_3440249_4022006480,http://creativecommons.org/licenses/by/4.0/
571803,4022006480,Conopidae_Physocephala_vittata_3440251_4022006480,http://creativecommons.org/licenses/by/4.0/
571804,4022006480,Conopidae_Physocephala_vittata_3440252_4022006480,http://creativecommons.org/licenses/by/4.0/
571806,4022006480,Conopidae_Physocephala_vittata_3440254_4022006480,http://creativecommons.org/licenses/by/4.0/
571808,4022006480,Conopidae_Physocephala_vittata_3440256_4022006480,http://creativecommons.org/licenses/by/4.0/
571809,4022006480,Conopidae_Physocephala_vittata_3440257_4022006480,http://creativecommons.org/licenses/by/4.0/
571810,4022006480,Conopidae_Physocephala_vittata_3440258_4022006480,http://creativecommons.org/licenses/by/4.0/
571812,4022006480,Conopidae_Physocephala_vittata_3440260_4022006480,http://creativecommons.org/licenses/by/4.0/
571815,4022006480,Conopidae_Physocephala_vittata_3440263_4022006480,http://creativecommons.org/licenses/by/4.0/
571816,4022006480,Conopidae_Physocephala_vittata_3440264_4022006480,http://creativecommons.org/licenses/by/4.0/
571817,4022006480,Conopidae_Physocephala_vittata_3440265_4022006480,http://creativecommons.org/licenses/by/4.0/
571818,4022006480,Conopidae_Physocephala_vittata_3440266_4022006480,http://creativecommons.org/licenses/by/4.0/
571839,3355474780,Conopidae_Sicus_ferrugineus_3075010_3355474780,http://creativecommons.org/licenses/by-nc/4.0/
572065,3457145205,Conopidae_Leopoldius_signatus_2532966_3457145205,http://creativecommons.org/licenses/by-nc/4.0/
572950,3873324574,Conopidae_Physocephala_vittata_3348809_3873324574,http://creativecommons.org/licenses/by-nc/4.0/
572951,3873324574,Conopidae_Physocephala_vittata_3348810_3873324574,http://creativecommons.org/licenses/by-nc/4.0/
574100,3070270979,Conopidae_Physocephala_vittata_964874_3070270979,http://creativecommons.org/licenses/by-nc/4.0/
574101,3070270979,Conopidae_Physocephala_vittata_964875_3070270979,http://creativecommons.org/licenses/by-nc/4.0/
574878,3455242050,Conopidae_Physocephala_tibialis_1834952_3455242050,http://creativecommons.org/licenses/by-nc/4.0/
575360,3759079673,Conopidae_Physocephala_vittata_3301948_3759079673,http://creativecommons.org/licenses/by-nc/4.0/
576078,3455239469,Conopidae_Physocephala_tibialis_1834934_3455239469,http://creativecommons.org/licenses/by-nc/4.0/
576461,3743122386,Conopidae_Conops_quadrifasciatus_541871_3743122386,http://creativecommons.org/licenses/by-nc/4.0/
576512,3881769524,Conopidae_Physocephala_tibialis_598167_3881769524,http://creativecommons.org/licenses/by-nc/4.0/
577027,3456245722,Conopidae_Physocephala_tibialis_1840215_3456245722,http://creativecommons.org/licenses/by-nc/4.0/
577980,3455623615,Conopidae_Physocephala_tibialis_1837242_3455623615,http://creativecommons.org/licenses/by-nc/4.0/
578491,3391649861,Conopidae_Physocephala_vittata_1016433_3391649861,http://creativecommons.org/publicdomain/zero/1.0/
578609,3912169599,Conopidae_Leopoldius_signatus_2015050_3912169599,http://creativecommons.org/licenses/by-nc/4.0/
578610,3912169599,Conopidae_Leopoldius_signatus_2015051_3912169599,http://creativecommons.org/licenses/by-nc/4.0/
578761,4018118318,Conopidae_Physocephala_biguttata_2748204_4018118318,http://creativecommons.org/licenses/by-nc/4.0/
578859,3873457925,Conopidae_Physocephala_tibialis_1279903_3873457925,http://creativecommons.org/licenses/by-nc/4.0/
579271,3911976717,Conopidae_Physocephala_tibialis_3394026_3911976717,http://creativecommons.org/licenses/by-nc/4.0/
579324,3456654661,Conopidae_Physocephala_tibialis_2531072_3456654661,http://creativecommons.org/licenses/by-nc/4.0/
579392,3109198424,Conopidae_Physocephala_vittata_283217_3109198424,http://creativecommons.org/licenses/by-nc/4.0/
581105,2862527799,Conopidae_Conops_scutellatus_244076_2862527799,http://creativecommons.org/licenses/by/4.0/
581106,2862527799,Conopidae_Conops_scutellatus_244077_2862527799,http://creativecommons.org/licenses/by/4.0/
581111,2862527799,Conopidae_Conops_scutellatus_244082_2862527799,http://creativecommons.org/licenses/by/4.0/
581113,2862527799,Conopidae_Conops_scutellatus_244084_2862527799,http://creativecommons.org/licenses/by/4.0/
582349,2802856612,Conopidae_Conops_vesicularis_2959769_2802856612,http://creativecommons.org/licenses/by/4.0/
583535,3384829323,Conopidae_Thecophora_atra_3081865_3384829323,http://creativecommons.org/licenses/by-nc/4.0/
583536,3384829323,Conopidae_Thecophora_atra_3081866_3384829323,http://creativecommons.org/licenses/by-nc/4.0/
583537,3384829323,Conopidae_Thecophora_atra_3081867_3384829323,http://creativecommons.org/licenses/by-nc/4.0/
583538,3384829323,Conopidae_Thecophora_atra_3081868_3384829323,http://creativecommons.org/licenses/by-nc/4.0/
584837,3455974975,Conopidae_Physocephala_tibialis_459767_3455974975,http://creativecommons.org/licenses/by-nc/4.0/
586701,3124531347,Conopidae_Myopa_picta_2355688_3124531347,http://creativecommons.org/licenses/by-nc/4.0/
586702,3124531347,Conopidae_Myopa_picta_2355689_3124531347,http://creativecommons.org/licenses/by-nc/4.0/
586703,3124531347,Conopidae_Myopa_picta_2355690_3124531347,http://creativecommons.org/licenses/by-nc/4.0/
586704,3124531347,Conopidae_Myopa_picta_2355691_3124531347,http://creativecommons.org/licenses/by-nc/4.0/
587549,3759846463,Conopidae_Physocephala_rufipes_2613873_3759846463,http://creativecommons.org/licenses/by-nc/4.0/
588293,3860081743,Conopidae_Physocephala_tibialis_584031_3860081743,http://creativecommons.org/licenses/by-nc/4.0/
589033,2611302449,Conopidae_Myopa_vicaria_1567352_2611302449,http://creativecommons.org/licenses/by-nc/4.0/
589130,3383946482,Conopidae_Physocephala_vittata_1697621_3383946482,http://creativecommons.org/licenses/by/4.0/
589131,3383946482,Conopidae_Physocephala_vittata_1697622_3383946482,http://creativecommons.org/licenses/by/4.0/
589133,3383946482,Conopidae_Physocephala_vittata_1697624_3383946482,http://creativecommons.org/licenses/by/4.0/
590331,3415485568,Conopidae_Conops_flavipes_1711802_3415485568,http://creativecommons.org/licenses/by-nc/4.0/
590538,2901565360,Conopidae_Physocephala_vittata_250862_2901565360,http://creativecommons.org/licenses/by-nc/4.0/
590723,3355471373,Conopidae_Conops_vesicularis_3074981_3355471373,http://creativecommons.org/licenses/by-nc/4.0/
593669,1890063293,Conopidae_Physocephala_tibialis_773045_1890063293,http://creativecommons.org/publicdomain/zero/1.0/
593775,3888787562,Conopidae_Physocephala_tibialis_599581_3888787562,http://creativecommons.org/licenses/by-nc/4.0/
595635,3455167662,Conopidae_Physocephala_tibialis_1834283_3455167662,http://creativecommons.org/licenses/by-nc/4.0/
595743,3333217373,Conopidae_Conops_flavipes_3063335_3333217373,http://creativecommons.org/licenses/by-nc/4.0/
595975,3031634831,Conopidae_Conops_silaceus_1643858_3031634831,http://creativecommons.org/licenses/by-nc/4.0/
595976,3031634831,Conopidae_Conops_silaceus_1643859_3031634831,http://creativecommons.org/licenses/by-nc/4.0/
596333,3902296609,Conopidae_Conops_quadrifasciatus_2674212_3902296609,http://creativecommons.org/publicdomain/zero/1.0/
596846,3124542394,Conopidae_Myopa_buccata_1665980_3124542394,http://creativecommons.org/licenses/by-nc/4.0/
597410,3415839318,Conopidae_Myopa_vicaria_334530_3415839318,http://creativecommons.org/licenses/by-nc/4.0/
597411,3415839318,Conopidae_Myopa_vicaria_334531_3415839318,http://creativecommons.org/licenses/by-nc/4.0/
598343,3881814539,Conopidae_Physocephala_tibialis_1976796_3881814539,http://creativecommons.org/licenses/by-nc/4.0/
598691,3391668529,Conopidae_Physocephala_vittata_2394798_3391668529,http://creativecommons.org/licenses/by/4.0/
598693,3391668529,Conopidae_Physocephala_vittata_2394800_3391668529,http://creativecommons.org/licenses/by/4.0/
598902,3859168418,Conopidae_Physocephala_vittata_579825_3859168418,http://creativecommons.org/licenses/by/4.0/
598903,3859168418,Conopidae_Physocephala_vittata_579826_3859168418,http://creativecommons.org/licenses/by/4.0/
600365,1836676218,Conopidae_Physocephala_tibialis_2140131_1836676218,http://creativecommons.org/licenses/by-nc/4.0/
600785,3044649206,Conopidae_Conops_silaceus_959860_3044649206,http://creativecommons.org/licenses/by-nc/4.0/
600786,3044649206,Conopidae_Conops_silaceus_959861_3044649206,http://creativecommons.org/licenses/by-nc/4.0/
600787,3044649206,Conopidae_Conops_silaceus_959862_3044649206,http://creativecommons.org/licenses/by-nc/4.0/
600788,3044649206,Conopidae_Conops_silaceus_959863_3044649206,http://creativecommons.org/licenses/by-nc/4.0/
600789,3044649206,Conopidae_Conops_silaceus_959864_3044649206,http://creativecommons.org/licenses/by-nc/4.0/
600790,3044649206,Conopidae_Conops_silaceus_959865_3044649206,http://creativecommons.org/licenses/by-nc/4.0/
600791,3044649206,Conopidae_Conops_silaceus_959866_3044649206,http://creativecommons.org/licenses/by-nc/4.0/
603284,3112316644,Conopidae_Myopa_picta_283765_3112316644,http://creativecommons.org/licenses/by-nc/4.0/
603855,3859122413,Conopidae_Abrachyglossum_capitatum_579645_3859122413,http://creativecommons.org/licenses/by-nc/4.0/
603949,3455643655,Conopidae_Leopoldius_signatus_2526420_3455643655,http://creativecommons.org/licenses/by-nc/4.0/
604643,3355343088,Conopidae_Conops_flavipes_316003_3355343088,http://creativecommons.org/licenses/by-nc/4.0/
604848,3118504617,Conopidae_Conops_vesicularis_3046075_3118504617,http://creativecommons.org/licenses/by/4.0/
604853,3118504617,Conopidae_Conops_vesicularis_3046080_3118504617,http://creativecommons.org/licenses/by/4.0/
605020,3759079643,Conopidae_Physocephala_rufipes_1232663_3759079643,http://creativecommons.org/licenses/by-nc/4.0/
607214,3903142744,Conopidae_Physocephala_tibialis_1300045_3903142744,http://creativecommons.org/licenses/by-nc/4.0/
607618,3097038639,Conopidae_Myopa_dorsalis_971720_3097038639,http://creativecommons.org/licenses/by/4.0/
607619,3097038639,Conopidae_Myopa_dorsalis_971721_3097038639,http://creativecommons.org/licenses/by/4.0/
607756,3328043622,Conopidae_Physocephala_tibialis_300951_3328043622,http://creativecommons.org/licenses/by-nc/4.0/
608333,3858238781,Conopidae_Physocephala_tibialis_575414_3858238781,http://creativecommons.org/licenses/by-nc/4.0/
608898,2802580606,Conopidae_Conops_vesicularis_890418_2802580606,http://creativecommons.org/licenses/by/4.0/
609479,3031628876,Conopidae_Physocephala_vittata_3023766_3031628876,http://creativecommons.org/licenses/by-nc/4.0/
610642,3466031628,Conopidae_Myopa_picta_1845498_3466031628,http://creativecommons.org/licenses/by-nc/4.0/
610643,3466031628,Conopidae_Myopa_picta_1845499_3466031628,http://creativecommons.org/licenses/by-nc/4.0/
611336,3712458407,Conopidae_Physocephala_tibialis_1163898_3712458407,http://creativecommons.org/licenses/by-nc/4.0/
611340,3881366582,Conopidae_Physocephala_vittata_1974674_3881366582,http://creativecommons.org/licenses/by/4.0/
611341,3881366582,Conopidae_Physocephala_vittata_1974675_3881366582,http://creativecommons.org/licenses/by/4.0/
611342,3881366582,Conopidae_Physocephala_vittata_1974676_3881366582,http://creativecommons.org/licenses/by/4.0/
611343,3881366582,Conopidae_Physocephala_vittata_1974677_3881366582,http://creativecommons.org/licenses/by/4.0/
611344,3881366582,Conopidae_Physocephala_vittata_1974678_3881366582,http://creativecommons.org/licenses/by/4.0/
611345,3881366582,Conopidae_Physocephala_vittata_1974679_3881366582,http://creativecommons.org/licenses/by/4.0/
611346,3881366582,Conopidae_Physocephala_vittata_1974680_3881366582,http://creativecommons.org/licenses/by/4.0/
611347,3881366582,Conopidae_Physocephala_vittata_1974681_3881366582,http://creativecommons.org/licenses/by/4.0/
612503,4018296330,Conopidae_Physocephala_biguttata_3439367_4018296330,http://creativecommons.org/licenses/by-nc/4.0/
613411,2445119444,Conopidae_Physocephala_vittata_162517_2445119444,http://creativecommons.org/licenses/by-nc/4.0/
615849,3456540966,Conopidae_Physocephala_rufipes_462172_3456540966,http://creativecommons.org/licenses/by-nc/4.0/
616004,3873886538,Conopidae_Physocephala_vittata_1971359_3873886538,http://creativecommons.org/licenses/by-nc-nd/4.0/
616499,3455249500,Conopidae_Physocephala_tibialis_3214362_3455249500,http://creativecommons.org/licenses/by-nc/4.0/
616899,3031662907,Conopidae_Conops_flavifrons_1644177_3031662907,http://creativecommons.org/licenses/by-nc/4.0/
617096,3307196806,Conopidae_Dalmannia_dorsalis_2360436_3307196806,http://creativecommons.org/licenses/by-nc/4.0/
617097,3307196806,Conopidae_Dalmannia_dorsalis_2360437_3307196806,http://creativecommons.org/licenses/by-nc/4.0/
617358,3858696569,Conopidae_Myopa_mixta_1956049_3858696569,http://creativecommons.org/licenses/by-nc/4.0/
618715,3785022367,Conopidae_Conops_quadrifasciatus_556023_3785022367,http://creativecommons.org/licenses/by-nc/4.0/
621279,3858249701,Conopidae_Physocephala_tibialis_3333976_3858249701,http://creativecommons.org/licenses/by-nc/4.0/
622195,3873024857,Conopidae_Physocephala_tibialis_588753_3873024857,http://creativecommons.org/licenses/by-nc/4.0/
622900,3335103821,Conopidae_Physocephala_vittata_306218_3335103821,http://creativecommons.org/licenses/by-nc/4.0/
622953,3785033953,Conopidae_Conops_vesicularis_2623648_3785033953,http://creativecommons.org/licenses/by-nc/4.0/
624206,3902401932,Conopidae_Sicus_ferrugineus_607322_3902401932,http://creativecommons.org/licenses/by-nc/4.0/
624276,1890672409,Conopidae_Physocephala_tibialis_773228_1890672409,http://creativecommons.org/licenses/by/4.0/
627115,3335065717,Conopidae_Conops_scutellatus_995964_3335065717,http://creativecommons.org/licenses/by-nc/4.0/
627214,3031594848,Conopidae_Conops_silaceus_264925_3031594848,http://creativecommons.org/licenses/by-nc/4.0/
627286,4021988468,Conopidae_Abrachyglossum_capitatum_2750102_4021988468,http://creativecommons.org/licenses/by-nc/4.0/
627948,3338127529,Conopidae_Conops_flavipes_1002037_3338127529,http://creativecommons.org/licenses/by-nc/4.0/
627950,3338127529,Conopidae_Conops_flavipes_1002039_3338127529,http://creativecommons.org/licenses/by-nc/4.0/
628895,3468731445,Conopidae_Physocephala_vittata_467985_3468731445,http://creativecommons.org/publicdomain/zero/1.0/
629445,1948741823,Conopidae_Conops_quadrifasciatus_2844923_1948741823,http://creativecommons.org/licenses/by-nc/4.0/
629504,2397486314,Conopidae_Physocephala_tibialis_150764_2397486314,http://creativecommons.org/licenses/by-nc/4.0/
629670,2465204373,Conopidae_Physocephala_tibialis_164630_2465204373,http://creativecommons.org/licenses/by-nc/4.0/
629689,4006571365,Conopidae_Physocephala_pusilla_2051854_4006571365,http://creativecommons.org/licenses/by-nc/4.0/
630761,3355069395,Conopidae_Conops_quadrifasciatus_3073203_3355069395,http://creativecommons.org/licenses/by-nc/4.0/
630764,3355069395,Conopidae_Conops_quadrifasciatus_3073206_3355069395,http://creativecommons.org/licenses/by-nc/4.0/
630935,3327740566,Conopidae_Sicus_ferrugineus_299521_3327740566,http://creativecommons.org/licenses/by-nc/4.0/
631412,3858468611,Conopidae_Sicus_ferrugineus_1954829_3858468611,http://creativecommons.org/licenses/by-nc/4.0/
631954,3455220556,Conopidae_Physocephala_tibialis_3214078_3455220556,http://creativecommons.org/licenses/by-nc/4.0/
632268,3455218335,Conopidae_Physocephala_tibialis_1145371_3455218335,http://creativecommons.org/licenses/by-nc/4.0/
632375,4018168511,Conopidae_Myopa_vicaria_2748551_4018168511,http://creativecommons.org/licenses/by-nc/4.0/
632376,4018168511,Conopidae_Myopa_vicaria_2748552_4018168511,http://creativecommons.org/licenses/by-nc/4.0/
632378,4018168511,Conopidae_Myopa_vicaria_2748554_4018168511,http://creativecommons.org/licenses/by-nc/4.0/
632379,4018168511,Conopidae_Myopa_vicaria_2748555_4018168511,http://creativecommons.org/licenses/by-nc/4.0/
632722,3859955708,Conopidae_Physocephala_tibialis_1272645_3859955708,http://creativecommons.org/licenses/by-nc/4.0/
632882,2992845830,Conopidae_Conops_silaceus_259042_2992845830,http://creativecommons.org/licenses/by-nc/4.0/
632899,3994114725,Conopidae_Myopa_stigma_3421100_3994114725,http://creativecommons.org/licenses/by-nc/4.0/
632900,3994114725,Conopidae_Myopa_stigma_3421101_3994114725,http://creativecommons.org/licenses/by-nc/4.0/
633513,3873980795,Conopidae_Abrachyglossum_capitatum_1971760_3873980795,http://creativecommons.org/licenses/by-nc/4.0/
633520,3873980795,Conopidae_Abrachyglossum_capitatum_1971767_3873980795,http://creativecommons.org/licenses/by-nc/4.0/
633522,3873980795,Conopidae_Abrachyglossum_capitatum_1971769_3873980795,http://creativecommons.org/licenses/by-nc/4.0/
633870,2401814698,Conopidae_Conops_flavipes_2910935_2401814698,© All rights reserved
634078,2579128597,Conopidae_Thecophora_jakutica_873577_2579128597,© All rights reserved
634079,2579128597,Conopidae_Thecophora_jakutica_873578_2579128597,© All rights reserved
634080,2579128597,Conopidae_Thecophora_jakutica_873579_2579128597,© All rights reserved
634081,2579128597,Conopidae_Thecophora_jakutica_873580_2579128597,© All rights reserved
634082,2579128597,Conopidae_Thecophora_jakutica_873581_2579128597,© All rights reserved
634083,2579128597,Conopidae_Thecophora_jakutica_873582_2579128597,© All rights reserved
634156,2401747740,Conopidae_Myopa_tessellatipennis_1531256_2401747740,© All rights reserved
634165,1844059533,Conopidae_Leopoldius_signatus_763792_1844059533,© All rights reserved
634250,1899631984,Conopidae_Conops_quadrifasciatus_2841666_1899631984,© All rights reserved
634915,2626423566,Conopidae_Myopa_buccata_1569835_2626423566,http://creativecommons.org/licenses/by-nc/4.0/
635133,3881567784,Conopidae_Physocephala_tibialis_3356060_3881567784,http://creativecommons.org/licenses/by-nc/4.0/
635337,3874200722,Conopidae_Physocephala_tibialis_594472_3874200722,http://creativecommons.org/licenses/by-nc/4.0/
635790,3912092710,Conopidae_Physocephala_tibialis_2014657_3912092710,http://creativecommons.org/licenses/by-nc/4.0/
636284,3902356223,Conopidae_Physocephala_tibialis_1985150_3902356223,http://creativecommons.org/licenses/by-nc/4.0/
636323,3455238384,Conopidae_Physocephala_tibialis_1834918_3455238384,http://creativecommons.org/licenses/by-nc-nd/4.0/
636519,3320902302,Conopidae_Thecophora_atra_295665_3320902302,http://creativecommons.org/licenses/by-nc-sa/4.0/
636537,3079578270,Conopidae_Myopa_dorsalis_967170_3079578270,http://creativecommons.org/licenses/by-nc/4.0/
636538,3079578270,Conopidae_Myopa_dorsalis_967171_3079578270,http://creativecommons.org/licenses/by-nc/4.0/
636539,3079578270,Conopidae_Myopa_dorsalis_967172_3079578270,http://creativecommons.org/licenses/by-nc/4.0/
636540,3079578270,Conopidae_Myopa_dorsalis_967173_3079578270,http://creativecommons.org/licenses/by-nc/4.0/
637083,3455614883,Conopidae_Physocephala_tibialis_3216578_3455614883,http://creativecommons.org/licenses/by-nc/4.0/
638022,3873551230,Conopidae_Sicus_ferrugineus_591367_3873551230,http://creativecommons.org/licenses/by-nc/4.0/
638455,1459586918,Conopidae_Myopa_buccata_2806022_1459586918,© all rights reserved
639238,3906424598,Conopidae_Abrachyglossum_capitatum_1317771_3906424598,http://creativecommons.org/licenses/by-nc-nd/4.0/
639239,3906424598,Conopidae_Abrachyglossum_capitatum_1317772_3906424598,http://creativecommons.org/licenses/by-nc-nd/4.0/
639413,1970410519,Conopidae_Myopa_testacea_2873451_1970410519,http://creativecommons.org/licenses/by-nc-nd/4.0/
640416,3904860414,Conopidae_Physocephala_rufipes_2687300_3904860414,http://creativecommons.org/licenses/by-nc-nd/4.0/
640779,3906643697,Conopidae_Conops_scutellatus_3388344_3906643697,http://creativecommons.org/licenses/by-nc-nd/4.0/
641066,2844146576,Conopidae_Conops_vesicularis_231628_2844146576,http://creativecommons.org/licenses/by-nc-sa/4.0/
641117,3904017143,Conopidae_Myopa_pellucida_1303375_3904017143,http://creativecommons.org/licenses/by-nc-nd/4.0/
642045,2841082030,Conopidae_Myopa_tessellatipennis_2983413_2841082030,http://creativecommons.org/licenses/by-nc-nd/4.0/
642422,1959794713,Conopidae_Physocephala_rufipes_2168296_1959794713,http://creativecommons.org/licenses/by-nc-nd/4.0/
642615,3904462698,Conopidae_Sicus_ferrugineus_617485_3904462698,http://creativecommons.org/licenses/by-nc-sa/4.0/
642667,1953040085,Conopidae_Thecophora_cinerascens_2847618_1953040085,http://creativecommons.org/licenses/by-nc-nd/4.0/
642668,1953040085,Conopidae_Thecophora_cinerascens_2847619_1953040085,http://creativecommons.org/licenses/by-nc-nd/4.0/
642669,1953040085,Conopidae_Thecophora_cinerascens_2847620_1953040085,http://creativecommons.org/licenses/by-nc-nd/4.0/
642943,2867009405,Conopidae_Thecophora_atra_2314033_2867009405,© All rights reserved
642944,2867009405,Conopidae_Thecophora_atra_2314034_2867009405,© All rights reserved
642945,2867009405,Conopidae_Thecophora_atra_2314035_2867009405,© All rights reserved
642946,2867009405,Conopidae_Thecophora_atra_2314036_2867009405,© All rights reserved
642947,2867009405,Conopidae_Thecophora_atra_2314037_2867009405,© All rights reserved
643335,2404789060,Conopidae_Conops_strigatus_2221015_2404789060,© All rights reserved
643336,2404789060,Conopidae_Conops_strigatus_2221016_2404789060,© All rights reserved
643337,2404789060,Conopidae_Conops_strigatus_2221017_2404789060,© All rights reserved
644251,4013049333,Conopidae_Myopa_testacea_3436911_4013049333,© All rights reserved
644494,2358320022,Conopidae_Conops_strigatus_2217716_2358320022,© All rights reserved
644672,1935063344,Conopidae_Leopoldius_calceatus_1464808_1935063344,© All rights reserved
644673,1935063344,Conopidae_Leopoldius_calceatus_1464809_1935063344,© All rights reserved
644674,1935063344,Conopidae_Leopoldius_calceatus_1464810_1935063344,© All rights reserved
644675,1935063344,Conopidae_Leopoldius_calceatus_1464811_1935063344,© All rights reserved
645013,3873229840,Conopidae_Conops_flavipes_3348279_3873229840,http://creativecommons.org/licenses/by-nc/4.0/
645014,3873229840,Conopidae_Conops_flavipes_3348280_3873229840,http://creativecommons.org/licenses/by-nc/4.0/
645134,3333451376,Conopidae_Conops_quadrifasciatus_1684128_3333451376,http://creativecommons.org/licenses/by-nc/4.0/
645259,3017964373,Conopidae_Sicus_ferrugineus_1641524_3017964373,http://creativecommons.org/licenses/by-nc/4.0/
645547,2236299649,Conopidae_Conops_ceriaeformis_134741_2236299649,http://creativecommons.org/licenses/by/4.0/
645656,4006538722,Conopidae_Physocephala_vittata_2051704_4006538722,http://creativecommons.org/licenses/by-nc/4.0/
645657,4006538722,Conopidae_Physocephala_vittata_2051705_4006538722,http://creativecommons.org/licenses/by-nc/4.0/
646671,3415668302,Conopidae_Myopa_vicaria_1023613_3415668302,http://creativecommons.org/licenses/by-nc-sa/4.0/
646672,3415668302,Conopidae_Myopa_vicaria_1023614_3415668302,http://creativecommons.org/licenses/by-nc-sa/4.0/
647428,3879025304,Conopidae_Conops_quadrifasciatus_594626_3879025304,© All rights reserved
647499,2403359896,Conopidae_Conops_strigatus_1531650_2403359896,© All rights reserved
647500,2403359896,Conopidae_Conops_strigatus_1531651_2403359896,© All rights reserved
647501,2403359896,Conopidae_Conops_strigatus_1531652_2403359896,© All rights reserved
647506,1883065416,Conopidae_Conops_flavipes_2148628_1883065416,© All rights reserved
647627,2406030099,Conopidae_Conops_flavipes_2221305_2406030099,© All rights reserved
647628,2406030099,Conopidae_Conops_flavipes_2221306_2406030099,© All rights reserved
648329,2411453292,Conopidae_Conops_flavipes_154669_2411453292,© All rights reserved
648408,1899669966,Conopidae_Conops_strigatus_83252_1899669966,© All rights reserved
648409,1899669966,Conopidae_Conops_strigatus_83253_1899669966,© All rights reserved
648410,1899669966,Conopidae_Conops_strigatus_83254_1899669966,© All rights reserved
649654,3725572793,Conopidae_Conops_vesicularis_2577523_3725572793,http://creativecommons.org/licenses/by-nc-nd/4.0/
649833,3716335712,Conopidae_Myopa_tessellatipennis_476807_3716335712,http://creativecommons.org/licenses/by/4.0/
651151,3723441339,Conopidae_Leopoldius_signatus_507748_3723441339,http://creativecommons.org/licenses/by-nc-nd/4.0/
651152,3723441339,Conopidae_Leopoldius_signatus_507749_3723441339,http://creativecommons.org/licenses/by-nc-nd/4.0/
651153,3723441339,Conopidae_Leopoldius_signatus_507750_3723441339,http://creativecommons.org/licenses/by-nc-nd/4.0/
651154,3723441339,Conopidae_Leopoldius_signatus_507751_3723441339,http://creativecommons.org/licenses/by-nc-nd/4.0/
651155,3723441339,Conopidae_Leopoldius_signatus_507752_3723441339,http://creativecommons.org/licenses/by-nc-nd/4.0/
652309,2840111442,Conopidae_Myopa_buccata_2291671_2840111442,http://creativecommons.org/licenses/by-nc-nd/4.0/
652725,3904876056,Conopidae_Myopa_tessellatipennis_1998016_3904876056,http://creativecommons.org/licenses/by-nc/4.0/
653009,1969130670,Conopidae_Physocephala_rufipes_802682_1969130670,http://creativecommons.org/licenses/by-nc-nd/4.0/
653219,3906642063,Conopidae_Conops_quadrifasciatus_630468_3906642063,http://creativecommons.org/licenses/by-nc-nd/4.0/
653678,2840352353,Conopidae_Abrachyglossum_capitatum_914212_2840352353,http://creativecommons.org/licenses/by-nc/4.0/
653865,3338560362,Conopidae_Thecophora_atra_1690652_3338560362,© All rights reserved
653886,2579030435,Conopidae_Thecophora_fulvipes_2941620_2579030435,© All rights reserved
653887,2579030435,Conopidae_Thecophora_fulvipes_2941621_2579030435,© All rights reserved
653888,2579030435,Conopidae_Thecophora_fulvipes_2941622_2579030435,© All rights reserved
653889,2579030435,Conopidae_Thecophora_fulvipes_2941623_2579030435,© All rights reserved
653890,2579030435,Conopidae_Thecophora_fulvipes_2941624_2579030435,© All rights reserved
653891,2579030435,Conopidae_Thecophora_fulvipes_2941625_2579030435,© All rights reserved
654190,3803884307,Conopidae_Myopa_buccata_3316197_3803884307,© All rights reserved
654308,2406451933,Conopidae_Conops_strigatus_1532417_2406451933,http://creativecommons.org/licenses/by/4.0/
654761,2814074140,Conopidae_Conops_scutellatus_2272494_2814074140,http://creativecommons.org/licenses/by-nc/4.0/
655749,4022027361,Conopidae_Melanosoma_bicolor_682736_4022027361,http://creativecommons.org/licenses/by-nc/4.0/
655750,4022027361,Conopidae_Melanosoma_bicolor_682737_4022027361,http://creativecommons.org/licenses/by-nc/4.0/
655901,3112723435,Conopidae_Dalmannia_aculeata_284643_3112723435,http://creativecommons.org/licenses/by-nc/4.0/
656416,4018236669,Conopidae_Thecophora_atra_2748930_4018236669,http://creativecommons.org/licenses/by-nc/4.0/
656417,4018236669,Conopidae_Thecophora_atra_2748931_4018236669,http://creativecommons.org/licenses/by-nc/4.0/
656418,4018236669,Conopidae_Thecophora_atra_2748932_4018236669,http://creativecommons.org/licenses/by-nc/4.0/
656419,4018236669,Conopidae_Thecophora_atra_2748933_4018236669,http://creativecommons.org/licenses/by-nc/4.0/
658141,3872922151,Conopidae_Sicus_ogumae_2655704_3872922151,http://creativecommons.org/licenses/by-nc/4.0/
658142,3872922151,Conopidae_Sicus_ogumae_2655705_3872922151,http://creativecommons.org/licenses/by-nc/4.0/
658143,3872922151,Conopidae_Sicus_ogumae_2655706_3872922151,http://creativecommons.org/licenses/by-nc/4.0/
658144,3872922151,Conopidae_Sicus_ogumae_2655707_3872922151,http://creativecommons.org/licenses/by-nc/4.0/
658145,3872922151,Conopidae_Sicus_ogumae_2655708_3872922151,http://creativecommons.org/licenses/by-nc/4.0/
658391,2873786546,Conopidae_Physocephala_tibialis_247276_2873786546,http://creativecommons.org/licenses/by-nc/4.0/
658992,3355603912,Conopidae_Conops_scutellatus_317234_3355603912,http://creativecommons.org/licenses/by-nc/4.0/
659163,3873173484,Conopidae_Physocephala_tibialis_1278607_3873173484,http://creativecommons.org/licenses/by-nc/4.0/
659488,3904970148,Conopidae_Physocephala_rufipes_3378455_3904970148,http://creativecommons.org/licenses/by-nc-nd/4.0/
659939,1962710685,Conopidae_Conops_flavipes_2171685_1962710685,http://creativecommons.org/licenses/by-nc-nd/4.0/
659993,2844736000,Conopidae_Physocephala_rufipes_1612130_2844736000,http://creativecommons.org/licenses/by-nc-nd/4.0/
660197,1960197897,Conopidae_Myopa_testacea_2169111_1960197897,http://creativecommons.org/licenses/by-nc-nd/4.0/
660863,1964017774,Conopidae_Physocephala_rufipes_794904_1964017774,http://creativecommons.org/licenses/by-nc-nd/4.0/
660866,1964017774,Conopidae_Physocephala_rufipes_794907_1964017774,http://creativecommons.org/licenses/by-nc-nd/4.0/
661415,2841097202,Conopidae_Physocephala_vittata_915191_2841097202,http://creativecommons.org/licenses/by-nc/4.0/
661416,2841097202,Conopidae_Physocephala_vittata_915192_2841097202,http://creativecommons.org/licenses/by-nc/4.0/
661948,1966803524,Conopidae_Myopa_testacea_800526_1966803524,http://creativecommons.org/licenses/by-nc/4.0/
662609,3729983337,Conopidae_Sicus_ferrugineus_3283723_3729983337,http://creativecommons.org/licenses/by-nc-nd/4.0/
662774,3716067714,Conopidae_Conops_vitellinus_3234732_3716067714,http://creativecommons.org/licenses/by-nc/4.0/
662775,3716067714,Conopidae_Conops_vitellinus_3234733_3716067714,http://creativecommons.org/licenses/by-nc/4.0/
662776,3716067714,Conopidae_Conops_vitellinus_3234734_3716067714,http://creativecommons.org/licenses/by-nc/4.0/
662777,3716067714,Conopidae_Conops_vitellinus_3234735_3716067714,http://creativecommons.org/licenses/by-nc/4.0/
662778,3716067714,Conopidae_Conops_vitellinus_3234736_3716067714,http://creativecommons.org/licenses/by-nc/4.0/
663086,3720884353,Conopidae_Conops_vesicularis_1871396_3720884353,http://creativecommons.org/licenses/by/4.0/
663087,3720884353,Conopidae_Conops_vesicularis_1871397_3720884353,http://creativecommons.org/licenses/by/4.0/
663694,1965792875,Conopidae_Sicus_ferrugineus_798072_1965792875,http://creativecommons.org/licenses/by-nc-sa/4.0/
664476,2992808930,Conopidae_Myopa_dorsalis_258922_2992808930,http://creativecommons.org/licenses/by-nc/4.0/
664477,2992808930,Conopidae_Myopa_dorsalis_258923_2992808930,http://creativecommons.org/licenses/by-nc/4.0/
665341,2236297173,Conopidae_Leopoldius_signatus_134727_2236297173,http://creativecommons.org/licenses/by/4.0/
669122,1964272468,Conopidae_Myopa_testacea_2862859_1964272468,http://creativecommons.org/licenses/by-nc-nd/4.0/
669225,1973834385,Conopidae_Myopa_vicaria_1499029_1973834385,http://creativecommons.org/licenses/by-nc-sa/4.0/
669226,1973834385,Conopidae_Myopa_vicaria_1499030_1973834385,http://creativecommons.org/licenses/by-nc-sa/4.0/
669227,1973834385,Conopidae_Myopa_vicaria_1499031_1973834385,http://creativecommons.org/licenses/by-nc-sa/4.0/
669720,3823854465,Conopidae_Myopa_vicaria_2630160_3823854465,http://creativecommons.org/licenses/by-nc-nd/4.0/
670161,3719712381,Conopidae_Myopa_testacea_2557213_3719712381,http://creativecommons.org/licenses/by-nd/4.0/
670442,2842809134,Conopidae_Sicus_ferrugineus_1608356_2842809134,http://creativecommons.org/licenses/by-nc-nd/4.0/
671546,1955361796,Conopidae_Sicus_ferrugineus_2161015_1955361796,http://creativecommons.org/licenses/by-nc-nd/4.0/
672424,1967077835,Conopidae_Myopa_tessellatipennis_110277_1967077835,http://creativecommons.org/licenses/by-nc-nd/4.0/
673796,3730076157,Conopidae_Physocephala_rufipes_1904062_3730076157,http://creativecommons.org/licenses/by-nc-nd/4.0/
674779,3730086910,Conopidae_Physocephala_rufipes_525871_3730086910,http://creativecommons.org/licenses/by-nc-nd/4.0/
675408,3726615894,Conopidae_Conops_vesicularis_3272522_3726615894,http://creativecommons.org/licenses/by-nc-nd/4.0/
675772,3907208017,Conopidae_Physocephala_rufipes_2701151_3907208017,http://creativecommons.org/licenses/by-nc-nd/4.0/
675797,3726333098,Conopidae_Leopoldius_coronatus_1891494_3726333098,http://creativecommons.org/licenses/by-nc-nd/4.0/
676024,3715575942,Conopidae_Thecophora_cinerascens_475606_3715575942,http://creativecommons.org/licenses/by-nc-nd/4.0/
676025,3715575942,Conopidae_Thecophora_cinerascens_475607_3715575942,http://creativecommons.org/licenses/by-nc-nd/4.0/
676026,3715575942,Conopidae_Thecophora_cinerascens_475608_3715575942,http://creativecommons.org/licenses/by-nc-nd/4.0/
676062,2840588650,Conopidae_Conops_scutellatus_1603090_2840588650,http://creativecommons.org/licenses/by-nc-nd/4.0/
677025,3433392841,Conopidae_Conops_quadrifasciatus_2405845_3433392841,© all rights reserved
677100,3391480352,Conopidae_Physocephala_nigra_3084427_3391480352,http://creativecommons.org/publicdomain/zero/1.0/
677101,3391480352,Conopidae_Physocephala_nigra_3084428_3391480352,http://creativecommons.org/publicdomain/zero/1.0/
677633,3355327171,Conopidae_Leopoldius_signatus_315931_3355327171,http://creativecommons.org/licenses/by-nc/4.0/
677634,3355327171,Conopidae_Leopoldius_signatus_315932_3355327171,http://creativecommons.org/licenses/by-nc/4.0/
677943,2417781719,Conopidae_Leopoldius_signatus_2222930_2417781719,© all rights reserved
677944,2417781719,Conopidae_Leopoldius_signatus_2222931_2417781719,© all rights reserved
678308,1884629000,Conopidae_Thecophora_fulvipes_772729_1884629000,© all rights reserved
678309,1884629000,Conopidae_Thecophora_fulvipes_772730_1884629000,© all rights reserved
678861,2809549649,Conopidae_Dalmannia_punctata_893818_2809549649,© all rights reserved
678862,2809549649,Conopidae_Dalmannia_punctata_893819_2809549649,© all rights reserved
678863,2809549649,Conopidae_Dalmannia_punctata_893820_2809549649,© all rights reserved
678921,1459900738,Conopidae_Myopa_buccata_2806852_1459900738,© all rights reserved
678957,1459859241,Conopidae_Myopa_buccata_739182_1459859241,© all rights reserved
679114,1989783242,Conopidae_Leopoldius_signatus_2888026_1989783242,http://creativecommons.org/licenses/by/4.0/
679115,1989783242,Conopidae_Leopoldius_signatus_2888027_1989783242,http://creativecommons.org/licenses/by/4.0/
679116,1989783242,Conopidae_Leopoldius_signatus_2888028_1989783242,http://creativecommons.org/licenses/by/4.0/
679117,1989783242,Conopidae_Leopoldius_signatus_2888029_1989783242,http://creativecommons.org/licenses/by/4.0/
679118,1989783242,Conopidae_Leopoldius_signatus_2888030_1989783242,http://creativecommons.org/licenses/by/4.0/
679119,1989783242,Conopidae_Leopoldius_signatus_2888031_1989783242,http://creativecommons.org/licenses/by/4.0/
679512,3858593998,Conopidae_Physocephala_biguttata_3335770_3858593998,http://creativecommons.org/licenses/by-nc/4.0/
681010,3925000370,Conopidae_Physocephala_tibialis_647024_3925000370,http://creativecommons.org/licenses/by-nc/4.0/
681229,3465921667,Conopidae_Physocephala_vittata_1844992_3465921667,http://creativecommons.org/licenses/by-nc/4.0/
681979,2247844557,Conopidae_Myopa_testacea_2895823_2247844557,http://creativecommons.org/licenses/by/4.0/
683272,2835918439,Conopidae_Myopa_vicaria_907283_2835918439,http://creativecommons.org/licenses/by-nc-nd/4.0/
683448,3726970797,Conopidae_Myopa_pellucida_515914_3726970797,http://creativecommons.org/licenses/by-nc-nd/4.0/
683810,1970778904,Conopidae_Myopa_tessellatipennis_2874173_1970778904,http://creativecommons.org/licenses/by-nc-nd/4.0/
684084,1952497397,Conopidae_Conops_scutellatus_2156513_1952497397,http://creativecommons.org/licenses/by-nc/4.0/
684290,3904531049,Conopidae_Sicus_ferrugineus_1995997_3904531049,http://creativecommons.org/licenses/by-nc-nd/4.0/
685050,1958203040,Conopidae_Myopa_tessellatipennis_97475_1958203040,http://creativecommons.org/licenses/by-nc-nd/4.0/
685053,1958203040,Conopidae_Myopa_tessellatipennis_97478_1958203040,http://creativecommons.org/licenses/by-nc-nd/4.0/
685130,1964239524,Conopidae_Myopa_testacea_104361_1964239524,http://creativecommons.org/licenses/by-nc/4.0/
685751,3905597743,Conopidae_Conops_scutellatus_1312905_3905597743,http://creativecommons.org/licenses/by-nc-nd/4.0/
686349,3907458420,Conopidae_Physocephala_rufipes_2702507_3907458420,http://creativecommons.org/licenses/by-nc-nd/4.0/
686936,3859072527,Conopidae_Physocephala_tibialis_579418_3859072527,http://creativecommons.org/licenses/by-nc/4.0/
687402,2397473262,Conopidae_Physocephala_vittata_2218506_2397473262,http://creativecommons.org/licenses/by-nc/4.0/
687404,2397473262,Conopidae_Physocephala_vittata_2218508_2397473262,http://creativecommons.org/licenses/by-nc/4.0/
687617,2331890144,Conopidae_Physocephala_tibialis_2216722_2331890144,http://creativecommons.org/licenses/by-nc/4.0/
689332,3384383877,Conopidae_Conops_quadrifasciatus_2389372_3384383877,http://creativecommons.org/licenses/by-nc/4.0/
689787,2992715430,Conopidae_Physocephala_rufipes_1636961_2992715430,http://creativecommons.org/licenses/by-nc/4.0/
691331,4015252395,Conopidae_Physocephala_biguttata_2057852_4015252395,http://creativecommons.org/licenses/by-nc/4.0/
691332,4015252395,Conopidae_Physocephala_biguttata_2057853_4015252395,http://creativecommons.org/licenses/by-nc/4.0/
692317,3728770478,Conopidae_Myopa_testacea_2589391_3728770478,http://creativecommons.org/licenses/by-nc-nd/4.0/
692978,2843343094,Conopidae_Myopa_testacea_2298357_2843343094,http://creativecommons.org/licenses/by-nc-nd/4.0/
694151,1964070437,Conopidae_Conops_flavipes_794943_1964070437,http://creativecommons.org/licenses/by-nc-sa/4.0/
694903,2626524764,Conopidae_Conops_vesicularis_2949209_2626524764,http://creativecommons.org/licenses/by-nc/4.0/
697002,2980828469,Conopidae_Physocephala_tibialis_2323768_2980828469,http://creativecommons.org/licenses/by-nc/4.0/
697215,3384201677,Conopidae_Physocephala_vittata_320427_3384201677,http://creativecommons.org/licenses/by-nc/4.0/
697216,3384201677,Conopidae_Physocephala_vittata_320428_3384201677,http://creativecommons.org/licenses/by-nc/4.0/
698615,3864315419,Conopidae_Conops_flavipes_2655201_3864315419,http://creativecommons.org/licenses/by-nc-sa/4.0/
699517,3995234962,Conopidae_Leopoldius_calceatus_2733220_3995234962,http://creativecommons.org/licenses/by/4.0/
699518,3995234962,Conopidae_Leopoldius_calceatus_2733221_3995234962,http://creativecommons.org/licenses/by/4.0/
699519,3995234962,Conopidae_Leopoldius_calceatus_2733222_3995234962,http://creativecommons.org/licenses/by/4.0/
699582,1965129491,Conopidae_Zodion_kroeberi_1484852_1965129491,http://creativecommons.org/licenses/by-nc-nd/4.0/
699583,1965129491,Conopidae_Zodion_kroeberi_1484853_1965129491,http://creativecommons.org/licenses/by-nc-nd/4.0/
699584,1965129491,Conopidae_Zodion_kroeberi_1484854_1965129491,http://creativecommons.org/licenses/by-nc-nd/4.0/
699585,1965129491,Conopidae_Zodion_kroeberi_1484855_1965129491,http://creativecommons.org/licenses/by-nc-nd/4.0/
700336,3723264845,Conopidae_Zodion_kroeberi_507416_3723264845,http://creativecommons.org/licenses/by-nc-nd/4.0/
700337,3723264845,Conopidae_Zodion_kroeberi_507417_3723264845,http://creativecommons.org/licenses/by-nc-nd/4.0/
700338,3723264845,Conopidae_Zodion_kroeberi_507418_3723264845,http://creativecommons.org/licenses/by-nc-nd/4.0/
700666,3719826752,Conopidae_Myopa_testacea_1178506_3719826752,http://creativecommons.org/licenses/by-nc-nd/4.0/
700682,3725357379,Conopidae_Abrachyglossum_capitatum_3267470_3725357379,http://creativecommons.org/licenses/by-nc-nd/4.0/
700684,3725357379,Conopidae_Abrachyglossum_capitatum_3267472_3725357379,http://creativecommons.org/licenses/by-nc-nd/4.0/
700934,3904677239,Conopidae_Abrachyglossum_capitatum_3376836_3904677239,http://creativecommons.org/licenses/by-nc-nd/4.0/
701299,3721479736,Conopidae_Sicus_ferrugineus_2564664_3721479736,http://creativecommons.org/licenses/by-nc-nd/4.0/
702619,3721226545,Conopidae_Abrachyglossum_capitatum_1183993_3721226545,http://creativecommons.org/licenses/by-nc-nd/4.0/
703786,2988298618,Conopidae_Conops_silaceus_3015643_2988298618,http://creativecommons.org/licenses/by-nc/4.0/
703787,2988298618,Conopidae_Conops_silaceus_3015644_2988298618,http://creativecommons.org/licenses/by-nc/4.0/
704531,2235532374,Conopidae_Myopa_buccata_2892745_2235532374,http://creativecommons.org/licenses/by-nc/4.0/
705853,1952591429,Conopidae_Myopa_fasciata_2846688_1952591429,http://creativecommons.org/licenses/by-nc-nd/4.0/
706584,3905400989,Conopidae_Abrachyglossum_capitatum_1311785_3905400989,http://creativecommons.org/licenses/by-nc-nd/4.0/
706585,3905400989,Conopidae_Abrachyglossum_capitatum_1311786_3905400989,http://creativecommons.org/licenses/by-nc-nd/4.0/
708486,3824478141,Conopidae_Sicus_ferrugineus_1942352_3824478141,http://creativecommons.org/licenses/by-nc-nd/4.0/
708844,3731709783,Conopidae_Abrachyglossum_capitatum_2602191_3731709783,http://creativecommons.org/licenses/by-nc-nd/4.0/
708845,3731709783,Conopidae_Abrachyglossum_capitatum_2602192_3731709783,http://creativecommons.org/licenses/by-nc-nd/4.0/
709544,3995032607,Conopidae_Myopa_fasciata_665004_3995032607,http://creativecommons.org/licenses/by-nc-nd/4.0/
709810,1970937826,Conopidae_Myopa_vicaria_2874455_1970937826,http://creativecommons.org/licenses/by-nc/4.0/
710701,3881783803,Conopidae_Conops_flavipes_1287468_3881783803,http://creativecommons.org/licenses/by-nc/4.0/
712020,3902150210,Conopidae_Conops_quadrifasciatus_605607_3902150210,http://creativecommons.org/licenses/by-nc/4.0/
712773,2847495120,Conopidae_Conops_flavipes_1614201_2847495120,© all rights reserved
713444,2404115390,Conopidae_Myopa_testacea_1531817_2404115390,http://creativecommons.org/licenses/by-nc-sa/4.0/
714094,1989781621,Conopidae_Physocephala_vittata_2195998_1989781621,http://creativecommons.org/licenses/by/4.0/
714095,1989781621,Conopidae_Physocephala_vittata_2195999_1989781621,http://creativecommons.org/licenses/by/4.0/
714096,1989781621,Conopidae_Physocephala_vittata_2196000_1989781621,http://creativecommons.org/licenses/by/4.0/
714097,1989781621,Conopidae_Physocephala_vittata_2196001_1989781621,http://creativecommons.org/licenses/by/4.0/
714099,1989781621,Conopidae_Physocephala_vittata_2196003_1989781621,http://creativecommons.org/licenses/by/4.0/
714596,2833947749,Conopidae_Sicus_ferrugineus_2281115_2833947749,http://creativecommons.org/licenses/by-nc-nd/4.0/
714606,3721436626,Conopidae_Sicus_ferrugineus_3254618_3721436626,http://creativecommons.org/licenses/by-nc-nd/4.0/
714872,2845570769,Conopidae_Myopa_vicaria_2303229_2845570769,http://creativecommons.org/licenses/by-nc-nd/4.0/
714958,3719223095,Conopidae_Myopa_vicaria_1867223_3719223095,http://creativecommons.org/licenses/by/4.0/
715302,3724338741,Conopidae_Conops_strigatus_2576379_3724338741,http://creativecommons.org/licenses/by-nc-nd/4.0/
716160,2841321523,Conopidae_Myopa_vicaria_1604116_2841321523,http://creativecommons.org/licenses/by-nc-nd/4.0/
716161,2841321523,Conopidae_Myopa_vicaria_1604117_2841321523,http://creativecommons.org/licenses/by-nc-nd/4.0/
716162,2841321523,Conopidae_Myopa_vicaria_1604118_2841321523,http://creativecommons.org/licenses/by-nc-nd/4.0/
716163,2841321523,Conopidae_Myopa_vicaria_1604119_2841321523,http://creativecommons.org/licenses/by-nc-nd/4.0/
716330,3722239732,Conopidae_Conops_quadrifasciatus_3260697_3722239732,http://creativecommons.org/licenses/by-nc-nd/4.0/
716670,3824244666,Conopidae_Myopa_vicaria_563478_3824244666,http://creativecommons.org/licenses/by-nc-nd/4.0/
717269,2843510018,Conopidae_Myopa_tessellatipennis_230735_2843510018,http://creativecommons.org/licenses/by-nc-nd/4.0/
717310,3905954773,Conopidae_Physocephala_nigra_2693887_3905954773,http://creativecommons.org/licenses/by-nc-nd/4.0/
717311,3905954773,Conopidae_Physocephala_nigra_2693888_3905954773,http://creativecommons.org/licenses/by-nc-nd/4.0/
717897,2839585598,Conopidae_Myopa_buccata_2291301_2839585598,http://creativecommons.org/licenses/by-nc-nd/4.0/
718627,2837851543,Conopidae_Myopa_tessellatipennis_1599613_2837851543,http://creativecommons.org/licenses/by-nc-nd/4.0/
719185,3730712491,Conopidae_Physocephala_rufipes_1907415_3730712491,http://creativecommons.org/licenses/by-nc-nd/4.0/
719667,1960147501,Conopidae_Myopa_buccata_100501_1960147501,http://creativecommons.org/licenses/by-nc-nd/4.0/
719668,1960147501,Conopidae_Myopa_buccata_100502_1960147501,http://creativecommons.org/licenses/by-nc-nd/4.0/
719937,3721662219,Conopidae_Conops_scutellatus_2566033_3721662219,http://creativecommons.org/licenses/by-nc-nd/4.0/
719951,3728975038,Conopidae_Myopa_buccata_1900556_3728975038,http://creativecommons.org/licenses/by-nc/4.0/
720144,2836503946,Conopidae_Conops_flavipes_217628_2836503946,http://creativecommons.org/licenses/by-nc-nd/4.0/
720475,1965046908,Conopidae_Leopoldius_signatus_2173794_1965046908,http://creativecommons.org/licenses/by-nc-nd/4.0/
720476,1965046908,Conopidae_Leopoldius_signatus_2173795_1965046908,http://creativecommons.org/licenses/by-nc-nd/4.0/
720477,1965046908,Conopidae_Leopoldius_signatus_2173796_1965046908,http://creativecommons.org/licenses/by-nc-nd/4.0/
720478,1965046908,Conopidae_Leopoldius_signatus_2173797_1965046908,http://creativecommons.org/licenses/by-nc-nd/4.0/
720479,1965046908,Conopidae_Leopoldius_signatus_2173798_1965046908,http://creativecommons.org/licenses/by-nc-nd/4.0/
721115,3905845054,Conopidae_Myopa_fasciata_2003504_3905845054,http://creativecommons.org/licenses/by-nc-nd/4.0/
721694,2836584935,Conopidae_Thecophora_atra_1596824_2836584935,http://creativecommons.org/licenses/by-nc-nd/4.0/
721758,3825316863,Conopidae_Myopa_pellucida_1944012_3825316863,http://creativecommons.org/licenses/by-nc/4.0/
722122,2844569283,Conopidae_Myopa_vicaria_2991296_2844569283,http://creativecommons.org/licenses/by-nc-nd/4.0/
722124,2844569283,Conopidae_Myopa_vicaria_2991298_2844569283,http://creativecommons.org/licenses/by-nc-nd/4.0/
722494,3721142433,Conopidae_Physocephala_rufipes_3252670_3721142433,http://creativecommons.org/licenses/by-nc-nd/4.0/
723715,3904450610,Conopidae_Conops_strigatus_1306109_3904450610,http://creativecommons.org/licenses/by-nc-nd/4.0/
723716,3904450610,Conopidae_Conops_strigatus_1306110_3904450610,http://creativecommons.org/licenses/by-nc-nd/4.0/
723717,3904450610,Conopidae_Conops_strigatus_1306111_3904450610,http://creativecommons.org/licenses/by-nc-nd/4.0/
723932,1954980638,Conopidae_Conops_quadrifasciatus_1470987_1954980638,http://creativecommons.org/licenses/by/4.0/
725742,1967004047,Conopidae_Myopa_pellucida_110210_1967004047,http://creativecommons.org/licenses/by-nc-nd/4.0/
725915,3717108704,Conopidae_Leopoldius_brevirostris_1859890_3717108704,http://creativecommons.org/licenses/by-nc-nd/4.0/
725916,3717108704,Conopidae_Leopoldius_brevirostris_1859891_3717108704,http://creativecommons.org/licenses/by-nc-nd/4.0/
725917,3717108704,Conopidae_Leopoldius_brevirostris_1859892_3717108704,http://creativecommons.org/licenses/by-nc-nd/4.0/
726695,3730880671,Conopidae_Myopa_fasciata_2597589_3730880671,http://creativecommons.org/licenses/by-nc-nd/4.0/
726997,3725723568,Conopidae_Sicus_ferrugineus_1199405_3725723568,http://creativecommons.org/licenses/by-nc-nd/4.0/
727075,2841206570,Conopidae_Myopa_pellucida_915382_2841206570,http://creativecommons.org/licenses/by-nc-nd/4.0/
728298,1970338318,Conopidae_Myopa_tessellatipennis_114772_1970338318,http://creativecommons.org/licenses/by-nc-nd/4.0/
728299,1970338318,Conopidae_Myopa_tessellatipennis_114773_1970338318,http://creativecommons.org/licenses/by-nc-nd/4.0/
728375,1965465041,Conopidae_Sicus_ferrugineus_797380_1965465041,http://creativecommons.org/licenses/by-nc-nd/4.0/
728387,3722016108,Conopidae_Sicus_ferrugineus_3259105_3722016108,http://creativecommons.org/licenses/by-nc-nd/4.0/
729262,1969901630,Conopidae_Sicus_ferrugineus_2182218_1969901630,http://creativecommons.org/licenses/by-nc-nd/4.0/
730275,3725761087,Conopidae_Physocephala_nigra_3268651_3725761087,http://creativecommons.org/licenses/by-nc-nd/4.0/
730276,3725761087,Conopidae_Physocephala_nigra_3268652_3725761087,http://creativecommons.org/licenses/by-nc-nd/4.0/
730317,1965589047,Conopidae_Physocephala_rufipes_797663_1965589047,http://creativecommons.org/licenses/by-nc-nd/4.0/
730747,3904423520,Conopidae_Myopa_pellucida_1305922_3904423520,http://creativecommons.org/licenses/by-nc-nd/4.0/
730748,3904423520,Conopidae_Myopa_pellucida_1305923_3904423520,http://creativecommons.org/licenses/by-nc-nd/4.0/
730765,3906500764,Conopidae_Physocephala_rufipes_1318187_3906500764,http://creativecommons.org/licenses/by-nc-nd/4.0/
730964,2837545378,Conopidae_Sicus_ferrugineus_2288141_2837545378,http://creativecommons.org/licenses/by-nc-sa/4.0/
731245,3716707313,Conopidae_Physocephala_nigra_478562_3716707313,http://creativecommons.org/licenses/by-nc-nd/4.0/
731246,3716707313,Conopidae_Physocephala_nigra_478563_3716707313,http://creativecommons.org/licenses/by-nc-nd/4.0/
731550,1964834121,Conopidae_Conops_flavipes_2863473_1964834121,http://creativecommons.org/licenses/by-nc-sa/4.0/
731700,3904067577,Conopidae_Myopa_testacea_1993074_3904067577,http://creativecommons.org/licenses/by-nc-nd/4.0/
732060,2839161132,Conopidae_Myopa_testacea_1601839_2839161132,http://creativecommons.org/licenses/by-nc-nd/4.0/
732171,1969771122,Conopidae_Sicus_ferrugineus_2872110_1969771122,http://creativecommons.org/licenses/by-nc/4.0/
732379,3722945810,Conopidae_Myopa_fasciata_1884781_3722945810,http://creativecommons.org/licenses/by-nc-nd/4.0/
732380,3722945810,Conopidae_Myopa_fasciata_1884782_3722945810,http://creativecommons.org/licenses/by-nc-nd/4.0/
732484,3721583358,Conopidae_Physocephala_rufipes_3255689_3721583358,http://creativecommons.org/licenses/by-nc-nd/4.0/
732715,3907069389,Conopidae_Physocephala_rufipes_632879_3907069389,http://creativecommons.org/licenses/by-nc-nd/4.0/
733405,3728376543,Conopidae_Leopoldius_signatus_2588384_3728376543,http://creativecommons.org/licenses/by-nc-nd/4.0/
733440,1965548140,Conopidae_Myopa_fasciata_2175276_1965548140,http://creativecommons.org/licenses/by-nc-nd/4.0/
733442,1965548140,Conopidae_Myopa_fasciata_2175278_1965548140,http://creativecommons.org/licenses/by-nc-nd/4.0/
733443,1965548140,Conopidae_Myopa_fasciata_2175279_1965548140,http://creativecommons.org/licenses/by-nc-nd/4.0/
733477,3717131613,Conopidae_Myopa_variegata_1860008_3717131613,http://creativecommons.org/licenses/by-nc-nd/4.0/
733478,3717131613,Conopidae_Myopa_variegata_1860009_3717131613,http://creativecommons.org/licenses/by-nc-nd/4.0/
733479,3717131613,Conopidae_Myopa_variegata_1860010_3717131613,http://creativecommons.org/licenses/by-nc-nd/4.0/
733826,3732117489,Conopidae_Conops_quadrifasciatus_537055_3732117489,http://creativecommons.org/licenses/by-nc-sa/4.0/
734168,2842852107,Conopidae_Conops_quadrifasciatus_229419_2842852107,http://creativecommons.org/licenses/by-nc-nd/4.0/
734891,3906804740,Conopidae_Myopa_fasciata_2009142_3906804740,http://creativecommons.org/licenses/by-nc-nd/4.0/
735056,3907289964,Conopidae_Physocephala_rufipes_2701676_3907289964,http://creativecommons.org/licenses/by-nc-nd/4.0/
736231,3879821852,Conopidae_Myopa_buccata_1972960_3879821852,© all rights reserved
736232,3879821852,Conopidae_Myopa_buccata_1972961_3879821852,© all rights reserved
736336,2417897438,Conopidae_Conops_flavipes_2913676_2417897438,© all rights reserved
736500,3097333564,Conopidae_Myopa_fasciata_972593_3097333564,http://creativecommons.org/licenses/by-nc/4.0/
736501,3097333564,Conopidae_Myopa_fasciata_972594_3097333564,http://creativecommons.org/licenses/by-nc/4.0/
736503,3097333564,Conopidae_Myopa_fasciata_972596_3097333564,http://creativecommons.org/licenses/by-nc/4.0/
736926,1850956817,Conopidae_Physocephala_tibialis_2147566_1850956817,http://creativecommons.org/licenses/by-nc/4.0/
737601,3058977645,Conopidae_Conops_quadrifasciatus_271827_3058977645,http://creativecommons.org/licenses/by-nc/4.0/
737923,3335436131,Conopidae_Conops_flavipes_2376144_3335436131,http://creativecommons.org/licenses/by-nc/4.0/
738887,3729231034,Conopidae_Conops_scutellatus_3281117_3729231034,http://creativecommons.org/licenses/by-nc-nd/4.0/
738890,3729231034,Conopidae_Conops_scutellatus_3281120_3729231034,http://creativecommons.org/licenses/by-nc-nd/4.0/
738910,3824585048,Conopidae_Myopa_pellucida_1942750_3824585048,http://creativecommons.org/licenses/by-nc-nd/4.0/
738911,3824585048,Conopidae_Myopa_pellucida_1942751_3824585048,http://creativecommons.org/licenses/by-nc-nd/4.0/
739135,1973207766,Conopidae_Physocephala_rufipes_1498022_1973207766,http://creativecommons.org/licenses/by/4.0/
739723,3727233586,Conopidae_Conops_scutellatus_1205946_3727233586,http://creativecommons.org/licenses/by-nc-nd/4.0/
739996,3906015266,Conopidae_Physocephala_rufipes_3384601_3906015266,http://creativecommons.org/licenses/by-nc-nd/4.0/
741724,3716875833,Conopidae_Physocephala_nigra_2547927_3716875833,http://creativecommons.org/licenses/by-nc-nd/4.0/
741725,3716875833,Conopidae_Physocephala_nigra_2547928_3716875833,http://creativecommons.org/licenses/by-nc-nd/4.0/
741849,3728350441,Conopidae_Conops_scutellatus_1898900_3728350441,http://creativecommons.org/licenses/by-nc-nd/4.0/
742037,1961097668,Conopidae_Physocephala_rufipes_792007_1961097668,http://creativecommons.org/licenses/by-nc-nd/4.0/
742312,3728693328,Conopidae_Myopa_tessellatipennis_1210553_3728693328,http://creativecommons.org/licenses/by-nc/4.0/
742414,3721754322,Conopidae_Sicus_ferrugineus_498970_3721754322,http://creativecommons.org/licenses/by-nc-nd/4.0/
743148,1972018241,Conopidae_Sicus_ferrugineus_2875127_1972018241,http://creativecommons.org/licenses/by-nc-nd/4.0/
743360,1956026722,Conopidae_Myopa_vicaria_784955_1956026722,http://creativecommons.org/licenses/by-nc-nd/4.0/
743361,1956026722,Conopidae_Myopa_vicaria_784956_1956026722,http://creativecommons.org/licenses/by-nc-nd/4.0/
743401,3720265861,Conopidae_Myopa_polystigma_3248747_3720265861,http://creativecommons.org/licenses/by-nc-nd/4.0/
744174,3823682247,Conopidae_Myopa_tessellatipennis_562219_3823682247,http://creativecommons.org/licenses/by-nc-nd/4.0/
745583,2843998429,Conopidae_Myopa_vicaria_921660_2843998429,http://creativecommons.org/licenses/by-nc-nd/4.0/
745584,2843998429,Conopidae_Myopa_vicaria_921661_2843998429,http://creativecommons.org/licenses/by-nc-nd/4.0/
746087,3720731462,Conopidae_Sicus_ferrugineus_3250531_3720731462,http://creativecommons.org/licenses/by-nc-nd/4.0/
746741,3904069686,Conopidae_Sicus_ferrugineus_614973_3904069686,http://creativecommons.org/licenses/by-nc-nd/4.0/
747263,2847953042,Conopidae_Physocephala_rufipes_925935_2847953042,© all rights reserved
747424,2597695521,Conopidae_Physocephala_biguttata_1564479_2597695521,http://creativecommons.org/licenses/by-nc/4.0/
747425,2597695521,Conopidae_Physocephala_biguttata_1564480_2597695521,http://creativecommons.org/licenses/by-nc/4.0/
747426,2597695521,Conopidae_Physocephala_biguttata_1564481_2597695521,http://creativecommons.org/licenses/by-nc/4.0/
747636,3333481516,Conopidae_Conops_quadrifasciatus_995769_3333481516,http://creativecommons.org/licenses/by-nc/4.0/
747638,3333481516,Conopidae_Conops_quadrifasciatus_995771_3333481516,http://creativecommons.org/licenses/by-nc/4.0/
748118,2410124955,Conopidae_Myopa_buccata_2222309_2410124955,© All rights reserved
748359,2405946371,Conopidae_Conops_strigatus_843601_2405946371,© All rights reserved
748938,3455218552,Conopidae_Physocephala_tibialis_1834729_3455218552,http://creativecommons.org/licenses/by/4.0/
749562,3456351816,Conopidae_Conops_flavipes_3219895_3456351816,http://creativecommons.org/licenses/by-nc/4.0/
750048,3873388401,Conopidae_Physocephala_vittata_2658048_3873388401,http://creativecommons.org/licenses/by-nc/4.0/
750049,3873388401,Conopidae_Physocephala_vittata_2658049_3873388401,http://creativecommons.org/licenses/by-nc/4.0/
752954,3343744717,Conopidae_Physocephala_vittata_2380538_3343744717,http://creativecommons.org/licenses/by-nc/4.0/
753285,3466014444,Conopidae_Leopoldius_signatus_3224450_3466014444,http://creativecommons.org/licenses/by-nc/4.0/
753286,3466014444,Conopidae_Leopoldius_signatus_3224451_3466014444,http://creativecommons.org/licenses/by-nc/4.0/
753817,3327977939,Conopidae_Physocephala_tibialis_990572_3327977939,http://creativecommons.org/licenses/by-nc/4.0/
755202,3824154132,Conopidae_Sicus_ferrugineus_2630832_3824154132,http://creativecommons.org/licenses/by-sa/4.0/
755830,3716851318,Conopidae_Myopa_testacea_479330_3716851318,http://creativecommons.org/licenses/by-nc-nd/4.0/
757909,3731567886,Conopidae_Abrachyglossum_capitatum_3292312_3731567886,http://creativecommons.org/licenses/by-nc-nd/4.0/
757911,3731567886,Conopidae_Abrachyglossum_capitatum_3292314_3731567886,http://creativecommons.org/licenses/by-nc-nd/4.0/
758018,1964937085,Conopidae_Leopoldius_calceatus_1484416_1964937085,http://creativecommons.org/licenses/by-nc-nd/4.0/
758019,1964937085,Conopidae_Leopoldius_calceatus_1484417_1964937085,http://creativecommons.org/licenses/by-nc-nd/4.0/
758020,1964937085,Conopidae_Leopoldius_calceatus_1484418_1964937085,http://creativecommons.org/licenses/by-nc-nd/4.0/
758021,1964937085,Conopidae_Leopoldius_calceatus_1484419_1964937085,http://creativecommons.org/licenses/by-nc-nd/4.0/
758151,3904265200,Conopidae_Sicus_ferrugineus_616244_3904265200,http://creativecommons.org/licenses/by-nc-nd/4.0/
758806,3720333472,Conopidae_Myopa_pellucida_2558591_3720333472,http://creativecommons.org/licenses/by-nc-nd/4.0/
758807,3720333472,Conopidae_Myopa_pellucida_2558592_3720333472,http://creativecommons.org/licenses/by-nc-nd/4.0/
761199,3721702265,Conopidae_Leopoldius_brevirostris_3256619_3721702265,http://creativecommons.org/licenses/by-nc-nd/4.0/
761200,3721702265,Conopidae_Leopoldius_brevirostris_3256620_3721702265,http://creativecommons.org/licenses/by-nc-nd/4.0/
761201,3721702265,Conopidae_Leopoldius_brevirostris_3256621_3721702265,http://creativecommons.org/licenses/by-nc-nd/4.0/
762027,3824048610,Conopidae_Myopa_polystigma_1251888_3824048610,http://creativecommons.org/licenses/by-nc-nd/4.0/
762028,3824048610,Conopidae_Myopa_polystigma_1251889_3824048610,http://creativecommons.org/licenses/by-nc-nd/4.0/
762863,3859311852,Conopidae_Sicus_ferrugineus_1958751_3859311852,http://creativecommons.org/licenses/by-nc/4.0/
763835,3899460470,Conopidae_Thecophora_atra_3362875_3899460470,© all rights reserved
763836,3899460470,Conopidae_Thecophora_atra_3362876_3899460470,© all rights reserved
763837,3899460470,Conopidae_Thecophora_atra_3362877_3899460470,© all rights reserved
763999,1460369892,Conopidae_Conops_flavipes_2807701_1460369892,© all rights reserved
764103,1439627974,Conopidae_Conops_flavipes_2114604_1439627974,© all rights reserved
764107,2274243959,Conopidae_Conops_flavipes_1524765_2274243959,© all rights reserved
764650,997821930,Conopidae_Conops_flavipes_2069060_997821930,© all rights reserved
765024,3824295097,Conopidae_Myopa_polystigma_3321758_3824295097,http://creativecommons.org/licenses/by-nc-nd/4.0/
765475,3726380215,Conopidae_Myopa_testacea_513159_3726380215,http://creativecommons.org/licenses/by-nc/4.0/
765527,3719363116,Conopidae_Conops_scutellatus_1177869_3719363116,http://creativecommons.org/licenses/by-nc-nd/4.0/
766014,3822537050,Conopidae_Myopa_polystigma_559347_3822537050,http://creativecommons.org/licenses/by-nc-nd/4.0/
767794,3903915023,Conopidae_Myopa_tessellatipennis_3371845_3903915023,http://creativecommons.org/licenses/by-nc-nd/4.0/
767953,3722351453,Conopidae_Conops_flavipes_3261418_3722351453,http://creativecommons.org/licenses/by-nc-nd/4.0/
768437,3720801267,Conopidae_Myopa_pellucida_492661_3720801267,http://creativecommons.org/licenses/by-nc-nd/4.0/
768438,3720801267,Conopidae_Myopa_pellucida_492662_3720801267,http://creativecommons.org/licenses/by-nc-nd/4.0/
768659,1955500372,Conopidae_Sicus_ferrugineus_2161495_1955500372,http://creativecommons.org/licenses/by-nc-sa/4.0/
768925,2842889599,Conopidae_Physocephala_rufipes_229510_2842889599,http://creativecommons.org/licenses/by-nc-sa/4.0/
769169,1958253490,Conopidae_Myopa_testacea_2855876_1958253490,http://creativecommons.org/licenses/by-nc/4.0/
771006,1956068684,Conopidae_Myopa_vicaria_2852631_1956068684,http://creativecommons.org/licenses/by-nc-nd/4.0/
771063,3826656422,Conopidae_Myopa_vicaria_1258184_3826656422,http://creativecommons.org/licenses/by-nc-nd/4.0/
771221,3720076647,Conopidae_Conops_flavipes_1179007_3720076647,http://creativecommons.org/licenses/by-nc-nd/4.0/
771421,3716365105,Conopidae_Myopa_buccata_3235543_3716365105,http://creativecommons.org/licenses/by-nc-nd/4.0/
771774,3717162055,Conopidae_Conops_flavipes_1170328_3717162055,http://creativecommons.org/licenses/by-nc-nd/4.0/
772557,3731968505,Conopidae_Conops_scutellatus_1914432_3731968505,http://creativecommons.org/licenses/by-nc-nd/4.0/
773502,2398224763,Conopidae_Conops_strigatus_2910078_2398224763,© All rights reserved
774343,2382056718,Conopidae_Conops_quadrifasciatus_150515_2382056718,© All rights reserved
777635,1976391090,Conopidae_Physocephala_rufipes_2191413_1976391090,http://creativecommons.org/licenses/by/4.0/
778100,1952853249,Conopidae_Abrachyglossum_capitatum_88989_1952853249,http://creativecommons.org/licenses/by-nc-nd/4.0/
778101,1952853249,Conopidae_Abrachyglossum_capitatum_88990_1952853249,http://creativecommons.org/licenses/by-nc-nd/4.0/
778102,1952853249,Conopidae_Abrachyglossum_capitatum_88991_1952853249,http://creativecommons.org/licenses/by-nc-nd/4.0/
778303,3719728532,Conopidae_Myopa_tessellatipennis_2557246_3719728532,http://creativecommons.org/licenses/by-nc-nd/4.0/
778946,1970775296,Conopidae_Myopa_tessellatipennis_115647_1970775296,http://creativecommons.org/licenses/by-nc-nd/4.0/
780062,1976647438,Conopidae_Myopa_fasciata_2191994_1976647438,http://creativecommons.org/licenses/by-nc/4.0/
780995,2845534890,Conopidae_Sicus_ferrugineus_2303153_2845534890,http://creativecommons.org/licenses/by-nc-nd/4.0/
781144,1968945163,Conopidae_Zodion_kroeberi_802349_1968945163,http://creativecommons.org/licenses/by-nc-nd/4.0/
781452,3824331394,Conopidae_Conops_vesicularis_563703_3824331394,http://creativecommons.org/licenses/by-nc-nd/4.0/
782581,3729861707,Conopidae_Physocephala_rufipes_524912_3729861707,http://creativecommons.org/licenses/by-nc-nd/4.0/
782880,3725980419,Conopidae_Abrachyglossum_capitatum_1200518_3725980419,http://creativecommons.org/licenses/by-nc/4.0/
783240,3732831727,Conopidae_Physocephala_rufipes_2607644_3732831727,http://creativecommons.org/licenses/by-nc-nd/4.0/
783622,1955948362,Conopidae_Myopa_testacea_2162630_1955948362,http://creativecommons.org/licenses/by-nc-nd/4.0/
783623,1955948362,Conopidae_Myopa_testacea_2162631_1955948362,http://creativecommons.org/licenses/by-nc-nd/4.0/
784282,2835316669,Conopidae_Myopa_testacea_2284603_2835316669,http://creativecommons.org/licenses/by-nc-nd/4.0/
784283,2835316669,Conopidae_Myopa_testacea_2284604_2835316669,http://creativecommons.org/licenses/by-nc-nd/4.0/
784334,3825424130,Conopidae_Myopa_pellucida_3324605_3825424130,http://creativecommons.org/licenses/by-nc-nd/4.0/
784335,3825424130,Conopidae_Myopa_pellucida_3324606_3825424130,http://creativecommons.org/licenses/by-nc-nd/4.0/
784336,3825424130,Conopidae_Myopa_pellucida_3324607_3825424130,http://creativecommons.org/licenses/by-nc-nd/4.0/
784378,3721517548,Conopidae_Myopa_pellucida_1875387_3721517548,http://creativecommons.org/licenses/by-nc-nd/4.0/
784379,3721517548,Conopidae_Myopa_pellucida_1875388_3721517548,http://creativecommons.org/licenses/by-nc-nd/4.0/
785500,3720383888,Conopidae_Myopa_testacea_3249104_3720383888,http://creativecommons.org/licenses/by-nc-nd/4.0/
785508,1973214845,Conopidae_Sicus_ferrugineus_2187394_1973214845,http://creativecommons.org/licenses/by-nc-nd/4.0/
789033,3729944769,Conopidae_Conops_vesicularis_525265_3729944769,http://creativecommons.org/licenses/by-nc-nd/4.0/
789501,3905107166,Conopidae_Myopa_tessellatipennis_1999394_3905107166,http://creativecommons.org/licenses/by-nc-nd/4.0/
790196,2836731593,Conopidae_Myopa_testacea_908259_2836731593,http://creativecommons.org/licenses/by-nc-nd/4.0/
790415,3725270543,Conopidae_Leopoldius_diadematus_1198194_3725270543,http://creativecommons.org/licenses/by-nc/4.0/
790559,1953039940,Conopidae_Thecophora_cinerascens_1468668_1953039940,http://creativecommons.org/licenses/by-nc-nd/4.0/
790560,1953039940,Conopidae_Thecophora_cinerascens_1468669_1953039940,http://creativecommons.org/licenses/by-nc-nd/4.0/
790561,1953039940,Conopidae_Thecophora_cinerascens_1468670_1953039940,http://creativecommons.org/licenses/by-nc-nd/4.0/
790562,1953039940,Conopidae_Thecophora_cinerascens_1468671_1953039940,http://creativecommons.org/licenses/by-nc-nd/4.0/
790991,1965300812,Conopidae_Conops_quadrifasciatus_106254_1965300812,http://creativecommons.org/licenses/by-nc/4.0/
790992,1965300812,Conopidae_Conops_quadrifasciatus_106255_1965300812,http://creativecommons.org/licenses/by-nc/4.0/
791878,3997668381,Conopidae_Leopoldius_calceatus_2741401_3997668381,http://creativecommons.org/licenses/by/4.0/
791890,3717591631,Conopidae_Sicus_ferrugineus_1862222_3717591631,http://creativecommons.org/licenses/by-nc-nd/4.0/
792537,3728525863,Conopidae_Leopoldius_signatus_3279350_3728525863,http://creativecommons.org/licenses/by-nc-nd/4.0/
792880,3727233145,Conopidae_Conops_scutellatus_1895381_3727233145,http://creativecommons.org/licenses/by-nc-nd/4.0/
793729,2845334865,Conopidae_Conops_vesicularis_2302780_2845334865,http://creativecommons.org/licenses/by-nc-nd/4.0/
795901,2839002488,Conopidae_Myopa_tessellatipennis_222698_2839002488,http://creativecommons.org/licenses/by-nc-nd/4.0/
796596,3720870846,Conopidae_Sicus_ferrugineus_3251226_3720870846,http://creativecommons.org/licenses/by-nc-nd/4.0/
797009,3995458893,Conopidae_Conops_scutellatus_3424116_3995458893,http://creativecommons.org/licenses/by-nc-nd/4.0/
797028,3717429298,Conopidae_Conops_scutellatus_1171700_3717429298,http://creativecommons.org/licenses/by-nc-nd/4.0/
797238,2843354969,Conopidae_Myopa_tessellatipennis_920710_2843354969,http://creativecommons.org/publicdomain/zero/1.0/
797558,2837967878,Conopidae_Myopa_testacea_911223_2837967878,http://creativecommons.org/licenses/by-nc/4.0/
798177,1953459127,Conopidae_Myopa_testacea_90221_1953459127,http://creativecommons.org/licenses/by-nc-nd/4.0/
798633,1967250949,Conopidae_Myopa_hirsuta_2868986_1967250949,http://creativecommons.org/licenses/by-nc/4.0/
798634,1967250949,Conopidae_Myopa_hirsuta_2868987_1967250949,http://creativecommons.org/licenses/by-nc/4.0/
798635,1967250949,Conopidae_Myopa_hirsuta_2868988_1967250949,http://creativecommons.org/licenses/by-nc/4.0/
798636,1967250949,Conopidae_Myopa_hirsuta_2868989_1967250949,http://creativecommons.org/licenses/by-nc/4.0/
798637,1967250949,Conopidae_Myopa_hirsuta_2868990_1967250949,http://creativecommons.org/licenses/by-nc/4.0/
798638,1967250949,Conopidae_Myopa_hirsuta_2868991_1967250949,http://creativecommons.org/licenses/by-nc/4.0/
798639,1967250949,Conopidae_Myopa_hirsuta_2868992_1967250949,http://creativecommons.org/licenses/by-nc/4.0/
798640,1967250949,Conopidae_Myopa_hirsuta_2868993_1967250949,http://creativecommons.org/licenses/by-nc/4.0/
798977,1952715155,Conopidae_Physocephala_rufipes_2156999_1952715155,http://creativecommons.org/licenses/by-nc-nd/4.0/
799230,3718038597,Conopidae_Conops_scutellatus_485409_3718038597,http://creativecommons.org/licenses/by-nc-nd/4.0/
799754,3721616882,Conopidae_Myopa_tessellatipennis_2565708_3721616882,http://creativecommons.org/licenses/by-nc-nd/4.0/
801754,3721732339,Conopidae_Physocephala_rufipes_3256840_3721732339,http://creativecommons.org/licenses/by-nc-nd/4.0/
801762,2845233936,Conopidae_Myopa_tessellatipennis_234522_2845233936,http://creativecommons.org/licenses/by-nc-nd/4.0/
803048,3822136567,Conopidae_Conops_scutellatus_2626252_3822136567,http://creativecommons.org/licenses/by-nc-nd/4.0/
803092,3727763225,Conopidae_Myopa_tessellatipennis_3277126_3727763225,http://creativecommons.org/licenses/by-nc-nd/4.0/
803181,3715216303,Conopidae_Conops_strigatus_2543920_3715216303,http://creativecommons.org/licenses/by-nc-nd/4.0/
803182,3715216303,Conopidae_Conops_strigatus_2543921_3715216303,http://creativecommons.org/licenses/by-nc-nd/4.0/
803201,2843059133,Conopidae_Myopa_buccata_920098_2843059133,http://creativecommons.org/licenses/by-nc-sa/4.0/
803620,2838362231,Conopidae_Conops_scutellatus_2980400_2838362231,http://creativecommons.org/licenses/by-nc-nd/4.0/
803639,1974407907,Conopidae_Myopa_tessellatipennis_2879578_1974407907,http://creativecommons.org/licenses/by-nc-nd/4.0/
803803,3728941444,Conopidae_Myopa_buccata_1211122_3728941444,http://creativecommons.org/licenses/by-nc-nd/4.0/
803822,3719800512,Conopidae_Myopa_testacea_1867948_3719800512,http://creativecommons.org/licenses/by-nc-nd/4.0/
804164,3906071441,Conopidae_Sicus_ferrugineus_1315714_3906071441,http://creativecommons.org/licenses/by-nc/4.0/
805944,1967077694,Conopidae_Myopa_tessellatipennis_2178593_1967077694,http://creativecommons.org/licenses/by-nc-nd/4.0/
806028,2845080827,Conopidae_Myopa_fasciata_2992724_2845080827,http://creativecommons.org/licenses/by-nc/4.0/
806272,3822140995,Conopidae_Leopoldius_signatus_2626254_3822140995,http://creativecommons.org/licenses/by-nc-nd/4.0/
806987,3716388202,Conopidae_Conops_vesicularis_1856421_3716388202,http://creativecommons.org/licenses/by-nc-nd/4.0/
807112,3906189657,Conopidae_Myopa_buccata_627814_3906189657,http://creativecommons.org/licenses/by-nc-nd/4.0/
807150,3905982719,Conopidae_Conops_scutellatus_3384376_3905982719,http://creativecommons.org/licenses/by-nc-nd/4.0/
807325,3822442037,Conopidae_Myopa_hirsuta_558926_3822442037,http://creativecommons.org/licenses/by-nc/4.0/
807326,3822442037,Conopidae_Myopa_hirsuta_558927_3822442037,http://creativecommons.org/licenses/by-nc/4.0/
807327,3822442037,Conopidae_Myopa_hirsuta_558928_3822442037,http://creativecommons.org/licenses/by-nc/4.0/
807328,3822442037,Conopidae_Myopa_hirsuta_558929_3822442037,http://creativecommons.org/licenses/by-nc/4.0/
807654,3907430336,Conopidae_Sicus_ferrugineus_3392644_3907430336,http://creativecommons.org/licenses/by-nc-nd/4.0/
808208,3904917058,Conopidae_Conops_scutellatus_620337_3904917058,http://creativecommons.org/licenses/by-nc-nd/4.0/
808844,2840217328,Conopidae_Sicus_ferrugineus_2291751_2840217328,http://creativecommons.org/licenses/by-nc/4.0/
808956,3826818392,Conopidae_Myopa_polystigma_1947756_3826818392,http://creativecommons.org/licenses/by-nc-nd/4.0/
809719,3752442796,Conopidae_Thecophora_distincta_1232457_3752442796,http://creativecommons.org/licenses/by-sa/4.0/
809720,3752442802,Conopidae_Myopa_vicaria_3301736_3752442802,http://creativecommons.org/licenses/by-sa/4.0/
810280,2822970432,Conopidae_Conops_quadrifasciatus_207721_2822970432,© All rights reserved
811006,3905732611,Conopidae_Myopa_fasciata_1313647_3905732611,http://creativecommons.org/licenses/by-nc-nd/4.0/
811007,3905732611,Conopidae_Myopa_fasciata_1313648_3905732611,http://creativecommons.org/licenses/by-nc-nd/4.0/
811423,2845621663,Conopidae_Myopa_vicaria_2303328_2845621663,http://creativecommons.org/licenses/by-nc-nd/4.0/
811823,2834429562,Conopidae_Conops_quadrifasciatus_1594228_2834429562,http://creativecommons.org/licenses/by-nc-nd/4.0/
811838,3903915200,Conopidae_Sicus_ferrugineus_1302679_3903915200,http://creativecommons.org/licenses/by-nc-sa/4.0/
811932,1977594089,Conopidae_Myopa_vicaria_1504820_1977594089,http://creativecommons.org/licenses/by-nc-nd/4.0/
812652,1967046805,Conopidae_Myopa_polystigma_2178542_1967046805,http://creativecommons.org/licenses/by-nc-nd/4.0/
812653,1967046805,Conopidae_Myopa_polystigma_2178543_1967046805,http://creativecommons.org/licenses/by-nc-nd/4.0/
813300,3725852028,Conopidae_Myopa_testacea_510833_3725852028,http://creativecommons.org/licenses/by-nc-nd/4.0/
813338,2843509422,Conopidae_Conops_vesicularis_1609684_2843509422,http://creativecommons.org/licenses/by-nc-nd/4.0/
815323,3906376298,Conopidae_Leopoldius_signatus_3386752_3906376298,http://creativecommons.org/licenses/by-nc-nd/4.0/
815324,3906376298,Conopidae_Leopoldius_signatus_3386753_3906376298,http://creativecommons.org/licenses/by-nc-nd/4.0/
815325,3906376298,Conopidae_Leopoldius_signatus_3386754_3906376298,http://creativecommons.org/licenses/by-nc-nd/4.0/
815326,3906376298,Conopidae_Leopoldius_signatus_3386755_3906376298,http://creativecommons.org/licenses/by-nc-nd/4.0/
815327,3906376298,Conopidae_Leopoldius_signatus_3386756_3906376298,http://creativecommons.org/licenses/by-nc-nd/4.0/
816235,3729079981,Conopidae_Leopoldius_signatus_522464_3729079981,http://creativecommons.org/licenses/by-nc-nd/4.0/
816236,3729079981,Conopidae_Leopoldius_signatus_522465_3729079981,http://creativecommons.org/licenses/by-nc-nd/4.0/
816237,3729079981,Conopidae_Leopoldius_signatus_522466_3729079981,http://creativecommons.org/licenses/by-nc-nd/4.0/
816238,3729079981,Conopidae_Leopoldius_signatus_522467_3729079981,http://creativecommons.org/licenses/by-nc-nd/4.0/
817916,1967220991,Conopidae_Myopa_vicaria_2178684_1967220991,http://creativecommons.org/licenses/by-nc-nd/4.0/
818098,1970552670,Conopidae_Myopa_buccata_2873706_1970552670,http://creativecommons.org/licenses/by-nc-nd/4.0/
818099,1970552670,Conopidae_Myopa_buccata_2873707_1970552670,http://creativecommons.org/licenses/by-nc-nd/4.0/
818822,3717824229,Conopidae_Leopoldius_coronatus_3242967_3717824229,http://creativecommons.org/licenses/by-nc/4.0/
818823,3717824229,Conopidae_Leopoldius_coronatus_3242968_3717824229,http://creativecommons.org/licenses/by-nc/4.0/
819242,1962676732,Conopidae_Myopa_fasciata_1482436_1962676732,http://creativecommons.org/licenses/by-nc-nd/4.0/
819360,2839425632,Conopidae_Myopa_buccata_223095_2839425632,http://creativecommons.org/licenses/by-nc-nd/4.0/
819361,2839425632,Conopidae_Myopa_buccata_223096_2839425632,http://creativecommons.org/licenses/by-nc-nd/4.0/
819717,1974099033,Conopidae_Myopa_buccata_811352_1974099033,http://creativecommons.org/licenses/by-nc-nd/4.0/
819859,1972761402,Conopidae_Myopa_fasciata_2186086_1972761402,http://creativecommons.org/licenses/by-nc/4.0/
819860,1972761402,Conopidae_Myopa_fasciata_2186087_1972761402,http://creativecommons.org/licenses/by-nc/4.0/
819861,1972761402,Conopidae_Myopa_fasciata_2186088_1972761402,http://creativecommons.org/licenses/by-nc/4.0/
820287,3730967485,Conopidae_Zodion_kroeberi_1908946_3730967485,http://creativecommons.org/licenses/by-nc-nd/4.0/
820288,3730967485,Conopidae_Zodion_kroeberi_1908947_3730967485,http://creativecommons.org/licenses/by-nc-nd/4.0/
820289,3730967485,Conopidae_Zodion_kroeberi_1908948_3730967485,http://creativecommons.org/licenses/by-nc-nd/4.0/
820290,3730967485,Conopidae_Zodion_kroeberi_1908949_3730967485,http://creativecommons.org/licenses/by-nc-nd/4.0/
820291,3730967485,Conopidae_Zodion_kroeberi_1908950_3730967485,http://creativecommons.org/licenses/by-nc-nd/4.0/
820292,3730967485,Conopidae_Zodion_kroeberi_1908951_3730967485,http://creativecommons.org/licenses/by-nc-nd/4.0/
820293,3730967485,Conopidae_Zodion_kroeberi_1908952_3730967485,http://creativecommons.org/licenses/by-nc-nd/4.0/
820294,3730967485,Conopidae_Zodion_kroeberi_1908953_3730967485,http://creativecommons.org/licenses/by-nc-nd/4.0/
820390,3730089455,Conopidae_Zodion_cinereum_1904136_3730089455,http://creativecommons.org/licenses/by-nc-nd/4.0/
820579,2834123116,Conopidae_Conops_flavipes_2281849_2834123116,http://creativecommons.org/licenses/by-nc/4.0/
820670,1952892870,Conopidae_Zodion_cinereum_2157398_1952892870,http://creativecommons.org/licenses/by-nc-nd/4.0/
820700,3720667252,Conopidae_Physocephala_nigra_3250200_3720667252,http://creativecommons.org/licenses/by-nc-nd/4.0/
821741,2835794556,Conopidae_Conops_quadrifasciatus_2284936_2835794556,http://creativecommons.org/licenses/by-nc-nd/4.0/
822330,2836680899,Conopidae_Myopa_tessellatipennis_2285973_2836680899,http://creativecommons.org/licenses/by-nc-nd/4.0/
822492,3729322292,Conopidae_Thecophora_cinerascens_1212058_3729322292,http://creativecommons.org/licenses/by-nc/4.0/
822547,3823322685,Conopidae_Sicus_ferrugineus_1939406_3823322685,http://creativecommons.org/licenses/by-nc-nd/4.0/
823630,3721954834,Conopidae_Physocephala_rufipes_500470_3721954834,http://creativecommons.org/licenses/by-nc-nd/4.0/
823693,1965977356,Conopidae_Abrachyglossum_capitatum_107702_1965977356,http://creativecommons.org/licenses/by-nc-nd/4.0/
823694,1965977356,Conopidae_Abrachyglossum_capitatum_107703_1965977356,http://creativecommons.org/licenses/by-nc-nd/4.0/
823695,1965977356,Conopidae_Abrachyglossum_capitatum_107704_1965977356,http://creativecommons.org/licenses/by-nc-nd/4.0/
823884,3724309798,Conopidae_Conops_strigatus_2576373_3724309798,http://creativecommons.org/licenses/by-nc-nd/4.0/
823885,3724309798,Conopidae_Conops_strigatus_2576374_3724309798,http://creativecommons.org/licenses/by-nc-nd/4.0/
823886,3724309798,Conopidae_Conops_strigatus_2576375_3724309798,http://creativecommons.org/licenses/by-nc-nd/4.0/
823944,1976127834,Conopidae_Physocephala_rufipes_813232_1976127834,http://creativecommons.org/licenses/by-nc/4.0/
824599,2836361113,Conopidae_Myopa_dorsalis_2285596_2836361113,http://creativecommons.org/licenses/by-nc/4.0/
824600,2836361113,Conopidae_Myopa_dorsalis_2285597_2836361113,http://creativecommons.org/licenses/by-nc/4.0/
825114,1953039973,Conopidae_Thecophora_cinerascens_2157776_1953039973,http://creativecommons.org/licenses/by-nc-nd/4.0/
825115,1953039973,Conopidae_Thecophora_cinerascens_2157777_1953039973,http://creativecommons.org/licenses/by-nc-nd/4.0/
825116,1953039973,Conopidae_Thecophora_cinerascens_2157778_1953039973,http://creativecommons.org/licenses/by-nc-nd/4.0/
825258,3720679593,Conopidae_Physocephala_nigra_492063_3720679593,http://creativecommons.org/licenses/by-nc-nd/4.0/
825708,3729739041,Conopidae_Myopa_tessellatipennis_524496_3729739041,http://creativecommons.org/licenses/by-nc-nd/4.0/
826070,3731340573,Conopidae_Abrachyglossum_capitatum_1221725_3731340573,http://creativecommons.org/licenses/by-nc/4.0/
826071,3731340573,Conopidae_Abrachyglossum_capitatum_1221726_3731340573,http://creativecommons.org/licenses/by-nc/4.0/
826143,2837357700,Conopidae_Abrachyglossum_capitatum_2287671_2837357700,http://creativecommons.org/licenses/by-nc/4.0/
827456,3730901191,Conopidae_Sicus_ferrugineus_3288627_3730901191,http://creativecommons.org/licenses/by-nc-nd/4.0/
827773,3730574184,Conopidae_Abrachyglossum_capitatum_528450_3730574184,http://creativecommons.org/licenses/by-nc-nd/4.0/
827774,3730574184,Conopidae_Abrachyglossum_capitatum_528451_3730574184,http://creativecommons.org/licenses/by-nc-nd/4.0/
827775,3730574184,Conopidae_Abrachyglossum_capitatum_528452_3730574184,http://creativecommons.org/licenses/by-nc-nd/4.0/
828316,3716457853,Conopidae_Myopa_buccata_1166874_3716457853,http://creativecommons.org/licenses/by-nc-nd/4.0/
828622,3728475163,Conopidae_Conops_strigatus_1209949_3728475163,http://creativecommons.org/licenses/by-nc-sa/4.0/
828623,3728475163,Conopidae_Conops_strigatus_1209950_3728475163,http://creativecommons.org/licenses/by-nc-sa/4.0/
828624,3728475163,Conopidae_Conops_strigatus_1209951_3728475163,http://creativecommons.org/licenses/by-nc-sa/4.0/
828625,3728475163,Conopidae_Conops_strigatus_1209952_3728475163,http://creativecommons.org/licenses/by-nc-sa/4.0/
828626,3728475163,Conopidae_Conops_strigatus_1209953_3728475163,http://creativecommons.org/licenses/by-nc-sa/4.0/
828627,3728475163,Conopidae_Conops_strigatus_1209954_3728475163,http://creativecommons.org/licenses/by-nc-sa/4.0/
828628,3728475163,Conopidae_Conops_strigatus_1209955_3728475163,http://creativecommons.org/licenses/by-nc-sa/4.0/
828629,3728475163,Conopidae_Conops_strigatus_1209956_3728475163,http://creativecommons.org/licenses/by-nc-sa/4.0/
828630,3728475163,Conopidae_Conops_strigatus_1209957_3728475163,http://creativecommons.org/licenses/by-nc-sa/4.0/
829153,3717369948,Conopidae_Physocephala_rufipes_1171395_3717369948,http://creativecommons.org/licenses/by-nc-nd/4.0/
829277,1970910606,Conopidae_Myopa_tessellatipennis_806596_1970910606,http://creativecommons.org/licenses/by-nc-nd/4.0/
829673,3722732933,Conopidae_Myopa_fasciata_1883758_3722732933,http://creativecommons.org/licenses/by-nc-nd/4.0/
829789,3907156049,Conopidae_Physocephala_rufipes_633399_3907156049,http://creativecommons.org/publicdomain/zero/1.0/
831068,1972912241,Conopidae_Myopa_fasciata_1497168_1972912241,http://creativecommons.org/licenses/by-nc-nd/4.0/
831234,1955237525,Conopidae_Conops_quadrifasciatus_92381_1955237525,http://creativecommons.org/licenses/by-nc-nd/4.0/
831235,1955237525,Conopidae_Conops_quadrifasciatus_92382_1955237525,http://creativecommons.org/licenses/by-nc-nd/4.0/
831954,3724889796,Conopidae_Abrachyglossum_capitatum_3266973_3724889796,http://creativecommons.org/licenses/by-nc-nd/4.0/
831955,3724889796,Conopidae_Abrachyglossum_capitatum_3266974_3724889796,http://creativecommons.org/licenses/by-nc-nd/4.0/
832936,2844230291,Conopidae_Myopa_tessellatipennis_2299662_2844230291,http://creativecommons.org/licenses/by-nc-nd/4.0/
833883,3732794211,Conopidae_Conops_flavicauda_3298366_3732794211,http://creativecommons.org/licenses/by-nc-nd/4.0/
834214,1974600634,Conopidae_Myopa_hirsuta_812011_1974600634,http://creativecommons.org/licenses/by-nc-nd/4.0/
834215,1974600634,Conopidae_Myopa_hirsuta_812012_1974600634,http://creativecommons.org/licenses/by-nc-nd/4.0/
834216,1974600634,Conopidae_Myopa_hirsuta_812013_1974600634,http://creativecommons.org/licenses/by-nc-nd/4.0/
834300,3995565118,Conopidae_Leopoldius_calceatus_2734354_3995565118,http://creativecommons.org/licenses/by-nc-nd/4.0/
834301,3995565118,Conopidae_Leopoldius_calceatus_2734355_3995565118,http://creativecommons.org/licenses/by-nc-nd/4.0/
836179,2837549359,Conopidae_Myopa_vicaria_910313_2837549359,http://creativecommons.org/licenses/by-nc-nd/4.0/
837853,1953398320,Conopidae_Myopa_polystigma_1469418_1953398320,http://creativecommons.org/licenses/by-nc/4.0/
837854,1953398320,Conopidae_Myopa_polystigma_1469419_1953398320,http://creativecommons.org/licenses/by-nc/4.0/
838896,3826778165,Conopidae_Conops_vesicularis_569355_3826778165,http://creativecommons.org/licenses/by-nc-sa/4.0/
838952,3731000921,Conopidae_Myopa_fasciata_1219812_3731000921,http://creativecommons.org/licenses/by-nd/4.0/
838953,3731000921,Conopidae_Myopa_fasciata_1219813_3731000921,http://creativecommons.org/licenses/by-nd/4.0/
839646,3730046859,Conopidae_Myopa_tessellatipennis_2593326_3730046859,http://creativecommons.org/licenses/by-nc-nd/4.0/
839778,1972972790,Conopidae_Physocephala_rufipes_1497349_1972972790,http://creativecommons.org/licenses/by-nc-nd/4.0/
840092,3722278859,Conopidae_Abrachyglossum_capitatum_1881017_3722278859,http://creativecommons.org/licenses/by-nc-nd/4.0/
840255,3720287042,Conopidae_Myopa_testacea_3248804_3720287042,http://creativecommons.org/licenses/by-nc-sa/4.0/
840258,3720287042,Conopidae_Myopa_testacea_3248807_3720287042,http://creativecommons.org/licenses/by-nc-sa/4.0/
840601,3823620519,Conopidae_Myopa_polystigma_3320176_3823620519,http://creativecommons.org/licenses/by-nc-nd/4.0/
840637,3728686336,Conopidae_Myopa_testacea_1899811_3728686336,http://creativecommons.org/licenses/by-nc-nd/4.0/
840639,3728686336,Conopidae_Myopa_testacea_1899813_3728686336,http://creativecommons.org/licenses/by-nc-nd/4.0/
840749,3825684252,Conopidae_Conops_vesicularis_1945073_3825684252,http://creativecommons.org/licenses/by-nc-nd/4.0/
841953,3904845599,Conopidae_Myopa_testacea_619883_3904845599,http://creativecommons.org/licenses/by-nc-nd/4.0/
841954,3904845599,Conopidae_Myopa_testacea_619884_3904845599,http://creativecommons.org/licenses/by-nc-nd/4.0/
843357,1969201723,Conopidae_Myopa_fasciata_2870629_1969201723,http://creativecommons.org/licenses/by-nc-nd/4.0/
843358,1969201723,Conopidae_Myopa_fasciata_2870630_1969201723,http://creativecommons.org/licenses/by-nc-nd/4.0/
845044,1959574126,Conopidae_Conops_quadrifasciatus_1478462_1959574126,http://creativecommons.org/licenses/by-nc-nd/4.0/
845065,1961186051,Conopidae_Physocephala_rufipes_792221_1961186051,http://creativecommons.org/licenses/by-nc-nd/4.0/
847595,3726989149,Conopidae_Conops_scutellatus_1204963_3726989149,http://creativecommons.org/licenses/by-nc-nd/4.0/
848973,2834326364,Conopidae_Myopa_fasciata_2282740_2834326364,http://creativecommons.org/licenses/by-nc-nd/4.0/
850325,3727900640,Conopidae_Conops_scutellatus_2587020_3727900640,http://creativecommons.org/licenses/by-nc-nd/4.0/
851291,2839867482,Conopidae_Myopa_testacea_223420_2839867482,http://creativecommons.org/licenses/by-nc-nd/4.0/
853402,1970644771,Conopidae_Myopa_testacea_2183737_1970644771,http://creativecommons.org/licenses/by-nc-nd/4.0/
854207,2843960053,Conopidae_Physocephala_vittata_2299222_2843960053,http://creativecommons.org/licenses/by-nc-nd/4.0/
854218,3996558401,Conopidae_Conops_elegans_1358624_3996558401,http://creativecommons.org/licenses/by-nc-nd/4.0/
854219,3996558401,Conopidae_Conops_elegans_1358625_3996558401,http://creativecommons.org/licenses/by-nc-nd/4.0/
854262,3727317164,Conopidae_Sicus_ferrugineus_1206261_3727317164,http://creativecommons.org/licenses/by-nc-nd/4.0/
854392,1973585048,Conopidae_Sicus_ferrugineus_2877788_1973585048,http://creativecommons.org/licenses/by-nc/4.0/
855630,3726348868,Conopidae_Myopa_buccata_2580904_3726348868,http://creativecommons.org/licenses/by-nc/4.0/
856195,2843871238,Conopidae_Myopa_vicaria_2989745_2843871238,http://creativecommons.org/licenses/by-nc-nd/4.0/
856196,2843871238,Conopidae_Myopa_vicaria_2989746_2843871238,http://creativecommons.org/licenses/by-nc-nd/4.0/
856348,1976936472,Conopidae_Sicus_ferrugineus_1503527_1976936472,http://creativecommons.org/licenses/by-nc/4.0/
856622,3730371013,Conopidae_Conops_vesicularis_1216249_3730371013,http://creativecommons.org/licenses/by-nc-nd/4.0/
857950,1965564945,Conopidae_Myopa_fasciata_2865553_1965564945,http://creativecommons.org/licenses/by-nc-nd/4.0/
858369,1960663275,Conopidae_Physocephala_nigra_791475_1960663275,http://creativecommons.org/licenses/by-nc-nd/4.0/
858370,1960663275,Conopidae_Physocephala_nigra_791476_1960663275,http://creativecommons.org/licenses/by-nc-nd/4.0/
858371,1960663275,Conopidae_Physocephala_nigra_791477_1960663275,http://creativecommons.org/licenses/by-nc-nd/4.0/
859177,3721112003,Conopidae_Conops_vesicularis_3252492_3721112003,http://creativecommons.org/licenses/by-nc-nd/4.0/
859846,2843078161,Conopidae_Conops_scutellatus_2297806_2843078161,http://creativecommons.org/licenses/by-nc-nd/4.0/
859999,1970025371,Conopidae_Myopa_buccata_1493176_1970025371,http://creativecommons.org/licenses/by-nc-nd/4.0/
860011,1969006352,Conopidae_Zodion_kroeberi_111736_1969006352,http://creativecommons.org/licenses/by-nc-nd/4.0/
861370,3722460161,Conopidae_Conops_scutellatus_2571784_3722460161,http://creativecommons.org/licenses/by-nc-nd/4.0/
861634,3731832035,Conopidae_Sicus_ferrugineus_535628_3731832035,http://creativecommons.org/licenses/by-nc-nd/4.0/
863013,3823098616,Conopidae_Myopa_testacea_1249727_3823098616,http://creativecommons.org/licenses/by-nc-nd/4.0/
864162,1966359348,Conopidae_Physocephala_rufipes_799537_1966359348,http://creativecommons.org/licenses/by-nc-nd/4.0/
864300,2841400354,Conopidae_Thecophora_cinerascens_1604355_2841400354,http://creativecommons.org/licenses/by-nc-nd/4.0/
864301,2841400354,Conopidae_Thecophora_cinerascens_1604356_2841400354,http://creativecommons.org/licenses/by-nc-nd/4.0/
864697,2837942580,Conopidae_Myopa_buccata_2979427_2837942580,http://creativecommons.org/licenses/by-nc/4.0/
865844,3905285858,Conopidae_Conops_quadrifasciatus_2000390_3905285858,http://creativecommons.org/licenses/by-nc-nd/4.0/
866499,3726800347,Conopidae_Conops_scutellatus_2582963_3726800347,http://creativecommons.org/licenses/by-nc-nd/4.0/
867883,3996185843,Conopidae_Conops_flavifrons_2046437_3996185843,http://creativecommons.org/licenses/by-nc-nd/4.0/
869032,3729115115,Conopidae_Conops_vesicularis_522551_3729115115,http://creativecommons.org/licenses/by-nc-nd/4.0/
869284,1958508086,Conopidae_Myopa_vicaria_2166415_1958508086,http://creativecommons.org/licenses/by-nc-nd/4.0/
870393,2843673018,Conopidae_Physocephala_rufipes_230957_2843673018,http://creativecommons.org/licenses/by-nc-nd/4.0/
871006,3720329077,Conopidae_Myopa_testacea_3248930_3720329077,http://creativecommons.org/licenses/by-nc/4.0/
871086,1952381761,Conopidae_Conops_quadrifasciatus_87959_1952381761,http://creativecommons.org/licenses/by-nc/4.0/
871144,3725929032,Conopidae_Sicus_ferrugineus_511182_3725929032,http://creativecommons.org/licenses/by-nc-nd/4.0/
871150,2842506794,Conopidae_Sicus_ferrugineus_2296552_2842506794,http://creativecommons.org/licenses/by-nc-nd/4.0/
871170,3722169654,Conopidae_Sicus_ferrugineus_3260206_3722169654,http://creativecommons.org/licenses/by-nc-nd/4.0/
872157,3725737807,Conopidae_Conops_vitellinus_1888900_3725737807,http://creativecommons.org/licenses/by-nc-nd/4.0/
872158,3725737807,Conopidae_Conops_vitellinus_1888901_3725737807,http://creativecommons.org/licenses/by-nc-nd/4.0/
872159,3725737807,Conopidae_Conops_vitellinus_1888902_3725737807,http://creativecommons.org/licenses/by-nc-nd/4.0/
872190,2838981889,Conopidae_Myopa_testacea_222677_2838981889,http://creativecommons.org/licenses/by/4.0/
872225,3731635739,Conopidae_Conops_scutellatus_1912699_3731635739,http://creativecommons.org/licenses/by-nc-nd/4.0/
872334,3732482055,Conopidae_Physocephala_rufipes_3296993_3732482055,http://creativecommons.org/licenses/by-nc-sa/4.0/
872679,2837991890,Conopidae_Sicus_ferrugineus_1599960_2837991890,http://creativecommons.org/licenses/by-nd/4.0/
873658,1967375047,Conopidae_Myopa_vicaria_801136_1967375047,http://creativecommons.org/licenses/by-nc-nd/4.0/
873660,1967375047,Conopidae_Myopa_vicaria_801138_1967375047,http://creativecommons.org/licenses/by-nc-nd/4.0/
873822,1969382087,Conopidae_Conops_scutellatus_1491691_1969382087,http://creativecommons.org/licenses/by-nc-nd/4.0/
873823,1969382087,Conopidae_Conops_scutellatus_1491692_1969382087,http://creativecommons.org/licenses/by-nc-nd/4.0/
874696,3906151356,Conopidae_Physocephala_rufipes_627563_3906151356,http://creativecommons.org/licenses/by-nc-nd/4.0/
875115,3906634684,Conopidae_Myopa_fasciata_630422_3906634684,http://creativecommons.org/licenses/by-nc/4.0/
875214,3904640451,Conopidae_Physocephala_rufipes_618655_3904640451,http://creativecommons.org/licenses/by-nc-nd/4.0/
875953,3731135132,Conopidae_Myopa_fasciata_3289957_3731135132,http://creativecommons.org/licenses/by-nc-nd/4.0/
876010,3731479142,Conopidae_Abrachyglossum_capitatum_1222500_3731479142,http://creativecommons.org/licenses/by-nc-nd/4.0/
876348,2841570755,Conopidae_Myopa_testacea_225926_2841570755,http://creativecommons.org/licenses/by-nc-nd/4.0/
876624,3718190296,Conopidae_Conops_quadrifasciatus_486064_3718190296,http://creativecommons.org/licenses/by-nc-nd/4.0/
876733,3732760309,Conopidae_Conops_vitellinus_540120_3732760309,http://creativecommons.org/licenses/by-nc-nd/4.0/
876734,3732760309,Conopidae_Conops_vitellinus_540121_3732760309,http://creativecommons.org/licenses/by-nc-nd/4.0/
877176,3730461588,Conopidae_Abrachyglossum_capitatum_2595305_3730461588,http://creativecommons.org/licenses/by-nc-nd/4.0/
878164,3715640027,Conopidae_Leopoldius_diadematus_1855073_3715640027,http://creativecommons.org/licenses/by-nc/4.0/
878165,3715640027,Conopidae_Leopoldius_diadematus_1855074_3715640027,http://creativecommons.org/licenses/by-nc/4.0/
878431,1967015997,Conopidae_Myopa_pellucida_800924_1967015997,http://creativecommons.org/licenses/by-nc/4.0/
878432,1967015997,Conopidae_Myopa_pellucida_800925_1967015997,http://creativecommons.org/licenses/by-nc/4.0/
878850,2840488135,Conopidae_Conops_scutellatus_2982684_2840488135,http://creativecommons.org/licenses/by-nc/4.0/
879819,1965709644,Conopidae_Physocephala_rufipes_2175593_1965709644,http://creativecommons.org/licenses/by-nc-nd/4.0/
880195,3722020308,Conopidae_Sicus_ferrugineus_1189732_3722020308,http://creativecommons.org/licenses/by-nc-nd/4.0/
880236,3996673756,Conopidae_Myopa_buccata_2048066_3996673756,http://creativecommons.org/licenses/by-nc-nd/4.0/
881249,1957722293,Conopidae_Thecophora_cinerascens_96342_1957722293,http://creativecommons.org/licenses/by-nc-nd/4.0/
882552,3730170926,Conopidae_Conops_scutellatus_1215312_3730170926,http://creativecommons.org/licenses/by-nc-nd/4.0/
882870,3720037347,Conopidae_Myopa_tessellatipennis_489793_3720037347,http://creativecommons.org/licenses/by-nc-nd/4.0/
882871,3720037347,Conopidae_Myopa_tessellatipennis_489794_3720037347,http://creativecommons.org/licenses/by-nc-nd/4.0/
882935,3720534836,Conopidae_Myopa_tessellatipennis_491463_3720534836,http://creativecommons.org/licenses/by-nc-nd/4.0/
883985,3732286997,Conopidae_Leopoldius_valvatus_1226669_3732286997,http://creativecommons.org/licenses/by-nc-nd/4.0/
883986,3732286997,Conopidae_Leopoldius_valvatus_1226670_3732286997,http://creativecommons.org/licenses/by-nc-nd/4.0/
883987,3732286997,Conopidae_Leopoldius_valvatus_1226671_3732286997,http://creativecommons.org/licenses/by-nc-nd/4.0/
885914,2844113587,Conopidae_Conops_vesicularis_921852_2844113587,http://creativecommons.org/licenses/by-nc-nd/4.0/
886260,3717537946,Conopidae_Sicus_ferrugineus_1172276_3717537946,http://creativecommons.org/licenses/by-nc-nd/4.0/
886372,2840275546,Conopidae_Physocephala_rufipes_2982384_2840275546,http://creativecommons.org/licenses/by-nc-nd/4.0/
886854,2407701096,Conopidae_Myopa_tessellatipennis_2221673_2407701096,© All rights reserved
887219,3451555530,Conopidae_Myopa_buccata_3213390_3451555530,© All rights reserved
888173,1957970080,Conopidae_Sicus_ferrugineus_2855268_1957970080,http://creativecommons.org/licenses/by-nc-nd/4.0/
888234,3722317010,Conopidae_Abrachyglossum_capitatum_503009_3722317010,http://creativecommons.org/licenses/by-nc-nd/4.0/
889228,3717071474,Conopidae_Sicus_ferrugineus_480543_3717071474,http://creativecommons.org/licenses/by-nc-nd/4.0/
889254,3824528397,Conopidae_Myopa_pellucida_1253379_3824528397,http://creativecommons.org/licenses/by-nc-nd/4.0/
889291,2844288677,Conopidae_Myopa_testacea_2990444_2844288677,http://creativecommons.org/licenses/by-nc-sa/4.0/
893497,3905592001,Conopidae_Myopa_testacea_2691625_3905592001,http://creativecommons.org/licenses/by-nc-nd/4.0/
894589,3721145237,Conopidae_Myopa_polystigma_3252688_3721145237,http://creativecommons.org/licenses/by-nc-nd/4.0/
894725,3730939472,Conopidae_Sicus_ferrugineus_1908783_3730939472,http://creativecommons.org/licenses/by-nc-nd/4.0/
894945,1952633664,Conopidae_Conops_flavipes_1467810_1952633664,http://creativecommons.org/licenses/by/4.0/
896212,1974255487,Conopidae_Myopa_testacea_2189197_1974255487,http://creativecommons.org/licenses/by-nc/4.0/
896979,3729918194,Conopidae_Sicus_ferrugineus_2592787_3729918194,http://creativecommons.org/licenses/by/4.0/
897244,3725838030,Conopidae_Abrachyglossum_capitatum_1889281_3725838030,http://creativecommons.org/licenses/by-nc-nd/4.0/
897421,3726115486,Conopidae_Physocephala_nigra_1201135_3726115486,http://creativecommons.org/licenses/by-nc/4.0/
897422,3726115486,Conopidae_Physocephala_nigra_1201136_3726115486,http://creativecommons.org/licenses/by-nc/4.0/
897423,3726115486,Conopidae_Physocephala_nigra_1201137_3726115486,http://creativecommons.org/licenses/by-nc/4.0/
897424,3726115486,Conopidae_Physocephala_nigra_1201138_3726115486,http://creativecommons.org/licenses/by-nc/4.0/
897425,3726115486,Conopidae_Physocephala_nigra_1201139_3726115486,http://creativecommons.org/licenses/by-nc/4.0/
897480,1959532313,Conopidae_Conops_flavipes_2857590_1959532313,http://creativecommons.org/licenses/by-nc-nd/4.0/
897598,3730956076,Conopidae_Conops_scutellatus_1219580_3730956076,http://creativecommons.org/licenses/by-nc-sa/4.0/
897601,3730956076,Conopidae_Conops_scutellatus_1219583_3730956076,http://creativecommons.org/licenses/by-nc-sa/4.0/
897856,3722025661,Conopidae_Conops_quadrifasciatus_2568740_3722025661,http://creativecommons.org/licenses/by-nc-nd/4.0/
898920,3996270349,Conopidae_Leopoldius_calceatus_2736784_3996270349,http://creativecommons.org/licenses/by/4.0/
898921,3996270349,Conopidae_Leopoldius_calceatus_2736785_3996270349,http://creativecommons.org/licenses/by/4.0/
899026,1966781240,Conopidae_Myopa_testacea_800491_1966781240,http://creativecommons.org/licenses/by-nc/4.0/
899032,3732549023,Conopidae_Physocephala_rufipes_2606304_3732549023,http://creativecommons.org/licenses/by-nc-nd/4.0/
899600,1972774595,Conopidae_Myopa_fasciata_117755_1972774595,http://creativecommons.org/licenses/by-nc-nd/4.0/
899695,2842884637,Conopidae_Myopa_fasciata_2297413_2842884637,http://creativecommons.org/licenses/by-nc-nd/4.0/
899914,2842583559,Conopidae_Myopa_fasciata_1607839_2842583559,http://creativecommons.org/licenses/by-nc-nd/4.0/
900127,3906585240,Conopidae_Sicus_ferrugineus_2697634_3906585240,http://creativecommons.org/licenses/by-nc-nd/4.0/
900266,3905593651,Conopidae_Sicus_ferrugineus_624269_3905593651,http://creativecommons.org/licenses/by-nc-nd/4.0/
901442,1970712273,Conopidae_Myopa_polystigma_806243_1970712273,http://creativecommons.org/licenses/by-nc-nd/4.0/
901443,1970712273,Conopidae_Myopa_polystigma_806244_1970712273,http://creativecommons.org/licenses/by-nc-nd/4.0/
901488,3730112154,Conopidae_Abrachyglossum_capitatum_525995_3730112154,http://creativecommons.org/licenses/by-nc-nd/4.0/
901489,3730112154,Conopidae_Abrachyglossum_capitatum_525996_3730112154,http://creativecommons.org/licenses/by-nc-nd/4.0/
901490,3730112154,Conopidae_Abrachyglossum_capitatum_525997_3730112154,http://creativecommons.org/licenses/by-nc-nd/4.0/
901492,3730112154,Conopidae_Abrachyglossum_capitatum_525999_3730112154,http://creativecommons.org/licenses/by-nc-nd/4.0/
901571,3721993646,Conopidae_Thecophora_atra_3258927_3721993646,http://creativecommons.org/licenses/by-nc-nd/4.0/
901572,3721993646,Conopidae_Thecophora_atra_3258928_3721993646,http://creativecommons.org/licenses/by-nc-nd/4.0/
901573,3721993646,Conopidae_Thecophora_atra_3258929_3721993646,http://creativecommons.org/licenses/by-nc-nd/4.0/
902219,2837437304,Conopidae_Conops_scutellatus_1598748_2837437304,http://creativecommons.org/licenses/by-nc-nd/4.0/
904270,3721700532,Conopidae_Sicus_ferrugineus_3256605_3721700532,http://creativecommons.org/licenses/by-nc-nd/4.0/
904485,2836831333,Conopidae_Conops_quadrifasciatus_2976766_2836831333,http://creativecommons.org/licenses/by-nc-nd/4.0/
904537,1970405117,Conopidae_Conops_vesicularis_1493941_1970405117,http://creativecommons.org/licenses/by-nc-nd/4.0/
905577,3905559103,Conopidae_Myopa_tessellatipennis_3381815_3905559103,http://creativecommons.org/licenses/by/4.0/
905643,2841842592,Conopidae_Myopa_testacea_916877_2841842592,http://creativecommons.org/licenses/by-nc-nd/4.0/
906160,3720719901,Conopidae_Conops_vesicularis_2560171_3720719901,http://creativecommons.org/licenses/by-sa/4.0/
907223,3719805511,Conopidae_Myopa_testacea_1178472_3719805511,http://creativecommons.org/licenses/by-nc-nd/4.0/
907621,1960076207,Conopidae_Conops_vesicularis_2858807_1960076207,http://creativecommons.org/licenses/by-nc-nd/4.0/
908069,3721293350,Conopidae_Abrachyglossum_capitatum_3253638_3721293350,http://creativecommons.org/licenses/by-nc-nd/4.0/
908098,1972761789,Conopidae_Conops_scutellatus_808410_1972761789,http://creativecommons.org/licenses/by-nc-sa/4.0/
908099,1972761789,Conopidae_Conops_scutellatus_808411_1972761789,http://creativecommons.org/licenses/by-nc-sa/4.0/
908248,2838660564,Conopidae_Sicus_ferrugineus_2980943_2838660564,http://creativecommons.org/licenses/by-nc-nd/4.0/
908303,3727896880,Conopidae_Leopoldius_signatus_2586997_3727896880,http://creativecommons.org/licenses/by-nc-nd/4.0/
909051,3727563119,Conopidae_Physocephala_rufipes_3276483_3727563119,http://creativecommons.org/licenses/by-nc-nd/4.0/
909921,1965840493,Conopidae_Myopa_fasciata_798201_1965840493,http://creativecommons.org/licenses/by-nc-sa/4.0/
909923,2841571803,Conopidae_Sicus_ferrugineus_225936_2841571803,http://creativecommons.org/licenses/by-nc-nd/4.0/
909937,3907336524,Conopidae_Conops_quadrifasciatus_2701890_3907336524,http://creativecommons.org/licenses/by-nc-nd/4.0/
910338,1959499783,Conopidae_Conops_flavipes_1478317_1959499783,http://creativecommons.org/licenses/by-nc-nd/4.0/
910664,3826916268,Conopidae_Conops_vesicularis_2637466_3826916268,http://creativecommons.org/licenses/by-nc-nd/4.0/
910666,3826916268,Conopidae_Conops_vesicularis_2637468_3826916268,http://creativecommons.org/licenses/by-nc-nd/4.0/
910832,2835403301,Conopidae_Conops_vesicularis_2284704_2835403301,http://creativecommons.org/licenses/by-nc-nd/4.0/
910993,3905404212,Conopidae_Physocephala_nigra_3380976_3905404212,http://creativecommons.org/licenses/by-nc-nd/4.0/
910994,3905404212,Conopidae_Physocephala_nigra_3380977_3905404212,http://creativecommons.org/licenses/by-nc-nd/4.0/
912403,3730506333,Conopidae_Myopa_fasciata_1217012_3730506333,http://creativecommons.org/licenses/by-nc/4.0/
912461,3997399501,Conopidae_Leopoldius_signatus_2740792_3997399501,http://creativecommons.org/licenses/by-nc-nd/4.0/
912462,3997399501,Conopidae_Leopoldius_signatus_2740793_3997399501,http://creativecommons.org/licenses/by-nc-nd/4.0/
912463,1962695085,Conopidae_Conops_quadrifasciatus_2861726_1962695085,http://creativecommons.org/licenses/by-nc-nd/4.0/
912945,2627011184,Conopidae_Myopa_testacea_1570402_2627011184,© All rights reserved
913535,1883228493,Conopidae_Conops_strigatus_2838707_1883228493,© All rights reserved
913571,2403638310,Conopidae_Conops_strigatus_2220776_2403638310,© All rights reserved
914012,1955045932,Conopidae_Myopa_fasciata_2850036_1955045932,http://creativecommons.org/licenses/by-nc-nd/4.0/
914971,3728243437,Conopidae_Myopa_testacea_2587971_3728243437,http://creativecommons.org/licenses/by-nc-nd/4.0/
915499,2841052612,Conopidae_Myopa_vicaria_1603674_2841052612,http://creativecommons.org/licenses/by-nc-nd/4.0/
915500,2841052612,Conopidae_Myopa_vicaria_1603675_2841052612,http://creativecommons.org/licenses/by-nc-nd/4.0/
916249,3728418368,Conopidae_Conops_scutellatus_520718_3728418368,http://creativecommons.org/licenses/by-nc-nd/4.0/
916418,3716529448,Conopidae_Sicus_ferrugineus_1167184_3716529448,http://creativecommons.org/licenses/by/4.0/
917021,3722240012,Conopidae_Physocephala_rufipes_1880737_3722240012,http://creativecommons.org/licenses/by-nc/4.0/
917178,3721372542,Conopidae_Abrachyglossum_capitatum_496149_3721372542,http://creativecommons.org/licenses/by-nc-nd/4.0/
917820,3823469475,Conopidae_Conops_vesicularis_1250711_3823469475,http://creativecommons.org/licenses/by-nc-nd/4.0/
918652,1977280690,Conopidae_Myopa_buccata_1504332_1977280690,http://creativecommons.org/licenses/by-nc-nd/4.0/
919669,3720447614,Conopidae_Myopa_tessellatipennis_1869536_3720447614,http://creativecommons.org/licenses/by-nc-nd/4.0/
919670,3720447614,Conopidae_Myopa_tessellatipennis_1869537_3720447614,http://creativecommons.org/licenses/by-nc-nd/4.0/
919673,3720447614,Conopidae_Myopa_tessellatipennis_1869540_3720447614,http://creativecommons.org/licenses/by-nc-nd/4.0/
920179,3904472713,Conopidae_Sicus_ferrugineus_3375533_3904472713,http://creativecommons.org/licenses/by-nc-nd/4.0/
921142,3729522691,Conopidae_Myopa_testacea_1212695_3729522691,http://creativecommons.org/licenses/by-nc-nd/4.0/
921240,3725743614,Conopidae_Myopa_tessellatipennis_510372_3725743614,http://creativecommons.org/licenses/by-nc-nd/4.0/
921621,1970355481,Conopidae_Conops_vesicularis_114805_1970355481,http://creativecommons.org/licenses/by-nc-nd/4.0/
922454,3465957543,Conopidae_Physocephala_tibialis_3224175_3465957543,http://creativecommons.org/licenses/by-nc/4.0/
922461,3902988942,Conopidae_Physocephala_tibialis_1299276_3902988942,http://creativecommons.org/licenses/by-nc/4.0/
923033,3112329369,Conopidae_Physocephala_nigra_2351838_3112329369,http://creativecommons.org/licenses/by-nc/4.0/
923034,3112329369,Conopidae_Physocephala_nigra_2351839_3112329369,http://creativecommons.org/licenses/by-nc/4.0/
923035,3112329369,Conopidae_Physocephala_nigra_2351840_3112329369,http://creativecommons.org/licenses/by-nc/4.0/
923096,3889030574,Conopidae_Physocephala_tibialis_600695_3889030574,http://creativecommons.org/licenses/by/4.0/
923203,2802551618,Conopidae_Conops_vesicularis_1579437_2802551618,http://creativecommons.org/licenses/by/4.0/
923418,3070321166,Conopidae_Conops_quadrifasciatus_965158_3070321166,http://creativecommons.org/licenses/by-sa/4.0/
923545,3031656291,Conopidae_Conops_vesicularis_955686_3031656291,http://creativecommons.org/licenses/by-nc/4.0/
925246,1959726706,Conopidae_Conops_scutellatus_99693_1959726706,http://creativecommons.org/licenses/by-nc-nd/4.0/
927030,3726667675,Conopidae_Myopa_tessellatipennis_2582388_3726667675,http://creativecommons.org/licenses/by-nc-nd/4.0/
927674,2845123128,Conopidae_Sicus_ferrugineus_924593_2845123128,http://creativecommons.org/licenses/by-sa/4.0/
928415,3717948295,Conopidae_Thecophora_jakutica_3243547_3717948295,http://creativecommons.org/licenses/by-nc-nd/4.0/
928416,3717948295,Conopidae_Thecophora_jakutica_3243548_3717948295,http://creativecommons.org/licenses/by-nc-nd/4.0/
928417,3717948295,Conopidae_Thecophora_jakutica_3243549_3717948295,http://creativecommons.org/licenses/by-nc-nd/4.0/
928672,3904535282,Conopidae_Physocephala_rufipes_617978_3904535282,http://creativecommons.org/licenses/by-nc-nd/4.0/
928884,2836352352,Conopidae_Myopa_polystigma_2285577_2836352352,http://creativecommons.org/licenses/by-nc-nd/4.0/
929598,3717549565,Conopidae_Physocephala_rufipes_1172318_3717549565,http://creativecommons.org/licenses/by-sa/4.0/
929599,3717549565,Conopidae_Physocephala_rufipes_1172319_3717549565,http://creativecommons.org/licenses/by-sa/4.0/
930005,3729902040,Conopidae_Myopa_tessellatipennis_1214045_3729902040,http://creativecommons.org/licenses/by-nc-nd/4.0/
930047,2841226862,Conopidae_Myopa_tessellatipennis_1603942_2841226862,http://creativecommons.org/licenses/by-nc-nd/4.0/
930439,1975194297,Conopidae_Myopa_testacea_121563_1975194297,http://creativecommons.org/licenses/by-nc-nd/4.0/
930685,3716617237,Conopidae_Physocephala_nigra_478096_3716617237,http://creativecommons.org/licenses/by-nc/4.0/
931019,3905535083,Conopidae_Conops_vesicularis_623937_3905535083,http://creativecommons.org/licenses/by-nc/4.0/
931434,3904022984,Conopidae_Myopa_buccata_614635_3904022984,http://creativecommons.org/licenses/by-nc-nd/4.0/
931975,3721390325,Conopidae_Abrachyglossum_capitatum_3254299_3721390325,http://creativecommons.org/licenses/by-nc-nd/4.0/
933057,3717924722,Conopidae_Physocephala_rufipes_2553206_3717924722,http://creativecommons.org/licenses/by-nc-nd/4.0/
933626,2833932697,Conopidae_Sicus_ferrugineus_2971604_2833932697,http://creativecommons.org/licenses/by-nc-nd/4.0/
934127,3906903765,Conopidae_Sicus_ferrugineus_3389823_3906903765,http://creativecommons.org/licenses/by-nc-nd/4.0/
934136,1976549454,Conopidae_Sicus_ferrugineus_1502525_1976549454,http://creativecommons.org/licenses/by-nc-nd/4.0/
934177,3904813311,Conopidae_Physocephala_rufipes_1997652_3904813311,http://creativecommons.org/licenses/by-nc-nd/4.0/
934324,3905560972,Conopidae_Myopa_testacea_624089_3905560972,http://creativecommons.org/licenses/by-nc-nd/4.0/
935612,3721740584,Conopidae_Sicus_ferrugineus_498865_3721740584,http://creativecommons.org/licenses/by-nc-nd/4.0/
935695,2845151429,Conopidae_Leopoldius_valvatus_924644_2845151429,http://creativecommons.org/licenses/by/4.0/
935696,2845151429,Conopidae_Leopoldius_valvatus_924645_2845151429,http://creativecommons.org/licenses/by/4.0/
935697,2845151429,Conopidae_Leopoldius_valvatus_924646_2845151429,http://creativecommons.org/licenses/by/4.0/
935698,2845151429,Conopidae_Leopoldius_valvatus_924647_2845151429,http://creativecommons.org/licenses/by/4.0/
935699,2845151429,Conopidae_Leopoldius_valvatus_924648_2845151429,http://creativecommons.org/licenses/by/4.0/
935700,2845151429,Conopidae_Leopoldius_valvatus_924649_2845151429,http://creativecommons.org/licenses/by/4.0/
935701,2845151429,Conopidae_Leopoldius_valvatus_924650_2845151429,http://creativecommons.org/licenses/by/4.0/
935702,2845151429,Conopidae_Leopoldius_valvatus_924651_2845151429,http://creativecommons.org/licenses/by/4.0/
935731,3904074241,Conopidae_Myopa_pellucida_2682426_3904074241,http://creativecommons.org/licenses/by-nc-nd/4.0/
936157,3721928045,Conopidae_Myopa_fasciata_500265_3721928045,http://creativecommons.org/licenses/by-nc-nd/4.0/
936159,3721928045,Conopidae_Myopa_fasciata_500267_3721928045,http://creativecommons.org/licenses/by-nc-nd/4.0/
936558,2837601320,Conopidae_Myopa_testacea_2288278_2837601320,http://creativecommons.org/licenses/by-nc-nd/4.0/
936836,1961559786,Conopidae_Conops_flavipes_102248_1961559786,http://creativecommons.org/publicdomain/zero/1.0/
937089,3725310755,Conopidae_Conops_vitellinus_1198254_3725310755,http://creativecommons.org/licenses/by-nc/4.0/
937090,3725310755,Conopidae_Conops_vitellinus_1198255_3725310755,http://creativecommons.org/licenses/by-nc/4.0/
937091,3725310755,Conopidae_Conops_vitellinus_1198256_3725310755,http://creativecommons.org/licenses/by-nc/4.0/
937092,3725310755,Conopidae_Conops_vitellinus_1198257_3725310755,http://creativecommons.org/licenses/by-nc/4.0/
937304,3725470339,Conopidae_Myopa_tessellatipennis_1198542_3725470339,http://creativecommons.org/licenses/by-nc-nd/4.0/
937610,1964172652,Conopidae_Physocephala_rufipes_2172644_1964172652,http://creativecommons.org/licenses/by-nc-sa/4.0/
937627,1955246121,Conopidae_Physocephala_rufipes_1471628_1955246121,http://creativecommons.org/licenses/by-nc-sa/4.0/
937729,3826536820,Conopidae_Myopa_vicaria_568824_3826536820,http://creativecommons.org/licenses/by-nc-nd/4.0/
938171,1970016327,Conopidae_Myopa_testacea_2182546_1970016327,http://creativecommons.org/licenses/by-nc-nd/4.0/
938172,1970016327,Conopidae_Myopa_testacea_2182547_1970016327,http://creativecommons.org/licenses/by-nc-nd/4.0/
938273,3905788765,Conopidae_Sicus_ferrugineus_2003186_3905788765,http://creativecommons.org/licenses/by-nc-nd/4.0/
939269,3904063679,Conopidae_Myopa_tessellatipennis_1303699_3904063679,http://creativecommons.org/licenses/by-nc-nd/4.0/
939270,3904063679,Conopidae_Myopa_tessellatipennis_1303700_3904063679,http://creativecommons.org/licenses/by-nc-nd/4.0/
940522,3717129982,Conopidae_Physocephala_rufipes_2549269_3717129982,http://creativecommons.org/licenses/by-nc-nd/4.0/
941170,1961633613,Conopidae_Conops_quadrifasciatus_1481583_1961633613,http://creativecommons.org/publicdomain/zero/1.0/
942029,1958408615,Conopidae_Myopa_vicaria_97809_1958408615,http://creativecommons.org/licenses/by-nc-nd/4.0/
942030,1958408615,Conopidae_Myopa_vicaria_97810_1958408615,http://creativecommons.org/licenses/by-nc-nd/4.0/
942132,3729919995,Conopidae_Myopa_buccata_2592795_3729919995,http://creativecommons.org/licenses/by-nc-nd/4.0/
943258,3727705548,Conopidae_Conops_scutellatus_2586406_3727705548,http://creativecommons.org/licenses/by-nc/4.0/
943278,2834448676,Conopidae_Leopoldius_brevirostris_2973718_2834448676,http://creativecommons.org/licenses/by-nc-nd/4.0/
943279,2834448676,Conopidae_Leopoldius_brevirostris_2973719_2834448676,http://creativecommons.org/licenses/by-nc-nd/4.0/
943280,2834448676,Conopidae_Leopoldius_brevirostris_2973720_2834448676,http://creativecommons.org/licenses/by-nc-nd/4.0/
943281,2834448676,Conopidae_Leopoldius_brevirostris_2973721_2834448676,http://creativecommons.org/licenses/by-nc-nd/4.0/
943283,2837904530,Conopidae_Myopa_testacea_1599748_2837904530,http://creativecommons.org/licenses/by-nc-nd/4.0/
943484,3824624451,Conopidae_Conops_vesicularis_1253685_3824624451,http://creativecommons.org/licenses/by-nc-nd/4.0/
943594,3721020755,Conopidae_Sicus_ferrugineus_1182808_3721020755,http://creativecommons.org/licenses/by-nc-nd/4.0/
944046,3720719931,Conopidae_Conops_vesicularis_1181216_3720719931,http://creativecommons.org/licenses/by-nc-nd/4.0/
945495,1963249776,Conopidae_Myopa_testacea_2862355_1963249776,http://creativecommons.org/licenses/by/4.0/
945585,1960667262,Conopidae_Conops_strigatus_791479_1960667262,http://creativecommons.org/licenses/by/4.0/
945809,3904120026,Conopidae_Sicus_ferrugineus_1304076_3904120026,http://creativecommons.org/licenses/by-nc-nd/4.0/
946896,3731825573,Conopidae_Physocephala_rufipes_3293646_3731825573,http://creativecommons.org/licenses/by-nc-nd/4.0/
947008,1954757108,Conopidae_Conops_vesicularis_781847_1954757108,http://creativecommons.org/licenses/by-nc-sa/4.0/
947009,1954757108,Conopidae_Conops_vesicularis_781848_1954757108,http://creativecommons.org/licenses/by-nc-sa/4.0/
947201,2833797889,Conopidae_Myopa_tessellatipennis_903002_2833797889,http://creativecommons.org/licenses/by-nc/4.0/
947558,3721145925,Conopidae_Abrachyglossum_capitatum_2562494_3721145925,http://creativecommons.org/licenses/by-nc-sa/4.0/
947579,2843205953,Conopidae_Myopa_vicaria_2988679_2843205953,http://creativecommons.org/licenses/by-nc/4.0/
947580,2843205953,Conopidae_Myopa_vicaria_2988680_2843205953,http://creativecommons.org/licenses/by-nc/4.0/
947582,2843205953,Conopidae_Myopa_vicaria_2988682_2843205953,http://creativecommons.org/licenses/by-nc/4.0/
947868,3730845298,Conopidae_Conops_vesicularis_3288297_3730845298,http://creativecommons.org/licenses/by-nc-nd/4.0/
948414,3906947673,Conopidae_Sicus_ferrugineus_632188_3906947673,http://creativecommons.org/publicdomain/zero/1.0/
948649,1952554712,Conopidae_Conops_scutellatus_2156631_1952554712,http://creativecommons.org/licenses/by-nc-nd/4.0/
949461,3728094732,Conopidae_Conops_scutellatus_519768_3728094732,http://creativecommons.org/licenses/by-nc-nd/4.0/
949463,3728094732,Conopidae_Conops_scutellatus_519770_3728094732,http://creativecommons.org/licenses/by-nc-nd/4.0/
949628,2843452173,Conopidae_Conops_vesicularis_1609585_2843452173,http://creativecommons.org/licenses/by-nc-nd/4.0/
950293,2843015373,Conopidae_Conops_scutellatus_2988293_2843015373,http://creativecommons.org/licenses/by-nc/4.0/
950326,3906675942,Conopidae_Myopa_tessellatipennis_2008433_3906675942,http://creativecommons.org/licenses/by-nc-nd/4.0/
952007,3732956263,Conopidae_Myopa_fasciata_1229739_3732956263,http://creativecommons.org/licenses/by-nc/4.0/
952008,3732956263,Conopidae_Myopa_fasciata_1229740_3732956263,http://creativecommons.org/licenses/by-nc/4.0/
952177,3997380588,Conopidae_Conops_quadrifasciatus_2740721_3997380588,http://creativecommons.org/licenses/by-nc-nd/4.0/
953060,3720295805,Conopidae_Myopa_testacea_490514_3720295805,http://creativecommons.org/licenses/by-nc-nd/4.0/
956295,3726593053,Conopidae_Leopoldius_coronatus_1203350_3726593053,http://creativecommons.org/licenses/by-nc/4.0/
956713,2834067874,Conopidae_Myopa_buccata_903935_2834067874,http://creativecommons.org/licenses/by-nc/4.0/
956714,2834067874,Conopidae_Myopa_buccata_903936_2834067874,http://creativecommons.org/licenses/by-nc/4.0/
957422,3825472109,Conopidae_Myopa_buccata_2634071_3825472109,http://creativecommons.org/licenses/by-nc-nd/4.0/
958936,3726137217,Conopidae_Myopa_testacea_1890495_3726137217,http://creativecommons.org/licenses/by-nc-nd/4.0/
960267,3906499694,Conopidae_Myopa_fasciata_629637_3906499694,http://creativecommons.org/licenses/by-nc-nd/4.0/
960459,2834118780,Conopidae_Myopa_buccata_2972391_2834118780,http://creativecommons.org/licenses/by-nc/4.0/
961128,2841581795,Conopidae_Myopa_buccata_916208_2841581795,http://creativecommons.org/licenses/by-nc/4.0/
961314,2837326603,Conopidae_Myopa_tessellatipennis_909819_2837326603,http://creativecommons.org/licenses/by-nc-nd/4.0/
961352,3906997089,Conopidae_Sicus_ferrugineus_1320964_3906997089,http://creativecommons.org/licenses/by-nc/4.0/
962055,1965953675,Conopidae_Leopoldius_brevirostris_2176069_1965953675,http://creativecommons.org/licenses/by-nc-nd/4.0/
962056,1965953675,Conopidae_Leopoldius_brevirostris_2176070_1965953675,http://creativecommons.org/licenses/by-nc-nd/4.0/
962057,1965953675,Conopidae_Leopoldius_brevirostris_2176071_1965953675,http://creativecommons.org/licenses/by-nc-nd/4.0/
962058,1965953675,Conopidae_Leopoldius_brevirostris_2176072_1965953675,http://creativecommons.org/licenses/by-nc-nd/4.0/
962371,3726069447,Conopidae_Conops_scutellatus_1200900_3726069447,http://creativecommons.org/licenses/by-nc/4.0/
963197,2838342893,Conopidae_Sicus_ferrugineus_912049_2838342893,http://creativecommons.org/licenses/by-nc/4.0/
963819,2837156005,Conopidae_Myopa_testacea_2287107_2837156005,http://creativecommons.org/licenses/by-nc-nd/4.0/
963843,3720657906,Conopidae_Conops_vesicularis_3250173_3720657906,http://creativecommons.org/licenses/by-nc-nd/4.0/
964007,3732208944,Conopidae_Physocephala_rufipes_1915641_3732208944,http://creativecommons.org/licenses/by-nc-nd/4.0/
964328,3823216353,Conopidae_Myopa_testacea_1249991_3823216353,http://creativecommons.org/licenses/by-nc-nd/4.0/
964371,3726642086,Conopidae_Conops_scutellatus_1892954_3726642086,http://creativecommons.org/licenses/by-nc-nd/4.0/
964853,1958204486,Conopidae_Myopa_polystigma_97484_1958204486,http://creativecommons.org/licenses/by-nc-nd/4.0/
964854,1958204486,Conopidae_Myopa_polystigma_97485_1958204486,http://creativecommons.org/licenses/by-nc-nd/4.0/
966371,3905425719,Conopidae_Leopoldius_valvatus_3381117_3905425719,http://creativecommons.org/licenses/by-nc-sa/4.0/
966372,3905425719,Conopidae_Leopoldius_valvatus_3381118_3905425719,http://creativecommons.org/licenses/by-nc-sa/4.0/
966373,3905425719,Conopidae_Leopoldius_valvatus_3381119_3905425719,http://creativecommons.org/licenses/by-nc-sa/4.0/
966548,1965267804,Conopidae_Physocephala_rufipes_2174597_1965267804,http://creativecommons.org/licenses/by-nc-nd/4.0/
966837,3729877354,Conopidae_Conops_vesicularis_524983_3729877354,http://creativecommons.org/licenses/by-nc-nd/4.0/
967464,1966617959,Conopidae_Myopa_testacea_800189_1966617959,http://creativecommons.org/licenses/by-nc-nd/4.0/
968191,3726214577,Conopidae_Sicus_ferrugineus_1890866_3726214577,http://creativecommons.org/licenses/by-nc-nd/4.0/
968351,3907401559,Conopidae_Sicus_ferrugineus_3392520_3907401559,http://creativecommons.org/licenses/by-nc-nd/4.0/
968591,1970758015,Conopidae_Myopa_testacea_115623_1970758015,http://creativecommons.org/licenses/by-nc-nd/4.0/
968592,1970758015,Conopidae_Myopa_testacea_115624_1970758015,http://creativecommons.org/licenses/by-nc-nd/4.0/
969540,2842000107,Conopidae_Myopa_fasciata_227005_2842000107,http://creativecommons.org/licenses/by-nc-nd/4.0/
969772,2833626174,Conopidae_Myopa_tessellatipennis_2970902_2833626174,http://creativecommons.org/licenses/by-nc-nd/4.0/
971341,3722915562,Conopidae_Leopoldius_signatus_2574144_3722915562,http://creativecommons.org/licenses/by-nc-nd/4.0/
971342,3722915562,Conopidae_Leopoldius_signatus_2574145_3722915562,http://creativecommons.org/licenses/by-nc-nd/4.0/
971343,3722915562,Conopidae_Leopoldius_signatus_2574146_3722915562,http://creativecommons.org/licenses/by-nc-nd/4.0/
971344,3722915562,Conopidae_Leopoldius_signatus_2574147_3722915562,http://creativecommons.org/licenses/by-nc-nd/4.0/
971492,2845242331,Conopidae_Myopa_testacea_2993069_2845242331,http://creativecommons.org/licenses/by-nc-nd/4.0/
972536,3996753874,Conopidae_Conops_quadrifasciatus_2048490_3996753874,http://creativecommons.org/licenses/by-nc/4.0/
972896,3720980887,Conopidae_Zodion_cinereum_1182594_3720980887,http://creativecommons.org/licenses/by-nc-nd/4.0/
973959,3997345357,Conopidae_Leopoldius_calceatus_2740596_3997345357,http://creativecommons.org/licenses/by-nc-sa/4.0/
973960,3997345357,Conopidae_Leopoldius_calceatus_2740597_3997345357,http://creativecommons.org/licenses/by-nc-sa/4.0/
974722,2833707364,Conopidae_Conops_scutellatus_212370_2833707364,http://creativecommons.org/licenses/by-nc-nd/4.0/
974850,1974152108,Conopidae_Myopa_testacea_2879227_1974152108,http://creativecommons.org/licenses/by-nc-nd/4.0/
974869,3905085857,Conopidae_Physocephala_rufipes_3379134_3905085857,http://creativecommons.org/licenses/by/4.0/
975105,3906212668,Conopidae_Physocephala_rufipes_3385762_3906212668,http://creativecommons.org/licenses/by-nc-nd/4.0/
975131,3726630659,Conopidae_Physocephala_rufipes_514319_3726630659,http://creativecommons.org/licenses/by/4.0/
975397,3907288974,Conopidae_Myopa_fasciata_2701670_3907288974,http://creativecommons.org/licenses/by-nc-nd/4.0/
976201,3716333489,Conopidae_Myopa_pellucida_3235402_3716333489,http://creativecommons.org/licenses/by-nc-nd/4.0/
976202,3716333489,Conopidae_Myopa_pellucida_3235403_3716333489,http://creativecommons.org/licenses/by-nc-nd/4.0/
976203,3716333489,Conopidae_Myopa_pellucida_3235404_3716333489,http://creativecommons.org/licenses/by-nc-nd/4.0/
976204,3716333489,Conopidae_Myopa_pellucida_3235405_3716333489,http://creativecommons.org/licenses/by-nc-nd/4.0/
976220,3905585792,Conopidae_Myopa_testacea_2001986_3905585792,http://creativecommons.org/licenses/by/4.0/
976528,3906078598,Conopidae_Abrachyglossum_capitatum_1315742_3906078598,http://creativecommons.org/licenses/by-nc-nd/4.0/
976529,3906078598,Conopidae_Abrachyglossum_capitatum_1315743_3906078598,http://creativecommons.org/licenses/by-nc-nd/4.0/
977385,3903926190,Conopidae_Myopa_tessellatipennis_1302761_3903926190,http://creativecommons.org/licenses/by-nc-nd/4.0/
977619,3721365118,Conopidae_Abrachyglossum_capitatum_1184903_3721365118,http://creativecommons.org/licenses/by-nc-nd/4.0/
977621,3721365118,Conopidae_Abrachyglossum_capitatum_1184905_3721365118,http://creativecommons.org/licenses/by-nc-nd/4.0/
977622,3721365118,Conopidae_Abrachyglossum_capitatum_1184906_3721365118,http://creativecommons.org/licenses/by-nc-nd/4.0/
977623,3721365118,Conopidae_Abrachyglossum_capitatum_1184907_3721365118,http://creativecommons.org/licenses/by-nc-nd/4.0/
979032,1961277667,Conopidae_Conops_flavipes_101689_1961277667,http://creativecommons.org/licenses/by-nc-nd/4.0/
979862,3904090571,Conopidae_Sicus_ferrugineus_1993221_3904090571,http://creativecommons.org/licenses/by-nc-nd/4.0/
980069,1953537082,Conopidae_Conops_vesicularis_1469691_1953537082,http://creativecommons.org/licenses/by-nc-nd/4.0/
980774,1955125845,Conopidae_Conops_quadrifasciatus_782585_1955125845,http://creativecommons.org/licenses/by-sa/4.0/
980876,1959474329,Conopidae_Conops_quadrifasciatus_789657_1959474329,http://creativecommons.org/licenses/by-nc-nd/4.0/
981097,1964695188,Conopidae_Physocephala_rufipes_1483963_1964695188,http://creativecommons.org/licenses/by-nc-sa/4.0/
981249,3822593098,Conopidae_Myopa_tessellatipennis_3317582_3822593098,http://creativecommons.org/licenses/by/4.0/
981298,3905540120,Conopidae_Myopa_testacea_2691298_3905540120,http://creativecommons.org/licenses/by-nc-nd/4.0/
981498,1955226464,Conopidae_Conops_flavipes_92351_1955226464,http://creativecommons.org/licenses/by-nc-nd/4.0/
981739,2844743189,Conopidae_Conops_scutellatus_2301268_2844743189,http://creativecommons.org/licenses/by-nc-nd/4.0/
982961,3730998608,Conopidae_Conops_scutellatus_2598212_3730998608,http://creativecommons.org/licenses/by-nc-nd/4.0/
983063,1966583305,Conopidae_Myopa_buccata_2177726_1966583305,http://creativecommons.org/licenses/by-nc/4.0/
983064,1966583305,Conopidae_Myopa_buccata_2177727_1966583305,http://creativecommons.org/licenses/by-nc/4.0/
984430,3826309386,Conopidae_Zodion_cinereum_568404_3826309386,http://creativecommons.org/licenses/by-nc-nd/4.0/
984431,3826309386,Conopidae_Zodion_cinereum_568405_3826309386,http://creativecommons.org/licenses/by-nc-nd/4.0/
984774,3722238169,Conopidae_Abrachyglossum_capitatum_1880718_3722238169,http://creativecommons.org/licenses/by-nc-nd/4.0/
984775,3722238169,Conopidae_Abrachyglossum_capitatum_1880719_3722238169,http://creativecommons.org/licenses/by-nc-nd/4.0/
985029,3906569079,Conopidae_Conops_quadrifasciatus_630040_3906569079,http://creativecommons.org/licenses/by-nc/4.0/
985106,3907091516,Conopidae_Conops_flavipes_2010763_3907091516,http://creativecommons.org/licenses/by-nc-nd/4.0/
985208,1967283956,Conopidae_Myopa_vicaria_2178724_1967283956,http://creativecommons.org/licenses/by-nc-nd/4.0/
986266,3726635132,Conopidae_Myopa_testacea_1203509_3726635132,http://creativecommons.org/licenses/by-nc-nd/4.0/
986549,3904013607,Conopidae_Myopa_tessellatipennis_1992733_3904013607,http://creativecommons.org/licenses/by-nc-nd/4.0/
986841,2236299432,Conopidae_Sicus_ferrugineus_134739_2236299432,http://creativecommons.org/licenses/by-nc/4.0/
987107,3888896523,Conopidae_Physocephala_tibialis_2667753_3888896523,http://creativecommons.org/licenses/by-nc/4.0/
987504,3031672827,Conopidae_Conops_silaceus_3024200_3031672827,http://creativecommons.org/licenses/by-nc/4.0/
987505,3031672827,Conopidae_Conops_silaceus_3024201_3031672827,http://creativecommons.org/licenses/by-nc/4.0/
987515,3858494584,Conopidae_Sicus_ferrugineus_576598_3858494584,http://creativecommons.org/licenses/by-nc/4.0/
987533,3902092294,Conopidae_Leopoldius_signatus_1983361_3902092294,http://creativecommons.org/licenses/by-nc/4.0/
988068,2563456458,Conopidae_Physocephala_rufipes_2939376_2563456458,http://creativecommons.org/publicdomain/zero/1.0/
988069,2563456458,Conopidae_Physocephala_rufipes_2939377_2563456458,http://creativecommons.org/publicdomain/zero/1.0/
988323,2835934095,Conopidae_Myopa_buccata_1596140_2835934095,http://creativecommons.org/licenses/by-nc-nd/4.0/
988459,1969488103,Conopidae_Abrachyglossum_capitatum_2181229_1969488103,http://creativecommons.org/licenses/by-nc-nd/4.0/
988460,1969488103,Conopidae_Abrachyglossum_capitatum_2181230_1969488103,http://creativecommons.org/licenses/by-nc-nd/4.0/
989237,3730257139,Conopidae_Myopa_polystigma_2594287_3730257139,http://creativecommons.org/licenses/by-nc-nd/4.0/
989332,3823873364,Conopidae_Myopa_pellucida_1940668_3823873364,http://creativecommons.org/licenses/by-nc-nd/4.0/
989333,3823873364,Conopidae_Myopa_pellucida_1940669_3823873364,http://creativecommons.org/licenses/by-nc-nd/4.0/
989334,3823873364,Conopidae_Myopa_pellucida_1940670_3823873364,http://creativecommons.org/licenses/by-nc-nd/4.0/
990841,3996293004,Conopidae_Conops_flavipes_1357668_3996293004,http://creativecommons.org/licenses/by-nc/4.0/
991117,3827157988,Conopidae_Myopa_testacea_1948745_3827157988,http://creativecommons.org/licenses/by-nc-nd/4.0/
991627,3714812522,Conopidae_Conops_quadrifasciatus_1854673_3714812522,http://creativecommons.org/licenses/by-nc-nd/4.0/
991675,3907538988,Conopidae_Physocephala_rufipes_1323843_3907538988,http://creativecommons.org/licenses/by-nc-nd/4.0/
992421,3717954236,Conopidae_Physocephala_rufipes_1174239_3717954236,http://creativecommons.org/licenses/by-nc-nd/4.0/
992431,3905840629,Conopidae_Myopa_fasciata_625659_3905840629,http://creativecommons.org/licenses/by-nc-nd/4.0/
992514,3720874465,Conopidae_Conops_vesicularis_493037_3720874465,http://creativecommons.org/licenses/by-nc-nd/4.0/
992639,2839552985,Conopidae_Myopa_testacea_1602147_2839552985,http://creativecommons.org/licenses/by-nc-nd/4.0/
992682,3716663851,Conopidae_Conops_vesicularis_2546830_3716663851,http://creativecommons.org/licenses/by-nc-nd/4.0/
992705,1977015536,Conopidae_Myopa_tessellatipennis_1503720_1977015536,http://creativecommons.org/licenses/by-nc-nd/4.0/
993029,3723382816,Conopidae_Conops_strigatus_3265858_3723382816,http://creativecommons.org/licenses/by-nc-nd/4.0/
993030,3723382816,Conopidae_Conops_strigatus_3265859_3723382816,http://creativecommons.org/licenses/by-nc-nd/4.0/
994222,2834725377,Conopidae_Leopoldius_calceatus_215804_2834725377,http://creativecommons.org/licenses/by-sa/4.0/
994223,2834725377,Conopidae_Leopoldius_calceatus_215805_2834725377,http://creativecommons.org/licenses/by-sa/4.0/
994224,2834725377,Conopidae_Leopoldius_calceatus_215806_2834725377,http://creativecommons.org/licenses/by-sa/4.0/
994777,3905929261,Conopidae_Abrachyglossum_capitatum_626182_3905929261,http://creativecommons.org/licenses/by-nc-nd/4.0/
994778,3905929261,Conopidae_Abrachyglossum_capitatum_626183_3905929261,http://creativecommons.org/licenses/by-nc-nd/4.0/
994780,3905929261,Conopidae_Abrachyglossum_capitatum_626185_3905929261,http://creativecommons.org/licenses/by-nc-nd/4.0/
994781,3905929261,Conopidae_Abrachyglossum_capitatum_626186_3905929261,http://creativecommons.org/licenses/by-nc-nd/4.0/
994799,3717355163,Conopidae_Leopoldius_coronatus_482098_3717355163,http://creativecommons.org/licenses/by-nc/4.0/
995190,2843929348,Conopidae_Zodion_cinereum_231278_2843929348,http://creativecommons.org/licenses/by-nc/4.0/
995754,1955720679,Conopidae_Physocephala_rufipes_1472968_1955720679,http://creativecommons.org/licenses/by-nc-sa/4.0/
996033,1959689628,Conopidae_Leopoldius_brevirostris_790168_1959689628,http://creativecommons.org/licenses/by-nc-nd/4.0/
996382,2843240288,Conopidae_Myopa_testacea_2988732_2843240288,http://creativecommons.org/licenses/by-nc-sa/4.0/
996383,2843240288,Conopidae_Myopa_testacea_2988733_2843240288,http://creativecommons.org/licenses/by-nc-sa/4.0/
996423,3729066855,Conopidae_Myopa_tessellatipennis_1211426_3729066855,http://creativecommons.org/licenses/by-nc-nd/4.0/
997115,2410058459,Conopidae_Conops_strigatus_2222284_2410058459,http://creativecommons.org/licenses/by/4.0/
997329,3329892500,Conopidae_Conops_quadrifasicatus_301384_3329892500,© All rights reserved
997330,3329892500,Conopidae_Conops_quadrifasicatus_301385_3329892500,© All rights reserved
997477,1458918268,Conopidae_Conops_quadrifasciatus_2115886_1458918268,© all rights reserved
997514,2808512005,Conopidae_Conops_quadrifasciatus_893246_2808512005,© all rights reserved
997719,2808066053,Conopidae_Myopa_buccata_2270725_2808066053,© all rights reserved
997884,3431649619,Conopidae_Conops_flavipes_1715885_3431649619,© all rights reserved
998335,2842536871,Conopidae_Conops_flavipes_1607712_2842536871,http://creativecommons.org/licenses/by-nc-nd/4.0/
998752,2838024470,Conopidae_Sicus_ferrugineus_2979671_2838024470,http://creativecommons.org/licenses/by-nc/4.0/
998960,3717677956,Conopidae_Physocephala_rufipes_1862654_3717677956,http://creativecommons.org/licenses/by-nc-nd/4.0/
999635,1957636948,Conopidae_Sicus_ferrugineus_786777_1957636948,http://creativecommons.org/licenses/by-nc-nd/4.0/
999686,1975981132,Conopidae_Zodion_kroeberi_1501446_1975981132,http://creativecommons.org/licenses/by-nc-nd/4.0/
999687,1975981132,Conopidae_Zodion_kroeberi_1501447_1975981132,http://creativecommons.org/licenses/by-nc-nd/4.0/
1000361,3719790217,Conopidae_Myopa_buccata_1867931_3719790217,http://creativecommons.org/licenses/by-nc-nd/4.0/
1000362,3719790217,Conopidae_Myopa_buccata_1867932_3719790217,http://creativecommons.org/licenses/by-nc-nd/4.0/
1000502,3728559792,Conopidae_Conops_scutellatus_1899460_3728559792,http://creativecommons.org/licenses/by-nc-nd/4.0/
1001293,2842411719,Conopidae_Thecophora_atra_228285_2842411719,http://creativecommons.org/licenses/by-nc-nd/4.0/
1001331,2837446221,Conopidae_Sicus_ferrugineus_219734_2837446221,http://creativecommons.org/licenses/by-sa/4.0/
1001562,3907123495,Conopidae_Sicus_ferrugineus_3391079_3907123495,http://creativecommons.org/licenses/by-nc-nd/4.0/
1001788,3905113242,Conopidae_Sicus_ferrugineus_3379279_3905113242,http://creativecommons.org/licenses/by-nc-nd/4.0/
1003012,3721398155,Conopidae_Sicus_ferrugineus_2564117_3721398155,http://creativecommons.org/licenses/by/4.0/
1003166,1961602967,Conopidae_Myopa_testacea_102338_1961602967,http://creativecommons.org/licenses/by/4.0/
1004535,2841558332,Conopidae_Leopoldius_signatus_1604773_2841558332,http://creativecommons.org/licenses/by-nc-nd/4.0/
1004914,1956910953,Conopidae_Myopa_buccata_2853124_1956910953,http://creativecommons.org/licenses/by-nc-nd/4.0/
1004915,1956910953,Conopidae_Myopa_buccata_2853125_1956910953,http://creativecommons.org/licenses/by-nc-nd/4.0/
1004917,1956910953,Conopidae_Myopa_buccata_2853127_1956910953,http://creativecommons.org/licenses/by-nc-nd/4.0/
1004918,1956910953,Conopidae_Myopa_buccata_2853128_1956910953,http://creativecommons.org/licenses/by-nc-nd/4.0/
1005524,3731767300,Conopidae_Abrachyglossum_capitatum_1913360_3731767300,http://creativecommons.org/licenses/by-nc-nd/4.0/
1005713,3906946327,Conopidae_Sicus_ferrugineus_632178_3906946327,http://creativecommons.org/licenses/by-nc-nd/4.0/
1005767,2842103762,Conopidae_Sicus_ferrugineus_917617_2842103762,http://creativecommons.org/licenses/by-nc/4.0/
1006437,2838697128,Conopidae_Leopoldius_calceatus_222344_2838697128,http://creativecommons.org/licenses/by-nc-nd/4.0/
1006438,2838697128,Conopidae_Leopoldius_calceatus_222345_2838697128,http://creativecommons.org/licenses/by-nc-nd/4.0/
1006439,2838697128,Conopidae_Leopoldius_calceatus_222346_2838697128,http://creativecommons.org/licenses/by-nc-nd/4.0/
1006440,2838697128,Conopidae_Leopoldius_calceatus_222347_2838697128,http://creativecommons.org/licenses/by-nc-nd/4.0/
1006441,2838697128,Conopidae_Leopoldius_calceatus_222348_2838697128,http://creativecommons.org/licenses/by-nc-nd/4.0/
1006770,3906120888,Conopidae_Sicus_ferrugineus_1316033_3906120888,http://creativecommons.org/licenses/by-nc-nd/4.0/
1007339,2839610993,Conopidae_Myopa_tessellatipennis_913503_2839610993,http://creativecommons.org/licenses/by-nc-nd/4.0/
1007422,3721531041,Conopidae_Sicus_ferrugineus_1186140_3721531041,http://creativecommons.org/licenses/by-nc-nd/4.0/
1007473,2834471926,Conopidae_Physocephala_rufipes_2283257_2834471926,http://creativecommons.org/licenses/by-nc-nd/4.0/
1008627,3726379280,Conopidae_Myopa_fasciata_513150_3726379280,http://creativecommons.org/licenses/by-nc-nd/4.0/
1009074,3725759503,Conopidae_Myopa_testacea_3268643_3725759503,http://creativecommons.org/licenses/by-nc-nd/4.0/
1009233,3732052138,Conopidae_Physocephala_rufipes_3294837_3732052138,http://creativecommons.org/licenses/by-nc-nd/4.0/
1009422,3722268400,Conopidae_Myopa_fasciata_2570504_3722268400,http://creativecommons.org/licenses/by-nc-nd/4.0/
1010150,3727365094,Conopidae_Abrachyglossum_capitatum_1206431_3727365094,http://creativecommons.org/licenses/by-nc-nd/4.0/
1010242,2834221824,Conopidae_Conops_quadrifasciatus_2282302_2834221824,http://creativecommons.org/licenses/by-nc-nd/4.0/
1010428,3335088996,Conopidae_Physocephala_vittata_306121_3335088996,http://creativecommons.org/licenses/by-nc/4.0/
1010687,3784849102,Conopidae_Myopa_dorsalis_1244618_3784849102,http://creativecommons.org/licenses/by-nc/4.0/
1011461,3912429246,Conopidae_Physocephala_vittata_638155_3912429246,http://creativecommons.org/licenses/by-nc/4.0/
1011462,3912429246,Conopidae_Physocephala_vittata_638156_3912429246,http://creativecommons.org/licenses/by-nc/4.0/
1012827,1891331665,Conopidae_Physocephala_tibialis_2151311_1891331665,http://creativecommons.org/licenses/by-nc/4.0/
1013643,4018291414,Conopidae_Myopa_vicaria_2059074_4018291414,http://creativecommons.org/licenses/by-nc/4.0/
1013644,4018291414,Conopidae_Myopa_vicaria_2059075_4018291414,http://creativecommons.org/licenses/by-nc/4.0/
1013646,4018291414,Conopidae_Myopa_vicaria_2059077_4018291414,http://creativecommons.org/licenses/by-nc/4.0/
1013647,4018291414,Conopidae_Myopa_vicaria_2059078_4018291414,http://creativecommons.org/licenses/by-nc/4.0/
1013648,4018291414,Conopidae_Myopa_vicaria_2059079_4018291414,http://creativecommons.org/licenses/by-nc/4.0/
1013649,4018291414,Conopidae_Myopa_vicaria_2059080_4018291414,http://creativecommons.org/licenses/by-nc/4.0/
1014592,3466150754,Conopidae_Conops_flavipes_3225084_3466150754,http://creativecommons.org/licenses/by-nc/4.0/
1015893,3925039567,Conopidae_Physocephala_tibialis_647255_3925039567,http://creativecommons.org/licenses/by-nc/4.0/
1016048,3759480389,Conopidae_Conops_vesicularis_3303252_3759480389,http://creativecommons.org/licenses/by-nc/4.0/
1018496,1955940791,Conopidae_Myopa_testacea_784880_1955940791,http://creativecommons.org/licenses/by-nc-nd/4.0/
1018497,1955940791,Conopidae_Myopa_testacea_784881_1955940791,http://creativecommons.org/licenses/by-nc-nd/4.0/
1019602,3904142375,Conopidae_Myopa_testacea_1993560_3904142375,http://creativecommons.org/licenses/by-nc-nd/4.0/
1019603,3904142375,Conopidae_Myopa_testacea_1993561_3904142375,http://creativecommons.org/licenses/by-nc-nd/4.0/
1019721,2844200195,Conopidae_Myopa_testacea_2299610_2844200195,http://creativecommons.org/licenses/by-nc-nd/4.0/
1019722,2844200195,Conopidae_Myopa_testacea_2299611_2844200195,http://creativecommons.org/licenses/by-nc-nd/4.0/
1019997,1969311804,Conopidae_Conops_quadrifasciatus_803172_1969311804,http://creativecommons.org/licenses/by-sa/4.0/
1020663,3730228613,Conopidae_Physocephala_rufipes_2594156_3730228613,http://creativecommons.org/licenses/by-nc-nd/4.0/
1020667,1961263368,Conopidae_Conops_quadrifasciatus_2170120_1961263368,http://creativecommons.org/licenses/by-nc-nd/4.0/
1021019,1967104241,Conopidae_Myopa_tessellatipennis_1489577_1967104241,http://creativecommons.org/licenses/by-nc-nd/4.0/
1021020,1967104241,Conopidae_Myopa_tessellatipennis_1489578_1967104241,http://creativecommons.org/licenses/by-nc-nd/4.0/
1021102,2838967211,Conopidae_Myopa_testacea_2290787_2838967211,http://creativecommons.org/licenses/by-nc-nd/4.0/
1022149,3997615127,Conopidae_Leopoldius_calceatus_2741295_3997615127,http://creativecommons.org/licenses/by-nc-nd/4.0/
1022150,3997615127,Conopidae_Leopoldius_calceatus_2741296_3997615127,http://creativecommons.org/licenses/by-nc-nd/4.0/
1022151,3997615127,Conopidae_Leopoldius_calceatus_2741297_3997615127,http://creativecommons.org/licenses/by-nc-nd/4.0/
1022152,3997615127,Conopidae_Leopoldius_calceatus_2741298_3997615127,http://creativecommons.org/licenses/by-nc-nd/4.0/
1022153,3997615127,Conopidae_Leopoldius_calceatus_2741299_3997615127,http://creativecommons.org/licenses/by-nc-nd/4.0/
1023090,3715641002,Conopidae_Leopoldius_coronatus_1165269_3715641002,http://creativecommons.org/licenses/by-nc-nd/4.0/
1023091,3715641002,Conopidae_Leopoldius_coronatus_1165270_3715641002,http://creativecommons.org/licenses/by-nc-nd/4.0/
1023102,3906990720,Conopidae_Myopa_fasciata_1320927_3906990720,http://creativecommons.org/licenses/by-nc-nd/4.0/
1023178,3720658015,Conopidae_Myopa_testacea_1180915_3720658015,http://creativecommons.org/licenses/by-nc-nd/4.0/
1023360,1962976494,Conopidae_Conops_flavipes_103632_1962976494,http://creativecommons.org/licenses/by-nc-nd/4.0/
1023669,1961604831,Conopidae_Myopa_testacea_1481534_1961604831,http://creativecommons.org/licenses/by-nc-nd/4.0/
1023728,3717163234,Conopidae_Zodion_cinereum_1170333_3717163234,http://creativecommons.org/licenses/by-nc/4.0/
1023729,3717163234,Conopidae_Zodion_cinereum_1170334_3717163234,http://creativecommons.org/licenses/by-nc/4.0/
1023828,1952583854,Conopidae_Sicus_ferrugineus_1467693_1952583854,http://creativecommons.org/licenses/by-nc/4.0/
1026392,3704630206,Conopidae_Leopoldius_signatus_1852609_3704630206,http://creativecommons.org/licenses/by/4.0/
1026393,3704630206,Conopidae_Leopoldius_signatus_1852610_3704630206,http://creativecommons.org/licenses/by/4.0/
1026394,3704630206,Conopidae_Leopoldius_signatus_1852611_3704630206,http://creativecommons.org/licenses/by/4.0/
1028467,1890702212,Conopidae_Physocephala_tibialis_1461814_1890702212,http://creativecommons.org/licenses/by-nc/4.0/
1029486,3468740372,Conopidae_Physocephala_vittata_3226504_3468740372,http://creativecommons.org/licenses/by-nc/4.0/
1030077,3343710606,Conopidae_Physocephala_vittata_2380402_3343710606,http://creativecommons.org/licenses/by-nc/4.0/
1030749,3994044007,Conopidae_Physocephala_tibialis_3420708_3994044007,http://creativecommons.org/licenses/by-nc/4.0/
1030908,3455405242,Conopidae_Physocephala_vittata_1146710_3455405242,http://creativecommons.org/licenses/by-nc/4.0/
1030909,3455405242,Conopidae_Physocephala_vittata_1146711_3455405242,http://creativecommons.org/licenses/by-nc/4.0/
1031246,1831147462,Conopidae_Physocephala_tibialis_2139647_1831147462,http://creativecommons.org/licenses/by-nc/4.0/
1031671,4006727617,Conopidae_Myopa_dorsalis_675220_4006727617,http://creativecommons.org/licenses/by-nc/4.0/
1031672,4006727617,Conopidae_Myopa_dorsalis_675221_4006727617,http://creativecommons.org/licenses/by-nc/4.0/
1031779,3468772888,Conopidae_Leopoldius_diadematus_1157815_3468772888,http://creativecommons.org/licenses/by-nc/4.0/
1031786,3456233420,Conopidae_Physocephala_vittata_3219416_3456233420,http://creativecommons.org/licenses/by-nc/4.0/
1032852,2236195295,Conopidae_Zodion_cinereum_1513540_2236195295,http://creativecommons.org/licenses/by-nc/4.0/
1033931,2265830787,Conopidae_Melanosoma_bicolor_1522919_2265830787,http://creativecommons.org/licenses/by-nc/4.0/
1033932,2265830787,Conopidae_Melanosoma_bicolor_1522920_2265830787,http://creativecommons.org/licenses/by-nc/4.0/
1035156,2563456098,Conopidae_Conops_flavipes_2939366_2563456098,http://creativecommons.org/licenses/by/4.0/
1035157,2563456098,Conopidae_Conops_flavipes_2939367_2563456098,http://creativecommons.org/licenses/by/4.0/
1035610,2802625978,Conopidae_Physocephala_tibialis_2268527_2802625978,http://creativecommons.org/licenses/by-nc/4.0/
1035902,3858456458,Conopidae_Zodion_cinereum_2643989_3858456458,http://creativecommons.org/licenses/by-nc/4.0/
1035903,3858456458,Conopidae_Zodion_cinereum_2643990_3858456458,http://creativecommons.org/licenses/by-nc/4.0/
1036357,2834550072,Conopidae_Leopoldius_brevirostris_2283462_2834550072,http://creativecommons.org/licenses/by-nc-nd/4.0/
1036358,2834550072,Conopidae_Leopoldius_brevirostris_2283463_2834550072,http://creativecommons.org/licenses/by-nc-nd/4.0/
1036359,2834550072,Conopidae_Leopoldius_brevirostris_2283464_2834550072,http://creativecommons.org/licenses/by-nc-nd/4.0/
1036526,3721315982,Conopidae_Sicus_ferrugineus_495734_3721315982,http://creativecommons.org/licenses/by-nc-nd/4.0/
1036556,3905962417,Conopidae_Physocephala_rufipes_2004223_3905962417,http://creativecommons.org/licenses/by-nc-nd/4.0/
1036615,1965512791,Conopidae_Physocephala_rufipes_797490_1965512791,http://creativecommons.org/licenses/by-nc-sa/4.0/
1036680,3730778513,Conopidae_Sicus_ferrugineus_3287915_3730778513,http://creativecommons.org/licenses/by-nd/4.0/
1036740,1952584282,Conopidae_Conops_scutellatus_2156705_1952584282,http://creativecommons.org/licenses/by-nc-nd/4.0/
1036982,1973555087,Conopidae_Leopoldius_brevirostris_2877694_1973555087,http://creativecommons.org/licenses/by-nc-nd/4.0/
1036983,1973555087,Conopidae_Leopoldius_brevirostris_2877695_1973555087,http://creativecommons.org/licenses/by-nc-nd/4.0/
1036984,1973555087,Conopidae_Leopoldius_brevirostris_2877696_1973555087,http://creativecommons.org/licenses/by-nc-nd/4.0/
1037461,3730484683,Conopidae_Myopa_tessellatipennis_3286216_3730484683,http://creativecommons.org/licenses/by-nc-nd/4.0/
1037562,3731630671,Conopidae_Leopoldius_valvatus_1912663_3731630671,http://creativecommons.org/licenses/by-nc-nd/4.0/
1037563,3731630671,Conopidae_Leopoldius_valvatus_1912664_3731630671,http://creativecommons.org/licenses/by-nc-nd/4.0/
1037630,3728693559,Conopidae_Myopa_buccata_1899845_3728693559,http://creativecommons.org/licenses/by-nc-nd/4.0/
1038344,3906688184,Conopidae_Myopa_testacea_3388606_3906688184,http://creativecommons.org/licenses/by-nc-nd/4.0/
1038743,1970626979,Conopidae_Myopa_buccata_2183689_1970626979,http://creativecommons.org/licenses/by-nc-nd/4.0/
1039719,1955067181,Conopidae_Conops_flavipes_2850112_1955067181,http://creativecommons.org/licenses/by-sa/4.0/
1039800,1965085398,Conopidae_Leopoldius_calceatus_2864064_1965085398,http://creativecommons.org/licenses/by-nc-nd/4.0/
1039801,1965085398,Conopidae_Leopoldius_calceatus_2864065_1965085398,http://creativecommons.org/licenses/by-nc-nd/4.0/
1039802,1965085398,Conopidae_Leopoldius_calceatus_2864066_1965085398,http://creativecommons.org/licenses/by-nc-nd/4.0/
1040927,3720423657,Conopidae_Myopa_tessellatipennis_2558891_3720423657,http://creativecommons.org/licenses/by-nc-nd/4.0/
1041730,2841462669,Conopidae_Sicus_ferrugineus_2984170_2841462669,http://creativecommons.org/licenses/by-nc-nd/4.0/
1042530,3906959216,Conopidae_Physocephala_rufipes_1320719_3906959216,http://creativecommons.org/licenses/by-nc-nd/4.0/
1043040,1958327823,Conopidae_Myopa_buccata_788306_1958327823,http://creativecommons.org/licenses/by-nc-nd/4.0/
1043218,1973201182,Conopidae_Physocephala_rufipes_2187344_1973201182,http://creativecommons.org/licenses/by-nc-nd/4.0/
1043755,3728136514,Conopidae_Conops_scutellatus_519908_3728136514,http://creativecommons.org/licenses/by-nc-nd/4.0/
1047169,1989784507,Conopidae_Leopoldius_signatus_2888584_1989784507,http://creativecommons.org/licenses/by/4.0/
1047170,1989784507,Conopidae_Leopoldius_signatus_2888585_1989784507,http://creativecommons.org/licenses/by/4.0/
1047171,1989784507,Conopidae_Leopoldius_signatus_2888586_1989784507,http://creativecommons.org/licenses/by/4.0/
1047172,1989784507,Conopidae_Leopoldius_signatus_2888587_1989784507,http://creativecommons.org/licenses/by/4.0/
1047173,1989784507,Conopidae_Leopoldius_signatus_2888588_1989784507,http://creativecommons.org/licenses/by/4.0/
1047174,1989784507,Conopidae_Leopoldius_signatus_2888589_1989784507,http://creativecommons.org/licenses/by/4.0/
1047192,1989784139,Conopidae_Conops_quadrifasciatus_130145_1989784139,http://creativecommons.org/licenses/by/4.0/
1049183,3456638901,Conopidae_Leopoldius_signatus_1841953_3456638901,http://creativecommons.org/licenses/by/4.0/
1049184,3456638901,Conopidae_Leopoldius_signatus_1841954_3456638901,http://creativecommons.org/licenses/by/4.0/
1050853,3466024547,Conopidae_Conops_flavipes_3224489_3466024547,http://creativecommons.org/licenses/by-nc/4.0/
1051596,3013914275,Conopidae_Physocephala_vittata_262200_3013914275,http://creativecommons.org/licenses/by-nc/4.0/
1052727,3717307076,Conopidae_Myopa_fasciata_481854_3717307076,http://creativecommons.org/licenses/by-nc-nd/4.0/
1053052,3997447169,Conopidae_Leopoldius_signatus_2050727_3997447169,http://creativecommons.org/licenses/by-sa/4.0/
1053053,3997447169,Conopidae_Leopoldius_signatus_2050728_3997447169,http://creativecommons.org/licenses/by-sa/4.0/
1054549,3730187006,Conopidae_Sicus_ferrugineus_2593948_3730187006,http://creativecommons.org/licenses/by-nc-sa/4.0/
1054692,2841261424,Conopidae_Myopa_tessellatipennis_225206_2841261424,http://creativecommons.org/licenses/by-nc-nd/4.0/
1056070,1958077664,Conopidae_Myopa_tessellatipennis_787854_1958077664,http://creativecommons.org/licenses/by-nc-nd/4.0/
1056379,2833619062,Conopidae_Myopa_vicaria_1591560_2833619062,http://creativecommons.org/licenses/by-nc-nd/4.0/
1056380,2833619062,Conopidae_Myopa_vicaria_1591561_2833619062,http://creativecommons.org/licenses/by-nc-nd/4.0/
1057012,1972408573,Conopidae_Conops_scutellatus_117181_1972408573,http://creativecommons.org/licenses/by-nc-nd/4.0/
1057013,1972408573,Conopidae_Conops_scutellatus_117182_1972408573,http://creativecommons.org/licenses/by-nc-nd/4.0/
1057707,1974054749,Conopidae_Myopa_testacea_811263_1974054749,http://creativecommons.org/licenses/by-nc-nd/4.0/
1057719,3726970487,Conopidae_Sicus_ferrugineus_1204871_3726970487,http://creativecommons.org/licenses/by-nc-nd/4.0/
1058255,3726539731,Conopidae_Conops_quadrifasciatus_3272164_3726539731,http://creativecommons.org/licenses/by-nc-sa/4.0/
1059633,3731604737,Conopidae_Myopa_fasciata_1223239_3731604737,http://creativecommons.org/licenses/by-nc/4.0/
1059734,3717728784,Conopidae_Conops_scutellatus_2552292_3717728784,http://creativecommons.org/licenses/by-nc-nd/4.0/
1060360,3730963758,Conopidae_Conops_vesicularis_1219618_3730963758,http://creativecommons.org/licenses/by-nc-nd/4.0/
1060591,2841061279,Conopidae_Myopa_testacea_915122_2841061279,http://creativecommons.org/licenses/by/4.0/
1060605,2838087618,Conopidae_Conops_scutellatus_1600180_2838087618,http://creativecommons.org/licenses/by-nc-nd/4.0/
1060747,1459167808,Conopidae_Conops_quadrifasciatus_46898_1459167808,© all rights reserved
1061187,2399553691,Conopidae_Conops_quadrifasciatus_1530732_2399553691,© All rights reserved
1061694,2409541524,Conopidae_Conops_quadrifasciatus_2222151_2409541524,http://creativecommons.org/licenses/by-nc-sa/4.0/
1061771,3329864317,Conopidae_Conops_quadrifasicatus_301366_3329864317,© All rights reserved
1062060,2408720372,Conopidae_Conops_vesicularis_1533000_2408720372,© All rights reserved
1062502,3329934524,Conopidae_Thecophora_atra_2369805_3329934524,© All rights reserved
1062503,3329934524,Conopidae_Thecophora_atra_2369806_3329934524,© All rights reserved
1062504,3329934524,Conopidae_Thecophora_atra_2369807_3329934524,© All rights reserved
1063490,3927068543,Conopidae_Conops_flavipes_648966_3927068543,http://creativecommons.org/licenses/by/4.0/
