id,gbifID,file_name,license
1887,3455301054,Empididae_Empis_pulchripes_1835481_3455301054,http://creativecommons.org/licenses/by-nc/4.0/
1888,3455301054,Empididae_Empis_pulchripes_1835482_3455301054,http://creativecommons.org/licenses/by-nc/4.0/
2130,3455742884,Empididae_Empis_borealis_1837740_3455742884,http://creativecommons.org/licenses/by-nc-sa/4.0/
5114,3314265530,Empididae_Empis_stercorea_984095_3314265530,http://creativecommons.org/licenses/by-nc/4.0/
5466,3860464458,Empididae_Empis_trigramma_2653276_3860464458,http://creativecommons.org/licenses/by-nc/4.0/
5577,3112632362,Empididae_Rhamphomyia_marginata_2352470_3112632362,http://creativecommons.org/licenses/by-nc/4.0/
6141,3757376387,Empididae_Rhamphomyia_albosegmentata_1922017_3757376387,© All rights reserved
6304,2867108466,Empididae_Rhamphomyia_spinipes_245737_2867108466,© All rights reserved
6326,2627265250,Empididae_Empis_borealis_1570448_2627265250,© All rights reserved
6395,4008095347,Empididae_Rhamphomyia_nitidula_2052875_4008095347,© All rights reserved
6396,4008095347,Empididae_Rhamphomyia_nitidula_2052876_4008095347,© All rights reserved
6397,4008095347,Empididae_Rhamphomyia_nitidula_2052877_4008095347,© All rights reserved
6754,2027423730,Empididae_Empis_borealis_824593_2027423730,© All rights reserved
6870,3770656591,Empididae_Empis_lucida_1238665_3770656591,© All rights reserved
6871,3770656591,Empididae_Empis_lucida_1238666_3770656591,© All rights reserved
6872,3770656591,Empididae_Empis_lucida_1238667_3770656591,© All rights reserved
7017,3110446653,Empididae_Empis_borealis_283633_3110446653,© All rights reserved
7027,3411932311,Empididae_Empis_nigripes_3090427_3411932311,© All rights reserved
7105,2407868475,Empididae_Gloma_fuscipennis_2221724_2407868475,© All rights reserved
7197,2425085376,Empididae_Rhamphomyia_trilineata_1536385_2425085376,© All rights reserved
7275,2404633007,Empididae_Rhamphomyia_umbripennis_1531964_2404633007,http://creativecommons.org/licenses/by/4.0/
7276,2404633007,Empididae_Rhamphomyia_umbripennis_1531965_2404633007,http://creativecommons.org/licenses/by/4.0/
7398,3469531432,Empididae_Rhamphomyia_spinipes_468821_3469531432,© All rights reserved
7399,3469531432,Empididae_Rhamphomyia_spinipes_468822_3469531432,© All rights reserved
7400,3469531432,Empididae_Rhamphomyia_spinipes_468823_3469531432,© All rights reserved
8688,1990645503,Empididae_Empis_ciliata_822774_1990645503,http://creativecommons.org/licenses/by-nc/4.0/
15139,2028518232,Empididae_Empis_borealis_2892573_2028518232,http://creativecommons.org/licenses/by-nc/4.0/
15232,2422841018,Empididae_Empis_tessellata_155804_2422841018,http://creativecommons.org/licenses/by-nc/4.0/
15700,3866441504,Empididae_Rhamphomyia_sulcata_1965980_3866441504,© All rights reserved
15716,2313678359,Empididae_Hilara_clavipes_1527305_2313678359,© All rights reserved
15744,3807726437,Empididae_Empis_stercorea_3316292_3807726437,© All rights reserved
15752,3864355467,Empididae_Chelipoda_albiseta_587706_3864355467,© All rights reserved
15753,3864355467,Empididae_Chelipoda_albiseta_587707_3864355467,© All rights reserved
15883,3303500692,Empididae_Empis_borealis_3050218_3303500692,© All rights reserved
15949,3878905523,Empididae_Phyllodromia_melanocephala_1972792_3878905523,© All rights reserved
15950,3878905523,Empididae_Phyllodromia_melanocephala_1972793_3878905523,© All rights reserved
15964,3864263376,Empididae_Rhamphomyia_hybotina_1965839_3864263376,© All rights reserved
24575,2410356525,Empididae_Empis_stercorea_2222348_2410356525,© All rights reserved
24597,2407121851,Empididae_Rhamphomyia_spinipes_2221550_2407121851,© All rights reserved
24598,2407121851,Empididae_Rhamphomyia_spinipes_2221551_2407121851,© All rights reserved
24599,2407121851,Empididae_Rhamphomyia_spinipes_2221552_2407121851,© All rights reserved
24864,3313539473,Empididae_Rhamphomyia_sulcata_2361959_3313539473,© All rights reserved
25100,2410905875,Empididae_Empis_stercorea_2222471_2410905875,© All rights reserved
25398,3760811367,Empididae_Empis_borealis_2615444_3760811367,© All rights reserved
25678,1432784947,Empididae_Rhamphomyia_sciarina_2803560_1432784947,© all rights reserved
25679,1432784947,Empididae_Rhamphomyia_sciarina_2803561_1432784947,© all rights reserved
25680,1432784947,Empididae_Rhamphomyia_sciarina_2803562_1432784947,© all rights reserved
27076,4009930337,Empididae_Empis_pennipes_2054577_4009930337,http://creativecommons.org/licenses/by-nc/4.0/
27876,3466036040,Empididae_Empis_pennipes_466030_3466036040,http://creativecommons.org/licenses/by-nc/4.0/
31792,2979381543,Empididae_Rhamphomyia_hilariformis_253234_2979381543,http://creativecommons.org/licenses/by-nc-sa/4.0/
31857,4017374378,Empididae_Rhamphomyia_tarsata_2058012_4017374378,© all rights reserved
31858,4017374378,Empididae_Rhamphomyia_tarsata_2058013_4017374378,© all rights reserved
32154,1460429559,Empididae_Rhamphomyia_spinipes_740306_1460429559,© all rights reserved
32155,1460429559,Empididae_Rhamphomyia_spinipes_740307_1460429559,© all rights reserved
32156,1460429559,Empididae_Rhamphomyia_spinipes_740308_1460429559,© all rights reserved
32483,1430015429,Empididae_Empis_borealis_1423904_1430015429,© all rights reserved
32660,2808462111,Empididae_Empis_tessellata_2270985_2808462111,© all rights reserved
33448,2833076765,Empididae_Rhamphomyia_pilifer_2969963_2833076765,http://creativecommons.org/licenses/by-nc-nd/4.0/
33657,1954680716,Empididae_Rhamphomyia_spinipes_781736_1954680716,http://creativecommons.org/licenses/by-nc/4.0/
34313,1966956787,Empididae_Empis_nigricans_800860_1966956787,http://creativecommons.org/publicdomain/zero/1.0/
34960,3720833693,Empididae_Empis_tessellata_2560736_3720833693,http://creativecommons.org/licenses/by-nc-nd/4.0/
35562,1966553592,Empididae_Empis_trigramma_2177644_1966553592,http://creativecommons.org/licenses/by-nc-nd/4.0/
35679,3825317171,Empididae_Empis_livida_565761_3825317171,http://creativecommons.org/licenses/by-nc-nd/4.0/
36920,1958704899,Empididae_Empis_ciliata_2166662_1958704899,http://creativecommons.org/licenses/by-nc-nd/4.0/
37276,1428817792,Empididae_Rhamphomyia_erythrohptalma_2802465_1428817792,© all rights reserved
37277,1428817792,Empididae_Rhamphomyia_erythrohptalma_2802466_1428817792,© all rights reserved
37487,1801960968,Empididae_Rhamphomyia_marginata_2123577_1801960968,© all rights reserved
37618,3049660795,Empididae_Rhamphomyia_nigripennis_960855_3049660795,© all rights reserved
37977,2400602357,Empididae_Rhamphomyia_longestylata_152179_2400602357,© All rights reserved
37983,3353344447,Empididae_Rhamphomyia_spinipes_1004167_3353344447,© All rights reserved
37984,3353344447,Empididae_Rhamphomyia_spinipes_1004168_3353344447,© All rights reserved
38026,3303241470,Empididae_Rhamphomyia_umbripennis_291537_3303241470,© All rights reserved
38027,3303241470,Empididae_Rhamphomyia_umbripennis_291538_3303241470,© All rights reserved
38102,2398771027,Empididae_Rhamphomyia_marginata_2910222_2398771027,http://creativecommons.org/licenses/by-sa/4.0/
38103,2398771027,Empididae_Rhamphomyia_marginata_2910223_2398771027,http://creativecommons.org/licenses/by-sa/4.0/
38269,3844598438,Empididae_Empis_stercorea_2639318_3844598438,http://creativecommons.org/licenses/by/4.0/
44936,2856473417,Empididae_Empis_lutea_2308665_2856473417,http://creativecommons.org/licenses/by-nc/4.0/
44937,2856473417,Empididae_Empis_lutea_2308666_2856473417,http://creativecommons.org/licenses/by-nc/4.0/
46577,3131291315,Empididae_Rhamphomyia_flava_2357027_3131291315,http://creativecommons.org/licenses/by/4.0/
46578,3131291315,Empididae_Rhamphomyia_flava_2357028_3131291315,http://creativecommons.org/licenses/by/4.0/
46637,3302430339,Empididae_Rhamphomyia_flava_980831_3302430339,http://creativecommons.org/licenses/by-nc/4.0/
46638,3302430339,Empididae_Rhamphomyia_flava_980832_3302430339,http://creativecommons.org/licenses/by-nc/4.0/
48768,3124731657,Empididae_Empis_tessellata_3046760_3124731657,http://creativecommons.org/licenses/by-nc/4.0/
52098,4007976305,Empididae_Rhamphomyia_maculipennis_2742866_4007976305,© All rights reserved
58974,1459194872,Empididae_Empis_borealis_738118_1459194872,© all rights reserved
59082,2808844799,Empididae_Rhamphomyia_crassirostris_2961439_2808844799,© all rights reserved
59083,2808844799,Empididae_Rhamphomyia_crassirostris_2961440_2808844799,© all rights reserved
60428,3759819359,Empididae_Empis_pulchripes_1924524_3759819359,http://creativecommons.org/licenses/by-nc/4.0/
60429,3759819359,Empididae_Empis_pulchripes_1924525_3759819359,http://creativecommons.org/licenses/by-nc/4.0/
63592,2814073905,Empididae_Rhamphomyia_flava_894737_2814073905,http://creativecommons.org/licenses/by-nc/4.0/
63593,2814073905,Empididae_Rhamphomyia_flava_894738_2814073905,http://creativecommons.org/licenses/by-nc/4.0/
63594,2814073905,Empididae_Rhamphomyia_flava_894739_2814073905,http://creativecommons.org/licenses/by-nc/4.0/
63883,3113454698,Empididae_Empis_ciliata_2353921_3113454698,http://creativecommons.org/licenses/by-nc/4.0/
65842,3330430221,Empididae_Empis_tessellata_2370025_3330430221,http://creativecommons.org/licenses/by-nc/4.0/
66939,3091048310,Empididae_Trichopeza_longicornis_2347930_3091048310,http://creativecommons.org/licenses/by/4.0/
66940,3091048310,Empididae_Trichopeza_longicornis_2347931_3091048310,http://creativecommons.org/licenses/by/4.0/
66982,1460053777,Empididae_Phyllodromia_melanocephala_739627_1460053777,© all rights reserved
67129,3433939340,Empididae_Rhamphomyia_marginata_3096516_3433939340,© all rights reserved
67179,4006040461,Empididae_Phyllodromia_melanocephala_674205_4006040461,© all rights reserved
67239,3768481923,Empididae_Empis_pennipes_2617029_3768481923,© all rights reserved
67240,3768481923,Empididae_Empis_pennipes_2617030_3768481923,© all rights reserved
67644,4013483800,Empididae_Rhamphomyia_spinipes_679257_4013483800,© all rights reserved
72609,2269205931,Empididae_Empis_scutellata_1523124_2269205931,http://creativecommons.org/licenses/by-nc/4.0/
72610,2269205931,Empididae_Empis_scutellata_1523125_2269205931,http://creativecommons.org/licenses/by-nc/4.0/
75006,3858258080,Empididae_Empis_nigritarsis_3334026_3858258080,http://creativecommons.org/licenses/by-nc/4.0/
77225,3338485324,Empididae_Rhamphomyia_hybotina_1002252_3338485324,© All rights reserved
77226,3338485324,Empididae_Rhamphomyia_hybotina_1002253_3338485324,© All rights reserved
77227,3338485324,Empididae_Rhamphomyia_hybotina_1002254_3338485324,© All rights reserved
77228,3338485324,Empididae_Rhamphomyia_hybotina_1002255_3338485324,© All rights reserved
77266,3990908428,Empididae_Hilara_interstincta_3420363_3990908428,© All rights reserved
77300,2408129138,Empididae_Empis_livida_153923_2408129138,© All rights reserved
77439,2401584492,Empididae_Rhamphomyia_spinipes_152398_2401584492,© All rights reserved
77440,2401584492,Empididae_Rhamphomyia_spinipes_152399_2401584492,© All rights reserved
77530,2313636398,Empididae_Hilara_clavipes_2906932_2313636398,© All rights reserved
77600,3921283655,Empididae_Rhamphomyia_nitidula_1333657_3921283655,© All rights reserved
77601,3921283655,Empididae_Rhamphomyia_nitidula_1333658_3921283655,© All rights reserved
77602,3921283655,Empididae_Rhamphomyia_nitidula_1333659_3921283655,© All rights reserved
77603,3921283655,Empididae_Rhamphomyia_nitidula_1333660_3921283655,© All rights reserved
78770,1953055360,Empididae_Hilara_interstincta_780068_1953055360,http://creativecommons.org/licenses/by-nc-nd/4.0/
78771,1953055360,Empididae_Hilara_interstincta_780069_1953055360,http://creativecommons.org/licenses/by-nc-nd/4.0/
79132,1975113339,Empididae_Hemerodromia_oratoria_2189887_1975113339,http://creativecommons.org/licenses/by-nc-nd/4.0/
79133,1975113339,Empididae_Hemerodromia_oratoria_2189888_1975113339,http://creativecommons.org/licenses/by-nc-nd/4.0/
79134,1975113339,Empididae_Hemerodromia_oratoria_2189889_1975113339,http://creativecommons.org/licenses/by-nc-nd/4.0/
79695,2839944479,Empididae_Empis_lutea_1602394_2839944479,http://creativecommons.org/licenses/by-nc-sa/4.0/
83478,3923425636,Empididae_Rhamphomyia_spinipes_2023915_3923425636,http://creativecommons.org/publicdomain/zero/1.0/
84384,3408027424,Empididae_Empis_borealis_331306_3408027424,http://creativecommons.org/licenses/by-nc/4.0/
94801,3124631462,Empididae_Rhamphomyia_marginata_1666251_3124631462,http://creativecommons.org/licenses/by-nc/4.0/
96118,3873882698,Empididae_Phyllodromia_melanocephala_593019_3873882698,http://creativecommons.org/licenses/by-nc/4.0/
96120,3873882698,Empididae_Phyllodromia_melanocephala_593021_3873882698,http://creativecommons.org/licenses/by-nc/4.0/
98568,3772993125,Empididae_Empis_pulchripes_1929500_3772993125,http://creativecommons.org/licenses/by-nc/4.0/
98569,3772993125,Empididae_Empis_pulchripes_1929501_3772993125,http://creativecommons.org/licenses/by-nc/4.0/
100475,3124804310,Empididae_Empis_scutellata_978309_3124804310,http://creativecommons.org/licenses/by-nc/4.0/
100719,3455264147,Empididae_Empis_pulchripes_2524322_3455264147,http://creativecommons.org/licenses/by-nc/4.0/
101500,3925027488,Empididae_Empis_stercorea_3405038_3925027488,http://creativecommons.org/licenses/by-nc/4.0/
102070,3947642312,Empididae_Empis_borealis_1340209_3947642312,http://creativecommons.org/licenses/by-nc/4.0/
106174,3773415024,Empididae_Hilara_maura_552172_3773415024,http://creativecommons.org/licenses/by/4.0/
111083,3399001246,Empididae_Empis_pennipes_3087019_3399001246,http://creativecommons.org/licenses/by-nc/4.0/
111084,3399001246,Empididae_Empis_pennipes_3087020_3399001246,http://creativecommons.org/licenses/by-nc/4.0/
114965,3759084549,Empididae_Empis_trianguligera_1922206_3759084549,http://creativecommons.org/licenses/by-nc/4.0/
116756,2619942338,Empididae_Empis_borealis_188716_2619942338,http://creativecommons.org/licenses/by-nc/4.0/
117464,3759521507,Empididae_Dryodromia_testacea_1923598_3759521507,http://creativecommons.org/licenses/by-nc/4.0/
122136,3827135459,Empididae_Empis_opaca_1259508_3827135459,http://creativecommons.org/licenses/by-nc-nd/4.0/
122513,1958336659,Empididae_Empis_chioptera_2166199_1958336659,http://creativecommons.org/licenses/by-nc-nd/4.0/
122514,1958336659,Empididae_Empis_chioptera_2166200_1958336659,http://creativecommons.org/licenses/by-nc-nd/4.0/
122515,1958336659,Empididae_Empis_chioptera_2166201_1958336659,http://creativecommons.org/licenses/by-nc-nd/4.0/
127806,1459362851,Empididae_Rhamphomyia_spinipes_1426932_1459362851,© all rights reserved
128326,2412286392,Empididae_Rhamphomyia_umbripennis_844873_2412286392,© All rights reserved
128327,2412286392,Empididae_Rhamphomyia_umbripennis_844874_2412286392,© All rights reserved
128499,2400540318,Empididae_Empis_stercorea_2220038_2400540318,© All rights reserved
128501,2400540318,Empididae_Empis_stercorea_2220040_2400540318,© All rights reserved
128909,1037105382,Empididae_Empis_trigramma_694967_1037105382,© all rights reserved
128937,3766938460,Empididae_Phyllodromia_melanocephala_1927519_3766938460,© all rights reserved
129588,3856424936,Empididae_Rhamphomyia_marginata_571794_3856424936,
129650,3049819097,Empididae_Empis_lucida_1649159_3049819097,© all rights reserved
129651,3049819097,Empididae_Empis_lucida_1649160_3049819097,© all rights reserved
130112,1458414954,Empididae_Empis_borealis_737625_1458414954,© all rights reserved
130335,1459863977,Empididae_Empis_borealis_1427779_1459863977,© all rights reserved
130425,1801789978,Empididae_Rhamphomyia_marginata_2123480_1801789978,© all rights reserved
130433,1460254995,Empididae_Rhamphomyia_marginata_739867_1460254995,© all rights reserved
130868,3432368296,Empididae_Empis_stercorea_3095628_3432368296,© all rights reserved
130957,2272656509,Empididae_Empis_stercorea_1523865_2272656509,© all rights reserved
131163,2270864764,Empididae_Empis_pennipes_1523537_2270864764,© all rights reserved
131164,2270864764,Empididae_Empis_pennipes_1523538_2270864764,© all rights reserved
131165,2270864764,Empididae_Empis_pennipes_1523539_2270864764,© all rights reserved
131166,2270864764,Empididae_Empis_pennipes_1523540_2270864764,© all rights reserved
131173,1431392690,Empididae_Empis_stercorea_2113315_1431392690,© all rights reserved
131174,1431392690,Empididae_Empis_stercorea_2113316_1431392690,© all rights reserved
131293,2809347665,Empididae_Empis_stercorea_203297_2809347665,© all rights reserved
131294,932069219,Empididae_Empis_pennipes_2067578_932069219,© all rights reserved
131534,1431386319,Empididae_Rhamphomyia_marginata_2802691_1431386319,© all rights reserved
132015,3857840338,Empididae_Empis_pennipes_3331275_3857840338,© all rights reserved
132439,1669261873,Empididae_Empis_borealis_743869_1669261873,© all rights reserved
132885,2809276116,Empididae_Empis_borealis_1582584_2809276116,© all rights reserved
133241,2572737505,Empididae_Hilara_intermedia_2249414_2572737505,© all rights reserved
133242,2572737505,Empididae_Hilara_intermedia_2249415_2572737505,© all rights reserved
133393,3857308789,Empididae_Empis_livida_2640061_3857308789,© all rights reserved
133702,3767736574,Empididae_Rhamphomyia_tibialis_1927691_3767736574,© all rights reserved
133703,3767736574,Empididae_Rhamphomyia_tibialis_1927692_3767736574,© all rights reserved
133704,3767736574,Empididae_Rhamphomyia_tibialis_1927693_3767736574,© all rights reserved
133857,1051524443,Empididae_Rhamphomyia_umbripennis_2073376_1051524443,© all rights reserved
134024,1669829552,Empididae_Empis_stercorea_52834_1669829552,© all rights reserved
134091,1432086868,Empididae_Empis_pennipes_735577_1432086868,© all rights reserved
134092,1432086868,Empididae_Empis_pennipes_735578_1432086868,© all rights reserved
134528,1460248007,Empididae_Rhamphomyia_marginata_2117842_1460248007,© all rights reserved
134589,2809203219,Empididae_Rhamphomyia_crassirostris_893641_2809203219,© all rights reserved
134590,2809203219,Empididae_Rhamphomyia_crassirostris_893642_2809203219,© all rights reserved
134923,1457976937,Empididae_Empis_livida_2805018_1457976937,© all rights reserved
134942,2273071615,Empididae_Rhamphomyia_poplitea_1524107_2273071615,© all rights reserved
134943,2273071615,Empididae_Rhamphomyia_poplitea_1524108_2273071615,© all rights reserved
134944,2273071615,Empididae_Rhamphomyia_poplitea_1524109_2273071615,© all rights reserved
135014,3432593549,Empididae_Phyllodromia_melanocephala_337635_3432593549,© all rights reserved
135015,3432593549,Empididae_Phyllodromia_melanocephala_337636_3432593549,© all rights reserved
135145,1433492285,Empididae_Rhamphomyia_sulcata_736284_1433492285,© all rights reserved
135217,1458468147,Empididae_Rhamphomyia_cinerascens_2805164_1458468147,© all rights reserved
135375,1460560291,Empididae_Empis_borealis_49326_1460560291,© all rights reserved
135453,3431852266,Empididae_Rhamphomyia_nigripennis_1026988_3431852266,© all rights reserved
135898,1458468144,Empididae_Empis_aemula_737684_1458468144,© all rights reserved
136278,1460552628,Empididae_Empis_borealis_49315_1460552628,© all rights reserved
136363,3857518717,Empididae_Empis_stercorea_1950722_3857518717,© all rights reserved
136466,1459284091,Empididae_Empis_stercorea_738219_1459284091,© all rights reserved
137019,2983677305,Empididae_Rhamphomyia_variabilis_3014854_2983677305,© all rights reserved
137020,2983677305,Empididae_Rhamphomyia_variabilis_3014855_2983677305,© all rights reserved
137021,2983677305,Empididae_Rhamphomyia_variabilis_3014856_2983677305,© all rights reserved
137035,1801695723,Empididae_Rhamphomyia_pilifer_1434118_1801695723,© all rights reserved
137036,1801695723,Empididae_Rhamphomyia_pilifer_1434119_1801695723,© all rights reserved
137219,2809609072,Empididae_Rhamphomyia_umbripennis_2271578_2809609072,© all rights reserved
137504,1050184739,Empididae_Rhamphomyia_umbripennis_4147_1050184739,© all rights reserved
137692,1460276986,Empididae_Empis_pennipes_48740_1460276986,© all rights reserved
137693,1460276986,Empididae_Empis_pennipes_48741_1460276986,© all rights reserved
137778,2422103720,Empididae_Rhamphomyia_variabilis_845187_2422103720,© all rights reserved
137779,2422103720,Empididae_Rhamphomyia_variabilis_845188_2422103720,© all rights reserved
137780,2422103720,Empididae_Rhamphomyia_variabilis_845189_2422103720,© all rights reserved
137781,2422103720,Empididae_Rhamphomyia_variabilis_845190_2422103720,© all rights reserved
137955,2274588013,Empididae_Rhamphomyia_bohemica_145897_2274588013,© all rights reserved
137956,2274588013,Empididae_Rhamphomyia_bohemica_145898_2274588013,© all rights reserved
138081,1460008099,Empididae_Empis_pennipes_2117552_1460008099,© all rights reserved
138180,3433255448,Empididae_Empis_borealis_3096110_3433255448,© all rights reserved
138321,1433659381,Empididae_Rhamphomyia_spinipes_2114441_1433659381,© all rights reserved
138678,3434525966,Empididae_Hilara_intermedia_1717440_3434525966,© all rights reserved
138790,2808493597,Empididae_Rhamphomyia_umbripennis_202866_2808493597,© all rights reserved
138791,2808493597,Empididae_Rhamphomyia_umbripennis_202867_2808493597,© all rights reserved
138792,2808493597,Empididae_Rhamphomyia_umbripennis_202868_2808493597,© all rights reserved
138793,2808493597,Empididae_Rhamphomyia_umbripennis_202869_2808493597,© all rights reserved
138794,2808493597,Empididae_Rhamphomyia_umbripennis_202870_2808493597,© all rights reserved
138880,1431153302,Empididae_Rhamphomyia_crassirostris_2113230_1431153302,© all rights reserved
138881,1431153302,Empididae_Rhamphomyia_crassirostris_2113231_1431153302,© all rights reserved
138882,1431153302,Empididae_Rhamphomyia_crassirostris_2113232_1431153302,© all rights reserved
138883,1431153302,Empididae_Rhamphomyia_crassirostris_2113233_1431153302,© all rights reserved
138884,1431153302,Empididae_Rhamphomyia_crassirostris_2113234_1431153302,© all rights reserved
139068,4017367352,Empididae_Rhamphomyia_pilifer_1368871_4017367352,© all rights reserved
139236,1460266966,Empididae_Empis_pennipes_1428559_1460266966,© all rights reserved
140010,2980003768,Empididae_Empis_stercorea_255410_2980003768,© all rights reserved
140100,1884387085,Empididae_Phyllodromia_melanocephala_81688_1884387085,© all rights reserved
140161,3429606032,Empididae_Rhamphomyia_marginata_2403916_3429606032,© all rights reserved
140185,1461161182,Empididae_Empis_borealis_1429397_1461161182,© all rights reserved
140420,4017507489,Empididae_Empis_pennipes_2748091_4017507489,© all rights reserved
140847,1459250640,Empididae_Rhamphomyia_crassirostris_2805631_1459250640,© all rights reserved
140900,2809689578,Empididae_Rhamphomyia_nigripennis_1582841_2809689578,© all rights reserved
141208,1485108960,Empididae_Rhamphomyia_pilifer_1429595_1485108960,© all rights reserved
142167,1833695574,Empididae_Empis_digramma_2829721_1833695574,© all rights reserved
142233,2619432654,Empididae_Empis_borealis_188464_2619432654,© all rights reserved
142421,1460550710,Empididae_Rhamphomyia_plumipes_49313_1460550710,© all rights reserved
142422,1491359885,Empididae_Rhamphomyia_tarsata_49759_1491359885,© all rights reserved
142533,3431059080,Empididae_Empis_stercorea_3094995_3431059080,© all rights reserved
142928,2808001076,Empididae_Rhamphomyia_umbripennis_1581993_2808001076,© all rights reserved
142929,2808001076,Empididae_Rhamphomyia_umbripennis_1581994_2808001076,© all rights reserved
142940,2272228068,Empididae_Empis_borealis_1523706_2272228068,© all rights reserved
142981,1123117543,Empididae_Empis_stercorea_6758_1123117543,© all rights reserved
143393,2246800998,Empididae_Rhamphomyia_marginata_1516338_2246800998,© all rights reserved
143505,3857789059,Empididae_Empis_stercorea_1261772_3857789059,© all rights reserved
143507,3857789059,Empididae_Empis_stercorea_1261774_3857789059,© all rights reserved
143636,3880313489,Empididae_Hilara_clavipes_3353588_3880313489,
143637,3880313489,Empididae_Hilara_clavipes_3353589_3880313489,© all rights reserved
143662,1851156659,Empididae_Empis_pennipes_79104_1851156659,© all rights reserved
143663,1851156659,Empididae_Empis_pennipes_79105_1851156659,© all rights reserved
143918,1123249198,Empididae_Rhamphomyia_marginata_1386573_1123249198,© all rights reserved
143964,2809008897,Empididae_Rhamphomyia_tibiella_893523_2809008897,© all rights reserved
143965,2809008897,Empididae_Rhamphomyia_tibiella_893524_2809008897,© all rights reserved
143966,2809008897,Empididae_Rhamphomyia_tibiella_893525_2809008897,© all rights reserved
143967,2809008897,Empididae_Rhamphomyia_tibiella_893526_2809008897,© all rights reserved
143968,2809008897,Empididae_Rhamphomyia_tibiella_893527_2809008897,© all rights reserved
144326,1801788005,Empididae_Empis_stercorea_2123478_1801788005,© all rights reserved
144327,1801788005,Empididae_Empis_stercorea_2123479_1801788005,© all rights reserved
144444,2572791508,Empididae_Phyllodromia_melanocephala_871947_2572791508,© all rights reserved
144580,1670874333,Empididae_Empis_borealis_1433020_1670874333,© all rights reserved
144796,4017438544,Empididae_Empis_pennipes_2748085_4017438544,© all rights reserved
144960,2808586955,Empididae_Empis_pennipes_893319_2808586955,© all rights reserved
145571,3431459942,Empididae_Empis_borealis_337073_3431459942,© all rights reserved
146372,3824415127,Empididae_Empis_tessellata_1942093_3824415127,http://creativecommons.org/licenses/by-nc-nd/4.0/
147043,1954494059,Empididae_Empis_aestiva_2849211_1954494059,http://creativecommons.org/licenses/by-nc-nd/4.0/
147842,2836853112,Empididae_Empis_livida_2286318_2836853112,http://creativecommons.org/licenses/by-nc-nd/4.0/
148215,1970539267,Empididae_Empis_opaca_805932_1970539267,http://creativecommons.org/licenses/by-nc-nd/4.0/
148370,1970423892,Empididae_Empis_ciliata_1493984_1970423892,http://creativecommons.org/licenses/by-nc-nd/4.0/
149254,1973072796,Empididae_Empis_livida_118639_1973072796,http://creativecommons.org/licenses/by-nc/4.0/
150262,3303452703,Empididae_Rhamphomyia_umbripennis_2360011_3303452703,© All rights reserved
150263,3303452703,Empididae_Rhamphomyia_umbripennis_2360012_3303452703,© All rights reserved
150483,3862137502,Empididae_Phyllodromia_melanocephala_3346140_3862137502,© All rights reserved
150614,3770676516,Empididae_Empis_borealis_549671_3770676516,© All rights reserved
150759,1933149509,Empididae_Rhamphomyia_spinipes_775808_1933149509,© All rights reserved
150760,1933149509,Empididae_Rhamphomyia_spinipes_775809_1933149509,© All rights reserved
150811,2866924321,Empididae_Empis_stercorea_245704_2866924321,© All rights reserved
150884,2027342702,Empididae_Empis_tessellata_134118_2027342702,© All rights reserved
150938,1824370960,Empididae_Rhamphomyia_variabilis_2814939_1824370960,© All rights reserved
150939,1824370960,Empididae_Rhamphomyia_variabilis_2814940_1824370960,© All rights reserved
150940,1824370960,Empididae_Rhamphomyia_variabilis_2814941_1824370960,© All rights reserved
150941,1824370960,Empididae_Rhamphomyia_variabilis_2814942_1824370960,© All rights reserved
150942,1824370960,Empididae_Rhamphomyia_variabilis_2814943_1824370960,© All rights reserved
150943,1824370960,Empididae_Rhamphomyia_variabilis_2814944_1824370960,© All rights reserved
150944,1824370960,Empididae_Rhamphomyia_variabilis_2814945_1824370960,© All rights reserved
150945,1824370960,Empididae_Rhamphomyia_variabilis_2814946_1824370960,© All rights reserved
150946,1824370960,Empididae_Rhamphomyia_variabilis_2814947_1824370960,© All rights reserved
151054,3798185310,Empididae_Rhamphomyia_sulcata_556348_3798185310,© All rights reserved
151210,3753278442,Empididae_Empis_borealis_1921997_3753278442,© All rights reserved
151412,3303305482,Empididae_Empis_borealis_3050113_3303305482,© All rights reserved
151438,2399820265,Empididae_Empis_stercorea_842151_2399820265,© All rights reserved
151500,2248630874,Empididae_Dolichocephala_guttata_137571_2248630874,http://creativecommons.org/licenses/by-nc-sa/4.0/
151546,2633538582,Empididae_Iteaphila_nitidula_2953374_2633538582,http://creativecommons.org/licenses/by-nc-sa/4.0/
151866,1430133883,Empididae_Empis_borealis_1423916_1430133883,© all rights reserved
151951,2809238095,Empididae_Rhamphomyia_marginata_893655_2809238095,© all rights reserved
153331,3717786925,Empididae_Empis_lutea_3242768_3717786925,http://creativecommons.org/licenses/by-nc-nd/4.0/
153427,3822555133,Empididae_Empis_livida_1937400_3822555133,http://creativecommons.org/licenses/by/4.0/
153693,3720249774,Empididae_Empis_digramma_3248689_3720249774,http://creativecommons.org/licenses/by-nc-sa/4.0/
154074,3822452730,Empididae_Phyllodromia_melanocephala_1247912_3822452730,http://creativecommons.org/licenses/by-nc-nd/4.0/
154560,3716769254,Empididae_Empis_opaca_1858250_3716769254,http://creativecommons.org/licenses/by-nc-nd/4.0/
155073,3716884073,Empididae_Rhamphomyia_marginata_3238041_3716884073,http://creativecommons.org/licenses/by-nc/4.0/
155589,1954453451,Empididae_Empis_chioptera_90966_1954453451,http://creativecommons.org/licenses/by-nc-nd/4.0/
155852,1977305578,Empididae_Empis_ciliata_125221_1977305578,http://creativecommons.org/licenses/by-nc-nd/4.0/
156388,2410962237,Empididae_Empis_borealis_2222485_2410962237,© All rights reserved
156482,4003115418,Empididae_Rhamphomyia_trilineata_674170_4003115418,© All rights reserved
156618,3987960439,Empididae_Rhamphomyia_sulcata_661551_3987960439,© All rights reserved
157529,3906196711,Empididae_Empis_livida_3385664_3906196711,http://creativecommons.org/licenses/by-nc-nd/4.0/
157668,1951707994,Empididae_Empis_digramma_2845491_1951707994,http://creativecommons.org/licenses/by-nc-nd/4.0/
157855,3729349404,Empididae_Empis_digramma_523235_3729349404,http://creativecommons.org/licenses/by-nc-nd/4.0/
158501,2833730386,Empididae_Empis_ciliata_212428_2833730386,http://creativecommons.org/licenses/by-nc-nd/4.0/
159775,1974126744,Empididae_Hilara_albipennis_811406_1974126744,http://creativecommons.org/licenses/by-nc-nd/4.0/
159776,1974126744,Empididae_Hilara_albipennis_811407_1974126744,http://creativecommons.org/licenses/by-nc-nd/4.0/
159777,1974126744,Empididae_Hilara_albipennis_811408_1974126744,http://creativecommons.org/licenses/by-nc-nd/4.0/
160024,2833494910,Empididae_Empis_lutea_212050_2833494910,http://creativecommons.org/licenses/by-nc/4.0/
160025,2833494910,Empididae_Empis_lutea_212051_2833494910,http://creativecommons.org/licenses/by-nc/4.0/
160168,2832382130,Empididae_Rhamphomyia_spinipes_2969531_2832382130,http://creativecommons.org/licenses/by-nc/4.0/
160169,2832382130,Empididae_Rhamphomyia_spinipes_2969532_2832382130,http://creativecommons.org/licenses/by-nc/4.0/
160170,2832382130,Empididae_Rhamphomyia_spinipes_2969533_2832382130,http://creativecommons.org/licenses/by-nc/4.0/
160437,3729444026,Empididae_Empis_nigricans_1212430_3729444026,http://creativecommons.org/licenses/by-nc-nd/4.0/
161214,1961948523,Empididae_Empis_livida_793406_1961948523,http://creativecommons.org/licenses/by-nc-nd/4.0/
161299,3396882371,Empididae_Rhamphomyia_albosegmentata_327014_3396882371,© All rights reserved
161300,3396882371,Empididae_Rhamphomyia_albosegmentata_327015_3396882371,© All rights reserved
161301,3396882371,Empididae_Rhamphomyia_albosegmentata_327016_3396882371,© All rights reserved
161630,3978980312,Empididae_Rhamphomyia_umbripennis_1346708_3978980312,© All rights reserved
161631,3978980312,Empididae_Rhamphomyia_umbripennis_1346709_3978980312,© All rights reserved
161632,3978980312,Empididae_Rhamphomyia_umbripennis_1346710_3978980312,© All rights reserved
161666,3303113291,Empididae_Hilara_bistriata_3049977_3303113291,© All rights reserved
161667,3303113291,Empididae_Hilara_bistriata_3049978_3303113291,© All rights reserved
161668,3303113291,Empididae_Hilara_bistriata_3049979_3303113291,© All rights reserved
162237,3342114405,Empididae_Rhamphomyia_spinipes_312131_3342114405,http://creativecommons.org/licenses/by/4.0/
162238,3342114405,Empididae_Rhamphomyia_spinipes_312132_3342114405,http://creativecommons.org/licenses/by/4.0/
162323,2027424181,Empididae_Rhamphomyia_spinipes_1513154_2027424181,© All rights reserved
162324,2027424181,Empididae_Rhamphomyia_spinipes_1513155_2027424181,© All rights reserved
162363,3960599898,Empididae_Hilara_lurida_652662_3960599898,© All rights reserved
162364,3960599898,Empididae_Hilara_lurida_652663_3960599898,© All rights reserved
162365,3960599898,Empididae_Hilara_lurida_652664_3960599898,© All rights reserved
162582,2400176892,Empididae_Empis_stercorea_152078_2400176892,http://creativecommons.org/licenses/by-nc-sa/4.0/
162789,3327287517,Empididae_Empis_stercorea_1677656_3327287517,http://creativecommons.org/licenses/by/4.0/
163010,1843635206,Empididae_Hilara_clavipes_1452334_1843635206,© All rights reserved
163460,2897970390,Empididae_Chelifera_precabunda_3007851_2897970390,© All rights reserved
163522,3386693497,Empididae_Dolichocephala_guttata_1703797_3386693497,© All rights reserved
163523,3386693497,Empididae_Dolichocephala_guttata_1703798_3386693497,© All rights reserved
163524,3386693497,Empididae_Dolichocephala_guttata_1703799_3386693497,© All rights reserved
164087,3727624364,Empididae_Empis_livida_3276695_3727624364,http://creativecommons.org/licenses/by-nc-nd/4.0/
164940,2838012322,Empididae_Empis_opaca_1600009_2838012322,http://creativecommons.org/licenses/by-nc-nd/4.0/
165840,3720518027,Empididae_Empis_digramma_3249595_3720518027,http://creativecommons.org/licenses/by-nc-nd/4.0/
166053,3716542615,Empididae_Empis_digramma_1857084_3716542615,http://creativecommons.org/licenses/by-nc-nd/4.0/
166274,3822675024,Empididae_Empis_livida_3317935_3822675024,http://creativecommons.org/licenses/by-nc-nd/4.0/
167563,1955921503,Empididae_Empis_trigramma_784845_1955921503,http://creativecommons.org/licenses/by-nc-nd/4.0/
167928,3731061864,Empididae_Empis_tessellata_3289510_3731061864,http://creativecommons.org/licenses/by-nc-nd/4.0/
168257,3720503584,Empididae_Empis_nigricans_1180263_3720503584,http://creativecommons.org/licenses/by-nc-nd/4.0/
168258,3720503584,Empididae_Empis_nigricans_1180264_3720503584,http://creativecommons.org/licenses/by-nc-nd/4.0/
168351,3720471334,Empididae_Empis_trigramma_2559100_3720471334,http://creativecommons.org/licenses/by-nc-nd/4.0/
168564,1966914913,Empididae_Empis_trigramma_800761_1966914913,http://creativecommons.org/licenses/by-nc-nd/4.0/
168699,3823151324,Empididae_Empis_opaca_1938899_3823151324,http://creativecommons.org/licenses/by-nc-nd/4.0/
169000,1974528806,Empididae_Empis_trigramma_811974_1974528806,http://creativecommons.org/licenses/by-nc-nd/4.0/
169856,3905220285,Empididae_Empis_livida_622118_3905220285,http://creativecommons.org/licenses/by-nc-nd/4.0/
171255,3726330608,Empididae_Empis_livida_1202109_3726330608,http://creativecommons.org/licenses/by-nc-nd/4.0/
171424,1954452884,Empididae_Empis_planetica_2849184_1954452884,http://creativecommons.org/licenses/by-nc-nd/4.0/
171425,1954452884,Empididae_Empis_planetica_2849185_1954452884,http://creativecommons.org/licenses/by-nc-nd/4.0/
171426,1954452884,Empididae_Empis_planetica_2849186_1954452884,http://creativecommons.org/licenses/by-nc-nd/4.0/
171992,1966841557,Empididae_Empis_ciliata_2868534_1966841557,http://creativecommons.org/licenses/by-nc-nd/4.0/
172671,2572480511,Empididae_Hilara_albitarsis_181548_2572480511,© all rights reserved
172672,2572480511,Empididae_Hilara_albitarsis_181549_2572480511,© all rights reserved
173023,1461031726,Empididae_Rhamphomyia_marginata_1429369_1461031726,© all rights reserved
173132,3993478055,Empididae_Empis_livida_2040477_3993478055,© all rights reserved
173206,2619341344,Empididae_Empis_hyalipennis_188451_2619341344,© all rights reserved
173207,2619341344,Empididae_Empis_hyalipennis_188452_2619341344,© all rights reserved
173208,2619341344,Empididae_Empis_hyalipennis_188453_2619341344,© all rights reserved
173633,1050206854,Empididae_Empis_stercorea_2073342_1050206854,© all rights reserved
173810,2542308717,Empididae_Empis_grisea_2234634_2542308717,© all rights reserved
173811,2542308717,Empididae_Empis_grisea_2234635_2542308717,© all rights reserved
173960,2979533539,Empididae_Rhamphomyia_hilariformis_3012771_2979533539,http://creativecommons.org/licenses/by-nc-sa/4.0/
173964,2633464342,Empididae_Rhamphomyia_trilineata_884776_2633464342,http://creativecommons.org/licenses/by-nc-sa/4.0/
173966,2979603511,Empididae_Dolichocephala_oblongoguttata_1633393_2979603511,http://creativecommons.org/licenses/by-nc-sa/4.0/
173967,2979473464,Empididae_Dolichocephala_bellstedti_3012597_2979473464,http://creativecommons.org/licenses/by-nc-sa/4.0/
173970,2979364543,Empididae_Rhamphomyia_filicauda_942963_2979364543,http://creativecommons.org/licenses/by-nc-sa/4.0/
176171,3772968462,Empididae_Empis_pulchripes_2618729_3772968462,http://creativecommons.org/licenses/by-nc/4.0/
178621,2397968886,Empididae_Empis_stercorea_2910024_2397968886,© All rights reserved
178666,2409701693,Empididae_Empis_stercorea_2222197_2409701693,© All rights reserved
178680,2273538103,Empididae_Rhamphomyia_sulcata_1524589_2273538103,© All rights reserved
178681,2273538103,Empididae_Rhamphomyia_sulcata_1524590_2273538103,© All rights reserved
178682,2273538103,Empididae_Rhamphomyia_sulcata_1524591_2273538103,© All rights reserved
178736,3500394316,Empididae_Rhamphomyia_spinipes_2540308_3500394316,© All rights reserved
178737,3500394316,Empididae_Rhamphomyia_spinipes_2540309_3500394316,© All rights reserved
178774,2404872446,Empididae_Hilara_clavipes_2911690_2404872446,© All rights reserved
178775,2404872446,Empididae_Hilara_clavipes_2911691_2404872446,© All rights reserved
178895,2991743349,Empididae_Empis_livida_3016861_2991743349,© All rights reserved
179260,4003083329,Empididae_Hilara_pilosa_674165_4003083329,© All rights reserved
179392,1883130631,Empididae_Empis_borealis_80120_1883130631,© All rights reserved
179515,3862066387,Empididae_Hilara_clavipes_1276585_3862066387,© All rights reserved
179556,2815349370,Empididae_Empis_stercorea_2964421_2815349370,© All rights reserved
179557,2815349370,Empididae_Empis_stercorea_2964422_2815349370,© All rights reserved
179874,3960579397,Empididae_Hilara_nigrina_2030504_3960579397,© All rights reserved
179875,3960579397,Empididae_Hilara_nigrina_2030505_3960579397,© All rights reserved
179876,3960579397,Empididae_Hilara_nigrina_2030506_3960579397,© All rights reserved
182082,3858592830,Empididae_Rhamphomyia_marginata_2644741_3858592830,http://creativecommons.org/licenses/by-nc/4.0/
182083,3858592830,Empididae_Rhamphomyia_marginata_2644742_3858592830,http://creativecommons.org/licenses/by-nc/4.0/
182085,3858592830,Empididae_Rhamphomyia_marginata_2644744_3858592830,http://creativecommons.org/licenses/by-nc/4.0/
183096,3400481469,Empididae_Rhamphomyia_sciarina_3088804_3400481469,© All rights reserved
183097,3400481469,Empididae_Rhamphomyia_sciarina_3088805_3400481469,© All rights reserved
183241,1845243187,Empididae_Empis_borealis_2831599_1845243187,http://creativecommons.org/licenses/by-sa/4.0/
183242,1845243187,Empididae_Empis_borealis_2831600_1845243187,http://creativecommons.org/licenses/by-sa/4.0/
183340,2398134309,Empididae_Empis_borealis_151579_2398134309,© All rights reserved
183386,2313950459,Empididae_Hilara_clavipes_838768_2313950459,© All rights reserved
183387,2313950459,Empididae_Hilara_clavipes_838769_2313950459,© All rights reserved
183388,2313950459,Empididae_Hilara_clavipes_838770_2313950459,© All rights reserved
183560,2407244547,Empididae_Empis_stercorea_843868_2407244547,© All rights reserved
183561,2407244547,Empididae_Empis_stercorea_843869_2407244547,© All rights reserved
183620,3303421032,Empididae_Rhamphomyia_sulcata_3050181_3303421032,© All rights reserved
183621,3303421032,Empididae_Rhamphomyia_sulcata_3050182_3303421032,© All rights reserved
183622,3303421032,Empididae_Rhamphomyia_sulcata_3050183_3303421032,© All rights reserved
183623,3303421032,Empididae_Rhamphomyia_sulcata_3050184_3303421032,© All rights reserved
183625,3313501351,Empididae_Empis_livida_1671930_3313501351,© All rights reserved
184390,2621942475,Empididae_Empis_femorata_2257241_2621942475,
187770,1461097268,Empididae_Rhamphomyia_crassirostris_49504_1461097268,© all rights reserved
187771,1461097268,Empididae_Rhamphomyia_crassirostris_49505_1461097268,© all rights reserved
191075,3310038431,Empididae_Hilara_quadrifasciata_983190_3310038431,© All rights reserved
191076,3310038431,Empididae_Hilara_quadrifasciata_983191_3310038431,© All rights reserved
191077,3310038431,Empididae_Hilara_quadrifasciata_983192_3310038431,© All rights reserved
191250,2408975162,Empididae_Empis_stercorea_844237_2408975162,http://creativecommons.org/licenses/by-nc-sa/4.0/
191442,3987890423,Empididae_Rhamphomyia_umbripennis_661537_3987890423,© All rights reserved
191461,2400964828,Empididae_Hilara_clavipes_2910718_2400964828,© All rights reserved
191462,2400964828,Empididae_Hilara_clavipes_2910719_2400964828,© All rights reserved
191484,4003054332,Empididae_Hilara_intermedia_2051437_4003054332,© All rights reserved
192163,3303507686,Empididae_Empis_borealis_3050228_3303507686,© All rights reserved
192164,3303507686,Empididae_Empis_borealis_3050229_3303507686,© All rights reserved
193760,3302335990,Empididae_Empis_borealis_2358963_3302335990,http://creativecommons.org/licenses/by-nc/4.0/
194385,3859041012,Empididae_Empis_nigritarsis_579235_3859041012,http://creativecommons.org/licenses/by-nc/4.0/
194386,3859041012,Empididae_Empis_nigritarsis_579236_3859041012,http://creativecommons.org/licenses/by-nc/4.0/
194387,3859041012,Empididae_Empis_nigritarsis_579237_3859041012,http://creativecommons.org/licenses/by-nc/4.0/
195982,1957920921,Empididae_Rhamphomyia_cinerascens_2165347_1957920921,http://creativecommons.org/licenses/by-nc-nd/4.0/
195983,1957920921,Empididae_Rhamphomyia_cinerascens_2165348_1957920921,http://creativecommons.org/licenses/by-nc-nd/4.0/
195984,1957920921,Empididae_Rhamphomyia_cinerascens_2165349_1957920921,http://creativecommons.org/licenses/by-nc-nd/4.0/
196328,1952186318,Empididae_Hilara_flavipes_778265_1952186318,http://creativecommons.org/licenses/by-nc-nd/4.0/
196423,1953443884,Empididae_Empis_ciliata_2158672_1953443884,http://creativecommons.org/licenses/by-nc-nd/4.0/
196546,3824584112,Empididae_Empis_digramma_2632163_3824584112,http://creativecommons.org/licenses/by-nc-nd/4.0/
197099,3728533378,Empididae_Empis_digramma_3279381_3728533378,http://creativecommons.org/licenses/by-nc-nd/4.0/
197342,1974034856,Empididae_Empis_digramma_2188821_1974034856,http://creativecommons.org/licenses/by-nc-nd/4.0/
198430,3823329656,Empididae_Empis_femorata_1939425_3823329656,http://creativecommons.org/licenses/by-nc-nd/4.0/
198431,3823329656,Empididae_Empis_femorata_1939426_3823329656,http://creativecommons.org/licenses/by-nc-nd/4.0/
198432,3823329656,Empididae_Empis_femorata_1939427_3823329656,http://creativecommons.org/licenses/by-nc-nd/4.0/
198634,3720783066,Empididae_Empis_opaca_1181534_3720783066,http://creativecommons.org/licenses/by-nc-nd/4.0/
199112,2844446501,Empididae_Empis_trigramma_922596_2844446501,http://creativecommons.org/licenses/by-nc-nd/4.0/
199926,1955787739,Empididae_Empis_stercorea_1473147_1955787739,http://creativecommons.org/licenses/by-nc-nd/4.0/
203338,3447733746,Empididae_Rhamphomyia_nigripennis_1143717_3447733746,http://creativecommons.org/licenses/by-sa/4.0/
203448,3447735846,Empididae_Empis_pennipes_3212491_3447735846,http://creativecommons.org/licenses/by-sa/4.0/
203913,1460331577,Empididae_Phyllodromia_melanocephala_2118099_1460331577,© all rights reserved
203914,1460331577,Empididae_Phyllodromia_melanocephala_2118100_1460331577,© all rights reserved
204249,2866239896,Empididae_Rhamphomyia_variabilis_935772_2866239896,© all rights reserved
204250,2866239896,Empididae_Rhamphomyia_variabilis_935773_2866239896,© all rights reserved
204251,2866239896,Empididae_Rhamphomyia_variabilis_935774_2866239896,© all rights reserved
204405,2808460714,Empididae_Empis_tessellata_202843_2808460714,© all rights reserved
204546,2853359455,Empididae_Rhamphomyia_spinipes_2308476_2853359455,© all rights reserved
204547,2853359455,Empididae_Rhamphomyia_spinipes_2308477_2853359455,© all rights reserved
204548,2853359455,Empididae_Rhamphomyia_spinipes_2308478_2853359455,© all rights reserved
204561,1459975099,Empididae_Rhamphomyia_hybotina_739506_1459975099,© all rights reserved
204562,1485108768,Empididae_Rhamphomyia_crassirostris_2118907_1485108768,© all rights reserved
204563,1485108768,Empididae_Rhamphomyia_crassirostris_2118908_1485108768,© all rights reserved
204564,1485108768,Empididae_Rhamphomyia_crassirostris_2118909_1485108768,© all rights reserved
204980,2572481497,Empididae_Hilara_litorea_2939787_2572481497,© all rights reserved
204981,2572481497,Empididae_Hilara_litorea_2939788_2572481497,© all rights reserved
205009,1458542048,Empididae_Rhamphomyia_marginata_1426368_1458542048,© all rights reserved
205049,931991639,Empididae_Rhamphomyia_marginata_1378196_931991639,© all rights reserved
205050,931991639,Empididae_Rhamphomyia_marginata_1378197_931991639,© all rights reserved
205107,1459417538,Empididae_Rhamphomyia_crassirostris_47204_1459417538,© all rights reserved
205108,1459417538,Empididae_Rhamphomyia_crassirostris_47205_1459417538,© all rights reserved
205225,3309907362,Empididae_Empis_stercorea_3051932_3309907362,© All rights reserved
205424,3987864328,Empididae_Hilara_interstincta_661533_3987864328,© All rights reserved
206690,2839730260,Empididae_Empis_vitripennis_913597_2839730260,http://creativecommons.org/licenses/by-nc-nd/4.0/
206691,2839730260,Empididae_Empis_vitripennis_913598_2839730260,http://creativecommons.org/licenses/by-nc-nd/4.0/
206901,3822699390,Empididae_Empis_nigritarsis_1248895_3822699390,http://creativecommons.org/licenses/by-nc/4.0/
206902,3822699390,Empididae_Empis_nigritarsis_1248896_3822699390,http://creativecommons.org/licenses/by-nc/4.0/
207336,3729922380,Empididae_Empis_ciliata_525157_3729922380,http://creativecommons.org/licenses/by-nc-nd/4.0/
207430,3726747308,Empididae_Empis_digramma_514862_3726747308,http://creativecommons.org/licenses/by-nc-nd/4.0/
207918,3310014519,Empididae_Empis_pennipes_1671802_3310014519,© All rights reserved
208052,2863417434,Empididae_Rhamphomyia_spinipes_244442_2863417434,© All rights reserved
208053,2863417434,Empididae_Rhamphomyia_spinipes_244443_2863417434,© All rights reserved
208054,2863417434,Empididae_Rhamphomyia_spinipes_244444_2863417434,© All rights reserved
208055,2863417434,Empididae_Rhamphomyia_spinipes_244445_2863417434,© All rights reserved
208056,2863417434,Empididae_Rhamphomyia_spinipes_244446_2863417434,© All rights reserved
208057,2863417434,Empididae_Rhamphomyia_spinipes_244447_2863417434,© All rights reserved
208058,2863417434,Empididae_Rhamphomyia_spinipes_244448_2863417434,© All rights reserved
208059,2863417434,Empididae_Rhamphomyia_spinipes_244449_2863417434,© All rights reserved
208060,2863417434,Empididae_Rhamphomyia_spinipes_244450_2863417434,© All rights reserved
208061,2863417434,Empididae_Rhamphomyia_spinipes_244451_2863417434,© All rights reserved
211643,2407376691,Empididae_Empis_pennipes_1532672_2407376691,© All rights reserved
211756,2823039309,Empididae_Empis_stercorea_207750_2823039309,© All rights reserved
212002,1806928350,Empididae_Empis_stercorea_746674_1806928350,© all rights reserved
212063,3448085532,Empididae_Rhamphomyia_umbripennis_454659_3448085532,http://creativecommons.org/licenses/by-sa/4.0/
212073,3818895757,Empididae_Rhamphomyia_marginata_3316465_3818895757,http://creativecommons.org/licenses/by-nc/4.0/
212098,3704881408,Empididae_Hilara_abdominalis_3231680_3704881408,http://creativecommons.org/licenses/by-nc/4.0/
212102,3447877157,Empididae_Heleodromia_immaculata_1143911_3447877157,http://creativecommons.org/licenses/by-sa/4.0/
212110,3448129450,Empididae_Heleodromia_immaculata_2522647_3448129450,http://creativecommons.org/licenses/by-sa/4.0/
212116,3448451035,Empididae_Hilara_interstincta_454809_3448451035,http://creativecommons.org/licenses/by-sa/4.0/
212139,3447935709,Empididae_Phyllodromia_melanocephala_3212701_3447935709,http://creativecommons.org/licenses/by-sa/4.0/
212148,3448124481,Empididae_Rhamphomyia_pilifer_1833535_3448124481,http://creativecommons.org/licenses/by-sa/4.0/
212180,3728765476,Empididae_Empis_trigramma_521664_3728765476,http://creativecommons.org/licenses/by-nc-nd/4.0/
213225,1953232504,Empididae_Empis_stercorea_2158182_1953232504,http://creativecommons.org/licenses/by-nc-nd/4.0/
213762,3906900604,Empididae_Rhamphomyia_marginata_2699425_3906900604,http://creativecommons.org/licenses/by-nc-nd/4.0/
213765,3906900604,Empididae_Rhamphomyia_marginata_2699428_3906900604,http://creativecommons.org/licenses/by-nc-nd/4.0/
213867,3825807213,Empididae_Empis_digramma_1256215_3825807213,http://creativecommons.org/licenses/by-nc-nd/4.0/
214530,2843037690,Empididae_Phyllodromia_melanocephala_229801_2843037690,http://creativecommons.org/licenses/by-nc-nd/4.0/
214858,1958995919,Empididae_Empis_trigramma_2166791_1958995919,http://creativecommons.org/licenses/by-nc-nd/4.0/
214898,1977339211,Empididae_Empis_nigricans_815960_1977339211,http://creativecommons.org/licenses/by-nc-nd/4.0/
214899,1977339211,Empididae_Empis_nigricans_815961_1977339211,http://creativecommons.org/licenses/by-nc-nd/4.0/
215101,1974258029,Empididae_Empis_nigricans_2189202_1974258029,http://creativecommons.org/licenses/by-nc-nd/4.0/
215579,3823583193,Empididae_Empis_opaca_562015_3823583193,http://creativecommons.org/licenses/by-nc-nd/4.0/
216117,1962098332,Empididae_Rhamphomyia_crassirostris_793500_1962098332,http://creativecommons.org/licenses/by-nc-nd/4.0/
216118,1962098332,Empididae_Rhamphomyia_crassirostris_793501_1962098332,http://creativecommons.org/licenses/by-nc-nd/4.0/
216414,2845126754,Empididae_Empis_livida_2992844_2845126754,http://creativecommons.org/licenses/by-nc-nd/4.0/
216514,3720440354,Empididae_Empis_tessellata_1180044_3720440354,http://creativecommons.org/licenses/by-nc-nd/4.0/
216761,1977337875,Empididae_Empis_opaca_125297_1977337875,http://creativecommons.org/licenses/by-nc-nd/4.0/
217158,3720428075,Empididae_Empis_tessellata_1869469_3720428075,http://creativecommons.org/licenses/by-nc-nd/4.0/
217360,2843419074,Empididae_Empis_femorata_230615_2843419074,http://creativecommons.org/licenses/by-nc-nd/4.0/
217443,2843855226,Empididae_Empis_ciliata_2299053_2843855226,http://creativecommons.org/licenses/by-nc-nd/4.0/
217737,3716707985,Empididae_Empis_livida_478566_3716707985,http://creativecommons.org/licenses/by-nc-nd/4.0/
217863,1953565499,Empididae_Empis_opaca_90442_1953565499,http://creativecommons.org/licenses/by-nc-nd/4.0/
217873,1954452911,Empididae_Hilara_maura_90961_1954452911,http://creativecommons.org/licenses/by-nc-nd/4.0/
217874,1954452911,Empididae_Hilara_maura_90962_1954452911,http://creativecommons.org/licenses/by-nc-nd/4.0/
217875,1954452911,Empididae_Hilara_maura_90963_1954452911,http://creativecommons.org/licenses/by-nc-nd/4.0/
218091,3825300100,Empididae_Empis_tessellata_3324052_3825300100,http://creativecommons.org/licenses/by-nc-nd/4.0/
218100,1955723797,Empididae_Empis_stercorea_784297_1955723797,http://creativecommons.org/licenses/by-nc-nd/4.0/
218200,3721234172,Empididae_Empis_tessellata_1184041_3721234172,http://creativecommons.org/licenses/by-nc-nd/4.0/
218535,3730146025,Empididae_Empis_opaca_3284445_3730146025,http://creativecommons.org/licenses/by-nc-nd/4.0/
218630,3822691346,Empididae_Empis_femorata_3317991_3822691346,http://creativecommons.org/licenses/by-nc-nd/4.0/
218631,3822691346,Empididae_Empis_femorata_3317992_3822691346,http://creativecommons.org/licenses/by-nc-nd/4.0/
218632,3822691346,Empididae_Empis_femorata_3317993_3822691346,http://creativecommons.org/licenses/by-nc-nd/4.0/
219496,3825301279,Empididae_Phyllodromia_melanocephala_1943940_3825301279,http://creativecommons.org/licenses/by-nc-nd/4.0/
219600,3717088927,Empididae_Empis_lutea_1169992_3717088927,http://creativecommons.org/licenses/by-nc-nd/4.0/
223514,2993890697,Empididae_Rhamphomyia_nigripennis_1637469_2993890697,© all rights reserved
223515,2993890697,Empididae_Rhamphomyia_nigripennis_1637470_2993890697,© all rights reserved
223516,2993890697,Empididae_Rhamphomyia_nigripennis_1637471_2993890697,© all rights reserved
223517,2993890697,Empididae_Rhamphomyia_nigripennis_1637472_2993890697,© all rights reserved
223549,3867625501,Empididae_Phyllodromia_melanocephala_3346430_3867625501,http://creativecommons.org/licenses/by-nc/4.0/
223579,3447974530,Empididae_Phyllodromia_melanocephala_3212729_3447974530,http://creativecommons.org/licenses/by-sa/4.0/
223599,3447979309,Empididae_Phyllodromia_melanocephala_2522567_3447979309,http://creativecommons.org/licenses/by-sa/4.0/
223618,3447873823,Empididae_Empis_stercorea_1833382_3447873823,http://creativecommons.org/licenses/by-sa/4.0/
223623,3447929029,Empididae_Empis_acinerea_1833416_3447929029,http://creativecommons.org/licenses/by-sa/4.0/
223639,3448238738,Empididae_Heleodromia_immaculata_2522694_3448238738,http://creativecommons.org/licenses/by-sa/4.0/
223662,3448832900,Empididae_Rhamphomyia_crassirostris_3213107_3448832900,http://creativecommons.org/licenses/by-sa/4.0/
223664,3448841561,Empididae_Phyllodromia_melanocephala_1833829_3448841561,http://creativecommons.org/licenses/by-sa/4.0/
223665,3448847945,Empididae_Phyllodromia_melanocephala_3213125_3448847945,http://creativecommons.org/licenses/by-sa/4.0/
223666,3448928013,Empididae_Rhamphomyia_crassirostris_455019_3448928013,http://creativecommons.org/licenses/by-sa/4.0/
223701,1884610475,Empididae_Rhamphomyia_tipularia_1461211_1884610475,© all rights reserved
223702,1884610475,Empididae_Rhamphomyia_tipularia_1461212_1884610475,© all rights reserved
225364,3721076310,Empididae_Empis_opaca_3252313_3721076310,http://creativecommons.org/licenses/by-nc-nd/4.0/
225999,2835586662,Empididae_Empis_ciliata_216754_2835586662,http://creativecommons.org/licenses/by-nc/4.0/
226025,2842074993,Empididae_Empis_stercorea_2985881_2842074993,http://creativecommons.org/licenses/by-nc-nd/4.0/
226544,2835243278,Empididae_Empis_tessellata_2284544_2835243278,http://creativecommons.org/licenses/by-nc-nd/4.0/
226778,3720288694,Empididae_Empis_trigramma_2558451_3720288694,http://creativecommons.org/licenses/by-nc-nd/4.0/
226787,2834193604,Empididae_Rhamphomyia_barbata_1593351_2834193604,http://creativecommons.org/licenses/by-nc-nd/4.0/
227488,1958061096,Empididae_Empis_digramma_2165674_1958061096,http://creativecommons.org/licenses/by-nc/4.0/
227624,3823186113,Empididae_Empis_tessellata_1249926_3823186113,http://creativecommons.org/licenses/by-nc/4.0/
228502,3730844460,Empididae_Empis_trigramma_3288291_3730844460,http://creativecommons.org/licenses/by-nc-nd/4.0/
229064,1958278650,Empididae_Empis_femorata_2855907_1958278650,http://creativecommons.org/licenses/by-nc-nd/4.0/
229658,3824574286,Empididae_Empis_opaca_3322811_3824574286,http://creativecommons.org/licenses/by-nc-nd/4.0/
230103,3718811565,Empididae_Empis_lutea_3246370_3718811565,http://creativecommons.org/licenses/by-nc-nd/4.0/
230751,2410862849,Empididae_Rhamphomyia_umbripennis_844539_2410862849,© All rights reserved
230752,2410862849,Empididae_Rhamphomyia_umbripennis_844540_2410862849,© All rights reserved
230753,2410862849,Empididae_Rhamphomyia_umbripennis_844541_2410862849,© All rights reserved
230772,3990940358,Empididae_Hilara_cornicula_2040272_3990940358,© All rights reserved
230773,3816620410,Empididae_Empis_borealis_3316423_3816620410,© All rights reserved
230985,1883023926,Empididae_Empis_stercorea_2148607_1883023926,© All rights reserved
231009,2400430302,Empididae_Rhamphomyia_pilifer_2910590_2400430302,© All rights reserved
231010,2400430302,Empididae_Rhamphomyia_pilifer_2910591_2400430302,© All rights reserved
231243,3844682567,Empididae_Hilara_clavipes_571647_3844682567,© All rights reserved
231292,3770679315,Empididae_Empis_borealis_549673_3770679315,© All rights reserved
231356,2402670803,Empididae_Rhamphomyia_umbripennis_152663_2402670803,© All rights reserved
231357,2402670803,Empididae_Rhamphomyia_umbripennis_152664_2402670803,© All rights reserved
231434,2409895231,Empididae_Empis_borealis_154314_2409895231,© All rights reserved
232613,3722043115,Empididae_Empis_livida_1879320_3722043115,http://creativecommons.org/licenses/by-nc-nd/4.0/
232895,3906794182,Empididae_Empis_livida_631325_3906794182,http://creativecommons.org/licenses/by-nc-nd/4.0/
233032,1954453076,Empididae_Empis_nigripes_2159369_1954453076,http://creativecommons.org/licenses/by-nc-nd/4.0/
233033,1954453076,Empididae_Empis_nigripes_2159370_1954453076,http://creativecommons.org/licenses/by-nc-nd/4.0/
233034,1954453076,Empididae_Empis_nigripes_2159371_1954453076,http://creativecommons.org/licenses/by-nc-nd/4.0/
233373,3729407269,Empididae_Empis_trigramma_3281630_3729407269,http://creativecommons.org/licenses/by-nc-nd/4.0/
233995,1953583143,Empididae_Empis_ciliata_781103_1953583143,http://creativecommons.org/licenses/by-nc-nd/4.0/
235173,3715996833,Empididae_Empis_nigricans_1165675_3715996833,http://creativecommons.org/licenses/by-nc-nd/4.0/
235174,3715996833,Empididae_Empis_nigricans_1165676_3715996833,http://creativecommons.org/licenses/by-nc-nd/4.0/
235762,3719913255,Empididae_Empis_opaca_1178624_3719913255,http://creativecommons.org/licenses/by-nc-nd/4.0/
235952,3303197915,Empididae_Rhamphomyia_umbripennis_3050054_3303197915,© All rights reserved
235953,3303197915,Empididae_Rhamphomyia_umbripennis_3050055_3303197915,© All rights reserved
235954,3303197915,Empididae_Rhamphomyia_umbripennis_3050056_3303197915,© All rights reserved
236193,2400523006,Empididae_Empis_tessellata_2220028_2400523006,© All rights reserved
236471,2860737326,Empididae_Rhamphomyia_spinipes_243165_2860737326,© All rights reserved
236507,2816602398,Empididae_Empis_stercorea_2964764_2816602398,© All rights reserved
236514,2627026051,Empididae_Empis_borealis_881167_2627026051,http://creativecommons.org/licenses/by/4.0/
236544,3912722390,Empididae_Rhamphomyia_sciarina_1326763_3912722390,© All rights reserved
236545,3912722390,Empididae_Rhamphomyia_sciarina_1326764_3912722390,© All rights reserved
236546,3912722390,Empididae_Rhamphomyia_sciarina_1326765_3912722390,© All rights reserved
236575,3803837383,Empididae_Empis_borealis_1247115_3803837383,© All rights reserved
236653,2398829727,Empididae_Empis_stercorea_151767_2398829727,© All rights reserved
236949,3823790974,Empididae_Empis_tessellata_1940495_3823790974,http://creativecommons.org/licenses/by-nc-nd/4.0/
237216,2834000243,Empididae_Empis_tessellata_2281310_2834000243,http://creativecommons.org/licenses/by-nc-nd/4.0/
237347,3720781291,Empididae_Empis_trigramma_3250791_3720781291,http://creativecommons.org/licenses/by-nc-nd/4.0/
238038,3997034313,Empididae_Empis_trigramma_672135_3997034313,http://creativecommons.org/licenses/by-nc-nd/4.0/
238217,1952691415,Empididae_Empis_livida_88670_1952691415,http://creativecommons.org/licenses/by-nc-nd/4.0/
238441,1954453172,Empididae_Empis_chioptera_90964_1954453172,http://creativecommons.org/licenses/by-nc-nd/4.0/
239313,3724955682,Empididae_Empis_trigramma_1887279_3724955682,http://creativecommons.org/licenses/by-nc/4.0/
239681,3827454598,Empididae_Empis_femorata_3329925_3827454598,http://creativecommons.org/licenses/by-nc-nd/4.0/
239682,3827454598,Empididae_Empis_femorata_3329926_3827454598,http://creativecommons.org/licenses/by-nc-nd/4.0/
241238,3995696896,Empididae_Empis_opaca_1355653_3995696896,http://creativecommons.org/licenses/by-nc-nd/4.0/
242820,3720614251,Empididae_Empis_livida_491812_3720614251,http://creativecommons.org/licenses/by-nc-nd/4.0/
243511,1963106905,Empididae_Empis_nigricans_103824_1963106905,http://creativecommons.org/publicdomain/zero/1.0/
243512,1963106905,Empididae_Empis_nigricans_103825_1963106905,http://creativecommons.org/publicdomain/zero/1.0/
243666,1955648959,Empididae_Empis_ciliata_1472779_1955648959,http://creativecommons.org/licenses/by-nc-nd/4.0/
244363,2837485553,Empididae_Rhamphomyia_erythrophthalma_910199_2837485553,http://creativecommons.org/licenses/by-nc-nd/4.0/
244364,2837485553,Empididae_Rhamphomyia_erythrophthalma_910200_2837485553,http://creativecommons.org/licenses/by-nc-nd/4.0/
245156,3717193323,Empididae_Empis_livida_2549600_3717193323,http://creativecommons.org/licenses/by-nc-nd/4.0/
245718,3825454150,Empididae_Phyllodromia_melanocephala_3324746_3825454150,http://creativecommons.org/licenses/by-nc-nd/4.0/
246591,1975686643,Empididae_Rhamphomyia_erythrophthalma_812624_1975686643,http://creativecommons.org/licenses/by-nc-nd/4.0/
246592,1975686643,Empididae_Rhamphomyia_erythrophthalma_812625_1975686643,http://creativecommons.org/licenses/by-nc-nd/4.0/
247451,1955723624,Empididae_Empis_stercorea_93711_1955723624,http://creativecommons.org/licenses/by-nc-nd/4.0/
247543,3825414073,Empididae_Empis_opaca_3324544_3825414073,http://creativecommons.org/licenses/by-nc-nd/4.0/
247969,3905106724,Empididae_Empis_livida_1309963_3905106724,http://creativecommons.org/licenses/by-nc-nd/4.0/
248646,1955404763,Empididae_Hilara_chorica_92801_1955404763,http://creativecommons.org/licenses/by-nc-nd/4.0/
248647,1955404763,Empididae_Hilara_chorica_92802_1955404763,http://creativecommons.org/licenses/by-nc-nd/4.0/
249061,1954456544,Empididae_Hilara_nitidula_781548_1954456544,http://creativecommons.org/licenses/by-nc-nd/4.0/
249062,1954456544,Empididae_Hilara_nitidula_781549_1954456544,http://creativecommons.org/licenses/by-nc-nd/4.0/
249063,1954456544,Empididae_Hilara_nitidula_781550_1954456544,http://creativecommons.org/licenses/by-nc-nd/4.0/
249483,1958138125,Empididae_Empis_digramma_787991_1958138125,http://creativecommons.org/publicdomain/zero/1.0/
249886,3720151931,Empididae_Empis_trigramma_1179133_3720151931,http://creativecommons.org/licenses/by-nc-nd/4.0/
250168,1977153579,Empididae_Empis_tessellata_1504037_1977153579,http://creativecommons.org/licenses/by-nc/4.0/
250185,1955715476,Empididae_Empis_stercorea_784254_1955715476,http://creativecommons.org/licenses/by-nc-nd/4.0/
251448,3725131873,Empididae_Empis_trigramma_2576840_3725131873,http://creativecommons.org/licenses/by-nc/4.0/
251920,3725083826,Empididae_Empis_opaca_1887385_3725083826,http://creativecommons.org/licenses/by-nc-nd/4.0/
252296,3997193245,Empididae_Empis_livida_672705_3997193245,http://creativecommons.org/licenses/by-nc-nd/4.0/
252456,1956674411,Empididae_Empis_aestiva_94613_1956674411,http://creativecommons.org/licenses/by-nc-nd/4.0/
252457,1956674411,Empididae_Empis_aestiva_94614_1956674411,http://creativecommons.org/licenses/by-nc-nd/4.0/
253704,3823086192,Empididae_Empis_trigramma_1938738_3823086192,http://creativecommons.org/licenses/by-nc-sa/4.0/
253758,3448838493,Empididae_Empis_pennipes_1833825_3448838493,http://creativecommons.org/licenses/by-sa/4.0/
253777,3448956199,Empididae_Heleodromia_immaculata_1144423_3448956199,http://creativecommons.org/licenses/by-sa/4.0/
253796,3448670654,Empididae_Empis_grisea_454907_3448670654,http://creativecommons.org/licenses/by-sa/4.0/
253828,3448036292,Empididae_Rhamphomyia_marginata_3212756_3448036292,http://creativecommons.org/licenses/by-nc/4.0/
253835,3448493514,Empididae_Rhamphomyia_crassirostris_2522751_3448493514,http://creativecommons.org/licenses/by-sa/4.0/
254049,2272124525,Empididae_Rhamphomyia_crassirostris_144788_2272124525,© all rights reserved
254050,2272124525,Empididae_Rhamphomyia_crassirostris_144789_2272124525,© all rights reserved
254051,2272124525,Empididae_Rhamphomyia_crassirostris_144790_2272124525,© all rights reserved
254067,4017516491,Empididae_Rhamphomyia_stigmosa_1368889_4017516491,© all rights reserved
254068,4017516491,Empididae_Rhamphomyia_stigmosa_1368890_4017516491,© all rights reserved
254611,4009868396,Empididae_Empis_pennipes_2054249_4009868396,http://creativecommons.org/licenses/by-nc/4.0/
254612,4009868396,Empididae_Empis_pennipes_2054250_4009868396,http://creativecommons.org/licenses/by-nc/4.0/
255554,3384512626,Empididae_Empis_stercorea_3080326_3384512626,http://creativecommons.org/licenses/by-nc/4.0/
257310,2429204485,Empididae_Rhamphomyia_crassirostris_2916108_2429204485,http://creativecommons.org/licenses/by-nc/4.0/
258810,3747045505,Empididae_Empis_borealis_542560_3747045505,http://creativecommons.org/licenses/by-nc/4.0/
259518,3321139512,Empididae_Empis_punctata_986724_3321139512,http://creativecommons.org/licenses/by-nc-nd/4.0/
259519,3321139512,Empididae_Empis_punctata_986725_3321139512,http://creativecommons.org/licenses/by-nc-nd/4.0/
261807,3415866719,Empididae_Rhamphomyia_variabilis_334634_3415866719,http://creativecommons.org/licenses/by/4.0/
262240,3773633089,Empididae_Empis_pulchripes_2620132_3773633089,http://creativecommons.org/licenses/by-nc/4.0/
262241,3773633089,Empididae_Empis_pulchripes_2620133_3773633089,http://creativecommons.org/licenses/by-nc/4.0/
262242,3773633089,Empididae_Empis_pulchripes_2620134_3773633089,http://creativecommons.org/licenses/by-nc/4.0/
262687,3302013234,Empididae_Empis_borealis_1667883_3302013234,http://creativecommons.org/licenses/by-nc/4.0/
263208,932422084,Empididae_Phyllodromia_melanocephala_689798_932422084,© all rights reserved
263209,932422084,Empididae_Phyllodromia_melanocephala_689799_932422084,© all rights reserved
263210,932422084,Empididae_Phyllodromia_melanocephala_689800_932422084,© all rights reserved
263440,2808598653,Empididae_Rhamphomyia_marginata_2961321_2808598653,© all rights reserved
264158,1064415724,Empididae_Empis_livida_696483_1064415724,© all rights reserved
264201,2572337500,Empididae_Empis_staegeri_2939772_2572337500,© all rights reserved
264202,2572337500,Empididae_Empis_staegeri_2939773_2572337500,© all rights reserved
264276,1432304566,Empididae_Phyllodromia_melanocephala_2803277_1432304566,© all rights reserved
264277,1432304566,Empididae_Phyllodromia_melanocephala_2803278_1432304566,© all rights reserved
264346,1460161548,Empididae_Hilara_intermedia_1428356_1460161548,© all rights reserved
264347,1460161548,Empididae_Hilara_intermedia_1428357_1460161548,© all rights reserved
264348,1460161548,Empididae_Hilara_intermedia_1428358_1460161548,© all rights reserved
264822,1460749369,Empididae_Empis_borealis_49461_1460749369,© all rights reserved
265358,2005246675,Empididae_Empis_stercorea_2891148_2005246675,© all rights reserved
265370,3049353689,Empididae_Phyllodromia_melanocephala_1649063_3049353689,© all rights reserved
265371,3049353689,Empididae_Phyllodromia_melanocephala_1649064_3049353689,© all rights reserved
265372,3049353689,Empididae_Phyllodromia_melanocephala_1649065_3049353689,© all rights reserved
265373,3049353689,Empididae_Phyllodromia_melanocephala_1649066_3049353689,© all rights reserved
265513,2464026580,Empididae_Phyllodromia_melanocephala_2922740_2464026580,© all rights reserved
265514,2464026580,Empididae_Phyllodromia_melanocephala_2922741_2464026580,© all rights reserved
265515,2464026580,Empididae_Phyllodromia_melanocephala_2922742_2464026580,© all rights reserved
265516,2464026580,Empididae_Phyllodromia_melanocephala_2922743_2464026580,© all rights reserved
265517,2464026580,Empididae_Phyllodromia_melanocephala_2922744_2464026580,© all rights reserved
265545,2809155638,Empididae_Empis_trigramma_1582520_2809155638,© all rights reserved
265546,2809155638,Empididae_Empis_trigramma_1582521_2809155638,© all rights reserved
265565,1461180105,Empididae_Empis_stercorea_2118723_1461180105,© all rights reserved
265814,2979958603,Empididae_Rhamphomyia_nodipes_1633704_2979958603,© all rights reserved
266310,3964354583,Empididae_Rhamphomyia_nigripennis_2724404_3964354583,© all rights reserved
266311,3964354583,Empididae_Rhamphomyia_nigripennis_2724405_3964354583,© all rights reserved
266663,2619414654,Empididae_Empis_borealis_188459_2619414654,© all rights reserved
266726,1891193061,Empididae_Empis_pennipes_2841134_1891193061,© all rights reserved
266881,1460559557,Empididae_Iteaphila_oedalina_2118518_1460559557,© all rights reserved
266882,1460559557,Empididae_Iteaphila_oedalina_2118519_1460559557,© all rights reserved
266883,1460559557,Empididae_Iteaphila_oedalina_2118520_1460559557,© all rights reserved
267442,2295179078,Empididae_Empis_tessellata_1526614_2295179078,© all rights reserved
267465,1844780349,Empididae_Empis_borealis_1452600_1844780349,© all rights reserved
267775,1460161550,Empididae_Empis_livida_48473_1460161550,© all rights reserved
268027,1459925981,Empididae_Empis_pennipes_739401_1459925981,© all rights reserved
268039,1123507291,Empididae_Empis_pennipes_2076030_1123507291,© all rights reserved
268040,1123507291,Empididae_Empis_pennipes_2076031_1123507291,© all rights reserved
268115,1670956418,Empididae_Rhamphomyia_spinipes_1433052_1670956418,© all rights reserved
268610,2808446838,Empididae_Rhamphomyia_poplitea_893202_2808446838,© all rights reserved
268941,1460476995,Empididae_Empis_stercorea_1429101_1460476995,© all rights reserved
268954,3769256054,Empididae_Empis_borealis_1238585_3769256054,© all rights reserved
269215,1458468146,Empididae_Empis_borealis_2115720_1458468146,© all rights reserved
269498,1123124704,Empididae_Rhamphomyia_nigripennis_1386537_1123124704,© all rights reserved
269499,1123124704,Empididae_Rhamphomyia_nigripennis_1386538_1123124704,© all rights reserved
269575,2848216502,Empididae_Rhamphomyia_anomalina_235817_2848216502,© all rights reserved
269576,2848216502,Empididae_Rhamphomyia_anomalina_235818_2848216502,© all rights reserved
269577,2848216502,Empididae_Rhamphomyia_anomalina_235819_2848216502,© all rights reserved
269613,1063812280,Empididae_Empis_borealis_696416_1063812280,© all rights reserved
269959,2272856735,Empididae_Rhamphomyia_nodipes_145095_2272856735,© all rights reserved
269960,2272856735,Empididae_Rhamphomyia_nodipes_145096_2272856735,© all rights reserved
269961,2272856735,Empididae_Rhamphomyia_nodipes_145097_2272856735,© all rights reserved
270223,2809684886,Empididae_Rhamphomyia_crassirostris_2961883_2809684886,© all rights reserved
270286,1669030550,Empididae_Rhamphomyia_albipennis_1432381_1669030550,© all rights reserved
270287,1669030550,Empididae_Rhamphomyia_albipennis_1432382_1669030550,© all rights reserved
270288,1669030550,Empididae_Rhamphomyia_albipennis_1432383_1669030550,© all rights reserved
270334,931766012,Empididae_Rhamphomyia_cinerascens_1378088_931766012,© all rights reserved
270335,931766012,Empididae_Rhamphomyia_cinerascens_1378089_931766012,© all rights reserved
270612,1460429917,Empididae_Rhamphomyia_umbripennis_2807824_1460429917,© all rights reserved
270683,1884233066,Empididae_Phyllodromia_melanocephala_2840105_1884233066,© all rights reserved
270885,2847972438,Empididae_Hilara_nigritarsis_925950_2847972438,© all rights reserved
270886,2847972438,Empididae_Hilara_nigritarsis_925951_2847972438,© all rights reserved
270923,1460401065,Empididae_Rhamphomyia_spinipes_2118253_1460401065,© all rights reserved
270924,1460401065,Empididae_Rhamphomyia_spinipes_2118254_1460401065,© all rights reserved
270960,1499936699,Empididae_Empis_borealis_49795_1499936699,© all rights reserved
270991,1670820087,Empididae_Rhamphomyia_sciarina_2811899_1670820087,© all rights reserved
270992,1670820087,Empididae_Rhamphomyia_sciarina_2811900_1670820087,© all rights reserved
270993,1670820087,Empididae_Rhamphomyia_sciarina_2811901_1670820087,© all rights reserved
271004,1460549933,Empididae_Empis_borealis_49312_1460549933,© all rights reserved
271586,3856454872,Empididae_Rhamphomyia_marginata_1950043_3856454872,© all rights reserved
272204,1459607970,Empididae_Empis_stercorea_738645_1459607970,© all rights reserved
272262,4014093683,Empididae_Rhamphomyia_sulcata_2056714_4014093683,© all rights reserved
272263,4014093683,Empididae_Rhamphomyia_sulcata_2056715_4014093683,© all rights reserved
272264,4014093683,Empididae_Rhamphomyia_sulcata_2056716_4014093683,© all rights reserved
272432,1431179822,Empididae_Rhamphomyia_crassirostris_2113243_1431179822,© all rights reserved
272433,1431179822,Empididae_Rhamphomyia_crassirostris_2113244_1431179822,© all rights reserved
272474,931791311,Empididae_Empis_stercorea_1378095_931791311,© all rights reserved
272584,2808788154,Empididae_Empis_borealis_893429_2808788154,© all rights reserved
272676,3077942236,Empididae_Empis_borealis_966635_3077942236,© all rights reserved
272925,3430271093,Empididae_Rhamphomyia_marginata_2404260_3430271093,© all rights reserved
272978,3856525545,Empididae_Empis_stercorea_2639592_3856525545,© all rights reserved
273773,1459600691,Empididae_Rhamphomyia_umbripennis_2806084_1459600691,© all rights reserved
273815,3992997739,Empididae_Rhamphomyia_umbripennis_1351058_3992997739,© all rights reserved
273902,1460242241,Empididae_Iteaphila_oedalina_1428463_1460242241,© all rights reserved
273903,1460242241,Empididae_Iteaphila_oedalina_1428464_1460242241,© all rights reserved
273904,1460242241,Empididae_Iteaphila_oedalina_1428465_1460242241,© all rights reserved
274529,2809677909,Empididae_Empis_trigramma_1582833_2809677909,© all rights reserved
274848,3433461812,Empididae_Empis_pennipes_2405894_3433461812,© all rights reserved
274849,3433461812,Empididae_Empis_pennipes_2405895_3433461812,© all rights reserved
275461,3768335217,Empididae_Rhamphomyia_marginata_1927839_3768335217,© all rights reserved
275610,1460389185,Empididae_Rhamphomyia_spinipes_740244_1460389185,© all rights reserved
275641,2809388759,Empididae_Rhamphomyia_umbripennis_2961701_2809388759,© all rights reserved
275756,3768419531,Empididae_Empis_borealis_3307689_3768419531,© all rights reserved
275985,2572334504,Empididae_Hilara_eviana_181537_2572334504,© all rights reserved
275986,2572334504,Empididae_Hilara_eviana_181538_2572334504,© all rights reserved
275987,2572334504,Empididae_Hilara_eviana_181539_2572334504,© all rights reserved
276843,3823649160,Empididae_Empis_tessellata_1940136_3823649160,http://creativecommons.org/licenses/by-nc-nd/4.0/
276939,3907192841,Empididae_Empis_livida_633604_3907192841,http://creativecommons.org/licenses/by-nc-nd/4.0/
277983,1953426642,Empididae_Empis_ciliata_780826_1953426642,http://creativecommons.org/licenses/by-nc-nd/4.0/
279395,3724371386,Empididae_Empis_nigricans_508536_3724371386,http://creativecommons.org/licenses/by-nc-nd/4.0/
279396,3724371386,Empididae_Empis_nigricans_508537_3724371386,http://creativecommons.org/licenses/by-nc-nd/4.0/
279497,1974489955,Empididae_Empis_chioptera_1500270_1974489955,http://creativecommons.org/licenses/by-nc-nd/4.0/
279738,1956849658,Empididae_Empis_digramma_1473954_1956849658,http://creativecommons.org/licenses/by-nc-nd/4.0/
279878,1955751417,Empididae_Rhamphomyia_marginata_784416_1955751417,http://creativecommons.org/licenses/by-nc-nd/4.0/
280456,1971903520,Empididae_Empis_digramma_807046_1971903520,http://creativecommons.org/licenses/by-nc-nd/4.0/
280693,2404779128,Empididae_Empis_pennipes_1532022_2404779128,© All rights reserved
280796,1824778928,Empididae_Empis_borealis_56440_1824778928,© All rights reserved
280853,3878890385,Empididae_Empis_hyalipennis_1283592_3878890385,© All rights reserved
280854,3878890385,Empididae_Empis_hyalipennis_1283593_3878890385,© All rights reserved
281170,1884784625,Empididae_Hilara_clavipes_772842_1884784625,© All rights reserved
281203,3027820315,Empididae_Empis_tessellata_954638_3027820315,© All rights reserved
281223,2400849047,Empididae_Hilara_clavipes_2910699_2400849047,© All rights reserved
281224,2400849047,Empididae_Hilara_clavipes_2910700_2400849047,© All rights reserved
281225,2400849047,Empididae_Hilara_clavipes_2910701_2400849047,© All rights reserved
281248,2425088203,Empididae_Rhamphomyia_trilineata_2915969_2425088203,© All rights reserved
281763,2837381002,Empididae_Empis_digramma_219597_2837381002,http://creativecommons.org/licenses/by-nc-nd/4.0/
281882,1958077715,Empididae_Empis_nigricans_2165715_1958077715,http://creativecommons.org/licenses/by-nc-sa/4.0/
283298,2839867476,Empididae_Empis_trigramma_2291487_2839867476,http://creativecommons.org/licenses/by-nc-sa/4.0/
284972,1973978336,Empididae_Empis_nigricans_1499390_1973978336,http://creativecommons.org/licenses/by-nc-nd/4.0/
284973,1973978336,Empididae_Empis_nigricans_1499391_1973978336,http://creativecommons.org/licenses/by-nc-nd/4.0/
286538,2251608764,Empididae_Clinocera_stagnalis_1521712_2251608764,http://creativecommons.org/licenses/by-nc/4.0/
286600,3429770368,Empididae_Rhamphomyia_tipularia_1714930_3429770368,© all rights reserved
286601,3429770368,Empididae_Rhamphomyia_tipularia_1714931_3429770368,© all rights reserved
286602,3429770368,Empididae_Rhamphomyia_tipularia_1714932_3429770368,© all rights reserved
286607,3049363547,Empididae_Chelifera_diversicauda_960785_3049363547,© all rights reserved
286608,3049363547,Empididae_Chelifera_diversicauda_960786_3049363547,© all rights reserved
286699,1671013053,Empididae_Rhamphomyia_spinipes_1433077_1671013053,© all rights reserved
286700,1671013053,Empididae_Rhamphomyia_spinipes_1433078_1671013053,© all rights reserved
286701,1459596449,Empididae_Rhamphomyia_trilineata_2806053_1459596449,© all rights reserved
286702,1459596449,Empididae_Rhamphomyia_trilineata_2806054_1459596449,© all rights reserved
288346,3124633387,Empididae_Empis_lutea_287726_3124633387,http://creativecommons.org/licenses/by-nc/4.0/
288347,3124633387,Empididae_Empis_lutea_287727_3124633387,http://creativecommons.org/licenses/by-nc/4.0/
288875,3118298404,Empididae_Empis_ciliata_2355135_3118298404,http://creativecommons.org/licenses/by-nc/4.0/
290687,2244216289,Empididae_Empis_digramma_1516009_2244216289,http://creativecommons.org/licenses/by-nc/4.0/
290709,3995709313,Empididae_Empis_digramma_667542_3995709313,http://creativecommons.org/licenses/by-nc-nd/4.0/
290916,1960018457,Empididae_Empis_stercorea_1479506_1960018457,http://creativecommons.org/licenses/by-nc-nd/4.0/
290971,1955413565,Empididae_Hilara_lurida_92824_1955413565,http://creativecommons.org/licenses/by-nc-nd/4.0/
291624,2833706006,Empididae_Empis_nigripes_1591715_2833706006,http://creativecommons.org/licenses/by-nc-nd/4.0/
292151,1954452922,Empididae_Rhamphomyia_sulcata_1470258_1954452922,http://creativecommons.org/licenses/by-nc-nd/4.0/
292152,1954452922,Empididae_Rhamphomyia_sulcata_1470259_1954452922,http://creativecommons.org/licenses/by-nc-nd/4.0/
292153,1954452922,Empididae_Rhamphomyia_sulcata_1470260_1954452922,http://creativecommons.org/licenses/by-nc-nd/4.0/
292627,3716409708,Empididae_Empis_femorata_1856503_3716409708,http://creativecommons.org/licenses/by-nc-nd/4.0/
292800,3996573043,Empididae_Empis_nigricans_670464_3996573043,http://creativecommons.org/licenses/by-nc-nd/4.0/
292801,3996573043,Empididae_Empis_nigricans_670465_3996573043,http://creativecommons.org/licenses/by-nc-nd/4.0/
293068,3822529146,Empididae_Empis_nigritarsis_1937311_3822529146,http://creativecommons.org/licenses/by-nc-nd/4.0/
293069,3822529146,Empididae_Empis_nigritarsis_1937312_3822529146,http://creativecommons.org/licenses/by-nc-nd/4.0/
293070,3822529146,Empididae_Empis_nigritarsis_1937313_3822529146,http://creativecommons.org/licenses/by-nc-nd/4.0/
293311,1974369994,Empididae_Empis_ciliata_1500124_1974369994,http://creativecommons.org/licenses/by-nc-nd/4.0/
293469,1970687672,Empididae_Empis_ciliata_115459_1970687672,http://creativecommons.org/licenses/by-nc-nd/4.0/
294478,1960158136,Empididae_Empis_chioptera_791170_1960158136,http://creativecommons.org/licenses/by-nc-nd/4.0/
294479,1960158136,Empididae_Empis_chioptera_791171_1960158136,http://creativecommons.org/licenses/by-nc-nd/4.0/
295327,3728281267,Empididae_Empis_opaca_1209442_3728281267,http://creativecommons.org/licenses/by-nc-nd/4.0/
295397,3716451329,Empididae_Empis_tessellata_2545832_3716451329,http://creativecommons.org/licenses/by-nc/4.0/
295732,1973238823,Empididae_Empis_livida_119060_1973238823,http://creativecommons.org/licenses/by-nc-nd/4.0/
295816,3996987035,Empididae_Empis_tessellata_672009_3996987035,http://creativecommons.org/licenses/by-nc-nd/4.0/
298215,1951222637,Empididae_Empis_ciliata_87006_1951222637,http://creativecommons.org/publicdomain/zero/1.0/
298228,3720341510,Empididae_Empis_opaca_490623_3720341510,http://creativecommons.org/licenses/by-nc-nd/4.0/
298890,2619410997,Empididae_Empis_borealis_878566_2619410997,© all rights reserved
298930,1474960794,Empididae_Heleodromia_immaculata_49687_1474960794,© all rights reserved
299322,3759091531,Empididae_Empis_trianguligera_1232698_3759091531,http://creativecommons.org/licenses/by-nc/4.0/
300469,2844170953,Empididae_Empis_lutea_921958_2844170953,http://creativecommons.org/licenses/by/4.0/
300470,2844170953,Empididae_Empis_lutea_921959_2844170953,http://creativecommons.org/licenses/by/4.0/
301477,3726261437,Empididae_Empis_femorata_3270838_3726261437,http://creativecommons.org/licenses/by-nc-nd/4.0/
301968,3824182581,Empididae_Empis_digramma_1941381_3824182581,http://creativecommons.org/licenses/by-nc-nd/4.0/
302252,1970785601,Empididae_Empis_ciliata_806364_1970785601,http://creativecommons.org/licenses/by-nc-nd/4.0/
302700,1976254121,Empididae_Empis_serotina_813497_1976254121,http://creativecommons.org/licenses/by-nc-nd/4.0/
302701,1976254121,Empididae_Empis_serotina_813498_1976254121,http://creativecommons.org/licenses/by-nc-nd/4.0/
303061,3718088505,Empididae_Empis_lutea_3244171_3718088505,http://creativecommons.org/licenses/by-nc-nd/4.0/
303062,3718088505,Empididae_Empis_lutea_3244172_3718088505,http://creativecommons.org/licenses/by-nc-nd/4.0/
304033,3131284324,Empididae_Clinocera_stagnalis_288594_3131284324,http://creativecommons.org/licenses/by/4.0/
304034,3131284324,Empididae_Clinocera_stagnalis_288595_3131284324,http://creativecommons.org/licenses/by/4.0/
304035,3131284324,Empididae_Clinocera_stagnalis_288596_3131284324,http://creativecommons.org/licenses/by/4.0/
304076,3091052306,Empididae_Empis_lutea_2347932_3091052306,http://creativecommons.org/licenses/by/4.0/
304077,3091052306,Empididae_Empis_lutea_2347933_3091052306,http://creativecommons.org/licenses/by/4.0/
304078,3091052306,Empididae_Empis_lutea_2347934_3091052306,http://creativecommons.org/licenses/by/4.0/
304110,2251608383,Empididae_Clinocera_stagnalis_2901276_2251608383,http://creativecommons.org/licenses/by-nc/4.0/
304148,1974293353,Empididae_Empis_ciliata_1500007_1974293353,http://creativecommons.org/licenses/by-nc/4.0/
305260,3824565082,Empididae_Empis_opaca_2632084_3824565082,http://creativecommons.org/licenses/by-nc-nd/4.0/
305544,2837321234,Empididae_Empis_lutea_909807_2837321234,http://creativecommons.org/licenses/by-nc-nd/4.0/
305545,2837321234,Empididae_Empis_lutea_909808_2837321234,http://creativecommons.org/licenses/by-nc-nd/4.0/
305671,1977336012,Empididae_Empis_ciliata_1504458_1977336012,http://creativecommons.org/licenses/by/4.0/
305963,3822081081,Empididae_Empis_nigritarsis_2626233_3822081081,http://creativecommons.org/licenses/by-nc-nd/4.0/
305964,3822081081,Empididae_Empis_nigritarsis_2626234_3822081081,http://creativecommons.org/licenses/by-nc-nd/4.0/
305965,3822081081,Empididae_Empis_nigritarsis_2626235_3822081081,http://creativecommons.org/licenses/by-nc-nd/4.0/
306601,3903941969,Empididae_Empis_stercorea_1992233_3903941969,http://creativecommons.org/licenses/by-nc-nd/4.0/
306777,3825781891,Empididae_Empis_tessellata_3325512_3825781891,http://creativecommons.org/licenses/by-nc-nd/4.0/
307601,3720883494,Empididae_Empis_nigricans_1871389_3720883494,http://creativecommons.org/licenses/by-nc/4.0/
307852,2833869273,Empididae_Empis_borealis_2280867_2833869273,http://creativecommons.org/licenses/by-nc/4.0/
308567,3773073243,Empididae_Empis_nigritarsis_2618967_3773073243,http://creativecommons.org/licenses/by-nc/4.0/
309223,3443388829,Empididae_Clinocera_tibiella_1139569_3443388829,http://creativecommons.org/licenses/by-nc-sa/4.0/
309242,3110500566,Empididae_Empis_borealis_3042228_3110500566,© All rights reserved
309354,2398996600,Empididae_Empis_borealis_151808_2398996600,© All rights reserved
309650,2979435561,Empididae_Dolichocephala_irrorata_253881_2979435561,http://creativecommons.org/licenses/by-nc-sa/4.0/
309670,2251543840,Empididae_Chelifera_diversicauda_142782_2251543840,http://creativecommons.org/licenses/by/4.0/
309686,2979376528,Empididae_Rhamphomyia_hilariformis_1631520_2979376528,http://creativecommons.org/licenses/by-nc-sa/4.0/
309729,1884329814,Empididae_Phyllodromia_melanocephala_772594_1884329814,© all rights reserved
309759,1995309552,Empididae_Empis_pennipes_823094_1995309552,© all rights reserved
309763,2272260313,Empididae_Empis_borealis_835323_2272260313,© all rights reserved
309834,3768406981,Empididae_Empis_acinerea_3307682_3768406981,© all rights reserved
309835,3768406981,Empididae_Empis_acinerea_3307683_3768406981,© all rights reserved
310223,1955760630,Empididae_Empis_opaca_2162189_1955760630,http://creativecommons.org/licenses/by-nc-nd/4.0/
310512,1956704904,Empididae_Empis_trigramma_785292_1956704904,http://creativecommons.org/licenses/by-nc-nd/4.0/
312016,3825411241,Empididae_Empis_livida_2633804_3825411241,http://creativecommons.org/licenses/by-nc-nd/4.0/
314409,2411165574,Empididae_Empis_stercorea_2222533_2411165574,© All rights reserved
314485,3400470429,Empididae_Rhamphomyia_albosegmentata_2398635_3400470429,© All rights reserved
314486,3400470429,Empididae_Rhamphomyia_albosegmentata_2398636_3400470429,© All rights reserved
314487,3400470429,Empididae_Rhamphomyia_albosegmentata_2398637_3400470429,© All rights reserved
314488,3400470429,Empididae_Rhamphomyia_albosegmentata_2398638_3400470429,© All rights reserved
314573,2399149317,Empididae_Rhamphomyia_spinipes_841994_2399149317,http://creativecommons.org/licenses/by-nc-sa/4.0/
314678,1845293086,Empididae_Empis_borealis_1452652_1845293086,© All rights reserved
314764,3866332413,Empididae_Empis_aestiva_587742_3866332413,© All rights reserved
315002,3460027384,Empididae_Empis_stercorea_3223848_3460027384,© All rights reserved
315458,2855608392,Empididae_Empis_pennipes_1618746_2855608392,© All rights reserved
315485,2405158325,Empididae_Empis_pennipes_153192_2405158325,© All rights reserved
315520,2401221218,Empididae_Phyllodromia_melanocephala_2910761_2401221218,© All rights reserved
315521,2401221218,Empididae_Phyllodromia_melanocephala_2910762_2401221218,© All rights reserved
315522,2401221218,Empididae_Phyllodromia_melanocephala_2910763_2401221218,© All rights reserved
315590,2272607370,Empididae_Empis_borealis_2903331_2272607370,© all rights reserved
315599,1213786213,Empididae_Rhamphomyia_variabilis_700316_1213786213,© all rights reserved
315737,3434364352,Empididae_Empis_trigramma_1717343_3434364352,© all rights reserved
315768,3091059306,Empididae_Rhamphomyia_flava_279719_3091059306,http://creativecommons.org/licenses/by/4.0/
315769,3091059306,Empididae_Rhamphomyia_flava_279720_3091059306,http://creativecommons.org/licenses/by/4.0/
315808,3803806366,Empididae_Rhamphomyia_nigripennis_1247100_3803806366,© All rights reserved
316156,2402581341,Empididae_Phyllodromia_melanocephala_2220512_2402581341,© All rights reserved
316157,2402581341,Empididae_Phyllodromia_melanocephala_2220513_2402581341,© All rights reserved
316158,2402581341,Empididae_Phyllodromia_melanocephala_2220514_2402581341,© All rights reserved
316159,3396821477,Empididae_Rhamphomyia_sciarina_327002_3396821477,© All rights reserved
316160,3396821477,Empididae_Rhamphomyia_sciarina_327003_3396821477,© All rights reserved
316161,3396821477,Empididae_Rhamphomyia_sciarina_327004_3396821477,© All rights reserved
316162,3396821477,Empididae_Rhamphomyia_sciarina_327005_3396821477,© All rights reserved
316163,3396821477,Empididae_Rhamphomyia_sciarina_327006_3396821477,© All rights reserved
316252,4008041364,Empididae_Rhamphomyia_sulcata_2052842_4008041364,© All rights reserved
316253,4008041364,Empididae_Rhamphomyia_sulcata_2052843_4008041364,© All rights reserved
316254,4008041364,Empididae_Rhamphomyia_sulcata_2052844_4008041364,© All rights reserved
316296,2247954294,Empididae_Rhamphomyia_umbripennis_2895849_2247954294,© All rights reserved
316385,3327189432,Empididae_Hilara_clavipes_3057752_3327189432,© All rights reserved
316451,3759729127,Empididae_Empis_pulchripes_545931_3759729127,http://creativecommons.org/licenses/by-nc/4.0/
316452,3759729127,Empididae_Empis_pulchripes_545932_3759729127,http://creativecommons.org/licenses/by-nc/4.0/
316453,3759729127,Empididae_Empis_pulchripes_545933_3759729127,http://creativecommons.org/licenses/by-nc/4.0/
316454,3759729127,Empididae_Empis_pulchripes_545934_3759729127,http://creativecommons.org/licenses/by-nc/4.0/
316455,3759729127,Empididae_Empis_pulchripes_545935_3759729127,http://creativecommons.org/licenses/by-nc/4.0/
317653,3302389739,Empididae_Rhamphomyia_flava_2359133_3302389739,http://creativecommons.org/licenses/by-nc/4.0/
317654,3302389739,Empididae_Rhamphomyia_flava_2359134_3302389739,http://creativecommons.org/licenses/by-nc/4.0/
319024,1952721116,Empididae_Empis_livida_1467995_1952721116,http://creativecommons.org/licenses/by-nc-nd/4.0/
319025,1952721116,Empididae_Empis_livida_1467996_1952721116,http://creativecommons.org/licenses/by-nc-nd/4.0/
319056,2844700909,Empididae_Empis_borealis_923400_2844700909,http://creativecommons.org/licenses/by-nc-nd/4.0/
319057,2844700909,Empididae_Empis_borealis_923401_2844700909,http://creativecommons.org/licenses/by-nc-nd/4.0/
319780,1960240325,Empididae_Empis_trigramma_2169170_1960240325,http://creativecommons.org/licenses/by-nc-nd/4.0/
320967,3448857494,Empididae_Phyllodromia_melanocephala_3213131_3448857494,http://creativecommons.org/licenses/by-sa/4.0/
320985,3447969275,Empididae_Empis_stercorea_3212724_3447969275,http://creativecommons.org/licenses/by-sa/4.0/
320996,3448274706,Empididae_Chelipoda_albiseta_2522719_3448274706,http://creativecommons.org/licenses/by-sa/4.0/
321086,3091030306,Empididae_Rhamphomyia_crassirostris_3038388_3091030306,http://creativecommons.org/licenses/by/4.0/
321087,3091030306,Empididae_Rhamphomyia_crassirostris_3038389_3091030306,http://creativecommons.org/licenses/by/4.0/
321088,3091030306,Empididae_Rhamphomyia_crassirostris_3038390_3091030306,http://creativecommons.org/licenses/by/4.0/
321089,3091030306,Empididae_Rhamphomyia_crassirostris_3038391_3091030306,http://creativecommons.org/licenses/by/4.0/
321090,3091030306,Empididae_Rhamphomyia_crassirostris_3038392_3091030306,http://creativecommons.org/licenses/by/4.0/
321427,1955875734,Empididae_Rhamphomyia_crassirostris_94118_1955875734,http://creativecommons.org/licenses/by-nc-nd/4.0/
321651,3721159666,Empididae_Empis_digramma_494663_3721159666,http://creativecommons.org/licenses/by-nc-nd/4.0/
321907,3826973371,Empididae_Empis_tessellata_1259000_3826973371,http://creativecommons.org/licenses/by-nc-nd/4.0/
322039,3729436154,Empididae_Empis_opaca_3281733_3729436154,http://creativecommons.org/licenses/by-nc-nd/4.0/
322536,2832444136,Empididae_Empis_vitripennis_2969551_2832444136,http://creativecommons.org/licenses/by-nc-nd/4.0/
322537,2832444136,Empididae_Empis_vitripennis_2969552_2832444136,http://creativecommons.org/licenses/by-nc-nd/4.0/
322538,2832444136,Empididae_Empis_vitripennis_2969553_2832444136,http://creativecommons.org/licenses/by-nc-nd/4.0/
323449,2835658830,Empididae_Empis_digramma_1595965_2835658830,http://creativecommons.org/licenses/by-nc/4.0/
323473,3725937097,Empididae_Empis_tessellata_511196_3725937097,http://creativecommons.org/licenses/by-nc-nd/4.0/
323678,1954752265,Empididae_Hilara_nitidula_91254_1954752265,http://creativecommons.org/licenses/by-nc-nd/4.0/
323679,1954752265,Empididae_Hilara_nitidula_91255_1954752265,http://creativecommons.org/licenses/by-nc-nd/4.0/
324315,3727012092,Empididae_Empis_lutea_2583826_3727012092,http://creativecommons.org/licenses/by-nc-nd/4.0/
324332,3728820053,Empididae_Empis_digramma_2589503_3728820053,http://creativecommons.org/licenses/by-nc-nd/4.0/
324749,3822997955,Empididae_Empis_opaca_3318537_3822997955,http://creativecommons.org/licenses/by-nc-nd/4.0/
325736,3716587463,Empididae_Empis_tessellata_1857317_3716587463,http://creativecommons.org/licenses/by-nc-nd/4.0/
325912,1968403760,Empididae_Empis_trigramma_2179259_1968403760,http://creativecommons.org/licenses/by-nc-sa/4.0/
326576,3906029097,Empididae_Empis_livida_1315456_3906029097,http://creativecommons.org/licenses/by-nc-nd/4.0/
327245,3826901933,Empididae_Empis_digramma_1258763_3826901933,http://creativecommons.org/licenses/by-nc-nd/4.0/
327528,3824302529,Empididae_Empis_trigramma_2631194_3824302529,http://creativecommons.org/licenses/by-nc-nd/4.0/
329329,3729097493,Empididae_Empis_tessellata_2590183_3729097493,http://creativecommons.org/licenses/by-nc-nd/4.0/
329828,3448407180,Empididae_Phyllodromia_melanocephala_1833621_3448407180,http://creativecommons.org/licenses/by-sa/4.0/
329845,3448963826,Empididae_Empis_pennipes_1144428_3448963826,http://creativecommons.org/licenses/by-sa/4.0/
329851,3449029479,Empididae_Dolichocephala_thomasi_3213213_3449029479,http://creativecommons.org/licenses/by-sa/4.0/
329873,3448120334,Empididae_Hilara_intermedia_454681_3448120334,http://creativecommons.org/licenses/by-sa/4.0/
329879,3448147444,Empididae_Chelipoda_albiseta_1144078_3448147444,http://creativecommons.org/licenses/by-sa/4.0/
329902,3448836493,Empididae_Phyllodromia_melanocephala_454979_3448836493,http://creativecommons.org/licenses/by-sa/4.0/
329936,3447923959,Empididae_Iteaphila_nitidula_2522502_3447923959,http://creativecommons.org/licenses/by-sa/4.0/
329942,3448121607,Empididae_Empis_grisea_3212800_3448121607,http://creativecommons.org/licenses/by-sa/4.0/
330005,3927085380,Empididae_Empis_pennipes_2716880_3927085380,© All rights reserved
330215,2815083473,Empididae_Hilara_clavipes_2273754_2815083473,© All rights reserved
330458,3816689346,Empididae_Empis_borealis_1936509_3816689346,© All rights reserved
330579,3303163220,Empididae_Empis_stercorea_981306_3303163220,© All rights reserved
330786,3864307378,Empididae_Phyllodromia_melanocephala_2655194_3864307378,© All rights reserved
330892,3912823588,Empididae_Rhamphomyia_spinipes_2016099_3912823588,© All rights reserved
331019,3927105517,Empididae_Empis_lucida_2716882_3927105517,© All rights reserved
331033,3323886310,Empididae_Hilara_clavipes_297145_3323886310,© All rights reserved
331327,2252330416,Empididae_Empis_stercorea_2902255_2252330416,© All rights reserved
331343,1019547987,Empididae_Empis_dimidiata_2759367_1019547987,http://creativecommons.org/licenses/by-nc-nd/4.0/
331344,1019547987,Empididae_Empis_dimidiata_2759368_1019547987,http://creativecommons.org/licenses/by-nc-nd/4.0/
331345,1019547987,Empididae_Empis_dimidiata_2759369_1019547987,http://creativecommons.org/licenses/by-nc-nd/4.0/
331346,1019547987,Empididae_Empis_dimidiata_2759370_1019547987,http://creativecommons.org/licenses/by-nc-nd/4.0/
331350,1019547946,Empididae_Empis_crassipes_2759344_1019547946,http://creativecommons.org/licenses/by-nc-nd/4.0/
331351,1019547946,Empididae_Empis_crassipes_2759345_1019547946,http://creativecommons.org/licenses/by-nc-nd/4.0/
331352,1019547946,Empididae_Empis_crassipes_2759346_1019547946,http://creativecommons.org/licenses/by-nc-nd/4.0/
331353,1019547946,Empididae_Empis_crassipes_2759347_1019547946,http://creativecommons.org/licenses/by-nc-nd/4.0/
331354,1019547923,Empididae_Empis_chioptera_2759331_1019547923,http://creativecommons.org/licenses/by-nc-nd/4.0/
331355,1019547923,Empididae_Empis_chioptera_2759332_1019547923,http://creativecommons.org/licenses/by-nc-nd/4.0/
331380,1019547891,Empididae_Empis_chioptera_2069749_1019547891,http://creativecommons.org/licenses/by-nc-nd/4.0/
331381,1019547891,Empididae_Empis_chioptera_2069750_1019547891,http://creativecommons.org/licenses/by-nc-nd/4.0/
331382,1019547851,Empididae_Empis_chioptera_2759306_1019547851,http://creativecommons.org/licenses/by-nc-nd/4.0/
331383,1019547851,Empididae_Empis_chioptera_2759307_1019547851,http://creativecommons.org/licenses/by-nc-nd/4.0/
331384,1019548015,Empididae_Empis_chioptera_1380434_1019548015,http://creativecommons.org/licenses/by-nc-nd/4.0/
331385,1019548015,Empididae_Empis_chioptera_1380435_1019548015,http://creativecommons.org/licenses/by-nc-nd/4.0/
331386,1019548015,Empididae_Empis_chioptera_1380436_1019548015,http://creativecommons.org/licenses/by-nc-nd/4.0/
331387,1019548015,Empididae_Empis_chioptera_1380437_1019548015,http://creativecommons.org/licenses/by-nc-nd/4.0/
331388,1019547878,Empididae_Empis_chioptera_2069743_1019547878,http://creativecommons.org/licenses/by-nc-nd/4.0/
331389,1019547878,Empididae_Empis_chioptera_2069744_1019547878,http://creativecommons.org/licenses/by-nc-nd/4.0/
331390,1019547873,Empididae_Empis_chioptera_2069741_1019547873,http://creativecommons.org/licenses/by-nc-nd/4.0/
331391,1019547873,Empididae_Empis_chioptera_2069742_1019547873,http://creativecommons.org/licenses/by-nc-nd/4.0/
331392,1019547833,Empididae_Empis_chioptera_2759299_1019547833,http://creativecommons.org/licenses/by-nc-nd/4.0/
331393,1019547833,Empididae_Empis_chioptera_2759300_1019547833,http://creativecommons.org/licenses/by-nc-nd/4.0/
331394,1019547852,Empididae_Empis_serotina_560_1019547852,http://creativecommons.org/licenses/by-nc-nd/4.0/
331395,1019547852,Empididae_Empis_serotina_561_1019547852,http://creativecommons.org/licenses/by-nc-nd/4.0/
331396,1019547852,Empididae_Empis_serotina_562_1019547852,http://creativecommons.org/licenses/by-nc-nd/4.0/
331397,1019547852,Empididae_Empis_serotina_563_1019547852,http://creativecommons.org/licenses/by-nc-nd/4.0/
331406,1019547885,Empididae_Empis_punctata_691855_1019547885,http://creativecommons.org/licenses/by-nc-nd/4.0/
331407,1019547885,Empididae_Empis_punctata_691856_1019547885,http://creativecommons.org/licenses/by-nc-nd/4.0/
331408,1019547899,Empididae_Empis_punctata_691859_1019547899,http://creativecommons.org/licenses/by-nc-nd/4.0/
331409,1019547899,Empididae_Empis_punctata_691860_1019547899,http://creativecommons.org/licenses/by-nc-nd/4.0/
331410,1019547903,Empididae_Empis_punctata_1380381_1019547903,http://creativecommons.org/licenses/by-nc-nd/4.0/
331411,1019547903,Empididae_Empis_punctata_1380382_1019547903,http://creativecommons.org/licenses/by-nc-nd/4.0/
331412,1019547903,Empididae_Empis_punctata_1380383_1019547903,http://creativecommons.org/licenses/by-nc-nd/4.0/
331413,1019547903,Empididae_Empis_punctata_1380384_1019547903,http://creativecommons.org/licenses/by-nc-nd/4.0/
331414,1019547908,Empididae_Empis_punctata_1380385_1019547908,http://creativecommons.org/licenses/by-nc-nd/4.0/
331415,1019547908,Empididae_Empis_punctata_1380386_1019547908,http://creativecommons.org/licenses/by-nc-nd/4.0/
331416,1019547908,Empididae_Empis_punctata_1380387_1019547908,http://creativecommons.org/licenses/by-nc-nd/4.0/
331417,1019547908,Empididae_Empis_punctata_1380388_1019547908,http://creativecommons.org/licenses/by-nc-nd/4.0/
331418,1019547845,Empididae_Empis_funesta_1380352_1019547845,http://creativecommons.org/licenses/by-nc-nd/4.0/
331419,1019547845,Empididae_Empis_funesta_1380353_1019547845,http://creativecommons.org/licenses/by-nc-nd/4.0/
331420,1019547981,Empididae_Empis_funesta_2069794_1019547981,http://creativecommons.org/licenses/by-nc-nd/4.0/
331421,1019547981,Empididae_Empis_funesta_2069795_1019547981,http://creativecommons.org/licenses/by-nc-nd/4.0/
331422,1019547823,Empididae_Empis_bistortae_2069704_1019547823,http://creativecommons.org/licenses/by-nc-nd/4.0/
331423,1019547823,Empididae_Empis_bistortae_2069705_1019547823,http://creativecommons.org/licenses/by-nc-nd/4.0/
331424,1019547823,Empididae_Empis_bistortae_2069706_1019547823,http://creativecommons.org/licenses/by-nc-nd/4.0/
331425,1019547823,Empididae_Empis_bistortae_2069707_1019547823,http://creativecommons.org/licenses/by-nc-nd/4.0/
331426,1019547820,Empididae_Empis_bistortae_542_1019547820,http://creativecommons.org/licenses/by-nc-nd/4.0/
331427,1019547820,Empididae_Empis_bistortae_543_1019547820,http://creativecommons.org/licenses/by-nc-nd/4.0/
331428,1019547868,Empididae_Empis_bistortae_1380364_1019547868,http://creativecommons.org/licenses/by-nc-nd/4.0/
331429,1019547868,Empididae_Empis_bistortae_1380365_1019547868,http://creativecommons.org/licenses/by-nc-nd/4.0/
331430,1019547870,Empididae_Empis_albinervis_574_1019547870,http://creativecommons.org/licenses/by-nc-nd/4.0/
331431,1019547870,Empididae_Empis_albinervis_575_1019547870,http://creativecommons.org/licenses/by-nc-nd/4.0/
331432,1019547869,Empididae_Empis_albinervis_2069737_1019547869,http://creativecommons.org/licenses/by-nc-nd/4.0/
331433,1019547869,Empididae_Empis_albinervis_2069738_1019547869,http://creativecommons.org/licenses/by-nc-nd/4.0/
331434,1019547869,Empididae_Empis_albinervis_2069739_1019547869,http://creativecommons.org/licenses/by-nc-nd/4.0/
331435,1019547869,Empididae_Empis_albinervis_2069740_1019547869,http://creativecommons.org/licenses/by-nc-nd/4.0/
331436,1019547890,Empididae_Clinocera_nigra_1380373_1019547890,http://creativecommons.org/licenses/by-nc-nd/4.0/
331437,1019547890,Empididae_Clinocera_nigra_1380374_1019547890,http://creativecommons.org/licenses/by-nc-nd/4.0/
331438,1019547890,Empididae_Clinocera_nigra_1380375_1019547890,http://creativecommons.org/licenses/by-nc-nd/4.0/
331439,1019547875,Empididae_Trichopeza_longicornis_576_1019547875,http://creativecommons.org/licenses/by-nc-nd/4.0/
331440,1019547875,Empididae_Trichopeza_longicornis_577_1019547875,http://creativecommons.org/licenses/by-nc-nd/4.0/
331441,1019547875,Empididae_Trichopeza_longicornis_578_1019547875,http://creativecommons.org/licenses/by-nc-nd/4.0/
331442,1019547875,Empididae_Trichopeza_longicornis_579_1019547875,http://creativecommons.org/licenses/by-nc-nd/4.0/
331443,1019547799,Empididae_Trichopeza_longicornis_529_1019547799,http://creativecommons.org/licenses/by-nc-nd/4.0/
331444,1019547799,Empididae_Trichopeza_longicornis_530_1019547799,http://creativecommons.org/licenses/by-nc-nd/4.0/
331499,1019547994,Empididae_Empis_pennipes_1380421_1019547994,http://creativecommons.org/licenses/by-nc-nd/4.0/
331500,1019547994,Empididae_Empis_pennipes_1380422_1019547994,http://creativecommons.org/licenses/by-nc-nd/4.0/
331501,1019547994,Empididae_Empis_pennipes_1380423_1019547994,http://creativecommons.org/licenses/by-nc-nd/4.0/
331502,1019547994,Empididae_Empis_pennipes_1380424_1019547994,http://creativecommons.org/licenses/by-nc-nd/4.0/
331503,1019547953,Empididae_Empis_morosa_1380404_1019547953,http://creativecommons.org/licenses/by-nc-nd/4.0/
331504,1019547953,Empididae_Empis_morosa_1380405_1019547953,http://creativecommons.org/licenses/by-nc-nd/4.0/
331505,1019547876,Empididae_Empis_morosa_691849_1019547876,http://creativecommons.org/licenses/by-nc-nd/4.0/
331506,1019547876,Empididae_Empis_morosa_691850_1019547876,http://creativecommons.org/licenses/by-nc-nd/4.0/
331507,1019547876,Empididae_Empis_morosa_691851_1019547876,http://creativecommons.org/licenses/by-nc-nd/4.0/
331508,1019547876,Empididae_Empis_morosa_691852_1019547876,http://creativecommons.org/licenses/by-nc-nd/4.0/
331509,1019547970,Empididae_Empis_lutea_691893_1019547970,http://creativecommons.org/licenses/by-nc-nd/4.0/
331510,1019547970,Empididae_Empis_lutea_691894_1019547970,http://creativecommons.org/licenses/by-nc-nd/4.0/
331511,1019548034,Empididae_Empis_lutea_2069818_1019548034,http://creativecommons.org/licenses/by-nc-nd/4.0/
331512,1019548034,Empididae_Empis_lutea_2069819_1019548034,http://creativecommons.org/licenses/by-nc-nd/4.0/
331513,1019547951,Empididae_Empis_lutea_616_1019547951,http://creativecommons.org/licenses/by-nc-nd/4.0/
331514,1019547951,Empididae_Empis_lutea_617_1019547951,http://creativecommons.org/licenses/by-nc-nd/4.0/
331515,1019547951,Empididae_Empis_lutea_618_1019547951,http://creativecommons.org/licenses/by-nc-nd/4.0/
331516,1019547951,Empididae_Empis_lutea_619_1019547951,http://creativecommons.org/licenses/by-nc-nd/4.0/
331517,1019548027,Empididae_Empis_lutea_659_1019548027,http://creativecommons.org/licenses/by-nc-nd/4.0/
331518,1019548027,Empididae_Empis_lutea_660_1019548027,http://creativecommons.org/licenses/by-nc-nd/4.0/
331519,1019547889,Empididae_Hilara_modesta_585_1019547889,http://creativecommons.org/licenses/by-nc-nd/4.0/
331520,1019547889,Empididae_Hilara_modesta_586_1019547889,http://creativecommons.org/licenses/by-nc-nd/4.0/
331521,1019547889,Empididae_Hilara_modesta_587_1019547889,http://creativecommons.org/licenses/by-nc-nd/4.0/
331522,1019547889,Empididae_Hilara_modesta_588_1019547889,http://creativecommons.org/licenses/by-nc-nd/4.0/
331523,1019548066,Empididae_Hilara_manicata_2069837_1019548066,http://creativecommons.org/licenses/by-nc-nd/4.0/
331524,1019548066,Empididae_Hilara_manicata_2069838_1019548066,http://creativecommons.org/licenses/by-nc-nd/4.0/
331525,1019548107,Empididae_Hilara_manicata_2759411_1019548107,http://creativecommons.org/licenses/by-nc-nd/4.0/
331526,1019548107,Empididae_Hilara_manicata_2759412_1019548107,http://creativecommons.org/licenses/by-nc-nd/4.0/
331527,1019548107,Empididae_Hilara_manicata_2759413_1019548107,http://creativecommons.org/licenses/by-nc-nd/4.0/
331528,1019548107,Empididae_Hilara_manicata_2759414_1019548107,http://creativecommons.org/licenses/by-nc-nd/4.0/
331529,1019547898,Empididae_Hilara_globulipes_589_1019547898,http://creativecommons.org/licenses/by-nc-nd/4.0/
331530,1019547898,Empididae_Hilara_globulipes_590_1019547898,http://creativecommons.org/licenses/by-nc-nd/4.0/
331531,1019547894,Empididae_Hilara_globulipes_691857_1019547894,http://creativecommons.org/licenses/by-nc-nd/4.0/
331532,1019547894,Empididae_Hilara_globulipes_691858_1019547894,http://creativecommons.org/licenses/by-nc-nd/4.0/
331533,1019547984,Empididae_Hilara_globulipes_691897_1019547984,http://creativecommons.org/licenses/by-nc-nd/4.0/
331534,1019547984,Empididae_Hilara_globulipes_691898_1019547984,http://creativecommons.org/licenses/by-nc-nd/4.0/
331535,1019548129,Empididae_Hilara_globulipes_2069881_1019548129,http://creativecommons.org/licenses/by-nc-nd/4.0/
331536,1019548129,Empididae_Hilara_globulipes_2069882_1019548129,http://creativecommons.org/licenses/by-nc-nd/4.0/
331537,1019547961,Empididae_Hilara_globulipes_691887_1019547961,http://creativecommons.org/licenses/by-nc-nd/4.0/
331538,1019547961,Empididae_Hilara_globulipes_691888_1019547961,http://creativecommons.org/licenses/by-nc-nd/4.0/
331539,1019547976,Empididae_Hilara_univittata_1380412_1019547976,http://creativecommons.org/licenses/by-nc-nd/4.0/
331540,1019547976,Empididae_Hilara_univittata_1380413_1019547976,http://creativecommons.org/licenses/by-nc-nd/4.0/
331541,1019547976,Empididae_Hilara_univittata_1380414_1019547976,http://creativecommons.org/licenses/by-nc-nd/4.0/
331542,1019547976,Empididae_Hilara_univittata_1380415_1019547976,http://creativecommons.org/licenses/by-nc-nd/4.0/
331543,1019548146,Empididae_Hilara_quadrivittata_1380520_1019548146,http://creativecommons.org/licenses/by-nc-nd/4.0/
331544,1019548146,Empididae_Hilara_quadrivittata_1380521_1019548146,http://creativecommons.org/licenses/by-nc-nd/4.0/
331545,1019548239,Empididae_Hilara_quadrivittata_781_1019548239,http://creativecommons.org/licenses/by-nc-nd/4.0/
331546,1019548239,Empididae_Hilara_quadrivittata_782_1019548239,http://creativecommons.org/licenses/by-nc-nd/4.0/
331547,1019548239,Empididae_Hilara_quadrivittata_783_1019548239,http://creativecommons.org/licenses/by-nc-nd/4.0/
331548,1019548239,Empididae_Hilara_quadrivittata_784_1019548239,http://creativecommons.org/licenses/by-nc-nd/4.0/
331549,1019547922,Empididae_Hilara_quadrivittata_2069760_1019547922,http://creativecommons.org/licenses/by-nc-nd/4.0/
331550,1019547922,Empididae_Hilara_quadrivittata_2069761_1019547922,http://creativecommons.org/licenses/by-nc-nd/4.0/
331551,1019548059,Empididae_Hilara_quadrivittata_672_1019548059,http://creativecommons.org/licenses/by-nc-nd/4.0/
331552,1019548059,Empididae_Hilara_quadrivittata_673_1019548059,http://creativecommons.org/licenses/by-nc-nd/4.0/
331553,1019548152,Empididae_Hilara_modesta_2759443_1019548152,http://creativecommons.org/licenses/by-nc-nd/4.0/
331554,1019548152,Empididae_Hilara_modesta_2759444_1019548152,http://creativecommons.org/licenses/by-nc-nd/4.0/
331555,1019548079,Empididae_Hemerodromia_raptoria_1380481_1019548079,http://creativecommons.org/licenses/by-nc-nd/4.0/
331556,1019548079,Empididae_Hemerodromia_raptoria_1380482_1019548079,http://creativecommons.org/licenses/by-nc-nd/4.0/
331557,1019547966,Empididae_Gloma_fuscipennis_691889_1019547966,http://creativecommons.org/licenses/by-nc-nd/4.0/
331558,1019547966,Empididae_Gloma_fuscipennis_691890_1019547966,http://creativecommons.org/licenses/by-nc-nd/4.0/
331559,1019547966,Empididae_Gloma_fuscipennis_691891_1019547966,http://creativecommons.org/licenses/by-nc-nd/4.0/
331560,1019547966,Empididae_Gloma_fuscipennis_691892_1019547966,http://creativecommons.org/licenses/by-nc-nd/4.0/
331561,1019547991,Empididae_Empis_vitripennis_2759371_1019547991,http://creativecommons.org/licenses/by-nc-nd/4.0/
331562,1019547991,Empididae_Empis_vitripennis_2759372_1019547991,http://creativecommons.org/licenses/by-nc-nd/4.0/
331563,1019547943,Empididae_Empis_sulcipes_691882_1019547943,http://creativecommons.org/licenses/by-nc-nd/4.0/
331564,1019547943,Empididae_Empis_sulcipes_691883_1019547943,http://creativecommons.org/licenses/by-nc-nd/4.0/
331565,1019548069,Empididae_Empis_vitripennis_691939_1019548069,http://creativecommons.org/licenses/by-nc-nd/4.0/
331566,1019548069,Empididae_Empis_vitripennis_691940_1019548069,http://creativecommons.org/licenses/by-nc-nd/4.0/
331567,1019548046,Empididae_Empis_vitripennis_691932_1019548046,http://creativecommons.org/licenses/by-nc-nd/4.0/
331568,1019548046,Empididae_Empis_vitripennis_691933_1019548046,http://creativecommons.org/licenses/by-nc-nd/4.0/
331569,1019548046,Empididae_Empis_vitripennis_691934_1019548046,http://creativecommons.org/licenses/by-nc-nd/4.0/
331570,1019548046,Empididae_Empis_vitripennis_691935_1019548046,http://creativecommons.org/licenses/by-nc-nd/4.0/
331571,1019548031,Empididae_Empis_vitripennis_661_1019548031,http://creativecommons.org/licenses/by-nc-nd/4.0/
331572,1019548031,Empididae_Empis_vitripennis_662_1019548031,http://creativecommons.org/licenses/by-nc-nd/4.0/
331573,1019548099,Empididae_Empis_nigripes_2759404_1019548099,http://creativecommons.org/licenses/by-nc-nd/4.0/
331574,1019548099,Empididae_Empis_nigripes_2759405_1019548099,http://creativecommons.org/licenses/by-nc-nd/4.0/
331575,1019548099,Empididae_Empis_nigripes_2759406_1019548099,http://creativecommons.org/licenses/by-nc-nd/4.0/
331576,1019548099,Empididae_Empis_nigripes_2759407_1019548099,http://creativecommons.org/licenses/by-nc-nd/4.0/
331577,1019548030,Empididae_Empis_vitripennis_2759380_1019548030,http://creativecommons.org/licenses/by-nc-nd/4.0/
331578,1019548030,Empididae_Empis_vitripennis_2759381_1019548030,http://creativecommons.org/licenses/by-nc-nd/4.0/
331579,1019548030,Empididae_Empis_vitripennis_2759382_1019548030,http://creativecommons.org/licenses/by-nc-nd/4.0/
331580,1019548030,Empididae_Empis_vitripennis_2759383_1019548030,http://creativecommons.org/licenses/by-nc-nd/4.0/
331581,1019548172,Empididae_Hilara_globulipes_691989_1019548172,http://creativecommons.org/licenses/by-nc-nd/4.0/
331582,1019548172,Empididae_Hilara_globulipes_691990_1019548172,http://creativecommons.org/licenses/by-nc-nd/4.0/
331583,1019547864,Empididae_Hilara_globulipes_2069733_1019547864,http://creativecommons.org/licenses/by-nc-nd/4.0/
331584,1019547864,Empididae_Hilara_globulipes_2069734_1019547864,http://creativecommons.org/licenses/by-nc-nd/4.0/
331585,1019547864,Empididae_Hilara_globulipes_2069735_1019547864,http://creativecommons.org/licenses/by-nc-nd/4.0/
331586,1019547864,Empididae_Hilara_globulipes_2069736_1019547864,http://creativecommons.org/licenses/by-nc-nd/4.0/
331587,1019548212,Empididae_Hilara_clypeata_692012_1019548212,http://creativecommons.org/licenses/by-nc-nd/4.0/
331588,1019548212,Empididae_Hilara_clypeata_692013_1019548212,http://creativecommons.org/licenses/by-nc-nd/4.0/
331589,1019548212,Empididae_Hilara_clypeata_692014_1019548212,http://creativecommons.org/licenses/by-nc-nd/4.0/
331590,1019548212,Empididae_Hilara_clypeata_692015_1019548212,http://creativecommons.org/licenses/by-nc-nd/4.0/
331591,1019548041,Empididae_Hilara_cilipes_691928_1019548041,http://creativecommons.org/licenses/by-nc-nd/4.0/
331592,1019548041,Empididae_Hilara_cilipes_691929_1019548041,http://creativecommons.org/licenses/by-nc-nd/4.0/
331593,1019548041,Empididae_Hilara_cilipes_691930_1019548041,http://creativecommons.org/licenses/by-nc-nd/4.0/
331594,1019548041,Empididae_Hilara_cilipes_691931_1019548041,http://creativecommons.org/licenses/by-nc-nd/4.0/
331595,1019548017,Empididae_Hilara_clypeata_2759375_1019548017,http://creativecommons.org/licenses/by-nc-nd/4.0/
331596,1019548017,Empididae_Hilara_clypeata_2759376_1019548017,http://creativecommons.org/licenses/by-nc-nd/4.0/
331597,1019548088,Empididae_Phyllodromia_melanocephala_1380488_1019548088,http://creativecommons.org/licenses/by-nc-nd/4.0/
331598,1019548088,Empididae_Phyllodromia_melanocephala_1380489_1019548088,http://creativecommons.org/licenses/by-nc-nd/4.0/
331599,1019548016,Empididae_Hemerodromia_raptoria_2069812_1019548016,http://creativecommons.org/licenses/by-nc-nd/4.0/
331600,1019548016,Empididae_Hemerodromia_raptoria_2069813_1019548016,http://creativecommons.org/licenses/by-nc-nd/4.0/
331601,1019548040,Empididae_Phyllodromia_melanocephala_668_1019548040,http://creativecommons.org/licenses/by-nc-nd/4.0/
331602,1019548040,Empididae_Phyllodromia_melanocephala_669_1019548040,http://creativecommons.org/licenses/by-nc-nd/4.0/
331603,1019548040,Empididae_Phyllodromia_melanocephala_670_1019548040,http://creativecommons.org/licenses/by-nc-nd/4.0/
331604,1019548040,Empididae_Phyllodromia_melanocephala_671_1019548040,http://creativecommons.org/licenses/by-nc-nd/4.0/
331623,1019548061,Empididae_Empis_nigritarsis_2069833_1019548061,http://creativecommons.org/licenses/by-nc-nd/4.0/
331624,1019548061,Empididae_Empis_nigritarsis_2069834_1019548061,http://creativecommons.org/licenses/by-nc-nd/4.0/
331625,1019548061,Empididae_Empis_nigritarsis_2069835_1019548061,http://creativecommons.org/licenses/by-nc-nd/4.0/
331626,1019548061,Empididae_Empis_nigritarsis_2069836_1019548061,http://creativecommons.org/licenses/by-nc-nd/4.0/
331627,1019547975,Empididae_Empis_nigritarsis_691895_1019547975,http://creativecommons.org/licenses/by-nc-nd/4.0/
331628,1019547975,Empididae_Empis_nigritarsis_691896_1019547975,http://creativecommons.org/licenses/by-nc-nd/4.0/
331629,1019548020,Empididae_Empis_nigricans_2069814_1019548020,http://creativecommons.org/licenses/by-nc-nd/4.0/
331630,1019548020,Empididae_Empis_nigricans_2069815_1019548020,http://creativecommons.org/licenses/by-nc-nd/4.0/
331631,1019548020,Empididae_Empis_nigricans_2069816_1019548020,http://creativecommons.org/licenses/by-nc-nd/4.0/
331632,1019548020,Empididae_Empis_nigricans_2069817_1019548020,http://creativecommons.org/licenses/by-nc-nd/4.0/
331633,1019548003,Empididae_Empis_morosa_2759373_1019548003,http://creativecommons.org/licenses/by-nc-nd/4.0/
331634,1019548003,Empididae_Empis_morosa_2759374_1019548003,http://creativecommons.org/licenses/by-nc-nd/4.0/
331635,1019547939,Empididae_Empis_nigripes_691878_1019547939,http://creativecommons.org/licenses/by-nc-nd/4.0/
331636,1019547939,Empididae_Empis_nigripes_691879_1019547939,http://creativecommons.org/licenses/by-nc-nd/4.0/
331637,1019547939,Empididae_Empis_nigripes_691880_1019547939,http://creativecommons.org/licenses/by-nc-nd/4.0/
331638,1019547939,Empididae_Empis_nigripes_691881_1019547939,http://creativecommons.org/licenses/by-nc-nd/4.0/
331639,1019547867,Empididae_Empis_morosa_691841_1019547867,http://creativecommons.org/licenses/by-nc-nd/4.0/
331640,1019547867,Empididae_Empis_morosa_691842_1019547867,http://creativecommons.org/licenses/by-nc-nd/4.0/
331696,1019547989,Empididae_Empis_sulcipes_691899_1019547989,http://creativecommons.org/licenses/by-nc-nd/4.0/
331697,1019547989,Empididae_Empis_sulcipes_691900_1019547989,http://creativecommons.org/licenses/by-nc-nd/4.0/
331698,1019547989,Empididae_Empis_sulcipes_691901_1019547989,http://creativecommons.org/licenses/by-nc-nd/4.0/
331699,1019547989,Empididae_Empis_sulcipes_691902_1019547989,http://creativecommons.org/licenses/by-nc-nd/4.0/
331700,1019547927,Empididae_Empis_rufiventris_2069762_1019547927,http://creativecommons.org/licenses/by-nc-nd/4.0/
331701,1019547927,Empididae_Empis_rufiventris_2069763_1019547927,http://creativecommons.org/licenses/by-nc-nd/4.0/
331702,1019547927,Empididae_Empis_rufiventris_2069764_1019547927,http://creativecommons.org/licenses/by-nc-nd/4.0/
331703,1019547927,Empididae_Empis_rufiventris_2069765_1019547927,http://creativecommons.org/licenses/by-nc-nd/4.0/
331704,1019547960,Empididae_Empis_picipes_622_1019547960,http://creativecommons.org/licenses/by-nc-nd/4.0/
331705,1019547960,Empididae_Empis_picipes_623_1019547960,http://creativecommons.org/licenses/by-nc-nd/4.0/
331706,1019547960,Empididae_Empis_picipes_624_1019547960,http://creativecommons.org/licenses/by-nc-nd/4.0/
331707,1019547960,Empididae_Empis_picipes_625_1019547960,http://creativecommons.org/licenses/by-nc-nd/4.0/
331730,1019547967,Empididae_Empis_nitida_1380410_1019547967,http://creativecommons.org/licenses/by-nc-nd/4.0/
331731,1019547967,Empididae_Empis_nitida_1380411_1019547967,http://creativecommons.org/licenses/by-nc-nd/4.0/
331732,1019547992,Empididae_Empis_nitida_646_1019547992,http://creativecommons.org/licenses/by-nc-nd/4.0/
331733,1019547992,Empididae_Empis_nitida_647_1019547992,http://creativecommons.org/licenses/by-nc-nd/4.0/
331734,1019547992,Empididae_Empis_nitida_648_1019547992,http://creativecommons.org/licenses/by-nc-nd/4.0/
331735,1019547992,Empididae_Empis_nitida_649_1019547992,http://creativecommons.org/licenses/by-nc-nd/4.0/
331736,1019547938,Empididae_Empis_nitida_611_1019547938,http://creativecommons.org/licenses/by-nc-nd/4.0/
331737,1019547938,Empididae_Empis_nitida_612_1019547938,http://creativecommons.org/licenses/by-nc-nd/4.0/
331740,1019547978,Empididae_Empis_opaca_2759359_1019547978,http://creativecommons.org/licenses/by-nc-nd/4.0/
331744,1019547982,Empididae_Empis_nuntia_2759363_1019547982,http://creativecommons.org/licenses/by-nc-nd/4.0/
331745,1019547982,Empididae_Empis_nuntia_2759364_1019547982,http://creativecommons.org/licenses/by-nc-nd/4.0/
331746,1019547982,Empididae_Empis_nuntia_2759365_1019547982,http://creativecommons.org/licenses/by-nc-nd/4.0/
331747,1019547982,Empididae_Empis_nuntia_2759366_1019547982,http://creativecommons.org/licenses/by-nc-nd/4.0/
331749,1019547937,Empididae_Empis_opaca_2759339_1019547937,http://creativecommons.org/licenses/by-nc-nd/4.0/
333068,1265037331,Empididae_Hilara_clypeata_701258_1265037331,http://creativecommons.org/licenses/by-nc-nd/4.0/
333069,1265037331,Empididae_Hilara_clypeata_701259_1265037331,http://creativecommons.org/licenses/by-nc-nd/4.0/
333070,1265037331,Empididae_Hilara_clypeata_701260_1265037331,http://creativecommons.org/licenses/by-nc-nd/4.0/
333071,1265037331,Empididae_Hilara_clypeata_701261_1265037331,http://creativecommons.org/licenses/by-nc-nd/4.0/
333076,1265037314,Empididae_Hilara_clypeata_1389941_1265037314,http://creativecommons.org/licenses/by-nc-nd/4.0/
333077,1265037314,Empididae_Hilara_clypeata_1389942_1265037314,http://creativecommons.org/licenses/by-nc-nd/4.0/
333078,1265037338,Empididae_Rhamphomyia_umbripennis_2079335_1265037338,http://creativecommons.org/licenses/by-nc-nd/4.0/
333079,1265037338,Empididae_Rhamphomyia_umbripennis_2079336_1265037338,http://creativecommons.org/licenses/by-nc-nd/4.0/
333080,1265037297,Empididae_Rhamphomyia_umbripennis_1389930_1265037297,http://creativecommons.org/licenses/by-nc-nd/4.0/
333081,1265037297,Empididae_Rhamphomyia_umbripennis_1389931_1265037297,http://creativecommons.org/licenses/by-nc-nd/4.0/
333082,1265037297,Empididae_Rhamphomyia_umbripennis_1389932_1265037297,http://creativecommons.org/licenses/by-nc-nd/4.0/
333083,1265037297,Empididae_Rhamphomyia_umbripennis_1389933_1265037297,http://creativecommons.org/licenses/by-nc-nd/4.0/
333084,1265037322,Empididae_Rhamphomyia_umbripennis_701252_1265037322,http://creativecommons.org/licenses/by-nc-nd/4.0/
333085,1265037322,Empididae_Rhamphomyia_umbripennis_701253_1265037322,http://creativecommons.org/licenses/by-nc-nd/4.0/
333538,1425016598,Empididae_Empis_nuntia_1423522_1425016598,http://creativecommons.org/licenses/by-nc-nd/4.0/
333539,1425016598,Empididae_Empis_nuntia_1423523_1425016598,http://creativecommons.org/licenses/by-nc-nd/4.0/
334099,1019547934,Empididae_Rhamphomyia_variabilis_691874_1019547934,http://creativecommons.org/licenses/by-nc-nd/4.0/
334100,1019547934,Empididae_Rhamphomyia_variabilis_691875_1019547934,http://creativecommons.org/licenses/by-nc-nd/4.0/
334101,1019547934,Empididae_Rhamphomyia_variabilis_691876_1019547934,http://creativecommons.org/licenses/by-nc-nd/4.0/
334102,1019547934,Empididae_Rhamphomyia_variabilis_691877_1019547934,http://creativecommons.org/licenses/by-nc-nd/4.0/
334103,1019548157,Empididae_Rhamphomyia_longipes_2759445_1019548157,http://creativecommons.org/licenses/by-nc-nd/4.0/
334104,1019548157,Empididae_Rhamphomyia_longipes_2759446_1019548157,http://creativecommons.org/licenses/by-nc-nd/4.0/
334105,1019548116,Empididae_Rhamphomyia_longipes_2759420_1019548116,http://creativecommons.org/licenses/by-nc-nd/4.0/
334106,1019548116,Empididae_Rhamphomyia_longipes_2759421_1019548116,http://creativecommons.org/licenses/by-nc-nd/4.0/
334107,1019548116,Empididae_Rhamphomyia_longipes_2759422_1019548116,http://creativecommons.org/licenses/by-nc-nd/4.0/
334108,1019548116,Empididae_Rhamphomyia_longipes_2759423_1019548116,http://creativecommons.org/licenses/by-nc-nd/4.0/
334109,1019548063,Empididae_Rhamphomyia_longipes_674_1019548063,http://creativecommons.org/licenses/by-nc-nd/4.0/
334110,1019548063,Empididae_Rhamphomyia_longipes_675_1019548063,http://creativecommons.org/licenses/by-nc-nd/4.0/
334111,1019548063,Empididae_Rhamphomyia_longipes_676_1019548063,http://creativecommons.org/licenses/by-nc-nd/4.0/
334112,1019548063,Empididae_Rhamphomyia_longipes_677_1019548063,http://creativecommons.org/licenses/by-nc-nd/4.0/
334146,1019548082,Empididae_Rhamphomyia_cinerascens_691941_1019548082,http://creativecommons.org/licenses/by-nc-nd/4.0/
334147,1019548082,Empididae_Rhamphomyia_cinerascens_691942_1019548082,http://creativecommons.org/licenses/by-nc-nd/4.0/
334148,1019548082,Empididae_Rhamphomyia_cinerascens_691943_1019548082,http://creativecommons.org/licenses/by-nc-nd/4.0/
334149,1019548082,Empididae_Rhamphomyia_cinerascens_691944_1019548082,http://creativecommons.org/licenses/by-nc-nd/4.0/
334150,1019547945,Empididae_Rhamphomyia_cinerascens_2069777_1019547945,http://creativecommons.org/licenses/by-nc-nd/4.0/
334151,1019547945,Empididae_Rhamphomyia_cinerascens_2069778_1019547945,http://creativecommons.org/licenses/by-nc-nd/4.0/
334152,1019547945,Empididae_Rhamphomyia_cinerascens_2069779_1019547945,http://creativecommons.org/licenses/by-nc-nd/4.0/
334153,1019547945,Empididae_Rhamphomyia_cinerascens_2069780_1019547945,http://creativecommons.org/licenses/by-nc-nd/4.0/
334154,1019548141,Empididae_Rhamphomyia_erythrophthalma_1380516_1019548141,http://creativecommons.org/licenses/by-nc-nd/4.0/
334155,1019548141,Empididae_Rhamphomyia_erythrophthalma_1380517_1019548141,http://creativecommons.org/licenses/by-nc-nd/4.0/
334156,1019548141,Empididae_Rhamphomyia_erythrophthalma_1380518_1019548141,http://creativecommons.org/licenses/by-nc-nd/4.0/
334157,1019548141,Empididae_Rhamphomyia_erythrophthalma_1380519_1019548141,http://creativecommons.org/licenses/by-nc-nd/4.0/
334161,1019547917,Empididae_Rhamphomyia_umbripennis_1380391_1019547917,http://creativecommons.org/licenses/by-nc-nd/4.0/
334162,1019547917,Empididae_Rhamphomyia_umbripennis_1380392_1019547917,http://creativecommons.org/licenses/by-nc-nd/4.0/
334163,1019548005,Empididae_Rhamphomyia_umbripennis_691909_1019548005,http://creativecommons.org/licenses/by-nc-nd/4.0/
334164,1019548005,Empididae_Rhamphomyia_umbripennis_691910_1019548005,http://creativecommons.org/licenses/by-nc-nd/4.0/
334165,1019547972,Empididae_Rhamphomyia_umbripennis_2069790_1019547972,http://creativecommons.org/licenses/by-nc-nd/4.0/
334166,1019547972,Empididae_Rhamphomyia_umbripennis_2069791_1019547972,http://creativecommons.org/licenses/by-nc-nd/4.0/
334167,1019547972,Empididae_Rhamphomyia_umbripennis_2069792_1019547972,http://creativecommons.org/licenses/by-nc-nd/4.0/
334168,1019547972,Empididae_Rhamphomyia_umbripennis_2069793_1019547972,http://creativecommons.org/licenses/by-nc-nd/4.0/
334169,1019547944,Empididae_Rhamphomyia_umbripennis_1380400_1019547944,http://creativecommons.org/licenses/by-nc-nd/4.0/
334170,1019547944,Empididae_Rhamphomyia_umbripennis_1380401_1019547944,http://creativecommons.org/licenses/by-nc-nd/4.0/
334171,1019547944,Empididae_Rhamphomyia_umbripennis_1380402_1019547944,http://creativecommons.org/licenses/by-nc-nd/4.0/
334172,1019547944,Empididae_Rhamphomyia_umbripennis_1380403_1019547944,http://creativecommons.org/licenses/by-nc-nd/4.0/
334173,1019548188,Empididae_Rhamphomyia_laevipes_2069919_1019548188,http://creativecommons.org/licenses/by-nc-nd/4.0/
334174,1019548188,Empididae_Rhamphomyia_laevipes_2069920_1019548188,http://creativecommons.org/licenses/by-nc-nd/4.0/
334175,1019548188,Empididae_Rhamphomyia_laevipes_2069921_1019548188,http://creativecommons.org/licenses/by-nc-nd/4.0/
334176,1019548188,Empididae_Rhamphomyia_laevipes_2069922_1019548188,http://creativecommons.org/licenses/by-nc-nd/4.0/
334177,1019548185,Empididae_Rhamphomyia_tarsata_751_1019548185,http://creativecommons.org/licenses/by-nc-nd/4.0/
334178,1019548185,Empididae_Rhamphomyia_tarsata_752_1019548185,http://creativecommons.org/licenses/by-nc-nd/4.0/
334179,1019548185,Empididae_Rhamphomyia_tarsata_753_1019548185,http://creativecommons.org/licenses/by-nc-nd/4.0/
334180,1019548185,Empididae_Rhamphomyia_tarsata_754_1019548185,http://creativecommons.org/licenses/by-nc-nd/4.0/
334181,1019548202,Empididae_Rhamphomyia_obscuripennis_761_1019548202,http://creativecommons.org/licenses/by-nc-nd/4.0/
334182,1019548202,Empididae_Rhamphomyia_obscuripennis_762_1019548202,http://creativecommons.org/licenses/by-nc-nd/4.0/
334183,1019548202,Empididae_Rhamphomyia_obscuripennis_763_1019548202,http://creativecommons.org/licenses/by-nc-nd/4.0/
334184,1019548202,Empididae_Rhamphomyia_obscuripennis_764_1019548202,http://creativecommons.org/licenses/by-nc-nd/4.0/
334185,1019548183,Empididae_Rhamphomyia_plumipes_2069917_1019548183,http://creativecommons.org/licenses/by-nc-nd/4.0/
334186,1019548183,Empididae_Rhamphomyia_plumipes_2069918_1019548183,http://creativecommons.org/licenses/by-nc-nd/4.0/
334187,1019548010,Empididae_Rhamphomyia_plumipes_1380432_1019548010,http://creativecommons.org/licenses/by-nc-nd/4.0/
334188,1019548010,Empididae_Rhamphomyia_plumipes_1380433_1019548010,http://creativecommons.org/licenses/by-nc-nd/4.0/
334189,1019548283,Empididae_Rhamphomyia_plumipes_2759507_1019548283,http://creativecommons.org/licenses/by-nc-nd/4.0/
334190,1019548283,Empididae_Rhamphomyia_plumipes_2759508_1019548283,http://creativecommons.org/licenses/by-nc-nd/4.0/
334191,1019548283,Empididae_Rhamphomyia_plumipes_2759509_1019548283,http://creativecommons.org/licenses/by-nc-nd/4.0/
334192,1019548283,Empididae_Rhamphomyia_plumipes_2759510_1019548283,http://creativecommons.org/licenses/by-nc-nd/4.0/
334193,1019548100,Empididae_Rhamphomyia_plumipes_1380490_1019548100,http://creativecommons.org/licenses/by-nc-nd/4.0/
334194,1019548100,Empididae_Rhamphomyia_plumipes_1380491_1019548100,http://creativecommons.org/licenses/by-nc-nd/4.0/
334195,1019548100,Empididae_Rhamphomyia_plumipes_1380492_1019548100,http://creativecommons.org/licenses/by-nc-nd/4.0/
334196,1019548100,Empididae_Rhamphomyia_plumipes_1380493_1019548100,http://creativecommons.org/licenses/by-nc-nd/4.0/
334290,1019548132,Empididae_Rhamphomyia_atra_1380509_1019548132,http://creativecommons.org/licenses/by-nc-nd/4.0/
334291,1019548132,Empididae_Rhamphomyia_atra_1380510_1019548132,http://creativecommons.org/licenses/by-nc-nd/4.0/
334292,1019548132,Empididae_Rhamphomyia_atra_1380511_1019548132,http://creativecommons.org/licenses/by-nc-nd/4.0/
334293,1019548132,Empididae_Rhamphomyia_atra_1380512_1019548132,http://creativecommons.org/licenses/by-nc-nd/4.0/
334294,1019548179,Empididae_Rhamphomyia_atra_2069913_1019548179,http://creativecommons.org/licenses/by-nc-nd/4.0/
334295,1019548179,Empididae_Rhamphomyia_atra_2069914_1019548179,http://creativecommons.org/licenses/by-nc-nd/4.0/
334296,1019548179,Empididae_Rhamphomyia_atra_2069915_1019548179,http://creativecommons.org/licenses/by-nc-nd/4.0/
334297,1019548179,Empididae_Rhamphomyia_atra_2069916_1019548179,http://creativecommons.org/licenses/by-nc-nd/4.0/
334298,1019547914,Empididae_Rhamphomyia_atra_2759327_1019547914,http://creativecommons.org/licenses/by-nc-nd/4.0/
334299,1019547914,Empididae_Rhamphomyia_atra_2759328_1019547914,http://creativecommons.org/licenses/by-nc-nd/4.0/
334300,1019547914,Empididae_Rhamphomyia_atra_2759329_1019547914,http://creativecommons.org/licenses/by-nc-nd/4.0/
334301,1019547914,Empididae_Rhamphomyia_atra_2759330_1019547914,http://creativecommons.org/licenses/by-nc-nd/4.0/
334302,1019548221,Empididae_Rhamphomyia_anomalipennis_692019_1019548221,http://creativecommons.org/licenses/by-nc-nd/4.0/
334303,1019548221,Empididae_Rhamphomyia_anomalipennis_692020_1019548221,http://creativecommons.org/licenses/by-nc-nd/4.0/
334304,1019548221,Empididae_Rhamphomyia_anomalipennis_692021_1019548221,http://creativecommons.org/licenses/by-nc-nd/4.0/
334305,1019548221,Empididae_Rhamphomyia_anomalipennis_692022_1019548221,http://creativecommons.org/licenses/by-nc-nd/4.0/
334306,1019548091,Empididae_Empis_tumida_691948_1019548091,http://creativecommons.org/licenses/by-nc-nd/4.0/
334307,1019548091,Empididae_Empis_tumida_691949_1019548091,http://creativecommons.org/licenses/by-nc-nd/4.0/
334308,1019548091,Empididae_Empis_tumida_691950_1019548091,http://creativecommons.org/licenses/by-nc-nd/4.0/
334309,1019548091,Empididae_Empis_tumida_691951_1019548091,http://creativecommons.org/licenses/by-nc-nd/4.0/
336762,1019547964,Empididae_Rhamphomyia_pilifer_2759350_1019547964,http://creativecommons.org/licenses/by-nc-nd/4.0/
336763,1019547964,Empididae_Rhamphomyia_pilifer_2759351_1019547964,http://creativecommons.org/licenses/by-nc-nd/4.0/
336764,1019547964,Empididae_Rhamphomyia_pilifer_2759352_1019547964,http://creativecommons.org/licenses/by-nc-nd/4.0/
336765,1019547964,Empididae_Rhamphomyia_pilifer_2759353_1019547964,http://creativecommons.org/licenses/by-nc-nd/4.0/
338479,1265037809,Empididae_Empis_ater_701487_1265037809,http://creativecommons.org/licenses/by-nc-nd/4.0/
338480,1265037809,Empididae_Empis_ater_701488_1265037809,http://creativecommons.org/licenses/by-nc-nd/4.0/
338481,1265037809,Empididae_Empis_ater_701489_1265037809,http://creativecommons.org/licenses/by-nc-nd/4.0/
338482,1265037809,Empididae_Empis_ater_701490_1265037809,http://creativecommons.org/licenses/by-nc-nd/4.0/
338483,1265037796,Empididae_Empis_cothurnata_701481_1265037796,http://creativecommons.org/licenses/by-nc-nd/4.0/
338484,1265037796,Empididae_Empis_cothurnata_701482_1265037796,http://creativecommons.org/licenses/by-nc-nd/4.0/
338485,1265037803,Empididae_Empis_cothurnata_10239_1265037803,http://creativecommons.org/licenses/by-nc-nd/4.0/
338486,1265037803,Empididae_Empis_cothurnata_10240_1265037803,http://creativecommons.org/licenses/by-nc-nd/4.0/
338487,1265037849,Empididae_Empis_cothurnata_10259_1265037849,http://creativecommons.org/licenses/by-nc-nd/4.0/
338488,1265037849,Empididae_Empis_cothurnata_10260_1265037849,http://creativecommons.org/licenses/by-nc-nd/4.0/
338489,1265037833,Empididae_Empis_cothurnata_2079578_1265037833,http://creativecommons.org/licenses/by-nc-nd/4.0/
338490,1265037833,Empididae_Empis_cothurnata_2079579_1265037833,http://creativecommons.org/licenses/by-nc-nd/4.0/
338491,1265037743,Empididae_Empis_cothurnata_2079523_1265037743,http://creativecommons.org/licenses/by-nc-nd/4.0/
338492,1265037743,Empididae_Empis_cothurnata_2079524_1265037743,http://creativecommons.org/licenses/by-nc-nd/4.0/
338493,1265037743,Empididae_Empis_cothurnata_2079525_1265037743,http://creativecommons.org/licenses/by-nc-nd/4.0/
338494,1265037743,Empididae_Empis_cothurnata_2079526_1265037743,http://creativecommons.org/licenses/by-nc-nd/4.0/
339954,1265037781,Empididae_Empis_unicolor_10227_1265037781,http://creativecommons.org/licenses/by-nc-nd/4.0/
339955,1265037781,Empididae_Empis_unicolor_10228_1265037781,http://creativecommons.org/licenses/by-nc-nd/4.0/
339956,1265037781,Empididae_Empis_unicolor_10229_1265037781,http://creativecommons.org/licenses/by-nc-nd/4.0/
339957,1265037781,Empididae_Empis_unicolor_10230_1265037781,http://creativecommons.org/licenses/by-nc-nd/4.0/
339964,1265037810,Empididae_Empis_unicolor_2079568_1265037810,http://creativecommons.org/licenses/by-nc-nd/4.0/
339965,1265037810,Empididae_Empis_unicolor_2079569_1265037810,http://creativecommons.org/licenses/by-nc-nd/4.0/
339966,1265037775,Empididae_Empis_unicolor_2079546_1265037775,http://creativecommons.org/licenses/by-nc-nd/4.0/
339967,1265037775,Empididae_Empis_unicolor_2079547_1265037775,http://creativecommons.org/licenses/by-nc-nd/4.0/
339968,1265037801,Empididae_Empis_unicolor_2079563_1265037801,http://creativecommons.org/licenses/by-nc-nd/4.0/
339969,1265037801,Empididae_Empis_unicolor_2079564_1265037801,http://creativecommons.org/licenses/by-nc-nd/4.0/
339970,1265037770,Empididae_Empis_sericans_2079542_1265037770,http://creativecommons.org/licenses/by-nc-nd/4.0/
339971,1265037770,Empididae_Empis_sericans_2079543_1265037770,http://creativecommons.org/licenses/by-nc-nd/4.0/
339972,1265037770,Empididae_Empis_sericans_2079544_1265037770,http://creativecommons.org/licenses/by-nc-nd/4.0/
339973,1265037770,Empididae_Empis_sericans_2079545_1265037770,http://creativecommons.org/licenses/by-nc-nd/4.0/
339974,1265037831,Empididae_Empis_ciliata_701500_1265037831,http://creativecommons.org/licenses/by-nc-nd/4.0/
339975,1265037831,Empididae_Empis_ciliata_701501_1265037831,http://creativecommons.org/licenses/by-nc-nd/4.0/
339979,1265037802,Empididae_Empis_ciliata_2768963_1265037802,http://creativecommons.org/licenses/by-nc-nd/4.0/
339980,1265037735,Empididae_Empis_brevipennata_2768924_1265037735,http://creativecommons.org/licenses/by-nc-nd/4.0/
339981,1265037735,Empididae_Empis_brevipennata_2768925_1265037735,http://creativecommons.org/licenses/by-nc-nd/4.0/
339982,1265037735,Empididae_Empis_brevipennata_2768926_1265037735,http://creativecommons.org/licenses/by-nc-nd/4.0/
339983,1265037735,Empididae_Empis_brevipennata_2768927_1265037735,http://creativecommons.org/licenses/by-nc-nd/4.0/
339984,1265037737,Empididae_Empis_brevipennata_701449_1265037737,http://creativecommons.org/licenses/by-nc-nd/4.0/
339985,1265037737,Empididae_Empis_brevipennata_701450_1265037737,http://creativecommons.org/licenses/by-nc-nd/4.0/
339986,1265037795,Empididae_Empis_brevipennata_10237_1265037795,http://creativecommons.org/licenses/by-nc-nd/4.0/
339987,1265037795,Empididae_Empis_brevipennata_10238_1265037795,http://creativecommons.org/licenses/by-nc-nd/4.0/
340045,1265037712,Empididae_Clinocera_riparia_2768907_1265037712,http://creativecommons.org/licenses/by-nc-nd/4.0/
340046,1265037712,Empididae_Clinocera_riparia_2768908_1265037712,http://creativecommons.org/licenses/by-nc-nd/4.0/
340047,1265037712,Empididae_Clinocera_riparia_2768909_1265037712,http://creativecommons.org/licenses/by-nc-nd/4.0/
340048,1265037712,Empididae_Clinocera_riparia_2768910_1265037712,http://creativecommons.org/licenses/by-nc-nd/4.0/
340049,1265037777,Empididae_Clinocera_riparia_10225_1265037777,http://creativecommons.org/licenses/by-nc-nd/4.0/
340050,1265037777,Empididae_Clinocera_riparia_10226_1265037777,http://creativecommons.org/licenses/by-nc-nd/4.0/
340051,1265037791,Empididae_Clinocera_riparia_701479_1265037791,http://creativecommons.org/licenses/by-nc-nd/4.0/
340052,1265037791,Empididae_Clinocera_riparia_701480_1265037791,http://creativecommons.org/licenses/by-nc-nd/4.0/
340053,1265037772,Empididae_Clinocera_riparia_10223_1265037772,http://creativecommons.org/licenses/by-nc-nd/4.0/
340054,1265037772,Empididae_Clinocera_riparia_10224_1265037772,http://creativecommons.org/licenses/by-nc-nd/4.0/
340055,1265037767,Empididae_Clinocera_nigra_2768940_1265037767,http://creativecommons.org/licenses/by-nc-nd/4.0/
340056,1265037767,Empididae_Clinocera_nigra_2768941_1265037767,http://creativecommons.org/licenses/by-nc-nd/4.0/
340057,1265037767,Empididae_Clinocera_nigra_2768942_1265037767,http://creativecommons.org/licenses/by-nc-nd/4.0/
340058,1265037767,Empididae_Clinocera_nigra_2768943_1265037767,http://creativecommons.org/licenses/by-nc-nd/4.0/
340628,4017384364,Empididae_Empis_nuntia_2748079_4017384364,© all rights reserved
341494,2451696944,Empididae_Empis_livida_2921847_2451696944,http://creativecommons.org/licenses/by-nc/4.0/
342701,3845856322,Empididae_Hilara_lundbecki_571669_3845856322,© All rights reserved
342702,3845856322,Empididae_Hilara_lundbecki_571670_3845856322,© All rights reserved
342703,3845856322,Empididae_Hilara_lundbecki_571671_3845856322,© All rights reserved
345600,3079560801,Empididae_Empis_femorata_1655755_3079560801,http://creativecommons.org/licenses/by-sa/4.0/
345601,3079560801,Empididae_Empis_femorata_1655756_3079560801,http://creativecommons.org/licenses/by-sa/4.0/
346627,3826820910,Empididae_Empis_ciliata_1258538_3826820910,http://creativecommons.org/licenses/by-nc-nd/4.0/
347418,3906143126,Empididae_Empis_nigricans_1316162_3906143126,http://creativecommons.org/licenses/by-nc-nd/4.0/
348119,3720598474,Empididae_Empis_nigricans_2559622_3720598474,http://creativecommons.org/licenses/by-nc-nd/4.0/
348120,3720598474,Empididae_Empis_nigricans_2559623_3720598474,http://creativecommons.org/licenses/by-nc-nd/4.0/
348536,3719774415,Empididae_Empis_trigramma_3247706_3719774415,http://creativecommons.org/licenses/by-nc-nd/4.0/
348763,1960119257,Empididae_Empis_digramma_1479668_1960119257,http://creativecommons.org/licenses/by-nc-nd/4.0/
349553,3907447289,Empididae_Empis_serotina_3392750_3907447289,http://creativecommons.org/licenses/by-nc-nd/4.0/
349554,3907447289,Empididae_Empis_serotina_3392751_3907447289,http://creativecommons.org/licenses/by-nc-nd/4.0/
349555,3907447289,Empididae_Empis_serotina_3392752_3907447289,http://creativecommons.org/licenses/by-nc-nd/4.0/
349556,3907447289,Empididae_Empis_serotina_3392753_3907447289,http://creativecommons.org/licenses/by-nc-nd/4.0/
349557,3907447289,Empididae_Empis_serotina_3392754_3907447289,http://creativecommons.org/licenses/by-nc-nd/4.0/
350375,3760229191,Empididae_Empis_pulchripes_1236263_3760229191,http://creativecommons.org/licenses/by-nc/4.0/
350376,3760229191,Empididae_Empis_pulchripes_1236264_3760229191,http://creativecommons.org/licenses/by-nc/4.0/
351664,1459894406,Empididae_Empis_stercorea_2117279_1459894406,© all rights reserved
353120,3391660567,Empididae_Empis_livida_1705143_3391660567,http://creativecommons.org/licenses/by/4.0/
353683,3124727367,Empididae_Empis_lutea_1666471_3124727367,http://creativecommons.org/licenses/by-nc/4.0/
353684,3124727367,Empididae_Empis_lutea_1666472_3124727367,http://creativecommons.org/licenses/by-nc/4.0/
353685,3124727367,Empididae_Empis_lutea_1666473_3124727367,http://creativecommons.org/licenses/by-nc/4.0/
355003,3767954060,Empididae_Empis_borealis_3307581_3767954060,© all rights reserved
355016,2808573677,Empididae_Empis_stercorea_2271067_2808573677,© all rights reserved
355267,3725495446,Empididae_Empis_nigricans_1888021_3725495446,http://creativecommons.org/licenses/by-nc-nd/4.0/
355995,3823245248,Empididae_Empis_tessellata_1250052_3823245248,http://creativecommons.org/licenses/by-nc-nd/4.0/
356638,1970462914,Empididae_Empis_ciliata_115028_1970462914,http://creativecommons.org/licenses/by-nc-nd/4.0/
356784,2833710219,Empididae_Empis_nuntia_2280450_2833710219,http://creativecommons.org/licenses/by-nc-nd/4.0/
356785,2833710219,Empididae_Empis_nuntia_2280451_2833710219,http://creativecommons.org/licenses/by-nc-nd/4.0/
356786,2833710219,Empididae_Empis_nuntia_2280452_2833710219,http://creativecommons.org/licenses/by-nc-nd/4.0/
357389,1965209502,Empididae_Phyllodromia_melanocephala_2864567_1965209502,http://creativecommons.org/licenses/by-nc-nd/4.0/
357416,3823402788,Empididae_Empis_nigricans_561655_3823402788,http://creativecommons.org/licenses/by-nc-nd/4.0/
357417,3823402788,Empididae_Empis_nigricans_561656_3823402788,http://creativecommons.org/licenses/by-nc-nd/4.0/
357538,1957972416,Empididae_Rhamphomyia_barbata_2855278_1957972416,http://creativecommons.org/licenses/by-nc-nd/4.0/
358391,2844180124,Empididae_Empis_tessellata_1610607_2844180124,http://creativecommons.org/licenses/by-nc-sa/4.0/
358724,3725796239,Empididae_Empis_opaca_1199745_3725796239,http://creativecommons.org/licenses/by-nc-nd/4.0/
359237,1954097739,Empididae_Hilara_flavipes_2159258_1954097739,http://creativecommons.org/licenses/by-nc-nd/4.0/
359238,1954097739,Empididae_Hilara_flavipes_2159259_1954097739,http://creativecommons.org/licenses/by-nc-nd/4.0/
361147,1953325575,Empididae_Rhamphomyia_atra_2848201_1953325575,http://creativecommons.org/licenses/by-nc-nd/4.0/
362499,1954456983,Empididae_Empis_tanysphyra_2159381_1954456983,http://creativecommons.org/licenses/by-nc-nd/4.0/
362500,1954456983,Empididae_Empis_tanysphyra_2159382_1954456983,http://creativecommons.org/licenses/by-nc-nd/4.0/
366913,3726507948,Empididae_Empis_opaca_3272005_3726507948,http://creativecommons.org/licenses/by-nc-nd/4.0/
367807,1954494009,Empididae_Empis_aestiva_2849210_1954494009,http://creativecommons.org/licenses/by-nc-nd/4.0/
367902,1955798713,Empididae_Empis_nigripes_784542_1955798713,http://creativecommons.org/licenses/by-nc-nd/4.0/
368408,3823217950,Empididae_Empis_trigramma_561087_3823217950,http://creativecommons.org/licenses/by-nc-nd/4.0/
372936,3097250723,Empididae_Empis_ciliata_972317_3097250723,http://creativecommons.org/licenses/by-nc/4.0/
372937,3097250723,Empididae_Empis_ciliata_972318_3097250723,http://creativecommons.org/licenses/by-nc/4.0/
372939,3097250723,Empididae_Empis_ciliata_972320_3097250723,http://creativecommons.org/licenses/by-nc/4.0/
372941,3097250723,Empididae_Empis_ciliata_972322_3097250723,http://creativecommons.org/licenses/by-nc/4.0/
373655,3827088989,Empididae_Empis_digramma_1259361_3827088989,http://creativecommons.org/licenses/by-nc-nd/4.0/
374185,1954457941,Empididae_Hilara_quadrifasciata_2159391_1954457941,http://creativecommons.org/licenses/by-nc-nd/4.0/
374786,3827098700,Empididae_Empis_tessellata_2637986_3827098700,http://creativecommons.org/licenses/by-nc-nd/4.0/
375509,1970604322,Empididae_Empis_trigramma_806040_1970604322,http://creativecommons.org/licenses/by-nc/4.0/
375638,1961585819,Empididae_Empis_stercorea_792994_1961585819,http://creativecommons.org/licenses/by-nc-nd/4.0/
375639,1961585819,Empididae_Empis_stercorea_792995_1961585819,http://creativecommons.org/licenses/by-nc-nd/4.0/
378978,3716411476,Empididae_Empis_ciliata_1856514_3716411476,http://creativecommons.org/licenses/by-nc-nd/4.0/
379073,1970715289,Empididae_Empis_ciliata_806251_1970715289,http://creativecommons.org/licenses/by-nc-nd/4.0/
379746,1955729684,Empididae_Empis_digramma_1472991_1955729684,http://creativecommons.org/licenses/by-nc-nd/4.0/
379862,1962910710,Empididae_Empis_stercorea_2862037_1962910710,http://creativecommons.org/licenses/by-nc-nd/4.0/
380386,3825797296,Empididae_Empis_nigricans_567082_3825797296,http://creativecommons.org/licenses/by-nc-nd/4.0/
381026,3725493595,Empididae_Empis_digramma_509481_3725493595,http://creativecommons.org/licenses/by/4.0/
381415,1958196319,Empididae_Empis_nigricans_97466_1958196319,http://creativecommons.org/licenses/by-nc/4.0/
381668,2838337834,Empididae_Empis_stercorea_221773_2838337834,http://creativecommons.org/licenses/by-nc-nd/4.0/
382264,1958678801,Empididae_Empis_digramma_788744_1958678801,http://creativecommons.org/licenses/by-nc-nd/4.0/
383595,1955831472,Empididae_Empis_digramma_784659_1955831472,http://creativecommons.org/licenses/by-nc-nd/4.0/
384915,3825230152,Empididae_Empis_livida_2632988_3825230152,http://creativecommons.org/licenses/by-nc-nd/4.0/
386006,3327985284,Empididae_Empis_livida_2368979_3327985284,http://creativecommons.org/licenses/by-nc/4.0/
387252,3355308946,Empididae_Rhamphomyia_spinipes_3074399_3355308946,http://creativecommons.org/licenses/by-nc/4.0/
387253,3355308946,Empididae_Rhamphomyia_spinipes_3074400_3355308946,http://creativecommons.org/licenses/by-nc/4.0/
388083,3070576225,Empididae_Rhamphomyia_marginata_3034457_3070576225,http://creativecommons.org/licenses/by/4.0/
388780,1959382603,Empididae_Empis_livida_2857303_1959382603,http://creativecommons.org/licenses/by-nc-nd/4.0/
388888,2833211463,Empididae_Empis_trigramma_211492_2833211463,http://creativecommons.org/licenses/by-nc/4.0/
389753,1974219471,Empididae_Empis_trigramma_811532_1974219471,http://creativecommons.org/licenses/by-nc-nd/4.0/
389993,1954457266,Empididae_Empis_caudatula_2159383_1954457266,http://creativecommons.org/licenses/by-nc-nd/4.0/
390551,3904761769,Empididae_Empis_livida_1308025_3904761769,http://creativecommons.org/licenses/by-nc-nd/4.0/
390552,3904761769,Empididae_Empis_livida_1308026_3904761769,http://creativecommons.org/licenses/by-nc-nd/4.0/
390914,2815428137,Empididae_Empis_pennipes_2273981_2815428137,© All rights reserved
391112,2410808835,Empididae_Empis_borealis_844535_2410808835,http://creativecommons.org/licenses/by/4.0/
391206,2404254557,Empididae_Empis_borealis_843209_2404254557,© All rights reserved
391404,2409433028,Empididae_Empis_borealis_1533186_2409433028,© All rights reserved
392660,1955809739,Empididae_Empis_nuntia_1473200_1955809739,http://creativecommons.org/licenses/by-nc-nd/4.0/
394121,1968571855,Empididae_Empis_ciliata_2869647_1968571855,http://creativecommons.org/licenses/by-nc/4.0/
397606,2403161328,Empididae_Empis_borealis_2220653_2403161328,© All rights reserved
397876,3914066504,Empididae_Rhamphomyia_culicina_2706115_3914066504,© All rights reserved
397877,3914066504,Empididae_Rhamphomyia_culicina_2706116_3914066504,© All rights reserved
397878,3914066504,Empididae_Rhamphomyia_culicina_2706117_3914066504,© All rights reserved
397929,2979451568,Empididae_Dolichocephala_guttata_253983_2979451568,http://creativecommons.org/licenses/by-nc-sa/4.0/
398109,3993593366,Empididae_Empis_borealis_663188_3993593366,© all rights reserved
398173,1836390363,Empididae_Empis_lucida_1450897_1836390363,© all rights reserved
398174,1836390363,Empididae_Empis_lucida_1450898_1836390363,© all rights reserved
398175,2572459498,Empididae_Empis_pennipes_181545_2572459498,© all rights reserved
398298,1459595974,Empididae_Rhamphomyia_marginata_738589_1459595974,© all rights reserved
398365,3429900944,Empididae_Rhamphomyia_marginata_1715011_3429900944,© all rights reserved
398366,3429900944,Empididae_Rhamphomyia_marginata_1715012_3429900944,© all rights reserved
398367,3429900944,Empididae_Rhamphomyia_marginata_1715013_3429900944,© all rights reserved
398558,3764806327,Empididae_Empis_borealis_1238027_3764806327,http://creativecommons.org/licenses/by-nc-sa/4.0/
398566,3960522987,Empididae_Rhamphomyia_pilifer_652631_3960522987,© All rights reserved
398567,3960522987,Empididae_Rhamphomyia_pilifer_652632_3960522987,© All rights reserved
398768,3990966478,Empididae_Hilara_interstincta_2730246_3990966478,© All rights reserved
398930,1958250843,Empididae_Empis_trigramma_2166010_1958250843,http://creativecommons.org/licenses/by-nc-nd/4.0/
399043,1956910651,Empididae_Empis_chioptera_2853115_1956910651,http://creativecommons.org/licenses/by-nc-nd/4.0/
399044,1956910651,Empididae_Empis_chioptera_2853116_1956910651,http://creativecommons.org/licenses/by-nc-nd/4.0/
399045,1956910651,Empididae_Empis_chioptera_2853117_1956910651,http://creativecommons.org/licenses/by-nc-nd/4.0/
399834,3822535799,Empididae_Empis_digramma_2626893_3822535799,http://creativecommons.org/licenses/by-nc-nd/4.0/
399908,3728919636,Empididae_Empis_trigramma_3280337_3728919636,http://creativecommons.org/licenses/by-nc-nd/4.0/
400115,2838049276,Empididae_Empis_tessellata_221068_2838049276,http://creativecommons.org/licenses/by-nc-nd/4.0/
400504,1962799718,Empididae_Empis_livida_1482643_1962799718,http://creativecommons.org/licenses/by-nc-nd/4.0/
401019,3904592610,Empididae_Empis_livida_2685701_3904592610,http://creativecommons.org/licenses/by-nc-nd/4.0/
401978,3729500999,Empididae_Empis_livida_2591274_3729500999,http://creativecommons.org/licenses/by-nc-nd/4.0/
403234,3382353312,Empididae_Rhamphomyia_spinipes_318240_3382353312,© All rights reserved
403506,2410316286,Empididae_Hilara_clavipes_2222339_2410316286,© All rights reserved
403514,3987936392,Empididae_Empis_nigripes_1349684_3987936392,© All rights reserved
403598,2991797336,Empididae_Empis_pennipes_3016864_2991797336,© All rights reserved
403599,2991797336,Empididae_Empis_pennipes_3016865_2991797336,© All rights reserved
403600,2991797336,Empididae_Empis_pennipes_3016866_2991797336,© All rights reserved
403683,3303247631,Empididae_Rhamphomyia_marginata_291541_3303247631,© All rights reserved
403778,2251609125,Empididae_Clinocera_stagnalis_2901289_2251609125,http://creativecommons.org/licenses/by-nc/4.0/
403781,2979584534,Empididae_Clinocera_tibiella_254924_2979584534,http://creativecommons.org/licenses/by-nc-sa/4.0/
403801,1415218082,Empididae_Dolichocephala_irrorata_2795543_1415218082,http://creativecommons.org/licenses/by-nc-sa/4.0/
403838,1670833181,Empididae_Rhamphomyia_sciarina_2122344_1670833181,© all rights reserved
403839,1670833181,Empididae_Rhamphomyia_sciarina_2122345_1670833181,© all rights reserved
403939,1670180453,Empididae_Empis_stercorea_53114_1670180453,© all rights reserved
403999,1459262043,Empididae_Rhamphomyia_umbripennis_2805652_1459262043,© all rights reserved
404009,3768618442,Empididae_Hilara_interstincta_1238473_3768618442,© all rights reserved
404010,3768618442,Empididae_Hilara_interstincta_1238474_3768618442,© all rights reserved
404045,1431944842,Empididae_Phyllodromia_melanocephala_44429_1431944842,© all rights reserved
404079,1460554237,Empididae_Rhamphomyia_crassirostris_2118510_1460554237,© all rights reserved
404080,1460554237,Empididae_Rhamphomyia_crassirostris_2118511_1460554237,© all rights reserved
404133,2001491267,Empididae_Dolichocephala_thomasi_132746_2001491267,http://creativecommons.org/licenses/by-nc-sa/4.0/
404240,3927089351,Empididae_Hilara_nigritarsis_648972_3927089351,© All rights reserved
404381,3927111571,Empididae_Rhamphomyia_crassirostris_648977_3927111571,© All rights reserved
404425,3757269490,Empididae_Empis_borealis_2611122_3757269490,© All rights reserved
404543,2808276866,Empididae_Empis_borealis_2270863_2808276866,© all rights reserved
404547,2808276866,Empididae_Empis_borealis_2270867_2808276866,© all rights reserved
404557,1487948191,Empididae_Iteaphila_furcata_2808394_1487948191,© all rights reserved
405037,1955784323,Empididae_Empis_nigricans_2162238_1955784323,http://creativecommons.org/licenses/by-nc/4.0/
405645,3823380175,Empididae_Empis_opaca_561573_3823380175,http://creativecommons.org/licenses/by-nc-nd/4.0/
407464,3732646256,Empididae_Empis_livida_3297733_3732646256,http://creativecommons.org/licenses/by-nc-nd/4.0/
407943,1970428193,Empididae_Empis_opaca_805732_1970428193,http://creativecommons.org/licenses/by-nc-nd/4.0/
408223,3716128859,Empididae_Empis_opaca_1855655_3716128859,http://creativecommons.org/licenses/by-nc-nd/4.0/
408922,2841442527,Empididae_Rhamphomyia_barbata_225570_2841442527,http://creativecommons.org/licenses/by-nc-nd/4.0/
408978,3044726216,Empididae_Empis_livida_2338080_3044726216,http://creativecommons.org/licenses/by-nc/4.0/
409963,3333069830,Empididae_Rhamphomyia_marginata_1682255_3333069830,http://creativecommons.org/licenses/by/4.0/
415024,2529407283,Empididae_Rhamphomyia_marginata_166437_2529407283,http://creativecommons.org/licenses/by-nc/4.0/
415025,2529407283,Empididae_Rhamphomyia_marginata_166438_2529407283,http://creativecommons.org/licenses/by-nc/4.0/
421011,2619911352,Empididae_Empis_borealis_1567755_2619911352,http://creativecommons.org/licenses/by-nc/4.0/
424214,2866226615,Empididae_Rhamphomyia_spinipes_935766_2866226615,© all rights reserved
424287,3433102525,Empididae_Phyllodromia_melanocephala_1027636_3433102525,© all rights reserved
425228,3314371450,Empididae_Empis_stercorea_294428_3314371450,http://creativecommons.org/licenses/by/4.0/
426582,3705776279,Empididae_Empis_stercorea_3232555_3705776279,http://creativecommons.org/licenses/by-nc/4.0/
426782,3314251393,Empididae_Empis_stercorea_2362619_3314251393,http://creativecommons.org/licenses/by-nc/4.0/
429249,3091042308,Empididae_Clinocera_fontinalis_3038405_3091042308,http://creativecommons.org/licenses/by/4.0/
429250,3091042308,Empididae_Clinocera_fontinalis_3038406_3091042308,http://creativecommons.org/licenses/by/4.0/
429251,3091042308,Empididae_Clinocera_fontinalis_3038407_3091042308,http://creativecommons.org/licenses/by/4.0/
429719,2833631169,Empididae_Rhamphomyia_marginata_2970911_2833631169,http://creativecommons.org/licenses/by-nc-nd/4.0/
429720,2833631169,Empididae_Rhamphomyia_marginata_2970912_2833631169,http://creativecommons.org/licenses/by-nc-nd/4.0/
429729,1955640882,Empididae_Empis_tessellata_2851815_1955640882,http://creativecommons.org/licenses/by/4.0/
430436,1970019611,Empididae_Rhamphomyia_barbata_1493151_1970019611,http://creativecommons.org/licenses/by-nc-nd/4.0/
430437,1970019611,Empididae_Rhamphomyia_barbata_1493152_1970019611,http://creativecommons.org/licenses/by-nc-nd/4.0/
430969,3826814250,Empididae_Empis_opaca_1258526_3826814250,http://creativecommons.org/licenses/by-nc-nd/4.0/
432849,1433235357,Empididae_Rhamphomyia_pilifer_736188_1433235357,© all rights reserved
432850,1433235357,Empididae_Rhamphomyia_pilifer_736189_1433235357,© all rights reserved
433003,2273651268,Empididae_Rhamphomyia_umbripennis_145746_2273651268,© all rights reserved
433255,3448620113,Empididae_Phyllodromia_melanocephala_454876_3448620113,http://creativecommons.org/licenses/by-sa/4.0/
433298,3448593951,Empididae_Rhamphomyia_umbripennis_3212969_3448593951,http://creativecommons.org/licenses/by-sa/4.0/
433323,3447931412,Empididae_Heleodromia_immaculata_1143948_3447931412,http://creativecommons.org/licenses/by-sa/4.0/
433331,3448245409,Empididae_Phyllodromia_melanocephala_1144122_3448245409,http://creativecommons.org/licenses/by-sa/4.0/
433376,3449009136,Empididae_Chelipoda_albiseta_1833924_3449009136,http://creativecommons.org/licenses/by-sa/4.0/
433510,1977352036,Empididae_Empis_trigramma_815993_1977352036,http://creativecommons.org/licenses/by-nc-sa/4.0/
434433,2845395320,Empididae_Empis_tessellata_925119_2845395320,http://creativecommons.org/licenses/by-nc-nd/4.0/
434556,2832715134,Empididae_Empis_vitripennis_2279131_2832715134,http://creativecommons.org/licenses/by-nc-nd/4.0/
436465,1953054854,Empididae_Empis_abbrevinervis_2157811_1953054854,http://creativecommons.org/licenses/by-nc-nd/4.0/
436466,1953054854,Empididae_Empis_abbrevinervis_2157812_1953054854,http://creativecommons.org/licenses/by-nc-nd/4.0/
436467,1953054854,Empididae_Empis_abbrevinervis_2157813_1953054854,http://creativecommons.org/licenses/by-nc-nd/4.0/
437280,3824084838,Empididae_Empis_nigricans_2630615_3824084838,http://creativecommons.org/licenses/by-nc-nd/4.0/
438435,3728690985,Empididae_Rhamphomyia_marginata_1899829_3728690985,http://creativecommons.org/licenses/by-nc/4.0/
438505,3729179372,Empididae_Empis_ciliata_522768_3729179372,http://creativecommons.org/licenses/by-nc-nd/4.0/
439073,3824691376,Empididae_Empis_digramma_1253902_3824691376,http://creativecommons.org/licenses/by-nc-nd/4.0/
439446,3729265072,Empididae_Empis_opaca_2590579_3729265072,http://creativecommons.org/licenses/by-nc-nd/4.0/
439549,1957938421,Empididae_Empis_ciliata_1476132_1957938421,http://creativecommons.org/licenses/by-nc-nd/4.0/
440692,3726488748,Empididae_Empis_livida_513671_3726488748,http://creativecommons.org/licenses/by-nc-nd/4.0/
441214,1966643004,Empididae_Empis_ciliata_800238_1966643004,http://creativecommons.org/licenses/by/4.0/
442126,2867060313,Empididae_Rhamphomyia_spinipes_2314043_2867060313,© All rights reserved
442219,4003048318,Empididae_Iteaphila_nitidula_3431788_4003048318,© All rights reserved
442356,3798181557,Empididae_Empis_pennipes_3314276_3798181557,© All rights reserved
442424,2252364346,Empididae_Empis_stercorea_2211779_2252364346,© All rights reserved
442830,3893237456,Empididae_Rhamphomyia_poplitea_603973_3893237456,© All rights reserved
442831,3893237456,Empididae_Rhamphomyia_poplitea_603974_3893237456,© All rights reserved
442832,3893237456,Empididae_Rhamphomyia_poplitea_603975_3893237456,© All rights reserved
443238,3864340346,Empididae_Phyllodromia_melanocephala_587695_3864340346,© All rights reserved
443380,2410308478,Empididae_Empis_tessellata_1533370_2410308478,© All rights reserved
443868,3715968823,Empididae_Empis_opaca_3234593_3715968823,http://creativecommons.org/licenses/by-nc/4.0/
444914,2833875080,Empididae_Empis_tessellata_903255_2833875080,http://creativecommons.org/licenses/by-nc-nd/4.0/
445773,3716291759,Empididae_Empis_tessellata_1856043_3716291759,http://creativecommons.org/licenses/by-nc-nd/4.0/
445902,1970400391,Empididae_Empis_opaca_805678_1970400391,http://creativecommons.org/licenses/by-nc-sa/4.0/
446253,2844625632,Empididae_Empis_ciliata_232901_2844625632,http://creativecommons.org/licenses/by-nc-nd/4.0/
447174,1953122674,Empididae_Rhamphomyia_barbata_2847825_1953122674,http://creativecommons.org/licenses/by-nc-nd/4.0/
447175,1953122674,Empididae_Rhamphomyia_barbata_2847826_1953122674,http://creativecommons.org/licenses/by-nc-nd/4.0/
447314,1977328656,Empididae_Empis_opaca_1504427_1977328656,http://creativecommons.org/licenses/by-nc-sa/4.0/
447433,1973615666,Empididae_Phyllodromia_melanocephala_2877928_1973615666,http://creativecommons.org/licenses/by-nc/4.0/
447434,1973615666,Empididae_Phyllodromia_melanocephala_2877929_1973615666,http://creativecommons.org/licenses/by-nc/4.0/
447487,2835836046,Empididae_Trichopeza_longicornis_2975533_2835836046,http://creativecommons.org/licenses/by-nc-nd/4.0/
447488,2835836046,Empididae_Trichopeza_longicornis_2975534_2835836046,http://creativecommons.org/licenses/by-nc-nd/4.0/
447489,2835836046,Empididae_Trichopeza_longicornis_2975535_2835836046,http://creativecommons.org/licenses/by-nc-nd/4.0/
447509,2842028225,Empididae_Empis_ciliata_917378_2842028225,http://creativecommons.org/licenses/by-nc-nd/4.0/
447613,3725268056,Empididae_Empis_lutea_1887602_3725268056,http://creativecommons.org/licenses/by-nc/4.0/
447614,3725268056,Empididae_Empis_lutea_1887603_3725268056,http://creativecommons.org/licenses/by-nc/4.0/
447887,3827170436,Empididae_Empis_tessellata_570502_3827170436,http://creativecommons.org/licenses/by-nc-nd/4.0/
448079,3717070626,Empididae_Empis_trigramma_2548969_3717070626,http://creativecommons.org/licenses/by-nc-nd/4.0/
448292,3716113219,Empididae_Rhamphomyia_barbata_1165843_3716113219,http://creativecommons.org/licenses/by-nc-nd/4.0/
448293,3716113219,Empididae_Rhamphomyia_barbata_1165844_3716113219,http://creativecommons.org/licenses/by-nc-nd/4.0/
448294,3716113219,Empididae_Rhamphomyia_barbata_1165845_3716113219,http://creativecommons.org/licenses/by-nc-nd/4.0/
448344,1974086181,Empididae_Empis_trigramma_811327_1974086181,http://creativecommons.org/licenses/by-nc-nd/4.0/
448529,2839147915,Empididae_Empis_digramma_222861_2839147915,http://creativecommons.org/licenses/by-nc-nd/4.0/
448802,3824231193,Empididae_Empis_opaca_1252372_3824231193,http://creativecommons.org/licenses/by-nc-nd/4.0/
448850,3826990173,Empididae_Empis_opaca_569924_3826990173,http://creativecommons.org/licenses/by-nc-nd/4.0/
449294,3730730146,Empididae_Empis_tessellata_3287666_3730730146,http://creativecommons.org/licenses/by-nc-nd/4.0/
449645,1958047032,Empididae_Rhamphomyia_marginata_1476375_1958047032,http://creativecommons.org/licenses/by-nc-nd/4.0/
449693,3825406200,Empididae_Empis_livida_1944422_3825406200,http://creativecommons.org/licenses/by-nc-nd/4.0/
450008,3732971786,Empididae_Empis_digramma_2608145_3732971786,http://creativecommons.org/licenses/by-nc-sa/4.0/
451813,2247975940,Empididae_Empis_borealis_137528_2247975940,http://creativecommons.org/licenses/by/4.0/
451818,1883051924,Empididae_Empis_stercorea_1459407_1883051924,© All rights reserved
451907,1823979631,Empididae_Empis_stercorea_747346_1823979631,© All rights reserved
452204,3816587376,Empididae_Rhamphomyia_sulcata_1936472_3816587376,© All rights reserved
452205,3816587376,Empididae_Rhamphomyia_sulcata_1936473_3816587376,© All rights reserved
452233,2410109084,Empididae_Empis_borealis_2912980_2410109084,© All rights reserved
452235,1883011521,Empididae_Empis_stercorea_770931_1883011521,© All rights reserved
452253,2406361921,Empididae_Rhamphomyia_marginata_2912044_2406361921,© All rights reserved
452274,2313640027,Empididae_Hilara_clavipes_2216355_2313640027,© All rights reserved
452306,3345136481,Empididae_Rhamphomyia_gibba_313980_3345136481,© All rights reserved
452307,3345136481,Empididae_Rhamphomyia_gibba_313981_3345136481,© All rights reserved
452308,3345136481,Empididae_Rhamphomyia_gibba_313982_3345136481,© All rights reserved
452309,2416733910,Empididae_Rhamphomyia_spinipes_1533947_2416733910,© All rights reserved
452348,3329906371,Empididae_Empis_aestiva_1679678_3329906371,© All rights reserved
452349,3329906371,Empididae_Empis_aestiva_1679679_3329906371,© All rights reserved
453984,3823275259,Empididae_Empis_tessellata_1250123_3823275259,http://creativecommons.org/licenses/by-nc-nd/4.0/
454059,3827331720,Empididae_Empis_digramma_570973_3827331720,http://creativecommons.org/licenses/by-nc-nd/4.0/
454974,1951849675,Empididae_Rhamphomyia_erythrophthalma_1466678_1951849675,http://creativecommons.org/licenses/by-nc-nd/4.0/
455205,3720289278,Empididae_Empis_tessellata_1869046_3720289278,http://creativecommons.org/licenses/by-nc-nd/4.0/
455592,1952454812,Empididae_Empis_livida_2156420_1952454812,http://creativecommons.org/licenses/by-nc-nd/4.0/
456074,3728599330,Empididae_Empis_livida_3279535_3728599330,http://creativecommons.org/licenses/by-nc-nd/4.0/
458184,3720543512,Empididae_Empis_trigramma_1180418_3720543512,http://creativecommons.org/licenses/by-nc-nd/4.0/
458516,3825801994,Empididae_Empis_digramma_1256206_3825801994,http://creativecommons.org/licenses/by-nc-nd/4.0/
458549,1961746328,Empididae_Empis_ciliata_102521_1961746328,http://creativecommons.org/licenses/by-nc-nd/4.0/
458970,3826776932,Empididae_Empis_digramma_569353_3826776932,http://creativecommons.org/licenses/by-nc-nd/4.0/
459222,1958116618,Empididae_Empis_ciliata_2855664_1958116618,http://creativecommons.org/licenses/by-nc-nd/4.0/
460770,3415546685,Empididae_Rhamphomyia_flava_333362_3415546685,http://creativecommons.org/licenses/by-nc/4.0/
460771,3415546685,Empididae_Rhamphomyia_flava_333363_3415546685,http://creativecommons.org/licenses/by-nc/4.0/
461435,2619331405,Empididae_Empis_borealis_1567632_2619331405,© all rights reserved
461486,932411910,Empididae_Empis_pennipes_1378361_932411910,© all rights reserved
461487,932411910,Empididae_Empis_pennipes_1378362_932411910,© all rights reserved
462279,3455795207,Empididae_Empis_borealis_3217362_3455795207,http://creativecommons.org/licenses/by-nc/4.0/
462914,3859940545,Empididae_Empis_nigritarsis_3341917_3859940545,http://creativecommons.org/licenses/by-nc/4.0/
463992,3712610904,Empididae_Rhamphomyia_marginata_2543359_3712610904,http://creativecommons.org/licenses/by-nc/4.0/
466734,3717570566,Empididae_Empis_livida_1172434_3717570566,http://creativecommons.org/licenses/by-nc-nd/4.0/
466858,3721270113,Empididae_Empis_digramma_1184272_3721270113,http://creativecommons.org/licenses/by-nc-nd/4.0/
467061,3995226096,Empididae_Empis_livida_2043113_3995226096,http://creativecommons.org/licenses/by-nc-nd/4.0/
467270,1954494342,Empididae_Rhamphomyia_tarsata_2849213_1954494342,http://creativecommons.org/licenses/by-nc-nd/4.0/
467642,1970687034,Empididae_Empis_opaca_1494500_1970687034,http://creativecommons.org/licenses/by-nc-sa/4.0/
468668,3720977990,Empididae_Empis_livida_1871957_3720977990,http://creativecommons.org/licenses/by-nc-nd/4.0/
468931,1968595513,Empididae_Empis_livida_801830_1968595513,http://creativecommons.org/licenses/by-nc-nd/4.0/
469752,1956767044,Empididae_Empis_aestiva_94648_1956767044,http://creativecommons.org/licenses/by-nc-nd/4.0/
469753,1956767044,Empididae_Empis_aestiva_94649_1956767044,http://creativecommons.org/licenses/by-nc-nd/4.0/
469754,1956767044,Empididae_Empis_aestiva_94650_1956767044,http://creativecommons.org/licenses/by-nc-nd/4.0/
469755,1956767044,Empididae_Empis_aestiva_94651_1956767044,http://creativecommons.org/licenses/by-nc-nd/4.0/
470157,3730991178,Empididae_Empis_tessellata_2598172_3730991178,http://creativecommons.org/licenses/by-nc-nd/4.0/
470272,3826112156,Empididae_Empis_digramma_1946183_3826112156,http://creativecommons.org/licenses/by-nc-nd/4.0/
471578,1954452891,Empididae_Empis_nuntia_1470256_1954452891,http://creativecommons.org/licenses/by-nc-nd/4.0/
471579,1954452891,Empididae_Empis_nuntia_1470257_1954452891,http://creativecommons.org/licenses/by-nc-nd/4.0/
471703,3822431142,Empididae_Empis_digramma_558882_3822431142,http://creativecommons.org/licenses/by-nc-nd/4.0/
472417,1966947156,Empididae_Empis_trigramma_800831_1966947156,http://creativecommons.org/licenses/by-nc-nd/4.0/
473325,1977244969,Empididae_Empis_digramma_815781_1977244969,http://creativecommons.org/licenses/by-nc-nd/4.0/
473634,3720621020,Empididae_Empis_trigramma_1870226_3720621020,http://creativecommons.org/licenses/by-nc-nd/4.0/
473805,1966009146,Empididae_Empis_livida_2866404_1966009146,http://creativecommons.org/licenses/by-nc-nd/4.0/
475929,2543070081,Empididae_Empis_ciliata_2926588_2543070081,http://creativecommons.org/licenses/by-nc/4.0/
477234,3456035965,Empididae_Empis_pulchripes_2528122_3456035965,http://creativecommons.org/licenses/by-nc/4.0/
479580,3118468432,Empididae_Rhamphomyia_marginata_2355499_3118468432,http://creativecommons.org/licenses/by-nc/4.0/
480157,3039262769,Empididae_Empis_pennipes_2336542_3039262769,http://creativecommons.org/licenses/by-nc/4.0/
480677,3113363848,Empididae_Empis_trigramma_3044133_3113363848,http://creativecommons.org/licenses/by-nc/4.0/
481245,4009902416,Empididae_Empis_pennipes_3434640_4009902416,http://creativecommons.org/licenses/by-nc/4.0/
483375,2979615528,Empididae_Dolichocephala_thomasi_2323299_2979615528,http://creativecommons.org/licenses/by-nc-sa/4.0/
483389,2979592530,Empididae_Dolichocephala_bellstedti_255011_2979592530,http://creativecommons.org/licenses/by-nc-sa/4.0/
483390,3715946747,Empididae_Empis_trigramma_475988_3715946747,http://creativecommons.org/licenses/by-nc-nd/4.0/
483406,3731096410,Empididae_Empis_tessellata_3289714_3731096410,http://creativecommons.org/licenses/by-nd/4.0/
483527,3825326069,Empididae_Empis_opaca_1254856_3825326069,http://creativecommons.org/licenses/by-nc-nd/4.0/
483528,3825326069,Empididae_Empis_opaca_1254857_3825326069,http://creativecommons.org/licenses/by-nc-nd/4.0/
483961,3716510499,Empididae_Empis_digramma_1856941_3716510499,http://creativecommons.org/licenses/by-nc-nd/4.0/
484318,1954457392,Empididae_Empis_femorata_2159387_1954457392,http://creativecommons.org/licenses/by-nc-nd/4.0/
484319,1954457392,Empididae_Empis_femorata_2159388_1954457392,http://creativecommons.org/licenses/by-nc-nd/4.0/
484460,3720353346,Empididae_Empis_opaca_490662_3720353346,http://creativecommons.org/licenses/by-nc-nd/4.0/
484873,1966357062,Empididae_Empis_livida_1488117_1966357062,http://creativecommons.org/licenses/by-nc-nd/4.0/
485717,1953265671,Empididae_Rhamphomyia_barbata_2848066_1953265671,http://creativecommons.org/licenses/by-nc-nd/4.0/
485718,1953265671,Empididae_Rhamphomyia_barbata_2848067_1953265671,http://creativecommons.org/licenses/by-nc-nd/4.0/
486101,1970512730,Empididae_Empis_ciliata_1494129_1970512730,http://creativecommons.org/licenses/by-nc-nd/4.0/
486162,3730236878,Empididae_Empis_digramma_526653_3730236878,http://creativecommons.org/licenses/by-nc-nd/4.0/
487028,3725601342,Empididae_Empis_digramma_1198931_3725601342,http://creativecommons.org/licenses/by-nc/4.0/
489271,1977381476,Empididae_Rhamphomyia_marginata_816041_1977381476,http://creativecommons.org/licenses/by-nc/4.0/
489366,3826201927,Empididae_Empis_opaca_1946400_3826201927,http://creativecommons.org/licenses/by-nc-nd/4.0/
489654,2838131156,Empididae_Empis_tessellata_2979873_2838131156,http://creativecommons.org/licenses/by-nd/4.0/
490098,1953568163,Empididae_Empis_ciliata_781071_1953568163,http://creativecommons.org/licenses/by-nc-nd/4.0/
491340,1953231412,Empididae_Empis_ciliata_89784_1953231412,http://creativecommons.org/licenses/by/4.0/
492057,1974384462,Empididae_Empis_opaca_2879535_1974384462,http://creativecommons.org/licenses/by-nc-nd/4.0/
492758,3827416743,Empididae_Empis_digramma_3329804_3827416743,http://creativecommons.org/licenses/by-nc-nd/4.0/
492965,3720969565,Empididae_Empis_opaca_1182517_3720969565,http://creativecommons.org/licenses/by-nc-nd/4.0/
493002,3905680907,Empididae_Empis_livida_1313375_3905680907,http://creativecommons.org/licenses/by-nc-nd/4.0/
493023,1961409604,Empididae_Empis_livida_2170379_1961409604,http://creativecommons.org/licenses/by-nc-sa/4.0/
493462,1958247265,Empididae_Empis_opaca_1476698_1958247265,http://creativecommons.org/licenses/by-nc/4.0/
494757,3904276583,Empididae_Empis_livida_1305012_3904276583,http://creativecommons.org/licenses/by-nc-nd/4.0/
495794,2832833005,Empididae_Empis_lutea_901509_2832833005,http://creativecommons.org/licenses/by-nc-nd/4.0/
495795,2832833005,Empididae_Empis_lutea_901510_2832833005,http://creativecommons.org/licenses/by-nc-nd/4.0/
496067,3730345277,Empididae_Empis_trigramma_3285426_3730345277,http://creativecommons.org/licenses/by-nc-nd/4.0/
497860,3824105559,Empididae_Empis_nigricans_1941137_3824105559,http://creativecommons.org/licenses/by-nc-nd/4.0/
497942,3434276088,Empididae_Empis_grisea_338565_3434276088,© all rights reserved
497943,3434276088,Empididae_Empis_grisea_338566_3434276088,© all rights reserved
498119,3433031573,Empididae_Rhamphomyia_albipennis_337857_3433031573,© all rights reserved
498120,3433031573,Empididae_Rhamphomyia_albipennis_337858_3433031573,© all rights reserved
498121,3433031573,Empididae_Rhamphomyia_albipennis_337859_3433031573,© all rights reserved
498165,2808066803,Empididae_Rhamphomyia_marginata_892997_2808066803,© all rights reserved
498307,1801800766,Empididae_Rhamphomyia_marginata_1434177_1801800766,© all rights reserved
498455,3862183452,Empididae_Hilara_clavipes_3346165_3862183452,http://creativecommons.org/licenses/by/4.0/
498517,2402869703,Empididae_Empis_pennipes_2911209_2402869703,© All rights reserved
498600,2468745866,Empididae_Rhamphomyia_nigripennis_1544028_2468745866,© All rights reserved
498847,2815194744,Empididae_Empis_stercorea_1585204_2815194744,© All rights reserved
498868,3110508617,Empididae_Empis_borealis_3042232_3110508617,© All rights reserved
498962,3960492348,Empididae_Rhamphomyia_spinipes_2030454_3960492348,© All rights reserved
498963,3960492348,Empididae_Rhamphomyia_spinipes_2030455_3960492348,© All rights reserved
499070,3890010455,Empididae_Rhamphomyia_umbripennis_1290692_3890010455,© All rights reserved
499202,1459875484,Empididae_Rhamphomyia_albipennis_2117174_1459875484,© all rights reserved
499329,3430635006,Empididae_Empis_borealis_1026394_3430635006,© all rights reserved
499420,2815693369,Empididae_Empis_livida_2964569_2815693369,© all rights reserved
499528,2572730499,Empididae_Hilara_interstincta_2249412_2572730499,© all rights reserved
499529,2572730499,Empididae_Hilara_interstincta_2249413_2572730499,© all rights reserved
499935,1668959119,Empididae_Empis_borealis_52775_1668959119,© all rights reserved
499956,1459364645,Empididae_Rhamphomyia_sciarina_47123_1459364645,© all rights reserved
499957,1459364645,Empididae_Rhamphomyia_sciarina_47124_1459364645,© all rights reserved
499958,1459364645,Empididae_Rhamphomyia_sciarina_47125_1459364645,© all rights reserved
500490,2272688446,Empididae_Rhamphomyia_pilifer_1523868_2272688446,© all rights reserved
500773,1459842907,Empididae_Rhamphomyia_hambergi_1427735_1459842907,© all rights reserved
500861,1433021446,Empididae_Trichopeza_longicornis_2114279_1433021446,© all rights reserved
500962,3768539454,Empididae_Hilara_intermedia_1238448_3768539454,© all rights reserved
501192,3856911316,Empididae_Rhamphomyia_tipularia_2639807_3856911316,© all rights reserved
501193,3856911316,Empididae_Rhamphomyia_tipularia_2639808_3856911316,© all rights reserved
501497,3776630477,Empididae_Empis_borealis_1241749_3776630477,© all rights reserved
501726,1431202154,Empididae_Empis_borealis_2113251_1431202154,© all rights reserved
502813,3858234438,Empididae_Empis_nigritarsis_575397_3858234438,http://creativecommons.org/licenses/by-nc/4.0/
502814,3858234438,Empididae_Empis_nigritarsis_575398_3858234438,http://creativecommons.org/licenses/by-nc/4.0/
502815,3858234438,Empididae_Empis_nigritarsis_575399_3858234438,http://creativecommons.org/licenses/by-nc/4.0/
505102,1037105370,Empididae_Empis_trigramma_2072875_1037105370,© all rights reserved
505210,1432097315,Empididae_Rhamphomyia_umbripennis_44534_1432097315,© all rights reserved
505211,1432097315,Empididae_Rhamphomyia_umbripennis_44535_1432097315,© all rights reserved
505378,1459623898,Empididae_Rhamphomyia_crassirostris_2116645_1459623898,© all rights reserved
505537,1459090986,Empididae_Rhamphomyia_sciarina_1426658_1459090986,© all rights reserved
505557,1487951397,Empididae_Iteaphila_furcata_740872_1487951397,© all rights reserved
505558,1487951397,Empididae_Iteaphila_furcata_740873_1487951397,© all rights reserved
505559,1487951397,Empididae_Iteaphila_furcata_740874_1487951397,© all rights reserved
505578,2808056993,Empididae_Empis_pennipes_202610_2808056993,© all rights reserved
505605,1065034634,Empididae_Empis_trigramma_2763922_1065034634,© all rights reserved
505674,3432808138,Empididae_Rhamphomyia_marginata_2405493_3432808138,© all rights reserved
505930,3857779152,Empididae_Rhamphomyia_marginata_3331239_3857779152,
506112,3431638337,Empididae_Rhamphomyia_marginata_1715881_3431638337,© all rights reserved
506113,3431638337,Empididae_Rhamphomyia_marginata_1715882_3431638337,© all rights reserved
506188,3433424031,Empididae_Empis_borealis_338069_3433424031,© all rights reserved
506233,3431279490,Empididae_Rhamphomyia_marginata_2404794_3431279490,© all rights reserved
506498,3879894617,Empididae_Chelipoda_vocatoria_1283797_3879894617,© all rights reserved
506499,3879894617,Empididae_Chelipoda_vocatoria_1283798_3879894617,© all rights reserved
506782,3856982058,Empididae_Rhamphomyia_marginata_3330719_3856982058,© all rights reserved
506920,1458468145,Empididae_Empis_trigramma_1426283_1458468145,© all rights reserved
507195,1431592601,Empididae_Empis_stercorea_1424123_1431592601,© all rights reserved
507227,1431864628,Empididae_Rhamphomyia_sulcata_2113584_1431864628,© all rights reserved
507343,2651002412,Empididae_Empis_borealis_199863_2651002412,© all rights reserved
507344,2651002412,Empididae_Empis_borealis_199864_2651002412,© all rights reserved
507625,1915305750,Empididae_Empis_serotina_2152833_1915305750,© all rights reserved
508486,1459870679,Empididae_Empis_borealis_2806706_1459870679,© all rights reserved
508826,2252018931,Empididae_Rhamphomyia_sulcata_2902019_2252018931,http://creativecommons.org/licenses/by-nc/4.0/
508827,2252018931,Empididae_Rhamphomyia_sulcata_2902020_2252018931,http://creativecommons.org/licenses/by-nc/4.0/
509667,4011912158,Empididae_Empis_tessellata_3436849_4011912158,http://creativecommons.org/licenses/by-nc/4.0/
510375,4009812415,Empididae_Empis_pennipes_2743783_4009812415,http://creativecommons.org/licenses/by-nc/4.0/
511905,1884251439,Empididae_Empis_stercorea_2150193_1884251439,© all rights reserved
511906,1884251439,Empididae_Empis_stercorea_2150194_1884251439,© all rights reserved
512101,1459863745,Empididae_Rhamphomyia_crassirostris_47887_1459863745,© all rights reserved
512497,2549975416,Empididae_Empis_pennipes_1547272_2549975416,http://creativecommons.org/licenses/by-nc/4.0/
516705,3314615429,Empididae_Empis_livida_1673617_3314615429,http://creativecommons.org/licenses/by-nc/4.0/
520295,3070512781,Empididae_Empis_pennipes_965778_3070512781,http://creativecommons.org/licenses/by-nc/4.0/
522267,2633985585,Empididae_Empis_borealis_2264884_2633985585,http://creativecommons.org/publicdomain/zero/1.0/
524368,3858776730,Empididae_Empis_lutea_1267201_3858776730,http://creativecommons.org/licenses/by-nc/4.0/
524784,2999213401,Empididae_Empis_maculata_3018261_2999213401,http://creativecommons.org/licenses/by-nc/4.0/
526109,3314180502,Empididae_Empis_stercorea_983667_3314180502,http://creativecommons.org/licenses/by-nc/4.0/
526815,3733379438,Empididae_Empis_digramma_1919780_3733379438,http://creativecommons.org/licenses/by-nc-nd/4.0/
526816,3733379438,Empididae_Empis_digramma_1919781_3733379438,http://creativecommons.org/licenses/by-nc-nd/4.0/
527096,3727251741,Empididae_Empis_tessellata_3275375_3727251741,http://creativecommons.org/licenses/by-nc-nd/4.0/
527920,1975619108,Empididae_Rhamphomyia_erythrophthalma_2190162_1975619108,http://creativecommons.org/licenses/by-nc-nd/4.0/
528248,2836914153,Empididae_Rhamphomyia_barbata_908716_2836914153,http://creativecommons.org/licenses/by-nc-nd/4.0/
528880,3995228722,Empididae_Empis_livida_665923_3995228722,http://creativecommons.org/licenses/by-nc-nd/4.0/
529342,1954752271,Empididae_Rhamphomyia_laevipes_1470561_1954752271,http://creativecommons.org/licenses/by-nc-nd/4.0/
529343,1954752271,Empididae_Rhamphomyia_laevipes_1470562_1954752271,http://creativecommons.org/licenses/by-nc-nd/4.0/
529484,2832257813,Empididae_Rhamphomyia_crassirostris_2278921_2832257813,http://creativecommons.org/publicdomain/zero/1.0/
529485,2832257813,Empididae_Rhamphomyia_crassirostris_2278922_2832257813,http://creativecommons.org/publicdomain/zero/1.0/
529949,1954456463,Empididae_Rhamphomyia_crassirostris_781546_1954456463,http://creativecommons.org/licenses/by-nc-nd/4.0/
529950,1954456463,Empididae_Rhamphomyia_crassirostris_781547_1954456463,http://creativecommons.org/licenses/by-nc-nd/4.0/
530174,2844604646,Empididae_Empis_tessellata_1611704_2844604646,http://creativecommons.org/licenses/by-nc-nd/4.0/
530195,3826150973,Empididae_Empis_tessellata_1257210_3826150973,http://creativecommons.org/licenses/by-nc-nd/4.0/
530571,1955738673,Empididae_Rhamphomyia_crassirostris_93774_1955738673,http://creativecommons.org/licenses/by-nc/4.0/
530572,1955738673,Empididae_Rhamphomyia_crassirostris_93775_1955738673,http://creativecommons.org/licenses/by-nc/4.0/
530573,1955738673,Empididae_Rhamphomyia_crassirostris_93776_1955738673,http://creativecommons.org/licenses/by-nc/4.0/
530872,3720580515,Empididae_Empis_femorata_491645_3720580515,http://creativecommons.org/licenses/by-nc-nd/4.0/
530873,3720580515,Empididae_Empis_femorata_491646_3720580515,http://creativecommons.org/licenses/by-nc-nd/4.0/
530874,3720580515,Empididae_Empis_femorata_491647_3720580515,http://creativecommons.org/licenses/by-nc-nd/4.0/
532586,3859526390,Empididae_Rhamphomyia_marginata_1959723_3859526390,http://creativecommons.org/licenses/by-nc/4.0/
536940,3314346460,Empididae_Empis_stercorea_2362872_3314346460,http://creativecommons.org/licenses/by-nc/4.0/
536955,3873709745,Empididae_Rhamphomyia_marginata_1281265_3873709745,http://creativecommons.org/licenses/by-nc-nd/4.0/
537460,3764351987,Empididae_Rhamphomyia_marginata_2616098_3764351987,http://creativecommons.org/licenses/by/4.0/
537462,3764351987,Empididae_Rhamphomyia_marginata_2616100_3764351987,http://creativecommons.org/licenses/by/4.0/
539083,3902174753,Empididae_Empis_borealis_2673335_3902174753,http://creativecommons.org/licenses/by-nc-sa/4.0/
541967,3408037427,Empididae_Empis_borealis_3089572_3408037427,http://creativecommons.org/licenses/by-nc/4.0/
541970,3408037427,Empididae_Empis_borealis_3089575_3408037427,http://creativecommons.org/licenses/by-nc/4.0/
546339,3456418577,Empididae_Rhamphomyia_marginata_1840930_3456418577,http://creativecommons.org/licenses/by-nc/4.0/
547645,3320945741,Empididae_Empis_stercorea_3054515_3320945741,http://creativecommons.org/licenses/by-nc/4.0/
548654,4009763308,Empididae_Empis_pennipes_3433800_4009763308,http://creativecommons.org/licenses/by-nc/4.0/
549538,3859621764,Empididae_Empis_stercorea_2649539_3859621764,http://creativecommons.org/licenses/by-nc/4.0/
549539,3859621764,Empididae_Empis_stercorea_2649540_3859621764,http://creativecommons.org/licenses/by-nc/4.0/
550689,3859604738,Empididae_Empis_tessellata_581882_3859604738,http://creativecommons.org/licenses/by-nc/4.0/
550773,2814328623,Empididae_Phyllodromia_melanocephala_895561_2814328623,http://creativecommons.org/licenses/by-nc/4.0/
552450,3456166800,Empididae_Empis_pulchripes_1150264_3456166800,http://creativecommons.org/licenses/by-nc/4.0/
562097,3860775482,Empididae_Empis_lutea_587195_3860775482,http://creativecommons.org/licenses/by-nc/4.0/
563707,3302416213,Empididae_Rhamphomyia_albohirta_980791_3302416213,http://creativecommons.org/licenses/by-nc/4.0/
563708,3302416213,Empididae_Rhamphomyia_albohirta_980792_3302416213,http://creativecommons.org/licenses/by-nc/4.0/
563709,3302416213,Empididae_Rhamphomyia_albohirta_980793_3302416213,http://creativecommons.org/licenses/by-nc/4.0/
563710,3302416213,Empididae_Rhamphomyia_albohirta_980794_3302416213,http://creativecommons.org/licenses/by-nc/4.0/
563711,3302416213,Empididae_Rhamphomyia_albohirta_980795_3302416213,http://creativecommons.org/licenses/by-nc/4.0/
563712,3302416213,Empididae_Rhamphomyia_albohirta_980796_3302416213,http://creativecommons.org/licenses/by-nc/4.0/
563713,3302416213,Empididae_Rhamphomyia_albohirta_980797_3302416213,http://creativecommons.org/licenses/by-nc/4.0/
563714,3302416213,Empididae_Rhamphomyia_albohirta_980798_3302416213,http://creativecommons.org/licenses/by-nc/4.0/
563715,3302416213,Empididae_Rhamphomyia_albohirta_980799_3302416213,http://creativecommons.org/licenses/by-nc/4.0/
563716,3302416213,Empididae_Rhamphomyia_albohirta_980800_3302416213,http://creativecommons.org/licenses/by-nc/4.0/
563717,3302416213,Empididae_Rhamphomyia_albohirta_980801_3302416213,http://creativecommons.org/licenses/by-nc/4.0/
563718,3302416213,Empididae_Rhamphomyia_albohirta_980802_3302416213,http://creativecommons.org/licenses/by-nc/4.0/
563719,3302416213,Empididae_Rhamphomyia_albohirta_980803_3302416213,http://creativecommons.org/licenses/by-nc/4.0/
563720,3302416213,Empididae_Rhamphomyia_albohirta_980804_3302416213,http://creativecommons.org/licenses/by-nc/4.0/
563721,3302416213,Empididae_Rhamphomyia_albohirta_980805_3302416213,http://creativecommons.org/licenses/by-nc/4.0/
563722,3302416213,Empididae_Rhamphomyia_albohirta_980806_3302416213,http://creativecommons.org/licenses/by-nc/4.0/
563723,3302416213,Empididae_Rhamphomyia_albohirta_980807_3302416213,http://creativecommons.org/licenses/by-nc/4.0/
571234,3892505513,Empididae_Empis_tessellata_3361592_3892505513,http://creativecommons.org/licenses/by-nc/4.0/
573234,2596257593,Empididae_Rhamphomyia_marginata_2943019_2596257593,http://creativecommons.org/licenses/by-nc/4.0/
573235,2596257593,Empididae_Rhamphomyia_marginata_2943020_2596257593,http://creativecommons.org/licenses/by-nc/4.0/
575946,4009820326,Empididae_Empis_pennipes_2743827_4009820326,http://creativecommons.org/licenses/by-nc/4.0/
579359,3925070508,Empididae_Empis_stercorea_647406_3925070508,http://creativecommons.org/licenses/by-nc/4.0/
579512,3994049228,Empididae_Rhamphomyia_marginata_3420745_3994049228,http://creativecommons.org/licenses/by-nc/4.0/
585525,3014049365,Empididae_Rhamphomyia_flava_262625_3014049365,http://creativecommons.org/licenses/by-nc/4.0/
585526,3014049365,Empididae_Rhamphomyia_flava_262626_3014049365,http://creativecommons.org/licenses/by-nc/4.0/
592998,4009917428,Empididae_Empis_pennipes_2744378_4009917428,http://creativecommons.org/licenses/by-nc/4.0/
594487,3302170998,Empididae_Hilara_maura_2358372_3302170998,http://creativecommons.org/licenses/by-nc/4.0/
594488,3302170998,Empididae_Hilara_maura_2358373_3302170998,http://creativecommons.org/licenses/by-nc/4.0/
594489,3302170998,Empididae_Hilara_maura_2358374_3302170998,http://creativecommons.org/licenses/by-nc/4.0/
594490,3302170998,Empididae_Hilara_maura_2358375_3302170998,http://creativecommons.org/licenses/by-nc/4.0/
594491,3302170998,Empididae_Hilara_maura_2358376_3302170998,http://creativecommons.org/licenses/by-nc/4.0/
594492,3302170998,Empididae_Hilara_maura_2358377_3302170998,http://creativecommons.org/licenses/by-nc/4.0/
594493,3302170998,Empididae_Hilara_maura_2358378_3302170998,http://creativecommons.org/licenses/by-nc/4.0/
594494,3302170998,Empididae_Hilara_maura_2358379_3302170998,http://creativecommons.org/licenses/by-nc/4.0/
594495,3302170998,Empididae_Hilara_maura_2358380_3302170998,http://creativecommons.org/licenses/by-nc/4.0/
594496,3302170998,Empididae_Hilara_maura_2358381_3302170998,http://creativecommons.org/licenses/by-nc/4.0/
594497,3302170998,Empididae_Hilara_maura_2358382_3302170998,http://creativecommons.org/licenses/by-nc/4.0/
594498,3302170998,Empididae_Hilara_maura_2358383_3302170998,http://creativecommons.org/licenses/by-nc/4.0/
594499,3302170998,Empididae_Hilara_maura_2358384_3302170998,http://creativecommons.org/licenses/by-nc/4.0/
594500,3302170998,Empididae_Hilara_maura_2358385_3302170998,http://creativecommons.org/licenses/by-nc/4.0/
594501,3302170998,Empididae_Hilara_maura_2358386_3302170998,http://creativecommons.org/licenses/by-nc/4.0/
594502,3302170998,Empididae_Hilara_maura_2358387_3302170998,http://creativecommons.org/licenses/by-nc/4.0/
594503,3302170998,Empididae_Hilara_maura_2358388_3302170998,http://creativecommons.org/licenses/by-nc/4.0/
594699,3124814371,Empididae_Empis_concolor_3047022_3124814371,http://creativecommons.org/licenses/by-nc-nd/4.0/
594700,3124814371,Empididae_Empis_concolor_3047023_3124814371,http://creativecommons.org/licenses/by-nc-nd/4.0/
599061,3044719246,Empididae_Empis_tessellata_2338054_3044719246,http://creativecommons.org/publicdomain/zero/1.0/
601721,2802809044,Empididae_Empis_stercorea_891513_2802809044,http://creativecommons.org/licenses/by-nc/4.0/
601755,3902362316,Empididae_Empis_borealis_1985207_3902362316,http://creativecommons.org/licenses/by-nc/4.0/
602641,3302558312,Empididae_Rhamphomyia_tarsata_2359741_3302558312,http://creativecommons.org/licenses/by-nc/4.0/
602642,3302558312,Empididae_Rhamphomyia_tarsata_2359742_3302558312,http://creativecommons.org/licenses/by-nc/4.0/
602643,3302558312,Empididae_Rhamphomyia_tarsata_2359743_3302558312,http://creativecommons.org/licenses/by-nc/4.0/
602644,3302558312,Empididae_Rhamphomyia_tarsata_2359744_3302558312,http://creativecommons.org/licenses/by-nc/4.0/
602645,3302558312,Empididae_Rhamphomyia_tarsata_2359745_3302558312,http://creativecommons.org/licenses/by-nc/4.0/
602646,3302558312,Empididae_Rhamphomyia_tarsata_2359746_3302558312,http://creativecommons.org/licenses/by-nc/4.0/
602647,3302558312,Empididae_Rhamphomyia_tarsata_2359747_3302558312,http://creativecommons.org/licenses/by-nc/4.0/
602648,3302558312,Empididae_Rhamphomyia_tarsata_2359748_3302558312,http://creativecommons.org/licenses/by-nc/4.0/
602649,3302558312,Empididae_Rhamphomyia_tarsata_2359749_3302558312,http://creativecommons.org/licenses/by-nc/4.0/
602650,3302558312,Empididae_Rhamphomyia_tarsata_2359750_3302558312,http://creativecommons.org/licenses/by-nc/4.0/
602651,3302558312,Empididae_Rhamphomyia_tarsata_2359751_3302558312,http://creativecommons.org/licenses/by-nc/4.0/
602652,3302558312,Empididae_Rhamphomyia_tarsata_2359752_3302558312,http://creativecommons.org/licenses/by-nc/4.0/
602653,3302558312,Empididae_Rhamphomyia_tarsata_2359753_3302558312,http://creativecommons.org/licenses/by-nc/4.0/
607267,3802311814,Empididae_Rhamphomyia_marginata_3314469_3802311814,http://creativecommons.org/licenses/by/4.0/
609269,3773485264,Empididae_Hilara_maura_2619815_3773485264,http://creativecommons.org/licenses/by-nc/4.0/
609270,3773485264,Empididae_Hilara_maura_2619816_3773485264,http://creativecommons.org/licenses/by-nc/4.0/
610517,3455868807,Empididae_Empis_stercorea_1148900_3455868807,http://creativecommons.org/licenses/by-nc/4.0/
610519,3455868807,Empididae_Empis_stercorea_1148902_3455868807,http://creativecommons.org/licenses/by-nc/4.0/
612491,2611308142,Empididae_Hilara_maura_2255979_2611308142,http://creativecommons.org/licenses/by/4.0/
612492,2611308142,Empididae_Hilara_maura_2255980_2611308142,http://creativecommons.org/licenses/by/4.0/
612493,2611308142,Empididae_Hilara_maura_2255981_2611308142,http://creativecommons.org/licenses/by/4.0/
617527,3302445582,Empididae_Rhamphomyia_tarsata_1669321_3302445582,http://creativecommons.org/licenses/by/4.0/
617528,3302445582,Empididae_Rhamphomyia_tarsata_1669322_3302445582,http://creativecommons.org/licenses/by/4.0/
617529,3302445582,Empididae_Rhamphomyia_tarsata_1669323_3302445582,http://creativecommons.org/licenses/by/4.0/
617530,3302445582,Empididae_Rhamphomyia_tarsata_1669324_3302445582,http://creativecommons.org/licenses/by/4.0/
624163,3988529340,Empididae_Rhamphomyia_crassirostris_2729323_3988529340,http://creativecommons.org/licenses/by-nc/4.0/
624164,3988529340,Empididae_Rhamphomyia_crassirostris_2729324_3988529340,http://creativecommons.org/licenses/by-nc/4.0/
624165,3988529340,Empididae_Rhamphomyia_crassirostris_2729325_3988529340,http://creativecommons.org/licenses/by-nc/4.0/
624166,3988529340,Empididae_Rhamphomyia_crassirostris_2729326_3988529340,http://creativecommons.org/licenses/by-nc/4.0/
624167,3988529340,Empididae_Rhamphomyia_crassirostris_2729327_3988529340,http://creativecommons.org/licenses/by-nc/4.0/
624168,3988529340,Empididae_Rhamphomyia_crassirostris_2729328_3988529340,http://creativecommons.org/licenses/by-nc/4.0/
627349,3784681626,Empididae_Rhamphomyia_marginata_1244145_3784681626,http://creativecommons.org/licenses/by-nc-sa/4.0/
627350,3784681626,Empididae_Rhamphomyia_marginata_1244146_3784681626,http://creativecommons.org/licenses/by-nc-sa/4.0/
628172,3355757794,Empididae_Rhamphomyia_marginata_2386057_3355757794,http://creativecommons.org/licenses/by-nc/4.0/
630445,2634300833,Empididae_Empis_tessellata_887886_2634300833,http://creativecommons.org/licenses/by-nc/4.0/
631067,3859562687,Empididae_Empis_tessellata_1270833_3859562687,http://creativecommons.org/licenses/by-nc/4.0/
633694,2979516513,Empididae_Rhamphomyia_hilariformis_1632486_2979516513,http://creativecommons.org/licenses/by-nc-sa/4.0/
633802,1883068550,Empididae_Hilara_nigritarsis_80058_1883068550,© All rights reserved
633803,1883068550,Empididae_Hilara_nigritarsis_80059_1883068550,© All rights reserved
636312,3408126521,Empididae_Rhamphomyia_marginata_2399686_3408126521,http://creativecommons.org/licenses/by-nc/4.0/
636313,3408126521,Empididae_Rhamphomyia_marginata_2399687_3408126521,http://creativecommons.org/licenses/by-nc/4.0/
636314,3408126521,Empididae_Rhamphomyia_marginata_2399688_3408126521,http://creativecommons.org/licenses/by-nc/4.0/
638120,3462888362,Empididae_Empis_hyalipennis_3223871_3462888362,© All rights reserved
638121,3462888362,Empididae_Empis_hyalipennis_3223872_3462888362,© All rights reserved
638122,3462888362,Empididae_Empis_hyalipennis_3223873_3462888362,© All rights reserved
638200,3313578491,Empididae_Empis_pennipes_983357_3313578491,© All rights reserved
638544,1670997231,Empididae_Rhamphomyia_sulcata_53530_1670997231,© all rights reserved
638545,1670997231,Empididae_Rhamphomyia_sulcata_53531_1670997231,© all rights reserved
638703,1958153957,Empididae_Empis_pennipes_788029_1958153957,http://creativecommons.org/licenses/by-nc-nd/4.0/
639230,1954457441,Empididae_Empis_nuntia_2159389_1954457441,http://creativecommons.org/licenses/by-nc-nd/4.0/
639231,1954457441,Empididae_Empis_nuntia_2159390_1954457441,http://creativecommons.org/licenses/by-nc-nd/4.0/
639770,2834128519,Empididae_Empis_livida_213827_2834128519,http://creativecommons.org/licenses/by-nc-nd/4.0/
639771,3720071674,Empididae_Empis_nigricans_1178991_3720071674,http://creativecommons.org/licenses/by-nc-nd/4.0/
639772,3720071674,Empididae_Empis_nigricans_1178992_3720071674,http://creativecommons.org/licenses/by-nc-nd/4.0/
640524,1960825742,Empididae_Empis_chioptera_100890_1960825742,http://creativecommons.org/licenses/by-nc-nd/4.0/
640525,1960825742,Empididae_Empis_chioptera_100891_1960825742,http://creativecommons.org/licenses/by-nc-nd/4.0/
640526,1960825742,Empididae_Empis_chioptera_100892_1960825742,http://creativecommons.org/licenses/by-nc-nd/4.0/
640527,1960825742,Empididae_Empis_chioptera_100893_1960825742,http://creativecommons.org/licenses/by-nc-nd/4.0/
640769,3716443460,Empididae_Empis_trigramma_477301_3716443460,http://creativecommons.org/licenses/by-nc-nd/4.0/
641032,1966918448,Empididae_Empis_ciliata_2178386_1966918448,http://creativecommons.org/licenses/by-nc-nd/4.0/
641227,3729037577,Empididae_Empis_nigricans_522381_3729037577,http://creativecommons.org/licenses/by-nc-nd/4.0/
641301,3725810147,Empididae_Empis_livida_1199799_3725810147,http://creativecommons.org/licenses/by-nc-nd/4.0/
642090,2841816673,Empididae_Rhamphomyia_barbata_1605495_2841816673,http://creativecommons.org/licenses/by-nc/4.0/
642304,3726421210,Empididae_Empis_lutea_1202531_3726421210,http://creativecommons.org/licenses/by/4.0/
642820,3320435429,Empididae_Empis_lucida_985329_3320435429,© All rights reserved
642821,3320435429,Empididae_Empis_lucida_985330_3320435429,© All rights reserved
642822,3320435429,Empididae_Empis_lucida_985331_3320435429,© All rights reserved
642850,3866372449,Empididae_Hilara_clavipes_2655275_3866372449,© All rights reserved
642871,4003038399,Empididae_Hilara_intermedia_2051435_4003038399,© All rights reserved
643075,2549615916,Empididae_Rhamphomyia_variabilis_2236065_2549615916,© All rights reserved
643076,2549615916,Empididae_Rhamphomyia_variabilis_2236066_2549615916,© All rights reserved
643128,3864242497,Empididae_Phyllodromia_melanocephala_2655161_3864242497,© All rights reserved
643129,3864242497,Empididae_Phyllodromia_melanocephala_2655162_3864242497,© All rights reserved
643130,3864242497,Empididae_Phyllodromia_melanocephala_2655163_3864242497,© All rights reserved
643244,1822269049,Empididae_Empis_borealis_56058_1822269049,© All rights reserved
643459,2402213888,Empididae_Hilara_clavipes_2911035_2402213888,© All rights reserved
643619,2001475627,Empididae_Iteaphila_nitidula_1511741_2001475627,http://creativecommons.org/licenses/by-nc-sa/4.0/
644040,2408008090,Empididae_Empis_borealis_2221764_2408008090,© All rights reserved
644116,3962685527,Empididae_Empis_lucida_3412728_3962685527,© All rights reserved
644117,3962685527,Empididae_Empis_lucida_3412729_3962685527,© All rights reserved
644118,3962685527,Empididae_Empis_lucida_3412730_3962685527,© All rights reserved
644119,3962685527,Empididae_Empis_lucida_3412731_3962685527,© All rights reserved
644643,4007989394,Empididae_Empis_chioptera_675442_4007989394,© All rights reserved
646448,3743219374,Empididae_Empis_pennipes_1230957_3743219374,http://creativecommons.org/licenses/by-nc/4.0/
647287,2251355509,Empididae_Dolichocephala_irrorata_2209855_2251355509,http://creativecommons.org/licenses/by/4.0/
647431,3310102472,Empididae_Rhamphomyia_crassirostris_2361860_3310102472,© All rights reserved
647432,3310102472,Empididae_Rhamphomyia_crassirostris_2361861_3310102472,© All rights reserved
647513,4008045363,Empididae_Hilara_pilosa_675462_4008045363,© All rights reserved
647517,3990886407,Empididae_Rhamphomyia_umbripennis_1351023_3990886407,© All rights reserved
647688,2815337286,Empididae_Empis_borealis_1585264_2815337286,© All rights reserved
647689,2815337286,Empididae_Empis_borealis_1585265_2815337286,© All rights reserved
647878,3451609491,Empididae_Rhamphomyia_marginata_455266_3451609491,© All rights reserved
648193,3303181816,Empididae_Rhamphomyia_pilifer_1669788_3303181816,© All rights reserved
648194,3303181816,Empididae_Rhamphomyia_pilifer_1669789_3303181816,© All rights reserved
648195,3303181816,Empididae_Rhamphomyia_pilifer_1669790_3303181816,© All rights reserved
648290,2410994005,Empididae_Empis_stercorea_844567_2410994005,http://creativecommons.org/licenses/by-nc-sa/4.0/
648302,3862209313,Empididae_Hilara_nigritarsis_3346176_3862209313,© All rights reserved
648338,2627514765,Empididae_Empis_borealis_1570460_2627514765,© All rights reserved
648340,2627514765,Empididae_Empis_borealis_1570462_2627514765,© All rights reserved
648384,3353270348,Empididae_Rhamphomyia_spinipes_3072580_3353270348,© All rights reserved
648385,3353270348,Empididae_Rhamphomyia_spinipes_3072581_3353270348,© All rights reserved
648386,3353270348,Empididae_Rhamphomyia_spinipes_3072582_3353270348,© All rights reserved
648387,3353270348,Empididae_Rhamphomyia_spinipes_3072583_3353270348,© All rights reserved
648388,3353270348,Empididae_Rhamphomyia_spinipes_3072584_3353270348,© All rights reserved
648515,3844652472,Empididae_Phyllodromia_melanocephala_1949858_3844652472,© All rights reserved
650315,3730992971,Empididae_Empis_trigramma_530826_3730992971,http://creativecommons.org/licenses/by-nc-nd/4.0/
650686,3822680975,Empididae_Empis_opaca_559955_3822680975,http://creativecommons.org/licenses/by-nc-nd/4.0/
650726,2841461875,Empididae_Empis_digramma_1604480_2841461875,http://creativecommons.org/licenses/by-nc-nd/4.0/
651452,3823166597,Empididae_Empis_trigramma_560975_3823166597,http://creativecommons.org/licenses/by-nc-nd/4.0/
651534,3730658441,Empididae_Empis_tessellata_1217849_3730658441,http://creativecommons.org/licenses/by-nc-nd/4.0/
652171,1977179436,Empididae_Empis_ciliata_1504093_1977179436,http://creativecommons.org/licenses/by-nc-nd/4.0/
652589,1955315822,Empididae_Empis_albinervis_1471788_1955315822,http://creativecommons.org/licenses/by-nc-nd/4.0/
653370,2833274520,Empididae_Rhamphomyia_barbata_2279682_2833274520,http://creativecommons.org/licenses/by-nc-nd/4.0/
653932,3303401646,Empididae_Empis_borealis_2359984_3303401646,© All rights reserved
654058,1822567235,Empididae_Empis_stercorea_2124975_1822567235,http://creativecommons.org/licenses/by-nc-sa/4.0/
657086,3458597456,Empididae_Hilara_anglodanica_464661_3458597456,http://creativecommons.org/licenses/by/4.0/
657087,3458597456,Empididae_Hilara_anglodanica_464662_3458597456,http://creativecommons.org/licenses/by/4.0/
657088,3458597456,Empididae_Hilara_anglodanica_464663_3458597456,http://creativecommons.org/licenses/by/4.0/
657102,3458601575,Empididae_Chelifera_concinnicauda_2533216_3458601575,http://creativecommons.org/licenses/by/4.0/
657103,3458601575,Empididae_Chelifera_concinnicauda_2533217_3458601575,http://creativecommons.org/licenses/by/4.0/
657104,3458601575,Empididae_Chelifera_concinnicauda_2533218_3458601575,http://creativecommons.org/licenses/by/4.0/
657171,3458611116,Empididae_Hilara_bistriata_464735_3458611116,http://creativecommons.org/licenses/by/4.0/
657172,3458611116,Empididae_Hilara_bistriata_464736_3458611116,http://creativecommons.org/licenses/by/4.0/
657173,3458611116,Empididae_Hilara_bistriata_464737_3458611116,http://creativecommons.org/licenses/by/4.0/
657254,3458627217,Empididae_Empis_lyneborgi_3223435_3458627217,http://creativecommons.org/licenses/by/4.0/
657255,3458627217,Empididae_Empis_lyneborgi_3223436_3458627217,http://creativecommons.org/licenses/by/4.0/
657256,3458627217,Empididae_Empis_lyneborgi_3223437_3458627217,http://creativecommons.org/licenses/by/4.0/
657273,3458632691,Empididae_Hilara_strakai_1154744_3458632691,http://creativecommons.org/licenses/by/4.0/
657274,3458632691,Empididae_Hilara_strakai_1154745_3458632691,http://creativecommons.org/licenses/by/4.0/
657275,3458632691,Empididae_Hilara_strakai_1154746_3458632691,http://creativecommons.org/licenses/by/4.0/
657299,3458637180,Empididae_Hilara_coracula_3223475_3458637180,http://creativecommons.org/licenses/by/4.0/
657300,3458637180,Empididae_Hilara_coracula_3223476_3458637180,http://creativecommons.org/licenses/by/4.0/
657301,3458637180,Empididae_Hilara_coracula_3223477_3458637180,http://creativecommons.org/licenses/by/4.0/
657308,3458638347,Empididae_Hilara_manicata_464913_3458638347,http://creativecommons.org/licenses/by/4.0/
657309,3458638347,Empididae_Hilara_manicata_464914_3458638347,http://creativecommons.org/licenses/by/4.0/
657310,3458638347,Empididae_Hilara_manicata_464915_3458638347,http://creativecommons.org/licenses/by/4.0/
657324,3458644159,Empididae_Empis_mirandica_2533426_3458644159,http://creativecommons.org/licenses/by/4.0/
657325,3458644159,Empididae_Empis_mirandica_2533427_3458644159,http://creativecommons.org/licenses/by/4.0/
657326,3458644159,Empididae_Empis_mirandica_2533428_3458644159,http://creativecommons.org/licenses/by/4.0/
657457,3458665012,Empididae_Empis_decorella_3223680_3458665012,http://creativecommons.org/licenses/by/4.0/
657458,3458665012,Empididae_Empis_decorella_3223681_3458665012,http://creativecommons.org/licenses/by/4.0/
657459,3458665012,Empididae_Empis_decorella_3223682_3458665012,http://creativecommons.org/licenses/by/4.0/
657490,3458672566,Empididae_Hilara_martini_1155000_3458672566,http://creativecommons.org/licenses/by/4.0/
657491,3458672566,Empididae_Hilara_martini_1155001_3458672566,http://creativecommons.org/licenses/by/4.0/
657492,3458672566,Empididae_Hilara_martini_1155002_3458672566,http://creativecommons.org/licenses/by/4.0/
657509,3458678308,Empididae_Rhamphomyia_filicauda_1155034_3458678308,http://creativecommons.org/licenses/by/4.0/
657510,3458678308,Empididae_Rhamphomyia_filicauda_1155035_3458678308,http://creativecommons.org/licenses/by/4.0/
657511,3458678308,Empididae_Rhamphomyia_filicauda_1155036_3458678308,http://creativecommons.org/licenses/by/4.0/
657570,3458687939,Empididae_Empis_staegeri_1155082_3458687939,http://creativecommons.org/licenses/by/4.0/
657571,3458687939,Empididae_Empis_staegeri_1155083_3458687939,http://creativecommons.org/licenses/by/4.0/
657572,3458687939,Empididae_Empis_staegeri_1155084_3458687939,http://creativecommons.org/licenses/by/4.0/
657655,3118387977,Empididae_Empis_ciliata_1665579_3118387977,http://creativecommons.org/licenses/by-nc/4.0/
659519,2834131632,Empididae_Empis_livida_213841_2834131632,http://creativecommons.org/licenses/by-nc-nd/4.0/
659817,3826245901,Empididae_Empis_tessellata_1946544_3826245901,http://creativecommons.org/licenses/by-nc-nd/4.0/
659942,1970385127,Empididae_Empis_opaca_114865_1970385127,http://creativecommons.org/licenses/by-nc-nd/4.0/
661925,3822484104,Empididae_Empis_nigricans_1248047_3822484104,http://creativecommons.org/licenses/by-nc-nd/4.0/
662407,3720368700,Empididae_Empis_opaca_490739_3720368700,http://creativecommons.org/licenses/by-nc-nd/4.0/
663272,3720314561,Empididae_Empis_trigramma_1179613_3720314561,http://creativecommons.org/licenses/by-nc-nd/4.0/
664898,4022204587,Empididae_Empis_femorata_2060828_4022204587,http://creativecommons.org/licenses/by-nc/4.0/
664899,4022204587,Empididae_Empis_femorata_2060829_4022204587,http://creativecommons.org/licenses/by-nc/4.0/
666242,2841936216,Empididae_Empis_stercorea_2294857_2841936216,http://creativecommons.org/licenses/by-nc-nd/4.0/
666303,3720805808,Empididae_Empis_trigramma_492686_3720805808,http://creativecommons.org/licenses/by-nc-nd/4.0/
668440,1954453134,Empididae_Empis_nigripes_2159372_1954453134,http://creativecommons.org/licenses/by-nc-nd/4.0/
668441,1954453134,Empididae_Empis_nigripes_2159373_1954453134,http://creativecommons.org/licenses/by-nc-nd/4.0/
668832,3728652727,Empididae_Empis_opaca_3279641_3728652727,http://creativecommons.org/licenses/by-nc-nd/4.0/
668867,1960800747,Empididae_Rhamphomyia_barbata_2169400_1960800747,http://creativecommons.org/licenses/by-nc-nd/4.0/
669050,1955619139,Empididae_Empis_digramma_93458_1955619139,http://creativecommons.org/licenses/by-nc-nd/4.0/
669557,3719989598,Empididae_Empis_digramma_3248064_3719989598,http://creativecommons.org/licenses/by-nc-nd/4.0/
669718,3822438256,Empididae_Empis_livida_2626456_3822438256,http://creativecommons.org/licenses/by-nc-nd/4.0/
670236,3824108281,Empididae_Empis_trigramma_1941145_3824108281,http://creativecommons.org/licenses/by-nc-nd/4.0/
671109,3825423164,Empididae_Phyllodromia_melanocephala_566194_3825423164,http://creativecommons.org/licenses/by-nc-nd/4.0/
672097,3720235333,Empididae_Empis_tessellata_490320_3720235333,http://creativecommons.org/licenses/by-sa/4.0/
672801,3716823418,Empididae_Empis_livida_479178_3716823418,http://creativecommons.org/licenses/by-nc/4.0/
673148,1955741253,Empididae_Rhamphomyia_barbata_2162137_1955741253,http://creativecommons.org/licenses/by-nc-nd/4.0/
673150,3716393795,Empididae_Empis_tessellata_477073_3716393795,http://creativecommons.org/licenses/by-nc-nd/4.0/
673491,1960281125,Empididae_Rhamphomyia_cinerascens_791298_1960281125,http://creativecommons.org/licenses/by-nc-nd/4.0/
673492,1960281125,Empididae_Rhamphomyia_cinerascens_791299_1960281125,http://creativecommons.org/licenses/by-nc-nd/4.0/
674487,1123342623,Empididae_Rhamphomyia_nigripennis_2765556_1123342623,© all rights reserved
674885,1960019732,Empididae_Empis_ciliata_2858730_1960019732,http://creativecommons.org/licenses/by-nc-nd/4.0/
675537,3715945730,Empididae_Empis_opaca_1165615_3715945730,http://creativecommons.org/licenses/by-nc/4.0/
675930,2843518222,Empididae_Empis_digramma_230756_2843518222,http://creativecommons.org/licenses/by-nc-nd/4.0/
676612,3731682001,Empididae_Empis_livida_1223635_3731682001,http://creativecommons.org/licenses/by-nc-nd/4.0/
676657,3720314012,Empididae_Empis_opaca_1869113_3720314012,http://creativecommons.org/licenses/by-nc-nd/4.0/
676856,1995164265,Empididae_Rhamphomyia_spinipes_823038_1995164265,© all rights reserved
676857,1995164265,Empididae_Rhamphomyia_spinipes_823039_1995164265,© all rights reserved
676858,1995164265,Empididae_Rhamphomyia_spinipes_823040_1995164265,© all rights reserved
676959,1460256154,Empididae_Empis_trigramma_48640_1460256154,© all rights reserved
676963,1458875594,Empididae_Empis_borealis_1426431_1458875594,© all rights reserved
677824,1460071963,Empididae_Rhamphomyia_hybotina_2117615_1460071963,© all rights reserved
677979,1431392968,Empididae_Rhamphomyia_umbripennis_735171_1431392968,© all rights reserved
677980,1431392968,Empididae_Rhamphomyia_umbripennis_735172_1431392968,© all rights reserved
677991,2808583899,Empididae_Rhamphomyia_marginata_202921_2808583899,© all rights reserved
678133,931765579,Empididae_Rhamphomyia_nigripennis_2757024_931765579,© all rights reserved
678221,3432760379,Empididae_Rhamphomyia_marginata_1716409_3432760379,© all rights reserved
678223,3432760379,Empididae_Rhamphomyia_marginata_1716411_3432760379,© all rights reserved
678390,1460040565,Empididae_Rhamphomyia_spinipes_1428256_1460040565,© all rights reserved
678468,1459368442,Empididae_Rhamphomyia_spinipes_2805840_1459368442,© all rights reserved
680291,3124799433,Empididae_Empis_scutellata_288156_3124799433,http://creativecommons.org/licenses/by-nc/4.0/
681516,3773410331,Empididae_Empis_opaca_1241028_3773410331,http://creativecommons.org/licenses/by-nc/4.0/
681522,3773410331,Empididae_Empis_opaca_1241034_3773410331,http://creativecommons.org/licenses/by-nc/4.0/
681845,1823071415,Empididae_Rhamphomyia_spinipes_2814721_1823071415,© All rights reserved
682565,3716380564,Empididae_Empis_nigricans_477021_3716380564,http://creativecommons.org/licenses/by-nc-nd/4.0/
682566,3716380564,Empididae_Empis_nigricans_477022_3716380564,http://creativecommons.org/licenses/by-nc-nd/4.0/
683177,3720302654,Empididae_Empis_trigramma_1179561_3720302654,http://creativecommons.org/licenses/by-nc-nd/4.0/
684044,1958102844,Empididae_Empis_opaca_97318_1958102844,http://creativecommons.org/licenses/by-nc-nd/4.0/
684102,1974297085,Empididae_Empis_digramma_2189252_1974297085,http://creativecommons.org/licenses/by-nc-nd/4.0/
684187,3725476624,Empididae_Empis_trigramma_3267718_3725476624,http://creativecommons.org/licenses/by-nc-nd/4.0/
684216,3822451117,Empididae_Phyllodromia_melanocephala_3316954_3822451117,http://creativecommons.org/licenses/by-nc-nd/4.0/
684313,1962303415,Empididae_Empis_stercorea_1482030_1962303415,http://creativecommons.org/licenses/by-nc-nd/4.0/
684328,1958306891,Empididae_Rhamphomyia_cinerascens_2166144_1958306891,http://creativecommons.org/publicdomain/zero/1.0/
684948,3826803919,Empididae_Empis_ciliata_1258505_3826803919,http://creativecommons.org/licenses/by-nc-nd/4.0/
686597,1961645415,Empididae_Empis_digramma_102403_1961645415,http://creativecommons.org/licenses/by-nc-nd/4.0/
692973,1955512755,Empididae_Hilara_thoracica_783724_1955512755,http://creativecommons.org/licenses/by-nc-nd/4.0/
693077,3824449806,Empididae_Empis_opaca_2631642_3824449806,http://creativecommons.org/licenses/by-nc-nd/4.0/
693197,3729404463,Empididae_Empis_nigricans_1901695_3729404463,http://creativecommons.org/licenses/by-nc-nd/4.0/
693198,3729404463,Empididae_Empis_nigricans_1901696_3729404463,http://creativecommons.org/licenses/by-nc-nd/4.0/
694224,1977213752,Empididae_Empis_ciliata_1504200_1977213752,http://creativecommons.org/licenses/by-nc-nd/4.0/
695897,3466323653,Empididae_Rhamphomyia_spinipes_3225589_3466323653,http://creativecommons.org/licenses/by-nc/4.0/
695898,3466323653,Empididae_Rhamphomyia_spinipes_3225590_3466323653,http://creativecommons.org/licenses/by-nc/4.0/
696229,3302318422,Empididae_Empis_nigripes_3049136_3302318422,http://creativecommons.org/licenses/by-nc/4.0/
696230,3302318422,Empididae_Empis_nigripes_3049137_3302318422,http://creativecommons.org/licenses/by-nc/4.0/
696231,3302318422,Empididae_Empis_nigripes_3049138_3302318422,http://creativecommons.org/licenses/by-nc/4.0/
696232,3302318422,Empididae_Empis_nigripes_3049139_3302318422,http://creativecommons.org/licenses/by-nc/4.0/
696233,3302318422,Empididae_Empis_nigripes_3049140_3302318422,http://creativecommons.org/licenses/by-nc/4.0/
696234,3302318422,Empididae_Empis_nigripes_3049141_3302318422,http://creativecommons.org/licenses/by-nc/4.0/
696235,3302318422,Empididae_Empis_nigripes_3049142_3302318422,http://creativecommons.org/licenses/by-nc/4.0/
696236,3302318422,Empididae_Empis_nigripes_3049143_3302318422,http://creativecommons.org/licenses/by-nc/4.0/
696237,3302318422,Empididae_Empis_nigripes_3049144_3302318422,http://creativecommons.org/licenses/by-nc/4.0/
696238,3302318422,Empididae_Empis_nigripes_3049145_3302318422,http://creativecommons.org/licenses/by-nc/4.0/
696239,3302318422,Empididae_Empis_nigripes_3049146_3302318422,http://creativecommons.org/licenses/by-nc/4.0/
696240,3302318422,Empididae_Empis_nigripes_3049147_3302318422,http://creativecommons.org/licenses/by-nc/4.0/
696241,3302318422,Empididae_Empis_nigripes_3049148_3302318422,http://creativecommons.org/licenses/by-nc/4.0/
696242,3302318422,Empididae_Empis_nigripes_3049149_3302318422,http://creativecommons.org/licenses/by-nc/4.0/
696243,3302318422,Empididae_Empis_nigripes_3049150_3302318422,http://creativecommons.org/licenses/by-nc/4.0/
696244,3302318422,Empididae_Empis_nigripes_3049151_3302318422,http://creativecommons.org/licenses/by-nc/4.0/
696245,3302318422,Empididae_Empis_nigripes_3049152_3302318422,http://creativecommons.org/licenses/by-nc/4.0/
696246,3302318422,Empididae_Empis_nigripes_3049153_3302318422,http://creativecommons.org/licenses/by-nc/4.0/
698529,3866414419,Empididae_Phyllodromia_melanocephala_1965961_3866414419,© All rights reserved
698530,3866414419,Empididae_Phyllodromia_melanocephala_1965962_3866414419,© All rights reserved
698598,3303172457,Empididae_Empis_borealis_2359829_3303172457,© All rights reserved
698621,1949294919,Empididae_Empis_borealis_2845024_1949294919,© All rights reserved
698639,3912753334,Empididae_Empis_syrovatkai_2706083_3912753334,© All rights reserved
699136,1974194423,Empididae_Rhamphomyia_marginata_120763_1974194423,http://creativecommons.org/licenses/by-nc/4.0/
699310,2841111090,Empididae_Empis_ciliata_2292911_2841111090,http://creativecommons.org/licenses/by-nc-nd/4.0/
699690,3823059190,Empididae_Empis_opaca_560701_3823059190,http://creativecommons.org/licenses/by-nc-nd/4.0/
700832,1958257452,Empididae_Empis_opaca_788168_1958257452,http://creativecommons.org/licenses/by-nc-sa/4.0/
701618,3995565605,Empididae_Empis_digramma_3424503_3995565605,http://creativecommons.org/licenses/by-nc-nd/4.0/
701750,1966031246,Empididae_Empis_livida_107822_1966031246,http://creativecommons.org/licenses/by-nc-nd/4.0/
702198,3725866549,Empididae_Empis_testacea_2578683_3725866549,http://creativecommons.org/publicdomain/zero/1.0/
702866,1953525493,Empididae_Empis_borealis_90365_1953525493,http://creativecommons.org/licenses/by-nc-nd/4.0/
702867,1953525493,Empididae_Empis_borealis_90366_1953525493,http://creativecommons.org/licenses/by-nc-nd/4.0/
702909,1970709495,Empididae_Empis_ciliata_2183853_1970709495,http://creativecommons.org/licenses/by-nc-nd/4.0/
703691,3302565185,Empididae_Rhamphomyia_crassirostris_3049950_3302565185,http://creativecommons.org/licenses/by-nc/4.0/
703692,3302565185,Empididae_Rhamphomyia_crassirostris_3049951_3302565185,http://creativecommons.org/licenses/by-nc/4.0/
703693,3302565185,Empididae_Rhamphomyia_crassirostris_3049952_3302565185,http://creativecommons.org/licenses/by-nc/4.0/
703694,3302565185,Empididae_Rhamphomyia_crassirostris_3049953_3302565185,http://creativecommons.org/licenses/by-nc/4.0/
703695,3302565185,Empididae_Rhamphomyia_crassirostris_3049954_3302565185,http://creativecommons.org/licenses/by-nc/4.0/
703696,3302565185,Empididae_Rhamphomyia_crassirostris_3049955_3302565185,http://creativecommons.org/licenses/by-nc/4.0/
703697,3302565185,Empididae_Rhamphomyia_crassirostris_3049956_3302565185,http://creativecommons.org/licenses/by-nc/4.0/
703698,3302565185,Empididae_Rhamphomyia_crassirostris_3049957_3302565185,http://creativecommons.org/licenses/by-nc/4.0/
703699,3302565185,Empididae_Rhamphomyia_crassirostris_3049958_3302565185,http://creativecommons.org/licenses/by-nc/4.0/
703700,3302565185,Empididae_Rhamphomyia_crassirostris_3049959_3302565185,http://creativecommons.org/licenses/by-nc/4.0/
703701,3302565185,Empididae_Rhamphomyia_crassirostris_3049960_3302565185,http://creativecommons.org/licenses/by-nc/4.0/
706845,1955512760,Empididae_Hilara_lurida_1472415_1955512760,http://creativecommons.org/licenses/by-nc-nd/4.0/
706846,1955512760,Empididae_Hilara_lurida_1472416_1955512760,http://creativecommons.org/licenses/by-nc-nd/4.0/
706967,3716381934,Empididae_Empis_tessellata_1856393_3716381934,http://creativecommons.org/licenses/by-nc/4.0/
707345,3725720057,Empididae_Empis_livida_1199393_3725720057,http://creativecommons.org/licenses/by-nc-nd/4.0/
707536,1954456981,Empididae_Empis_chioptera_781551_1954456981,http://creativecommons.org/licenses/by-nc-nd/4.0/
707614,3731831371,Empididae_Empis_livida_1913743_3731831371,http://creativecommons.org/licenses/by-nc-nd/4.0/
708282,3716360436,Empididae_Empis_ciliata_1166500_3716360436,http://creativecommons.org/publicdomain/zero/1.0/
709190,3730610788,Empididae_Empis_digramma_2596123_3730610788,http://creativecommons.org/licenses/by-nc-sa/4.0/
709801,3905174514,Empididae_Empis_nigricans_2689221_3905174514,http://creativecommons.org/licenses/by-nc-nd/4.0/
709802,3905174514,Empididae_Empis_nigricans_2689222_3905174514,http://creativecommons.org/licenses/by-nc-nd/4.0/
712337,3759187132,Empididae_Empis_pulchripes_3302455_3759187132,http://creativecommons.org/licenses/by-nc/4.0/
712338,3759187132,Empididae_Empis_pulchripes_3302456_3759187132,http://creativecommons.org/licenses/by-nc/4.0/
712339,3759187132,Empididae_Empis_pulchripes_3302457_3759187132,http://creativecommons.org/licenses/by-nc/4.0/
712340,3759187132,Empididae_Empis_pulchripes_3302458_3759187132,http://creativecommons.org/licenses/by-nc/4.0/
712341,3759187132,Empididae_Empis_pulchripes_3302459_3759187132,http://creativecommons.org/licenses/by-nc/4.0/
712342,3759187132,Empididae_Empis_pulchripes_3302460_3759187132,http://creativecommons.org/licenses/by-nc/4.0/
712343,3759187132,Empididae_Empis_pulchripes_3302461_3759187132,http://creativecommons.org/licenses/by-nc/4.0/
712344,3759187132,Empididae_Empis_pulchripes_3302462_3759187132,http://creativecommons.org/licenses/by-nc/4.0/
712345,3759187132,Empididae_Empis_pulchripes_3302463_3759187132,http://creativecommons.org/licenses/by-nc/4.0/
712346,3759187132,Empididae_Empis_pulchripes_3302464_3759187132,http://creativecommons.org/licenses/by-nc/4.0/
712347,3759187132,Empididae_Empis_pulchripes_3302465_3759187132,http://creativecommons.org/licenses/by-nc/4.0/
712348,3759187132,Empididae_Empis_pulchripes_3302466_3759187132,http://creativecommons.org/licenses/by-nc/4.0/
712349,3759187132,Empididae_Empis_pulchripes_3302467_3759187132,http://creativecommons.org/licenses/by-nc/4.0/
712350,3759187132,Empididae_Empis_pulchripes_3302468_3759187132,http://creativecommons.org/licenses/by-nc/4.0/
712351,3759187132,Empididae_Empis_pulchripes_3302469_3759187132,http://creativecommons.org/licenses/by-nc/4.0/
712352,3759187132,Empididae_Empis_pulchripes_3302470_3759187132,http://creativecommons.org/licenses/by-nc/4.0/
712353,3759187132,Empididae_Empis_pulchripes_3302471_3759187132,http://creativecommons.org/licenses/by-nc/4.0/
712354,3759187132,Empididae_Empis_pulchripes_3302472_3759187132,http://creativecommons.org/licenses/by-nc/4.0/
712355,3759187132,Empididae_Empis_pulchripes_3302473_3759187132,http://creativecommons.org/licenses/by-nc/4.0/
712356,3759187132,Empididae_Empis_pulchripes_3302474_3759187132,http://creativecommons.org/licenses/by-nc/4.0/
712357,3759187132,Empididae_Empis_pulchripes_3302475_3759187132,http://creativecommons.org/licenses/by-nc/4.0/
712358,3759187132,Empididae_Empis_pulchripes_3302476_3759187132,http://creativecommons.org/licenses/by-nc/4.0/
712359,3759187132,Empididae_Empis_pulchripes_3302477_3759187132,http://creativecommons.org/licenses/by-nc/4.0/
712632,1459279393,Empididae_Empis_stercorea_46981_1459279393,© all rights reserved
713315,3313634550,Empididae_Empis_pennipes_293606_3313634550,http://creativecommons.org/licenses/by/4.0/
713448,1882951537,Empididae_Empis_stercorea_79953_1882951537,© All rights reserved
713549,3303418924,Empididae_Empis_pennipes_291639_3303418924,http://creativecommons.org/licenses/by/4.0/
713550,3303418924,Empididae_Empis_pennipes_291640_3303418924,http://creativecommons.org/licenses/by/4.0/
713551,3303418924,Empididae_Empis_pennipes_291641_3303418924,http://creativecommons.org/licenses/by/4.0/
713565,2403292703,Empididae_Rhamphomyia_crassirostris_152782_2403292703,© All rights reserved
713600,2273491254,Empididae_Empis_stercorea_1524524_2273491254,© All rights reserved
713932,3432674024,Empididae_Rhamphomyia_umbripennis_2405409_3432674024,© all rights reserved
713933,3432674024,Empididae_Rhamphomyia_umbripennis_2405410_3432674024,© all rights reserved
713934,3432674024,Empididae_Rhamphomyia_umbripennis_2405411_3432674024,© all rights reserved
713938,2272858413,Empididae_Empis_stercorea_145099_2272858413,© all rights reserved
714002,2809066957,Empididae_Rhamphomyia_tipularia_1582488_2809066957,© all rights reserved
714003,2809066957,Empididae_Rhamphomyia_tipularia_1582489_2809066957,© all rights reserved
714004,2809066957,Empididae_Rhamphomyia_tipularia_1582490_2809066957,© all rights reserved
715791,3729208551,Empididae_Empis_trigramma_1901166_3729208551,http://creativecommons.org/licenses/by-nc-nd/4.0/
716149,3726555464,Empididae_Empis_opaca_513962_3726555464,http://creativecommons.org/licenses/by-nc-nd/4.0/
717664,1977231987,Empididae_Rhamphomyia_marginata_1504250_1977231987,http://creativecommons.org/licenses/by-nc-nd/4.0/
718268,3720919541,Empididae_Empis_tessellata_493260_3720919541,http://creativecommons.org/licenses/by-nc-nd/4.0/
718721,1956928612,Empididae_Empis_opaca_94852_1956928612,http://creativecommons.org/licenses/by-nc-sa/4.0/
720158,1955801112,Empididae_Rhamphomyia_crassirostris_2852234_1955801112,http://creativecommons.org/licenses/by-nc-nd/4.0/
720159,1955801112,Empididae_Rhamphomyia_crassirostris_2852235_1955801112,http://creativecommons.org/licenses/by-nc-nd/4.0/
720160,1955801112,Empididae_Rhamphomyia_crassirostris_2852236_1955801112,http://creativecommons.org/licenses/by-nc-nd/4.0/
720648,1955740840,Empididae_Rhamphomyia_marginata_2852078_1955740840,http://creativecommons.org/licenses/by-nc/4.0/
720672,1955754453,Empididae_Empis_stercorea_2852126_1955754453,http://creativecommons.org/licenses/by-nc/4.0/
721079,2840772531,Empididae_Rhamphomyia_erythrophthalma_224483_2840772531,http://creativecommons.org/licenses/by-nc-nd/4.0/
721080,2840772531,Empididae_Rhamphomyia_erythrophthalma_224484_2840772531,http://creativecommons.org/licenses/by-nc-nd/4.0/
721081,2840772531,Empididae_Rhamphomyia_erythrophthalma_224485_2840772531,http://creativecommons.org/licenses/by-nc-nd/4.0/
721082,2840772531,Empididae_Rhamphomyia_erythrophthalma_224486_2840772531,http://creativecommons.org/licenses/by-nc-nd/4.0/
721165,1953150166,Empididae_Rhamphomyia_barbata_780275_1953150166,http://creativecommons.org/licenses/by-nc-nd/4.0/
721166,1953150166,Empididae_Rhamphomyia_barbata_780276_1953150166,http://creativecommons.org/licenses/by-nc-nd/4.0/
721167,1953150166,Empididae_Rhamphomyia_barbata_780277_1953150166,http://creativecommons.org/licenses/by-nc-nd/4.0/
721168,1953150166,Empididae_Rhamphomyia_barbata_780278_1953150166,http://creativecommons.org/licenses/by-nc-nd/4.0/
721395,3730829318,Empididae_Empis_tessellata_3288211_3730829318,http://creativecommons.org/licenses/by-nc-nd/4.0/
722121,1976792130,Empididae_Hilara_nigrocincta_2192306_1976792130,http://creativecommons.org/licenses/by-nc-nd/4.0/
722699,1961575998,Empididae_Empis_digramma_2170688_1961575998,http://creativecommons.org/publicdomain/zero/1.0/
724352,3824591380,Empididae_Empis_digramma_564566_3824591380,http://creativecommons.org/licenses/by-nc-nd/4.0/
726942,3717297909,Empididae_Empis_lutea_2550152_3717297909,http://creativecommons.org/licenses/by-nc-nd/4.0/
727051,1966802907,Empididae_Empis_opaca_109820_1966802907,http://creativecommons.org/licenses/by-nc-nd/4.0/
727326,2840860566,Empididae_Empis_femorata_914877_2840860566,http://creativecommons.org/licenses/by-nc-nd/4.0/
727968,1955809625,Empididae_Empis_caudatula_784584_1955809625,http://creativecommons.org/licenses/by-nc-nd/4.0/
730793,3721378969,Empididae_Empis_nigricans_3254225_3721378969,http://creativecommons.org/licenses/by-nc-nd/4.0/
731987,3827293686,Empididae_Empis_digramma_2638610_3827293686,http://creativecommons.org/licenses/by-nc-nd/4.0/
732257,3716657285,Empididae_Empis_digramma_1857669_3716657285,http://creativecommons.org/licenses/by-nc-nd/4.0/
735645,2409695447,Empididae_Phyllodromia_melanocephala_1533257_2409695447,http://creativecommons.org/licenses/by-nc-sa/4.0/
735646,2409695447,Empididae_Phyllodromia_melanocephala_1533258_2409695447,http://creativecommons.org/licenses/by-nc-sa/4.0/
735745,3380685338,Empididae_Empis_hyalipennis_1696749_3380685338,© All rights reserved
735746,3380685338,Empididae_Empis_hyalipennis_1696750_3380685338,© All rights reserved
735747,3380685338,Empididae_Empis_hyalipennis_1696751_3380685338,© All rights reserved
735748,3380685338,Empididae_Empis_hyalipennis_1696752_3380685338,© All rights reserved
735817,3780705379,Empididae_Rhamphomyia_spinipes_1931215_3780705379,http://creativecommons.org/licenses/by/4.0/
735825,2627083947,Empididae_Empis_borealis_2259075_2627083947,© All rights reserved
736062,2858139485,Empididae_Empis_stercorea_931989_2858139485,© All rights reserved
736151,3004306650,Empididae_Empis_stercorea_2328206_3004306650,http://creativecommons.org/licenses/by-sa/4.0/
736267,2808086435,Empididae_Rhamphomyia_umbripennis_2961050_2808086435,© all rights reserved
736312,1884317419,Empididae_Phyllodromia_melanocephala_2840186_1884317419,© all rights reserved
738977,3721302198,Empididae_Empis_livida_495652_3721302198,http://creativecommons.org/licenses/by-nc-nd/4.0/
739406,2843312188,Empididae_Rhamphomyia_barbata_2298313_2843312188,http://creativecommons.org/licenses/by-nc-nd/4.0/
739407,2843312188,Empididae_Rhamphomyia_barbata_2298314_2843312188,http://creativecommons.org/licenses/by-nc-nd/4.0/
739408,2843312188,Empididae_Rhamphomyia_barbata_2298315_2843312188,http://creativecommons.org/licenses/by-nc-nd/4.0/
741460,3717067571,Empididae_Empis_livida_2548935_3717067571,http://creativecommons.org/licenses/by-nc-nd/4.0/
741779,1965628130,Empididae_Empis_livida_2175423_1965628130,http://creativecommons.org/licenses/by-nc-nd/4.0/
741892,1955305276,Empididae_Hilara_lurida_2850723_1955305276,http://creativecommons.org/licenses/by-nc-nd/4.0/
742737,1953518686,Empididae_Empis_opaca_780988_1953518686,http://creativecommons.org/licenses/by-nc-nd/4.0/
743374,3717037110,Empididae_Empis_tessellata_3238842_3717037110,http://creativecommons.org/licenses/by-nc-nd/4.0/
743846,3824129913,Empididae_Empis_opaca_1941225_3824129913,http://creativecommons.org/licenses/by-nc-nd/4.0/
744150,1958296368,Empididae_Hilara_nitidula_97645_1958296368,http://creativecommons.org/licenses/by-nc-nd/4.0/
744151,1958296368,Empididae_Hilara_nitidula_97646_1958296368,http://creativecommons.org/licenses/by-nc-nd/4.0/
744795,3716450896,Empididae_Empis_trigramma_1166844_3716450896,http://creativecommons.org/licenses/by-nc-nd/4.0/
745011,1953222103,Empididae_Empis_stercorea_1469000_1953222103,http://creativecommons.org/licenses/by-nc-nd/4.0/
745024,1961541841,Empididae_Empis_tessellata_2170642_1961541841,http://creativecommons.org/licenses/by-nc-sa/4.0/
746418,3826640445,Empididae_Empis_nigricans_3327636_3826640445,http://creativecommons.org/licenses/by-nc-nd/4.0/
746656,1958231916,Empididae_Empis_ciliata_2165992_1958231916,http://creativecommons.org/licenses/by-nc-nd/4.0/
747142,3768073365,Empididae_Empis_acinerea_549393_3768073365,© all rights reserved
747261,1431887312,Empididae_Empis_stercorea_2113597_1431887312,© all rights reserved
747262,1431887312,Empididae_Empis_stercorea_2113598_1431887312,© all rights reserved
747990,3803901404,Empididae_Empis_stercorea_1936221_3803901404,© All rights reserved
748088,3757347341,Empididae_Empis_borealis_543608_3757347341,© All rights reserved
748108,2273509950,Empididae_Rhamphomyia_sulcata_145633_2273509950,© All rights reserved
748109,2273509950,Empididae_Rhamphomyia_sulcata_145634_2273509950,© All rights reserved
748110,2273509950,Empididae_Rhamphomyia_sulcata_145635_2273509950,© All rights reserved
748146,2403629234,Empididae_Empis_borealis_2220772_2403629234,© All rights reserved
748276,3966052319,Empididae_Hilara_chorica_3414666_3966052319,© All rights reserved
748277,3966052319,Empididae_Hilara_chorica_3414667_3966052319,© All rights reserved
748291,3329913377,Empididae_Rhamphomyia_crassirostris_991349_3329913377,© All rights reserved
748336,2409261422,Empididae_Rhamphomyia_pilifer_2912799_2409261422,© All rights reserved
748337,2409261422,Empididae_Rhamphomyia_pilifer_2912800_2409261422,© All rights reserved
748338,2409261422,Empididae_Rhamphomyia_pilifer_2912801_2409261422,© All rights reserved
750022,3902107152,Empididae_Rhamphomyia_spinipes_1983462_3902107152,http://creativecommons.org/licenses/by-nc/4.0/
750023,3902107152,Empididae_Rhamphomyia_spinipes_1983463_3902107152,http://creativecommons.org/licenses/by-nc/4.0/
750024,3902107152,Empididae_Rhamphomyia_spinipes_1983464_3902107152,http://creativecommons.org/licenses/by-nc/4.0/
751249,3448977026,Empididae_Rhamphomyia_spinipes_2523010_3448977026,http://creativecommons.org/licenses/by-sa/4.0/
752718,3759628042,Empididae_Empis_pulchripes_3303762_3759628042,http://creativecommons.org/licenses/by-nc/4.0/
753873,1966621254,Empididae_Empis_opaca_2868084_1966621254,http://creativecommons.org/licenses/by-nc-nd/4.0/
753954,3716719353,Empididae_Empis_tessellata_1857963_3716719353,http://creativecommons.org/licenses/by-nc-nd/4.0/
754097,3827148969,Empididae_Empis_nigricans_1259547_3827148969,http://creativecommons.org/licenses/by-nc-nd/4.0/
754319,1958239759,Empididae_Rhamphomyia_crassirostris_788133_1958239759,http://creativecommons.org/licenses/by-nc-nd/4.0/
756287,3720980404,Empididae_Empis_digramma_1182591_3720980404,http://creativecommons.org/licenses/by-nc-nd/4.0/
756681,3715631626,Empididae_Empis_trigramma_1855072_3715631626,http://creativecommons.org/licenses/by-nc-nd/4.0/
757784,3726858647,Empididae_Empis_digramma_3273663_3726858647,http://creativecommons.org/licenses/by-nc-nd/4.0/
758085,3731967939,Empididae_Rhamphomyia_marginata_1914426_3731967939,http://creativecommons.org/licenses/by-nc-nd/4.0/
758391,3716373982,Empididae_Empis_opaca_1166543_3716373982,http://creativecommons.org/licenses/by-nc/4.0/
759152,3725627812,Empididae_Empis_trigramma_1199026_3725627812,http://creativecommons.org/licenses/by-nc-nd/4.0/
759465,3721391347,Empididae_Empis_trigramma_3254310_3721391347,http://creativecommons.org/licenses/by-nc-nd/4.0/
760180,3823035961,Empididae_Empis_trigramma_560663_3823035961,http://creativecommons.org/licenses/by-nc-nd/4.0/
760336,1955774531,Empididae_Empis_femorata_2162225_1955774531,http://creativecommons.org/licenses/by-nc-nd/4.0/
760395,3826208619,Empididae_Rhamphomyia_crassirostris_1946427_3826208619,http://creativecommons.org/licenses/by-nc-nd/4.0/
761052,1954457383,Empididae_Hilara_maura_2159384_1954457383,http://creativecommons.org/licenses/by-nc-nd/4.0/
761053,1954457383,Empididae_Hilara_maura_2159385_1954457383,http://creativecommons.org/licenses/by-nc-nd/4.0/
761054,1954457383,Empididae_Hilara_maura_2159386_1954457383,http://creativecommons.org/licenses/by-nc-nd/4.0/
761544,1956674471,Empididae_Empis_acinerea_785265_1956674471,http://creativecommons.org/licenses/by-nc-nd/4.0/
761545,1956674471,Empididae_Empis_acinerea_785266_1956674471,http://creativecommons.org/licenses/by-nc-nd/4.0/
761546,1956674471,Empididae_Empis_acinerea_785267_1956674471,http://creativecommons.org/licenses/by-nc-nd/4.0/
761676,1959567385,Empididae_Empis_nigricans_789856_1959567385,http://creativecommons.org/licenses/by-nc-nd/4.0/
762377,3415555567,Empididae_Rhamphomyia_marginata_3091657_3415555567,http://creativecommons.org/licenses/by-nc/4.0/
763867,3857210890,Empididae_Rhamphomyia_marginata_2639999_3857210890,© all rights reserved
763892,2809026112,Empididae_Empis_grisea_893541_2809026112,© all rights reserved
763893,2809026112,Empididae_Empis_grisea_893542_2809026112,© all rights reserved
764061,2593202731,Empididae_Rhamphomyia_sulcatella_874418_2593202731,© all rights reserved
764551,1123737564,Empididae_Empis_stercorea_698233_1123737564,© all rights reserved
764653,1461245955,Empididae_Empis_tessellata_2118737_1461245955,© all rights reserved
764702,1851169721,Empididae_Empis_borealis_2837705_1851169721,© all rights reserved
765299,3721264611,Empididae_Empis_livida_1873660_3721264611,http://creativecommons.org/licenses/by-nc-nd/4.0/
765368,1958139143,Empididae_Empis_digramma_1476566_1958139143,http://creativecommons.org/licenses/by-nc-nd/4.0/
766088,1969711909,Empididae_Empis_ciliata_804154_1969711909,http://creativecommons.org/licenses/by-nc-sa/4.0/
766089,1969711909,Empididae_Empis_ciliata_804155_1969711909,http://creativecommons.org/licenses/by-nc-sa/4.0/
766422,1968219637,Empididae_Rhamphomyia_longipes_801473_1968219637,http://creativecommons.org/licenses/by-nc-nd/4.0/
766493,3725464294,Empididae_Rhamphomyia_marginata_3267681_3725464294,http://creativecommons.org/licenses/by-nc-sa/4.0/
766494,3725464294,Empididae_Rhamphomyia_marginata_3267682_3725464294,http://creativecommons.org/licenses/by-nc-sa/4.0/
766495,3725464294,Empididae_Rhamphomyia_marginata_3267683_3725464294,http://creativecommons.org/licenses/by-nc-sa/4.0/
766837,1954457296,Empididae_Empis_nigripes_781552_1954457296,http://creativecommons.org/licenses/by-nc-nd/4.0/
766838,1954457296,Empididae_Empis_nigripes_781553_1954457296,http://creativecommons.org/licenses/by-nc-nd/4.0/
767545,1955785841,Empididae_Empis_stercorea_2852197_1955785841,http://creativecommons.org/licenses/by-nc-nd/4.0/
767566,1966632099,Empididae_Empis_ciliata_2177823_1966632099,http://creativecommons.org/licenses/by-nc-nd/4.0/
767569,1966632099,Empididae_Empis_ciliata_2177826_1966632099,http://creativecommons.org/licenses/by-nc-nd/4.0/
768024,1955580675,Empididae_Empis_livida_1472614_1955580675,http://creativecommons.org/licenses/by-nc-nd/4.0/
768120,3716539417,Empididae_Empis_nigricans_2546209_3716539417,http://creativecommons.org/licenses/by-nc-nd/4.0/
768417,2835885195,Empididae_Empis_trigramma_2285007_2835885195,http://creativecommons.org/licenses/by-nc-nd/4.0/
768418,2835885195,Empididae_Empis_trigramma_2285008_2835885195,http://creativecommons.org/licenses/by-nc-nd/4.0/
768686,1954456907,Empididae_Empis_planetica_2849192_1954456907,http://creativecommons.org/licenses/by-nc-nd/4.0/
768964,1954099689,Empididae_Rhamphomyia_erythrophthalma_2849047_1954099689,http://creativecommons.org/licenses/by-nc-nd/4.0/
768965,1954099689,Empididae_Rhamphomyia_erythrophthalma_2849048_1954099689,http://creativecommons.org/licenses/by-nc-nd/4.0/
768966,1954099689,Empididae_Rhamphomyia_erythrophthalma_2849049_1954099689,http://creativecommons.org/licenses/by-nc-nd/4.0/
769288,3822585047,Empididae_Empis_variegata_3317548_3822585047,http://creativecommons.org/licenses/by-nc-nd/4.0/
769289,3822585047,Empididae_Empis_variegata_3317549_3822585047,http://creativecommons.org/licenses/by-nc-nd/4.0/
769825,2834103083,Empididae_Rhamphomyia_barbata_2972322_2834103083,http://creativecommons.org/licenses/by-nc-nd/4.0/
771172,1955496502,Empididae_Hilara_sturmii_1472354_1955496502,http://creativecommons.org/licenses/by-nc-nd/4.0/
771247,3720738337,Empididae_Empis_digramma_1870724_3720738337,http://creativecommons.org/licenses/by-nc-nd/4.0/
771742,1970585305,Empididae_Empis_opaca_115245_1970585305,http://creativecommons.org/licenses/by-nc-nd/4.0/
771979,3716346314,Empididae_Empis_trigramma_476854_3716346314,http://creativecommons.org/licenses/by/4.0/
773263,3904342409,Empididae_Empis_livida_1994861_3904342409,http://creativecommons.org/licenses/by-nc-nd/4.0/
773571,2409591870,Empididae_Rhamphomyia_crassirostris_1533232_2409591870,© All rights reserved
773572,2409591870,Empididae_Rhamphomyia_crassirostris_1533233_2409591870,© All rights reserved
773573,2409591870,Empididae_Rhamphomyia_crassirostris_1533234_2409591870,© All rights reserved
773574,2409591870,Empididae_Rhamphomyia_crassirostris_1533235_2409591870,© All rights reserved
773575,2409591870,Empididae_Rhamphomyia_crassirostris_1533236_2409591870,© All rights reserved
773602,2382030642,Empididae_Hilara_clavipes_2218319_2382030642,© All rights reserved
773748,4008000335,Empididae_Rhamphomyia_caudata_675444_4008000335,© All rights reserved
773754,4003089405,Empididae_Rhamphomyia_caudata_1362535_4003089405,© All rights reserved
773774,3927124327,Empididae_Rhamphomyia_crassirostris_2716889_3927124327,© All rights reserved
773775,3927124327,Empididae_Rhamphomyia_crassirostris_2716890_3927124327,© All rights reserved
773907,2402526396,Empididae_Rhamphomyia_tipularia_1531451_2402526396,© All rights reserved
773908,2402526396,Empididae_Rhamphomyia_tipularia_1531452_2402526396,© All rights reserved
774004,3862068470,Empididae_Empis_picipes_1276586_3862068470,© All rights reserved
774005,3862068470,Empididae_Empis_picipes_1276587_3862068470,© All rights reserved
774006,3862068470,Empididae_Empis_picipes_1276588_3862068470,© All rights reserved
774007,3862068470,Empididae_Empis_picipes_1276589_3862068470,© All rights reserved
774008,3862068470,Empididae_Empis_picipes_1276590_3862068470,© All rights reserved
774103,2404862413,Empididae_Empis_pennipes_1532037_2404862413,© All rights reserved
774104,2404862413,Empididae_Empis_pennipes_1532038_2404862413,© All rights reserved
774105,2404862413,Empididae_Empis_pennipes_1532039_2404862413,© All rights reserved
774236,3990950307,Empididae_Rhamphomyia_pilifer_2040274_3990950307,© All rights reserved
774391,2556655101,Empididae_Empis_borealis_2236494_2556655101,© All rights reserved
774759,3979113405,Empididae_Hilara_interstincta_658230_3979113405,© All rights reserved
774760,3979113405,Empididae_Hilara_interstincta_658231_3979113405,© All rights reserved
774761,3979113405,Empididae_Hilara_interstincta_658232_3979113405,© All rights reserved
775119,3996771437,Empididae_Empis_livida_2048554_3996771437,http://creativecommons.org/licenses/by-nc-nd/4.0/
775649,1956648474,Empididae_Phyllodromia_melanocephala_94590_1956648474,http://creativecommons.org/licenses/by-nc-nd/4.0/
775719,3827492184,Empididae_Empis_tessellata_1949707_3827492184,http://creativecommons.org/licenses/by-nc-nd/4.0/
776400,2835025659,Empididae_Empis_trigramma_2974883_2835025659,http://creativecommons.org/licenses/by-nc-nd/4.0/
777145,3729854093,Empididae_Empis_tessellata_524876_3729854093,http://creativecommons.org/licenses/by-nc-nd/4.0/
777749,1953523709,Empididae_Empis_trigramma_2158793_1953523709,http://creativecommons.org/licenses/by-nc/4.0/
777750,1953523709,Empididae_Empis_trigramma_2158794_1953523709,http://creativecommons.org/licenses/by-nc/4.0/
777755,1953523709,Empididae_Empis_trigramma_2158799_1953523709,http://creativecommons.org/licenses/by-nc/4.0/
777814,1953352199,Empididae_Empis_ciliata_780675_1953352199,http://creativecommons.org/licenses/by-nc-nd/4.0/
779780,1958175473,Empididae_Empis_opaca_2165899_1958175473,http://creativecommons.org/licenses/by-nc-nd/4.0/
781174,1960089255,Empididae_Empis_ciliata_791073_1960089255,http://creativecommons.org/licenses/by-nc-nd/4.0/
781222,3826312942,Empididae_Empis_digramma_1946713_3826312942,http://creativecommons.org/licenses/by-nc-nd/4.0/
781246,2833705528,Empididae_Phyllodromia_melanocephala_212365_2833705528,http://creativecommons.org/licenses/by-nc-nd/4.0/
781247,2833705528,Empididae_Phyllodromia_melanocephala_212366_2833705528,http://creativecommons.org/licenses/by-nc-nd/4.0/
781332,3827016466,Empididae_Empis_opaca_1948322_3827016466,http://creativecommons.org/licenses/by/4.0/
781786,1956883253,Empididae_Hilara_maura_785439_1956883253,http://creativecommons.org/licenses/by-nc-nd/4.0/
782714,1954453215,Empididae_Empis_chioptera_2159374_1954453215,http://creativecommons.org/licenses/by-nc-nd/4.0/
782715,1954453215,Empididae_Empis_chioptera_2159375_1954453215,http://creativecommons.org/licenses/by-nc-nd/4.0/
783135,1959852026,Empididae_Empis_digramma_99968_1959852026,http://creativecommons.org/licenses/by-nc-nd/4.0/
783150,1955324567,Empididae_Hilara_tenella_2160916_1955324567,http://creativecommons.org/licenses/by-nc-nd/4.0/
783151,1955324567,Empididae_Hilara_tenella_2160917_1955324567,http://creativecommons.org/licenses/by-nc-nd/4.0/
783347,2540395950,Empididae_Rhamphomyia_marginata_2924995_2540395950,© All rights reserved
783372,3753226341,Empididae_Hilara_clavipes_2611077_3753226341,© All rights reserved
783373,3753226341,Empididae_Hilara_clavipes_2611078_3753226341,© All rights reserved
783446,2860776381,Empididae_Empis_pennipes_3001612_2860776381,© All rights reserved
783541,3303176621,Empididae_Empis_pennipes_291486_3303176621,© All rights reserved
783726,1970760658,Empididae_Empis_ciliata_806327_1970760658,http://creativecommons.org/licenses/by-nc-nd/4.0/
783891,1958417080,Empididae_Phyllodromia_melanocephala_788465_1958417080,http://creativecommons.org/licenses/by-nc/4.0/
783892,1958417080,Empididae_Phyllodromia_melanocephala_788466_1958417080,http://creativecommons.org/licenses/by-nc/4.0/
783893,1958417080,Empididae_Phyllodromia_melanocephala_788467_1958417080,http://creativecommons.org/licenses/by-nc/4.0/
783894,1958417080,Empididae_Phyllodromia_melanocephala_788468_1958417080,http://creativecommons.org/licenses/by-nc/4.0/
786812,1955686926,Empididae_Empis_opaca_2161974_1955686926,http://creativecommons.org/licenses/by-sa/4.0/
786958,1952018468,Empididae_Rhamphomyia_erythrophthalma_778089_1952018468,http://creativecommons.org/licenses/by-nc-nd/4.0/
787135,1955913959,Empididae_Empis_ciliata_1473415_1955913959,http://creativecommons.org/licenses/by-nc-nd/4.0/
787422,3827418566,Empididae_Empis_opaca_3329811_3827418566,http://creativecommons.org/licenses/by-nc-nd/4.0/
787534,3730186397,Empididae_Empis_livida_526371_3730186397,http://creativecommons.org/licenses/by-nc-nd/4.0/
792907,2833404408,Empididae_Empis_opaca_2279961_2833404408,http://creativecommons.org/licenses/by-nc-nd/4.0/
793068,3825873260,Empididae_Empis_tessellata_1256459_3825873260,http://creativecommons.org/licenses/by-nc-nd/4.0/
793828,1952672103,Empididae_Empis_livida_2156909_1952672103,http://creativecommons.org/licenses/by-nc-nd/4.0/
793942,2844968498,Empididae_Empis_trigramma_233943_2844968498,http://creativecommons.org/licenses/by-nc-nd/4.0/
795011,1955869755,Empididae_Empis_digramma_784743_1955869755,http://creativecommons.org/licenses/by-nc-nd/4.0/
797158,3906183391,Empididae_Empis_livida_3385588_3906183391,http://creativecommons.org/licenses/by-nc-nd/4.0/
797566,3905823501,Empididae_Empis_livida_625558_3905823501,http://creativecommons.org/licenses/by-nc/4.0/
798478,2832493645,Empididae_Empis_punctata_2279012_2832493645,http://creativecommons.org/licenses/by-nc/4.0/
798830,1956843750,Empididae_Hilara_nigrina_2852984_1956843750,http://creativecommons.org/licenses/by-nc-nd/4.0/
798831,1956843750,Empididae_Hilara_nigrina_2852985_1956843750,http://creativecommons.org/licenses/by-nc-nd/4.0/
798832,1956843750,Empididae_Hilara_nigrina_2852986_1956843750,http://creativecommons.org/licenses/by-nc-nd/4.0/
798833,1956843750,Empididae_Hilara_nigrina_2852987_1956843750,http://creativecommons.org/licenses/by-nc-nd/4.0/
798834,1956843750,Empididae_Hilara_nigrina_2852988_1956843750,http://creativecommons.org/licenses/by-nc-nd/4.0/
800509,1961669970,Empididae_Empis_opaca_1481634_1961669970,http://creativecommons.org/licenses/by-nc-nd/4.0/
800803,1966482048,Empididae_Empis_tessellata_109160_1966482048,http://creativecommons.org/licenses/by-nc-nd/4.0/
800910,1952330667,Empididae_Hilara_flavipes_2846187_1952330667,http://creativecommons.org/licenses/by-nc-nd/4.0/
800911,1952330667,Empididae_Hilara_flavipes_2846188_1952330667,http://creativecommons.org/licenses/by-nc-nd/4.0/
802980,3731531267,Empididae_Empis_tessellata_2601222_3731531267,http://creativecommons.org/licenses/by-nc-nd/4.0/
803029,1958639823,Empididae_Rhamphomyia_cinerascens_1477192_1958639823,http://creativecommons.org/licenses/by-nc-nd/4.0/
803302,3716444798,Empididae_Empis_tessellata_477305_3716444798,http://creativecommons.org/licenses/by-nc-nd/4.0/
804422,1955739106,Empididae_Empis_digramma_1473037_1955739106,http://creativecommons.org/licenses/by-nc-nd/4.0/
807876,3726605245,Empididae_Empis_lutea_2582116_3726605245,http://creativecommons.org/licenses/by-nc/4.0/
808623,1954453182,Empididae_Rhamphomyia_crassirostris_781541_1954453182,http://creativecommons.org/licenses/by-nc-nd/4.0/
808624,1954453182,Empididae_Rhamphomyia_crassirostris_781542_1954453182,http://creativecommons.org/licenses/by-nc-nd/4.0/
808625,1954453182,Empididae_Rhamphomyia_crassirostris_781543_1954453182,http://creativecommons.org/licenses/by-nc-nd/4.0/
809532,3752443180,Empididae_Hilara_cornicula_3301741_3752443180,http://creativecommons.org/licenses/by-sa/4.0/
809605,3752418163,Empididae_Chelifera_frigelii_1921859_3752418163,http://creativecommons.org/licenses/by-sa/4.0/
809606,3752418165,Empididae_Hilara_hybrida_3301638_3752418165,http://creativecommons.org/licenses/by-sa/4.0/
809607,3752418169,Empididae_Chelifera_frigelii_2610925_3752418169,http://creativecommons.org/licenses/by-sa/4.0/
809610,3752420722,Empididae_Clinocera_nivalis_1232388_3752420722,http://creativecommons.org/licenses/by-sa/4.0/
809611,3752420725,Empididae_Empis_acinerea_3301650_3752420725,http://creativecommons.org/licenses/by-sa/4.0/
809612,3752420728,Empididae_Empis_nuntia_1921870_3752420728,http://creativecommons.org/licenses/by-sa/4.0/
809613,3752420743,Empididae_Clinocera_nivalis_3301651_3752420743,http://creativecommons.org/licenses/by-sa/4.0/
809614,3752420749,Empididae_Clinocera_aucta_543471_3752420749,http://creativecommons.org/licenses/by-sa/4.0/
809615,3752420758,Empididae_Clinocera_aucta_543472_3752420758,http://creativecommons.org/licenses/by-sa/4.0/
809616,3752420771,Empididae_Empis_nigripes_543473_3752420771,http://creativecommons.org/licenses/by-sa/4.0/
809617,3752420772,Empididae_Empis_aemula_1232389_3752420772,http://creativecommons.org/licenses/by-sa/4.0/
809657,3752421599,Empididae_Rhamphomyia_stigmosa_3301669_3752421599,http://creativecommons.org/licenses/by-sa/4.0/
809658,3752421603,Empididae_Rhamphomyia_nitidula_543485_3752421603,http://creativecommons.org/licenses/by-sa/4.0/
809659,3752421615,Empididae_Rhamphomyia_nitidula_2610958_3752421615,http://creativecommons.org/licenses/by-sa/4.0/
809660,3752421619,Empididae_Rhamphomyia_morio_1921884_3752421619,http://creativecommons.org/licenses/by-sa/4.0/
809661,3752421620,Empididae_Rhamphomyia_unguiculata_3301670_3752421620,http://creativecommons.org/licenses/by-sa/4.0/
809662,3752421639,Empididae_Rhamphomyia_morio_3301671_3752421639,http://creativecommons.org/licenses/by-sa/4.0/
809665,3752421942,Empididae_Gloma_fuscipennis_1232400_3752421942,http://creativecommons.org/licenses/by-sa/4.0/
809666,3752421938,Empididae_Chelipoda_albiseta_1232399_3752421938,http://creativecommons.org/licenses/by-sa/4.0/
809667,3752421947,Empididae_Chelipoda_albiseta_1232401_3752421947,http://creativecommons.org/licenses/by-sa/4.0/
809668,3752421949,Empididae_Rhamphomyia_stigmosa_2610959_3752421949,http://creativecommons.org/licenses/by-sa/4.0/
809670,3752422091,Empididae_Hilara_abdominalis_1921885_3752422091,http://creativecommons.org/licenses/by-sa/4.0/
809671,3752422322,Empididae_Rhamphomyia_unguiculata_3301672_3752422322,http://creativecommons.org/licenses/by-sa/4.0/
809672,3752422326,Empididae_Rhamphomyia_pilifer_2610960_3752422326,http://creativecommons.org/licenses/by-sa/4.0/
809673,3752422452,Empididae_Hilara_bistriata_2610962_3752422452,http://creativecommons.org/licenses/by-sa/4.0/
809674,3752422451,Empididae_Hilara_campinosensis_1921886_3752422451,http://creativecommons.org/licenses/by-sa/4.0/
809675,3752422448,Empididae_Hilara_campinosensis_2610961_3752422448,http://creativecommons.org/licenses/by-sa/4.0/
809676,3752422462,Empididae_Hilara_albitarsis_3301674_3752422462,http://creativecommons.org/licenses/by-sa/4.0/
809677,3752422479,Empididae_Hilara_interstincta_1921888_3752422479,http://creativecommons.org/licenses/by-sa/4.0/
809678,3752422458,Empididae_Hilara_bistriata_3301673_3752422458,http://creativecommons.org/licenses/by-sa/4.0/
809679,3752422491,Empididae_Hilara_implicata_1232402_3752422491,http://creativecommons.org/licenses/by-sa/4.0/
809680,3752422495,Empididae_Hilara_gallica_543488_3752422495,http://creativecommons.org/licenses/by-sa/4.0/
809681,3752422477,Empididae_Hilara_lurida_543487_3752422477,http://creativecommons.org/licenses/by-sa/4.0/
809682,3752422474,Empididae_Hilara_nitidula_1921887_3752422474,http://creativecommons.org/licenses/by-sa/4.0/
809683,3752422521,Empididae_Rhamphomyia_caliginosa_543489_3752422521,http://creativecommons.org/licenses/by-sa/4.0/
809684,3752422522,Empididae_Rhamphomyia_bohemica_1232404_3752422522,http://creativecommons.org/licenses/by-sa/4.0/
809685,3752422509,Empididae_Rhamphomyia_umbripennis_1232403_3752422509,http://creativecommons.org/licenses/by-sa/4.0/
809686,3752422506,Empididae_Rhamphomyia_anomalipennis_2610963_3752422506,http://creativecommons.org/licenses/by-sa/4.0/
809687,3752422507,Empididae_Rhamphomyia_angulifera_3301675_3752422507,http://creativecommons.org/licenses/by-sa/4.0/
809688,3752422529,Empididae_Rhamphomyia_rufipes_2610964_3752422529,http://creativecommons.org/licenses/by-sa/4.0/
809689,3752422567,Empididae_Hilara_intermedia_543492_3752422567,http://creativecommons.org/licenses/by-sa/4.0/
809690,3752422544,Empididae_Rhamphomyia_obscura_543491_3752422544,http://creativecommons.org/licenses/by-sa/4.0/
809691,3752422533,Empididae_Rhamphomyia_lividiventris_2610965_3752422533,http://creativecommons.org/licenses/by-sa/4.0/
809692,3752422535,Empididae_Rhamphomyia_pilifer_543490_3752422535,http://creativecommons.org/licenses/by-sa/4.0/
809693,3752422548,Empididae_Rhamphomyia_obscura_3301676_3752422548,http://creativecommons.org/licenses/by-sa/4.0/
809694,3752422546,Empididae_Rhamphomyia_obscura_1921889_3752422546,http://creativecommons.org/licenses/by-sa/4.0/
809828,3303183467,Empididae_Rhamphomyia_umbripennis_981315_3303183467,© All rights reserved
809829,3303183467,Empididae_Rhamphomyia_umbripennis_981316_3303183467,© All rights reserved
809899,3990879475,Empididae_Chelifera_trapezina_2730234_3990879475,© All rights reserved
809914,2406984884,Empididae_Rhamphomyia_nigripennis_2221522_2406984884,© All rights reserved
810206,1933375012,Empididae_Rhamphomyia_spinipes_775915_1933375012,© All rights reserved
810207,1933375012,Empididae_Rhamphomyia_spinipes_775916_1933375012,© All rights reserved
810208,1933375012,Empididae_Rhamphomyia_spinipes_775917_1933375012,© All rights reserved
810535,1974131521,Empididae_Empis_punctata_120683_1974131521,http://creativecommons.org/licenses/by-nc-nd/4.0/
810536,1974131521,Empididae_Empis_punctata_120684_1974131521,http://creativecommons.org/licenses/by-nc-nd/4.0/
810807,3716714890,Empididae_Empis_trigramma_2547115_3716714890,http://creativecommons.org/licenses/by-nc-nd/4.0/
811123,3730380240,Empididae_Empis_tessellata_2594881_3730380240,http://creativecommons.org/licenses/by-nc-nd/4.0/
811456,3824555844,Empididae_Empis_ciliata_2632047_3824555844,http://creativecommons.org/licenses/by-nc-nd/4.0/
811601,1962422547,Empididae_Empis_nigricans_102921_1962422547,http://creativecommons.org/licenses/by-nc-nd/4.0/
811602,1962422547,Empididae_Empis_nigricans_102922_1962422547,http://creativecommons.org/licenses/by-nc-nd/4.0/
812664,1966897501,Empididae_Empis_ciliata_2868647_1966897501,http://creativecommons.org/licenses/by-nc/4.0/
812665,1966897501,Empididae_Empis_ciliata_2868648_1966897501,http://creativecommons.org/licenses/by-nc/4.0/
812953,3823621169,Empididae_Empis_ciliata_1251046_3823621169,http://creativecommons.org/licenses/by-nc-nd/4.0/
813092,3823038904,Empididae_Empis_digramma_560666_3823038904,http://creativecommons.org/licenses/by-nc-nd/4.0/
813311,3720283903,Empididae_Empis_trigramma_1179490_3720283903,http://creativecommons.org/licenses/by-nc-nd/4.0/
813385,3824207437,Empididae_Empis_nigricans_563381_3824207437,http://creativecommons.org/licenses/by-nc-nd/4.0/
813386,3824207437,Empididae_Empis_nigricans_563382_3824207437,http://creativecommons.org/licenses/by-nc-nd/4.0/
813387,3824207437,Empididae_Empis_nigricans_563383_3824207437,http://creativecommons.org/licenses/by-nc-nd/4.0/
813674,1955795345,Empididae_Empis_ciliata_2852221_1955795345,http://creativecommons.org/licenses/by/4.0/
814323,1974293875,Empididae_Hilara_albipennis_811658_1974293875,http://creativecommons.org/licenses/by-nc-nd/4.0/
814324,1974293875,Empididae_Hilara_albipennis_811659_1974293875,http://creativecommons.org/licenses/by-nc-nd/4.0/
814346,2841171135,Empididae_Empis_digramma_2983534_2841171135,http://creativecommons.org/licenses/by-nc-nd/4.0/
816015,1957031601,Empididae_Rhamphomyia_sulcata_2853271_1957031601,http://creativecommons.org/licenses/by-nc-nd/4.0/
816016,1957031601,Empididae_Rhamphomyia_sulcata_2853272_1957031601,http://creativecommons.org/licenses/by-nc-nd/4.0/
816017,1957031601,Empididae_Rhamphomyia_sulcata_2853273_1957031601,http://creativecommons.org/licenses/by-nc-nd/4.0/
816018,1957031601,Empididae_Rhamphomyia_sulcata_2853274_1957031601,http://creativecommons.org/licenses/by-nc-nd/4.0/
816019,1957031601,Empididae_Rhamphomyia_sulcata_2853275_1957031601,http://creativecommons.org/licenses/by-nc-nd/4.0/
816020,1957031601,Empididae_Rhamphomyia_sulcata_2853276_1957031601,http://creativecommons.org/licenses/by-nc-nd/4.0/
817448,3730806771,Empididae_Empis_trigramma_1907976_3730806771,http://creativecommons.org/licenses/by-nc/4.0/
818415,3725766787,Empididae_Empis_nigricans_1199619_3725766787,http://creativecommons.org/licenses/by-nc-nd/4.0/
818682,1953054680,Empididae_Empis_abbrevinervis_89422_1953054680,http://creativecommons.org/licenses/by-nc-nd/4.0/
819339,1958326341,Empididae_Empis_chioptera_97686_1958326341,http://creativecommons.org/licenses/by-nc-nd/4.0/
819790,3730409190,Empididae_Empis_tessellata_3285777_3730409190,http://creativecommons.org/licenses/by-nc/4.0/
820179,1956766449,Empididae_Rhamphomyia_erythrophthalma_2163048_1956766449,http://creativecommons.org/licenses/by-nc-nd/4.0/
820180,1956766449,Empididae_Rhamphomyia_erythrophthalma_2163049_1956766449,http://creativecommons.org/licenses/by-nc-nd/4.0/
820181,1956766449,Empididae_Rhamphomyia_erythrophthalma_2163050_1956766449,http://creativecommons.org/licenses/by-nc-nd/4.0/
821207,3731387910,Empididae_Empis_trigramma_1911357_3731387910,http://creativecommons.org/licenses/by-nc-nd/4.0/
821737,2833752422,Empididae_Empis_trigramma_212505_2833752422,http://creativecommons.org/licenses/by-nc-nd/4.0/
822722,3725847077,Empididae_Empis_tessellata_2578624_3725847077,http://creativecommons.org/licenses/by-nc-nd/4.0/
823213,3904643682,Empididae_Empis_livida_3376622_3904643682,http://creativecommons.org/licenses/by-nc-nd/4.0/
823430,3827511066,Empididae_Empis_scutellata_2639260_3827511066,http://creativecommons.org/licenses/by-nc-nd/4.0/
823431,3827511066,Empididae_Empis_scutellata_2639261_3827511066,http://creativecommons.org/licenses/by-nc-nd/4.0/
823650,2844069702,Empididae_Empis_digramma_231502_2844069702,http://creativecommons.org/licenses/by-nc-nd/4.0/
825949,1965200504,Empididae_Phyllodromia_melanocephala_1485042_1965200504,http://creativecommons.org/licenses/by-nc-nd/4.0/
826628,1960192929,Empididae_Empis_ciliata_2859000_1960192929,http://creativecommons.org/licenses/by-nc-nd/4.0/
826629,1960192929,Empididae_Empis_ciliata_2859001_1960192929,http://creativecommons.org/licenses/by-nc-nd/4.0/
827149,3715513626,Empididae_Empis_trigramma_1165142_3715513626,http://creativecommons.org/licenses/by-nc/4.0/
827744,3825356117,Empididae_Empis_nigritarsis_2633551_3825356117,http://creativecommons.org/licenses/by-nc-nd/4.0/
828154,3826182067,Empididae_Rhamphomyia_marginata_568101_3826182067,http://creativecommons.org/licenses/by-nc-nd/4.0/
828155,3826182067,Empididae_Rhamphomyia_marginata_568102_3826182067,http://creativecommons.org/licenses/by-nc-nd/4.0/
829342,3823046688,Empididae_Empis_ciliata_2628233_3823046688,http://creativecommons.org/licenses/by-nc-nd/4.0/
829343,3823046688,Empididae_Empis_ciliata_2628234_3823046688,http://creativecommons.org/licenses/by-nc-nd/4.0/
830726,3720716029,Empididae_Empis_digramma_1181201_3720716029,http://creativecommons.org/licenses/by-nc-nd/4.0/
831278,3727654331,Empididae_Empis_ciliata_1207473_3727654331,http://creativecommons.org/licenses/by-nc-nd/4.0/
831417,3716730311,Empididae_Empis_stercorea_3237278_3716730311,http://creativecommons.org/licenses/by-nc-nd/4.0/
831916,1966576567,Empididae_Empis_ciliata_109397_1966576567,http://creativecommons.org/licenses/by-nc-nd/4.0/
832306,1958296475,Empididae_Empis_trigramma_2855974_1958296475,http://creativecommons.org/licenses/by-nc-nd/4.0/
832334,1953091716,Empididae_Dolichocephala_oblongoguttata_780143_1953091716,http://creativecommons.org/licenses/by-nc-nd/4.0/
833266,2833335479,Empididae_Rhamphomyia_barbata_2970423_2833335479,http://creativecommons.org/publicdomain/zero/1.0/
833462,1955809584,Empididae_Rhamphomyia_atra_94001_1955809584,http://creativecommons.org/licenses/by-nc-nd/4.0/
833463,1955809584,Empididae_Rhamphomyia_atra_94002_1955809584,http://creativecommons.org/licenses/by-nc-nd/4.0/
833491,1960744889,Empididae_Empis_digramma_1480011_1960744889,http://creativecommons.org/licenses/by-nc-nd/4.0/
833535,3824381584,Empididae_Empis_digramma_1252801_3824381584,http://creativecommons.org/licenses/by-nc-nd/4.0/
836134,3907298008,Empididae_Empis_livida_2011846_3907298008,http://creativecommons.org/licenses/by-nc-nd/4.0/
837564,3826783055,Empididae_Empis_opaca_3327960_3826783055,http://creativecommons.org/licenses/by-nc-nd/4.0/
838081,1974155921,Empididae_Empis_tessellata_120717_1974155921,http://creativecommons.org/licenses/by-nc-nd/4.0/
838478,1956673200,Empididae_Rhamphomyia_variabilis_94611_1956673200,http://creativecommons.org/licenses/by-nc-nd/4.0/
838479,1956673200,Empididae_Rhamphomyia_variabilis_94612_1956673200,http://creativecommons.org/licenses/by-nc-nd/4.0/
838890,3721914676,Empididae_Empis_livida_500172_3721914676,http://creativecommons.org/licenses/by-nc-nd/4.0/
839459,3826923103,Empididae_Empis_nigricans_3328332_3826923103,http://creativecommons.org/licenses/by-nc-nd/4.0/
840060,3720668541,Empididae_Empis_tessellata_1180957_3720668541,http://creativecommons.org/licenses/by-nc-sa/4.0/
840377,3726168621,Empididae_Empis_opaca_512149_3726168621,http://creativecommons.org/licenses/by-nc-sa/4.0/
840927,1953443529,Empididae_Empis_trigramma_2848456_1953443529,http://creativecommons.org/licenses/by-nc/4.0/
841324,2840761854,Empididae_Empis_nigripes_914761_2840761854,http://creativecommons.org/licenses/by-nc-nd/4.0/
841325,2840761854,Empididae_Empis_nigripes_914762_2840761854,http://creativecommons.org/licenses/by-nc-nd/4.0/
841644,1966790821,Empididae_Empis_opaca_800503_1966790821,http://creativecommons.org/licenses/by-nc/4.0/
841805,1954453119,Empididae_Empis_nigripes_781540_1954453119,http://creativecommons.org/licenses/by-nc-nd/4.0/
842615,2836612817,Empididae_Empis_variegata_2285871_2836612817,http://creativecommons.org/licenses/by-nc-sa/4.0/
843730,1976580670,Empididae_Phyllodromia_melanocephala_1502617_1976580670,http://creativecommons.org/licenses/by-nc-nd/4.0/
843731,1976580670,Empididae_Phyllodromia_melanocephala_1502618_1976580670,http://creativecommons.org/licenses/by-nc-nd/4.0/
843732,1976580670,Empididae_Phyllodromia_melanocephala_1502619_1976580670,http://creativecommons.org/licenses/by-nc-nd/4.0/
843795,1954100165,Empididae_Hilara_flavipes_781404_1954100165,http://creativecommons.org/licenses/by-nc-nd/4.0/
844535,1955796248,Empididae_Empis_ciliata_1473166_1955796248,http://creativecommons.org/licenses/by-nc-nd/4.0/
844783,1955824560,Empididae_Empis_tessellata_784643_1955824560,http://creativecommons.org/licenses/by-nc-nd/4.0/
844786,3823256415,Empididae_Empis_ciliata_3319161_3823256415,http://creativecommons.org/licenses/by-nc-nd/4.0/
845545,1958166228,Empididae_Empis_opaca_788043_1958166228,http://creativecommons.org/licenses/by-nc-nd/4.0/
846214,3823073242,Empididae_Empis_digramma_3318691_3823073242,http://creativecommons.org/licenses/by-nc-nd/4.0/
847533,1966772244,Empididae_Empis_tessellata_109788_1966772244,http://creativecommons.org/licenses/by-nc-nd/4.0/
848416,1958171935,Empididae_Empis_ciliata_1476602_1958171935,http://creativecommons.org/licenses/by-nc-nd/4.0/
849068,1955472763,Empididae_Empis_albinervis_93008_1955472763,http://creativecommons.org/licenses/by-nc-nd/4.0/
849995,3825738140,Empididae_Empis_opaca_2634595_3825738140,http://creativecommons.org/licenses/by-nc-nd/4.0/
850202,3827074510,Empididae_Empis_stercorea_1259301_3827074510,http://creativecommons.org/licenses/by-nc-nd/4.0/
850240,3906122019,Empididae_Empis_digramma_3385231_3906122019,http://creativecommons.org/licenses/by-nc-nd/4.0/
850922,3824293660,Empididae_Rhamphomyia_marginata_2631169_3824293660,http://creativecommons.org/licenses/by-nc-nd/4.0/
850965,3726670649,Empididae_Empis_tessellata_2582395_3726670649,http://creativecommons.org/licenses/by-nc-nd/4.0/
851354,3729053584,Empididae_Empis_tessellata_1211397_3729053584,http://creativecommons.org/licenses/by-nc-nd/4.0/
851794,1959110936,Empididae_Rhamphomyia_spinipes_1477690_1959110936,http://creativecommons.org/licenses/by-nc/4.0/
851968,1962932717,Empididae_Empis_trigramma_103588_1962932717,http://creativecommons.org/licenses/by-nc-nd/4.0/
852258,1970609119,Empididae_Empis_trigramma_115287_1970609119,http://creativecommons.org/licenses/by-nc-nd/4.0/
854022,3720392186,Empididae_Empis_nigricans_490839_3720392186,http://creativecommons.org/licenses/by-nc-nd/4.0/
854173,1958983953,Empididae_Empis_ciliata_2166785_1958983953,http://creativecommons.org/licenses/by-nc-nd/4.0/
854240,3995194363,Empididae_Empis_livida_2733027_3995194363,http://creativecommons.org/licenses/by-nc-nd/4.0/
854973,3826641028,Empididae_Empis_trigramma_1947334_3826641028,http://creativecommons.org/licenses/by-nc-nd/4.0/
855263,3727617739,Empididae_Empis_livida_1896726_3727617739,http://creativecommons.org/licenses/by-nc-nd/4.0/
855393,3907202772,Empididae_Empis_livida_633661_3907202772,http://creativecommons.org/licenses/by-nc-nd/4.0/
856467,3823383266,Empididae_Empis_nigricans_3319625_3823383266,http://creativecommons.org/licenses/by-nc-nd/4.0/
857532,1953055197,Empididae_Empis_serotina_2847651_1953055197,http://creativecommons.org/licenses/by-nc-nd/4.0/
857533,1953055197,Empididae_Empis_serotina_2847652_1953055197,http://creativecommons.org/licenses/by-nc-nd/4.0/
857534,1953055197,Empididae_Empis_serotina_2847653_1953055197,http://creativecommons.org/licenses/by-nc-nd/4.0/
857535,1953055197,Empididae_Empis_serotina_2847654_1953055197,http://creativecommons.org/licenses/by-nc-nd/4.0/
857536,1953055197,Empididae_Empis_serotina_2847655_1953055197,http://creativecommons.org/licenses/by-nc-nd/4.0/
859236,1953244760,Empididae_Rhamphomyia_barbata_89809_1953244760,http://creativecommons.org/licenses/by-nc-nd/4.0/
859452,3728087465,Empididae_Empis_lutea_519741_3728087465,http://creativecommons.org/licenses/by-nc-nd/4.0/
859453,3728087465,Empididae_Empis_lutea_519742_3728087465,http://creativecommons.org/licenses/by-nc-nd/4.0/
859893,1966494774,Empididae_Empis_tessellata_2867787_1966494774,http://creativecommons.org/licenses/by-nc-sa/4.0/
859910,3729262671,Empididae_Empis_opaca_522982_3729262671,http://creativecommons.org/licenses/by-nc-nd/4.0/
860507,3825264125,Empididae_Phyllodromia_melanocephala_565529_3825264125,http://creativecommons.org/licenses/by-nc-nd/4.0/
860508,3825264125,Empididae_Phyllodromia_melanocephala_565530_3825264125,http://creativecommons.org/licenses/by-nc-nd/4.0/
860509,3825264125,Empididae_Phyllodromia_melanocephala_565531_3825264125,http://creativecommons.org/licenses/by-nc-nd/4.0/
861462,1954494333,Empididae_Empis_nigripes_2849212_1954494333,http://creativecommons.org/licenses/by-nc-nd/4.0/
861588,2833806928,Empididae_Empis_ciliata_903017_2833806928,http://creativecommons.org/licenses/by-nc-nd/4.0/
861653,3822679734,Empididae_Phyllodromia_melanocephala_1248833_3822679734,http://creativecommons.org/licenses/by-nc-nd/4.0/
861903,1960765081,Empididae_Empis_nigricans_2859263_1960765081,http://creativecommons.org/publicdomain/zero/1.0/
861904,1960765081,Empididae_Empis_nigricans_2859264_1960765081,http://creativecommons.org/publicdomain/zero/1.0/
863027,3826939969,Empididae_Empis_digramma_1258898_3826939969,http://creativecommons.org/licenses/by-nc-nd/4.0/
863137,1975799198,Empididae_Rhamphomyia_erythrophthalma_812765_1975799198,http://creativecommons.org/licenses/by-nc-nd/4.0/
863138,1975799198,Empididae_Rhamphomyia_erythrophthalma_812766_1975799198,http://creativecommons.org/licenses/by-nc-nd/4.0/
863139,1975799198,Empididae_Rhamphomyia_erythrophthalma_812767_1975799198,http://creativecommons.org/licenses/by-nc-nd/4.0/
864253,1966603110,Empididae_Empis_tessellata_109465_1966603110,http://creativecommons.org/licenses/by-nc/4.0/
864337,3730639557,Empididae_Empis_ciliata_2596294_3730639557,http://creativecommons.org/licenses/by-nc-nd/4.0/
864378,3720270825,Empididae_Empis_digramma_490441_3720270825,http://creativecommons.org/licenses/by-nc-nd/4.0/
864432,3726478686,Empididae_Empis_nigricans_513633_3726478686,http://creativecommons.org/licenses/by-nc-nd/4.0/
866503,1954456529,Empididae_Rhamphomyia_umbripennis_2849190_1954456529,http://creativecommons.org/licenses/by-nc-nd/4.0/
866504,1954456529,Empididae_Rhamphomyia_umbripennis_2849191_1954456529,http://creativecommons.org/licenses/by-nc-nd/4.0/
866891,1957987303,Empididae_Rhamphomyia_sulcata_97017_1957987303,http://creativecommons.org/licenses/by-nc-nd/4.0/
866909,3720672654,Empididae_Empis_tessellata_1180976_3720672654,http://creativecommons.org/licenses/by-nc-nd/4.0/
867101,3716479730,Empididae_Empis_tessellata_3236056_3716479730,http://creativecommons.org/licenses/by-nc/4.0/
867585,3824400121,Empididae_Empis_tessellata_563953_3824400121,http://creativecommons.org/licenses/by-nc-nd/4.0/
868019,3725863589,Empididae_Empis_trigramma_3269099_3725863589,http://creativecommons.org/licenses/by-nc-nd/4.0/
868029,1955939933,Empididae_Empis_trigramma_1473464_1955939933,http://creativecommons.org/licenses/by-nc-nd/4.0/
868031,1955939933,Empididae_Empis_trigramma_1473466_1955939933,http://creativecommons.org/licenses/by-nc-nd/4.0/
868083,3730235171,Empididae_Empis_opaca_526645_3730235171,http://creativecommons.org/licenses/by-nc-nd/4.0/
868296,2842985429,Empididae_Empis_livida_2988247_2842985429,http://creativecommons.org/licenses/by-nc-nd/4.0/
868678,3721043090,Empididae_Empis_livida_2561861_3721043090,http://creativecommons.org/licenses/by-nc-nd/4.0/
869461,3728771228,Empididae_Empis_tessellata_1900033_3728771228,http://creativecommons.org/licenses/by-nc-nd/4.0/
869889,1952412398,Empididae_Hilara_flavipes_778639_1952412398,http://creativecommons.org/licenses/by-nc-nd/4.0/
869890,1952412398,Empididae_Hilara_flavipes_778640_1952412398,http://creativecommons.org/licenses/by-nc-nd/4.0/
870653,3720799073,Empididae_Empis_nigricans_1181644_3720799073,http://creativecommons.org/licenses/by-nc-nd/4.0/
870654,3720799073,Empididae_Empis_nigricans_1181645_3720799073,http://creativecommons.org/licenses/by-nc-nd/4.0/
871988,3726280808,Empididae_Empis_opaca_1891218_3726280808,http://creativecommons.org/licenses/by-nc-nd/4.0/
872009,1956927472,Empididae_Empis_ciliata_2163218_1956927472,http://creativecommons.org/licenses/by-nc-nd/4.0/
872011,1956927472,Empididae_Empis_ciliata_2163220_1956927472,http://creativecommons.org/licenses/by-nc-nd/4.0/
872792,3826885283,Empididae_Empis_stercorea_569618_3826885283,http://creativecommons.org/licenses/by-nc-nd/4.0/
875957,3824733449,Empididae_Empis_femorata_3323285_3824733449,http://creativecommons.org/licenses/by-nc-nd/4.0/
875958,3824733449,Empididae_Empis_femorata_3323286_3824733449,http://creativecommons.org/licenses/by-nc-nd/4.0/
876278,1953263255,Empididae_Empis_stercorea_89844_1953263255,http://creativecommons.org/licenses/by-nc-nd/4.0/
876330,1953556556,Empididae_Empis_ciliata_2848664_1953556556,http://creativecommons.org/licenses/by-nc-nd/4.0/
877316,3727304169,Empididae_Empis_livida_1895642_3727304169,http://creativecommons.org/licenses/by-nc-nd/4.0/
877551,3826803025,Empididae_Empis_trigramma_3328007_3826803025,http://creativecommons.org/licenses/by-nc-nd/4.0/
877665,3721209921,Empididae_Empis_trigramma_494989_3721209921,http://creativecommons.org/licenses/by-nc-nd/4.0/
877990,3825243151,Empididae_Empis_livida_1254486_3825243151,http://creativecommons.org/licenses/by-nc-nd/4.0/
879010,1961678257,Empididae_Empis_digramma_102452_1961678257,http://creativecommons.org/licenses/by-nc-nd/4.0/
880378,3716583528,Empididae_Empis_opaca_477916_3716583528,http://creativecommons.org/licenses/by-nc-nd/4.0/
881036,1970410364,Empididae_Empis_digramma_1493949_1970410364,http://creativecommons.org/licenses/by-nc-sa/4.0/
881037,1970410364,Empididae_Empis_digramma_1493950_1970410364,http://creativecommons.org/licenses/by-nc-sa/4.0/
881538,1970370986,Empididae_Rhamphomyia_marginata_1493856_1970370986,http://creativecommons.org/licenses/by-nc-sa/4.0/
881539,1970370986,Empididae_Rhamphomyia_marginata_1493857_1970370986,http://creativecommons.org/licenses/by-nc-sa/4.0/
881920,3827438613,Empididae_Empis_tessellata_3329888_3827438613,http://creativecommons.org/licenses/by-nc-nd/4.0/
881982,1958189759,Empididae_Rhamphomyia_nigripennis_97449_1958189759,http://creativecommons.org/licenses/by-nc-nd/4.0/
882590,2837295669,Empididae_Empis_livida_2287497_2837295669,http://creativecommons.org/licenses/by-nc-nd/4.0/
883182,1976833018,Empididae_Empis_livida_2882497_1976833018,http://creativecommons.org/licenses/by-nc/4.0/
886116,2838005745,Empididae_Empis_ciliata_2289145_2838005745,http://creativecommons.org/licenses/by-nc-nd/4.0/
886136,1955799858,Empididae_Empis_trigramma_1473178_1955799858,http://creativecommons.org/licenses/by-nc-nd/4.0/
886365,1955814461,Empididae_Rhamphomyia_sulcata_94019_1955814461,http://creativecommons.org/licenses/by-nc-sa/4.0/
886366,1955814461,Empididae_Rhamphomyia_sulcata_94020_1955814461,http://creativecommons.org/licenses/by-nc-sa/4.0/
886367,1955814461,Empididae_Rhamphomyia_sulcata_94021_1955814461,http://creativecommons.org/licenses/by-nc-sa/4.0/
886368,1955814461,Empididae_Rhamphomyia_sulcata_94022_1955814461,http://creativecommons.org/licenses/by-nc-sa/4.0/
887132,3890018378,Empididae_Rhamphomyia_spinipes_2669218_3890018378,© All rights reserved
887269,2399230459,Empididae_Empis_pennipes_842014_2399230459,© All rights reserved
887270,2399230459,Empididae_Empis_pennipes_842015_2399230459,© All rights reserved
887334,2401251045,Empididae_Phyllodromia_melanocephala_152310_2401251045,http://creativecommons.org/licenses/by-nc-sa/4.0/
887479,2409536054,Empididae_Empis_stercorea_154221_2409536054,© All rights reserved
887733,2836816549,Empididae_Empis_trigramma_908470_2836816549,http://creativecommons.org/licenses/by-nc-nd/4.0/
888316,1958194672,Empididae_Empis_trigramma_97463_1958194672,http://creativecommons.org/licenses/by-nc-nd/4.0/
888317,1958194672,Empididae_Empis_trigramma_97464_1958194672,http://creativecommons.org/licenses/by-nc-nd/4.0/
888469,3720660793,Empididae_Empis_opaca_1870385_3720660793,http://creativecommons.org/licenses/by-nc-nd/4.0/
888678,1954453156,Empididae_Hilara_nitidula_1470262_1954453156,http://creativecommons.org/licenses/by-nc-nd/4.0/
888679,1954453156,Empididae_Hilara_nitidula_1470263_1954453156,http://creativecommons.org/licenses/by-nc-nd/4.0/
889741,2840643050,Empididae_Empis_nigripes_2292329_2840643050,http://creativecommons.org/licenses/by-nc-nd/4.0/
890148,1975004965,Empididae_Rhamphomyia_nigripennis_1500618_1975004965,http://creativecommons.org/licenses/by-nc-nd/4.0/
890149,1975004965,Empididae_Rhamphomyia_nigripennis_1500619_1975004965,http://creativecommons.org/licenses/by-nc-nd/4.0/
890150,1975004965,Empididae_Rhamphomyia_nigripennis_1500620_1975004965,http://creativecommons.org/licenses/by-nc-nd/4.0/
890353,3825387260,Empididae_Phyllodromia_melanocephala_1255127_3825387260,http://creativecommons.org/licenses/by-nc-nd/4.0/
890975,3731771354,Empididae_Empis_tessellata_1224078_3731771354,http://creativecommons.org/licenses/by-nc-nd/4.0/
892295,3729784831,Empididae_Empis_livida_1902976_3729784831,http://creativecommons.org/licenses/by-nc-nd/4.0/
892801,1974118873,Empididae_Rhamphomyia_marginata_120654_1974118873,http://creativecommons.org/licenses/by-nc-nd/4.0/
893736,3907273524,Empididae_Empis_livida_2701566_3907273524,http://creativecommons.org/licenses/by-nc-nd/4.0/
894143,2837098772,Empididae_Empis_ciliata_2977486_2837098772,http://creativecommons.org/licenses/by-nc-nd/4.0/
894824,3716443353,Empididae_Empis_trigramma_1166821_3716443353,http://creativecommons.org/licenses/by/4.0/
895127,1966721884,Empididae_Empis_chioptera_2868293_1966721884,http://creativecommons.org/licenses/by/4.0/
895182,2843612156,Empididae_Empis_vitripennis_921106_2843612156,http://creativecommons.org/licenses/by-nc-nd/4.0/
895183,2843612156,Empididae_Empis_vitripennis_921107_2843612156,http://creativecommons.org/licenses/by-nc-nd/4.0/
897285,3995053044,Empididae_Empis_livida_2732477_3995053044,http://creativecommons.org/licenses/by-nc-nd/4.0/
897597,3722047510,Empididae_Empis_livida_501158_3722047510,http://creativecommons.org/licenses/by-nc-nd/4.0/
898122,1974154587,Empididae_Rhamphomyia_marginata_1499829_1974154587,http://creativecommons.org/licenses/by-nc-nd/4.0/
898123,1974154587,Empididae_Rhamphomyia_marginata_1499830_1974154587,http://creativecommons.org/licenses/by-nc-nd/4.0/
898252,2842324651,Empididae_Phyllodromia_melanocephala_2296060_2842324651,http://creativecommons.org/licenses/by-nc-nd/4.0/
898253,2842324651,Empididae_Phyllodromia_melanocephala_2296061_2842324651,http://creativecommons.org/licenses/by-nc-nd/4.0/
898535,1974295293,Empididae_Dolichocephala_oblongoguttata_1500014_1974295293,http://creativecommons.org/licenses/by-nc-nd/4.0/
898536,1974295293,Empididae_Dolichocephala_oblongoguttata_1500015_1974295293,http://creativecommons.org/licenses/by-nc-nd/4.0/
900269,1954494395,Empididae_Empis_nigripes_1470292_1954494395,http://creativecommons.org/licenses/by-nc-nd/4.0/
900616,3729877377,Empididae_Empis_opaca_524984_3729877377,http://creativecommons.org/licenses/by-nc-nd/4.0/
900669,3725710193,Empididae_Empis_lutea_1199358_3725710193,http://creativecommons.org/licenses/by-nc-nd/4.0/
901690,3825777907,Empididae_Empis_nigricans_1945259_3825777907,http://creativecommons.org/licenses/by-nc-nd/4.0/
901702,1955812509,Empididae_Empis_tessellata_784593_1955812509,http://creativecommons.org/licenses/by-nc-nd/4.0/
901751,1954681286,Empididae_Rhamphomyia_erythrophthalma_2849402_1954681286,http://creativecommons.org/licenses/by-nc-nd/4.0/
901752,1954681286,Empididae_Rhamphomyia_erythrophthalma_2849403_1954681286,http://creativecommons.org/licenses/by-nc-nd/4.0/
902002,3730516145,Empididae_Empis_trigramma_2595600_3730516145,http://creativecommons.org/licenses/by-nc-nd/4.0/
903085,3906169466,Empididae_Empis_tessellata_1316309_3906169466,http://creativecommons.org/licenses/by-nc-nd/4.0/
903811,1954456299,Empididae_Rhamphomyia_crassirostris_2159376_1954456299,http://creativecommons.org/licenses/by-nc-nd/4.0/
903812,1954456299,Empididae_Rhamphomyia_crassirostris_2159377_1954456299,http://creativecommons.org/licenses/by-nc-nd/4.0/
903813,1954456299,Empididae_Rhamphomyia_crassirostris_2159378_1954456299,http://creativecommons.org/licenses/by-nc-nd/4.0/
903814,1954456299,Empididae_Rhamphomyia_crassirostris_2159379_1954456299,http://creativecommons.org/licenses/by-nc-nd/4.0/
905778,1957938406,Empididae_Empis_chioptera_96928_1957938406,http://creativecommons.org/licenses/by-nc-nd/4.0/
905904,3824477404,Empididae_Empis_tessellata_2631758_3824477404,http://creativecommons.org/licenses/by-nc-nd/4.0/
906491,3720895522,Empididae_Empis_opaca_1871465_3720895522,http://creativecommons.org/licenses/by-nc-nd/4.0/
906734,1958335639,Empididae_Empis_ciliata_97701_1958335639,http://creativecommons.org/licenses/by-nc-nd/4.0/
906735,1958335639,Empididae_Empis_ciliata_97702_1958335639,http://creativecommons.org/licenses/by-nc-nd/4.0/
907092,2841892142,Empididae_Empis_trigramma_1605716_2841892142,http://creativecommons.org/licenses/by-nc/4.0/
907443,3729000256,Empididae_Empis_digramma_3280539_3729000256,http://creativecommons.org/licenses/by-nc-nd/4.0/
907503,3726666523,Empididae_Empis_opaca_3272774_3726666523,http://creativecommons.org/licenses/by-nc-nd/4.0/
907789,1957854533,Empididae_Empis_lutea_2165154_1957854533,http://creativecommons.org/licenses/by-nc-nd/4.0/
909559,3725613697,Empididae_Empis_trigramma_1888346_3725613697,http://creativecommons.org/licenses/by-nc-nd/4.0/
910498,3726026692,Empididae_Empis_lutea_1200688_3726026692,http://creativecommons.org/licenses/by-nc-nd/4.0/
911384,1961674023,Empididae_Empis_opaca_1481645_1961674023,http://creativecommons.org/publicdomain/zero/1.0/
911772,3827347212,Empididae_Rhamphomyia_marginata_2638765_3827347212,http://creativecommons.org/licenses/by-nc-nd/4.0/
911880,3730968574,Empididae_Empis_opaca_1908960_3730968574,http://creativecommons.org/licenses/by-nc-nd/4.0/
911897,2832507792,Empididae_Empis_livida_1590305_2832507792,http://creativecommons.org/licenses/by-nc-nd/4.0/
912153,2834820938,Empididae_Empis_punctata_2974607_2834820938,http://creativecommons.org/licenses/by-nc/4.0/
912395,1969557956,Empididae_Empis_livida_803803_1969557956,http://creativecommons.org/licenses/by-nc-nd/4.0/
913039,3392993423,Empididae_Hilara_diversipes_326937_3392993423,© All rights reserved
913040,3392993423,Empididae_Hilara_diversipes_326938_3392993423,© All rights reserved
913041,3392993423,Empididae_Hilara_diversipes_326939_3392993423,© All rights reserved
913042,3392993423,Empididae_Hilara_diversipes_326940_3392993423,© All rights reserved
913175,3303141541,Empididae_Empis_borealis_2359802_3303141541,© All rights reserved
913254,3866455430,Empididae_Hilara_clypeata_587802_3866455430,© All rights reserved
913382,3303318521,Empididae_Empis_chioptera_1669865_3303318521,© All rights reserved
913383,3303318521,Empididae_Empis_chioptera_1669866_3303318521,© All rights reserved
913451,2313630725,Empididae_Hilara_clavipes_1527290_2313630725,© All rights reserved
913870,3910013352,Empididae_Rhamphomyia_albipennis_2703788_3910013352,http://creativecommons.org/licenses/by-sa/4.0/
913892,3453917435,Empididae_Rhamphomyia_marginata_3213517_3453917435,http://creativecommons.org/licenses/by-sa/4.0/
913924,3762024420,Empididae_Rhamphomyia_marginata_2615451_3762024420,http://creativecommons.org/licenses/by-sa/4.0/
914693,1977267104,Empididae_Empis_ciliata_1504300_1977267104,http://creativecommons.org/licenses/by-nc-nd/4.0/
915258,3826940078,Empididae_Empis_nigricans_3328374_3826940078,http://creativecommons.org/licenses/by-nc-nd/4.0/
915903,1975733270,Empididae_Rhamphomyia_erythrophthalma_121887_1975733270,http://creativecommons.org/licenses/by-nc-nd/4.0/
916038,1958678979,Empididae_Empis_opaca_1477263_1958678979,http://creativecommons.org/licenses/by-nc-nd/4.0/
916309,1953370338,Empididae_Rhamphomyia_crassirostris_780718_1953370338,http://creativecommons.org/licenses/by-nc-nd/4.0/
916365,3717679321,Empididae_Empis_livida_483670_3717679321,http://creativecommons.org/licenses/by-nc-nd/4.0/
916748,3824389510,Empididae_Empis_tessellata_2631420_3824389510,http://creativecommons.org/licenses/by-sa/4.0/
917001,1977316939,Empididae_Empis_trigramma_2193491_1977316939,http://creativecommons.org/licenses/by-nc-nd/4.0/
917248,3720252651,Empididae_Empis_femorata_1868934_3720252651,http://creativecommons.org/licenses/by/4.0/
917249,3720252651,Empididae_Empis_femorata_1868935_3720252651,http://creativecommons.org/licenses/by/4.0/
917513,3726638435,Empididae_Empis_trigramma_514351_3726638435,http://creativecommons.org/licenses/by-nc-nd/4.0/
917994,3822429145,Empididae_Empis_opaca_558870_3822429145,http://creativecommons.org/licenses/by-nc-nd/4.0/
918130,3726573816,Empididae_Empis_tessellata_1203264_3726573816,http://creativecommons.org/licenses/by/4.0/
918303,3721109359,Empididae_Empis_digramma_3252482_3721109359,http://creativecommons.org/licenses/by-nc-nd/4.0/
921487,3722354623,Empididae_Empis_opaca_1192131_3722354623,http://creativecommons.org/licenses/by-nc-nd/4.0/
921690,3715870219,Empididae_Empis_lutea_475893_3715870219,http://creativecommons.org/licenses/by-nc/4.0/
925095,2858269473,Empididae_Hilara_clavipes_1620127_2858269473,© All rights reserved
925161,3862212381,Empididae_Rhamphomyia_flava_2655109_3862212381,© All rights reserved
925598,2841345928,Empididae_Empis_tessellata_1604168_2841345928,http://creativecommons.org/licenses/by-sa/4.0/
926077,3826302361,Empididae_Empis_ciliata_1257581_3826302361,http://creativecommons.org/licenses/by-nc-nd/4.0/
926911,1963025446,Empididae_Rhamphomyia_marginata_103710_1963025446,http://creativecommons.org/licenses/by-nc/4.0/
926912,1963025446,Empididae_Rhamphomyia_marginata_103711_1963025446,http://creativecommons.org/licenses/by-nc/4.0/
927578,1955899786,Empididae_Empis_trigramma_2162542_1955899786,http://creativecommons.org/licenses/by-nc-nd/4.0/
927579,1955899786,Empididae_Empis_trigramma_2162543_1955899786,http://creativecommons.org/licenses/by-nc-nd/4.0/
927840,3721008991,Empididae_Empis_digramma_3251981_3721008991,http://creativecommons.org/licenses/by-nc-sa/4.0/
929651,1958198629,Empididae_Empis_trigramma_788070_1958198629,http://creativecommons.org/licenses/by-nc-nd/4.0/
929652,1958198629,Empididae_Empis_trigramma_788071_1958198629,http://creativecommons.org/licenses/by-nc-nd/4.0/
929711,1953054875,Empididae_Hilara_interstincta_780066_1953054875,http://creativecommons.org/licenses/by-nc-nd/4.0/
929814,3995950273,Empididae_Empis_livida_2735634_3995950273,http://creativecommons.org/licenses/by-nc-nd/4.0/
930366,1977045340,Empididae_Empis_digramma_2192939_1977045340,http://creativecommons.org/licenses/by-nc/4.0/
931945,3827193452,Empididae_Empis_tessellata_2638295_3827193452,http://creativecommons.org/licenses/by-nc-nd/4.0/
931961,1953056496,Empididae_Hilara_lurida_1468696_1953056496,http://creativecommons.org/licenses/by-nc-nd/4.0/
933898,3729187014,Empididae_Empis_trigramma_1901087_3729187014,http://creativecommons.org/licenses/by-nc-nd/4.0/
934131,1960156997,Empididae_Rhamphomyia_cinerascens_2858947_1960156997,http://creativecommons.org/licenses/by-nc-nd/4.0/
934132,1960156997,Empididae_Rhamphomyia_cinerascens_2858948_1960156997,http://creativecommons.org/licenses/by-nc-nd/4.0/
934133,1960156997,Empididae_Rhamphomyia_cinerascens_2858949_1960156997,http://creativecommons.org/licenses/by-nc-nd/4.0/
934350,3725890042,Empididae_Empis_livida_2578783_3725890042,http://creativecommons.org/licenses/by-nc-nd/4.0/
935793,3716551369,Empididae_Empis_femorata_2546266_3716551369,http://creativecommons.org/licenses/by-nc-nd/4.0/
935794,3716551369,Empididae_Empis_femorata_2546267_3716551369,http://creativecommons.org/licenses/by-nc-nd/4.0/
935795,3716551369,Empididae_Empis_femorata_2546268_3716551369,http://creativecommons.org/licenses/by-nc-nd/4.0/
935796,3716551369,Empididae_Empis_femorata_2546269_3716551369,http://creativecommons.org/licenses/by-nc-nd/4.0/
936557,1970551847,Empididae_Empis_digramma_2873702_1970551847,http://creativecommons.org/licenses/by-nc-nd/4.0/
936715,1956657650,Empididae_Empis_prodromus_785261_1956657650,http://creativecommons.org/licenses/by-nc-nd/4.0/
936924,3827203696,Empididae_Empis_opaca_570637_3827203696,http://creativecommons.org/licenses/by-nc-nd/4.0/
937521,3720018107,Empididae_Empis_opaca_2557769_3720018107,http://creativecommons.org/licenses/by-nc-nd/4.0/
937721,1957179983,Empididae_Empis_opaca_95161_1957179983,http://creativecommons.org/licenses/by-nc-nd/4.0/
937725,3730598992,Empididae_Empis_digramma_528592_3730598992,http://creativecommons.org/licenses/by-nc-nd/4.0/
939378,3822450253,Empididae_Empis_livida_3316947_3822450253,http://creativecommons.org/licenses/by-nc-nd/4.0/
939874,1973708327,Empididae_Hilara_tenella_2187981_1973708327,http://creativecommons.org/licenses/by-nc-nd/4.0/
940189,3716537428,Empididae_Empis_ciliata_2546197_3716537428,http://creativecommons.org/licenses/by-nc-nd/4.0/
940667,1971636747,Empididae_Phyllodromia_melanocephala_116300_1971636747,http://creativecommons.org/licenses/by-nc-nd/4.0/
940668,1971636747,Empididae_Phyllodromia_melanocephala_116301_1971636747,http://creativecommons.org/licenses/by-nc-nd/4.0/
940983,1954456254,Empididae_Rhamphomyia_cinerascens_2849187_1954456254,http://creativecommons.org/licenses/by-nc-nd/4.0/
940984,1954456254,Empididae_Rhamphomyia_cinerascens_2849188_1954456254,http://creativecommons.org/licenses/by-nc-nd/4.0/
940985,1954456254,Empididae_Rhamphomyia_cinerascens_2849189_1954456254,http://creativecommons.org/licenses/by-nc-nd/4.0/
942758,2833362168,Empididae_Empis_nigripes_2970449_2833362168,http://creativecommons.org/licenses/by-nc-nd/4.0/
942759,2833362168,Empididae_Empis_nigripes_2970450_2833362168,http://creativecommons.org/licenses/by-nc-nd/4.0/
943194,1955682198,Empididae_Empis_tessellata_93602_1955682198,http://creativecommons.org/licenses/by-nc-nd/4.0/
944159,3823314063,Empididae_Empis_tessellata_2628917_3823314063,http://creativecommons.org/licenses/by-nc-nd/4.0/
944376,3719880281,Empididae_Empis_digramma_2557497_3719880281,http://creativecommons.org/licenses/by-nc-nd/4.0/
944824,3997270452,Empididae_Empis_nigricans_1361232_3997270452,http://creativecommons.org/licenses/by-nc-nd/4.0/
944825,3997270452,Empididae_Empis_nigricans_1361233_3997270452,http://creativecommons.org/licenses/by-nc-nd/4.0/
944826,3997270452,Empididae_Empis_nigricans_1361234_3997270452,http://creativecommons.org/licenses/by-nc-nd/4.0/
945002,2838187562,Empididae_Empis_digramma_911755_2838187562,http://creativecommons.org/licenses/by-nc-nd/4.0/
945113,2837415466,Empididae_Empis_tessellata_1598710_2837415466,http://creativecommons.org/licenses/by-nc-nd/4.0/
945300,3905716049,Empididae_Empis_livida_2692390_3905716049,http://creativecommons.org/licenses/by-nc-nd/4.0/
945601,3720367859,Empididae_Empis_borealis_3249039_3720367859,http://creativecommons.org/licenses/by-nc-nd/4.0/
945835,3825378021,Empididae_Empis_livida_1255083_3825378021,http://creativecommons.org/licenses/by-nc-nd/4.0/
945907,3824166629,Empididae_Empis_digramma_1941341_3824166629,http://creativecommons.org/licenses/by-nc-nd/4.0/
947219,3729950557,Empididae_Empis_livida_1903531_3729950557,http://creativecommons.org/licenses/by-nc-nd/4.0/
947254,3826895049,Empididae_Empis_digramma_1258753_3826895049,http://creativecommons.org/licenses/by-nc-nd/4.0/
948901,1974312247,Empididae_Empis_ciliata_811686_1974312247,http://creativecommons.org/licenses/by-nc-nd/4.0/
949930,1957179997,Empididae_Empis_trigramma_95164_1957179997,http://creativecommons.org/licenses/by-nc-nd/4.0/
950093,3720183376,Empididae_Empis_nigricans_3248512_3720183376,http://creativecommons.org/licenses/by-nc-nd/4.0/
950226,3826782164,Empididae_Empis_trigramma_3327956_3826782164,http://creativecommons.org/licenses/by-sa/4.0/
950631,3720195308,Empididae_Empis_tessellata_1868782_3720195308,http://creativecommons.org/licenses/by-nc-nd/4.0/
951620,3824384669,Empididae_Empis_tessellata_2631397_3824384669,http://creativecommons.org/licenses/by-nc-nd/4.0/
952596,3823126779,Empididae_Empis_opaca_2628425_3823126779,http://creativecommons.org/licenses/by-nc/4.0/
952987,1954453187,Empididae_Empis_nigricans_781544_1954453187,http://creativecommons.org/licenses/by-nc-nd/4.0/
952988,1954453187,Empididae_Empis_nigricans_781545_1954453187,http://creativecommons.org/licenses/by-nc-nd/4.0/
953051,2835999999,Empididae_Empis_ciliata_907338_2835999999,http://creativecommons.org/licenses/by-nc/4.0/
953151,3906084128,Empididae_Empis_livida_2004896_3906084128,http://creativecommons.org/licenses/by-nc-nd/4.0/
953205,1956667636,Empididae_Rhamphomyia_obscuripennis_785263_1956667636,http://creativecommons.org/licenses/by-nc-nd/4.0/
953206,1956667636,Empididae_Rhamphomyia_obscuripennis_785264_1956667636,http://creativecommons.org/licenses/by-nc-nd/4.0/
953327,3824138305,Empididae_Empis_tessellata_1941257_3824138305,http://creativecommons.org/licenses/by-nc-nd/4.0/
953776,1955584769,Empididae_Empis_tessellata_93385_1955584769,http://creativecommons.org/licenses/by-sa/4.0/
954231,3716237532,Empididae_Empis_opaca_1166080_3716237532,http://creativecommons.org/licenses/by-nc-nd/4.0/
956737,3822429168,Empididae_Empis_femorata_558871_3822429168,http://creativecommons.org/licenses/by-nc-nd/4.0/
957111,1955828650,Empididae_Empis_acinerea_94047_1955828650,http://creativecommons.org/licenses/by-nc-nd/4.0/
957785,3716518646,Empididae_Empis_trigramma_3236249_3716518646,http://creativecommons.org/licenses/by-nc-nd/4.0/
958515,1966816095,Empididae_Empis_nigricans_2178167_1966816095,http://creativecommons.org/licenses/by-nc-nd/4.0/
958516,1966816095,Empididae_Empis_nigricans_2178168_1966816095,http://creativecommons.org/licenses/by-nc-nd/4.0/
959675,3823846593,Empididae_Empis_trigramma_1251521_3823846593,http://creativecommons.org/licenses/by-nc-nd/4.0/
959986,1966509476,Empididae_Empis_ciliata_109232_1966509476,http://creativecommons.org/licenses/by-nc-nd/4.0/
960627,3725524901,Empididae_Empis_opaca_1198723_3725524901,http://creativecommons.org/licenses/by-nc-nd/4.0/
961347,3825323089,Empididae_Empis_livida_565785_3825323089,http://creativecommons.org/licenses/by-nc-nd/4.0/
961435,3720501798,Empididae_Empis_tessellata_1180258_3720501798,http://creativecommons.org/licenses/by-nc/4.0/
963235,1974062006,Empididae_Empis_digramma_811286_1974062006,http://creativecommons.org/licenses/by-nc-nd/4.0/
963318,3826643665,Empididae_Empis_trigramma_1258164_3826643665,http://creativecommons.org/licenses/by-nc-nd/4.0/
964019,3824031489,Empididae_Empis_opaca_1940957_3824031489,http://creativecommons.org/licenses/by-nc/4.0/
964033,1966897849,Empididae_Empis_ciliata_2868650_1966897849,http://creativecommons.org/licenses/by-nc/4.0/
964358,3822678086,Empididae_Empis_trigramma_559940_3822678086,http://creativecommons.org/licenses/by-nc-nd/4.0/
964359,3822678086,Empididae_Empis_trigramma_559941_3822678086,http://creativecommons.org/licenses/by-nc-nd/4.0/
964648,1958054679,Empididae_Empis_stercorea_1476398_1958054679,http://creativecommons.org/licenses/by-nc/4.0/
965989,1974957660,Empididae_Empis_serotina_121411_1974957660,http://creativecommons.org/licenses/by-nc-nd/4.0/
965990,1974957660,Empididae_Empis_serotina_121412_1974957660,http://creativecommons.org/licenses/by-nc-nd/4.0/
966488,3729345653,Empididae_Empis_lutea_1901532_3729345653,http://creativecommons.org/licenses/by-nc-nd/4.0/
966489,3729345653,Empididae_Empis_lutea_1901533_3729345653,http://creativecommons.org/licenses/by-nc-nd/4.0/
967259,3996511589,Empididae_Empis_livida_2047549_3996511589,http://creativecommons.org/licenses/by-nc-nd/4.0/
967980,3995973836,Empididae_Rhamphomyia_marginata_2735713_3995973836,http://creativecommons.org/licenses/by-nc-nd/4.0/
967981,3995973836,Empididae_Rhamphomyia_marginata_2735714_3995973836,http://creativecommons.org/licenses/by-nc-nd/4.0/
968124,3731234772,Empididae_Empis_digramma_3290474_3731234772,http://creativecommons.org/licenses/by-nc-nd/4.0/
968590,1973690604,Empididae_Empis_livida_2878171_1973690604,http://creativecommons.org/licenses/by-nc-nd/4.0/
968610,1966764259,Empididae_Empis_tessellata_1489070_1966764259,http://creativecommons.org/licenses/by-nc-nd/4.0/
969293,3731490429,Empididae_Empis_digramma_1911854_3731490429,http://creativecommons.org/licenses/by-nc-nd/4.0/
969432,1970211487,Empididae_Empis_tessellata_1493516_1970211487,http://creativecommons.org/licenses/by-nc-nd/4.0/
969582,1969870152,Empididae_Rhamphomyia_maculipennis_1492782_1969870152,http://creativecommons.org/licenses/by-nc-nd/4.0/
969583,1969870152,Empididae_Rhamphomyia_maculipennis_1492783_1969870152,http://creativecommons.org/licenses/by-nc-nd/4.0/
970434,1957802762,Empididae_Rhamphomyia_nigripennis_96569_1957802762,http://creativecommons.org/licenses/by-nc-nd/4.0/
970435,1957802762,Empididae_Rhamphomyia_nigripennis_96570_1957802762,http://creativecommons.org/licenses/by-nc-nd/4.0/
970622,3720934736,Empididae_Empis_nigricans_2561205_3720934736,http://creativecommons.org/licenses/by-nc-nd/4.0/
970623,3720934736,Empididae_Empis_nigricans_2561206_3720934736,http://creativecommons.org/licenses/by-nc-nd/4.0/
970772,3826518140,Empididae_Empis_opaca_568791_3826518140,http://creativecommons.org/licenses/by-nc-nd/4.0/
971083,3720483519,Empididae_Empis_tessellata_1180181_3720483519,http://creativecommons.org/licenses/by-nc-nd/4.0/
971633,1970163448,Empididae_Empis_trigramma_114381_1970163448,http://creativecommons.org/licenses/by-nc-nd/4.0/
971748,1954457661,Empididae_Empis_picipes_1470265_1954457661,http://creativecommons.org/licenses/by-nc-nd/4.0/
971749,1954457661,Empididae_Empis_picipes_1470266_1954457661,http://creativecommons.org/licenses/by-nc-nd/4.0/
971762,2845649170,Empididae_Empis_opaca_925605_2845649170,http://creativecommons.org/licenses/by-nc-nd/4.0/
973247,1953150018,Empididae_Rhamphomyia_crassirostris_1468897_1953150018,http://creativecommons.org/licenses/by-nc-nd/4.0/
973248,1953150018,Empididae_Rhamphomyia_crassirostris_1468898_1953150018,http://creativecommons.org/licenses/by-nc-nd/4.0/
973249,1953150018,Empididae_Rhamphomyia_crassirostris_1468899_1953150018,http://creativecommons.org/licenses/by-nc-nd/4.0/
973250,1953150018,Empididae_Rhamphomyia_crassirostris_1468900_1953150018,http://creativecommons.org/licenses/by-nc-nd/4.0/
973505,3726669069,Empididae_Empis_opaca_1893076_3726669069,http://creativecommons.org/licenses/by-nc-nd/4.0/
974374,1960786914,Empididae_Empis_tessellata_1480053_1960786914,http://creativecommons.org/licenses/by-nc-nd/4.0/
975546,1954823833,Empididae_Empis_serotina_91393_1954823833,http://creativecommons.org/licenses/by-nc-nd/4.0/
975547,1954823833,Empididae_Empis_serotina_91394_1954823833,http://creativecommons.org/licenses/by-nc-nd/4.0/
975548,1954823833,Empididae_Empis_serotina_91395_1954823833,http://creativecommons.org/licenses/by-nc-nd/4.0/
975549,1954823833,Empididae_Empis_serotina_91396_1954823833,http://creativecommons.org/licenses/by-nc-nd/4.0/
975550,1954823833,Empididae_Empis_serotina_91397_1954823833,http://creativecommons.org/licenses/by-nc-nd/4.0/
975551,1954823833,Empididae_Empis_serotina_91398_1954823833,http://creativecommons.org/licenses/by-nc-nd/4.0/
975552,1954823833,Empididae_Empis_serotina_91399_1954823833,http://creativecommons.org/licenses/by-nc-nd/4.0/
976000,2841017350,Empididae_Rhamphomyia_barbata_1603631_2841017350,http://creativecommons.org/licenses/by-nc-nd/4.0/
976001,2841017350,Empididae_Rhamphomyia_barbata_1603632_2841017350,http://creativecommons.org/licenses/by-nc-nd/4.0/
976002,2841017350,Empididae_Rhamphomyia_barbata_1603633_2841017350,http://creativecommons.org/licenses/by-nc-nd/4.0/
976003,2841017350,Empididae_Rhamphomyia_barbata_1603634_2841017350,http://creativecommons.org/licenses/by-nc-nd/4.0/
976751,3720673343,Empididae_Empis_tessellata_1870448_3720673343,http://creativecommons.org/licenses/by-nc-nd/4.0/
977718,3716472311,Empididae_Empis_nigricans_1856763_3716472311,http://creativecommons.org/licenses/by-nc-nd/4.0/
978227,3720739015,Empididae_Empis_opaca_1181324_3720739015,http://creativecommons.org/licenses/by-nc-nd/4.0/
978318,1958353816,Empididae_Empis_chioptera_1476887_1958353816,http://creativecommons.org/licenses/by-nc-nd/4.0/
979170,1976303210,Empididae_Hilara_manicata_122851_1976303210,http://creativecommons.org/licenses/by-nc-nd/4.0/
981989,2838361342,Empididae_Clinocera_bipunctata_912074_2838361342,http://creativecommons.org/licenses/by-nc-nd/4.0/
981990,2838361342,Empididae_Clinocera_bipunctata_912075_2838361342,http://creativecommons.org/licenses/by-nc-nd/4.0/
981991,2838361342,Empididae_Clinocera_bipunctata_912076_2838361342,http://creativecommons.org/licenses/by-nc-nd/4.0/
981992,2838361342,Empididae_Clinocera_bipunctata_912077_2838361342,http://creativecommons.org/licenses/by-nc-nd/4.0/
981993,2838361342,Empididae_Clinocera_bipunctata_912078_2838361342,http://creativecommons.org/licenses/by-nc-nd/4.0/
981994,2838361342,Empididae_Clinocera_bipunctata_912079_2838361342,http://creativecommons.org/licenses/by-nc-nd/4.0/
981995,2838361342,Empididae_Clinocera_bipunctata_912080_2838361342,http://creativecommons.org/licenses/by-nc-nd/4.0/
981996,2838361342,Empididae_Clinocera_bipunctata_912081_2838361342,http://creativecommons.org/licenses/by-nc-nd/4.0/
981997,2838361342,Empididae_Clinocera_bipunctata_912082_2838361342,http://creativecommons.org/licenses/by-nc-nd/4.0/
981998,2838361342,Empididae_Clinocera_bipunctata_912083_2838361342,http://creativecommons.org/licenses/by-nc-nd/4.0/
981999,2838361342,Empididae_Clinocera_bipunctata_912084_2838361342,http://creativecommons.org/licenses/by-nc-nd/4.0/
982255,3824516198,Empididae_Empis_trigramma_1942487_3824516198,http://creativecommons.org/licenses/by-nc-nd/4.0/
982776,1977126426,Empididae_Rhamphomyia_barbata_2193121_1977126426,http://creativecommons.org/licenses/by-nc-nd/4.0/
983055,3730954414,Empididae_Empis_opaca_530593_3730954414,http://creativecommons.org/licenses/by-nc-nd/4.0/
984357,3823554138,Empididae_Empis_nigritarsis_1939945_3823554138,http://creativecommons.org/licenses/by-nc-nd/4.0/
984358,3823554138,Empididae_Empis_nigritarsis_1939946_3823554138,http://creativecommons.org/licenses/by-nc-nd/4.0/
985284,3825333123,Empididae_Phyllodromia_melanocephala_565820_3825333123,http://creativecommons.org/licenses/by-nc-nd/4.0/
985304,3725776663,Empididae_Empis_nigricans_510531_3725776663,http://creativecommons.org/licenses/by-nc-nd/4.0/
986524,1977262904,Empididae_Empis_trigramma_125136_1977262904,http://creativecommons.org/licenses/by-nc-nd/4.0/
988203,1970800194,Empididae_Empis_chioptera_806421_1970800194,http://creativecommons.org/licenses/by-nc-nd/4.0/
988204,1970800194,Empididae_Empis_chioptera_806422_1970800194,http://creativecommons.org/licenses/by-nc-nd/4.0/
988747,3826115201,Empididae_Empis_trigramma_1257121_3826115201,http://creativecommons.org/licenses/by-nc-nd/4.0/
989500,3906117605,Empididae_Empis_livida_3385207_3906117605,http://creativecommons.org/licenses/by-nc-nd/4.0/
990067,3729275922,Empididae_Empis_tessellata_2590615_3729275922,http://creativecommons.org/licenses/by-nc-nd/4.0/
990753,1954603628,Empididae_Hilara_quadrifasciata_2159515_1954603628,http://creativecommons.org/licenses/by-nc-nd/4.0/
991442,3824433042,Empididae_Empis_nigricans_2631580_3824433042,http://creativecommons.org/licenses/by-nc-nd/4.0/
991443,3824433042,Empididae_Empis_nigricans_2631581_3824433042,http://creativecommons.org/licenses/by-nc-nd/4.0/
991444,3824433042,Empididae_Empis_nigricans_2631582_3824433042,http://creativecommons.org/licenses/by-nc-nd/4.0/
991445,3824433042,Empididae_Empis_nigricans_2631583_3824433042,http://creativecommons.org/licenses/by-nc-nd/4.0/
991814,1954437320,Empididae_Empis_digramma_1470238_1954437320,http://creativecommons.org/licenses/by-nc-nd/4.0/
992110,3995770859,Empididae_Empis_digramma_2735030_3995770859,http://creativecommons.org/licenses/by-nc-nd/4.0/
992111,3995770859,Empididae_Empis_digramma_2735031_3995770859,http://creativecommons.org/licenses/by-nc-nd/4.0/
992560,2842367207,Empididae_Empis_digramma_1607237_2842367207,http://creativecommons.org/licenses/by-nc-nd/4.0/
994008,1960156743,Empididae_Rhamphomyia_cinerascens_2169060_1960156743,http://creativecommons.org/licenses/by-nc-nd/4.0/
994009,1960156743,Empididae_Rhamphomyia_cinerascens_2169061_1960156743,http://creativecommons.org/licenses/by-nc-nd/4.0/
994031,1953528391,Empididae_Empis_chioptera_90392_1953528391,http://creativecommons.org/licenses/by-nc-nd/4.0/
994767,1958000721,Empididae_Rhamphomyia_barbata_787670_1958000721,http://creativecommons.org/licenses/by-nc-nd/4.0/
994768,1958000721,Empididae_Rhamphomyia_barbata_787671_1958000721,http://creativecommons.org/licenses/by-nc-nd/4.0/
994831,2844337523,Empididae_Empis_tessellata_2990575_2844337523,http://creativecommons.org/licenses/by-nc-nd/4.0/
994894,3725514678,Empididae_Empis_tessellata_1198697_3725514678,http://creativecommons.org/licenses/by-nc-nd/4.0/
995340,1965200513,Empididae_Phyllodromia_melanocephala_1485043_1965200513,http://creativecommons.org/licenses/by-nc-nd/4.0/
996308,1958173361,Empididae_Empis_nuntia_1476606_1958173361,http://creativecommons.org/licenses/by-nc-nd/4.0/
996309,1958173361,Empididae_Empis_nuntia_1476607_1958173361,http://creativecommons.org/licenses/by-nc-nd/4.0/
996505,3720802453,Empididae_Empis_tessellata_2560590_3720802453,http://creativecommons.org/licenses/by-nc-nd/4.0/
996526,3729814740,Empididae_Empis_tessellata_524719_3729814740,http://creativecommons.org/licenses/by-nc-nd/4.0/
997084,3898871415,Empididae_Rhamphomyia_sciarina_2671713_3898871415,© All rights reserved
997085,3898871415,Empididae_Rhamphomyia_sciarina_2671714_3898871415,© All rights reserved
997432,2425075172,Empididae_Rhamphomyia_trilineata_157325_2425075172,© All rights reserved
997658,1430884357,Empididae_Empis_borealis_735083_1430884357,© all rights reserved
997905,932108595,Empididae_Empis_stercorea_2757153_932108595,© all rights reserved
999037,3730865109,Empididae_Empis_tessellata_1908324_3730865109,http://creativecommons.org/licenses/by-nd/4.0/
999050,1953522432,Empididae_Rhamphomyia_crassirostris_90351_1953522432,http://creativecommons.org/licenses/by-nc-nd/4.0/
999051,1953522432,Empididae_Rhamphomyia_crassirostris_90352_1953522432,http://creativecommons.org/licenses/by-nc-nd/4.0/
1000064,1953246111,Empididae_Empis_stercorea_1469054_1953246111,http://creativecommons.org/licenses/by-nc-nd/4.0/
1000336,1977221046,Empididae_Empis_ciliata_1504228_1977221046,http://creativecommons.org/licenses/by-nc-nd/4.0/
1001411,3997267584,Empididae_Empis_ciliata_2740343_3997267584,http://creativecommons.org/licenses/by-nc-nd/4.0/
1001441,3728640971,Empididae_Empis_livida_1899685_3728640971,http://creativecommons.org/licenses/by-nc-nd/4.0/
1001662,1953426450,Empididae_Empis_ciliata_2158651_1953426450,http://creativecommons.org/licenses/by-nc-nd/4.0/
1002162,3826738011,Empididae_Empis_nigricans_1258353_3826738011,http://creativecommons.org/licenses/by-nc-nd/4.0/
1002828,3994980784,Empididae_Empis_digramma_664742_3994980784,http://creativecommons.org/licenses/by-nc-nd/4.0/
1003570,3823257352,Empididae_Empis_trigramma_561155_3823257352,http://creativecommons.org/licenses/by-nc-nd/4.0/
1004171,3725712389,Empididae_Empis_trigramma_510228_3725712389,http://creativecommons.org/licenses/by-nc-nd/4.0/
1004172,3725712389,Empididae_Empis_trigramma_510229_3725712389,http://creativecommons.org/licenses/by-nc-nd/4.0/
1004236,1954456570,Empididae_Rhamphomyia_sulcata_90967_1954456570,http://creativecommons.org/licenses/by-nc-nd/4.0/
1004237,1954456570,Empididae_Rhamphomyia_sulcata_90968_1954456570,http://creativecommons.org/licenses/by-nc-nd/4.0/
1004238,1954456570,Empididae_Rhamphomyia_sulcata_90969_1954456570,http://creativecommons.org/licenses/by-nc-nd/4.0/
1004356,3825248239,Empididae_Empis_livida_2633074_3825248239,http://creativecommons.org/licenses/by-nc-nd/4.0/
1004492,1966613238,Empididae_Dryodromia_testacea_1488797_1966613238,http://creativecommons.org/licenses/by-nc-nd/4.0/
1004493,1966613238,Empididae_Dryodromia_testacea_1488798_1966613238,http://creativecommons.org/licenses/by-nc-nd/4.0/
1006154,3824171441,Empididae_Empis_opaca_563296_3824171441,http://creativecommons.org/licenses/by-nc-nd/4.0/
1006180,1955473187,Empididae_Empis_lutea_783568_1955473187,http://creativecommons.org/licenses/by-nc-nd/4.0/
1006502,3721597921,Empididae_Empis_digramma_497791_3721597921,http://creativecommons.org/licenses/by-nc-nd/4.0/
1006640,3720911315,Empididae_Empis_nigricans_1182188_3720911315,http://creativecommons.org/licenses/by-nc-nd/4.0/
1006973,1966582274,Empididae_Empis_tessellata_1488709_1966582274,http://creativecommons.org/licenses/by-nc-nd/4.0/
1007311,1966833029,Empididae_Empis_ciliata_2868517_1966833029,http://creativecommons.org/licenses/by-nc-nd/4.0/
1007312,1966833029,Empididae_Empis_ciliata_2868518_1966833029,http://creativecommons.org/licenses/by-nc-nd/4.0/
1007315,1966833029,Empididae_Empis_ciliata_2868521_1966833029,http://creativecommons.org/licenses/by-nc-nd/4.0/
1007734,1975756022,Empididae_Rhamphomyia_erythrophthalma_121913_1975756022,http://creativecommons.org/licenses/by-nc-nd/4.0/
1007735,1975756022,Empididae_Rhamphomyia_erythrophthalma_121914_1975756022,http://creativecommons.org/licenses/by-nc-nd/4.0/
1007736,1975756022,Empididae_Rhamphomyia_erythrophthalma_121915_1975756022,http://creativecommons.org/licenses/by-nc-nd/4.0/
1007737,1975756022,Empididae_Rhamphomyia_erythrophthalma_121916_1975756022,http://creativecommons.org/licenses/by-nc-nd/4.0/
1007738,1975756022,Empididae_Rhamphomyia_erythrophthalma_121917_1975756022,http://creativecommons.org/licenses/by-nc-nd/4.0/
1007966,1958323757,Empididae_Rhamphomyia_cinerascens_2166172_1958323757,http://creativecommons.org/licenses/by-nc-nd/4.0/
1008146,3730181993,Empididae_Empis_tessellata_1904578_3730181993,http://creativecommons.org/licenses/by-sa/4.0/
1008592,3822500279,Empididae_Empis_livida_2626756_3822500279,http://creativecommons.org/licenses/by-nc-nd/4.0/
1012059,3759500425,Empididae_Empis_trigramma_2612820_3759500425,http://creativecommons.org/licenses/by-nc/4.0/
1018044,2840398408,Empididae_Empis_trigramma_1602824_2840398408,http://creativecommons.org/licenses/by/4.0/
1018332,3995017207,Empididae_Empis_livida_3422252_3995017207,http://creativecommons.org/licenses/by-nc-nd/4.0/
1019447,1958111394,Empididae_Rhamphomyia_marginata_97338_1958111394,http://creativecommons.org/licenses/by-nc-nd/4.0/
1021223,2833800170,Empididae_Rhamphomyia_barbata_2971198_2833800170,http://creativecommons.org/licenses/by-nc-nd/4.0/
1021319,2845036720,Empididae_Empis_digramma_1612947_2845036720,http://creativecommons.org/licenses/by-nc-nd/4.0/
1022156,2841571856,Empididae_Empis_livida_2293864_2841571856,http://creativecommons.org/licenses/by-sa/4.0/
1023549,3827195535,Empididae_Empis_digramma_1948862_3827195535,http://creativecommons.org/licenses/by-nc-nd/4.0/
1025666,1966785276,Empididae_Empis_ciliata_2868435_1966785276,http://creativecommons.org/licenses/by-nc-nd/4.0/
1025999,3827483675,Empididae_Empis_trigramma_1949684_3827483675,http://creativecommons.org/licenses/by-nc-nd/4.0/
1026120,3778588927,Empididae_Empis_chioptera_1931187_3778588927,http://creativecommons.org/licenses/by/4.0/
1026358,3815790342,Empididae_Rhamphomyia_longipes_2625972_3815790342,http://creativecommons.org/licenses/by/4.0/
1026488,3819403641,Empididae_Empis_nuntia_3316473_3819403641,http://creativecommons.org/licenses/by/4.0/
1026711,3778589848,Empididae_Empis_chioptera_552932_3778589848,http://creativecommons.org/licenses/by/4.0/
1026970,3081181338,Empididae_Empis_borealis_3036784_3081181338,http://creativecommons.org/licenses/by/4.0/
1027035,3468421419,Empididae_Empis_chioptera_1847155_3468421419,http://creativecommons.org/licenses/by/4.0/
1027357,3829849308,Empididae_Empis_aestiva_571598_3829849308,http://creativecommons.org/licenses/by/4.0/
1030960,1847436615,Empididae_Empis_stercorea_2146657_1847436615,http://creativecommons.org/licenses/by-nc/4.0/
1033017,4009672426,Empididae_Empis_pennipes_3433222_4009672426,http://creativecommons.org/licenses/by-nc/4.0/
1033192,2986929348,Empididae_Hilara_lurida_946862_2986929348,© All rights reserved
1033442,1844183429,Empididae_Empis_pennipes_2141476_1844183429,© All rights reserved
1033513,2409388966,Empididae_Rhamphomyia_stigmosa_1533176_2409388966,© All rights reserved
1033514,2409388966,Empididae_Rhamphomyia_stigmosa_1533177_2409388966,© All rights reserved
1036077,3905903466,Empididae_Empis_livida_3383880_3905903466,http://creativecommons.org/licenses/by-nc-nd/4.0/
1036262,1958679212,Empididae_Empis_stercorea_2166617_1958679212,http://creativecommons.org/licenses/by-nc-nd/4.0/
1036437,3825417106,Empididae_Phyllodromia_melanocephala_3324564_3825417106,http://creativecommons.org/licenses/by-nc-nd/4.0/
1036438,3825417106,Empididae_Phyllodromia_melanocephala_3324565_3825417106,http://creativecommons.org/licenses/by-nc-nd/4.0/
1036577,3716795622,Empididae_Empis_femorata_479038_3716795622,http://creativecommons.org/licenses/by-nc-nd/4.0/
1036578,3716795622,Empididae_Empis_femorata_479039_3716795622,http://creativecommons.org/licenses/by-nc-nd/4.0/
1037187,1954096926,Empididae_Hilara_flavipes_90828_1954096926,http://creativecommons.org/licenses/by-nc-nd/4.0/
1037188,1954096926,Empididae_Hilara_flavipes_90829_1954096926,http://creativecommons.org/licenses/by-nc-nd/4.0/
1037471,3996623662,Empididae_Empis_livida_2738037_3996623662,http://creativecommons.org/licenses/by-nc-nd/4.0/
1038079,3731321898,Empididae_Empis_livida_532790_3731321898,http://creativecommons.org/licenses/by-nc-nd/4.0/
1038211,1965220526,Empididae_Phyllodromia_melanocephala_2174434_1965220526,http://creativecommons.org/licenses/by-nc-nd/4.0/
1040056,2838383318,Empididae_Rhamphomyia_barbata_2289943_2838383318,http://creativecommons.org/licenses/by-nc-nd/4.0/
1040283,2841604518,Empididae_Empis_femorata_226005_2841604518,http://creativecommons.org/licenses/by-nc-nd/4.0/
1040668,1953158283,Empididae_Empis_tessellata_2847897_1953158283,http://creativecommons.org/licenses/by-nc/4.0/
1042363,1954452873,Empididae_Hilara_nitidula_1470253_1954452873,http://creativecommons.org/licenses/by-nc-nd/4.0/
1042364,1954452873,Empididae_Hilara_nitidula_1470254_1954452873,http://creativecommons.org/licenses/by-nc-nd/4.0/
1042365,1954452873,Empididae_Hilara_nitidula_1470255_1954452873,http://creativecommons.org/licenses/by-nc-nd/4.0/
1046820,3447682103,Empididae_Rhamphomyia_hilariformis_1143570_3447682103,http://creativecommons.org/licenses/by-sa/4.0/
1046840,3447682670,Empididae_Empis_ringdahli_454184_3447682670,http://creativecommons.org/licenses/by-sa/4.0/
1046841,3447682672,Empididae_Empis_ringdahli_1833027_3447682672,http://creativecommons.org/licenses/by-sa/4.0/
1049412,3860630469,Empididae_Empis_lutea_586635_3860630469,http://creativecommons.org/licenses/by-nc/4.0/
1052048,2242997834,Empididae_Empis_ciliata_136958_2242997834,http://creativecommons.org/licenses/by-nc/4.0/
1052517,3720237774,Empididae_Empis_femorata_1179367_3720237774,http://creativecommons.org/licenses/by-nc-nd/4.0/
1052518,3720237774,Empididae_Empis_femorata_1179368_3720237774,http://creativecommons.org/licenses/by-nc-nd/4.0/
1052872,3717253619,Empididae_Empis_lutea_2549920_3717253619,http://creativecommons.org/licenses/by-nc-nd/4.0/
1053334,3730691463,Empididae_Empis_tessellata_1907260_3730691463,http://creativecommons.org/licenses/by-nc-nd/4.0/
1053803,3826841361,Empididae_Empis_opaca_3328096_3826841361,http://creativecommons.org/licenses/by-nc/4.0/
1053905,3719464552,Empididae_Empis_trigramma_1867473_3719464552,http://creativecommons.org/licenses/by-nc/4.0/
1053940,2835379192,Empididae_Empis_lutea_2284679_2835379192,http://creativecommons.org/licenses/by-nc-sa/4.0/
1055217,1963064437,Empididae_Empis_ciliata_2172138_1963064437,http://creativecommons.org/licenses/by-nc-nd/4.0/
1056477,3824079958,Empididae_Empis_digramma_563040_3824079958,http://creativecommons.org/licenses/by-nc-nd/4.0/
1057080,3822490111,Empididae_Empis_nigritarsis_1248071_3822490111,http://creativecommons.org/licenses/by-nc-nd/4.0/
1057081,3822490111,Empididae_Empis_nigritarsis_1248072_3822490111,http://creativecommons.org/licenses/by-nc-nd/4.0/
1057550,3995770759,Empididae_Rhamphomyia_physoprocta_2044989_3995770759,http://creativecommons.org/licenses/by-nc-nd/4.0/
1057551,3995770759,Empididae_Rhamphomyia_physoprocta_2044990_3995770759,http://creativecommons.org/licenses/by-nc-nd/4.0/
1057552,3995770759,Empididae_Rhamphomyia_physoprocta_2044991_3995770759,http://creativecommons.org/licenses/by-nc-nd/4.0/
1057553,3995770759,Empididae_Rhamphomyia_physoprocta_2044992_3995770759,http://creativecommons.org/licenses/by-nc-nd/4.0/
1057554,3995770759,Empididae_Rhamphomyia_physoprocta_2044993_3995770759,http://creativecommons.org/licenses/by-nc-nd/4.0/
1057910,3728980704,Empididae_Empis_digramma_2589909_3728980704,http://creativecommons.org/licenses/by-nc-nd/4.0/
1057928,3727774303,Empididae_Empis_stercorea_2586641_3727774303,http://creativecommons.org/licenses/by-nc-nd/4.0/
1058486,1955890098,Empididae_Empis_borealis_94146_1955890098,http://creativecommons.org/licenses/by-nc-nd/4.0/
1059071,3904120432,Empididae_Empis_tessellata_1993421_3904120432,http://creativecommons.org/licenses/by-nc-nd/4.0/
1060867,3448667512,Empididae_Chelipoda_albiseta_3213021_3448667512,http://creativecommons.org/licenses/by-sa/4.0/
1060877,3449211411,Empididae_Hilara_nigritarsis_455084_3449211411,http://creativecommons.org/licenses/by-sa/4.0/
1060893,3448886758,Empididae_Chelipoda_albiseta_3213155_3448886758,http://creativecommons.org/licenses/by-sa/4.0/
1060896,3448990908,Empididae_Chelipoda_albiseta_1833913_3448990908,http://creativecommons.org/licenses/by-sa/4.0/
1060904,3448671751,Empididae_Rhamphomyia_spinipes_3213028_3448671751,http://creativecommons.org/licenses/by-sa/4.0/
1060931,3448732655,Empididae_Rhamphomyia_spinipes_454947_3448732655,http://creativecommons.org/licenses/by-sa/4.0/
1061058,2252320329,Empididae_Empis_stercorea_834311_2252320329,© All rights reserved
1061146,3353325455,Empididae_Rhamphomyia_albosegmentata_3072590_3353325455,© All rights reserved
1061147,3353325455,Empididae_Rhamphomyia_albosegmentata_3072591_3353325455,© All rights reserved
1061148,3353325455,Empididae_Rhamphomyia_albosegmentata_3072592_3353325455,© All rights reserved
1061250,3886430464,Empididae_Rhamphomyia_sciarina_1977238_3886430464,© All rights reserved
1061251,3886430464,Empididae_Rhamphomyia_sciarina_1977239_3886430464,© All rights reserved
1061372,3914113563,Empididae_Empis_picipes_1326804_3914113563,© All rights reserved
1061373,3914113563,Empididae_Empis_picipes_1326805_3914113563,© All rights reserved
1061374,3914113563,Empididae_Empis_picipes_1326806_3914113563,© All rights reserved
1061413,2411216320,Empididae_Rhamphomyia_nitidula_2913235_2411216320,© All rights reserved
1061429,3979102382,Empididae_Empis_nigripes_2035927_3979102382,© All rights reserved
1061430,3979102382,Empididae_Empis_nigripes_2035928_3979102382,© All rights reserved
1061431,3979102382,Empididae_Empis_nigripes_2035929_3979102382,© All rights reserved
1061481,2627181922,Empididae_Rhamphomyia_pilifer_191160_2627181922,http://creativecommons.org/licenses/by-nc-sa/4.0/
1061807,3927039316,Empididae_Hilara_interstincta_1337434_3927039316,© All rights reserved
1061856,3914131449,Empididae_Rhamphomyia_ignobilis_3396155_3914131449,© All rights reserved
1061857,3914131449,Empididae_Rhamphomyia_ignobilis_3396156_3914131449,© All rights reserved
1061858,3914131449,Empididae_Rhamphomyia_ignobilis_3396157_3914131449,© All rights reserved
1062057,3898973347,Empididae_Rhamphomyia_spinipes_604176_3898973347,http://creativecommons.org/licenses/by/4.0/
1062082,3303270382,Empididae_Empis_stercorea_3050084_3303270382,© All rights reserved
1062215,4008003345,Empididae_Rhamphomyia_nitidula_3433069_4008003345,© All rights reserved
1062267,3303434895,Empididae_Rhamphomyia_crassirostris_291656_3303434895,© All rights reserved
1062268,3303434895,Empididae_Rhamphomyia_crassirostris_291657_3303434895,© All rights reserved
1062269,3303434895,Empididae_Rhamphomyia_crassirostris_291658_3303434895,© All rights reserved
1062380,2401601757,Empididae_Rhamphomyia_pilifer_2910872_2401601757,http://creativecommons.org/licenses/by-nc-sa/4.0/
1062381,2401601757,Empididae_Rhamphomyia_pilifer_2910873_2401601757,http://creativecommons.org/licenses/by-nc-sa/4.0/
1062469,1824581471,Empididae_Empis_borealis_56413_1824581471,http://creativecommons.org/licenses/by/4.0/
1062470,1824581471,Empididae_Empis_borealis_56414_1824581471,http://creativecommons.org/licenses/by/4.0/
1062569,1845315249,Empididae_Empis_borealis_2141715_1845315249,© All rights reserved
1062749,2252347297,Empididae_Rhamphomyia_crassirostris_2902260_2252347297,© All rights reserved
1062751,3460017309,Empididae_Hilara_interstincta_465280_3460017309,© All rights reserved
1062752,3460017309,Empididae_Hilara_interstincta_465281_3460017309,© All rights reserved
1062753,3460017309,Empididae_Hilara_interstincta_465282_3460017309,© All rights reserved
1062754,3460017309,Empididae_Hilara_interstincta_465283_3460017309,© All rights reserved
1062755,3460017309,Empididae_Hilara_interstincta_465284_3460017309,© All rights reserved
1062756,3460017309,Empididae_Hilara_interstincta_465285_3460017309,© All rights reserved
1062757,3460017309,Empididae_Hilara_interstincta_465286_3460017309,© All rights reserved
1063053,3886433324,Empididae_Hilara_litorea_598908_3886433324,© All rights reserved
1063054,3886433324,Empididae_Hilara_litorea_598909_3886433324,© All rights reserved
1063153,3807719327,Empididae_Rhamphomyia_umbripennis_3316289_3807719327,© All rights reserved
1063164,3921274542,Empididae_Heleodromia_immaculata_1333653_3921274542,© All rights reserved
1063165,3921274542,Empididae_Heleodromia_immaculata_1333654_3921274542,© All rights reserved
1063194,3329904466,Empididae_Rhamphomyia_flava_301388_3329904466,© All rights reserved
1063272,2400925451,Empididae_Rhamphomyia_umbripennis_2220099_2400925451,© All rights reserved
1063302,3924285525,Empididae_Empis_lucida_1335629_3924285525,© All rights reserved
1063303,3924285525,Empididae_Empis_lucida_1335630_3924285525,© All rights reserved
1063304,3924285525,Empididae_Empis_lucida_1335631_3924285525,© All rights reserved
1063305,3924285525,Empididae_Empis_lucida_1335632_3924285525,© All rights reserved
1063320,2549692250,Empididae_Empis_pennipes_2926659_2549692250,© All rights reserved
1063423,3866482389,Empididae_Rhamphomyia_trilineata_2655334_3866482389,© All rights reserved
1063515,4003161301,Empididae_Hilara_canescens_2051463_4003161301,© All rights reserved
1063516,4003161301,Empididae_Hilara_canescens_2051464_4003161301,© All rights reserved
1063517,4003161301,Empididae_Hilara_canescens_2051465_4003161301,© All rights reserved
1063552,3329874358,Empididae_Hilara_clavipes_991332_3329874358,© All rights reserved
1063639,1825054443,Empididae_Hilara_clavipes_56487_1825054443,© All rights reserved
