id,gbifID,file_name,license
4167,3455221556,Hybotidae_Drapetis_ephippiata_455856_3455221556,http://creativecommons.org/licenses/by-nc/4.0/
4168,3455221556,Hybotidae_Drapetis_ephippiata_455857_3455221556,http://creativecommons.org/licenses/by-nc/4.0/
4169,3455221556,Hybotidae_Drapetis_ephippiata_455858_3455221556,http://creativecommons.org/licenses/by-nc/4.0/
4170,3455221556,Hybotidae_Drapetis_ephippiata_455859_3455221556,http://creativecommons.org/licenses/by-nc/4.0/
6232,2398581718,Hybotidae_Hybos_grossipes_151705_2398581718,© All rights reserved
6621,3878886522,Hybotidae_Hybos_grossipes_3353021_3878886522,© All rights reserved
7322,2412329654,Hybotidae_Platypalpus_minutus_154880_2412329654,© All rights reserved
7323,2412329654,Hybotidae_Platypalpus_minutus_154881_2412329654,© All rights reserved
7324,2412329654,Hybotidae_Platypalpus_minutus_154882_2412329654,© All rights reserved
7362,2412284284,Hybotidae_Hybos_grossipes_2913456_2412284284,© All rights reserved
7378,3886511327,Hybotidae_Hybos_femoratus_598943_3886511327,© All rights reserved
7379,3886511327,Hybotidae_Hybos_femoratus_598944_3886511327,© All rights reserved
7380,3886511327,Hybotidae_Hybos_femoratus_598945_3886511327,© All rights reserved
7411,3898913535,Hybotidae_Hybos_grossipes_2671728_3898913535,© All rights reserved
7412,3898913535,Hybotidae_Hybos_grossipes_2671729_3898913535,© All rights reserved
13149,3131298323,Hybotidae_Hybos_culiciformis_3047360_3131298323,http://creativecommons.org/licenses/by/4.0/
13150,3131298323,Hybotidae_Hybos_culiciformis_3047361_3131298323,http://creativecommons.org/licenses/by/4.0/
15827,1987604856,Hybotidae_Platypalpus_scandinavicus_2194310_1987604856,© All rights reserved
16002,3469395344,Hybotidae_Hybos_grossipes_468807_3469395344,© All rights reserved
16003,3469395344,Hybotidae_Hybos_grossipes_468808_3469395344,© All rights reserved
16160,2332986383,Hybotidae_Tachydromia_umbrarum_1528104_2332986383,© All rights reserved
17896,2460081219,Hybotidae_Hybos_culiciformis_854377_2460081219,http://creativecommons.org/licenses/by-sa/4.0/
17897,2460081219,Hybotidae_Hybos_culiciformis_854378_2460081219,http://creativecommons.org/licenses/by-sa/4.0/
22943,4009657362,Hybotidae_Hybos_culiciformis_1363915_4009657362,http://creativecommons.org/licenses/by-nc/4.0/
22944,4009657362,Hybotidae_Hybos_culiciformis_1363916_4009657362,http://creativecommons.org/licenses/by-nc/4.0/
22945,4009657362,Hybotidae_Hybos_culiciformis_1363917_4009657362,http://creativecommons.org/licenses/by-nc/4.0/
24254,1847064274,Hybotidae_Ocydromia_glabricula_2835041_1847064274,
24676,3469347393,Hybotidae_Trichina_flavipes_1158488_3469347393,© All rights reserved
24677,3469347393,Hybotidae_Trichina_flavipes_1158489_3469347393,© All rights reserved
24678,3469347393,Hybotidae_Trichina_flavipes_1158490_3469347393,© All rights reserved
24718,3393011324,Hybotidae_Platypalpus_maculipes_1705586_3393011324,© All rights reserved
24719,3393011324,Hybotidae_Platypalpus_maculipes_1705587_3393011324,© All rights reserved
24720,3393011324,Hybotidae_Platypalpus_maculipes_1705588_3393011324,© All rights reserved
24721,3393011324,Hybotidae_Platypalpus_maculipes_1705589_3393011324,© All rights reserved
24722,3393011324,Hybotidae_Platypalpus_maculipes_1705590_3393011324,© All rights reserved
25112,3990876305,Hybotidae_Oedalea_zetterstedti_2040261_3990876305,© All rights reserved
25178,2398158423,Hybotidae_Platypalpus_major_2219443_2398158423,© All rights reserved
25448,1946453014,Hybotidae_Tachypeza_nubila_1465767_1946453014,© All rights reserved
25613,931826218,Hybotidae_Leptopeza_flavipes_1378117_931826218,© all rights reserved
25614,931826218,Hybotidae_Leptopeza_flavipes_1378118_931826218,© all rights reserved
25615,931826218,Hybotidae_Leptopeza_flavipes_1378119_931826218,© all rights reserved
32001,1669980211,Hybotidae_Hybos_grossipes_52966_1669980211,© all rights reserved
32579,1051429163,Hybotidae_Tachypeza_nubila_695419_1051429163,© all rights reserved
32708,1460071260,Hybotidae_Ocydromia_glabricula_2117612_1460071260,© all rights reserved
34500,2842354728,Hybotidae_Tachypeza_nubila_918408_2842354728,http://creativecommons.org/licenses/by-nc/4.0/
36099,1965221681,Hybotidae_Drapetis_ephippiata_796785_1965221681,http://creativecommons.org/licenses/by-nc-nd/4.0/
36110,1957188590,Hybotidae_Tachypeza_nubila_2853513_1957188590,http://creativecommons.org/licenses/by-nc-nd/4.0/
36111,1957188590,Hybotidae_Tachypeza_nubila_2853514_1957188590,http://creativecommons.org/licenses/by-nc-nd/4.0/
36288,2837616097,Hybotidae_Tachypeza_nubila_220152_2837616097,http://creativecommons.org/licenses/by-nc-nd/4.0/
36289,2837616097,Hybotidae_Tachypeza_nubila_220153_2837616097,http://creativecommons.org/licenses/by-nc-nd/4.0/
36907,1961312067,Hybotidae_Hybos_femoratus_2860209_1961312067,http://creativecommons.org/publicdomain/zero/1.0/
36915,1965223190,Hybotidae_Drapetis_ephippiata_2174472_1965223190,http://creativecommons.org/licenses/by-nc-nd/4.0/
37364,1458548403,Hybotidae_Hybos_culiciformis_2115789_1458548403,© all rights reserved
37831,2563200322,Hybotidae_Platypalpus_major_871276_2563200322,© All rights reserved
37832,2563200322,Hybotidae_Platypalpus_major_871277_2563200322,© All rights reserved
37873,4003184321,Hybotidae_Platypalpus_cursitans_3431815_4003184321,© All rights reserved
38204,2313689603,Hybotidae_Hybos_grossipes_838757_2313689603,© All rights reserved
38243,2332949770,Hybotidae_Platypalpus_cursitans_839548_2332949770,© All rights reserved
38244,2332949770,Hybotidae_Platypalpus_cursitans_839549_2332949770,© All rights reserved
38330,2411070074,Hybotidae_Tachypeza_nubila_2222511_2411070074,http://creativecommons.org/licenses/by-nc-sa/4.0/
38331,2411070074,Hybotidae_Tachypeza_nubila_2222512_2411070074,http://creativecommons.org/licenses/by-nc-sa/4.0/
38418,2563116525,Hybotidae_Platypalpus_major_1559873_2563116525,© All rights reserved
38419,2563116525,Hybotidae_Platypalpus_major_1559874_2563116525,© All rights reserved
51806,2408050530,Hybotidae_Hybos_grossipes_2912494_2408050530,http://creativecommons.org/licenses/by-nc-sa/4.0/
51976,2985181406,Hybotidae_Bicellaria_nigra_256977_2985181406,© All rights reserved
52059,3893234358,Hybotidae_Bicellaria_pilosa_2671507_3893234358,© All rights reserved
52345,3866472425,Hybotidae_Bicellaria_pilosa_2655327_3866472425,© All rights reserved
59031,1459271476,Hybotidae_Tachypeza_nubila_2805668_1459271476,© all rights reserved
59032,1459271476,Hybotidae_Tachypeza_nubila_2805669_1459271476,© all rights reserved
60920,1453276290,Hybotidae_Hybos_culiciformis_736987_1453276290,http://creativecommons.org/licenses/by-nc-sa/4.0/
62884,2868322926,Hybotidae_Hybos_culiciformis_246477_2868322926,http://creativecommons.org/licenses/by-sa/4.0/
62885,2868322926,Hybotidae_Hybos_culiciformis_246478_2868322926,http://creativecommons.org/licenses/by-sa/4.0/
67300,3431196681,Hybotidae_Tachydromia_umbrarum_2404741_3431196681,© all rights reserved
67343,1064398237,Hybotidae_Trichina_flavipes_5211_1064398237,© all rights reserved
67778,1491360151,Hybotidae_Tachypeza_nubila_2118924_1491360151,© all rights reserved
67905,1135387926,Hybotidae_Tachypeza_nubila_7364_1135387926,© all rights reserved
68211,3920429233,Hybotidae_Tachypeza_nubila_3402855_3920429233,© all rights reserved
68212,3920429233,Hybotidae_Tachypeza_nubila_3402856_3920429233,© all rights reserved
68213,3920429233,Hybotidae_Tachypeza_nubila_3402857_3920429233,© all rights reserved
77396,3309935311,Hybotidae_Hybos_grossipes_3051961_3309935311,© All rights reserved
77592,3820080417,Hybotidae_Tachypeza_nubila_1247496_3820080417,© All rights reserved
77707,3324022435,Hybotidae_Platypalpus_major_2365615_3324022435,© All rights reserved
77753,2808451836,Hybotidae_Hybos_grossipes_202835_2808451836,© all rights reserved
78055,3003705645,Hybotidae_Hybos_grossipes_1638249_3003705645,http://creativecommons.org/licenses/by-nc/4.0/
78361,2866064802,Hybotidae_Tachypeza_nubila_3004026_2866064802,© all rights reserved
78362,2866064802,Hybotidae_Tachypeza_nubila_3004027_2866064802,© all rights reserved
78363,2866064802,Hybotidae_Tachypeza_nubila_3004028_2866064802,© all rights reserved
78493,4005941419,Hybotidae_Platypalpus_exilis_2051476_4005941419,© all rights reserved
78494,4005941419,Hybotidae_Platypalpus_exilis_2051477_4005941419,© all rights reserved
78495,4005941419,Hybotidae_Platypalpus_exilis_2051478_4005941419,© all rights reserved
78536,3767079433,Hybotidae_Drapetis_ephippiata_1238146_3767079433,© all rights reserved
79181,2833518677,Hybotidae_Hybos_femoratus_1591417_2833518677,http://creativecommons.org/licenses/by-nc/4.0/
79920,1952230018,Hybotidae_Hybos_culiciformis_2156026_1952230018,http://creativecommons.org/licenses/by-nc-nd/4.0/
79921,1952230018,Hybotidae_Hybos_culiciformis_2156027_1952230018,http://creativecommons.org/licenses/by-nc-nd/4.0/
79922,1952230018,Hybotidae_Hybos_culiciformis_2156028_1952230018,http://creativecommons.org/licenses/by-nc-nd/4.0/
80221,3907195966,Hybotidae_Hybos_culiciformis_1322101_3907195966,http://creativecommons.org/licenses/by-nc-nd/4.0/
83806,3915426559,Hybotidae_Hybos_culiciformis_3397321_3915426559,http://creativecommons.org/licenses/by-nc/4.0/
83807,3915426559,Hybotidae_Hybos_culiciformis_3397322_3915426559,http://creativecommons.org/licenses/by-nc/4.0/
83808,3915426559,Hybotidae_Hybos_culiciformis_3397323_3915426559,http://creativecommons.org/licenses/by-nc/4.0/
83809,3915426559,Hybotidae_Hybos_culiciformis_3397324_3915426559,http://creativecommons.org/licenses/by-nc/4.0/
83810,3915426559,Hybotidae_Hybos_culiciformis_3397325_3915426559,http://creativecommons.org/licenses/by-nc/4.0/
94532,3925383699,Hybotidae_Hybos_culiciformis_2716485_3925383699,http://creativecommons.org/licenses/by-nc/4.0/
94533,3925383699,Hybotidae_Hybos_culiciformis_2716486_3925383699,http://creativecommons.org/licenses/by-nc/4.0/
100599,3383942529,Hybotidae_Trichina_flavipes_319115_3383942529,http://creativecommons.org/licenses/by-nc/4.0/
100600,3383942529,Hybotidae_Trichina_flavipes_319116_3383942529,http://creativecommons.org/licenses/by-nc/4.0/
100666,2573967975,Hybotidae_Hybos_femoratus_1561137_2573967975,http://creativecommons.org/licenses/by-nc/4.0/
100667,2573967975,Hybotidae_Hybos_femoratus_1561138_2573967975,http://creativecommons.org/licenses/by-nc/4.0/
100668,2573967975,Hybotidae_Hybos_femoratus_1561139_2573967975,http://creativecommons.org/licenses/by-nc/4.0/
108738,3902591962,Hybotidae_Oedalea_stigmatella_2675865_3902591962,http://creativecommons.org/licenses/by-nc/4.0/
108739,3902591962,Hybotidae_Oedalea_stigmatella_2675866_3902591962,http://creativecommons.org/licenses/by-nc/4.0/
113753,3337418695,Hybotidae_Hybos_femoratus_1687160_3337418695,http://creativecommons.org/licenses/by-nc/4.0/
113754,3337418695,Hybotidae_Hybos_femoratus_1687161_3337418695,http://creativecommons.org/licenses/by-nc/4.0/
113755,3337418695,Hybotidae_Hybos_femoratus_1687162_3337418695,http://creativecommons.org/licenses/by-nc/4.0/
117345,3415455440,Hybotidae_Tachydromia_arrogans_2400891_3415455440,http://creativecommons.org/licenses/by/4.0/
117346,3415455440,Hybotidae_Tachydromia_arrogans_2400892_3415455440,http://creativecommons.org/licenses/by/4.0/
122344,3730156458,Hybotidae_Hybos_culiciformis_526213_3730156458,http://creativecommons.org/licenses/by-nc-nd/4.0/
122345,3730156458,Hybotidae_Hybos_culiciformis_526214_3730156458,http://creativecommons.org/licenses/by-nc-nd/4.0/
122762,1976167825,Hybotidae_Tachypeza_nubila_122575_1976167825,http://creativecommons.org/licenses/by-nc-nd/4.0/
123469,1955392097,Hybotidae_Bicellaria_vana_783311_1955392097,http://creativecommons.org/licenses/by-nc-nd/4.0/
124465,2273537153,Hybotidae_Platypalpus_cursitans_836160_2273537153,© All rights reserved
127981,1821356533,Hybotidae_Oedalea_stigmatella_1435554_1821356533,© all rights reserved
128017,1474417874,Hybotidae_Tachypeza_nubila_740803_1474417874,© all rights reserved
128064,1431395639,Hybotidae_Platypalpus_agilis_2802696_1431395639,© all rights reserved
128065,1431395639,Hybotidae_Platypalpus_agilis_2802697_1431395639,© all rights reserved
128066,1431395639,Hybotidae_Platypalpus_agilis_2802698_1431395639,© all rights reserved
128067,1431395639,Hybotidae_Platypalpus_agilis_2802699_1431395639,© all rights reserved
128402,3845855348,Hybotidae_Hybos_femoratus_1949893_3845855348,© All rights reserved
128437,3803890335,Hybotidae_Symballophthalmus_fuscitarsis_1936216_3803890335,© All rights reserved
128438,3803890335,Hybotidae_Symballophthalmus_fuscitarsis_1936217_3803890335,© All rights reserved
128443,2252351452,Hybotidae_Platypalpus_cursitans_1522685_2252351452,© All rights reserved
128453,3345010330,Hybotidae_Ocydromia_glabricula_3072518_3345010330,© All rights reserved
128454,3345010330,Hybotidae_Ocydromia_glabricula_3072519_3345010330,© All rights reserved
128455,3345010330,Hybotidae_Ocydromia_glabricula_3072520_3345010330,© All rights reserved
128544,2823039480,Hybotidae_Hybos_grossipes_207751_2823039480,© All rights reserved
128580,2273553719,Hybotidae_Hybos_grossipes_1524598_2273553719,© All rights reserved
128709,3303223661,Hybotidae_Tachydromia_umbrarum_1669827_3303223661,© All rights reserved
128845,3429720758,Hybotidae_Ocydromia_glabricula_336208_3429720758,© all rights reserved
129349,1459885463,Hybotidae_Tachydromia_arrogans_739300_1459885463,© all rights reserved
129548,3431400505,Hybotidae_Ocydromia_glabricula_1026760_3431400505,© all rights reserved
129549,3431400505,Hybotidae_Ocydromia_glabricula_1026761_3431400505,© all rights reserved
129625,2866106529,Hybotidae_Hybos_grossipes_1623958_2866106529,© all rights reserved
130078,1431493135,Hybotidae_Euthyneura_gyllenhali_2802748_1431493135,© all rights reserved
130079,1431493135,Hybotidae_Euthyneura_gyllenhali_2802749_1431493135,© all rights reserved
130080,1431493135,Hybotidae_Euthyneura_gyllenhali_2802750_1431493135,© all rights reserved
130350,3920424660,Hybotidae_Drapetis_ephippiata_2712779_3920424660,© all rights reserved
130374,1123074146,Hybotidae_Tachypeza_nubila_697997_1123074146,© all rights reserved
130375,1123074146,Hybotidae_Tachypeza_nubila_697998_1123074146,© all rights reserved
130407,3429859604,Hybotidae_Hybos_culiciformis_2404052_3429859604,© all rights reserved
130577,1995162156,Hybotidae_Hybos_grossipes_2200690_1995162156,© all rights reserved
130755,3049677781,Hybotidae_Trichina_flavipes_3029049_3049677781,© all rights reserved
131439,3433502307,Hybotidae_Ocydromia_glabricula_2405908_3433502307,© all rights reserved
131681,2808762027,Hybotidae_Tachydromia_umbrarum_1582389_2808762027,© all rights reserved
131912,3993431048,Hybotidae_Leptopeza_flavipes_2730450_3993431048,© all rights reserved
131913,3993431048,Hybotidae_Leptopeza_flavipes_2730451_3993431048,© all rights reserved
131918,1459654711,Hybotidae_Hybos_culiciformis_738760_1459654711,© all rights reserved
131919,1459654711,Hybotidae_Hybos_culiciformis_738761_1459654711,© all rights reserved
132044,1433928770,Hybotidae_Hybos_grossipes_2803902_1433928770,© all rights reserved
132655,2980213332,Hybotidae_Ocydromia_glabricula_255459_2980213332,© all rights reserved
132869,2425920855,Hybotidae_Tachypeza_nubila_1536398_2425920855,© all rights reserved
133266,3434021319,Hybotidae_Platypalpus_cursitans_338391_3434021319,© all rights reserved
133267,3434021319,Hybotidae_Platypalpus_cursitans_338392_3434021319,© all rights reserved
133278,2899899386,Hybotidae_Ocydromia_glabricula_940422_2899899386,© all rights reserved
133340,3920116400,Hybotidae_Ocydromia_glabricula_2712734_3920116400,© all rights reserved
133341,3920116400,Hybotidae_Ocydromia_glabricula_2712735_3920116400,© all rights reserved
133342,3920116400,Hybotidae_Ocydromia_glabricula_2712736_3920116400,© all rights reserved
133343,3920116400,Hybotidae_Ocydromia_glabricula_2712737_3920116400,© all rights reserved
133696,1670557540,Hybotidae_Hybos_grossipes_53275_1670557540,© all rights reserved
133697,1670557540,Hybotidae_Hybos_grossipes_53276_1670557540,© all rights reserved
133821,2847689345,Hybotidae_Hybos_culiciformis_925784_2847689345,© all rights reserved
133962,2604655575,Hybotidae_Trichina_clavipes_2254288_2604655575,© all rights reserved
133985,1478669030,Hybotidae_Tachydromia_umbrarum_1429564_1478669030,© all rights reserved
134032,3433492506,Hybotidae_Ocydromia_glabricula_1716888_3433492506,© all rights reserved
134271,3050014094,Hybotidae_Hybos_culiciformis_960930_3050014094,© all rights reserved
134404,1460037872,Hybotidae_Ocydromia_glabricula_2807103_1460037872,© all rights reserved
134614,3429544576,Hybotidae_Hybos_femoratus_1714822_3429544576,© all rights reserved
134615,3429544576,Hybotidae_Hybos_femoratus_1714823_3429544576,© all rights reserved
134674,1499776360,Hybotidae_Stilpon_graminum_1429653_1499776360,© all rights reserved
134675,1499776360,Hybotidae_Stilpon_graminum_1429654_1499776360,© all rights reserved
135192,1670930524,Hybotidae_Platypalpus_minutus_1433035_1670930524,© all rights reserved
135193,1670930524,Hybotidae_Platypalpus_minutus_1433036_1670930524,© all rights reserved
135194,1670930524,Hybotidae_Platypalpus_minutus_1433037_1670930524,© all rights reserved
135195,1670930524,Hybotidae_Platypalpus_minutus_1433038_1670930524,© all rights reserved
135444,2572555496,Hybotidae_Ocydromia_glabricula_181563_2572555496,© all rights reserved
135463,2897259449,Hybotidae_Ocydromia_glabricula_1627698_2897259449,© all rights reserved
135464,2897259449,Hybotidae_Ocydromia_glabricula_1627699_2897259449,© all rights reserved
135465,2897259449,Hybotidae_Ocydromia_glabricula_1627700_2897259449,© all rights reserved
135466,2897259449,Hybotidae_Ocydromia_glabricula_1627701_2897259449,© all rights reserved
135467,2897259449,Hybotidae_Ocydromia_glabricula_1627702_2897259449,© all rights reserved
135502,1806969855,Hybotidae_Platypalpus_minutus_746683_1806969855,© all rights reserved
135564,1431619266,Hybotidae_Platypalpus_luteus_2802816_1431619266,© all rights reserved
135565,1431619266,Hybotidae_Platypalpus_luteus_2802817_1431619266,© all rights reserved
135618,2247636872,Hybotidae_Platypalpus_candicans_2205614_2247636872,© all rights reserved
135669,3880134660,Hybotidae_Platypalpus_luteus_1283921_3880134660,© all rights reserved
135670,3880134660,Hybotidae_Platypalpus_luteus_1283922_3880134660,© all rights reserved
135788,1460072233,Hybotidae_Hybos_grossipes_2807148_1460072233,© all rights reserved
136096,3857885811,Hybotidae_Trichina_flavipes_3331286_3857885811,© all rights reserved
136243,2449998727,Hybotidae_Platypalpus_maculipes_1542130_2449998727,© all rights reserved
136244,2449998727,Hybotidae_Platypalpus_maculipes_1542131_2449998727,© all rights reserved
136252,3890941318,Hybotidae_Hybos_femoratus_3360340_3890941318,© all rights reserved
136411,1432967284,Hybotidae_Hybos_grossipes_736087_1432967284,© all rights reserved
136412,1432967284,Hybotidae_Hybos_grossipes_736088_1432967284,© all rights reserved
136413,1432967284,Hybotidae_Hybos_grossipes_736089_1432967284,© all rights reserved
136451,3431312994,Hybotidae_Symballophthalmus_fuscitarsis_337014_3431312994,© all rights reserved
136452,3431312994,Hybotidae_Symballophthalmus_fuscitarsis_337015_3431312994,© all rights reserved
136473,2847696548,Hybotidae_Hybos_culiciformis_2994050_2847696548,© all rights reserved
136474,2847696548,Hybotidae_Hybos_culiciformis_2994051_2847696548,© all rights reserved
136475,2847696548,Hybotidae_Hybos_culiciformis_2994052_2847696548,© all rights reserved
136483,1432974559,Hybotidae_Hybos_culiciformis_2803650_1432974559,© all rights reserved
136544,1431783124,Hybotidae_Platypalpus_minutus_2802894_1431783124,© all rights reserved
136545,1431783124,Hybotidae_Platypalpus_minutus_2802895_1431783124,© all rights reserved
136602,3857477468,Hybotidae_Platypalpus_cursitans_3331031_3857477468,© all rights reserved
136628,1432733617,Hybotidae_Ocydromia_glabricula_1424830_1432733617,© all rights reserved
136726,1459608479,Hybotidae_Tachypeza_nubila_738648_1459608479,© all rights reserved
137075,2447485210,Hybotidae_Hybos_grossipes_852958_2447485210,© all rights reserved
137622,2808512964,Hybotidae_Platypalpus_verralli_202880_2808512964,© all rights reserved
137623,2808512964,Hybotidae_Platypalpus_verralli_202881_2808512964,© all rights reserved
138320,1676977159,Hybotidae_Tachypeza_nubila_1433278_1676977159,© all rights reserved
138341,3429533570,Hybotidae_Drapetis_ephippiata_3094169_3429533570,© all rights reserved
139320,3013082470,Hybotidae_Hybos_culiciformis_2329815_3013082470,© all rights reserved
139977,1676118433,Hybotidae_Ocydromia_glabricula_2812163_1676118433,© all rights reserved
139978,1676118433,Hybotidae_Ocydromia_glabricula_2812164_1676118433,© all rights reserved
139979,1676118433,Hybotidae_Ocydromia_glabricula_2812165_1676118433,© all rights reserved
140080,1433489142,Hybotidae_Trichina_flavipes_2803831_1433489142,© all rights reserved
140081,1433489142,Hybotidae_Trichina_flavipes_2803832_1433489142,© all rights reserved
140355,2572518504,Hybotidae_Tachydromia_umbrarum_2939789_2572518504,© all rights reserved
140613,2857562547,Hybotidae_Ocydromia_glabricula_1620045_2857562547,© all rights reserved
140614,2857562547,Hybotidae_Ocydromia_glabricula_1620046_2857562547,© all rights reserved
140615,2857562547,Hybotidae_Ocydromia_glabricula_1620047_2857562547,© all rights reserved
140744,3433360625,Hybotidae_Oedalea_hybotina_2405823_3433360625,© all rights reserved
140890,3857184562,Hybotidae_Tachypeza_nubila_3330834_3857184562,© all rights reserved
141601,3013241301,Hybotidae_Hybos_grossipes_2329854_3013241301,© all rights reserved
141602,3013241301,Hybotidae_Hybos_grossipes_2329855_3013241301,© all rights reserved
141603,3013241301,Hybotidae_Hybos_grossipes_2329856_3013241301,© all rights reserved
141604,3013241301,Hybotidae_Hybos_grossipes_2329857_3013241301,© all rights reserved
141605,3013241301,Hybotidae_Hybos_grossipes_2329858_3013241301,© all rights reserved
141997,1884294981,Hybotidae_Platypalpus_cursitans_1460969_1884294981,© all rights reserved
141998,1884294981,Hybotidae_Platypalpus_cursitans_1460970_1884294981,© all rights reserved
141999,1884294981,Hybotidae_Platypalpus_cursitans_1460971_1884294981,© all rights reserved
142000,1884294981,Hybotidae_Platypalpus_cursitans_1460972_1884294981,© all rights reserved
142561,1459377295,Hybotidae_Tachypeza_nubila_47157_1459377295,© all rights reserved
142562,1459377295,Hybotidae_Tachypeza_nubila_47158_1459377295,© all rights reserved
142563,1459377295,Hybotidae_Tachypeza_nubila_47159_1459377295,© all rights reserved
142681,2558626916,Hybotidae_Platypalpus_ciliaris_2927500_2558626916,© all rights reserved
142751,931902429,Hybotidae_Platypalpus_major_689601_931902429,© all rights reserved
142942,3431740801,Hybotidae_Bicellaria_sulcata_1715932_3431740801,© all rights reserved
143039,2847695569,Hybotidae_Hybos_femoratus_925787_2847695569,© all rights reserved
143040,2847695569,Hybotidae_Hybos_femoratus_925788_2847695569,© all rights reserved
143138,1036991985,Hybotidae_Platypalpus_maculipes_1383462_1036991985,© all rights reserved
143139,1036991985,Hybotidae_Platypalpus_maculipes_1383463_1036991985,© all rights reserved
143220,1806894908,Hybotidae_Platypalpus_maculipes_1435157_1806894908,© all rights reserved
143221,1806894908,Hybotidae_Platypalpus_maculipes_1435158_1806894908,© all rights reserved
143222,1806894908,Hybotidae_Platypalpus_maculipes_1435159_1806894908,© all rights reserved
143223,1806894908,Hybotidae_Platypalpus_maculipes_1435160_1806894908,© all rights reserved
143694,1135654824,Hybotidae_Platypalpus_verralli_2766234_1135654824,© all rights reserved
144727,2273001160,Hybotidae_Platypalpus_major_145205_2273001160,© all rights reserved
144728,2273001160,Hybotidae_Platypalpus_major_145206_2273001160,© all rights reserved
144864,2365806291,Hybotidae_Hybos_culiciformis_149942_2365806291,© all rights reserved
145286,3769408370,Hybotidae_Hybos_culiciformis_1238625_3769408370,© all rights reserved
145523,1459072858,Hybotidae_Platypalpus_maculipes_46833_1459072858,© all rights reserved
145524,1459072858,Hybotidae_Platypalpus_maculipes_46834_1459072858,© all rights reserved
145525,1459072858,Hybotidae_Platypalpus_maculipes_46835_1459072858,© all rights reserved
145678,997933340,Hybotidae_Hybos_culiciformis_1379754_997933340,© all rights reserved
145679,997933340,Hybotidae_Hybos_culiciformis_1379755_997933340,© all rights reserved
146783,1954090358,Hybotidae_Tachypeza_nubila_2159251_1954090358,http://creativecommons.org/licenses/by-nc-nd/4.0/
146784,1954090358,Hybotidae_Tachypeza_nubila_2159252_1954090358,http://creativecommons.org/licenses/by-nc-nd/4.0/
146785,1969172598,Hybotidae_Hybos_culiciformis_802781_1969172598,http://creativecommons.org/licenses/by-nc-nd/4.0/
148628,1969796778,Hybotidae_Syneches_muscarius_2181992_1969796778,http://creativecommons.org/licenses/by-nc-nd/4.0/
150277,3864193373,Hybotidae_Tachypeza_nubila_1276695_3864193373,© All rights reserved
150406,2995351383,Hybotidae_Tachypeza_nubila_259246_2995351383,© All rights reserved
150520,1884817112,Hybotidae_Hybos_grossipes_2840599_1884817112,© All rights reserved
150700,2987058340,Hybotidae_Ocydromia_glabricula_3015520_2987058340,© All rights reserved
150701,2987058340,Hybotidae_Ocydromia_glabricula_3015521_2987058340,© All rights reserved
150702,2987058340,Hybotidae_Ocydromia_glabricula_3015522_2987058340,© All rights reserved
150895,3323972427,Hybotidae_Hybos_grossipes_297179_3323972427,© All rights reserved
151327,1946446154,Hybotidae_Platypalpus_macula_2844860_1946446154,© All rights reserved
151328,1946446154,Hybotidae_Platypalpus_macula_2844861_1946446154,© All rights reserved
151329,1946446154,Hybotidae_Platypalpus_macula_2844862_1946446154,© All rights reserved
151355,2273569270,Hybotidae_Hybos_grossipes_836180_2273569270,© All rights reserved
151532,2979546626,Hybotidae_Platypalpus_confinis_254439_2979546626,http://creativecommons.org/licenses/by-sa/4.0/
151536,1416538490,Hybotidae_Crossopalpus_setiger_2112303_1416538490,http://creativecommons.org/licenses/by-nc-sa/4.0/
151821,2383026046,Hybotidae_Tachypeza_nubila_1529436_2383026046,© all rights reserved
151871,1459401103,Hybotidae_Ocydromia_glabricula_738418_1459401103,© all rights reserved
152966,3724644800,Hybotidae_Tachypeza_nubila_3266787_3724644800,http://creativecommons.org/licenses/by-nc-nd/4.0/
153589,1972898202,Hybotidae_Hybos_culiciformis_1497119_1972898202,http://creativecommons.org/licenses/by/4.0/
154388,1964941023,Hybotidae_Hybos_culiciformis_2863699_1964941023,http://creativecommons.org/licenses/by-nc/4.0/
154461,1976391550,Hybotidae_Hybos_culiciformis_2881457_1976391550,http://creativecommons.org/licenses/by-nc/4.0/
154462,1976391550,Hybotidae_Hybos_culiciformis_2881458_1976391550,http://creativecommons.org/licenses/by-nc/4.0/
154463,1976391550,Hybotidae_Hybos_culiciformis_2881459_1976391550,http://creativecommons.org/licenses/by-nc/4.0/
155551,3907403025,Hybotidae_Hybos_culiciformis_3392528_3907403025,http://creativecommons.org/licenses/by-nc/4.0/
156366,1883020029,Hybotidae_Platypalpus_major_2838529_1883020029,© All rights reserved
156911,3353191457,Hybotidae_Platypalpus_maculipes_1692707_3353191457,© All rights reserved
156912,3353191457,Hybotidae_Platypalpus_maculipes_1692708_3353191457,© All rights reserved
156913,3353191457,Hybotidae_Platypalpus_maculipes_1692709_3353191457,© All rights reserved
156914,3353191457,Hybotidae_Platypalpus_maculipes_1692710_3353191457,© All rights reserved
156979,1975045436,Hybotidae_Hybos_femoratus_121481_1975045436,http://creativecommons.org/licenses/by-nc-nd/4.0/
157819,1965566238,Hybotidae_Hybos_culiciformis_797604_1965566238,http://creativecommons.org/licenses/by-nc-nd/4.0/
159509,3718981268,Hybotidae_Hybos_culiciformis_1866916_3718981268,http://creativecommons.org/licenses/by-nc-sa/4.0/
159604,1957536412,Hybotidae_Hybos_femoratus_786571_1957536412,http://creativecommons.org/licenses/by-nc-nd/4.0/
160954,1965209706,Hybotidae_Drapetis_ephippiata_105941_1965209706,http://creativecommons.org/licenses/by-nc-nd/4.0/
161268,3866358312,Hybotidae_Platypalpus_verralli_1276858_3866358312,© All rights reserved
161381,1824422619,Hybotidae_Hybos_culiciformis_2125279_1824422619,© All rights reserved
161460,3310085368,Hybotidae_Platypalpus_major_1671840_3310085368,© All rights reserved
161461,3310085368,Hybotidae_Platypalpus_major_1671841_3310085368,© All rights reserved
161462,3310085368,Hybotidae_Platypalpus_major_1671842_3310085368,© All rights reserved
161463,3310085368,Hybotidae_Platypalpus_major_1671843_3310085368,© All rights reserved
161775,3338507463,Hybotidae_Bicellaria_sulcata_312014_3338507463,© All rights reserved
161776,3338507463,Hybotidae_Bicellaria_sulcata_312015_3338507463,© All rights reserved
161777,3338507463,Hybotidae_Bicellaria_sulcata_312016_3338507463,© All rights reserved
161778,3338507463,Hybotidae_Bicellaria_sulcata_312017_3338507463,© All rights reserved
161779,3338507463,Hybotidae_Bicellaria_sulcata_312018_3338507463,© All rights reserved
162275,2407371119,Hybotidae_Platypalpus_major_1532670_2407371119,© All rights reserved
162276,2407371119,Hybotidae_Platypalpus_major_1532671_2407371119,© All rights reserved
162302,2411518156,Hybotidae_Hybos_grossipes_844704_2411518156,© All rights reserved
162372,3866486441,Hybotidae_Hybos_femoratus_1276920_3866486441,© All rights reserved
162381,2397887920,Hybotidae_Platypalpus_candicans_2219378_2397887920,© All rights reserved
162382,2397887920,Hybotidae_Platypalpus_candicans_2219379_2397887920,© All rights reserved
162457,2409749444,Hybotidae_Ocydromia_glabricula_2912909_2409749444,http://creativecommons.org/licenses/by-nc-sa/4.0/
162669,3807904477,Hybotidae_Platypalpus_australominutus_1247311_3807904477,© All rights reserved
162670,3807904477,Hybotidae_Platypalpus_australominutus_1247312_3807904477,© All rights reserved
162857,3921315516,Hybotidae_Trichina_flavipes_2712883_3921315516,© All rights reserved
162858,3921315516,Hybotidae_Trichina_flavipes_2712884_3921315516,© All rights reserved
162884,3303478697,Hybotidae_Tachydromia_umbrarum_2360023_3303478697,© All rights reserved
162885,3303478697,Hybotidae_Tachydromia_umbrarum_2360024_3303478697,© All rights reserved
163416,2815362530,Hybotidae_Hybos_grossipes_1585283_2815362530,© All rights reserved
163503,2252379843,Hybotidae_Platypalpus_candicans_834345_2252379843,© All rights reserved
163504,2252379843,Hybotidae_Platypalpus_candicans_834346_2252379843,© All rights reserved
163505,2252379843,Hybotidae_Platypalpus_candicans_834347_2252379843,© All rights reserved
163707,2825910303,Hybotidae_Hybos_culiciformis_899347_2825910303,© All rights reserved
164151,1954090480,Hybotidae_Platypalpus_albiseta_2849029_1954090480,http://creativecommons.org/licenses/by-nc-nd/4.0/
164152,1954090480,Hybotidae_Platypalpus_albiseta_2849030_1954090480,http://creativecommons.org/licenses/by-nc-nd/4.0/
164153,1954090480,Hybotidae_Platypalpus_albiseta_2849031_1954090480,http://creativecommons.org/licenses/by-nc-nd/4.0/
165498,1965208541,Hybotidae_Drapetis_ephippiata_796682_1965208541,http://creativecommons.org/licenses/by-nc-nd/4.0/
169021,1952080658,Hybotidae_Tachypeza_nubila_778142_1952080658,http://creativecommons.org/licenses/by-nc-nd/4.0/
169022,1952080658,Hybotidae_Tachypeza_nubila_778143_1952080658,http://creativecommons.org/licenses/by-nc-nd/4.0/
171538,1972455561,Hybotidae_Hybos_culiciformis_2875756_1972455561,http://creativecommons.org/licenses/by-nc/4.0/
171738,1965208679,Hybotidae_Drapetis_ephippiata_2174344_1965208679,http://creativecommons.org/licenses/by-nc-nd/4.0/
172564,3964626456,Hybotidae_Hybos_culiciformis_3414651_3964626456,
172620,1478668551,Hybotidae_Ocydromia_glabricula_2808355_1478668551,© all rights reserved
172621,1478668551,Hybotidae_Ocydromia_glabricula_2808356_1478668551,© all rights reserved
172622,1478668551,Hybotidae_Ocydromia_glabricula_2808357_1478668551,© all rights reserved
172869,2980112670,Hybotidae_Hybos_femoratus_2323506_2980112670,© all rights reserved
172870,2980112670,Hybotidae_Hybos_femoratus_2323507_2980112670,© all rights reserved
172871,2980112670,Hybotidae_Hybos_femoratus_2323508_2980112670,© all rights reserved
173181,3049562786,Hybotidae_Platypalpus_calceatus_1649107_3049562786,© all rights reserved
173182,3049562786,Hybotidae_Platypalpus_calceatus_1649108_3049562786,© all rights reserved
173192,1460053824,Hybotidae_Platypalpus_minutus_2807123_1460053824,© all rights reserved
173402,1459376632,Hybotidae_Tachypeza_nubila_2805880_1459376632,© all rights reserved
173403,1459376632,Hybotidae_Tachypeza_nubila_2805881_1459376632,© all rights reserved
173608,1428166681,Hybotidae_Hybos_grossipes_2113009_1428166681,© all rights reserved
173848,1428828987,Hybotidae_Stilpon_graminum_1423827_1428828987,© all rights reserved
174103,2840301595,Hybotidae_Ocydromia_glabricula_2291816_2840301595,http://creativecommons.org/licenses/by-nc-nd/4.0/
178873,3803974316,Hybotidae_Euthyneura_gyllenhali_3316213_3803974316,© All rights reserved
179107,2411161012,Hybotidae_Bicellaria_vana_844613_2411161012,© All rights reserved
179504,3080129414,Hybotidae_Hybos_femoratus_2346528_3080129414,http://creativecommons.org/licenses/by-sa/4.0/
179505,3080129414,Hybotidae_Hybos_femoratus_2346529_3080129414,http://creativecommons.org/licenses/by-sa/4.0/
179506,3080129414,Hybotidae_Hybos_femoratus_2346530_3080129414,http://creativecommons.org/licenses/by-sa/4.0/
179554,3866434318,Hybotidae_Trichina_opaca_1965974_3866434318,© All rights reserved
179733,2866946357,Hybotidae_Tachydromia_umbrarum_2314023_2866946357,© All rights reserved
179734,2866946357,Hybotidae_Tachydromia_umbrarum_2314024_2866946357,© All rights reserved
180463,3912174465,Hybotidae_Hybos_femoratus_637325_3912174465,http://creativecommons.org/licenses/by-nc/4.0/
183185,2468073309,Hybotidae_Tachydromia_umbrarum_2232834_2468073309,© All rights reserved
183186,2468073309,Hybotidae_Tachydromia_umbrarum_2232835_2468073309,© All rights reserved
183187,2468073309,Hybotidae_Tachydromia_umbrarum_2232836_2468073309,© All rights reserved
183188,2468073309,Hybotidae_Tachydromia_umbrarum_2232837_2468073309,© All rights reserved
183307,2410978654,Hybotidae_Hybos_culiciformis_2222489_2410978654,http://creativecommons.org/licenses/by-nc-sa/4.0/
183336,3924308409,Hybotidae_Hybos_grossipes_2714930_3924308409,© All rights reserved
183337,3924308409,Hybotidae_Hybos_grossipes_2714931_3924308409,© All rights reserved
183463,3798238484,Hybotidae_Euthyneura_myrtilli_1245357_3798238484,© All rights reserved
183464,3798238484,Hybotidae_Euthyneura_myrtilli_1245358_3798238484,© All rights reserved
183465,3798238484,Hybotidae_Euthyneura_myrtilli_1245359_3798238484,© All rights reserved
183656,3419668316,Hybotidae_Trichina_flavipes_3094059_3419668316,© All rights reserved
183657,3419668316,Hybotidae_Trichina_flavipes_3094060_3419668316,© All rights reserved
183778,3886459514,Hybotidae_Hybos_grossipes_3357615_3886459514,© All rights reserved
183891,1460578910,Hybotidae_Tachypeza_nubila_1429282_1460578910,© all rights reserved
184562,2621958667,Hybotidae_Tachydromia_arrogans_2257308_2621958667,
184567,2621958647,Hybotidae_Tachydromia_arrogans_879455_2621958647,
187915,1433353347,Hybotidae_Trichina_flavipes_736243_1433353347,© all rights reserved
187916,1433353347,Hybotidae_Trichina_flavipes_736244_1433353347,© all rights reserved
187985,1821294765,Hybotidae_Ocydromia_glabricula_55990_1821294765,© all rights reserved
187997,2247638349,Hybotidae_Platypalpus_ciliaris_2895814_2247638349,© all rights reserved
191552,1883136580,Hybotidae_Hybos_culiciformis_2838624_1883136580,© All rights reserved
191575,2363625613,Hybotidae_Hybos_culiciformis_149880_2363625613,© All rights reserved
192226,2818244387,Hybotidae_Hybos_grossipes_896503_2818244387,© All rights reserved
192294,3866458425,Hybotidae_Hybos_femoratus_1965990_3866458425,© All rights reserved
192374,3313477460,Hybotidae_Hybos_grossipes_293536_3313477460,© All rights reserved
192722,2409080987,Hybotidae_Hybos_culiciformis_2912758_2409080987,http://creativecommons.org/licenses/by-nc-sa/4.0/
192723,2409080987,Hybotidae_Hybos_culiciformis_2912759_2409080987,http://creativecommons.org/licenses/by-nc-sa/4.0/
196329,1972536509,Hybotidae_Hybos_culiciformis_808036_1972536509,http://creativecommons.org/licenses/by-nc/4.0/
196569,1961634017,Hybotidae_Tachypeza_nubila_793067_1961634017,http://creativecommons.org/licenses/by-nc/4.0/
196735,1965233166,Hybotidae_Drapetis_ephippiata_1485395_1965233166,http://creativecommons.org/licenses/by-nc-nd/4.0/
197748,1954098045,Hybotidae_Hybos_culiciformis_2849044_1954098045,http://creativecommons.org/licenses/by-nc-nd/4.0/
197749,1954098045,Hybotidae_Hybos_culiciformis_2849045_1954098045,http://creativecommons.org/licenses/by-nc-nd/4.0/
197750,1954098045,Hybotidae_Hybos_culiciformis_2849046_1954098045,http://creativecommons.org/licenses/by-nc-nd/4.0/
197969,1967835178,Hybotidae_Platypalpus_pectoralis_1489903_1967835178,http://creativecommons.org/licenses/by-nc-nd/4.0/
197970,1967835178,Hybotidae_Platypalpus_pectoralis_1489904_1967835178,http://creativecommons.org/licenses/by-nc-nd/4.0/
204162,1431397630,Hybotidae_Tachydromia_umbrarum_1424024_1431397630,© all rights reserved
204163,1431397630,Hybotidae_Tachydromia_umbrarum_1424025_1431397630,© all rights reserved
204259,1212977519,Hybotidae_Drapetis_ephippiata_2767815_1212977519,© all rights reserved
204765,2875743474,Hybotidae_Tachypeza_nubila_1626629_2875743474,© all rights reserved
205045,2247636994,Hybotidae_Platypalpus_cursitans_2205615_2247636994,© all rights reserved
205116,1460160180,Hybotidae_Hybos_femoratus_2117704_1460160180,© all rights reserved
205117,1460160180,Hybotidae_Hybos_femoratus_2117705_1460160180,© all rights reserved
205118,1460160180,Hybotidae_Hybos_femoratus_2117706_1460160180,© all rights reserved
205386,1949309510,Hybotidae_Platypalpus_unguiculatus_86674_1949309510,© All rights reserved
205480,3866476400,Hybotidae_Hybos_grossipes_587809_3866476400,© All rights reserved
205509,3907748341,Hybotidae_Hybos_culiciformis_2013473_3907748341,© All rights reserved
206306,1965340481,Hybotidae_Drapetis_ephippiata_797123_1965340481,http://creativecommons.org/licenses/by-nc-nd/4.0/
208037,3979007424,Hybotidae_Bicellaria_intermedia_2725875_3979007424,© All rights reserved
208038,3979007424,Hybotidae_Bicellaria_intermedia_2725876_3979007424,© All rights reserved
211850,3433315531,Hybotidae_Ocydromia_glabricula_3096151_3433315531,© all rights reserved
212007,1478153958,Hybotidae_Oedalea_stigmatella_2808347_1478153958,© all rights reserved
212057,3447977639,Hybotidae_Tachypeza_heeri_1833473_3447977639,http://creativecommons.org/licenses/by-sa/4.0/
212067,3448161235,Hybotidae_Ocydromia_glabricula_454729_3448161235,http://creativecommons.org/licenses/by-sa/4.0/
212068,3448161263,Hybotidae_Ocydromia_glabricula_1144091_3448161263,http://creativecommons.org/licenses/by-sa/4.0/
212101,3447837862,Hybotidae_Tachypeza_nubila_454514_3447837862,http://creativecommons.org/licenses/by-sa/4.0/
212144,3447995694,Hybotidae_Tachypeza_nubila_2522581_3447995694,http://creativecommons.org/licenses/by-sa/4.0/
212152,3448524999,Hybotidae_Platypalpus_luteus_454813_3448524999,http://creativecommons.org/licenses/by-sa/4.0/
212158,3448650603,Hybotidae_Hybos_femoratus_1833716_3448650603,http://creativecommons.org/licenses/by-sa/4.0/
213098,1957849390,Hybotidae_Leptopeza_flavipes_2165142_1957849390,http://creativecommons.org/licenses/by-nc-nd/4.0/
213099,1957849390,Hybotidae_Leptopeza_flavipes_2165143_1957849390,http://creativecommons.org/licenses/by-nc-nd/4.0/
214877,2845172967,Hybotidae_Hybos_culiciformis_924700_2845172967,http://creativecommons.org/licenses/by-nc-nd/4.0/
215118,1966674068,Hybotidae_Tachypeza_nubila_109598_1966674068,http://creativecommons.org/licenses/by-nc/4.0/
215119,1966674068,Hybotidae_Tachypeza_nubila_109599_1966674068,http://creativecommons.org/licenses/by-nc/4.0/
216202,2843304912,Hybotidae_Tachypeza_nubila_2988845_2843304912,http://creativecommons.org/licenses/by-nc-nd/4.0/
216880,1972957083,Hybotidae_Hybos_culiciformis_118228_1972957083,http://creativecommons.org/licenses/by-nc/4.0/
216887,1976806993,Hybotidae_Tachypeza_nubila_814710_1976806993,http://creativecommons.org/licenses/by-nc/4.0/
216961,1955713565,Hybotidae_Leptopeza_flavipes_2162036_1955713565,http://creativecommons.org/licenses/by-nc-nd/4.0/
216973,3995427894,Hybotidae_Hybos_culiciformis_1354686_3995427894,http://creativecommons.org/licenses/by-nc/4.0/
217172,3904931783,Hybotidae_Hybos_femoratus_1309026_3904931783,http://creativecommons.org/licenses/by-nc-nd/4.0/
217173,3904931783,Hybotidae_Hybos_femoratus_1309027_3904931783,http://creativecommons.org/licenses/by-nc-nd/4.0/
218033,1952330383,Hybotidae_Platypalpus_notatus_2846185_1952330383,http://creativecommons.org/licenses/by-nc-nd/4.0/
219131,1968866627,Hybotidae_Hybos_culiciformis_2179889_1968866627,http://creativecommons.org/licenses/by-nc/4.0/
219285,3715674328,Hybotidae_Tachypeza_nubila_2544256_3715674328,http://creativecommons.org/licenses/by-nc-nd/4.0/
219296,1954546066,Hybotidae_Hybos_culiciformis_91016_1954546066,http://creativecommons.org/licenses/by-nc-nd/4.0/
219297,1954546066,Hybotidae_Hybos_culiciformis_91017_1954546066,http://creativecommons.org/licenses/by-nc-nd/4.0/
223113,2572468495,Hybotidae_Tachypeza_fennica_1560451_2572468495,© all rights reserved
223133,1459091000,Hybotidae_Hybos_grossipes_46856_1459091000,© all rights reserved
223134,1459091000,Hybotidae_Hybos_grossipes_46857_1459091000,© all rights reserved
223407,3856936754,Hybotidae_Hybos_grossipes_1261212_3856936754,© all rights reserved
223463,1459376725,Hybotidae_Tachypeza_nubila_1426968_1459376725,© all rights reserved
223556,3448122733,Hybotidae_Tachydromia_umbrarum_454690_3448122733,http://creativecommons.org/licenses/by-sa/4.0/
223557,3448255938,Hybotidae_Ocydromia_glabricula_3212860_3448255938,http://creativecommons.org/licenses/by-sa/4.0/
223597,3447937469,Hybotidae_Tachydromia_umbrarum_3212705_3447937469,http://creativecommons.org/licenses/by-sa/4.0/
223600,3447979549,Hybotidae_Platypalpus_major_3212739_3447979549,http://creativecommons.org/licenses/by-sa/4.0/
223607,3448120209,Hybotidae_Tachypeza_nubila_1144053_3448120209,http://creativecommons.org/licenses/by-sa/4.0/
223614,3447822372,Hybotidae_Tachydromia_umbrarum_454502_3447822372,http://creativecommons.org/licenses/by-sa/4.0/
223619,3447874290,Hybotidae_Hybos_grossipes_1143908_3447874290,http://creativecommons.org/licenses/by-sa/4.0/
228973,1952185813,Hybotidae_Hybos_culiciformis_87637_1952185813,http://creativecommons.org/licenses/by-nc-nd/4.0/
230281,1969186438,Hybotidae_Tachydromia_aemula_2870589_1969186438,http://creativecommons.org/licenses/by-nc-sa/4.0/
230282,1969186438,Hybotidae_Tachydromia_aemula_2870590_1969186438,http://creativecommons.org/licenses/by-nc-sa/4.0/
230283,1969186438,Hybotidae_Tachydromia_aemula_2870591_1969186438,http://creativecommons.org/licenses/by-nc-sa/4.0/
230284,1969186438,Hybotidae_Tachydromia_aemula_2870592_1969186438,http://creativecommons.org/licenses/by-nc-sa/4.0/
230285,1969186438,Hybotidae_Tachydromia_aemula_2870593_1969186438,http://creativecommons.org/licenses/by-nc-sa/4.0/
230286,1969186438,Hybotidae_Tachydromia_aemula_2870594_1969186438,http://creativecommons.org/licenses/by-nc-sa/4.0/
230287,1969186438,Hybotidae_Tachydromia_aemula_2870595_1969186438,http://creativecommons.org/licenses/by-nc-sa/4.0/
230288,1969186438,Hybotidae_Tachydromia_aemula_2870596_1969186438,http://creativecommons.org/licenses/by-nc-sa/4.0/
230289,1969186438,Hybotidae_Tachydromia_aemula_2870597_1969186438,http://creativecommons.org/licenses/by-nc-sa/4.0/
230691,1824360967,Hybotidae_Hybos_grossipes_56365_1824360967,© All rights reserved
230692,1824360967,Hybotidae_Hybos_grossipes_56366_1824360967,© All rights reserved
230817,3310023374,Hybotidae_Tachydromia_umbrarum_983179_3310023374,© All rights reserved
230963,1845240771,Hybotidae_Platypalpus_major_72922_1845240771,© All rights reserved
230964,1845240771,Hybotidae_Platypalpus_major_72923_1845240771,© All rights reserved
231529,3979007449,Hybotidae_Tachypeza_nubila_658215_3979007449,© All rights reserved
231592,3816591319,Hybotidae_Tachydromia_umbrarum_3316412_3816591319,© All rights reserved
232148,1955211137,Hybotidae_Hybos_femoratus_782822_1955211137,http://creativecommons.org/licenses/by-nc-nd/4.0/
232395,1972941019,Hybotidae_Hybos_femoratus_1497241_1972941019,http://creativecommons.org/licenses/by-nc-nd/4.0/
232396,1972941019,Hybotidae_Hybos_femoratus_1497242_1972941019,http://creativecommons.org/licenses/by-nc-nd/4.0/
233824,1975987537,Hybotidae_Hybos_culiciformis_1501471_1975987537,http://creativecommons.org/licenses/by-nc/4.0/
234297,3733371904,Hybotidae_Stilpon_graminum_1919774_3733371904,http://creativecommons.org/licenses/by-nc-nd/4.0/
234298,3733371904,Hybotidae_Stilpon_graminum_1919775_3733371904,http://creativecommons.org/licenses/by-nc-nd/4.0/
235387,1954758798,Hybotidae_Trichina_flavipes_1470569_1954758798,http://creativecommons.org/licenses/by-nc-nd/4.0/
235388,1954758798,Hybotidae_Trichina_flavipes_1470570_1954758798,http://creativecommons.org/licenses/by-nc-nd/4.0/
236008,2815198425,Hybotidae_Tachydromia_umbrarum_1585205_2815198425,© All rights reserved
236009,2815198425,Hybotidae_Tachydromia_umbrarum_1585206_2815198425,© All rights reserved
236118,3428958506,Hybotidae_Ocydromia_glabricula_2403829_3428958506,© All rights reserved
236221,1823890340,Hybotidae_Hybos_grossipes_56287_1823890340,© All rights reserved
238092,1956524579,Hybotidae_Tachypeza_nubila_2852804_1956524579,http://creativecommons.org/licenses/by-nc-nd/4.0/
238093,1956524579,Hybotidae_Tachypeza_nubila_2852805_1956524579,http://creativecommons.org/licenses/by-nc-nd/4.0/
239108,3904717479,Hybotidae_Syneches_muscarius_619109_3904717479,http://creativecommons.org/licenses/by-nc-nd/4.0/
239109,3904717479,Hybotidae_Syneches_muscarius_619110_3904717479,http://creativecommons.org/licenses/by-nc-nd/4.0/
239442,1976915541,Hybotidae_Tachypeza_nubila_815008_1976915541,http://creativecommons.org/licenses/by-nc-nd/4.0/
239443,1976915541,Hybotidae_Tachypeza_nubila_815009_1976915541,http://creativecommons.org/licenses/by-nc-nd/4.0/
239486,1975771944,Hybotidae_Platypalpus_nigritarsis_121937_1975771944,http://creativecommons.org/licenses/by-nc-nd/4.0/
239487,1975771944,Hybotidae_Platypalpus_nigritarsis_121938_1975771944,http://creativecommons.org/licenses/by-nc-nd/4.0/
239488,1975771944,Hybotidae_Platypalpus_nigritarsis_121939_1975771944,http://creativecommons.org/licenses/by-nc-nd/4.0/
239625,3822631249,Hybotidae_Syneches_muscarius_559722_3822631249,http://creativecommons.org/licenses/by-nc-nd/4.0/
240546,1951684586,Hybotidae_Tachypeza_nubila_87135_1951684586,http://creativecommons.org/licenses/by-nc-nd/4.0/
240547,1951684586,Hybotidae_Tachypeza_nubila_87136_1951684586,http://creativecommons.org/licenses/by-nc-nd/4.0/
242962,3907325140,Hybotidae_Hybos_culiciformis_634283_3907325140,http://creativecommons.org/licenses/by-nc-nd/4.0/
243958,1976805924,Hybotidae_Tachypeza_nubila_2882383_1976805924,http://creativecommons.org/licenses/by-nc/4.0/
243959,1976805924,Hybotidae_Tachypeza_nubila_2882384_1976805924,http://creativecommons.org/licenses/by-nc/4.0/
244743,1967833866,Hybotidae_Tachypeza_fuscipennis_2869244_1967833866,http://creativecommons.org/licenses/by-nc-nd/4.0/
244744,1967833866,Hybotidae_Tachypeza_fuscipennis_2869245_1967833866,http://creativecommons.org/licenses/by-nc-nd/4.0/
244745,1967833866,Hybotidae_Tachypeza_fuscipennis_2869246_1967833866,http://creativecommons.org/licenses/by-nc-nd/4.0/
244746,1967833866,Hybotidae_Tachypeza_fuscipennis_2869247_1967833866,http://creativecommons.org/licenses/by-nc-nd/4.0/
244747,1967833866,Hybotidae_Tachypeza_fuscipennis_2869248_1967833866,http://creativecommons.org/licenses/by-nc-nd/4.0/
244748,1967833866,Hybotidae_Tachypeza_fuscipennis_2869249_1967833866,http://creativecommons.org/licenses/by-nc-nd/4.0/
244749,1967833866,Hybotidae_Tachypeza_fuscipennis_2869250_1967833866,http://creativecommons.org/licenses/by-nc-nd/4.0/
244750,1967833866,Hybotidae_Tachypeza_fuscipennis_2869251_1967833866,http://creativecommons.org/licenses/by-nc-nd/4.0/
245389,1954096972,Hybotidae_Platypalpus_agilis_781398_1954096972,http://creativecommons.org/licenses/by-nc-nd/4.0/
246635,1969258834,Hybotidae_Tachypeza_nubila_2870783_1969258834,http://creativecommons.org/licenses/by-nc-nd/4.0/
246636,1969258834,Hybotidae_Tachypeza_nubila_2870784_1969258834,http://creativecommons.org/licenses/by-nc-nd/4.0/
248686,1951703102,Hybotidae_Ocydromia_glabricula_777772_1951703102,http://creativecommons.org/publicdomain/zero/1.0/
248720,1965219734,Hybotidae_Drapetis_ephippiata_1485295_1965219734,http://creativecommons.org/licenses/by-nc-nd/4.0/
249093,1969398941,Hybotidae_Hybos_culiciformis_2180972_1969398941,http://creativecommons.org/licenses/by-nc/4.0/
249232,1975451399,Hybotidae_Tachydromia_aemula_2880125_1975451399,http://creativecommons.org/licenses/by-nc-nd/4.0/
249233,1975451399,Hybotidae_Tachydromia_aemula_2880126_1975451399,http://creativecommons.org/licenses/by-nc-nd/4.0/
249294,1959034914,Hybotidae_Tachypeza_nubila_2166857_1959034914,http://creativecommons.org/licenses/by-nc-nd/4.0/
249397,1965203248,Hybotidae_Drapetis_ephippiata_105842_1965203248,http://creativecommons.org/licenses/by-nc-nd/4.0/
252362,3725085711,Hybotidae_Hybos_culiciformis_1887391_3725085711,http://creativecommons.org/licenses/by-nc-nd/4.0/
252695,1965199698,Hybotidae_Drapetis_ephippiata_2174157_1965199698,http://creativecommons.org/licenses/by-nc-nd/4.0/
253751,3448537831,Hybotidae_Ocydromia_glabricula_3212917_3448537831,http://creativecommons.org/licenses/by-sa/4.0/
253783,3448581130,Hybotidae_Tachydromia_umbrarum_454844_3448581130,http://creativecommons.org/licenses/by-sa/4.0/
253832,3448146848,Hybotidae_Tachydromia_umbrarum_2522663_3448146848,http://creativecommons.org/licenses/by-sa/4.0/
253844,3448232412,Hybotidae_Tachypeza_nubila_1144113_3448232412,http://creativecommons.org/licenses/by-sa/4.0/
253846,3448278136,Hybotidae_Tachypeza_nubila_3212877_3448278136,http://creativecommons.org/licenses/by-sa/4.0/
257814,3947811178,Hybotidae_Hybos_culiciformis_3410154_3947811178,http://creativecommons.org/licenses/by-nc/4.0/
260429,3335256336,Hybotidae_Hybos_grossipes_306925_3335256336,http://creativecommons.org/licenses/by-nc/4.0/
263201,3049936802,Hybotidae_Hybos_culiciformis_960914_3049936802,© all rights reserved
263372,3433869102,Hybotidae_Bicellaria_spuria_1717083_3433869102,© all rights reserved
263375,1460322788,Hybotidae_Hybos_femoratus_1428743_1460322788,© all rights reserved
263566,1433301237,Hybotidae_Tachypeza_nubila_1424998_1433301237,© all rights reserved
263725,2450044665,Hybotidae_Platypalpus_nigritarsis_163024_2450044665,© all rights reserved
263741,3432322534,Hybotidae_Hybos_grossipes_3095603_3432322534,© all rights reserved
263754,3993546920,Hybotidae_Tachypeza_nubila_3420613_3993546920,© all rights reserved
263863,931981027,Hybotidae_Platypalpus_exilis_1378191_931981027,© all rights reserved
264012,3084538576,Hybotidae_Hybos_culiciformis_3036795_3084538576,© all rights reserved
264196,1432278622,Hybotidae_Hybos_culiciformis_1424560_1432278622,© all rights reserved
264375,2866198662,Hybotidae_Hybos_culiciformis_935752_2866198662,© all rights reserved
264376,2866198662,Hybotidae_Hybos_culiciformis_935753_2866198662,© all rights reserved
264377,2866198662,Hybotidae_Hybos_culiciformis_935754_2866198662,© all rights reserved
264545,1821514100,Hybotidae_Platypalpus_verralli_2124865_1821514100,© all rights reserved
264762,2847424790,Hybotidae_Hybos_grossipes_1614132_2847424790,© all rights reserved
264968,2542228605,Hybotidae_Platypalpus_cursitans_166783_2542228605,© all rights reserved
264969,2542228605,Hybotidae_Platypalpus_cursitans_166784_2542228605,© all rights reserved
265765,3429528447,Hybotidae_Oedalea_stigmatella_1025750_3429528447,© all rights reserved
265766,3429528447,Hybotidae_Oedalea_stigmatella_1025751_3429528447,© all rights reserved
265767,3429528447,Hybotidae_Oedalea_stigmatella_1025752_3429528447,© all rights reserved
265768,3429528447,Hybotidae_Oedalea_stigmatella_1025753_3429528447,© all rights reserved
265769,3429528447,Hybotidae_Oedalea_stigmatella_1025754_3429528447,© all rights reserved
265819,1460433788,Hybotidae_Ocydromia_glabricula_49131_1460433788,© all rights reserved
265820,1460433788,Hybotidae_Ocydromia_glabricula_49132_1460433788,© all rights reserved
265821,1460433788,Hybotidae_Ocydromia_glabricula_49133_1460433788,© all rights reserved
266054,931752365,Hybotidae_Platypalpus_optivus_2067422_931752365,© all rights reserved
266055,931752365,Hybotidae_Platypalpus_optivus_2067423_931752365,© all rights reserved
266056,931752365,Hybotidae_Platypalpus_optivus_2067424_931752365,© all rights reserved
266447,3433917689,Hybotidae_Platypalpus_major_1028089_3433917689,© all rights reserved
266448,3433917689,Hybotidae_Platypalpus_major_1028090_3433917689,© all rights reserved
266874,1459308497,Hybotidae_Hybos_grossipes_2116212_1459308497,© all rights reserved
267022,2572454512,Hybotidae_Tachydromia_aemula_1560446_2572454512,© all rights reserved
267023,2572454512,Hybotidae_Tachydromia_aemula_1560447_2572454512,© all rights reserved
267097,2847464293,Hybotidae_Ocydromia_melanopleura_2993920_2847464293,© all rights reserved
267131,1821275287,Hybotidae_Drapetis_ephippiata_2124844_1821275287,© all rights reserved
267569,3880503920,Hybotidae_Tachydromia_umbrarum_595182_3880503920,© all rights reserved
267570,3880503920,Hybotidae_Tachydromia_umbrarum_595183_3880503920,© all rights reserved
267603,1459944343,Hybotidae_Hybos_grossipes_2806948_1459944343,© all rights reserved
267619,2848088324,Hybotidae_Hybos_grossipes_2994343_2848088324,© all rights reserved
267826,932165893,Hybotidae_Hybos_grossipes_2067617_932165893,© all rights reserved
268123,1459368947,Hybotidae_Ocydromia_glabricula_2805842_1459368947,© all rights reserved
268124,1459368947,Hybotidae_Ocydromia_glabricula_2805843_1459368947,© all rights reserved
268387,3857141679,Hybotidae_Tachydromia_umbrarum_1261348_3857141679,© all rights reserved
269117,2422149686,Hybotidae_Tachypeza_nubila_1534161_2422149686,© all rights reserved
269118,2422149686,Hybotidae_Tachypeza_nubila_1534162_2422149686,© all rights reserved
269154,1459913882,Hybotidae_Platypalpus_major_2117333_1459913882,© all rights reserved
270098,1433353304,Hybotidae_Platypalpus_major_2803782_1433353304,© all rights reserved
270099,1433353304,Hybotidae_Platypalpus_major_2803783_1433353304,© all rights reserved
270100,1433353304,Hybotidae_Platypalpus_major_2803784_1433353304,© all rights reserved
270587,3049499784,Hybotidae_Crossopalpus_curvinervis_3029017_3049499784,© all rights reserved
270589,1995162194,Hybotidae_Hybos_culiciformis_132647_1995162194,© all rights reserved
270590,1995162194,Hybotidae_Hybos_culiciformis_132648_1995162194,© all rights reserved
270591,1995162194,Hybotidae_Hybos_culiciformis_132649_1995162194,© all rights reserved
270639,1433297081,Hybotidae_Drapetis_ephippiata_2114360_1433297081,© all rights reserved
270917,1433202134,Hybotidae_Tachydromia_umbrarum_2114328_1433202134,© all rights reserved
271237,1460347714,Hybotidae_Tachypeza_nubila_2118141_1460347714,© all rights reserved
271238,1460347714,Hybotidae_Tachypeza_nubila_2118142_1460347714,© all rights reserved
271239,1460347714,Hybotidae_Tachypeza_nubila_2118143_1460347714,© all rights reserved
271440,1670200968,Hybotidae_Ocydromia_glabricula_2811537_1670200968,© all rights reserved
271441,1670200968,Hybotidae_Ocydromia_glabricula_2811538_1670200968,© all rights reserved
271444,1432762531,Hybotidae_Tachypeza_nubila_2803549_1432762531,© all rights reserved
271821,2572386502,Hybotidae_Drapetis_ephippiata_181542_2572386502,© all rights reserved
272138,1433222268,Hybotidae_Platypalpus_maculipes_2114337_1433222268,© all rights reserved
272139,1433222268,Hybotidae_Platypalpus_maculipes_2114338_1433222268,© all rights reserved
272140,1433222268,Hybotidae_Platypalpus_maculipes_2114339_1433222268,© all rights reserved
272461,3078638452,Hybotidae_Hybos_culiciformis_3035080_3078638452,© all rights reserved
272462,3078638452,Hybotidae_Hybos_culiciformis_3035081_3078638452,© all rights reserved
272543,2272673077,Hybotidae_Platypalpus_major_835471_2272673077,© all rights reserved
272591,1213818675,Hybotidae_Hybos_grossipes_2767840_1213818675,© all rights reserved
272624,3856482831,Hybotidae_Hybos_grossipes_2639557_3856482831,© all rights reserved
272625,3856482831,Hybotidae_Hybos_grossipes_2639558_3856482831,© all rights reserved
272674,3857773621,Hybotidae_Tachypeza_nubila_3331230_3857773621,© all rights reserved
272734,2413006548,Hybotidae_Hybos_grossipes_1533904_2413006548,© all rights reserved
272735,2413006548,Hybotidae_Hybos_grossipes_1533905_2413006548,© all rights reserved
273134,1458471216,Hybotidae_Platypalpus_agilis_46526_1458471216,© all rights reserved
273376,1432974551,Hybotidae_Hybos_grossipes_736091_1432974551,© all rights reserved
273411,1890180779,Hybotidae_Drapetis_ephippiata_82299_1890180779,© all rights reserved
273688,3893799562,Hybotidae_Hybos_culiciformis_1293016_3893799562,© all rights reserved
273853,2572444498,Hybotidae_Hybos_femoratus_2939784_2572444498,© all rights reserved
274153,3430706174,Hybotidae_Tachypeza_nubila_1026416_3430706174,© all rights reserved
274154,3430706174,Hybotidae_Tachypeza_nubila_1026417_3430706174,© all rights reserved
274256,1459712187,Hybotidae_Hybos_grossipes_2116827_1459712187,© all rights reserved
274381,2542092622,Hybotidae_Tachypeza_nubila_2234604_2542092622,© all rights reserved
274451,2572357498,Hybotidae_Tachypeza_nubila_1560430_2572357498,© all rights reserved
274508,3433852204,Hybotidae_Platypalpus_cursitans_1717072_3433852204,© all rights reserved
274602,1459432180,Hybotidae_Tachypeza_nubila_47210_1459432180,© all rights reserved
274907,1051426681,Hybotidae_Platypalpus_candicans_2073367_1051426681,© all rights reserved
274908,1051426681,Hybotidae_Platypalpus_candicans_2073368_1051426681,© all rights reserved
274926,3432060214,Hybotidae_Platypalpus_maculipes_2405150_3432060214,© all rights reserved
274927,3432060214,Hybotidae_Platypalpus_maculipes_2405151_3432060214,© all rights reserved
275189,1491359767,Hybotidae_Euthyneura_myrtilli_2808404_1491359767,© all rights reserved
275190,1491359767,Hybotidae_Euthyneura_myrtilli_2808405_1491359767,© all rights reserved
275191,1491359767,Hybotidae_Euthyneura_myrtilli_2808406_1491359767,© all rights reserved
275210,1884317372,Hybotidae_Drapetis_ephippiata_1460988_1884317372,© all rights reserved
275408,3434226182,Hybotidae_Ocydromia_glabricula_338532_3434226182,© all rights reserved
275409,3434226182,Hybotidae_Ocydromia_glabricula_338533_3434226182,© all rights reserved
275410,3434226182,Hybotidae_Ocydromia_glabricula_338534_3434226182,© all rights reserved
275411,3434226182,Hybotidae_Ocydromia_glabricula_338535_3434226182,© all rights reserved
275791,1123287766,Hybotidae_Platypalpus_verralli_6817_1123287766,© all rights reserved
275792,1123287766,Hybotidae_Platypalpus_verralli_6818_1123287766,© all rights reserved
276123,3049206948,Hybotidae_Tachypeza_nubila_1649015_3049206948,© all rights reserved
276237,3017248463,Hybotidae_Tachypeza_nubila_1641248_3017248463,© all rights reserved
276238,3017248463,Hybotidae_Tachypeza_nubila_1641249_3017248463,© all rights reserved
277628,2841539748,Hybotidae_Tachypeza_nubila_1604711_2841539748,http://creativecommons.org/licenses/by-nc-nd/4.0/
278119,1977059661,Hybotidae_Tachypeza_nubila_2883042_1977059661,http://creativecommons.org/licenses/by-nc/4.0/
279845,1975565940,Hybotidae_Tachypeza_nubila_1500872_1975565940,http://creativecommons.org/licenses/by-nc-nd/4.0/
280567,1965218699,Hybotidae_Drapetis_ephippiata_796757_1965218699,http://creativecommons.org/licenses/by-nc-nd/4.0/
280720,3846108624,Hybotidae_Platypalpus_major_1260783_3846108624,© All rights reserved
280721,3846108624,Hybotidae_Platypalpus_major_1260784_3846108624,© All rights reserved
280722,3846108624,Hybotidae_Platypalpus_major_1260785_3846108624,© All rights reserved
280792,1843599431,Hybotidae_Hybos_grossipes_763749_1843599431,© All rights reserved
280940,3862122507,Hybotidae_Hybos_grossipes_2655060_3862122507,© All rights reserved
280990,3914154403,Hybotidae_Ocydromia_glabricula_3396163_3914154403,© All rights reserved
280991,3914154403,Hybotidae_Ocydromia_glabricula_3396164_3914154403,© All rights reserved
280992,3914154403,Hybotidae_Ocydromia_glabricula_3396165_3914154403,© All rights reserved
280993,3914154403,Hybotidae_Ocydromia_glabricula_3396166_3914154403,© All rights reserved
281273,1843998936,Hybotidae_Hybos_femoratus_2831382_1843998936,© All rights reserved
281546,1965206072,Hybotidae_Drapetis_ephippiata_2174284_1965206072,http://creativecommons.org/licenses/by-nc-nd/4.0/
281992,1957507380,Hybotidae_Ocydromia_glabricula_2164313_1957507380,http://creativecommons.org/licenses/by-nc-nd/4.0/
282192,1952367070,Hybotidae_Bicellaria_vana_1467264_1952367070,http://creativecommons.org/licenses/by-nc-nd/4.0/
284932,3906299368,Hybotidae_Hybos_culiciformis_1317085_3906299368,http://creativecommons.org/licenses/by-nc-nd/4.0/
284933,3906299368,Hybotidae_Hybos_culiciformis_1317086_3906299368,http://creativecommons.org/licenses/by-nc-nd/4.0/
285475,1972486249,Hybotidae_Hybos_culiciformis_807944_1972486249,http://creativecommons.org/licenses/by-nc/4.0/
285476,1972486249,Hybotidae_Hybos_culiciformis_807945_1972486249,http://creativecommons.org/licenses/by-nc/4.0/
285477,1972486249,Hybotidae_Hybos_culiciformis_807946_1972486249,http://creativecommons.org/licenses/by-nc/4.0/
285730,2273063699,Hybotidae_Leptopeza_flavipes_145259_2273063699,© all rights reserved
285731,2273063699,Hybotidae_Leptopeza_flavipes_145260_2273063699,© all rights reserved
286533,1416538492,Hybotidae_Crossopalpus_setiger_43141_1416538492,http://creativecommons.org/licenses/by-nc-sa/4.0/
286537,2979367584,Hybotidae_Symballophthalmus_dissimilis_3011609_2979367584,http://creativecommons.org/licenses/by-sa/4.0/
288282,3039209006,Hybotidae_Oropezella_sphenoptera_2336365_3039209006,http://creativecommons.org/licenses/by-nc/4.0/
288283,3039209006,Hybotidae_Oropezella_sphenoptera_2336366_3039209006,http://creativecommons.org/licenses/by-nc/4.0/
289297,3005143068,Hybotidae_Ocydromia_glabricula_950433_3005143068,http://creativecommons.org/licenses/by-nc/4.0/
289298,3005143068,Hybotidae_Ocydromia_glabricula_950434_3005143068,http://creativecommons.org/licenses/by-nc/4.0/
289299,3005143068,Hybotidae_Ocydromia_glabricula_950435_3005143068,http://creativecommons.org/licenses/by-nc/4.0/
289300,3005143068,Hybotidae_Ocydromia_glabricula_950436_3005143068,http://creativecommons.org/licenses/by-nc/4.0/
289301,3005143068,Hybotidae_Ocydromia_glabricula_950437_3005143068,http://creativecommons.org/licenses/by-nc/4.0/
289302,3005143068,Hybotidae_Ocydromia_glabricula_950438_3005143068,http://creativecommons.org/licenses/by-nc/4.0/
289303,3005143068,Hybotidae_Ocydromia_glabricula_950439_3005143068,http://creativecommons.org/licenses/by-nc/4.0/
289304,3005143068,Hybotidae_Ocydromia_glabricula_950440_3005143068,http://creativecommons.org/licenses/by-nc/4.0/
289305,3005143068,Hybotidae_Ocydromia_glabricula_950441_3005143068,http://creativecommons.org/licenses/by-nc/4.0/
289306,3005143068,Hybotidae_Ocydromia_glabricula_950442_3005143068,http://creativecommons.org/licenses/by-nc/4.0/
292706,1965204017,Hybotidae_Drapetis_ephippiata_105862_1965204017,http://creativecommons.org/licenses/by-nc-nd/4.0/
292707,1965204017,Hybotidae_Drapetis_ephippiata_105863_1965204017,http://creativecommons.org/licenses/by-nc-nd/4.0/
292790,1965200942,Hybotidae_Drapetis_ephippiata_2174193_1965200942,http://creativecommons.org/licenses/by-nc-nd/4.0/
294170,1973562413,Hybotidae_Platypalpus_pallidiventris_119184_1973562413,http://creativecommons.org/licenses/by-nc-nd/4.0/
294171,1973562413,Hybotidae_Platypalpus_pallidiventris_119185_1973562413,http://creativecommons.org/licenses/by-nc-nd/4.0/
294237,1951932488,Hybotidae_Trichina_pallipes_1466747_1951932488,http://creativecommons.org/licenses/by-nc-nd/4.0/
294736,3733192501,Hybotidae_Stilpon_subnubilus_1230290_3733192501,http://creativecommons.org/licenses/by-nc-nd/4.0/
294737,3733192501,Hybotidae_Stilpon_subnubilus_1230291_3733192501,http://creativecommons.org/licenses/by-nc-nd/4.0/
294963,1968568889,Hybotidae_Tachypeza_nubila_1490315_1968568889,http://creativecommons.org/licenses/by-nc-nd/4.0/
295315,2839849343,Hybotidae_Tachypeza_nubila_913723_2839849343,http://creativecommons.org/licenses/by-nc/4.0/
295347,3997384485,Hybotidae_Hybos_culiciformis_2740738_3997384485,http://creativecommons.org/licenses/by-nc/4.0/
295429,1976701387,Hybotidae_Drapetis_ephippiata_1502883_1976701387,http://creativecommons.org/licenses/by-nc-nd/4.0/
295456,1965701026,Hybotidae_Hybos_culiciformis_2865894_1965701026,http://creativecommons.org/licenses/by-nc-nd/4.0/
295575,1973990270,Hybotidae_Tachypeza_nubila_2188709_1973990270,http://creativecommons.org/licenses/by-nc/4.0/
297318,1968703901,Hybotidae_Ocydromia_glabricula_2179635_1968703901,http://creativecommons.org/licenses/by-nc-nd/4.0/
297411,2839118881,Hybotidae_Hybos_culiciformis_222832_2839118881,http://creativecommons.org/licenses/by-nc-nd/4.0/
297412,2839118881,Hybotidae_Hybos_culiciformis_222833_2839118881,http://creativecommons.org/licenses/by-nc-nd/4.0/
298365,1957086643,Hybotidae_Hybos_culiciformis_94998_1957086643,http://creativecommons.org/licenses/by-nc-nd/4.0/
298366,1957086643,Hybotidae_Hybos_culiciformis_94999_1957086643,http://creativecommons.org/licenses/by-nc-nd/4.0/
299805,1970864599,Hybotidae_Tachypeza_nubila_115812_1970864599,http://creativecommons.org/licenses/by-nc-nd/4.0/
299913,3907493163,Hybotidae_Hybos_culiciformis_1323630_3907493163,http://creativecommons.org/licenses/by-nc-nd/4.0/
299914,3907493163,Hybotidae_Hybos_culiciformis_1323631_3907493163,http://creativecommons.org/licenses/by-nc-nd/4.0/
301550,1965221611,Hybotidae_Drapetis_ephippiata_2864676_1965221611,http://creativecommons.org/licenses/by-nc-nd/4.0/
302477,1959045791,Hybotidae_Tachypeza_nubila_2166874_1959045791,http://creativecommons.org/licenses/by-nc-nd/4.0/
303108,1969258935,Hybotidae_Drapetis_ephippiata_803011_1969258935,http://creativecommons.org/licenses/by-nc-nd/4.0/
303109,1969258935,Hybotidae_Drapetis_ephippiata_803012_1969258935,http://creativecommons.org/licenses/by-nc-nd/4.0/
305356,1956647481,Hybotidae_Hybos_femoratus_1473833_1956647481,http://creativecommons.org/licenses/by-nc-nd/4.0/
305745,2842155638,Hybotidae_Hybos_culiciformis_227536_2842155638,http://creativecommons.org/licenses/by-nc-nd/4.0/
305746,2842155638,Hybotidae_Hybos_culiciformis_227537_2842155638,http://creativecommons.org/licenses/by-nc-nd/4.0/
306315,1952665629,Hybotidae_Tachypeza_nubila_2156886_1952665629,http://creativecommons.org/licenses/by-nc-nd/4.0/
306796,3721899985,Hybotidae_Stilpon_subnubilus_500060_3721899985,http://creativecommons.org/licenses/by-nc-nd/4.0/
306797,3721899985,Hybotidae_Stilpon_subnubilus_500061_3721899985,http://creativecommons.org/licenses/by-nc-nd/4.0/
306798,3721899985,Hybotidae_Stilpon_subnubilus_500062_3721899985,http://creativecommons.org/licenses/by-nc-nd/4.0/
306799,3721899985,Hybotidae_Stilpon_subnubilus_500063_3721899985,http://creativecommons.org/licenses/by-nc-nd/4.0/
306800,3721899985,Hybotidae_Stilpon_subnubilus_500064_3721899985,http://creativecommons.org/licenses/by-nc-nd/4.0/
306801,3721899985,Hybotidae_Stilpon_subnubilus_500065_3721899985,http://creativecommons.org/licenses/by-nc-nd/4.0/
306802,3721899985,Hybotidae_Stilpon_subnubilus_500066_3721899985,http://creativecommons.org/licenses/by-nc-nd/4.0/
306803,3721899985,Hybotidae_Stilpon_subnubilus_500067_3721899985,http://creativecommons.org/licenses/by-nc-nd/4.0/
306804,3721899985,Hybotidae_Stilpon_subnubilus_500068_3721899985,http://creativecommons.org/licenses/by-nc-nd/4.0/
308479,2593779681,Hybotidae_Tachydromia_umbrarum_2942474_2593779681,© all rights reserved
308480,2593779681,Hybotidae_Tachydromia_umbrarum_2942475_2593779681,© all rights reserved
308904,3343784911,Hybotidae_Hybos_grossipes_2380736_3343784911,http://creativecommons.org/licenses/by-nc/4.0/
308905,3343784911,Hybotidae_Hybos_grossipes_2380737_3343784911,http://creativecommons.org/licenses/by-nc/4.0/
309251,2467831343,Hybotidae_Tachypeza_nubila_164895_2467831343,© All rights reserved
309252,2467831343,Hybotidae_Tachypeza_nubila_164896_2467831343,© All rights reserved
309254,3846147360,Hybotidae_Hybos_grossipes_1260788_3846147360,© All rights reserved
309430,3380760387,Hybotidae_Platypalpus_candicans_318217_3380760387,© All rights reserved
309431,3380760387,Hybotidae_Platypalpus_candicans_318218_3380760387,© All rights reserved
309432,3380760387,Hybotidae_Platypalpus_candicans_318219_3380760387,© All rights reserved
309433,3380760387,Hybotidae_Platypalpus_candicans_318220_3380760387,© All rights reserved
309434,3380760387,Hybotidae_Platypalpus_candicans_318221_3380760387,© All rights reserved
309435,3380760387,Hybotidae_Platypalpus_candicans_318222_3380760387,© All rights reserved
309443,1946510020,Hybotidae_Platypalpus_exilis_2154857_1946510020,© All rights reserved
309603,2411097022,Hybotidae_Hybos_grossipes_154594_2411097022,© All rights reserved
309794,2979851540,Hybotidae_Ocydromia_glabricula_3013844_2979851540,© all rights reserved
309795,2979851540,Hybotidae_Ocydromia_glabricula_3013845_2979851540,© all rights reserved
309949,1821065684,Hybotidae_Tachypeza_nubila_746963_1821065684,© all rights reserved
310166,1976834601,Hybotidae_Tachypeza_nubila_2192429_1976834601,http://creativecommons.org/licenses/by-nc-nd/4.0/
310307,1965379352,Hybotidae_Drapetis_ephippiata_106491_1965379352,http://creativecommons.org/licenses/by-nc-nd/4.0/
310476,1954091049,Hybotidae_Platypalpus_maculipes_781392_1954091049,http://creativecommons.org/licenses/by-nc-nd/4.0/
310477,1954091049,Hybotidae_Platypalpus_maculipes_781393_1954091049,http://creativecommons.org/licenses/by-nc-nd/4.0/
310478,1954091049,Hybotidae_Platypalpus_maculipes_781394_1954091049,http://creativecommons.org/licenses/by-nc-nd/4.0/
310479,1954091049,Hybotidae_Platypalpus_maculipes_781395_1954091049,http://creativecommons.org/licenses/by-nc-nd/4.0/
310594,1965222149,Hybotidae_Drapetis_ephippiata_796793_1965222149,http://creativecommons.org/licenses/by-nc-nd/4.0/
311270,1954585176,Hybotidae_Oedalea_hybotina_91041_1954585176,http://creativecommons.org/licenses/by-nc-nd/4.0/
311759,1966062521,Hybotidae_Hybos_culiciformis_107896_1966062521,http://creativecommons.org/licenses/by-nc-nd/4.0/
314484,3886441489,Hybotidae_Hybos_femoratus_1288027_3886441489,© All rights reserved
314572,3807769408,Hybotidae_Platypalpus_luteus_3316310_3807769408,© All rights reserved
314773,3807783350,Hybotidae_Platypalpus_cursitans_1247264_3807783350,© All rights reserved
314834,2815416626,Hybotidae_Hybos_grossipes_2273968_2815416626,© All rights reserved
314839,3332576334,Hybotidae_Platypalpus_notatus_2372068_3332576334,© All rights reserved
314840,3332576334,Hybotidae_Platypalpus_notatus_2372069_3332576334,© All rights reserved
314960,2313699984,Hybotidae_Tachydromia_umbrarum_2906979_2313699984,© All rights reserved
314961,2313699984,Hybotidae_Tachydromia_umbrarum_2906980_2313699984,© All rights reserved
315253,3380715407,Hybotidae_Tachydromia_umbrarum_2386489_3380715407,© All rights reserved
315440,1843666165,Hybotidae_Bicellaria_nigra_72635_1843666165,© All rights reserved
315535,2809420821,Hybotidae_Platypalpus_agilis_893742_2809420821,© all rights reserved
315884,3927123530,Hybotidae_Tachydromia_umbrarum_2716888_3927123530,© All rights reserved
315997,3327291456,Hybotidae_Hybos_grossipes_3057822_3327291456,© All rights reserved
316028,3864333416,Hybotidae_Hybos_femoratus_587682_3864333416,© All rights reserved
316139,3309953391,Hybotidae_Tachydromia_umbrarum_1671769_3309953391,© All rights reserved
316153,3807689458,Hybotidae_Platypalpus_verralli_558299_3807689458,© All rights reserved
316273,3422055317,Hybotidae_Hybos_culiciformis_3094077_3422055317,© All rights reserved
316274,3422055317,Hybotidae_Hybos_culiciformis_3094078_3422055317,© All rights reserved
316275,3422055317,Hybotidae_Hybos_culiciformis_3094079_3422055317,© All rights reserved
317824,3008443542,Hybotidae_Hybos_culiciformis_951044_3008443542,http://creativecommons.org/licenses/by-nc/4.0/
317825,3008443542,Hybotidae_Hybos_culiciformis_951045_3008443542,http://creativecommons.org/licenses/by-nc/4.0/
317826,3008443542,Hybotidae_Hybos_culiciformis_951046_3008443542,http://creativecommons.org/licenses/by-nc/4.0/
319547,2845099351,Hybotidae_Hybos_culiciformis_924544_2845099351,http://creativecommons.org/licenses/by-nc-nd/4.0/
319548,2845099351,Hybotidae_Hybos_culiciformis_924545_2845099351,http://creativecommons.org/licenses/by-nc-nd/4.0/
319549,2845099351,Hybotidae_Hybos_culiciformis_924546_2845099351,http://creativecommons.org/licenses/by-nc-nd/4.0/
319836,1976327929,Hybotidae_Hybos_culiciformis_2191277_1976327929,http://creativecommons.org/licenses/by-nc-nd/4.0/
320958,3448525564,Hybotidae_Hybos_grossipes_3212904_3448525564,http://creativecommons.org/licenses/by-sa/4.0/
320974,3447844890,Hybotidae_Tachypeza_nubila_3212642_3447844890,http://creativecommons.org/licenses/by-sa/4.0/
320995,3448274608,Hybotidae_Tachydromia_umbrarum_3212875_3448274608,http://creativecommons.org/licenses/by-sa/4.0/
321178,1953162145,Hybotidae_Euthyneura_myrtilli_780294_1953162145,http://creativecommons.org/licenses/by-nc-nd/4.0/
321179,1953162145,Hybotidae_Euthyneura_myrtilli_780295_1953162145,http://creativecommons.org/licenses/by-nc-nd/4.0/
321180,1953162145,Hybotidae_Euthyneura_myrtilli_780296_1953162145,http://creativecommons.org/licenses/by-nc-nd/4.0/
321181,1953162145,Hybotidae_Euthyneura_myrtilli_780297_1953162145,http://creativecommons.org/licenses/by-nc-nd/4.0/
321301,1965203192,Hybotidae_Drapetis_ephippiata_2174245_1965203192,http://creativecommons.org/licenses/by-nc-nd/4.0/
321550,1965231884,Hybotidae_Drapetis_ephippiata_1485387_1965231884,http://creativecommons.org/licenses/by-nc-nd/4.0/
321962,1955865620,Hybotidae_Ocydromia_glabricula_2162465_1955865620,http://creativecommons.org/licenses/by-nc-nd/4.0/
322753,2837208406,Hybotidae_Hybos_culiciformis_909508_2837208406,http://creativecommons.org/licenses/by/4.0/
323138,1952804968,Hybotidae_Hybos_femoratus_2847139_1952804968,http://creativecommons.org/licenses/by-nc-sa/4.0/
323139,1952804968,Hybotidae_Hybos_femoratus_2847140_1952804968,http://creativecommons.org/licenses/by-nc-sa/4.0/
323346,1965041951,Hybotidae_Hybos_culiciformis_796140_1965041951,http://creativecommons.org/licenses/by-nc/4.0/
324068,1965201535,Hybotidae_Drapetis_ephippiata_1485068_1965201535,http://creativecommons.org/licenses/by-nc-nd/4.0/
325555,1478893048,Hybotidae_Tachypeza_nubila_49712_1478893048,© all rights reserved
325586,1432257654,Hybotidae_Ocydromia_glabricula_2803247_1432257654,© all rights reserved
326064,1965223730,Hybotidae_Drapetis_ephippiata_2174487_1965223730,http://creativecommons.org/licenses/by-nc-nd/4.0/
328855,1968805543,Hybotidae_Hybos_culiciformis_2179815_1968805543,http://creativecommons.org/licenses/by-nc/4.0/
329838,3448710543,Hybotidae_Euthyneura_myrtilli_1833772_3448710543,http://creativecommons.org/licenses/by-sa/4.0/
329895,3448650440,Hybotidae_Leptopeza_flavipes_1144276_3448650440,http://creativecommons.org/licenses/by-sa/4.0/
329896,3448650836,Hybotidae_Hybos_grossipes_454887_3448650836,http://creativecommons.org/licenses/by-sa/4.0/
329906,3448960956,Hybotidae_Ocydromia_glabricula_1833893_3448960956,http://creativecommons.org/licenses/by-sa/4.0/
329912,3447840703,Hybotidae_Tachydromia_umbrarum_2522445_3447840703,http://creativecommons.org/licenses/by-sa/4.0/
329952,3447841876,Hybotidae_Ocydromia_glabricula_454515_3447841876,http://creativecommons.org/licenses/by-sa/4.0/
329970,2251354643,Hybotidae_Platypalpus_interstinctus_832308_2251354643,http://creativecommons.org/licenses/by/4.0/
330162,2404990795,Hybotidae_Tachypeza_nubila_1532061_2404990795,http://creativecommons.org/licenses/by-nc-sa/4.0/
330224,3313633444,Hybotidae_Platypalpus_candicans_983398_3313633444,© All rights reserved
330307,2410287691,Hybotidae_Platypalpus_major_154416_2410287691,© All rights reserved
330415,3864338551,Hybotidae_Hybos_grossipes_587689_3864338551,© All rights reserved
330416,3864338551,Hybotidae_Hybos_grossipes_587690_3864338551,© All rights reserved
330417,3864338551,Hybotidae_Hybos_grossipes_587691_3864338551,© All rights reserved
330418,3864338551,Hybotidae_Hybos_grossipes_587692_3864338551,© All rights reserved
330419,3864338551,Hybotidae_Hybos_grossipes_587693_3864338551,© All rights reserved
330420,3864338551,Hybotidae_Hybos_grossipes_587694_3864338551,© All rights reserved
330545,2406869805,Hybotidae_Hybos_culiciformis_2221492_2406869805,http://creativecommons.org/licenses/by-nc-sa/4.0/
330635,2006358268,Hybotidae_Platypalpus_sordidus_2891588_2006358268,© All rights reserved
330636,2006358268,Hybotidae_Platypalpus_sordidus_2891589_2006358268,© All rights reserved
330816,1884859221,Hybotidae_Hybos_culiciformis_772914_1884859221,© All rights reserved
330944,4003046352,Hybotidae_Platypalpus_candicans_674158_4003046352,© All rights reserved
331156,3380702327,Hybotidae_Tachypeza_nubila_318208_3380702327,© All rights reserved
331157,3380702327,Hybotidae_Tachypeza_nubila_318209_3380702327,© All rights reserved
331158,3380702327,Hybotidae_Tachypeza_nubila_318210_3380702327,© All rights reserved
331214,2404289408,Hybotidae_Hybos_grossipes_2911552_2404289408,© All rights reserved
334843,1019548371,Hybotidae_Platypalpus_flavicornis_1380630_1019548371,http://creativecommons.org/licenses/by-nc-nd/4.0/
334844,1019548371,Hybotidae_Platypalpus_flavicornis_1380631_1019548371,http://creativecommons.org/licenses/by-nc-nd/4.0/
334845,1019548364,Hybotidae_Platypalpus_flavicornis_2759550_1019548364,http://creativecommons.org/licenses/by-nc-nd/4.0/
334846,1019548364,Hybotidae_Platypalpus_flavicornis_2759551_1019548364,http://creativecommons.org/licenses/by-nc-nd/4.0/
334847,1019548357,Hybotidae_Platypalpus_flavicornis_692102_1019548357,http://creativecommons.org/licenses/by-nc-nd/4.0/
334848,1019548357,Hybotidae_Platypalpus_flavicornis_692103_1019548357,http://creativecommons.org/licenses/by-nc-nd/4.0/
334849,1019548357,Hybotidae_Platypalpus_flavicornis_692104_1019548357,http://creativecommons.org/licenses/by-nc-nd/4.0/
334850,1019548357,Hybotidae_Platypalpus_flavicornis_692105_1019548357,http://creativecommons.org/licenses/by-nc-nd/4.0/
334851,1019548349,Hybotidae_Platypalpus_flavicornis_1380619_1019548349,http://creativecommons.org/licenses/by-nc-nd/4.0/
334852,1019548349,Hybotidae_Platypalpus_flavicornis_1380620_1019548349,http://creativecommons.org/licenses/by-nc-nd/4.0/
334853,1019548386,Hybotidae_Platypalpus_flavicornis_2070013_1019548386,http://creativecommons.org/licenses/by-nc-nd/4.0/
334854,1019548386,Hybotidae_Platypalpus_flavicornis_2070014_1019548386,http://creativecommons.org/licenses/by-nc-nd/4.0/
334855,1019548376,Hybotidae_Platypalpus_flavicornis_1380632_1019548376,http://creativecommons.org/licenses/by-nc-nd/4.0/
334856,1019548376,Hybotidae_Platypalpus_flavicornis_1380633_1019548376,http://creativecommons.org/licenses/by-nc-nd/4.0/
334857,1019548346,Hybotidae_Platypalpus_exilis_2759544_1019548346,http://creativecommons.org/licenses/by-nc-nd/4.0/
334858,1019548346,Hybotidae_Platypalpus_exilis_2759545_1019548346,http://creativecommons.org/licenses/by-nc-nd/4.0/
334859,1019548346,Hybotidae_Platypalpus_exilis_2759546_1019548346,http://creativecommons.org/licenses/by-nc-nd/4.0/
334860,1019548346,Hybotidae_Platypalpus_exilis_2759547_1019548346,http://creativecommons.org/licenses/by-nc-nd/4.0/
334861,1019548330,Hybotidae_Platypalpus_pallidiventris_1380615_1019548330,http://creativecommons.org/licenses/by-nc-nd/4.0/
334862,1019548330,Hybotidae_Platypalpus_pallidiventris_1380616_1019548330,http://creativecommons.org/licenses/by-nc-nd/4.0/
334863,1019548330,Hybotidae_Platypalpus_pallidiventris_1380617_1019548330,http://creativecommons.org/licenses/by-nc-nd/4.0/
334864,1019548330,Hybotidae_Platypalpus_pallidiventris_1380618_1019548330,http://creativecommons.org/licenses/by-nc-nd/4.0/
334865,1019548325,Hybotidae_Platypalpus_minutus_692085_1019548325,http://creativecommons.org/licenses/by-nc-nd/4.0/
334866,1019548325,Hybotidae_Platypalpus_minutus_692086_1019548325,http://creativecommons.org/licenses/by-nc-nd/4.0/
334867,1019548325,Hybotidae_Platypalpus_minutus_692087_1019548325,http://creativecommons.org/licenses/by-nc-nd/4.0/
334868,1019548325,Hybotidae_Platypalpus_minutus_692088_1019548325,http://creativecommons.org/licenses/by-nc-nd/4.0/
334869,1019548355,Hybotidae_Platypalpus_flavicornis_2759548_1019548355,http://creativecommons.org/licenses/by-nc-nd/4.0/
334870,1019548355,Hybotidae_Platypalpus_flavicornis_2759549_1019548355,http://creativecommons.org/licenses/by-nc-nd/4.0/
334871,1019548356,Hybotidae_Platypalpus_annulatus_843_1019548356,http://creativecommons.org/licenses/by-nc-nd/4.0/
334872,1019548356,Hybotidae_Platypalpus_annulatus_844_1019548356,http://creativecommons.org/licenses/by-nc-nd/4.0/
334873,1019548356,Hybotidae_Platypalpus_annulatus_845_1019548356,http://creativecommons.org/licenses/by-nc-nd/4.0/
334874,1019548356,Hybotidae_Platypalpus_annulatus_846_1019548356,http://creativecommons.org/licenses/by-nc-nd/4.0/
334875,1019548363,Hybotidae_Platypalpus_annulatus_2070005_1019548363,http://creativecommons.org/licenses/by-nc-nd/4.0/
334876,1019548363,Hybotidae_Platypalpus_annulatus_2070006_1019548363,http://creativecommons.org/licenses/by-nc-nd/4.0/
334877,1019548399,Hybotidae_Platypalpus_niger_1380638_1019548399,http://creativecommons.org/licenses/by-nc-nd/4.0/
334878,1019548399,Hybotidae_Platypalpus_niger_1380639_1019548399,http://creativecommons.org/licenses/by-nc-nd/4.0/
334879,1019548397,Hybotidae_Platypalpus_niger_864_1019548397,http://creativecommons.org/licenses/by-nc-nd/4.0/
334880,1019548397,Hybotidae_Platypalpus_niger_865_1019548397,http://creativecommons.org/licenses/by-nc-nd/4.0/
334881,1019548380,Hybotidae_Platypalpus_niger_1380634_1019548380,http://creativecommons.org/licenses/by-nc-nd/4.0/
334882,1019548380,Hybotidae_Platypalpus_niger_1380635_1019548380,http://creativecommons.org/licenses/by-nc-nd/4.0/
334883,1019548380,Hybotidae_Platypalpus_niger_1380636_1019548380,http://creativecommons.org/licenses/by-nc-nd/4.0/
334884,1019548380,Hybotidae_Platypalpus_niger_1380637_1019548380,http://creativecommons.org/licenses/by-nc-nd/4.0/
334885,1019548384,Hybotidae_Platypalpus_niger_692123_1019548384,http://creativecommons.org/licenses/by-nc-nd/4.0/
334886,1019548384,Hybotidae_Platypalpus_niger_692124_1019548384,http://creativecommons.org/licenses/by-nc-nd/4.0/
334887,1019548414,Hybotidae_Platypalpus_minutus_875_1019548414,http://creativecommons.org/licenses/by-nc-nd/4.0/
334888,1019548414,Hybotidae_Platypalpus_minutus_876_1019548414,http://creativecommons.org/licenses/by-nc-nd/4.0/
334889,1019548414,Hybotidae_Platypalpus_minutus_877_1019548414,http://creativecommons.org/licenses/by-nc-nd/4.0/
334890,1019548414,Hybotidae_Platypalpus_minutus_878_1019548414,http://creativecommons.org/licenses/by-nc-nd/4.0/
334891,1019548374,Hybotidae_Platypalpus_minutus_847_1019548374,http://creativecommons.org/licenses/by-nc-nd/4.0/
334892,1019548374,Hybotidae_Platypalpus_minutus_848_1019548374,http://creativecommons.org/licenses/by-nc-nd/4.0/
334893,1019548374,Hybotidae_Platypalpus_minutus_849_1019548374,http://creativecommons.org/licenses/by-nc-nd/4.0/
334894,1019548374,Hybotidae_Platypalpus_minutus_850_1019548374,http://creativecommons.org/licenses/by-nc-nd/4.0/
334895,1019548381,Hybotidae_Platypalpus_luteus_2070011_1019548381,http://creativecommons.org/licenses/by-nc-nd/4.0/
334896,1019548381,Hybotidae_Platypalpus_luteus_2070012_1019548381,http://creativecommons.org/licenses/by-nc-nd/4.0/
334897,1019548379,Hybotidae_Platypalpus_luteicornis_851_1019548379,http://creativecommons.org/licenses/by-nc-nd/4.0/
334898,1019548379,Hybotidae_Platypalpus_luteicornis_852_1019548379,http://creativecommons.org/licenses/by-nc-nd/4.0/
334899,1019548377,Hybotidae_Platypalpus_notatus_2070007_1019548377,http://creativecommons.org/licenses/by-nc-nd/4.0/
334900,1019548377,Hybotidae_Platypalpus_notatus_2070008_1019548377,http://creativecommons.org/licenses/by-nc-nd/4.0/
334901,1019548377,Hybotidae_Platypalpus_notatus_2070009_1019548377,http://creativecommons.org/licenses/by-nc-nd/4.0/
334902,1019548377,Hybotidae_Platypalpus_notatus_2070010_1019548377,http://creativecommons.org/licenses/by-nc-nd/4.0/
334903,1019548387,Hybotidae_Platypalpus_luteus_2759558_1019548387,http://creativecommons.org/licenses/by-nc-nd/4.0/
334904,1019548387,Hybotidae_Platypalpus_luteus_2759559_1019548387,http://creativecommons.org/licenses/by-nc-nd/4.0/
334905,1019548343,Hybotidae_Platypalpus_luteus_692096_1019548343,http://creativecommons.org/licenses/by-nc-nd/4.0/
334906,1019548343,Hybotidae_Platypalpus_luteus_692097_1019548343,http://creativecommons.org/licenses/by-nc-nd/4.0/
334907,1019548343,Hybotidae_Platypalpus_luteus_692098_1019548343,http://creativecommons.org/licenses/by-nc-nd/4.0/
334908,1019548343,Hybotidae_Platypalpus_luteus_692099_1019548343,http://creativecommons.org/licenses/by-nc-nd/4.0/
334909,1019548392,Hybotidae_Platypalpus_luteus_860_1019548392,http://creativecommons.org/licenses/by-nc-nd/4.0/
334910,1019548392,Hybotidae_Platypalpus_luteus_861_1019548392,http://creativecommons.org/licenses/by-nc-nd/4.0/
334911,1019548392,Hybotidae_Platypalpus_luteus_862_1019548392,http://creativecommons.org/licenses/by-nc-nd/4.0/
334912,1019548392,Hybotidae_Platypalpus_luteus_863_1019548392,http://creativecommons.org/licenses/by-nc-nd/4.0/
334913,1019548408,Hybotidae_Platypalpus_longicornis_2070020_1019548408,http://creativecommons.org/licenses/by-nc-nd/4.0/
334914,1019548408,Hybotidae_Platypalpus_longicornis_2070021_1019548408,http://creativecommons.org/licenses/by-nc-nd/4.0/
334915,1019548408,Hybotidae_Platypalpus_longicornis_2070022_1019548408,http://creativecommons.org/licenses/by-nc-nd/4.0/
334916,1019548408,Hybotidae_Platypalpus_longicornis_2070023_1019548408,http://creativecommons.org/licenses/by-nc-nd/4.0/
334917,1019548359,Hybotidae_Platypalpus_longicornis_2070003_1019548359,http://creativecommons.org/licenses/by-nc-nd/4.0/
334918,1019548359,Hybotidae_Platypalpus_longicornis_2070004_1019548359,http://creativecommons.org/licenses/by-nc-nd/4.0/
334942,1019548298,Hybotidae_Platypalpus_analis_810_1019548298,http://creativecommons.org/licenses/by-nc-nd/4.0/
334943,1019548298,Hybotidae_Platypalpus_analis_811_1019548298,http://creativecommons.org/licenses/by-nc-nd/4.0/
334944,1019548298,Hybotidae_Platypalpus_analis_812_1019548298,http://creativecommons.org/licenses/by-nc-nd/4.0/
334945,1019548298,Hybotidae_Platypalpus_analis_813_1019548298,http://creativecommons.org/licenses/by-nc-nd/4.0/
334949,1019548322,Hybotidae_Platypalpus_analis_2069992_1019548322,http://creativecommons.org/licenses/by-nc-nd/4.0/
334950,1019548322,Hybotidae_Platypalpus_analis_2069993_1019548322,http://creativecommons.org/licenses/by-nc-nd/4.0/
334967,1019548317,Hybotidae_Platypalpus_agilis_1380607_1019548317,http://creativecommons.org/licenses/by-nc-nd/4.0/
334968,1019548317,Hybotidae_Platypalpus_agilis_1380608_1019548317,http://creativecommons.org/licenses/by-nc-nd/4.0/
334969,1019548293,Hybotidae_Platypalpus_agilis_806_1019548293,http://creativecommons.org/licenses/by-nc-nd/4.0/
334970,1019548293,Hybotidae_Platypalpus_agilis_807_1019548293,http://creativecommons.org/licenses/by-nc-nd/4.0/
334971,1019548293,Hybotidae_Platypalpus_agilis_808_1019548293,http://creativecommons.org/licenses/by-nc-nd/4.0/
334972,1019548293,Hybotidae_Platypalpus_agilis_809_1019548293,http://creativecommons.org/licenses/by-nc-nd/4.0/
334985,1413051372,Hybotidae_Oedalea_hybotina_1408766_1413051372,http://creativecommons.org/licenses/by-nc-nd/4.0/
334986,1413051372,Hybotidae_Oedalea_hybotina_1408767_1413051372,http://creativecommons.org/licenses/by-nc-nd/4.0/
334995,1413051382,Hybotidae_Leptopeza_ruficollis_2097973_1413051382,http://creativecommons.org/licenses/by-nc-nd/4.0/
334996,1413051382,Hybotidae_Leptopeza_ruficollis_2097974_1413051382,http://creativecommons.org/licenses/by-nc-nd/4.0/
334997,1413051382,Hybotidae_Leptopeza_ruficollis_2097975_1413051382,http://creativecommons.org/licenses/by-nc-nd/4.0/
334998,1413051382,Hybotidae_Leptopeza_ruficollis_2097976_1413051382,http://creativecommons.org/licenses/by-nc-nd/4.0/
334999,1019548321,Hybotidae_Platypalpus_agilis_1380609_1019548321,http://creativecommons.org/licenses/by-nc-nd/4.0/
335000,1019548321,Hybotidae_Platypalpus_agilis_1380610_1019548321,http://creativecommons.org/licenses/by-nc-nd/4.0/
335001,1019548321,Hybotidae_Platypalpus_agilis_1380611_1019548321,http://creativecommons.org/licenses/by-nc-nd/4.0/
335002,1019548300,Hybotidae_Platypalpus_annulipes_2759520_1019548300,http://creativecommons.org/licenses/by-nc-nd/4.0/
335003,1019548300,Hybotidae_Platypalpus_annulipes_2759521_1019548300,http://creativecommons.org/licenses/by-nc-nd/4.0/
335004,1019548305,Hybotidae_Platypalpus_annulipes_2759522_1019548305,http://creativecommons.org/licenses/by-nc-nd/4.0/
335005,1019548305,Hybotidae_Platypalpus_annulipes_2759523_1019548305,http://creativecommons.org/licenses/by-nc-nd/4.0/
335006,1019548340,Hybotidae_Platypalpus_annulipes_2069996_1019548340,http://creativecommons.org/licenses/by-nc-nd/4.0/
335007,1019548340,Hybotidae_Platypalpus_annulipes_2069997_1019548340,http://creativecommons.org/licenses/by-nc-nd/4.0/
335008,1019548340,Hybotidae_Platypalpus_annulipes_2069998_1019548340,http://creativecommons.org/licenses/by-nc-nd/4.0/
335009,1019548340,Hybotidae_Platypalpus_annulipes_2069999_1019548340,http://creativecommons.org/licenses/by-nc-nd/4.0/
335010,1019548338,Hybotidae_Platypalpus_calceatus_832_1019548338,http://creativecommons.org/licenses/by-nc-nd/4.0/
335011,1019548338,Hybotidae_Platypalpus_calceatus_833_1019548338,http://creativecommons.org/licenses/by-nc-nd/4.0/
335012,1019548341,Hybotidae_Platypalpus_cursitans_2759540_1019548341,http://creativecommons.org/licenses/by-nc-nd/4.0/
335013,1019548341,Hybotidae_Platypalpus_cursitans_2759541_1019548341,http://creativecommons.org/licenses/by-nc-nd/4.0/
335014,1019548341,Hybotidae_Platypalpus_cursitans_2759542_1019548341,http://creativecommons.org/licenses/by-nc-nd/4.0/
335015,1019548341,Hybotidae_Platypalpus_cursitans_2759543_1019548341,http://creativecommons.org/licenses/by-nc-nd/4.0/
335016,1019548328,Hybotidae_Platypalpus_calceatus_2759531_1019548328,http://creativecommons.org/licenses/by-nc-nd/4.0/
335017,1019548328,Hybotidae_Platypalpus_calceatus_2759532_1019548328,http://creativecommons.org/licenses/by-nc-nd/4.0/
335018,1019548328,Hybotidae_Platypalpus_calceatus_2759533_1019548328,http://creativecommons.org/licenses/by-nc-nd/4.0/
335019,1019548328,Hybotidae_Platypalpus_calceatus_2759534_1019548328,http://creativecommons.org/licenses/by-nc-nd/4.0/
335020,1019548351,Hybotidae_Platypalpus_cursitans_841_1019548351,http://creativecommons.org/licenses/by-nc-nd/4.0/
335021,1019548351,Hybotidae_Platypalpus_cursitans_842_1019548351,http://creativecommons.org/licenses/by-nc-nd/4.0/
335022,1019548312,Hybotidae_Platypalpus_cursitans_1380605_1019548312,http://creativecommons.org/licenses/by-nc-nd/4.0/
335023,1019548312,Hybotidae_Platypalpus_cursitans_1380606_1019548312,http://creativecommons.org/licenses/by-nc-nd/4.0/
335024,1019548366,Hybotidae_Platypalpus_annulipes_692111_1019548366,http://creativecommons.org/licenses/by-nc-nd/4.0/
335025,1019548366,Hybotidae_Platypalpus_annulipes_692112_1019548366,http://creativecommons.org/licenses/by-nc-nd/4.0/
335026,1019548348,Hybotidae_Platypalpus_cursitans_692100_1019548348,http://creativecommons.org/licenses/by-nc-nd/4.0/
335027,1019548348,Hybotidae_Platypalpus_cursitans_692101_1019548348,http://creativecommons.org/licenses/by-nc-nd/4.0/
335161,1413051368,Hybotidae_Ocydromia_glabricula_1408764_1413051368,http://creativecommons.org/licenses/by-nc-nd/4.0/
335162,1413051368,Hybotidae_Ocydromia_glabricula_1408765_1413051368,http://creativecommons.org/licenses/by-nc-nd/4.0/
335167,1413051375,Hybotidae_Leptopeza_flavipes_28819_1413051375,http://creativecommons.org/licenses/by-nc-nd/4.0/
335168,1413051375,Hybotidae_Leptopeza_flavipes_28820_1413051375,http://creativecommons.org/licenses/by-nc-nd/4.0/
335169,1413051375,Hybotidae_Leptopeza_flavipes_28821_1413051375,http://creativecommons.org/licenses/by-nc-nd/4.0/
335170,1413051375,Hybotidae_Leptopeza_flavipes_28822_1413051375,http://creativecommons.org/licenses/by-nc-nd/4.0/
335175,1413051371,Hybotidae_Ocydromia_glabricula_719905_1413051371,http://creativecommons.org/licenses/by-nc-nd/4.0/
335176,1413051371,Hybotidae_Ocydromia_glabricula_719906_1413051371,http://creativecommons.org/licenses/by-nc-nd/4.0/
335185,1413051373,Hybotidae_Leptopeza_flavipes_2097967_1413051373,http://creativecommons.org/licenses/by-nc-nd/4.0/
335186,1413051373,Hybotidae_Leptopeza_flavipes_2097968_1413051373,http://creativecommons.org/licenses/by-nc-nd/4.0/
335187,1413051373,Hybotidae_Leptopeza_flavipes_2097969_1413051373,http://creativecommons.org/licenses/by-nc-nd/4.0/
335188,1413051373,Hybotidae_Leptopeza_flavipes_2097970_1413051373,http://creativecommons.org/licenses/by-nc-nd/4.0/
335218,1413051367,Hybotidae_Syneches_muscarius_719903_1413051367,http://creativecommons.org/licenses/by-nc-nd/4.0/
335219,1413051367,Hybotidae_Syneches_muscarius_719904_1413051367,http://creativecommons.org/licenses/by-nc-nd/4.0/
335238,1413051365,Hybotidae_Syneches_muscarius_2787277_1413051365,http://creativecommons.org/licenses/by-nc-nd/4.0/
335239,1413051365,Hybotidae_Syneches_muscarius_2787278_1413051365,http://creativecommons.org/licenses/by-nc-nd/4.0/
335473,1019548420,Hybotidae_Platypalpus_candicans_1380647_1019548420,http://creativecommons.org/licenses/by-nc-nd/4.0/
335474,1019548420,Hybotidae_Platypalpus_candicans_1380648_1019548420,http://creativecommons.org/licenses/by-nc-nd/4.0/
335475,1019548420,Hybotidae_Platypalpus_candicans_1380649_1019548420,http://creativecommons.org/licenses/by-nc-nd/4.0/
335476,1019548420,Hybotidae_Platypalpus_candicans_1380650_1019548420,http://creativecommons.org/licenses/by-nc-nd/4.0/
335481,1019548407,Hybotidae_Platypalpus_vividus_1380640_1019548407,http://creativecommons.org/licenses/by-nc-nd/4.0/
335482,1019548407,Hybotidae_Platypalpus_vividus_1380641_1019548407,http://creativecommons.org/licenses/by-nc-nd/4.0/
335487,1019548423,Hybotidae_Platypalpus_rapidus_883_1019548423,http://creativecommons.org/licenses/by-nc-nd/4.0/
335488,1019548423,Hybotidae_Platypalpus_rapidus_884_1019548423,http://creativecommons.org/licenses/by-nc-nd/4.0/
335489,1019548423,Hybotidae_Platypalpus_rapidus_885_1019548423,http://creativecommons.org/licenses/by-nc-nd/4.0/
335490,1019548423,Hybotidae_Platypalpus_rapidus_886_1019548423,http://creativecommons.org/licenses/by-nc-nd/4.0/
335499,1019548440,Hybotidae_Platypalpus_rapidus_2759588_1019548440,http://creativecommons.org/licenses/by-nc-nd/4.0/
335500,1019548440,Hybotidae_Platypalpus_rapidus_2759589_1019548440,http://creativecommons.org/licenses/by-nc-nd/4.0/
335505,1019548354,Hybotidae_Platypalpus_pectoralis_2070000_1019548354,http://creativecommons.org/licenses/by-nc-nd/4.0/
335506,1019548354,Hybotidae_Platypalpus_pectoralis_2070001_1019548354,http://creativecommons.org/licenses/by-nc-nd/4.0/
335507,1019548354,Hybotidae_Platypalpus_pectoralis_2070002_1019548354,http://creativecommons.org/licenses/by-nc-nd/4.0/
335522,1019548391,Hybotidae_Platypalpus_luteus_2759560_1019548391,http://creativecommons.org/licenses/by-nc-nd/4.0/
335523,1019548391,Hybotidae_Platypalpus_luteus_2759561_1019548391,http://creativecommons.org/licenses/by-nc-nd/4.0/
335524,1019548391,Hybotidae_Platypalpus_luteus_2759562_1019548391,http://creativecommons.org/licenses/by-nc-nd/4.0/
335527,1019548382,Hybotidae_Platypalpus_pallidiventris_2759554_1019548382,http://creativecommons.org/licenses/by-nc-nd/4.0/
335528,1019548382,Hybotidae_Platypalpus_pallidiventris_2759555_1019548382,http://creativecommons.org/licenses/by-nc-nd/4.0/
335529,1019548382,Hybotidae_Platypalpus_pallidiventris_2759556_1019548382,http://creativecommons.org/licenses/by-nc-nd/4.0/
335530,1019548382,Hybotidae_Platypalpus_pallidiventris_2759557_1019548382,http://creativecommons.org/licenses/by-nc-nd/4.0/
335546,1019548447,Hybotidae_Tachypeza_nubila_692153_1019548447,http://creativecommons.org/licenses/by-nc-nd/4.0/
335547,1019548447,Hybotidae_Tachypeza_nubila_692154_1019548447,http://creativecommons.org/licenses/by-nc-nd/4.0/
335548,1019548447,Hybotidae_Tachypeza_nubila_692155_1019548447,http://creativecommons.org/licenses/by-nc-nd/4.0/
335549,1019548447,Hybotidae_Tachypeza_nubila_692156_1019548447,http://creativecommons.org/licenses/by-nc-nd/4.0/
335560,1413051388,Hybotidae_Trichina_flavipes_2787286_1413051388,http://creativecommons.org/licenses/by-nc-nd/4.0/
335561,1413051388,Hybotidae_Trichina_flavipes_2787287_1413051388,http://creativecommons.org/licenses/by-nc-nd/4.0/
335562,1413051388,Hybotidae_Trichina_flavipes_2787288_1413051388,http://creativecommons.org/licenses/by-nc-nd/4.0/
335563,1413051388,Hybotidae_Trichina_flavipes_2787289_1413051388,http://creativecommons.org/licenses/by-nc-nd/4.0/
335573,1413051389,Hybotidae_Trichina_flavipes_28823_1413051389,http://creativecommons.org/licenses/by-nc-nd/4.0/
335574,1413051389,Hybotidae_Trichina_flavipes_28824_1413051389,http://creativecommons.org/licenses/by-nc-nd/4.0/
335575,1413051389,Hybotidae_Trichina_flavipes_28825_1413051389,http://creativecommons.org/licenses/by-nc-nd/4.0/
335576,1413051389,Hybotidae_Trichina_flavipes_28826_1413051389,http://creativecommons.org/licenses/by-nc-nd/4.0/
335588,1019548434,Hybotidae_Tachypeza_nubila_1380651_1019548434,http://creativecommons.org/licenses/by-nc-nd/4.0/
335589,1019548434,Hybotidae_Tachypeza_nubila_1380652_1019548434,http://creativecommons.org/licenses/by-nc-nd/4.0/
335590,1019548433,Hybotidae_Tachydromia_sabulosa_692145_1019548433,http://creativecommons.org/licenses/by-nc-nd/4.0/
335591,1019548433,Hybotidae_Tachydromia_sabulosa_692146_1019548433,http://creativecommons.org/licenses/by-nc-nd/4.0/
335592,1019548433,Hybotidae_Tachydromia_sabulosa_692147_1019548433,http://creativecommons.org/licenses/by-nc-nd/4.0/
335593,1019548433,Hybotidae_Tachydromia_sabulosa_692148_1019548433,http://creativecommons.org/licenses/by-nc-nd/4.0/
335605,1019548403,Hybotidae_Tachydromia_connexa_2070019_1019548403,http://creativecommons.org/licenses/by-nc-nd/4.0/
335621,1019548413,Hybotidae_Tachydromia_connexa_2759573_1019548413,http://creativecommons.org/licenses/by-nc-nd/4.0/
335622,1019548413,Hybotidae_Tachydromia_connexa_2759574_1019548413,http://creativecommons.org/licenses/by-nc-nd/4.0/
335628,1019548415,Hybotidae_Tachydromia_connexa_692140_1019548415,http://creativecommons.org/licenses/by-nc-nd/4.0/
335629,1019548415,Hybotidae_Tachydromia_connexa_692141_1019548415,http://creativecommons.org/licenses/by-nc-nd/4.0/
335630,1019548421,Hybotidae_Tachydromia_connexa_2070028_1019548421,http://creativecommons.org/licenses/by-nc-nd/4.0/
335631,1019548421,Hybotidae_Tachydromia_connexa_2070029_1019548421,http://creativecommons.org/licenses/by-nc-nd/4.0/
335634,1019548378,Hybotidae_Tachydromia_connexa_2759552_1019548378,http://creativecommons.org/licenses/by-nc-nd/4.0/
335635,1019548378,Hybotidae_Tachydromia_connexa_2759553_1019548378,http://creativecommons.org/licenses/by-nc-nd/4.0/
335640,1019548412,Hybotidae_Tachydromia_connexa_2070024_1019548412,http://creativecommons.org/licenses/by-nc-nd/4.0/
335641,1019548412,Hybotidae_Tachydromia_connexa_2070025_1019548412,http://creativecommons.org/licenses/by-nc-nd/4.0/
335642,1019548412,Hybotidae_Tachydromia_connexa_2070026_1019548412,http://creativecommons.org/licenses/by-nc-nd/4.0/
335643,1019548412,Hybotidae_Tachydromia_connexa_2070027_1019548412,http://creativecommons.org/licenses/by-nc-nd/4.0/
336790,1019548229,Hybotidae_Bicellaria_spuria_2759487_1019548229,http://creativecommons.org/licenses/by-nc-nd/4.0/
336791,1019548229,Hybotidae_Bicellaria_spuria_2759488_1019548229,http://creativecommons.org/licenses/by-nc-nd/4.0/
336792,1019548229,Hybotidae_Bicellaria_spuria_2759489_1019548229,http://creativecommons.org/licenses/by-nc-nd/4.0/
336793,1019548229,Hybotidae_Bicellaria_spuria_2759490_1019548229,http://creativecommons.org/licenses/by-nc-nd/4.0/
336794,1019548199,Hybotidae_Bicellaria_spuria_759_1019548199,http://creativecommons.org/licenses/by-nc-nd/4.0/
336795,1019548199,Hybotidae_Bicellaria_spuria_760_1019548199,http://creativecommons.org/licenses/by-nc-nd/4.0/
336796,1019548186,Hybotidae_Bicellaria_spuria_691999_1019548186,http://creativecommons.org/licenses/by-nc-nd/4.0/
336797,1019548186,Hybotidae_Bicellaria_spuria_692000_1019548186,http://creativecommons.org/licenses/by-nc-nd/4.0/
336798,1019548288,Hybotidae_Bicellaria_spuria_2759511_1019548288,http://creativecommons.org/licenses/by-nc-nd/4.0/
336799,1019548288,Hybotidae_Bicellaria_spuria_2759512_1019548288,http://creativecommons.org/licenses/by-nc-nd/4.0/
336800,1019548195,Hybotidae_Bicellaria_spuria_692004_1019548195,http://creativecommons.org/licenses/by-nc-nd/4.0/
336801,1019548195,Hybotidae_Bicellaria_spuria_692005_1019548195,http://creativecommons.org/licenses/by-nc-nd/4.0/
336802,1019548250,Hybotidae_Bicellaria_spuria_2069960_1019548250,http://creativecommons.org/licenses/by-nc-nd/4.0/
336803,1019548250,Hybotidae_Bicellaria_spuria_2069961_1019548250,http://creativecommons.org/licenses/by-nc-nd/4.0/
337505,1019548465,Hybotidae_Tachydromia_sabulosa_692170_1019548465,http://creativecommons.org/licenses/by-nc-nd/4.0/
337506,1019548465,Hybotidae_Tachydromia_sabulosa_692171_1019548465,http://creativecommons.org/licenses/by-nc-nd/4.0/
337617,1413051366,Hybotidae_Hybos_fumipennis_28815_1413051366,http://creativecommons.org/licenses/by-nc-nd/4.0/
337618,1413051366,Hybotidae_Hybos_fumipennis_28816_1413051366,http://creativecommons.org/licenses/by-nc-nd/4.0/
337619,1413051366,Hybotidae_Hybos_fumipennis_28817_1413051366,http://creativecommons.org/licenses/by-nc-nd/4.0/
337620,1413051366,Hybotidae_Hybos_fumipennis_28818_1413051366,http://creativecommons.org/licenses/by-nc-nd/4.0/
337621,1413051385,Hybotidae_Hybos_funebris_719911_1413051385,http://creativecommons.org/licenses/by-nc-nd/4.0/
337622,1413051385,Hybotidae_Hybos_funebris_719912_1413051385,http://creativecommons.org/licenses/by-nc-nd/4.0/
337623,1413051385,Hybotidae_Hybos_funebris_719913_1413051385,http://creativecommons.org/licenses/by-nc-nd/4.0/
337624,1413051385,Hybotidae_Hybos_funebris_719914_1413051385,http://creativecommons.org/licenses/by-nc-nd/4.0/
337625,1413051381,Hybotidae_Hybos_flavipes_1408768_1413051381,http://creativecommons.org/licenses/by-nc-nd/4.0/
337626,1413051381,Hybotidae_Hybos_flavipes_1408769_1413051381,http://creativecommons.org/licenses/by-nc-nd/4.0/
337627,1413051381,Hybotidae_Hybos_flavipes_1408770_1413051381,http://creativecommons.org/licenses/by-nc-nd/4.0/
337628,1413051381,Hybotidae_Hybos_flavipes_1408771_1413051381,http://creativecommons.org/licenses/by-nc-nd/4.0/
337629,1413051376,Hybotidae_Hybos_flavipes_719907_1413051376,http://creativecommons.org/licenses/by-nc-nd/4.0/
337630,1413051376,Hybotidae_Hybos_flavipes_719908_1413051376,http://creativecommons.org/licenses/by-nc-nd/4.0/
337631,1413051376,Hybotidae_Hybos_flavipes_719909_1413051376,http://creativecommons.org/licenses/by-nc-nd/4.0/
337632,1413051376,Hybotidae_Hybos_flavipes_719910_1413051376,http://creativecommons.org/licenses/by-nc-nd/4.0/
337633,1019548228,Hybotidae_Bicellaria_nigra_2069950_1019548228,http://creativecommons.org/licenses/by-nc-nd/4.0/
337634,1019548228,Hybotidae_Bicellaria_nigra_2069951_1019548228,http://creativecommons.org/licenses/by-nc-nd/4.0/
337635,1019548235,Hybotidae_Bicellaria_nigra_692031_1019548235,http://creativecommons.org/licenses/by-nc-nd/4.0/
337636,1019548235,Hybotidae_Bicellaria_nigra_692032_1019548235,http://creativecommons.org/licenses/by-nc-nd/4.0/
337637,1019548231,Hybotidae_Bicellaria_nigra_1380567_1019548231,http://creativecommons.org/licenses/by-nc-nd/4.0/
337638,1019548231,Hybotidae_Bicellaria_nigra_1380568_1019548231,http://creativecommons.org/licenses/by-nc-nd/4.0/
337639,1019548231,Hybotidae_Bicellaria_nigra_1380569_1019548231,http://creativecommons.org/licenses/by-nc-nd/4.0/
337640,1019548231,Hybotidae_Bicellaria_nigra_1380570_1019548231,http://creativecommons.org/licenses/by-nc-nd/4.0/
337641,1413051379,Hybotidae_Hybos_funebris_2787279_1413051379,http://creativecommons.org/licenses/by-nc-nd/4.0/
337642,1413051379,Hybotidae_Hybos_funebris_2787280_1413051379,http://creativecommons.org/licenses/by-nc-nd/4.0/
337643,1413051379,Hybotidae_Hybos_funebris_2787281_1413051379,http://creativecommons.org/licenses/by-nc-nd/4.0/
337644,1413051379,Hybotidae_Hybos_funebris_2787282_1413051379,http://creativecommons.org/licenses/by-nc-nd/4.0/
337645,1019548223,Hybotidae_Drapetis_exilis_2069948_1019548223,http://creativecommons.org/licenses/by-nc-nd/4.0/
337646,1019548223,Hybotidae_Drapetis_exilis_2069949_1019548223,http://creativecommons.org/licenses/by-nc-nd/4.0/
337647,1019548279,Hybotidae_Drapetis_exilis_2759505_1019548279,http://creativecommons.org/licenses/by-nc-nd/4.0/
337648,1019548279,Hybotidae_Drapetis_exilis_2759506_1019548279,http://creativecommons.org/licenses/by-nc-nd/4.0/
337649,1019548210,Hybotidae_Bicellaria_nigra_2759476_1019548210,http://creativecommons.org/licenses/by-nc-nd/4.0/
337650,1019548210,Hybotidae_Bicellaria_nigra_2759477_1019548210,http://creativecommons.org/licenses/by-nc-nd/4.0/
337651,1019548253,Hybotidae_Bicellaria_nigra_692042_1019548253,http://creativecommons.org/licenses/by-nc-nd/4.0/
337652,1019548253,Hybotidae_Bicellaria_nigra_692043_1019548253,http://creativecommons.org/licenses/by-nc-nd/4.0/
337653,1019548253,Hybotidae_Bicellaria_nigra_692044_1019548253,http://creativecommons.org/licenses/by-nc-nd/4.0/
337654,1019548187,Hybotidae_Bicellaria_spuria_1380543_1019548187,http://creativecommons.org/licenses/by-nc-nd/4.0/
337655,1019548187,Hybotidae_Bicellaria_spuria_1380544_1019548187,http://creativecommons.org/licenses/by-nc-nd/4.0/
337656,1019548209,Hybotidae_Bicellaria_nigra_1380554_1019548209,http://creativecommons.org/licenses/by-nc-nd/4.0/
337657,1019548209,Hybotidae_Bicellaria_nigra_1380555_1019548209,http://creativecommons.org/licenses/by-nc-nd/4.0/
337658,1019548209,Hybotidae_Bicellaria_nigra_1380556_1019548209,http://creativecommons.org/licenses/by-nc-nd/4.0/
337659,1019548209,Hybotidae_Bicellaria_nigra_1380557_1019548209,http://creativecommons.org/licenses/by-nc-nd/4.0/
337660,1019548123,Hybotidae_Bicellaria_spuria_1380502_1019548123,http://creativecommons.org/licenses/by-nc-nd/4.0/
337661,1019548123,Hybotidae_Bicellaria_spuria_1380503_1019548123,http://creativecommons.org/licenses/by-nc-nd/4.0/
337662,1019548204,Hybotidae_Bicellaria_spuria_1380552_1019548204,http://creativecommons.org/licenses/by-nc-nd/4.0/
337663,1019548204,Hybotidae_Bicellaria_spuria_1380553_1019548204,http://creativecommons.org/licenses/by-nc-nd/4.0/
337664,1019548219,Hybotidae_Drapetis_exilis_2069944_1019548219,http://creativecommons.org/licenses/by-nc-nd/4.0/
337665,1019548219,Hybotidae_Drapetis_exilis_2069945_1019548219,http://creativecommons.org/licenses/by-nc-nd/4.0/
337666,1019548219,Hybotidae_Drapetis_exilis_2069946_1019548219,http://creativecommons.org/licenses/by-nc-nd/4.0/
337667,1019548219,Hybotidae_Drapetis_exilis_2069947_1019548219,http://creativecommons.org/licenses/by-nc-nd/4.0/
337668,1019548140,Hybotidae_Drapetis_exilis_691973_1019548140,http://creativecommons.org/licenses/by-nc-nd/4.0/
337669,1019548140,Hybotidae_Drapetis_exilis_691974_1019548140,http://creativecommons.org/licenses/by-nc-nd/4.0/
339992,1265037830,Hybotidae_Platypalpus_exilis_10252_1265037830,http://creativecommons.org/licenses/by-nc-nd/4.0/
339993,1265037830,Hybotidae_Platypalpus_exilis_10253_1265037830,http://creativecommons.org/licenses/by-nc-nd/4.0/
339994,1265037825,Hybotidae_Platypalpus_exilis_2768975_1265037825,http://creativecommons.org/licenses/by-nc-nd/4.0/
339995,1265037825,Hybotidae_Platypalpus_exilis_2768976_1265037825,http://creativecommons.org/licenses/by-nc-nd/4.0/
339996,1265037808,Hybotidae_Platypalpus_exilis_10241_1265037808,http://creativecommons.org/licenses/by-nc-nd/4.0/
339997,1265037808,Hybotidae_Platypalpus_exilis_10242_1265037808,http://creativecommons.org/licenses/by-nc-nd/4.0/
339998,1265037788,Hybotidae_Euthyneura_myrtilli_1390149_1265037788,http://creativecommons.org/licenses/by-nc-nd/4.0/
339999,1265037788,Hybotidae_Euthyneura_myrtilli_1390150_1265037788,http://creativecommons.org/licenses/by-nc-nd/4.0/
340000,1265037788,Hybotidae_Euthyneura_myrtilli_1390151_1265037788,http://creativecommons.org/licenses/by-nc-nd/4.0/
340001,1265037788,Hybotidae_Euthyneura_myrtilli_1390152_1265037788,http://creativecommons.org/licenses/by-nc-nd/4.0/
340002,1265037728,Hybotidae_Leptopeza_flavipes_701442_1265037728,http://creativecommons.org/licenses/by-nc-nd/4.0/
340003,1265037728,Hybotidae_Leptopeza_flavipes_701443_1265037728,http://creativecommons.org/licenses/by-nc-nd/4.0/
340004,1265037728,Hybotidae_Leptopeza_flavipes_701444_1265037728,http://creativecommons.org/licenses/by-nc-nd/4.0/
340005,1265037783,Hybotidae_Leptopeza_flavipes_1390147_1265037783,http://creativecommons.org/licenses/by-nc-nd/4.0/
340006,1265037783,Hybotidae_Leptopeza_flavipes_1390148_1265037783,http://creativecommons.org/licenses/by-nc-nd/4.0/
340059,1265037778,Hybotidae_Drapetis_ephippiata_701470_1265037778,http://creativecommons.org/licenses/by-nc-nd/4.0/
340576,3776931577,Hybotidae_Tachypeza_nubila_1241770_3776931577,© all rights reserved
340577,3776931577,Hybotidae_Tachypeza_nubila_1241771_3776931577,© all rights reserved
340578,1676165061,Hybotidae_Leptopeza_borealis_2122630_1676165061,© all rights reserved
340579,1676165061,Hybotidae_Leptopeza_borealis_2122631_1676165061,© all rights reserved
340580,1676165061,Hybotidae_Leptopeza_borealis_2122632_1676165061,© all rights reserved
340581,1676165061,Hybotidae_Leptopeza_borealis_2122633_1676165061,© all rights reserved
340696,931884045,Hybotidae_Platypalpus_cursitans_2757067_931884045,© all rights reserved
342719,4003109376,Hybotidae_Platypalpus_pallidiventris_1362544_4003109376,© All rights reserved
342935,1899616080,Hybotidae_Hybos_grossipes_2841657_1899616080,© All rights reserved
347008,1973562370,Hybotidae_Platypalpus_ciliaris_1498219_1973562370,http://creativecommons.org/licenses/by-nc-nd/4.0/
347287,1976377496,Hybotidae_Hybos_femoratus_1502118_1976377496,http://creativecommons.org/licenses/by-nc-nd/4.0/
349339,1959186853,Hybotidae_Ocydromia_glabricula_2167072_1959186853,http://creativecommons.org/licenses/by-nc-nd/4.0/
349620,1976091945,Hybotidae_Hybos_culiciformis_2880877_1976091945,http://creativecommons.org/licenses/by-nc/4.0/
349621,1976091945,Hybotidae_Hybos_culiciformis_2880878_1976091945,http://creativecommons.org/licenses/by-nc/4.0/
349653,1968708356,Hybotidae_Ocydromia_glabricula_1490487_1968708356,http://creativecommons.org/licenses/by-nc-nd/4.0/
351596,3091051310,Hybotidae_Hybos_culiciformis_1658460_3091051310,http://creativecommons.org/licenses/by/4.0/
351597,3091051310,Hybotidae_Hybos_culiciformis_1658461_3091051310,http://creativecommons.org/licenses/by/4.0/
354918,1460253079,Hybotidae_Platypalpus_cursitans_2117853_1460253079,© all rights reserved
355250,3905279647,Hybotidae_Hybos_culiciformis_1311022_3905279647,http://creativecommons.org/licenses/by-nc-nd/4.0/
355251,3905279647,Hybotidae_Hybos_culiciformis_1311023_3905279647,http://creativecommons.org/licenses/by-nc-nd/4.0/
355252,3905279647,Hybotidae_Hybos_culiciformis_1311024_3905279647,http://creativecommons.org/licenses/by-nc-nd/4.0/
355253,3905279647,Hybotidae_Hybos_culiciformis_1311025_3905279647,http://creativecommons.org/licenses/by-nc-nd/4.0/
355687,1965200858,Hybotidae_Drapetis_ephippiata_2864386_1965200858,http://creativecommons.org/licenses/by-nc-nd/4.0/
355867,1975908310,Hybotidae_Hybos_culiciformis_2880620_1975908310,http://creativecommons.org/licenses/by-nc/4.0/
357848,1975993980,Hybotidae_Hybos_culiciformis_813066_1975993980,http://creativecommons.org/licenses/by-nc/4.0/
359366,1967819730,Hybotidae_Platypalpus_longicornis_2178912_1967819730,http://creativecommons.org/licenses/by-nc-nd/4.0/
359367,1967819730,Hybotidae_Platypalpus_longicornis_2178913_1967819730,http://creativecommons.org/licenses/by-nc-nd/4.0/
359368,1967819730,Hybotidae_Platypalpus_longicornis_2178914_1967819730,http://creativecommons.org/licenses/by-nc-nd/4.0/
362329,2839945919,Hybotidae_Ocydromia_glabricula_1602396_2839945919,http://creativecommons.org/licenses/by-nc/4.0/
362330,2839945919,Hybotidae_Ocydromia_glabricula_1602397_2839945919,http://creativecommons.org/licenses/by-nc/4.0/
362331,2839945919,Hybotidae_Ocydromia_glabricula_1602398_2839945919,http://creativecommons.org/licenses/by-nc/4.0/
362899,1965380822,Hybotidae_Drapetis_ephippiata_2865157_1965380822,http://creativecommons.org/licenses/by-nc-nd/4.0/
363240,1976091937,Hybotidae_Hybos_culiciformis_122400_1976091937,http://creativecommons.org/licenses/by-nc/4.0/
363345,1976083843,Hybotidae_Hybos_culiciformis_1501548_1976083843,http://creativecommons.org/licenses/by-nc/4.0/
363346,1976083843,Hybotidae_Hybos_culiciformis_1501549_1976083843,http://creativecommons.org/licenses/by-nc/4.0/
366634,1961112440,Hybotidae_Hybos_culiciformis_1480558_1961112440,http://creativecommons.org/licenses/by-nc-nd/4.0/
366635,1961112440,Hybotidae_Hybos_culiciformis_1480559_1961112440,http://creativecommons.org/licenses/by-nc-nd/4.0/
366636,1961112440,Hybotidae_Hybos_culiciformis_1480560_1961112440,http://creativecommons.org/licenses/by-nc-nd/4.0/
367352,1967840518,Hybotidae_Tachydromia_umbrarum_801348_1967840518,http://creativecommons.org/licenses/by-nc-nd/4.0/
367353,1967840518,Hybotidae_Tachydromia_umbrarum_801349_1967840518,http://creativecommons.org/licenses/by-nc-nd/4.0/
367696,1956460680,Hybotidae_Hybos_culiciformis_785129_1956460680,http://creativecommons.org/licenses/by-nc-nd/4.0/
368227,1955519358,Hybotidae_Platypalpus_australominutus_1472435_1955519358,http://creativecommons.org/licenses/by-nc-nd/4.0/
368228,1955519358,Hybotidae_Platypalpus_australominutus_1472436_1955519358,http://creativecommons.org/licenses/by-nc-nd/4.0/
368229,1955519358,Hybotidae_Platypalpus_australominutus_1472437_1955519358,http://creativecommons.org/licenses/by-nc-nd/4.0/
368531,1975628529,Hybotidae_Tachypeza_nubila_121777_1975628529,http://creativecommons.org/licenses/by-nc-nd/4.0/
373667,1965578894,Hybotidae_Drapetis_ephippiata_2865589_1965578894,http://creativecommons.org/licenses/by-nc-nd/4.0/
374171,1952446319,Hybotidae_Hybos_femoratus_778724_1952446319,http://creativecommons.org/licenses/by-nc-nd/4.0/
376198,2837651925,Hybotidae_Hybos_culiciformis_2978878_2837651925,http://creativecommons.org/licenses/by-nc-nd/4.0/
376635,1954097560,Hybotidae_Ocydromia_glabricula_90834_1954097560,http://creativecommons.org/licenses/by-nc-nd/4.0/
376636,1954097560,Hybotidae_Ocydromia_glabricula_90835_1954097560,http://creativecommons.org/licenses/by-nc-nd/4.0/
377175,1965208444,Hybotidae_Drapetis_ephippiata_2174336_1965208444,http://creativecommons.org/licenses/by-nc-nd/4.0/
377395,1974957882,Hybotidae_Platypalpus_notatus_812208_1974957882,http://creativecommons.org/licenses/by-nc-nd/4.0/
377396,1974957882,Hybotidae_Platypalpus_notatus_812209_1974957882,http://creativecommons.org/licenses/by-nc-nd/4.0/
379039,1965406308,Hybotidae_Drapetis_ephippiata_1485824_1965406308,http://creativecommons.org/licenses/by-nc-nd/4.0/
380538,1972878209,Hybotidae_Hybos_culiciformis_1497017_1972878209,http://creativecommons.org/licenses/by-nc/4.0/
381957,1966007327,Hybotidae_Syneches_muscarius_2176194_1966007327,http://creativecommons.org/licenses/by/4.0/
382764,1965380331,Hybotidae_Drapetis_ephippiata_2865153_1965380331,http://creativecommons.org/licenses/by-nc-nd/4.0/
383136,3721808368,Hybotidae_Hybos_culiciformis_499390_3721808368,http://creativecommons.org/licenses/by-nc-nd/4.0/
383468,1967819748,Hybotidae_Platypalpus_australominutus_1489891_1967819748,http://creativecommons.org/licenses/by-nc-nd/4.0/
383469,1967819748,Hybotidae_Platypalpus_australominutus_1489892_1967819748,http://creativecommons.org/licenses/by-nc-nd/4.0/
389039,1965203039,Hybotidae_Drapetis_ephippiata_2174241_1965203039,http://creativecommons.org/licenses/by-nc-nd/4.0/
389181,1969760046,Hybotidae_Hybos_femoratus_1492554_1969760046,http://creativecommons.org/licenses/by/4.0/
389328,1969158059,Hybotidae_Hybos_femoratus_1491182_1969158059,http://creativecommons.org/licenses/by-nc-nd/4.0/
389670,2836834322,Hybotidae_Tachypeza_nubila_218167_2836834322,http://creativecommons.org/licenses/by-nc-nd/4.0/
389671,2836834322,Hybotidae_Tachypeza_nubila_218168_2836834322,http://creativecommons.org/licenses/by-nc-nd/4.0/
389672,2836834322,Hybotidae_Tachypeza_nubila_218169_2836834322,http://creativecommons.org/licenses/by-nc-nd/4.0/
389778,1969970280,Hybotidae_Hybos_femoratus_113978_1969970280,http://creativecommons.org/licenses/by-nc-nd/4.0/
389779,1969970280,Hybotidae_Hybos_femoratus_113979_1969970280,http://creativecommons.org/licenses/by-nc-nd/4.0/
389879,1972861965,Hybotidae_Hybos_femoratus_2186338_1972861965,http://creativecommons.org/licenses/by-nc-nd/4.0/
390098,3907428755,Hybotidae_Hybos_culiciformis_1323269_3907428755,http://creativecommons.org/licenses/by-nc-nd/4.0/
390780,3428999491,Hybotidae_Platypalpus_maculipes_1025711_3428999491,© All rights reserved
390912,3862203397,Hybotidae_Tachypeza_nubila_587575_3862203397,© All rights reserved
390980,3862114490,Hybotidae_Hybos_grossipes_587513_3862114490,© All rights reserved
390981,3862114490,Hybotidae_Hybos_grossipes_587514_3862114490,© All rights reserved
391315,3345095423,Hybotidae_Hybos_culiciformis_313961_3345095423,© All rights reserved
391316,3345095423,Hybotidae_Hybos_culiciformis_313962_3345095423,© All rights reserved
393099,1972869536,Hybotidae_Hybos_culiciformis_117991_1972869536,http://creativecommons.org/licenses/by-nc/4.0/
393678,1967819683,Hybotidae_Platypalpus_niger_110632_1967819683,http://creativecommons.org/licenses/by-nc-nd/4.0/
393679,1967819683,Hybotidae_Platypalpus_niger_110633_1967819683,http://creativecommons.org/licenses/by-nc-nd/4.0/
393680,1967819683,Hybotidae_Platypalpus_niger_110634_1967819683,http://creativecommons.org/licenses/by-nc-nd/4.0/
393982,1975824273,Hybotidae_Hybos_culiciformis_2880453_1975824273,http://creativecommons.org/licenses/by-nc/4.0/
394009,1959779287,Hybotidae_Hybos_femoratus_1478942_1959779287,http://creativecommons.org/licenses/by-nc-nd/4.0/
394373,1965203256,Hybotidae_Drapetis_ephippiata_2864440_1965203256,http://creativecommons.org/licenses/by-nc-nd/4.0/
394431,1965220792,Hybotidae_Drapetis_ephippiata_2174439_1965220792,http://creativecommons.org/licenses/by-nc-nd/4.0/
394490,1962622038,Hybotidae_Hybos_culiciformis_1482319_1962622038,http://creativecommons.org/licenses/by-nc-nd/4.0/
395188,1952423877,Hybotidae_Hybos_culiciformis_88045_1952423877,http://creativecommons.org/licenses/by-nc-nd/4.0/
395189,1952423877,Hybotidae_Hybos_culiciformis_88046_1952423877,http://creativecommons.org/licenses/by-nc-nd/4.0/
395357,1968189654,Hybotidae_Tachydromia_aemula_801466_1968189654,http://creativecommons.org/licenses/by-nc-nd/4.0/
395358,1968189654,Hybotidae_Tachydromia_aemula_801467_1968189654,http://creativecommons.org/licenses/by-nc-nd/4.0/
395359,1968189654,Hybotidae_Tachydromia_aemula_801468_1968189654,http://creativecommons.org/licenses/by-nc-nd/4.0/
395413,1959750011,Hybotidae_Syneches_muscarius_790325_1959750011,http://creativecommons.org/licenses/by-nc-nd/4.0/
395476,1957096333,Hybotidae_Ocydromia_glabricula_1474245_1957096333,http://creativecommons.org/licenses/by-nc-nd/4.0/
397827,3864258402,Hybotidae_Symballophthalmus_fuscitarsis_1276739_3864258402,© All rights reserved
398375,3993639667,Hybotidae_Hybos_culiciformis_663199_3993639667,© all rights reserved
398486,2815394182,Hybotidae_Tachypeza_fuscipennis_205886_2815394182,© All rights reserved
398487,2815394182,Hybotidae_Tachypeza_fuscipennis_205887_2815394182,© All rights reserved
398488,2815394182,Hybotidae_Tachypeza_fuscipennis_205888_2815394182,© All rights reserved
398489,2815394182,Hybotidae_Tachypeza_fuscipennis_205889_2815394182,© All rights reserved
399509,1976775511,Hybotidae_Platypalpus_dessarti_1503038_1976775511,http://creativecommons.org/licenses/by-nc-nd/4.0/
400398,1958727104,Hybotidae_Tachypeza_nubila_1477318_1958727104,http://creativecommons.org/licenses/by-nc/4.0/
400399,1958727104,Hybotidae_Tachypeza_nubila_1477319_1958727104,http://creativecommons.org/licenses/by-nc/4.0/
400677,1967819898,Hybotidae_Platypalpus_cursitans_2178920_1967819898,http://creativecommons.org/licenses/by-nc-nd/4.0/
400678,1967819898,Hybotidae_Platypalpus_cursitans_2178921_1967819898,http://creativecommons.org/licenses/by-nc-nd/4.0/
400679,1967819898,Hybotidae_Platypalpus_cursitans_2178922_1967819898,http://creativecommons.org/licenses/by-nc-nd/4.0/
401544,1975918600,Hybotidae_Tachypeza_nubila_1501336_1975918600,http://creativecommons.org/licenses/by-nc-nd/4.0/
401708,1972843603,Hybotidae_Hybos_culiciformis_1496910_1972843603,http://creativecommons.org/licenses/by-nc/4.0/
401885,1955217298,Hybotidae_Hybos_culiciformis_92310_1955217298,http://creativecommons.org/licenses/by-nc-nd/4.0/
402318,3997118553,Hybotidae_Hybos_culiciformis_3430015_3997118553,http://creativecommons.org/licenses/by-nc/4.0/
402319,3997118553,Hybotidae_Hybos_culiciformis_3430016_3997118553,http://creativecommons.org/licenses/by-nc/4.0/
402504,2840793443,Hybotidae_Hybos_culiciformis_224530_2840793443,http://creativecommons.org/licenses/by-nc/4.0/
402505,2840793443,Hybotidae_Hybos_culiciformis_224531_2840793443,http://creativecommons.org/licenses/by-nc/4.0/
402513,1972893503,Hybotidae_Hybos_culiciformis_808813_1972893503,http://creativecommons.org/licenses/by-nc/4.0/
402631,1976695335,Hybotidae_Leptopeza_flavipes_1502874_1976695335,http://creativecommons.org/licenses/by-nc-nd/4.0/
402918,1959475159,Hybotidae_Trichina_flavipes_2167559_1959475159,http://creativecommons.org/licenses/by-nc-nd/4.0/
402919,1959475159,Hybotidae_Trichina_flavipes_2167560_1959475159,http://creativecommons.org/licenses/by-nc-nd/4.0/
402920,1959475159,Hybotidae_Trichina_flavipes_2167561_1959475159,http://creativecommons.org/licenses/by-nc-nd/4.0/
402921,1959475159,Hybotidae_Trichina_flavipes_2167562_1959475159,http://creativecommons.org/licenses/by-nc-nd/4.0/
403044,1976335500,Hybotidae_Hybos_culiciformis_1502039_1976335500,http://creativecommons.org/licenses/by-nc-nd/4.0/
403261,3816608464,Hybotidae_Tachydromia_umbrarum_3316416_3816608464,© All rights reserved
403399,3323881419,Hybotidae_Platypalpus_major_297139_3323881419,© All rights reserved
403400,3323881419,Hybotidae_Platypalpus_major_297140_3323881419,© All rights reserved
403942,1801696179,Hybotidae_Tachypeza_nubila_2123437_1801696179,© all rights reserved
403943,1801696179,Hybotidae_Tachypeza_nubila_2123438_1801696179,© all rights reserved
404100,1460038565,Hybotidae_Tachypeza_nubila_2807107_1460038565,© all rights reserved
404101,1460038565,Hybotidae_Tachypeza_nubila_2807108_1460038565,© all rights reserved
404113,2001406831,Hybotidae_Crossopalpus_curvinervis_2200782_2001406831,http://creativecommons.org/licenses/by-nc-sa/4.0/
404265,3327259321,Hybotidae_Tachypeza_nubila_3057792_3327259321,© All rights reserved
404269,2403863276,Hybotidae_Hybos_grossipes_2911471_2403863276,© All rights reserved
404270,2403863276,Hybotidae_Hybos_grossipes_2911472_2403863276,© All rights reserved
404437,3414537311,Hybotidae_Hybos_culiciformis_332198_3414537311,© All rights reserved
404438,3414537311,Hybotidae_Hybos_culiciformis_332199_3414537311,© All rights reserved
404439,3414537311,Hybotidae_Hybos_culiciformis_332200_3414537311,© All rights reserved
406292,1965224074,Hybotidae_Drapetis_ephippiata_106074_1965224074,http://creativecommons.org/licenses/by-nc-nd/4.0/
406405,3728303450,Hybotidae_Hybos_culiciformis_520383_3728303450,http://creativecommons.org/licenses/by-nc-nd/4.0/
406985,3715731907,Hybotidae_Hybos_culiciformis_475746_3715731907,http://creativecommons.org/licenses/by-nc-nd/4.0/
406986,3715731907,Hybotidae_Hybos_culiciformis_475747_3715731907,http://creativecommons.org/licenses/by-nc-nd/4.0/
407495,1965341414,Hybotidae_Drapetis_ephippiata_2174784_1965341414,http://creativecommons.org/licenses/by-nc-nd/4.0/
407496,1965341414,Hybotidae_Drapetis_ephippiata_2174785_1965341414,http://creativecommons.org/licenses/by-nc-nd/4.0/
407819,1955363684,Hybotidae_Oedalea_flavipes_783222_1955363684,http://creativecommons.org/licenses/by-nc-nd/4.0/
407820,1955363684,Hybotidae_Oedalea_flavipes_783223_1955363684,http://creativecommons.org/licenses/by-nc-nd/4.0/
413538,3330765775,Hybotidae_Hybos_grossipes_2371534_3330765775,http://creativecommons.org/licenses/by-nc/4.0/
417605,3873732047,Hybotidae_Tachypeza_nubila_1970561_3873732047,http://creativecommons.org/licenses/by-nc/4.0/
417626,3124759868,Hybotidae_Platypalpus_pallidiventris_2356413_3124759868,http://creativecommons.org/licenses/by-nc/4.0/
418971,2285792137,Hybotidae_Drapetis_ephippiata_1525633_2285792137,© all rights reserved
419120,1821446406,Hybotidae_Hybos_culiciformis_747041_1821446406,© all rights reserved
424058,2245732334,Hybotidae_Tachypeza_nubila_2895549_2245732334,© all rights reserved
427630,2859894050,Hybotidae_Hybos_culiciformis_2310132_2859894050,http://creativecommons.org/licenses/by-nc/4.0/
430805,1965890288,Hybotidae_Hybos_culiciformis_2175962_1965890288,http://creativecommons.org/licenses/by-nc-nd/4.0/
431395,2001915338,Hybotidae_Hybos_femoratus_1511749_2001915338,http://creativecommons.org/licenses/by-nc/4.0/
432795,3432703526,Hybotidae_Hybos_grossipes_2405430_3432703526,© all rights reserved
433219,2572416507,Hybotidae_Platypalpus_major_2939780_2572416507,© all rights reserved
433258,3448677390,Hybotidae_Tachypeza_nubila_3213033_3448677390,http://creativecommons.org/licenses/by-sa/4.0/
433279,3447932426,Hybotidae_Hybos_grossipes_1833422_3447932426,http://creativecommons.org/licenses/by-sa/4.0/
433288,3448127797,Hybotidae_Leptopeza_flavipes_454696_3448127797,http://creativecommons.org/licenses/by-sa/4.0/
433290,3448240763,Hybotidae_Platypalpus_luteicornis_3212851_3448240763,http://creativecommons.org/licenses/by-sa/4.0/
433337,3448545910,Hybotidae_Hybos_femoratus_1144192_3448545910,http://creativecommons.org/licenses/by-sa/4.0/
433357,3448999485,Hybotidae_Tachydromia_umbrarum_1144449_3448999485,http://creativecommons.org/licenses/by-sa/4.0/
433394,1436282085,Hybotidae_Tachypeza_nubila_2114556_1436282085,© all rights reserved
433395,1436282085,Hybotidae_Tachypeza_nubila_2114557_1436282085,© all rights reserved
433427,4006066610,Hybotidae_Hybos_femoratus_3431849_4006066610,© all rights reserved
433627,1960803345,Hybotidae_Tachypeza_nubila_100863_1960803345,http://creativecommons.org/publicdomain/zero/1.0/
433920,3907226949,Hybotidae_Hybos_culiciformis_2011468_3907226949,http://creativecommons.org/licenses/by-nc-nd/4.0/
433921,3907226949,Hybotidae_Hybos_culiciformis_2011469_3907226949,http://creativecommons.org/licenses/by-nc-nd/4.0/
434443,1967819742,Hybotidae_Platypalpus_nigritarsis_801334_1967819742,http://creativecommons.org/licenses/by-nc-nd/4.0/
434444,1967819742,Hybotidae_Platypalpus_nigritarsis_801335_1967819742,http://creativecommons.org/licenses/by-nc-nd/4.0/
434445,1967819742,Hybotidae_Platypalpus_nigritarsis_801336_1967819742,http://creativecommons.org/licenses/by-nc-nd/4.0/
434446,1967819742,Hybotidae_Platypalpus_nigritarsis_801337_1967819742,http://creativecommons.org/licenses/by-nc-nd/4.0/
437667,1965378481,Hybotidae_Drapetis_ephippiata_1485737_1965378481,http://creativecommons.org/licenses/by-nc-nd/4.0/
437894,3907398986,Hybotidae_Hybos_culiciformis_2702197_3907398986,http://creativecommons.org/licenses/by-nc-nd/4.0/
437954,1959470049,Hybotidae_Hybos_culiciformis_789651_1959470049,http://creativecommons.org/licenses/by-nc-nd/4.0/
437955,1959470049,Hybotidae_Hybos_culiciformis_789652_1959470049,http://creativecommons.org/licenses/by-nc-nd/4.0/
437979,1967820128,Hybotidae_Platypalpus_agilis_801338_1967820128,http://creativecommons.org/licenses/by-nc-nd/4.0/
437980,1967820128,Hybotidae_Platypalpus_agilis_801339_1967820128,http://creativecommons.org/licenses/by-nc-nd/4.0/
437981,1967820128,Hybotidae_Platypalpus_agilis_801340_1967820128,http://creativecommons.org/licenses/by-nc-nd/4.0/
438156,2844431018,Hybotidae_Tachypeza_nubila_2300198_2844431018,http://creativecommons.org/licenses/by-nc/4.0/
438157,2844431018,Hybotidae_Tachypeza_nubila_2300199_2844431018,http://creativecommons.org/licenses/by-nc/4.0/
438404,1975566704,Hybotidae_Tachypeza_nubila_812533_1975566704,http://creativecommons.org/licenses/by-nc-nd/4.0/
438585,2833025765,Hybotidae_Tachypeza_nubila_2279378_2833025765,http://creativecommons.org/licenses/by-nc-nd/4.0/
438771,2840787308,Hybotidae_Tachypeza_nubila_2292504_2840787308,http://creativecommons.org/licenses/by-nc/4.0/
439984,1970306749,Hybotidae_Ocydromia_glabricula_2183098_1970306749,http://creativecommons.org/licenses/by-nc-nd/4.0/
439985,1970306749,Hybotidae_Ocydromia_glabricula_2183099_1970306749,http://creativecommons.org/licenses/by-nc-nd/4.0/
439986,1970306749,Hybotidae_Ocydromia_glabricula_2183100_1970306749,http://creativecommons.org/licenses/by-nc-nd/4.0/
440180,1976541201,Hybotidae_Platypalpus_cursitans_2881754_1976541201,http://creativecommons.org/licenses/by-nc-nd/4.0/
440181,1976541201,Hybotidae_Platypalpus_cursitans_2881755_1976541201,http://creativecommons.org/licenses/by-nc-nd/4.0/
440182,1976541201,Hybotidae_Platypalpus_cursitans_2881756_1976541201,http://creativecommons.org/licenses/by-nc-nd/4.0/
440183,1976541201,Hybotidae_Platypalpus_cursitans_2881757_1976541201,http://creativecommons.org/licenses/by-nc-nd/4.0/
440568,3905421170,Hybotidae_Hybos_culiciformis_1311893_3905421170,http://creativecommons.org/licenses/by-nc-nd/4.0/
440569,3905421170,Hybotidae_Hybos_culiciformis_1311894_3905421170,http://creativecommons.org/licenses/by-nc-nd/4.0/
440572,1965219770,Hybotidae_Drapetis_ephippiata_1485296_1965219770,http://creativecommons.org/licenses/by-nc-nd/4.0/
440591,2834836318,Hybotidae_Hybos_culiciformis_2284081_2834836318,http://creativecommons.org/licenses/by-nc/4.0/
442120,3338575330,Hybotidae_Platypalpus_major_2380256_3338575330,© All rights reserved
442523,3323878387,Hybotidae_Platypalpus_luteus_297137_3323878387,© All rights reserved
442685,3914085511,Hybotidae_Bicellaria_austriaca_2016104_3914085511,© All rights reserved
442686,3914085511,Hybotidae_Bicellaria_austriaca_2016105_3914085511,© All rights reserved
442687,3914085511,Hybotidae_Bicellaria_austriaca_2016106_3914085511,© All rights reserved
442765,3886545444,Hybotidae_Hybos_grossipes_1977286_3886545444,© All rights reserved
442776,1825561161,Hybotidae_Hybos_culiciformis_56579_1825561161,© All rights reserved
442777,1825561161,Hybotidae_Hybos_culiciformis_56580_1825561161,© All rights reserved
442781,3329780444,Hybotidae_Hybos_femoratus_2369722_3329780444,© All rights reserved
442782,3329780444,Hybotidae_Hybos_femoratus_2369723_3329780444,© All rights reserved
442783,3329780444,Hybotidae_Hybos_femoratus_2369724_3329780444,© All rights reserved
442807,2403718989,Hybotidae_Platypalpus_cursitans_2911431_2403718989,© All rights reserved
442808,2403718989,Hybotidae_Platypalpus_cursitans_2911432_2403718989,© All rights reserved
442829,3886538316,Hybotidae_Hybos_grossipes_1977281_3886538316,http://creativecommons.org/licenses/by/4.0/
444780,3715537761,Hybotidae_Tachypeza_nubila_1855020_3715537761,http://creativecommons.org/licenses/by-nc-nd/4.0/
445362,1959130319,Hybotidae_Ocydromia_glabricula_2856899_1959130319,http://creativecommons.org/licenses/by-nc-nd/4.0/
445477,1972523835,Hybotidae_Tachypeza_nubila_2875886_1972523835,http://creativecommons.org/licenses/by-nc/4.0/
445478,1972523835,Hybotidae_Tachypeza_nubila_2875887_1972523835,http://creativecommons.org/licenses/by-nc/4.0/
445479,1972523835,Hybotidae_Tachypeza_nubila_2875888_1972523835,http://creativecommons.org/licenses/by-nc/4.0/
448783,1965004047,Hybotidae_Hybos_culiciformis_796073_1965004047,http://creativecommons.org/licenses/by-nc-nd/4.0/
448784,1965004047,Hybotidae_Hybos_culiciformis_796074_1965004047,http://creativecommons.org/licenses/by-nc-nd/4.0/
449683,1965200068,Hybotidae_Drapetis_ephippiata_1485034_1965200068,http://creativecommons.org/licenses/by-nc-nd/4.0/
449684,3725434257,Hybotidae_Drapetis_ephippiata_509353_3725434257,http://creativecommons.org/licenses/by-nc-nd/4.0/
449685,3725434257,Hybotidae_Drapetis_ephippiata_509354_3725434257,http://creativecommons.org/licenses/by-nc-nd/4.0/
449686,3725434257,Hybotidae_Drapetis_ephippiata_509355_3725434257,http://creativecommons.org/licenses/by-nc-nd/4.0/
451317,1965208531,Hybotidae_Drapetis_ephippiata_105917_1965208531,http://creativecommons.org/licenses/by-nc-nd/4.0/
451562,1967820078,Hybotidae_Platypalpus_longicornis_110639_1967820078,http://creativecommons.org/licenses/by-nc-nd/4.0/
451563,1967820078,Hybotidae_Platypalpus_longicornis_110640_1967820078,http://creativecommons.org/licenses/by-nc-nd/4.0/
452137,3345028305,Hybotidae_Hybos_femoratus_313947_3345028305,© All rights reserved
452138,3345028305,Hybotidae_Hybos_femoratus_313948_3345028305,© All rights reserved
452139,3345028305,Hybotidae_Hybos_femoratus_313949_3345028305,© All rights reserved
452197,1946512428,Hybotidae_Platypalpus_stigmatellus_1465788_1946512428,© All rights reserved
452198,1946512428,Hybotidae_Platypalpus_stigmatellus_1465789_1946512428,© All rights reserved
452199,1946512428,Hybotidae_Platypalpus_stigmatellus_1465790_1946512428,© All rights reserved
452255,2995364351,Hybotidae_Platypalpus_major_3017677_2995364351,http://creativecommons.org/licenses/by-sa/4.0/
452256,2995364351,Hybotidae_Platypalpus_major_3017678_2995364351,http://creativecommons.org/licenses/by-sa/4.0/
452257,2995364351,Hybotidae_Platypalpus_major_3017679_2995364351,http://creativecommons.org/licenses/by-sa/4.0/
452367,3897508635,Hybotidae_Tachydromia_umbrarum_1293121_3897508635,© All rights reserved
452450,1946491534,Hybotidae_Platypalpus_cursitans_777130_1946491534,© All rights reserved
452627,2836565736,Hybotidae_Hybos_culiciformis_217676_2836565736,http://creativecommons.org/licenses/by-nc-nd/4.0/
453505,1965203511,Hybotidae_Drapetis_ephippiata_2174259_1965203511,http://creativecommons.org/licenses/by-nc-nd/4.0/
455226,1975798995,Hybotidae_Tachypeza_nubila_121990_1975798995,http://creativecommons.org/licenses/by-nc/4.0/
456681,3722037834,Hybotidae_Hybos_culiciformis_2568826_3722037834,http://creativecommons.org/licenses/by-nc-nd/4.0/
457840,1965378668,Hybotidae_Drapetis_ephippiata_2865143_1965378668,http://creativecommons.org/licenses/by-nc-nd/4.0/
458345,1957022013,Hybotidae_Ocydromia_glabricula_785585_1957022013,http://creativecommons.org/licenses/by-nc-nd/4.0/
459224,1954096722,Hybotidae_Platypalpus_pallidiventris_2849036_1954096722,http://creativecommons.org/licenses/by-nc-nd/4.0/
459225,1954096722,Hybotidae_Platypalpus_pallidiventris_2849037_1954096722,http://creativecommons.org/licenses/by-nc-nd/4.0/
459226,1954096722,Hybotidae_Platypalpus_pallidiventris_2849038_1954096722,http://creativecommons.org/licenses/by-nc-nd/4.0/
459704,1965209298,Hybotidae_Drapetis_ephippiata_796692_1965209298,http://creativecommons.org/licenses/by-nc-nd/4.0/
460583,1965222809,Hybotidae_Drapetis_ephippiata_2864695_1965222809,http://creativecommons.org/licenses/by-nc-nd/4.0/
461683,1670113509,Hybotidae_Hybos_culiciformis_2121976_1670113509,© all rights reserved
461684,1670113509,Hybotidae_Hybos_culiciformis_2121977_1670113509,© all rights reserved
466215,1972843618,Hybotidae_Hybos_culiciformis_2186289_1972843618,http://creativecommons.org/licenses/by-nc/4.0/
467220,1965221640,Hybotidae_Drapetis_ephippiata_796784_1965221640,http://creativecommons.org/licenses/by-nc-nd/4.0/
468648,1951991823,Hybotidae_Hybos_culiciformis_87429_1951991823,http://creativecommons.org/licenses/by-nc-nd/4.0/
468649,1951991823,Hybotidae_Hybos_culiciformis_87430_1951991823,http://creativecommons.org/licenses/by-nc-nd/4.0/
469202,1959462614,Hybotidae_Hybos_culiciformis_99090_1959462614,http://creativecommons.org/licenses/by-nc-nd/4.0/
469203,3715556762,Hybotidae_Hybos_culiciformis_3234193_3715556762,http://creativecommons.org/licenses/by-nc-nd/4.0/
470624,1976695506,Hybotidae_Tachydromia_arrogans_1502876_1976695506,http://creativecommons.org/licenses/by-nc-nd/4.0/
470625,1976695506,Hybotidae_Tachydromia_arrogans_1502877_1976695506,http://creativecommons.org/licenses/by-nc-nd/4.0/
470626,1976695506,Hybotidae_Tachydromia_arrogans_1502878_1976695506,http://creativecommons.org/licenses/by-nc-nd/4.0/
470839,3906987381,Hybotidae_Hybos_culiciformis_632421_3906987381,http://creativecommons.org/licenses/by-nc-nd/4.0/
472643,1976682258,Hybotidae_Platypalpus_dessarti_1502850_1976682258,http://creativecommons.org/licenses/by-nc-nd/4.0/
472731,1953526686,Hybotidae_Tachypeza_nubila_90380_1953526686,http://creativecommons.org/licenses/by-nc-nd/4.0/
472732,1953526686,Hybotidae_Tachypeza_nubila_90381_1953526686,http://creativecommons.org/licenses/by-nc-nd/4.0/
478077,3456634515,Hybotidae_Drapetis_ephippiata_3221126_3456634515,http://creativecommons.org/licenses/by-nc/4.0/
482667,3772712849,Hybotidae_Hybos_culiciformis_3308668_3772712849,http://creativecommons.org/licenses/by-nc/4.0/
483568,1975646122,Hybotidae_Tachypeza_nubila_2880251_1975646122,http://creativecommons.org/licenses/by-nc-nd/4.0/
484487,1951791681,Hybotidae_Tachypeza_nubila_87260_1951791681,http://creativecommons.org/licenses/by-nc-nd/4.0/
484587,2844891933,Hybotidae_Hybos_culiciformis_2992286_2844891933,http://creativecommons.org/licenses/by-nc-nd/4.0/
486560,1965378645,Hybotidae_Drapetis_ephippiata_2865142_1965378645,http://creativecommons.org/licenses/by-nc-nd/4.0/
486765,1972476353,Hybotidae_Hybos_culiciformis_807925_1972476353,http://creativecommons.org/licenses/by-nc/4.0/
486766,1972476353,Hybotidae_Hybos_culiciformis_807926_1972476353,http://creativecommons.org/licenses/by-nc/4.0/
486767,1972476353,Hybotidae_Hybos_culiciformis_807927_1972476353,http://creativecommons.org/licenses/by-nc/4.0/
486768,1972476353,Hybotidae_Hybos_culiciformis_807928_1972476353,http://creativecommons.org/licenses/by-nc/4.0/
486883,1973626086,Hybotidae_Hybos_culiciformis_1498444_1973626086,http://creativecommons.org/licenses/by-nc/4.0/
487527,1973102940,Hybotidae_Hybos_culiciformis_118727_1973102940,http://creativecommons.org/licenses/by-nc-nd/4.0/
487528,1973102940,Hybotidae_Hybos_culiciformis_118728_1973102940,http://creativecommons.org/licenses/by-nc-nd/4.0/
488105,1968748639,Hybotidae_Hybos_culiciformis_111382_1968748639,http://creativecommons.org/licenses/by-nc/4.0/
488106,1968748639,Hybotidae_Hybos_culiciformis_111383_1968748639,http://creativecommons.org/licenses/by-nc/4.0/
488471,2834736353,Hybotidae_Hybos_culiciformis_906316_2834736353,http://creativecommons.org/licenses/by-nc-nd/4.0/
488494,1967761412,Hybotidae_Platypalpus_clypeatus_801304_1967761412,http://creativecommons.org/licenses/by-nc-nd/4.0/
488495,1967761412,Hybotidae_Platypalpus_clypeatus_801305_1967761412,http://creativecommons.org/licenses/by-nc-nd/4.0/
488496,1967761412,Hybotidae_Platypalpus_clypeatus_801306_1967761412,http://creativecommons.org/licenses/by-nc-nd/4.0/
488497,1967761412,Hybotidae_Platypalpus_clypeatus_801307_1967761412,http://creativecommons.org/licenses/by-nc-nd/4.0/
488498,1967761412,Hybotidae_Platypalpus_clypeatus_801308_1967761412,http://creativecommons.org/licenses/by-nc-nd/4.0/
488577,1967841155,Hybotidae_Platypalpus_cursitans_2869258_1967841155,http://creativecommons.org/licenses/by-nc-nd/4.0/
488578,1967841155,Hybotidae_Platypalpus_cursitans_2869259_1967841155,http://creativecommons.org/licenses/by-nc-nd/4.0/
488579,1967841155,Hybotidae_Platypalpus_cursitans_2869260_1967841155,http://creativecommons.org/licenses/by-nc-nd/4.0/
488708,1969765502,Hybotidae_Hybos_femoratus_2872091_1969765502,http://creativecommons.org/licenses/by-nc-nd/4.0/
488709,1969765502,Hybotidae_Hybos_femoratus_2872092_1969765502,http://creativecommons.org/licenses/by-nc-nd/4.0/
490216,3995827385,Hybotidae_Hybos_culiciformis_667954_3995827385,http://creativecommons.org/licenses/by-nc-nd/4.0/
490217,3995827385,Hybotidae_Hybos_culiciformis_667955_3995827385,http://creativecommons.org/licenses/by-nc-nd/4.0/
490568,2838186364,Hybotidae_Hybos_culiciformis_221372_2838186364,http://creativecommons.org/licenses/by-nc/4.0/
494283,1952609730,Hybotidae_Hybos_culiciformis_2846727_1952609730,http://creativecommons.org/publicdomain/zero/1.0/
496153,3715642680,Hybotidae_Tachypeza_nubila_3234269_3715642680,http://creativecommons.org/licenses/by-nc-nd/4.0/
496504,3907457681,Hybotidae_Hybos_culiciformis_1323402_3907457681,http://creativecommons.org/licenses/by/4.0/
496505,3907457681,Hybotidae_Hybos_culiciformis_1323403_3907457681,http://creativecommons.org/licenses/by/4.0/
496558,1973104310,Hybotidae_Hybos_culiciformis_2187078_1973104310,http://creativecommons.org/licenses/by-nc/4.0/
497352,2837975399,Hybotidae_Hybos_femoratus_2289068_2837975399,http://creativecommons.org/licenses/by-nc-nd/4.0/
497353,2837975399,Hybotidae_Hybos_femoratus_2289069_2837975399,http://creativecommons.org/licenses/by-nc-nd/4.0/
498033,4021245608,Hybotidae_Stilpon_graminum_682314_4021245608,© all rights reserved
498034,4021245608,Hybotidae_Stilpon_graminum_682315_4021245608,© all rights reserved
498100,1460499245,Hybotidae_Tachypeza_nubila_49269_1460499245,© all rights reserved
498592,2313691864,Hybotidae_Hybos_grossipes_2216391_2313691864,© All rights reserved
498711,3979067307,Hybotidae_Leptopeza_flavipes_3416058_3979067307,© All rights reserved
498721,2410420186,Hybotidae_Tachypeza_nubila_2222364_2410420186,http://creativecommons.org/licenses/by-nc-sa/4.0/
499049,3893133587,Hybotidae_Hybos_grossipes_603925_3893133587,© All rights reserved
499050,3893133587,Hybotidae_Hybos_grossipes_603926_3893133587,© All rights reserved
499999,1055161631,Hybotidae_Tachypeza_nubila_4389_1055161631,© all rights reserved
500087,3050303766,Hybotidae_Bicellaria_nigra_2339011_3050303766,© all rights reserved
500300,1460167322,Hybotidae_Tachydromia_umbrarum_2117730_1460167322,© all rights reserved
500307,1670585798,Hybotidae_Platypalpus_verralli_744386_1670585798,© all rights reserved
500451,2808108805,Hybotidae_Tachydromia_umbrarum_202643_2808108805,© all rights reserved
500452,2808108805,Hybotidae_Tachydromia_umbrarum_202644_2808108805,© all rights reserved
500453,2808108805,Hybotidae_Tachydromia_umbrarum_202645_2808108805,© all rights reserved
500634,1460072002,Hybotidae_Hybos_grossipes_2117616_1460072002,© all rights reserved
500854,1431475287,Hybotidae_Tachypeza_nubila_1424062_1431475287,© all rights reserved
500855,1431475287,Hybotidae_Tachypeza_nubila_1424063_1431475287,© all rights reserved
501215,3430394744,Hybotidae_Drapetis_ephippiata_1715256_3430394744,© all rights reserved
501216,3430394744,Hybotidae_Drapetis_ephippiata_1715257_3430394744,© all rights reserved
501351,932412606,Hybotidae_Oedalea_stigmatella_3447292_932412606,© all rights reserved
501352,932412606,Hybotidae_Oedalea_stigmatella_3447293_932412606,© all rights reserved
501376,3050429523,Hybotidae_Hybos_culiciformis_2339026_3050429523,© all rights reserved
501658,1460004482,Hybotidae_Tachypeza_nubila_48303_1460004482,© all rights reserved
501862,1432499455,Hybotidae_Hybos_grossipes_735848_1432499455,© all rights reserved
501880,2247359178,Hybotidae_Tachypeza_nubila_1516441_2247359178,© all rights reserved
505030,2285736077,Hybotidae_Drapetis_ephippiata_2214680_2285736077,© all rights reserved
505031,2285736077,Hybotidae_Drapetis_ephippiata_2214681_2285736077,© all rights reserved
505032,2285736077,Hybotidae_Drapetis_ephippiata_2214682_2285736077,© all rights reserved
505043,1670006597,Hybotidae_Tachydromia_umbrarum_744037_1670006597,© all rights reserved
505044,1670006597,Hybotidae_Tachydromia_umbrarum_744038_1670006597,© all rights reserved
505065,1884576624,Hybotidae_Oedalea_hybotina_2840372_1884576624,© all rights reserved
505066,1884576624,Hybotidae_Oedalea_hybotina_2840373_1884576624,© all rights reserved
505067,1884576624,Hybotidae_Oedalea_hybotina_2840374_1884576624,© all rights reserved
505427,932133360,Hybotidae_Tachypeza_nubila_1378254_932133360,© all rights reserved
505689,1460160181,Hybotidae_Hybos_grossipes_2807224_1460160181,© all rights reserved
505690,1460160181,Hybotidae_Hybos_grossipes_2807225_1460160181,© all rights reserved
505691,1460160181,Hybotidae_Hybos_grossipes_2807226_1460160181,© all rights reserved
505736,2572517503,Hybotidae_Platypalpus_pectoralis_1560455_2572517503,© all rights reserved
505737,2572517503,Hybotidae_Platypalpus_pectoralis_1560456_2572517503,© all rights reserved
505883,3993411713,Hybotidae_Hybos_culiciformis_663131_3993411713,© all rights reserved
505884,3993411713,Hybotidae_Hybos_culiciformis_663132_3993411713,© all rights reserved
506330,1062255129,Hybotidae_Platypalpus_verralli_2074285_1062255129,© all rights reserved
506331,1062255129,Hybotidae_Platypalpus_verralli_2074286_1062255129,© all rights reserved
506470,1670510997,Hybotidae_Hybos_culiciformis_53250_1670510997,© all rights reserved
506677,1801793564,Hybotidae_Platypalpus_cursitans_2813145_1801793564,© all rights reserved
506678,1801793564,Hybotidae_Platypalpus_cursitans_2813146_1801793564,© all rights reserved
506679,1801793564,Hybotidae_Platypalpus_cursitans_2813147_1801793564,© all rights reserved
506680,1801793564,Hybotidae_Platypalpus_cursitans_2813148_1801793564,© all rights reserved
506702,1431533569,Hybotidae_Platypalpus_cursitans_44167_1431533569,© all rights reserved
506703,1431533569,Hybotidae_Platypalpus_cursitans_44168_1431533569,© all rights reserved
506888,3768040482,Hybotidae_Hybos_culiciformis_3307600_3768040482,© all rights reserved
506889,3768040482,Hybotidae_Hybos_culiciformis_3307601_3768040482,© all rights reserved
506969,1123596340,Hybotidae_Platypalpus_exilis_698178_1123596340,© all rights reserved
506972,2866366643,Hybotidae_Hybos_culiciformis_1624067_2866366643,© all rights reserved
506973,2866366643,Hybotidae_Hybos_culiciformis_1624068_2866366643,© all rights reserved
506974,2866366643,Hybotidae_Hybos_culiciformis_1624069_2866366643,© all rights reserved
507381,1433177192,Hybotidae_Tachypeza_nubila_2114314_1433177192,© all rights reserved
507682,1477944358,Hybotidae_Platypalpus_maculipes_2118868_1477944358,© all rights reserved
507683,1477944358,Hybotidae_Platypalpus_maculipes_2118869_1477944358,© all rights reserved
507692,1460576426,Hybotidae_Platypalpus_major_1429261_1460576426,© all rights reserved
507693,1460576426,Hybotidae_Platypalpus_major_1429262_1460576426,© all rights reserved
508162,1460367965,Hybotidae_Oedalea_stigmatella_2118173_1460367965,© all rights reserved
508484,3432233694,Hybotidae_Tachydromia_morio_1716127_3432233694,© all rights reserved
508485,3432233694,Hybotidae_Tachydromia_morio_1716128_3432233694,© all rights reserved
511997,2993879701,Hybotidae_Platypalpus_pectoralis_259168_2993879701,© all rights reserved
511998,2993879701,Hybotidae_Platypalpus_pectoralis_259169_2993879701,© all rights reserved
511999,2993879701,Hybotidae_Platypalpus_pectoralis_259170_2993879701,© all rights reserved
512000,2993879701,Hybotidae_Platypalpus_pectoralis_259171_2993879701,© all rights reserved
512017,2272187816,Hybotidae_Tachydromia_umbrarum_1523697_2272187816,© all rights reserved
512018,2272187816,Hybotidae_Tachydromia_umbrarum_1523698_2272187816,© all rights reserved
514455,3947527184,Hybotidae_Hybos_culiciformis_651339_3947527184,http://creativecommons.org/licenses/by-nc/4.0/
514456,3947527184,Hybotidae_Hybos_culiciformis_651340_3947527184,http://creativecommons.org/licenses/by-nc/4.0/
527989,2837631711,Hybotidae_Hybos_culiciformis_220184_2837631711,http://creativecommons.org/licenses/by-nc-nd/4.0/
528029,1956951833,Hybotidae_Platypalpus_minutus_785515_1956951833,http://creativecommons.org/licenses/by-nc-nd/4.0/
528030,1956951833,Hybotidae_Platypalpus_minutus_785516_1956951833,http://creativecommons.org/licenses/by-nc-nd/4.0/
528455,2836184766,Hybotidae_Hybos_culiciformis_217212_2836184766,http://creativecommons.org/licenses/by-nc-nd/4.0/
529143,2842236116,Hybotidae_Hybos_culiciformis_918013_2842236116,http://creativecommons.org/licenses/by-nc-nd/4.0/
529417,1971626977,Hybotidae_Platypalpus_pallidiventris_2874872_1971626977,http://creativecommons.org/licenses/by-nc-nd/4.0/
529717,1953507395,Hybotidae_Tachypeza_nubila_780958_1953507395,http://creativecommons.org/licenses/by-nc-nd/4.0/
529718,1953507395,Hybotidae_Tachypeza_nubila_780959_1953507395,http://creativecommons.org/licenses/by-nc-nd/4.0/
529719,1953507395,Hybotidae_Tachypeza_nubila_780960_1953507395,http://creativecommons.org/licenses/by-nc-nd/4.0/
530271,1954097443,Hybotidae_Tachydromia_smithi_90832_1954097443,http://creativecommons.org/licenses/by-nc-nd/4.0/
530272,1954097443,Hybotidae_Tachydromia_smithi_90833_1954097443,http://creativecommons.org/licenses/by-nc-nd/4.0/
539118,3915414935,Hybotidae_Tachypeza_nubila_3397241_3915414935,http://creativecommons.org/licenses/by-nc/4.0/
539119,3915414935,Hybotidae_Tachypeza_nubila_3397242_3915414935,http://creativecommons.org/licenses/by-nc/4.0/
539120,3915414935,Hybotidae_Tachypeza_nubila_3397243_3915414935,http://creativecommons.org/licenses/by-nc/4.0/
560505,3407965608,Hybotidae_Hybos_culiciformis_3089241_3407965608,http://creativecommons.org/licenses/by-nc/4.0/
560506,3407965608,Hybotidae_Hybos_culiciformis_3089242_3407965608,http://creativecommons.org/licenses/by-nc/4.0/
592091,2856764825,Hybotidae_Hybos_femoratus_2999978_2856764825,http://creativecommons.org/licenses/by/4.0/
592092,2856764825,Hybotidae_Hybos_femoratus_2999979_2856764825,http://creativecommons.org/licenses/by/4.0/
592093,2856764825,Hybotidae_Hybos_femoratus_2999980_2856764825,http://creativecommons.org/licenses/by/4.0/
592094,2856764825,Hybotidae_Hybos_femoratus_2999981_2856764825,http://creativecommons.org/licenses/by/4.0/
592198,3455427719,Hybotidae_Drapetis_ephippiata_3215645_3455427719,http://creativecommons.org/licenses/by-nc/4.0/
592199,3455427719,Hybotidae_Drapetis_ephippiata_3215646_3455427719,http://creativecommons.org/licenses/by-nc/4.0/
592200,3455427719,Hybotidae_Drapetis_ephippiata_3215647_3455427719,http://creativecommons.org/licenses/by-nc/4.0/
592201,3455427719,Hybotidae_Drapetis_ephippiata_3215648_3455427719,http://creativecommons.org/licenses/by-nc/4.0/
592202,3455427719,Hybotidae_Drapetis_ephippiata_3215649_3455427719,http://creativecommons.org/licenses/by-nc/4.0/
592203,3455427719,Hybotidae_Drapetis_ephippiata_3215650_3455427719,http://creativecommons.org/licenses/by-nc/4.0/
592204,3455427719,Hybotidae_Drapetis_ephippiata_3215651_3455427719,http://creativecommons.org/licenses/by-nc/4.0/
592205,3455427719,Hybotidae_Drapetis_ephippiata_3215652_3455427719,http://creativecommons.org/licenses/by-nc/4.0/
597227,3902146547,Hybotidae_Hybos_grossipes_2673134_3902146547,http://creativecommons.org/licenses/by-nc/4.0/
597228,3902146547,Hybotidae_Hybos_grossipes_2673135_3902146547,http://creativecommons.org/licenses/by-nc/4.0/
608290,3455443659,Hybotidae_Hybos_culiciformis_457286_3455443659,http://creativecommons.org/licenses/by-nc/4.0/
608291,3455443659,Hybotidae_Hybos_culiciformis_457287_3455443659,http://creativecommons.org/licenses/by-nc/4.0/
608292,3455443659,Hybotidae_Hybos_culiciformis_457288_3455443659,http://creativecommons.org/licenses/by-nc/4.0/
608293,3455443659,Hybotidae_Hybos_culiciformis_457289_3455443659,http://creativecommons.org/licenses/by-nc/4.0/
608294,3455443659,Hybotidae_Hybos_culiciformis_457290_3455443659,http://creativecommons.org/licenses/by-nc/4.0/
608295,3455443659,Hybotidae_Hybos_culiciformis_457291_3455443659,http://creativecommons.org/licenses/by-nc/4.0/
608296,3455443659,Hybotidae_Hybos_culiciformis_457292_3455443659,http://creativecommons.org/licenses/by-nc/4.0/
608297,3455443659,Hybotidae_Hybos_culiciformis_457293_3455443659,http://creativecommons.org/licenses/by-nc/4.0/
608298,3455443659,Hybotidae_Hybos_culiciformis_457294_3455443659,http://creativecommons.org/licenses/by-nc/4.0/
608299,3455443659,Hybotidae_Hybos_culiciformis_457295_3455443659,http://creativecommons.org/licenses/by-nc/4.0/
608300,3455443659,Hybotidae_Hybos_culiciformis_457296_3455443659,http://creativecommons.org/licenses/by-nc/4.0/
608301,3455443659,Hybotidae_Hybos_culiciformis_457297_3455443659,http://creativecommons.org/licenses/by-nc/4.0/
608302,3455443659,Hybotidae_Hybos_culiciformis_457298_3455443659,http://creativecommons.org/licenses/by-nc/4.0/
608303,3455443659,Hybotidae_Hybos_culiciformis_457299_3455443659,http://creativecommons.org/licenses/by-nc/4.0/
608304,3455443659,Hybotidae_Hybos_culiciformis_457300_3455443659,http://creativecommons.org/licenses/by-nc/4.0/
608305,3455443659,Hybotidae_Hybos_culiciformis_457301_3455443659,http://creativecommons.org/licenses/by-nc/4.0/
608306,3455443659,Hybotidae_Hybos_culiciformis_457302_3455443659,http://creativecommons.org/licenses/by-nc/4.0/
608307,3455443659,Hybotidae_Hybos_culiciformis_457303_3455443659,http://creativecommons.org/licenses/by-nc/4.0/
608308,3455443659,Hybotidae_Hybos_culiciformis_457304_3455443659,http://creativecommons.org/licenses/by-nc/4.0/
608309,3455443659,Hybotidae_Hybos_culiciformis_457305_3455443659,http://creativecommons.org/licenses/by-nc/4.0/
609240,3117917342,Hybotidae_Platypalpus_annulipes_976785_3117917342,http://creativecommons.org/licenses/by-nc/4.0/
624074,2882944311,Hybotidae_Tachydromia_arrogans_1626748_2882944311,http://creativecommons.org/licenses/by-nc/4.0/
624075,2882944311,Hybotidae_Tachydromia_arrogans_1626749_2882944311,http://creativecommons.org/licenses/by-nc/4.0/
624391,3333287055,Hybotidae_Hybos_grossipes_2373358_3333287055,http://creativecommons.org/licenses/by-nc/4.0/
624392,3333287055,Hybotidae_Hybos_grossipes_2373359_3333287055,http://creativecommons.org/licenses/by-nc/4.0/
624393,3333287055,Hybotidae_Hybos_grossipes_2373360_3333287055,http://creativecommons.org/licenses/by-nc/4.0/
624394,3333287055,Hybotidae_Hybos_grossipes_2373361_3333287055,http://creativecommons.org/licenses/by-nc/4.0/
624395,3333287055,Hybotidae_Hybos_grossipes_2373362_3333287055,http://creativecommons.org/licenses/by-nc/4.0/
626042,4018260811,Hybotidae_Hybos_culiciformis_3439208_4018260811,http://creativecommons.org/licenses/by/4.0/
627567,2611219751,Hybotidae_Platypalpus_major_188071_2611219751,http://creativecommons.org/licenses/by-nc/4.0/
627816,4009793950,Hybotidae_Hybos_culiciformis_676331_4009793950,http://creativecommons.org/licenses/by-nc/4.0/
627817,4009793950,Hybotidae_Hybos_culiciformis_676332_4009793950,http://creativecommons.org/licenses/by-nc/4.0/
628885,3415395484,Hybotidae_Tachypeza_nubila_3090773_3415395484,http://creativecommons.org/licenses/by/4.0/
628886,3415395484,Hybotidae_Tachypeza_nubila_3090774_3415395484,http://creativecommons.org/licenses/by/4.0/
633852,2402763992,Hybotidae_Platypalpus_candicans_1531505_2402763992,© All rights reserved
633853,2402763992,Hybotidae_Platypalpus_candicans_1531506_2402763992,© All rights reserved
633863,2400704821,Hybotidae_Hybos_grossipes_2910668_2400704821,© All rights reserved
633999,3864215331,Hybotidae_Platypalpus_minutus_587607_3864215331,© All rights reserved
634024,3335744350,Hybotidae_Hybos_culiciformis_2376588_3335744350,© All rights reserved
634034,3960532772,Hybotidae_Platypalpus_candicans_2720393_3960532772,© All rights reserved
634147,2405762425,Hybotidae_Ocydromia_glabricula_1532251_2405762425,© All rights reserved
634148,2405762425,Hybotidae_Ocydromia_glabricula_1532252_2405762425,© All rights reserved
634441,3924211551,Hybotidae_Tachydromia_umbrarum_3404815_3924211551,© All rights reserved
634505,2252342756,Hybotidae_Platypalpus_major_2902257_2252342756,© All rights reserved
634512,3862050367,Hybotidae_Hybos_culiciformis_1965685_3862050367,© All rights reserved
634513,3862050367,Hybotidae_Hybos_culiciformis_1965686_3862050367,© All rights reserved
638239,3807760317,Hybotidae_Platypalpus_verralli_3316303_3807760317,© All rights reserved
638240,3807760317,Hybotidae_Platypalpus_verralli_3316304_3807760317,© All rights reserved
638410,3414568454,Hybotidae_Hybos_grossipes_1710990_3414568454,http://creativecommons.org/licenses/by/4.0/
638582,3432733121,Hybotidae_Tachydromia_connexa_1716404_3432733121,© all rights reserved
638583,3432733121,Hybotidae_Tachydromia_connexa_1716405_3432733121,© all rights reserved
638633,2809106883,Hybotidae_Tachypeza_nubila_203159_2809106883,© all rights reserved
639104,1976930735,Hybotidae_Platypalpus_exilis_2192674_1976930735,http://creativecommons.org/licenses/by-nc-nd/4.0/
639105,1976930735,Hybotidae_Platypalpus_exilis_2192675_1976930735,http://creativecommons.org/licenses/by-nc-nd/4.0/
639496,1953338924,Hybotidae_Tachypeza_nubila_780651_1953338924,http://creativecommons.org/licenses/by-nc-nd/4.0/
639497,1953338924,Hybotidae_Tachypeza_nubila_780652_1953338924,http://creativecommons.org/licenses/by-nc-nd/4.0/
641224,1967820274,Hybotidae_Platypalpus_longicornis_2178933_1967820274,http://creativecommons.org/licenses/by-nc-nd/4.0/
641225,1967820274,Hybotidae_Platypalpus_longicornis_2178934_1967820274,http://creativecommons.org/licenses/by-nc-nd/4.0/
641226,1967820274,Hybotidae_Platypalpus_longicornis_2178935_1967820274,http://creativecommons.org/licenses/by-nc-nd/4.0/
642835,2401862020,Hybotidae_Tachydromia_arrogans_842664_2401862020,http://creativecommons.org/licenses/by-nc-sa/4.0/
642909,3897485353,Hybotidae_Hybos_femoratus_1982404_3897485353,© All rights reserved
643101,3414597382,Hybotidae_Trichina_flavipes_3090477_3414597382,© All rights reserved
643102,3414597382,Hybotidae_Trichina_flavipes_3090478_3414597382,© All rights reserved
643103,3414597382,Hybotidae_Trichina_flavipes_3090479_3414597382,© All rights reserved
643207,3862090437,Hybotidae_Hybos_grossipes_3346106_3862090437,© All rights reserved
643208,3862090437,Hybotidae_Hybos_grossipes_3346107_3862090437,© All rights reserved
643209,3862090437,Hybotidae_Hybos_grossipes_3346108_3862090437,© All rights reserved
643342,3803931410,Hybotidae_Platypalpus_cursitans_1936231_3803931410,© All rights reserved
643343,3803931410,Hybotidae_Platypalpus_cursitans_1936232_3803931410,© All rights reserved
643344,3803931410,Hybotidae_Platypalpus_cursitans_1936233_3803931410,© All rights reserved
643423,3396815407,Hybotidae_Bicellaria_intermedia_1016896_3396815407,© All rights reserved
643518,3431342236,Hybotidae_Ocydromia_glabricula_1715722_3431342236,© all rights reserved
643519,3431342236,Hybotidae_Ocydromia_glabricula_1715723_3431342236,© all rights reserved
643520,3431342236,Hybotidae_Ocydromia_glabricula_1715724_3431342236,© all rights reserved
643676,2273525521,Hybotidae_Platypalpus_cursitans_1524576_2273525521,© All rights reserved
643677,2273525521,Hybotidae_Platypalpus_cursitans_1524577_2273525521,© All rights reserved
644112,2401727999,Hybotidae_Platypalpus_major_842623_2401727999,© All rights reserved
644113,2401727999,Hybotidae_Platypalpus_major_842624_2401727999,© All rights reserved
644114,2401727999,Hybotidae_Platypalpus_major_842625_2401727999,© All rights reserved
647423,1946454312,Hybotidae_Platypalpus_nigritarsis_2844866_1946454312,© All rights reserved
647522,3990829390,Hybotidae_Platypalpus_maculipes_3420352_3990829390,© All rights reserved
647564,2408735953,Hybotidae_Tachypeza_nubila_2221945_2408735953,© All rights reserved
647575,2409470602,Hybotidae_Hybos_grossipes_844341_2409470602,http://creativecommons.org/licenses/by-nc-sa/4.0/
647576,2409470602,Hybotidae_Hybos_grossipes_844342_2409470602,http://creativecommons.org/licenses/by-nc-sa/4.0/
647673,3966091495,Hybotidae_Platypalpus_maculipes_2034537_3966091495,© All rights reserved
647674,3966091495,Hybotidae_Platypalpus_maculipes_2034538_3966091495,© All rights reserved
647769,3344994420,Hybotidae_Platypalpus_nigritarsis_1692668_3344994420,© All rights reserved
647770,3344994420,Hybotidae_Platypalpus_nigritarsis_1692669_3344994420,© All rights reserved
647771,3344994420,Hybotidae_Platypalpus_nigritarsis_1692670_3344994420,© All rights reserved
647772,3344994420,Hybotidae_Platypalpus_nigritarsis_1692671_3344994420,© All rights reserved
647940,2404685196,Hybotidae_Hybos_grossipes_2220982_2404685196,© All rights reserved
647975,2398732849,Hybotidae_Hybos_grossipes_2219583_2398732849,http://creativecommons.org/licenses/by-sa/4.0/
647976,2398732849,Hybotidae_Hybos_grossipes_2219584_2398732849,http://creativecommons.org/licenses/by-sa/4.0/
647977,2398732849,Hybotidae_Hybos_grossipes_2219585_2398732849,http://creativecommons.org/licenses/by-sa/4.0/
648189,2409179085,Hybotidae_Hybos_grossipes_1533119_2409179085,http://creativecommons.org/licenses/by-nc-sa/4.0/
648312,1949296680,Hybotidae_Symballophthalmus_dissimilis_777264_1949296680,© All rights reserved
648313,1949296680,Hybotidae_Symballophthalmus_dissimilis_777265_1949296680,© All rights reserved
648548,2403362774,Hybotidae_Bicellaria_nigra_843010_2403362774,© All rights reserved
648549,2403362774,Hybotidae_Bicellaria_nigra_843011_2403362774,© All rights reserved
648550,2403362774,Hybotidae_Bicellaria_nigra_843012_2403362774,© All rights reserved
648553,3864359379,Hybotidae_Hybos_grossipes_1276805_3864359379,© All rights reserved
648671,3927096606,Hybotidae_Tachydromia_umbrarum_1337449_3927096606,© All rights reserved
648672,3927096606,Hybotidae_Tachydromia_umbrarum_1337450_3927096606,© All rights reserved
648673,3927096606,Hybotidae_Tachydromia_umbrarum_1337451_3927096606,© All rights reserved
653874,1949305919,Hybotidae_Platypalpus_minutus_2845038_1949305919,© All rights reserved
657150,3458609508,Hybotidae_Chersodromia_alata_1844278_3458609508,http://creativecommons.org/licenses/by/4.0/
657151,3458609508,Hybotidae_Chersodromia_alata_1844279_3458609508,http://creativecommons.org/licenses/by/4.0/
657152,3458609508,Hybotidae_Chersodromia_alata_1844280_3458609508,http://creativecommons.org/licenses/by/4.0/
657199,3458614422,Hybotidae_Platypalpus_lyneborgi_2533293_3458614422,http://creativecommons.org/licenses/by/4.0/
657200,3458614422,Hybotidae_Platypalpus_lyneborgi_2533294_3458614422,http://creativecommons.org/licenses/by/4.0/
657201,3458614422,Hybotidae_Platypalpus_lyneborgi_2533295_3458614422,http://creativecommons.org/licenses/by/4.0/
657223,3458621036,Hybotidae_Platypalpus_riojaensis_1844361_3458621036,http://creativecommons.org/licenses/by/4.0/
657224,3458621036,Hybotidae_Platypalpus_riojaensis_1844362_3458621036,http://creativecommons.org/licenses/by/4.0/
657225,3458621036,Hybotidae_Platypalpus_riojaensis_1844363_3458621036,http://creativecommons.org/licenses/by/4.0/
657296,3458636507,Hybotidae_Chersodromia_nigrosetosa_1154758_3458636507,http://creativecommons.org/licenses/by/4.0/
657297,3458636507,Hybotidae_Chersodromia_nigrosetosa_1154759_3458636507,http://creativecommons.org/licenses/by/4.0/
657298,3458636507,Hybotidae_Chersodromia_nigrosetosa_1154760_3458636507,http://creativecommons.org/licenses/by/4.0/
657372,3458651857,Hybotidae_Platypalpus_falleni_1154863_3458651857,http://creativecommons.org/licenses/by/4.0/
657373,3458651857,Hybotidae_Platypalpus_falleni_1154864_3458651857,http://creativecommons.org/licenses/by/4.0/
657374,3458651857,Hybotidae_Platypalpus_falleni_1154865_3458651857,http://creativecommons.org/licenses/by/4.0/
657375,3458652080,Hybotidae_Platypalpus_bicoloratus_464995_3458652080,http://creativecommons.org/licenses/by/4.0/
657376,3458652080,Hybotidae_Platypalpus_bicoloratus_464996_3458652080,http://creativecommons.org/licenses/by/4.0/
657377,3458652080,Hybotidae_Platypalpus_bicoloratus_464997_3458652080,http://creativecommons.org/licenses/by/4.0/
657406,3458657046,Hybotidae_Bicellaria_pilosa_1844616_3458657046,http://creativecommons.org/licenses/by/4.0/
657407,3458657046,Hybotidae_Bicellaria_pilosa_1844617_3458657046,http://creativecommons.org/licenses/by/4.0/
657408,3458657046,Hybotidae_Bicellaria_pilosa_1844618_3458657046,http://creativecommons.org/licenses/by/4.0/
657436,3458662228,Hybotidae_Bicellaria_austriaca_465053_3458662228,http://creativecommons.org/licenses/by/4.0/
657437,3458662228,Hybotidae_Bicellaria_austriaca_465054_3458662228,http://creativecommons.org/licenses/by/4.0/
657438,3458662228,Hybotidae_Bicellaria_austriaca_465055_3458662228,http://creativecommons.org/licenses/by/4.0/
657463,3458667370,Hybotidae_Platypalpus_spinicercus_2533576_3458667370,http://creativecommons.org/licenses/by/4.0/
657464,3458667370,Hybotidae_Platypalpus_spinicercus_2533577_3458667370,http://creativecommons.org/licenses/by/4.0/
657465,3458667370,Hybotidae_Platypalpus_spinicercus_2533578_3458667370,http://creativecommons.org/licenses/by/4.0/
657506,3458677824,Hybotidae_Platypalpus_niveocapillatus_2533651_3458677824,http://creativecommons.org/licenses/by/4.0/
657507,3458677824,Hybotidae_Platypalpus_niveocapillatus_2533652_3458677824,http://creativecommons.org/licenses/by/4.0/
657508,3458677824,Hybotidae_Platypalpus_niveocapillatus_2533653_3458677824,http://creativecommons.org/licenses/by/4.0/
657516,3458679570,Hybotidae_Drapetis_incompleta_2533655_3458679570,http://creativecommons.org/licenses/by/4.0/
657517,3458679570,Hybotidae_Drapetis_incompleta_2533656_3458679570,http://creativecommons.org/licenses/by/4.0/
657518,3458679570,Hybotidae_Drapetis_incompleta_2533657_3458679570,http://creativecommons.org/licenses/by/4.0/
657559,3458686803,Hybotidae_Tachypeza_hispanica_465235_3458686803,http://creativecommons.org/licenses/by/4.0/
657560,3458686803,Hybotidae_Tachypeza_hispanica_465236_3458686803,http://creativecommons.org/licenses/by/4.0/
657561,3458686803,Hybotidae_Tachypeza_hispanica_465237_3458686803,http://creativecommons.org/licenses/by/4.0/
657576,3458689657,Hybotidae_Platypalpus_luteicornis_465260_3458689657,http://creativecommons.org/licenses/by/4.0/
657577,3458689657,Hybotidae_Platypalpus_luteicornis_465261_3458689657,http://creativecommons.org/licenses/by/4.0/
657578,3458689657,Hybotidae_Platypalpus_luteicornis_465262_3458689657,http://creativecommons.org/licenses/by/4.0/
659349,3314339486,Hybotidae_Hybos_grossipes_2362865_3314339486,http://creativecommons.org/licenses/by-nc/4.0/
659859,1965203541,Hybotidae_Drapetis_ephippiata_796599_1965203541,http://creativecommons.org/licenses/by-nc-nd/4.0/
660725,1973114550,Hybotidae_Hybos_culiciformis_118750_1973114550,http://creativecommons.org/licenses/by-nc/4.0/
660940,1965222401,Hybotidae_Drapetis_ephippiata_1485327_1965222401,http://creativecommons.org/licenses/by-nc-nd/4.0/
662542,2838208271,Hybotidae_Tachypeza_nubila_1600436_2838208271,http://creativecommons.org/licenses/by-nc/4.0/
662543,2838208271,Hybotidae_Tachypeza_nubila_1600437_2838208271,http://creativecommons.org/licenses/by-nc/4.0/
662698,1959525673,Hybotidae_Platypalpus_australominutus_99237_1959525673,http://creativecommons.org/licenses/by-nc-nd/4.0/
663027,1952530353,Hybotidae_Hybos_culiciformis_2156588_1952530353,http://creativecommons.org/licenses/by-nc-nd/4.0/
663190,1976497262,Hybotidae_Hybos_culiciformis_814020_1976497262,http://creativecommons.org/licenses/by-nc-nd/4.0/
664239,2856728779,Hybotidae_Hybos_culiciformis_1619722_2856728779,http://creativecommons.org/licenses/by-nc/4.0/
664240,2856728779,Hybotidae_Hybos_culiciformis_1619723_2856728779,http://creativecommons.org/licenses/by-nc/4.0/
664386,3903301482,Hybotidae_Hybos_culiciformis_1990225_3903301482,http://creativecommons.org/licenses/by-nc/4.0/
666084,1954096920,Hybotidae_Platypalpus_minutus_2849039_1954096920,http://creativecommons.org/licenses/by-nc-nd/4.0/
666085,1954096920,Hybotidae_Platypalpus_minutus_2849040_1954096920,http://creativecommons.org/licenses/by-nc-nd/4.0/
666086,1954096920,Hybotidae_Platypalpus_minutus_2849041_1954096920,http://creativecommons.org/licenses/by-nc-nd/4.0/
667405,1973621264,Hybotidae_Hybos_grossipes_119436_1973621264,http://creativecommons.org/licenses/by-nc-nd/4.0/
668599,1965222578,Hybotidae_Drapetis_ephippiata_1485332_1965222578,http://creativecommons.org/licenses/by-nc-nd/4.0/
668612,1955433354,Hybotidae_Leptopeza_flavipes_2161209_1955433354,http://creativecommons.org/licenses/by-nc-nd/4.0/
668613,1955433354,Hybotidae_Leptopeza_flavipes_2161210_1955433354,http://creativecommons.org/licenses/by-nc-nd/4.0/
670221,1959029884,Hybotidae_Tachypeza_nubila_2166837_1959029884,http://creativecommons.org/publicdomain/zero/1.0/
672267,1967840964,Hybotidae_Platypalpus_cothurnatus_801351_1967840964,http://creativecommons.org/licenses/by-nc-nd/4.0/
672268,1967840964,Hybotidae_Platypalpus_cothurnatus_801352_1967840964,http://creativecommons.org/licenses/by-nc-nd/4.0/
673581,1965217880,Hybotidae_Drapetis_ephippiata_1485269_1965217880,http://creativecommons.org/licenses/by-nc-nd/4.0/
673942,1957182770,Hybotidae_Hybos_femoratus_2163656_1957182770,http://creativecommons.org/licenses/by-nc-nd/4.0/
674460,2247356641,Hybotidae_Platypalpus_cursitans_2895749_2247356641,© all rights reserved
674519,3857910481,Hybotidae_Hybos_culiciformis_1261842_3857910481,© all rights reserved
674527,1459090979,Hybotidae_Hybos_grossipes_2805565_1459090979,© all rights reserved
674598,3857778509,Hybotidae_Hybos_culiciformis_3331237_3857778509,© all rights reserved
675329,1972883759,Hybotidae_Hybos_culiciformis_2186414_1972883759,http://creativecommons.org/licenses/by-nc/4.0/
676897,1460452058,Hybotidae_Tachypeza_nubila_740356_1460452058,© all rights reserved
676935,3431557399,Hybotidae_Tachypeza_nubila_337146_3431557399,© all rights reserved
676936,3431557399,Hybotidae_Tachypeza_nubila_337147_3431557399,© all rights reserved
677999,3049925712,Hybotidae_Hybos_culiciformis_3029088_3049925712,© all rights reserved
678000,3049925712,Hybotidae_Hybos_culiciformis_3029089_3049925712,© all rights reserved
678576,932116733,Hybotidae_Tachydromia_umbrarum_1378242_932116733,© all rights reserved
678622,1123507405,Hybotidae_Leptopeza_flavipes_6910_1123507405,© all rights reserved
678623,1123507405,Hybotidae_Leptopeza_flavipes_6911_1123507405,© all rights reserved
679103,1056449844,Hybotidae_Platypalpus_montenegrensis_2073863_1056449844,http://creativecommons.org/licenses/by/4.0/
679104,1056449844,Hybotidae_Platypalpus_montenegrensis_2073864_1056449844,http://creativecommons.org/licenses/by/4.0/
679105,1056449844,Hybotidae_Platypalpus_montenegrensis_2073865_1056449844,http://creativecommons.org/licenses/by/4.0/
679106,1056449844,Hybotidae_Platypalpus_montenegrensis_2073866_1056449844,http://creativecommons.org/licenses/by/4.0/
679107,1056449844,Hybotidae_Platypalpus_montenegrensis_2073867_1056449844,http://creativecommons.org/licenses/by/4.0/
679108,1056449844,Hybotidae_Platypalpus_montenegrensis_2073868_1056449844,http://creativecommons.org/licenses/by/4.0/
681804,2815371458,Hybotidae_Hybos_grossipes_896205_2815371458,© All rights reserved
681858,2985039304,Hybotidae_Hybos_grossipes_3015482_2985039304,© All rights reserved
681859,2985039304,Hybotidae_Hybos_grossipes_3015483_2985039304,© All rights reserved
681995,3990893326,Hybotidae_Tachypeza_nubila_3420361_3990893326,© All rights reserved
682088,2816497331,Hybotidae_Platypalpus_major_2274180_2816497331,© All rights reserved
682089,2816497331,Hybotidae_Platypalpus_major_2274181_2816497331,© All rights reserved
682310,3396729439,Hybotidae_Bicellaria_sulcata_326974_3396729439,© All rights reserved
682311,3396729439,Hybotidae_Bicellaria_sulcata_326975_3396729439,© All rights reserved
682312,3396729439,Hybotidae_Bicellaria_sulcata_326976_3396729439,© All rights reserved
682313,3396729439,Hybotidae_Bicellaria_sulcata_326977_3396729439,© All rights reserved
683049,1952230825,Hybotidae_Tachypeza_nubila_2846033_1952230825,http://creativecommons.org/licenses/by-nc-nd/4.0/
683050,1952230825,Hybotidae_Tachypeza_nubila_2846034_1952230825,http://creativecommons.org/licenses/by-nc-nd/4.0/
683051,1952230825,Hybotidae_Tachypeza_nubila_2846035_1952230825,http://creativecommons.org/licenses/by-nc-nd/4.0/
683489,3995326742,Hybotidae_Hybos_culiciformis_1354376_3995326742,http://creativecommons.org/licenses/by-nc-nd/4.0/
683493,1966868549,Hybotidae_Tachypeza_nubila_2868586_1966868549,http://creativecommons.org/licenses/by-nc-nd/4.0/
684142,2844999460,Hybotidae_Hybos_culiciformis_2302099_2844999460,http://creativecommons.org/licenses/by-nc-nd/4.0/
684583,1955383864,Hybotidae_Ocydromia_glabricula_2161072_1955383864,http://creativecommons.org/licenses/by-nc-nd/4.0/
685264,1957782710,Hybotidae_Hybos_femoratus_96498_1957782710,http://creativecommons.org/licenses/by-nc-nd/4.0/
685265,1957782710,Hybotidae_Hybos_femoratus_96499_1957782710,http://creativecommons.org/licenses/by-nc-nd/4.0/
685326,1965212081,Hybotidae_Drapetis_ephippiata_105945_1965212081,http://creativecommons.org/licenses/by-nc-nd/4.0/
685971,1968889920,Hybotidae_Hybos_culiciformis_2870075_1968889920,http://creativecommons.org/licenses/by-nc/4.0/
686422,3906396951,Hybotidae_Hybos_culiciformis_2006810_3906396951,http://creativecommons.org/licenses/by-nc-nd/4.0/
686557,1954456419,Hybotidae_Platypalpus_agilis_1470264_1954456419,http://creativecommons.org/licenses/by-nc-nd/4.0/
691438,3097051374,Hybotidae_Hybos_grossipes_1660363_3097051374,http://creativecommons.org/licenses/by-nc/4.0/
692008,2864736505,Hybotidae_Hybos_culiciformis_935132_2864736505,http://creativecommons.org/licenses/by-nc/4.0/
692009,2864736505,Hybotidae_Hybos_culiciformis_935133_2864736505,http://creativecommons.org/licenses/by-nc/4.0/
692010,2864736505,Hybotidae_Hybos_culiciformis_935134_2864736505,http://creativecommons.org/licenses/by-nc/4.0/
692011,2864736505,Hybotidae_Hybos_culiciformis_935135_2864736505,http://creativecommons.org/licenses/by-nc/4.0/
692012,2864736505,Hybotidae_Hybos_culiciformis_935136_2864736505,http://creativecommons.org/licenses/by-nc/4.0/
693226,1974307694,Hybotidae_Tachypeza_nubila_811683_1974307694,http://creativecommons.org/licenses/by-nc-nd/4.0/
696077,3772740947,Hybotidae_Tachypeza_nubila_3308747_3772740947,http://creativecommons.org/licenses/by-nc/4.0/
698316,3310007350,Hybotidae_Tachydromia_umbrarum_1671795_3310007350,© All rights reserved
698317,3310007350,Hybotidae_Tachydromia_umbrarum_1671796_3310007350,© All rights reserved
698921,3131276317,Hybotidae_Platypalpus_pallidiventris_2357015_3131276317,http://creativecommons.org/licenses/by/4.0/
698922,3131276317,Hybotidae_Platypalpus_pallidiventris_2357016_3131276317,http://creativecommons.org/licenses/by/4.0/
698998,2834436068,Hybotidae_Hybos_culiciformis_905536_2834436068,http://creativecommons.org/licenses/by-nc-nd/4.0/
699148,3905409110,Hybotidae_Hybos_culiciformis_1311824_3905409110,http://creativecommons.org/licenses/by-nc-nd/4.0/
699149,3905409110,Hybotidae_Hybos_culiciformis_1311825_3905409110,http://creativecommons.org/licenses/by-nc-nd/4.0/
699650,1968875529,Hybotidae_Hybos_culiciformis_2870048_1968875529,http://creativecommons.org/licenses/by-nc/4.0/
699866,1951650881,Hybotidae_Tachypeza_nubila_777745_1951650881,http://creativecommons.org/licenses/by-nc-nd/4.0/
700538,1973693735,Hybotidae_Hybos_culiciformis_1498674_1973693735,http://creativecommons.org/licenses/by-nc-nd/4.0/
700539,1973693735,Hybotidae_Hybos_culiciformis_1498675_1973693735,http://creativecommons.org/licenses/by-nc-nd/4.0/
700551,1971626881,Hybotidae_Platypalpus_pallidiventris_2184633_1971626881,http://creativecommons.org/licenses/by-nc-nd/4.0/
701706,1971631513,Hybotidae_Platypalpus_niger_806948_1971631513,http://creativecommons.org/licenses/by-nc-nd/4.0/
701707,1971631513,Hybotidae_Platypalpus_niger_806949_1971631513,http://creativecommons.org/licenses/by-nc-nd/4.0/
701708,1971631513,Hybotidae_Platypalpus_niger_806950_1971631513,http://creativecommons.org/licenses/by-nc-nd/4.0/
701886,1965380820,Hybotidae_Drapetis_ephippiata_1485764_1965380820,http://creativecommons.org/licenses/by-nc-nd/4.0/
702107,1952385690,Hybotidae_Bicellaria_vana_87980_1952385690,http://creativecommons.org/licenses/by-nc-nd/4.0/
702108,1952385690,Hybotidae_Bicellaria_vana_87981_1952385690,http://creativecommons.org/licenses/by-nc-nd/4.0/
702109,1952385690,Hybotidae_Bicellaria_vana_87982_1952385690,http://creativecommons.org/licenses/by-nc-nd/4.0/
702253,2834164961,Hybotidae_Drapetis_ephippiata_904396_2834164961,http://creativecommons.org/licenses/by-nc-nd/4.0/
702254,2834164961,Hybotidae_Drapetis_ephippiata_904397_2834164961,http://creativecommons.org/licenses/by-nc-nd/4.0/
702498,2840246016,Hybotidae_Ocydromia_glabricula_2982358_2840246016,http://creativecommons.org/licenses/by-nc-nd/4.0/
702499,2840246016,Hybotidae_Ocydromia_glabricula_2982359_2840246016,http://creativecommons.org/licenses/by-nc-nd/4.0/
702788,1967761547,Hybotidae_Platypalpus_clypeatus_110608_1967761547,http://creativecommons.org/licenses/by-nc-nd/4.0/
702789,1967761547,Hybotidae_Platypalpus_clypeatus_110609_1967761547,http://creativecommons.org/licenses/by-nc-nd/4.0/
702790,1967761547,Hybotidae_Platypalpus_clypeatus_110610_1967761547,http://creativecommons.org/licenses/by-nc-nd/4.0/
702970,3725774412,Hybotidae_Tachypeza_nubila_510523_3725774412,http://creativecommons.org/licenses/by-nc-nd/4.0/
703680,2542896961,Hybotidae_Hybos_culiciformis_858289_2542896961,http://creativecommons.org/licenses/by-nc/4.0/
706442,2844567636,Hybotidae_Tachypeza_nubila_2991295_2844567636,http://creativecommons.org/licenses/by-nc-nd/4.0/
708152,1965206256,Hybotidae_Drapetis_ephippiata_1485131_1965206256,http://creativecommons.org/licenses/by-nc-nd/4.0/
708335,1965218028,Hybotidae_Drapetis_ephippiata_1485271_1965218028,http://creativecommons.org/licenses/by-nc-nd/4.0/
708532,1968836116,Hybotidae_Hybos_culiciformis_2179860_1968836116,http://creativecommons.org/licenses/by-nc/4.0/
708788,2833514019,Hybotidae_Ocydromia_glabricula_2280153_2833514019,http://creativecommons.org/licenses/by-nc-nd/4.0/
709622,1975958856,Hybotidae_Hybos_culiciformis_2880714_1975958856,http://creativecommons.org/licenses/by-nc/4.0/
712584,1135040374,Hybotidae_Platypalpus_major_2076404_1135040374,© all rights reserved
712741,3890709339,Hybotidae_Hybos_grossipes_3360290_3890709339,© all rights reserved
712742,3890709339,Hybotidae_Hybos_grossipes_3360291_3890709339,© all rights reserved
712753,1431584395,Hybotidae_Tachypeza_nubila_2113418_1431584395,© all rights reserved
712754,1431584395,Hybotidae_Tachypeza_nubila_2113419_1431584395,© all rights reserved
712857,1460596071,Hybotidae_Ocydromia_melanopleura_49440_1460596071,© all rights reserved
713026,1459754501,Hybotidae_Hybos_culiciformis_2806479_1459754501,© all rights reserved
713027,1459754501,Hybotidae_Hybos_culiciformis_2806480_1459754501,© all rights reserved
713131,4003139320,Hybotidae_Bicellaria_austriaca_2741541_4003139320,© All rights reserved
713172,3862137389,Hybotidae_Hybos_culiciformis_1965736_3862137389,© All rights reserved
713455,2403306909,Hybotidae_Tachydromia_morio_2911335_2403306909,http://creativecommons.org/licenses/by-nc-sa/4.0/
713686,2818362309,Hybotidae_Hybos_grossipes_896544_2818362309,© All rights reserved
713687,2818362309,Hybotidae_Hybos_grossipes_896545_2818362309,© All rights reserved
713779,932132663,Hybotidae_Tachydromia_umbrarum_1378252_932132663,© all rights reserved
714706,1965220253,Hybotidae_Drapetis_ephippiata_106025_1965220253,http://creativecommons.org/licenses/by-nc-nd/4.0/
715372,1973575479,Hybotidae_Syneches_muscarius_809947_1973575479,http://creativecommons.org/licenses/by-nc-nd/4.0/
715373,1973575479,Hybotidae_Syneches_muscarius_809948_1973575479,http://creativecommons.org/licenses/by-nc-nd/4.0/
716000,1976852791,Hybotidae_Hybos_femoratus_2192493_1976852791,http://creativecommons.org/licenses/by-nc-nd/4.0/
716844,3996336839,Hybotidae_Hybos_culiciformis_669671_3996336839,http://creativecommons.org/licenses/by-nc-nd/4.0/
717106,1957072374,Hybotidae_Ocydromia_glabricula_785646_1957072374,http://creativecommons.org/licenses/by-nc-nd/4.0/
717107,1957072374,Hybotidae_Ocydromia_glabricula_785647_1957072374,http://creativecommons.org/licenses/by-nc-nd/4.0/
719230,2840737669,Hybotidae_Hybos_culiciformis_2292438_2840737669,http://creativecommons.org/licenses/by-nc-nd/4.0/
719231,2840737669,Hybotidae_Hybos_culiciformis_2292439_2840737669,http://creativecommons.org/licenses/by-nc-nd/4.0/
719315,1965340820,Hybotidae_Drapetis_ephippiata_2174776_1965340820,http://creativecommons.org/licenses/by-nc-nd/4.0/
719533,2832642268,Hybotidae_Tachypeza_nubila_211011_2832642268,http://creativecommons.org/licenses/by-nc-sa/4.0/
719534,2832642268,Hybotidae_Tachypeza_nubila_211012_2832642268,http://creativecommons.org/licenses/by-nc-sa/4.0/
719535,2832642268,Hybotidae_Tachypeza_nubila_211013_2832642268,http://creativecommons.org/licenses/by-nc-sa/4.0/
719597,1965202343,Hybotidae_Drapetis_ephippiata_105816_1965202343,http://creativecommons.org/licenses/by-nc-nd/4.0/
719638,2841262409,Hybotidae_Leptopeza_flavipes_2983731_2841262409,http://creativecommons.org/licenses/by-nc-nd/4.0/
719946,1968884669,Hybotidae_Tachypeza_nubila_2870067_1968884669,http://creativecommons.org/licenses/by-nc-nd/4.0/
719947,1968884669,Hybotidae_Tachypeza_nubila_2870068_1968884669,http://creativecommons.org/licenses/by-nc-nd/4.0/
719948,1968884669,Hybotidae_Tachypeza_nubila_2870069_1968884669,http://creativecommons.org/licenses/by-nc-nd/4.0/
721200,2832124172,Hybotidae_Tachypeza_nubila_2969432_2832124172,http://creativecommons.org/licenses/by-nc/4.0/
722084,1957939021,Hybotidae_Tachypeza_nubila_2855212_1957939021,http://creativecommons.org/licenses/by-nc-nd/4.0/
722284,1952907713,Hybotidae_Hybos_culiciformis_779771_1952907713,http://creativecommons.org/licenses/by-nc-nd/4.0/
722285,1952907713,Hybotidae_Hybos_culiciformis_779772_1952907713,http://creativecommons.org/licenses/by-nc-nd/4.0/
723241,1973771211,Hybotidae_Hybos_culiciformis_119871_1973771211,http://creativecommons.org/licenses/by-nc-nd/4.0/
723656,1957883109,Hybotidae_Ocydromia_glabricula_2855061_1957883109,http://creativecommons.org/licenses/by-nc-nd/4.0/
724048,1956993514,Hybotidae_Tachypeza_nubila_2163313_1956993514,http://creativecommons.org/licenses/by-nc-nd/4.0/
724358,2842184952,Hybotidae_Hybos_culiciformis_917854_2842184952,http://creativecommons.org/licenses/by-nc-nd/4.0/
725578,1956648182,Hybotidae_Hybos_femoratus_785242_1956648182,http://creativecommons.org/licenses/by-nc-nd/4.0/
725630,3724688761,Hybotidae_Tachypeza_nubila_2576480_3724688761,http://creativecommons.org/licenses/by-nc-nd/4.0/
727623,3905603439,Hybotidae_Hybos_culiciformis_1312938_3905603439,http://creativecommons.org/licenses/by-nc-nd/4.0/
727909,3995833567,Hybotidae_Hybos_culiciformis_3425407_3995833567,http://creativecommons.org/licenses/by-nc-nd/4.0/
727910,3995833567,Hybotidae_Hybos_culiciformis_3425408_3995833567,http://creativecommons.org/licenses/by-nc-nd/4.0/
727948,3905047568,Hybotidae_Hybos_culiciformis_1309615_3905047568,http://creativecommons.org/licenses/by-nc-nd/4.0/
727949,3905047568,Hybotidae_Hybos_culiciformis_1309616_3905047568,http://creativecommons.org/licenses/by-nc-nd/4.0/
727950,3905047568,Hybotidae_Hybos_culiciformis_1309617_3905047568,http://creativecommons.org/licenses/by-nc-nd/4.0/
728171,1957015597,Hybotidae_Ocydromia_glabricula_94923_1957015597,http://creativecommons.org/licenses/by-nc-nd/4.0/
729389,1976309000,Hybotidae_Hybos_culiciformis_2191242_1976309000,http://creativecommons.org/licenses/by-nc-nd/4.0/
730672,2834621234,Hybotidae_Stilpon_lunatus_1594803_2834621234,http://creativecommons.org/licenses/by-nc-nd/4.0/
731160,1975619097,Hybotidae_Platypalpus_maculipes_121763_1975619097,http://creativecommons.org/licenses/by-nc-nd/4.0/
731779,1971688837,Hybotidae_Hybos_femoratus_1495266_1971688837,http://creativecommons.org/licenses/by-nc-nd/4.0/
732098,1966709821,Hybotidae_Tachypeza_nubila_800364_1966709821,http://creativecommons.org/licenses/by-nc-nd/4.0/
732099,1966709821,Hybotidae_Tachypeza_nubila_800365_1966709821,http://creativecommons.org/licenses/by-nc-nd/4.0/
732100,1966709821,Hybotidae_Tachypeza_nubila_800366_1966709821,http://creativecommons.org/licenses/by-nc-nd/4.0/
732101,1966709821,Hybotidae_Tachypeza_nubila_800367_1966709821,http://creativecommons.org/licenses/by-nc-nd/4.0/
732102,1966709821,Hybotidae_Tachypeza_nubila_800368_1966709821,http://creativecommons.org/licenses/by-nc-nd/4.0/
733830,3906804065,Hybotidae_Hybos_culiciformis_2009140_3906804065,http://creativecommons.org/licenses/by-nc-nd/4.0/
735100,2838758390,Hybotidae_Tachypeza_nubila_2981099_2838758390,http://creativecommons.org/licenses/by-nc-nd/4.0/
735101,2838758390,Hybotidae_Tachypeza_nubila_2981100_2838758390,http://creativecommons.org/licenses/by-nc-nd/4.0/
735342,2273553290,Hybotidae_Hybos_culiciformis_836172_2273553290,© All rights reserved
735343,2273553290,Hybotidae_Hybos_culiciformis_836173_2273553290,© All rights reserved
735347,2313639912,Hybotidae_Tachydromia_umbrarum_2906938_2313639912,© All rights reserved
735514,1824855870,Hybotidae_Hybos_grossipes_1436057_1824855870,© All rights reserved
736183,1460498159,Hybotidae_Tachypeza_nubila_2118440_1460498159,© all rights reserved
736229,1487948196,Hybotidae_Euthyneura_myrtilli_2808395_1487948196,© all rights reserved
738769,1965364117,Hybotidae_Drapetis_ephippiata_2174824_1965364117,http://creativecommons.org/licenses/by-nc-nd/4.0/
739877,1973048422,Hybotidae_Hybos_femoratus_2877100_1973048422,http://creativecommons.org/licenses/by-nc/4.0/
739890,1975577505,Hybotidae_Tachypeza_nubila_1500883_1975577505,http://creativecommons.org/licenses/by-nc-sa/4.0/
741918,3997278938,Hybotidae_Hybos_femoratus_2740382_3997278938,http://creativecommons.org/licenses/by-nc-nd/4.0/
743054,2837240868,Hybotidae_Hybos_culiciformis_2977882_2837240868,http://creativecommons.org/licenses/by-nc-nd/4.0/
743486,1965556234,Hybotidae_Hybos_culiciformis_797576_1965556234,http://creativecommons.org/licenses/by-nc-nd/4.0/
744749,3722427310,Hybotidae_Stilpon_subnubilus_503638_3722427310,http://creativecommons.org/licenses/by-nc-nd/4.0/
744750,3722427310,Hybotidae_Stilpon_subnubilus_503639_3722427310,http://creativecommons.org/licenses/by-nc-nd/4.0/
744751,3722427310,Hybotidae_Stilpon_subnubilus_503640_3722427310,http://creativecommons.org/licenses/by-nc-nd/4.0/
744752,3722427310,Hybotidae_Stilpon_subnubilus_503641_3722427310,http://creativecommons.org/licenses/by-nc-nd/4.0/
746964,1965195120,Hybotidae_Hybos_culiciformis_2864328_1965195120,http://creativecommons.org/licenses/by-nc-nd/4.0/
747208,3429962080,Hybotidae_Bicellaria_sulcata_1026014_3429962080,© all rights reserved
747209,3429962080,Hybotidae_Bicellaria_sulcata_1026015_3429962080,© all rights reserved
747210,3429962080,Hybotidae_Bicellaria_sulcata_1026016_3429962080,© all rights reserved
747211,3429962080,Hybotidae_Bicellaria_sulcata_1026017_3429962080,© all rights reserved
747212,3429962080,Hybotidae_Bicellaria_sulcata_1026018_3429962080,© all rights reserved
748069,2399166491,Hybotidae_Hybos_grossipes_2219692_2399166491,© All rights reserved
748070,2399166491,Hybotidae_Hybos_grossipes_2219693_2399166491,© All rights reserved
748394,3816584320,Hybotidae_Tachydromia_umbrarum_2626017_3816584320,© All rights reserved
748562,2403656403,Hybotidae_Tachydromia_umbrarum_843081_2403656403,© All rights reserved
748563,2403656403,Hybotidae_Tachydromia_umbrarum_843082_2403656403,© All rights reserved
748596,2402506798,Hybotidae_Hybos_grossipes_842803_2402506798,© All rights reserved
748597,2402506798,Hybotidae_Hybos_grossipes_842804_2402506798,© All rights reserved
751274,3448882615,Hybotidae_Platypalpus_pectoralis_1833867_3448882615,http://creativecommons.org/licenses/by-sa/4.0/
753492,3031844056,Hybotidae_Platypalpus_praecinctus_3024824_3031844056,http://creativecommons.org/licenses/by-nc/4.0/
753493,3031844056,Hybotidae_Platypalpus_praecinctus_3024825_3031844056,http://creativecommons.org/licenses/by-nc/4.0/
753494,3031844056,Hybotidae_Platypalpus_praecinctus_3024826_3031844056,http://creativecommons.org/licenses/by-nc/4.0/
753495,3031844056,Hybotidae_Platypalpus_praecinctus_3024827_3031844056,http://creativecommons.org/licenses/by-nc/4.0/
753496,3031844056,Hybotidae_Platypalpus_praecinctus_3024828_3031844056,http://creativecommons.org/licenses/by-nc/4.0/
753497,3031844056,Hybotidae_Platypalpus_praecinctus_3024829_3031844056,http://creativecommons.org/licenses/by-nc/4.0/
754037,1976115006,Hybotidae_Hybos_culiciformis_2880911_1976115006,http://creativecommons.org/licenses/by-nc/4.0/
754038,1976115006,Hybotidae_Hybos_culiciformis_2880912_1976115006,http://creativecommons.org/licenses/by-nc/4.0/
754142,1973639165,Hybotidae_Tachypeza_nubila_2878014_1973639165,http://creativecommons.org/licenses/by-nc-nd/4.0/
754480,1977120110,Hybotidae_Tachypeza_nubila_1503965_1977120110,http://creativecommons.org/licenses/by-nc/4.0/
754481,1977120110,Hybotidae_Tachypeza_nubila_1503966_1977120110,http://creativecommons.org/licenses/by-nc/4.0/
754959,1965219039,Hybotidae_Drapetis_ephippiata_106016_1965219039,http://creativecommons.org/licenses/by-nc-nd/4.0/
755339,3718006673,Hybotidae_Hybos_culiciformis_485242_3718006673,http://creativecommons.org/licenses/by-nc-nd/4.0/
755806,3996209623,Hybotidae_Hybos_culiciformis_669234_3996209623,http://creativecommons.org/licenses/by-nc-nd/4.0/
756814,1959283823,Hybotidae_Tachypeza_nubila_2167204_1959283823,http://creativecommons.org/licenses/by-nc-nd/4.0/
757167,1967835030,Hybotidae_Platypalpus_praecinctus_2869252_1967835030,http://creativecommons.org/licenses/by-nc-nd/4.0/
757168,1967835030,Hybotidae_Platypalpus_praecinctus_2869253_1967835030,http://creativecommons.org/licenses/by-nc-nd/4.0/
757169,1967835030,Hybotidae_Platypalpus_praecinctus_2869254_1967835030,http://creativecommons.org/licenses/by-nc-nd/4.0/
757520,1954097286,Hybotidae_Bicellaria_sulcata_90830_1954097286,http://creativecommons.org/licenses/by-nc-nd/4.0/
757521,1954097286,Hybotidae_Bicellaria_sulcata_90831_1954097286,http://creativecommons.org/licenses/by-nc-nd/4.0/
759215,1975928718,Hybotidae_Hybos_culiciformis_2190580_1975928718,http://creativecommons.org/licenses/by-nc/4.0/
761126,3995710706,Hybotidae_Hybos_culiciformis_2734826_3995710706,http://creativecommons.org/licenses/by-nc-nd/4.0/
761127,3995710706,Hybotidae_Hybos_culiciformis_2734827_3995710706,http://creativecommons.org/licenses/by-nc-nd/4.0/
763579,2610976915,Hybotidae_Platypalpus_major_877614_2610976915,http://creativecommons.org/licenses/by-nc/4.0/
763840,1037406510,Hybotidae_Ocydromia_glabricula_2072905_1037406510,© all rights reserved
763841,1037406510,Hybotidae_Ocydromia_glabricula_2072906_1037406510,© all rights reserved
763842,1037406510,Hybotidae_Ocydromia_glabricula_2072907_1037406510,© all rights reserved
764051,3768353473,Hybotidae_Tachydromia_connexa_1238401_3768353473,© all rights reserved
764052,3768353473,Hybotidae_Tachydromia_connexa_1238402_3768353473,© all rights reserved
764094,3433344978,Hybotidae_Platypalpus_cursitans_1027779_3433344978,© all rights reserved
764095,3433344978,Hybotidae_Platypalpus_cursitans_1027780_3433344978,© all rights reserved
764300,2809369938,Hybotidae_Hybos_femoratus_1582649_2809369938,© all rights reserved
764429,1460449869,Hybotidae_Tachydromia_umbrarum_1429026_1460449869,© all rights reserved
764496,2983658394,Hybotidae_Tachydromia_aemula_946229_2983658394,© all rights reserved
764497,2983658394,Hybotidae_Tachydromia_aemula_946230_2983658394,© all rights reserved
764543,1670059761,Hybotidae_Tachydromia_umbrarum_1432599_1670059761,© all rights reserved
765203,2840099760,Hybotidae_Tachydromia_sabulosa_2982236_2840099760,http://creativecommons.org/licenses/by/4.0/
766839,1976616723,Hybotidae_Hybos_femoratus_814265_1976616723,http://creativecommons.org/licenses/by-nc-nd/4.0/
768682,1966294502,Hybotidae_Tachypeza_nubila_799306_1966294502,http://creativecommons.org/licenses/by/4.0/
768736,1965364856,Hybotidae_Drapetis_ephippiata_2174838_1965364856,http://creativecommons.org/licenses/by-nc-nd/4.0/
769663,1952419522,Hybotidae_Hybos_culiciformis_1467372_1952419522,http://creativecommons.org/licenses/by-nc-nd/4.0/
770887,1965208221,Hybotidae_Drapetis_ephippiata_796668_1965208221,http://creativecommons.org/licenses/by-nc-nd/4.0/
770888,1965208221,Hybotidae_Drapetis_ephippiata_796669_1965208221,http://creativecommons.org/licenses/by-nc-nd/4.0/
771589,1965206277,Hybotidae_Drapetis_ephippiata_105874_1965206277,http://creativecommons.org/licenses/by-nc-nd/4.0/
771819,1957087184,Hybotidae_Tachypeza_nubila_785666_1957087184,http://creativecommons.org/licenses/by-nc-nd/4.0/
773656,3864283332,Hybotidae_Platypalpus_cursitans_1276751_3864283332,© All rights reserved
773657,3864283332,Hybotidae_Platypalpus_cursitans_1276752_3864283332,© All rights reserved
773658,3864283332,Hybotidae_Platypalpus_cursitans_1276753_3864283332,© All rights reserved
774308,2402788350,Hybotidae_Bicellaria_vana_1531509_2402788350,http://creativecommons.org/licenses/by-nc-sa/4.0/
774309,2402788350,Hybotidae_Bicellaria_vana_1531510_2402788350,http://creativecommons.org/licenses/by-nc-sa/4.0/
774806,1946469343,Hybotidae_Platypalpus_brachystylus_2844867_1946469343,© All rights reserved
774807,1946469343,Hybotidae_Platypalpus_brachystylus_2844868_1946469343,© All rights reserved
774852,2467920689,Hybotidae_Tachypeza_nubila_1543941_2467920689,© All rights reserved
774853,2467920689,Hybotidae_Tachypeza_nubila_1543942_2467920689,© All rights reserved
774854,2467920689,Hybotidae_Tachypeza_nubila_1543943_2467920689,© All rights reserved
775049,1968904305,Hybotidae_Hybos_culiciformis_2870103_1968904305,http://creativecommons.org/licenses/by-nc/4.0/
775388,2839953548,Hybotidae_Tachypeza_nubila_2982097_2839953548,http://creativecommons.org/licenses/by/4.0/
775389,2839953548,Hybotidae_Tachypeza_nubila_2982098_2839953548,http://creativecommons.org/licenses/by/4.0/
777679,1967819889,Hybotidae_Platypalpus_candicans_2178919_1967819889,http://creativecommons.org/licenses/by-nc-nd/4.0/
778112,2837402751,Hybotidae_Hybos_culiciformis_219643_2837402751,http://creativecommons.org/licenses/by-nc-nd/4.0/
779308,1972870990,Hybotidae_Hybos_culiciformis_808708_1972870990,http://creativecommons.org/licenses/by-nc/4.0/
780437,2838587895,Hybotidae_Tachypeza_nubila_2980834_2838587895,http://creativecommons.org/licenses/by-nc-nd/4.0/
780470,1969609598,Hybotidae_Hybos_femoratus_803955_1969609598,http://creativecommons.org/licenses/by-nc/4.0/
780471,1969609598,Hybotidae_Hybos_femoratus_803956_1969609598,http://creativecommons.org/licenses/by-nc/4.0/
780472,1969609598,Hybotidae_Hybos_femoratus_803957_1969609598,http://creativecommons.org/licenses/by-nc/4.0/
780606,1952299264,Hybotidae_Hybos_culiciformis_778463_1952299264,http://creativecommons.org/licenses/by-nc/4.0/
780952,1965208018,Hybotidae_Drapetis_ephippiata_105904_1965208018,http://creativecommons.org/licenses/by-nc-nd/4.0/
780969,1967819761,Hybotidae_Platypalpus_candicans_1489893_1967819761,http://creativecommons.org/licenses/by-nc-nd/4.0/
780970,1967819761,Hybotidae_Platypalpus_candicans_1489894_1967819761,http://creativecommons.org/licenses/by-nc-nd/4.0/
781820,1959012066,Hybotidae_Tachypeza_nubila_1477480_1959012066,http://creativecommons.org/licenses/by-nc-nd/4.0/
781821,1959012066,Hybotidae_Tachypeza_nubila_1477481_1959012066,http://creativecommons.org/licenses/by-nc-nd/4.0/
781822,1959012066,Hybotidae_Tachypeza_nubila_1477482_1959012066,http://creativecommons.org/licenses/by-nc-nd/4.0/
782942,3725275678,Hybotidae_Stilpon_subnubilus_509110_3725275678,http://creativecommons.org/licenses/by-nc-nd/4.0/
782943,3725275678,Hybotidae_Stilpon_subnubilus_509111_3725275678,http://creativecommons.org/licenses/by-nc-nd/4.0/
784278,1952434970,Hybotidae_Hybos_culiciformis_778701_1952434970,http://creativecommons.org/licenses/by-nc-nd/4.0/
784290,3724845977,Hybotidae_Tachypeza_nubila_1887174_3724845977,http://creativecommons.org/licenses/by-nc-nd/4.0/
785553,1954099519,Hybotidae_Tachydromia_aemula_781401_1954099519,http://creativecommons.org/licenses/by-nc-nd/4.0/
785554,1954099519,Hybotidae_Tachydromia_aemula_781402_1954099519,http://creativecommons.org/licenses/by-nc-nd/4.0/
785555,1954099519,Hybotidae_Tachydromia_aemula_781403_1954099519,http://creativecommons.org/licenses/by-nc-nd/4.0/
785831,1970559857,Hybotidae_Tachypeza_nubila_2183561_1970559857,http://creativecommons.org/licenses/by-nc-nd/4.0/
785832,1970559857,Hybotidae_Tachypeza_nubila_2183562_1970559857,http://creativecommons.org/licenses/by-nc-nd/4.0/
785864,1957362200,Hybotidae_Tachypeza_nubila_786189_1957362200,http://creativecommons.org/licenses/by-nc/4.0/
785865,1957362200,Hybotidae_Tachypeza_nubila_786190_1957362200,http://creativecommons.org/licenses/by-nc/4.0/
786030,1965207171,Hybotidae_Drapetis_ephippiata_2864512_1965207171,http://creativecommons.org/licenses/by-nc-nd/4.0/
786347,1970019401,Hybotidae_Tachypeza_nubila_2872702_1970019401,http://creativecommons.org/licenses/by-nc/4.0/
786671,1972752579,Hybotidae_Hybos_culiciformis_2186074_1972752579,http://creativecommons.org/licenses/by-nc/4.0/
787086,1971969502,Hybotidae_Tachydromia_sabulosa_2184832_1971969502,http://creativecommons.org/licenses/by-nc-nd/4.0/
787213,1965232272,Hybotidae_Drapetis_ephippiata_2864752_1965232272,http://creativecommons.org/licenses/by-nc-nd/4.0/
788311,1967820008,Hybotidae_Platypalpus_cothurnatus_2178926_1967820008,http://creativecommons.org/licenses/by-nc-nd/4.0/
788312,1967820008,Hybotidae_Platypalpus_cothurnatus_2178927_1967820008,http://creativecommons.org/licenses/by-nc-nd/4.0/
788313,1967820008,Hybotidae_Platypalpus_cothurnatus_2178928_1967820008,http://creativecommons.org/licenses/by-nc-nd/4.0/
788314,1967820008,Hybotidae_Platypalpus_cothurnatus_2178929_1967820008,http://creativecommons.org/licenses/by-nc-nd/4.0/
788315,1967820008,Hybotidae_Platypalpus_cothurnatus_2178930_1967820008,http://creativecommons.org/licenses/by-nc-nd/4.0/
790154,1966613034,Hybotidae_Tachypeza_nubila_800178_1966613034,http://creativecommons.org/licenses/by-nc-nd/4.0/
790155,1966613034,Hybotidae_Tachypeza_nubila_800179_1966613034,http://creativecommons.org/licenses/by-nc-nd/4.0/
790753,1965200703,Hybotidae_Drapetis_ephippiata_2174183_1965200703,http://creativecommons.org/licenses/by-nc-nd/4.0/
792260,1970538112,Hybotidae_Platypalpus_agilis_2873688_1970538112,http://creativecommons.org/licenses/by-nc-nd/4.0/
792261,1970538112,Hybotidae_Platypalpus_agilis_2873689_1970538112,http://creativecommons.org/licenses/by-nc-nd/4.0/
795087,3995893809,Hybotidae_Hybos_culiciformis_3425631_3995893809,http://creativecommons.org/licenses/by-nc-nd/4.0/
795121,1966218052,Hybotidae_Hybos_femoratus_1487707_1966218052,http://creativecommons.org/licenses/by-nc-nd/4.0/
795634,1976607411,Hybotidae_Hybos_femoratus_123544_1976607411,http://creativecommons.org/licenses/by-nc-nd/4.0/
798008,2844352183,Hybotidae_Platypalpus_australominutus_2299963_2844352183,http://creativecommons.org/licenses/by-nc/4.0/
798557,1952717830,Hybotidae_Hybos_femoratus_88738_1952717830,http://creativecommons.org/licenses/by-nc-nd/4.0/
798927,2838563952,Hybotidae_Hybos_culiciformis_1601128_2838563952,http://creativecommons.org/licenses/by-nc-nd/4.0/
798928,2838563952,Hybotidae_Hybos_culiciformis_1601129_2838563952,http://creativecommons.org/licenses/by-nc-nd/4.0/
798929,2838563952,Hybotidae_Hybos_culiciformis_1601130_2838563952,http://creativecommons.org/licenses/by-nc-nd/4.0/
802420,1965219110,Hybotidae_Drapetis_ephippiata_106018_1965219110,http://creativecommons.org/licenses/by-nc-nd/4.0/
802899,1975666680,Hybotidae_Tachypeza_nubila_121821_1975666680,http://creativecommons.org/licenses/by-nc/4.0/
802900,1975666680,Hybotidae_Tachypeza_nubila_121822_1975666680,http://creativecommons.org/licenses/by-nc/4.0/
803979,1973971079,Hybotidae_Tachydromia_smithi_2878881_1973971079,http://creativecommons.org/licenses/by-nc-nd/4.0/
804060,1965219550,Hybotidae_Drapetis_ephippiata_2174425_1965219550,http://creativecommons.org/licenses/by-nc-nd/4.0/
805754,1975739427,Hybotidae_Tachypeza_nubila_121894_1975739427,http://creativecommons.org/licenses/by-nc/4.0/
806369,1965209532,Hybotidae_Drapetis_ephippiata_1485207_1965209532,http://creativecommons.org/licenses/by-nc-nd/4.0/
806976,1958873152,Hybotidae_Tachypeza_nubila_1477381_1958873152,http://creativecommons.org/licenses/by-nc-nd/4.0/
806977,1958873152,Hybotidae_Tachypeza_nubila_1477382_1958873152,http://creativecommons.org/licenses/by-nc-nd/4.0/
806978,1958873152,Hybotidae_Tachypeza_nubila_1477383_1958873152,http://creativecommons.org/licenses/by-nc-nd/4.0/
807764,3906530597,Hybotidae_Hybos_culiciformis_2697341_3906530597,http://creativecommons.org/licenses/by-nc-nd/4.0/
808548,1973639400,Hybotidae_Hybos_femoratus_810196_1973639400,http://creativecommons.org/licenses/by-nc-nd/4.0/
809123,3996424086,Hybotidae_Hybos_culiciformis_2047274_3996424086,http://creativecommons.org/licenses/by-nc-nd/4.0/
809608,3752419647,Hybotidae_Hybos_culiciformis_543459_3752419647,http://creativecommons.org/licenses/by-sa/4.0/
809609,3752419652,Hybotidae_Leptodromiella_crassiseta_1232376_3752419652,http://creativecommons.org/licenses/by-sa/4.0/
809618,3752420876,Hybotidae_Platypalpus_scandinavicus_1232392_3752420876,http://creativecommons.org/licenses/by-sa/4.0/
809619,3752420878,Hybotidae_Platypalpus_scandinavicus_2610942_3752420878,http://creativecommons.org/licenses/by-sa/4.0/
809620,3752420898,Hybotidae_Platypalpus_pseudorapidus_543475_3752420898,http://creativecommons.org/licenses/by-sa/4.0/
809621,3752420896,Hybotidae_Platypalpus_major_2610943_3752420896,http://creativecommons.org/licenses/by-sa/4.0/
809622,3752420899,Hybotidae_Platypalpus_luteipes_1232393_3752420899,http://creativecommons.org/licenses/by-sa/4.0/
809623,3752420908,Hybotidae_Tachydromia_punctifera_1921872_3752420908,http://creativecommons.org/licenses/by-sa/4.0/
809624,3752420911,Hybotidae_Tachydromia_incompleta_1232394_3752420911,http://creativecommons.org/licenses/by-sa/4.0/
809625,3752420926,Hybotidae_Symballophthalmus_dissimilis_1921874_3752420926,http://creativecommons.org/licenses/by-sa/4.0/
809626,3752420938,Hybotidae_Platypalpus_stackelbergi_543477_3752420938,http://creativecommons.org/licenses/by-sa/4.0/
809627,3752420956,Hybotidae_Tachypeza_winthemi_543478_3752420956,http://creativecommons.org/licenses/by-sa/4.0/
809628,3752420968,Hybotidae_Tachypeza_fuscipennis_2610945_3752420968,http://creativecommons.org/licenses/by-sa/4.0/
809629,3752420971,Hybotidae_Tachydromia_terricola_1921876_3752420971,http://creativecommons.org/licenses/by-sa/4.0/
809630,3752420979,Hybotidae_Tachydromia_punctifera_543479_3752420979,http://creativecommons.org/licenses/by-sa/4.0/
809631,3752420955,Hybotidae_Tachypeza_winthemi_3301658_3752420955,http://creativecommons.org/licenses/by-sa/4.0/
809632,3752420935,Hybotidae_Platypalpus_stackelbergi_1921875_3752420935,http://creativecommons.org/licenses/by-sa/4.0/
809633,3752420921,Hybotidae_Tachydromia_aemula_1921873_3752420921,http://creativecommons.org/licenses/by-sa/4.0/
809634,3752421224,Hybotidae_Crossopalpus_setiger_3301660_3752421224,http://creativecommons.org/licenses/by-sa/4.0/
809635,3752421255,Hybotidae_Platypalpus_candicans_2610947_3752421255,http://creativecommons.org/licenses/by-sa/4.0/
809636,3752421254,Hybotidae_Trichina_flavipes_1921877_3752421254,http://creativecommons.org/licenses/by-sa/4.0/
809637,3752421249,Hybotidae_Crossopalpus_curvinervis_1232396_3752421249,http://creativecommons.org/licenses/by-sa/4.0/
809638,3752421247,Hybotidae_Crossopalpus_curvipes_3301662_3752421247,http://creativecommons.org/licenses/by-sa/4.0/
809639,3752421229,Hybotidae_Drapetis_ephippiata_3301661_3752421229,http://creativecommons.org/licenses/by-sa/4.0/
809640,3752421226,Hybotidae_Drapetis_ephippiata_1232395_3752421226,http://creativecommons.org/licenses/by-sa/4.0/
809641,3752421275,Hybotidae_Drapetis_assimilis_543481_3752421275,http://creativecommons.org/licenses/by-sa/4.0/
809642,3752421273,Hybotidae_Stilpon_graminum_2610949_3752421273,http://creativecommons.org/licenses/by-sa/4.0/
809643,3752421264,Hybotidae_Platypalpus_cursitans_2610948_3752421264,http://creativecommons.org/licenses/by-sa/4.0/
809644,3752421417,Hybotidae_Leptopeza_flavipes_2610951_3752421417,http://creativecommons.org/licenses/by-sa/4.0/
809645,3752421461,Hybotidae_Oedalea_tibialis_1921880_3752421461,http://creativecommons.org/licenses/by-sa/4.0/
809646,3752421467,Hybotidae_Oedalea_stigmatella_2610954_3752421467,http://creativecommons.org/licenses/by-sa/4.0/
809647,3752421462,Hybotidae_Oedalea_freyi_2610953_3752421462,http://creativecommons.org/licenses/by-sa/4.0/
809648,3752421475,Hybotidae_Oedalea_freyi_1921881_3752421475,http://creativecommons.org/licenses/by-sa/4.0/
809649,3752421480,Hybotidae_Ocydromia_melanopleura_2610955_3752421480,http://creativecommons.org/licenses/by-sa/4.0/
809650,3752421509,Hybotidae_Leptopeza_flavipes_543484_3752421509,http://creativecommons.org/licenses/by-sa/4.0/
809651,3752421494,Hybotidae_Bicellaria_subpilosa_2610956_3752421494,http://creativecommons.org/licenses/by-sa/4.0/
809652,3752421498,Hybotidae_Bicellaria_simplicipes_1921882_3752421498,http://creativecommons.org/licenses/by-sa/4.0/
809653,3752421499,Hybotidae_Bicellaria_pilosa_2610957_3752421499,http://creativecommons.org/licenses/by-sa/4.0/
809654,3752421506,Hybotidae_Bicellaria_austriaca_1921883_3752421506,http://creativecommons.org/licenses/by-sa/4.0/
809655,3752421514,Hybotidae_Bicellaria_austriaca_1232398_3752421514,http://creativecommons.org/licenses/by-sa/4.0/
809656,3752421260,Hybotidae_Platypalpus_ecalceatus_3301663_3752421260,http://creativecommons.org/licenses/by-sa/4.0/
809663,3752421314,Hybotidae_Platypalpus_lapponicus_3301664_3752421314,http://creativecommons.org/licenses/by-sa/4.0/
809664,3752421302,Hybotidae_Platypalpus_laestadianorum_1232397_3752421302,http://creativecommons.org/licenses/by-sa/4.0/
809669,3752422044,Hybotidae_Platypalpus_longicornis_543486_3752422044,http://creativecommons.org/licenses/by-sa/4.0/
809886,1987603606,Hybotidae_Platypalpus_verralli_126112_1987603606,© All rights reserved
810166,3912822567,Hybotidae_Tachypeza_nubila_2706109_3912822567,© All rights reserved
810167,3912822567,Hybotidae_Tachypeza_nubila_2706110_3912822567,© All rights reserved
810226,4003065329,Hybotidae_Platypalpus_agilis_674162_4003065329,© All rights reserved
810302,3327282521,Hybotidae_Hybos_grossipes_1677652_3327282521,© All rights reserved
810343,4003169391,Hybotidae_Platypalpus_candicans_3431814_4003169391,© All rights reserved
812490,1965198967,Hybotidae_Drapetis_ephippiata_796500_1965198967,http://creativecommons.org/licenses/by-nc-nd/4.0/
814240,1972745324,Hybotidae_Hybos_culiciformis_2186059_1972745324,http://creativecommons.org/licenses/by-nc/4.0/
814292,3825380635,Hybotidae_Stilpon_subnubilus_566012_3825380635,http://creativecommons.org/licenses/by-nc-nd/4.0/
814293,3825380635,Hybotidae_Stilpon_subnubilus_566013_3825380635,http://creativecommons.org/licenses/by-nc-nd/4.0/
814294,3825380635,Hybotidae_Stilpon_subnubilus_566014_3825380635,http://creativecommons.org/licenses/by-nc-nd/4.0/
814295,3825380635,Hybotidae_Stilpon_subnubilus_566015_3825380635,http://creativecommons.org/licenses/by-nc-nd/4.0/
814296,3825380635,Hybotidae_Stilpon_subnubilus_566016_3825380635,http://creativecommons.org/licenses/by-nc-nd/4.0/
814584,1965630988,Hybotidae_Hybos_culiciformis_1486292_1965630988,http://creativecommons.org/licenses/by-nc-nd/4.0/
814585,1965630988,Hybotidae_Hybos_culiciformis_1486293_1965630988,http://creativecommons.org/licenses/by-nc-nd/4.0/
814844,2832102289,Hybotidae_Tachypeza_nubila_2969422_2832102289,http://creativecommons.org/licenses/by-nc/4.0/
814878,2843158906,Hybotidae_Hybos_culiciformis_2988598_2843158906,http://creativecommons.org/licenses/by-nc-nd/4.0/
814889,1954097266,Hybotidae_Platypalpus_niger_2159256_1954097266,http://creativecommons.org/licenses/by-nc-nd/4.0/
814890,1954097266,Hybotidae_Platypalpus_niger_2159257_1954097266,http://creativecommons.org/licenses/by-nc-nd/4.0/
816514,1976464875,Hybotidae_Hybos_femoratus_123176_1976464875,http://creativecommons.org/licenses/by-nc-nd/4.0/
816515,1976464875,Hybotidae_Hybos_femoratus_123177_1976464875,http://creativecommons.org/licenses/by-nc-nd/4.0/
820679,3715653476,Hybotidae_Tachypeza_nubila_3234273_3715653476,http://creativecommons.org/licenses/by-nc-nd/4.0/
821817,1976185627,Hybotidae_Hybos_culiciformis_122602_1976185627,http://creativecommons.org/licenses/by-nc/4.0/
821818,1976185627,Hybotidae_Hybos_culiciformis_122603_1976185627,http://creativecommons.org/licenses/by-nc/4.0/
822076,2836912935,Hybotidae_Tachypeza_nubila_1597484_2836912935,http://creativecommons.org/licenses/by-nc-nd/4.0/
822125,1965200781,Hybotidae_Drapetis_ephippiata_2864385_1965200781,http://creativecommons.org/licenses/by-nc-nd/4.0/
822374,1967820455,Hybotidae_Platypalpus_agilis_2869237_1967820455,http://creativecommons.org/licenses/by-nc-nd/4.0/
822375,1967820455,Hybotidae_Platypalpus_agilis_2869238_1967820455,http://creativecommons.org/licenses/by-nc-nd/4.0/
822376,1967820455,Hybotidae_Platypalpus_agilis_2869239_1967820455,http://creativecommons.org/licenses/by-nc-nd/4.0/
823495,1961064175,Hybotidae_Hybos_culiciformis_2169698_1961064175,http://creativecommons.org/licenses/by-nc-nd/4.0/
823496,1961064175,Hybotidae_Hybos_culiciformis_2169699_1961064175,http://creativecommons.org/licenses/by-nc-nd/4.0/
823890,1975975508,Hybotidae_Tachypeza_nubila_1501437_1975975508,http://creativecommons.org/licenses/by-nc-nd/4.0/
824440,1952516947,Hybotidae_Hybos_culiciformis_778886_1952516947,http://creativecommons.org/licenses/by-nc-sa/4.0/
824786,1956970732,Hybotidae_Tachypeza_nubila_94891_1956970732,http://creativecommons.org/licenses/by-nc-nd/4.0/
825222,1965223270,Hybotidae_Drapetis_ephippiata_1485343_1965223270,http://creativecommons.org/licenses/by-nc-nd/4.0/
825339,1974806266,Hybotidae_Tachypeza_nubila_121330_1974806266,http://creativecommons.org/licenses/by-nc/4.0/
826054,2841571075,Hybotidae_Tachypeza_nubila_916195_2841571075,http://creativecommons.org/licenses/by-nc-nd/4.0/
826381,1951821398,Hybotidae_Tachypeza_nubila_2845647_1951821398,http://creativecommons.org/licenses/by-nc-nd/4.0/
826689,1956970748,Hybotidae_Ocydromia_glabricula_1474136_1956970748,http://creativecommons.org/licenses/by-nc-nd/4.0/
826693,1954091054,Hybotidae_Platypalpus_pallidiventris_1470131_1954091054,http://creativecommons.org/licenses/by-nc-nd/4.0/
826694,1954091054,Hybotidae_Platypalpus_pallidiventris_1470132_1954091054,http://creativecommons.org/licenses/by-nc-nd/4.0/
826793,1965206528,Hybotidae_Drapetis_ephippiata_2864491_1965206528,http://creativecommons.org/licenses/by-nc-nd/4.0/
826939,1967761636,Hybotidae_Platypalpus_clypeatus_2869219_1967761636,http://creativecommons.org/licenses/by-nc-nd/4.0/
826940,1967761636,Hybotidae_Platypalpus_clypeatus_2869220_1967761636,http://creativecommons.org/licenses/by-nc-nd/4.0/
826997,1954905782,Hybotidae_Hybos_culiciformis_2849787_1954905782,http://creativecommons.org/licenses/by-nc-nd/4.0/
827732,1953324489,Hybotidae_Leptopeza_flavipes_1469252_1953324489,http://creativecommons.org/licenses/by-nc-nd/4.0/
828279,1973961675,Hybotidae_Hybos_femoratus_120286_1973961675,http://creativecommons.org/licenses/by-nc-nd/4.0/
828280,1973961675,Hybotidae_Hybos_femoratus_120287_1973961675,http://creativecommons.org/licenses/by-nc-nd/4.0/
828548,1976541252,Hybotidae_Tachypeza_nubila_123369_1976541252,http://creativecommons.org/licenses/by-nc-nd/4.0/
828847,1954829012,Hybotidae_Hybos_culiciformis_91410_1954829012,http://creativecommons.org/licenses/by-nc/4.0/
829204,1962397080,Hybotidae_Tachypeza_nubila_2171305_1962397080,http://creativecommons.org/licenses/by-nc-nd/4.0/
830517,3996006438,Hybotidae_Hybos_culiciformis_3426044_3996006438,http://creativecommons.org/licenses/by-nc/4.0/
830518,3996006438,Hybotidae_Hybos_culiciformis_3426045_3996006438,http://creativecommons.org/licenses/by-nc/4.0/
831434,1965217256,Hybotidae_Drapetis_ephippiata_2864632_1965217256,http://creativecommons.org/licenses/by-nc-nd/4.0/
833301,1965202003,Hybotidae_Drapetis_ephippiata_2174217_1965202003,http://creativecommons.org/licenses/by-nc-nd/4.0/
835036,1973125674,Hybotidae_Hybos_culiciformis_2877283_1973125674,http://creativecommons.org/licenses/by-nc/4.0/
835037,1973125674,Hybotidae_Hybos_culiciformis_2877284_1973125674,http://creativecommons.org/licenses/by-nc/4.0/
835606,1976300204,Hybotidae_Hybos_culiciformis_122844_1976300204,http://creativecommons.org/licenses/by-nc-nd/4.0/
835679,2845224010,Hybotidae_Hybos_culiciformis_2302561_2845224010,http://creativecommons.org/licenses/by-nc-nd/4.0/
836267,1965218469,Hybotidae_Drapetis_ephippiata_796755_1965218469,http://creativecommons.org/licenses/by-nc-nd/4.0/
837045,2844487264,Hybotidae_Ocydromia_glabricula_1611373_2844487264,http://creativecommons.org/licenses/by-nc-nd/4.0/
838623,1972735805,Hybotidae_Hybos_culiciformis_808359_1972735805,http://creativecommons.org/licenses/by-nc/4.0/
839800,2844492058,Hybotidae_Hybos_culiciformis_2991041_2844492058,http://creativecommons.org/licenses/by-nc/4.0/
839801,2844492058,Hybotidae_Hybos_culiciformis_2991042_2844492058,http://creativecommons.org/licenses/by-nc/4.0/
840024,1967840180,Hybotidae_Ocydromia_glabricula_801346_1967840180,http://creativecommons.org/licenses/by-nc-nd/4.0/
840025,1967840180,Hybotidae_Ocydromia_glabricula_801347_1967840180,http://creativecommons.org/licenses/by-nc-nd/4.0/
842173,1972511946,Hybotidae_Hybos_culiciformis_2875865_1972511946,http://creativecommons.org/licenses/by-nc/4.0/
844729,2838174884,Hybotidae_Tachypeza_nubila_2980040_2838174884,http://creativecommons.org/licenses/by-nc-sa/4.0/
844929,1965224184,Hybotidae_Drapetis_ephippiata_1485359_1965224184,http://creativecommons.org/licenses/by-nc-nd/4.0/
845069,1965222839,Hybotidae_Drapetis_ephippiata_1485337_1965222839,http://creativecommons.org/licenses/by-nc-nd/4.0/
847738,1967819932,Hybotidae_Platypalpus_candicans_1489895_1967819932,http://creativecommons.org/licenses/by-nc-nd/4.0/
847739,1967819932,Hybotidae_Platypalpus_candicans_1489896_1967819932,http://creativecommons.org/licenses/by-nc-nd/4.0/
848042,2834260814,Hybotidae_Hybos_culiciformis_214427_2834260814,http://creativecommons.org/licenses/by-nc-nd/4.0/
849049,1974108567,Hybotidae_Tachypeza_nubila_2879167_1974108567,http://creativecommons.org/licenses/by-nc-nd/4.0/
849516,1965365231,Hybotidae_Hybos_culiciformis_797181_1965365231,http://creativecommons.org/licenses/by-nc-nd/4.0/
849812,1972869600,Hybotidae_Hybos_culiciformis_1496992_1972869600,http://creativecommons.org/licenses/by-nc/4.0/
851677,2844452798,Hybotidae_Hybos_femoratus_922608_2844452798,http://creativecommons.org/licenses/by-nc-nd/4.0/
853164,1969637631,Hybotidae_Syneches_muscarius_113173_1969637631,http://creativecommons.org/licenses/by-nc-nd/4.0/
853165,1969637631,Hybotidae_Syneches_muscarius_113174_1969637631,http://creativecommons.org/licenses/by-nc-nd/4.0/
853166,1969637631,Hybotidae_Syneches_muscarius_113175_1969637631,http://creativecommons.org/licenses/by-nc-nd/4.0/
853167,1969637631,Hybotidae_Syneches_muscarius_113176_1969637631,http://creativecommons.org/licenses/by-nc-nd/4.0/
854043,1956928256,Hybotidae_Platypalpus_australominutus_2853151_1956928256,http://creativecommons.org/licenses/by-nc-nd/4.0/
854044,1956928256,Hybotidae_Platypalpus_australominutus_2853152_1956928256,http://creativecommons.org/licenses/by-nc-nd/4.0/
854045,1956928256,Hybotidae_Platypalpus_australominutus_2853153_1956928256,http://creativecommons.org/licenses/by-nc-nd/4.0/
854067,2838072209,Hybotidae_Hybos_culiciformis_1600153_2838072209,http://creativecommons.org/licenses/by-nc-nd/4.0/
854281,1961112591,Hybotidae_Hybos_culiciformis_2859759_1961112591,http://creativecommons.org/licenses/by-nc-nd/4.0/
855644,1965202067,Hybotidae_Drapetis_ephippiata_2174220_1965202067,http://creativecommons.org/licenses/by-nc-nd/4.0/
855689,1954396859,Hybotidae_Hybos_culiciformis_2159343_1954396859,http://creativecommons.org/licenses/by-nc-nd/4.0/
856611,1976580669,Hybotidae_Oedalea_tibialis_123485_1976580669,http://creativecommons.org/licenses/by-nc-nd/4.0/
858206,1965199931,Hybotidae_Drapetis_ephippiata_2174167_1965199931,http://creativecommons.org/licenses/by-nc-nd/4.0/
859089,1976121123,Hybotidae_Hybos_culiciformis_813212_1976121123,http://creativecommons.org/licenses/by-nc/4.0/
859090,1976121123,Hybotidae_Hybos_culiciformis_813213_1976121123,http://creativecommons.org/licenses/by-nc/4.0/
859190,1971687897,Hybotidae_Drapetis_ephippiata_1495250_1971687897,http://creativecommons.org/licenses/by-nc-nd/4.0/
859191,1971687897,Hybotidae_Drapetis_ephippiata_1495251_1971687897,http://creativecommons.org/licenses/by-nc-nd/4.0/
859227,1975721039,Hybotidae_Hybos_culiciformis_121871_1975721039,http://creativecommons.org/licenses/by-nc/4.0/
859726,3715738514,Hybotidae_Tachypeza_nubila_1165350_3715738514,http://creativecommons.org/licenses/by-nc-nd/4.0/
861078,1967835441,Hybotidae_Platypalpus_annulipes_110649_1967835441,http://creativecommons.org/licenses/by-nc-nd/4.0/
861079,1967835441,Hybotidae_Platypalpus_annulipes_110650_1967835441,http://creativecommons.org/licenses/by-nc-nd/4.0/
861080,1967835441,Hybotidae_Platypalpus_annulipes_110651_1967835441,http://creativecommons.org/licenses/by-nc-nd/4.0/
863942,3907197215,Hybotidae_Hybos_culiciformis_633628_3907197215,http://creativecommons.org/licenses/by-nc-nd/4.0/
863943,3907197215,Hybotidae_Hybos_culiciformis_633629_3907197215,http://creativecommons.org/licenses/by-nc-nd/4.0/
863944,3907197215,Hybotidae_Hybos_culiciformis_633630_3907197215,http://creativecommons.org/licenses/by-nc-nd/4.0/
863945,3907197215,Hybotidae_Hybos_culiciformis_633631_3907197215,http://creativecommons.org/licenses/by-nc-nd/4.0/
863946,3907197215,Hybotidae_Hybos_culiciformis_633632_3907197215,http://creativecommons.org/licenses/by-nc-nd/4.0/
863947,3907197215,Hybotidae_Hybos_culiciformis_633633_3907197215,http://creativecommons.org/licenses/by-nc-nd/4.0/
864805,2837263883,Hybotidae_Hybos_culiciformis_909666_2837263883,http://creativecommons.org/licenses/by-nc/4.0/
866147,2844793655,Hybotidae_Drapetis_ephippiata_923739_2844793655,http://creativecommons.org/licenses/by/4.0/
866148,2844793655,Hybotidae_Drapetis_ephippiata_923740_2844793655,http://creativecommons.org/licenses/by/4.0/
866149,2844793655,Hybotidae_Drapetis_ephippiata_923741_2844793655,http://creativecommons.org/licenses/by/4.0/
867640,1955586872,Hybotidae_Ocydromia_glabricula_1472641_1955586872,http://creativecommons.org/licenses/by-nc-nd/4.0/
868038,1972859606,Hybotidae_Hybos_culiciformis_1496958_1972859606,http://creativecommons.org/licenses/by-nc/4.0/
869711,1955510309,Hybotidae_Platypalpus_cursitans_2851413_1955510309,http://creativecommons.org/licenses/by-nc-nd/4.0/
870837,1959508262,Hybotidae_Hybos_culiciformis_99191_1959508262,http://creativecommons.org/licenses/by-nc-nd/4.0/
870838,1959508262,Hybotidae_Hybos_culiciformis_99192_1959508262,http://creativecommons.org/licenses/by-nc-nd/4.0/
870839,1959508262,Hybotidae_Hybos_culiciformis_99193_1959508262,http://creativecommons.org/licenses/by-nc-nd/4.0/
871538,2839484349,Hybotidae_Ocydromia_glabricula_223137_2839484349,http://creativecommons.org/licenses/by-nc-nd/4.0/
871648,1960877522,Hybotidae_Tachypeza_nubila_2169486_1960877522,http://creativecommons.org/licenses/by-nc-nd/4.0/
871649,1960877522,Hybotidae_Tachypeza_nubila_2169487_1960877522,http://creativecommons.org/licenses/by-nc-nd/4.0/
871987,1966694824,Hybotidae_Tachypeza_nubila_1488936_1966694824,http://creativecommons.org/licenses/by-nc/4.0/
872282,1965378437,Hybotidae_Drapetis_ephippiata_2174875_1965378437,http://creativecommons.org/licenses/by-nc-nd/4.0/
873619,3997319842,Hybotidae_Hybos_culiciformis_2740513_3997319842,http://creativecommons.org/licenses/by-nc-nd/4.0/
873620,3997319842,Hybotidae_Hybos_culiciformis_2740514_3997319842,http://creativecommons.org/licenses/by-nc-nd/4.0/
874795,1965085085,Hybotidae_Hybos_culiciformis_1484742_1965085085,http://creativecommons.org/licenses/by-nc/4.0/
876151,3726676734,Hybotidae_Drapetis_ephippiata_3272819_3726676734,http://creativecommons.org/licenses/by-nc-nd/4.0/
876403,3722206677,Hybotidae_Hybos_culiciformis_1191066_3722206677,http://creativecommons.org/licenses/by-nc-nd/4.0/
876404,3722206677,Hybotidae_Hybos_culiciformis_1191067_3722206677,http://creativecommons.org/licenses/by-nc-nd/4.0/
876578,1965199720,Hybotidae_Drapetis_ephippiata_2864359_1965199720,http://creativecommons.org/licenses/by-nc-nd/4.0/
877813,2842972396,Hybotidae_Hybos_femoratus_2297581_2842972396,http://creativecommons.org/licenses/by-nc-nd/4.0/
878895,2843084699,Hybotidae_Ocydromia_glabricula_920139_2843084699,http://creativecommons.org/licenses/by-nc-nd/4.0/
878896,2843084699,Hybotidae_Ocydromia_glabricula_920140_2843084699,http://creativecommons.org/licenses/by-nc-nd/4.0/
879031,1951980066,Hybotidae_Hybos_culiciformis_1466791_1951980066,http://creativecommons.org/licenses/by-nc/4.0/
879032,1951980066,Hybotidae_Hybos_culiciformis_1466792_1951980066,http://creativecommons.org/licenses/by-nc/4.0/
879123,1965212516,Hybotidae_Drapetis_ephippiata_2174365_1965212516,http://creativecommons.org/licenses/by-nc-nd/4.0/
879937,2842186988,Hybotidae_Tachypeza_nubila_1606657_2842186988,http://creativecommons.org/licenses/by-nc/4.0/
880998,1965207453,Hybotidae_Drapetis_ephippiata_1485162_1965207453,http://creativecommons.org/licenses/by-nc-nd/4.0/
881942,1965212434,Hybotidae_Drapetis_ephippiata_1485222_1965212434,http://creativecommons.org/licenses/by-nc-nd/4.0/
882331,2837562103,Hybotidae_Hybos_culiciformis_2288194_2837562103,http://creativecommons.org/licenses/by-nc-nd/4.0/
882677,1965033752,Hybotidae_Hybos_culiciformis_796131_1965033752,http://creativecommons.org/licenses/by-nc/4.0/
883789,1958080482,Hybotidae_Euthyneura_gyllenhali_2165728_1958080482,http://creativecommons.org/licenses/by-nc/4.0/
885261,1976337571,Hybotidae_Hybos_culiciformis_1502044_1976337571,http://creativecommons.org/licenses/by-nc-nd/4.0/
885642,1976167031,Hybotidae_Hybos_culiciformis_2881039_1976167031,http://creativecommons.org/licenses/by-nc/4.0/
885643,1976167031,Hybotidae_Hybos_culiciformis_2881040_1976167031,http://creativecommons.org/licenses/by-nc/4.0/
886258,3906296114,Hybotidae_Hybos_culiciformis_2006200_3906296114,http://creativecommons.org/licenses/by-sa/4.0/
886271,3905021806,Hybotidae_Hybos_culiciformis_2688281_3905021806,http://creativecommons.org/licenses/by/4.0/
886937,3864337533,Hybotidae_Hybos_culiciformis_3346291_3864337533,© All rights reserved
886938,3864337533,Hybotidae_Hybos_culiciformis_3346292_3864337533,© All rights reserved
886939,3864337533,Hybotidae_Hybos_culiciformis_3346293_3864337533,© All rights reserved
886940,3864337533,Hybotidae_Hybos_culiciformis_3346294_3864337533,© All rights reserved
887368,2825939390,Hybotidae_Tachydromia_umbrarum_2276985_2825939390,© All rights reserved
887919,2834067653,Hybotidae_Tachypeza_nubila_903934_2834067653,http://creativecommons.org/licenses/by-nc-nd/4.0/
888249,1972108939,Hybotidae_Tachypeza_nubila_2185000_1972108939,http://creativecommons.org/licenses/by-nc-nd/4.0/
888956,1959750016,Hybotidae_Hybos_femoratus_790326_1959750016,http://creativecommons.org/licenses/by-nc-nd/4.0/
889116,1952601059,Hybotidae_Hybos_culiciformis_88451_1952601059,http://creativecommons.org/licenses/by-nc/4.0/
889117,1952601059,Hybotidae_Hybos_culiciformis_88452_1952601059,http://creativecommons.org/licenses/by-nc/4.0/
891341,3907381250,Hybotidae_Hybos_culiciformis_3392435_3907381250,http://creativecommons.org/licenses/by-nc-nd/4.0/
891342,3907381250,Hybotidae_Hybos_culiciformis_3392436_3907381250,http://creativecommons.org/licenses/by-nc-nd/4.0/
891404,1965202441,Hybotidae_Drapetis_ephippiata_2864424_1965202441,http://creativecommons.org/licenses/by-nc-nd/4.0/
893318,3716733691,Hybotidae_Stilpon_graminum_2547199_3716733691,http://creativecommons.org/licenses/by-nc-nd/4.0/
894525,1960812424,Hybotidae_Tachypeza_nubila_2169415_1960812424,http://creativecommons.org/licenses/by-nc-nd/4.0/
894526,1960812424,Hybotidae_Tachypeza_nubila_2169416_1960812424,http://creativecommons.org/licenses/by-nc-nd/4.0/
894744,1951711380,Hybotidae_Tachypeza_nubila_2155517_1951711380,http://creativecommons.org/licenses/by-nc-nd/4.0/
896065,1968866743,Hybotidae_Hybos_culiciformis_1490711_1968866743,http://creativecommons.org/licenses/by-nc/4.0/
896099,1968790026,Hybotidae_Hybos_culiciformis_1490619_1968790026,http://creativecommons.org/licenses/by-nc/4.0/
897899,1966570669,Hybotidae_Tachydromia_umbrarum_1488666_1966570669,http://creativecommons.org/licenses/by-nc-nd/4.0/
897900,1966570669,Hybotidae_Tachydromia_umbrarum_1488667_1966570669,http://creativecommons.org/licenses/by-nc-nd/4.0/
898220,1973663490,Hybotidae_Hybos_culiciformis_1498586_1973663490,http://creativecommons.org/licenses/by-nc/4.0/
898895,2837054911,Hybotidae_Hybos_culiciformis_909107_2837054911,http://creativecommons.org/licenses/by-nc-nd/4.0/
900259,1961006809,Hybotidae_Hybos_culiciformis_2169603_1961006809,http://creativecommons.org/licenses/by-nc-nd/4.0/
900274,2840553720,Hybotidae_Tachypeza_nubila_1603035_2840553720,http://creativecommons.org/licenses/by-nc-nd/4.0/
900452,1954090096,Hybotidae_Platypalpus_longicornis_1470130_1954090096,http://creativecommons.org/licenses/by-nc-nd/4.0/
900633,1975929955,Hybotidae_Hybos_culiciformis_1501376_1975929955,http://creativecommons.org/licenses/by-nc/4.0/
901305,1968704942,Hybotidae_Ocydromia_glabricula_2869818_1968704942,http://creativecommons.org/licenses/by-nc-nd/4.0/
901890,1972753132,Hybotidae_Hybos_culiciformis_2876293_1972753132,http://creativecommons.org/licenses/by-nc/4.0/
902662,1965406391,Hybotidae_Drapetis_ephippiata_2865226_1965406391,http://creativecommons.org/licenses/by-nc-nd/4.0/
903737,2834333027,Hybotidae_Tachypeza_nubila_1593909_2834333027,http://creativecommons.org/licenses/by-nc-nd/4.0/
903838,1965223905,Hybotidae_Drapetis_ephippiata_1485356_1965223905,http://creativecommons.org/licenses/by-nc-nd/4.0/
904121,1974957517,Hybotidae_Platypalpus_longiseta_812205_1974957517,http://creativecommons.org/licenses/by-nc-nd/4.0/
907100,1972579492,Hybotidae_Hybos_culiciformis_2875978_1972579492,http://creativecommons.org/licenses/by-nc-nd/4.0/
907101,1972579492,Hybotidae_Hybos_culiciformis_2875979_1972579492,http://creativecommons.org/licenses/by-nc-nd/4.0/
907252,2839288811,Hybotidae_Ocydromia_glabricula_913254_2839288811,http://creativecommons.org/licenses/by-nc-nd/4.0/
907439,1952693432,Hybotidae_Hybos_femoratus_779310_1952693432,http://creativecommons.org/licenses/by-nc-nd/4.0/
907870,1975967785,Hybotidae_Hybos_culiciformis_122272_1975967785,http://creativecommons.org/licenses/by-nc-sa/4.0/
907871,1975967785,Hybotidae_Hybos_culiciformis_122273_1975967785,http://creativecommons.org/licenses/by-nc-sa/4.0/
907872,1975967785,Hybotidae_Hybos_culiciformis_122274_1975967785,http://creativecommons.org/licenses/by-nc-sa/4.0/
907873,1975967785,Hybotidae_Hybos_culiciformis_122275_1975967785,http://creativecommons.org/licenses/by-nc-sa/4.0/
908422,1965207383,Hybotidae_Drapetis_ephippiata_2864519_1965207383,http://creativecommons.org/licenses/by-nc-nd/4.0/
908617,1967820048,Hybotidae_Platypalpus_longicornis_1489899_1967820048,http://creativecommons.org/licenses/by-nc-nd/4.0/
908618,1967820048,Hybotidae_Platypalpus_longicornis_1489900_1967820048,http://creativecommons.org/licenses/by-nc-nd/4.0/
909523,1965208638,Hybotidae_Drapetis_ephippiata_2174341_1965208638,http://creativecommons.org/licenses/by-nc-nd/4.0/
909736,1959108488,Hybotidae_Ocydromia_glabricula_789104_1959108488,http://creativecommons.org/licenses/by-nc-nd/4.0/
909938,1957085732,Hybotidae_Hybos_culiciformis_2163452_1957085732,http://creativecommons.org/licenses/by-nc-nd/4.0/
909939,1957085732,Hybotidae_Hybos_culiciformis_2163453_1957085732,http://creativecommons.org/licenses/by-nc-nd/4.0/
909940,1957085732,Hybotidae_Hybos_culiciformis_2163454_1957085732,http://creativecommons.org/licenses/by-nc-nd/4.0/
910194,1967819890,Hybotidae_Platypalpus_cursitans_110637_1967819890,http://creativecommons.org/licenses/by-nc-nd/4.0/
910195,1967819890,Hybotidae_Platypalpus_cursitans_110638_1967819890,http://creativecommons.org/licenses/by-nc-nd/4.0/
911814,1971633607,Hybotidae_Platypalpus_pectoralis_1495217_1971633607,http://creativecommons.org/licenses/by-nc-nd/4.0/
911815,1971633607,Hybotidae_Platypalpus_pectoralis_1495218_1971633607,http://creativecommons.org/licenses/by-nc-nd/4.0/
911816,1971633607,Hybotidae_Platypalpus_pectoralis_1495219_1971633607,http://creativecommons.org/licenses/by-nc-nd/4.0/
911817,1971633607,Hybotidae_Platypalpus_pectoralis_1495220_1971633607,http://creativecommons.org/licenses/by-nc-nd/4.0/
913066,3393103358,Hybotidae_Platypalpus_cursitans_1016858_3393103358,© All rights reserved
913067,3393103358,Hybotidae_Platypalpus_cursitans_1016859_3393103358,© All rights reserved
913068,3393103358,Hybotidae_Platypalpus_cursitans_1016860_3393103358,© All rights reserved
913111,2429728598,Hybotidae_Tachydromia_umbrarum_158589_2429728598,© All rights reserved
913112,2429728598,Hybotidae_Tachydromia_umbrarum_158590_2429728598,© All rights reserved
913113,2429728598,Hybotidae_Tachydromia_umbrarum_158591_2429728598,© All rights reserved
913680,1995143031,Hybotidae_Tachypeza_nubila_2891006_1995143031,© all rights reserved
913681,1995143031,Hybotidae_Tachypeza_nubila_2891007_1995143031,© all rights reserved
913682,1995143031,Hybotidae_Tachypeza_nubila_2891008_1995143031,© all rights reserved
913690,1459363460,Hybotidae_Tachypeza_nubila_2805832_1459363460,© all rights reserved
913780,2815991537,Hybotidae_Symballophthalmus_dissimilis_1585494_2815991537,© all rights reserved
913781,2815991537,Hybotidae_Symballophthalmus_dissimilis_1585495_2815991537,© all rights reserved
913782,2815991537,Hybotidae_Symballophthalmus_dissimilis_1585496_2815991537,© all rights reserved
913783,2815991537,Hybotidae_Symballophthalmus_dissimilis_1585497_2815991537,© all rights reserved
913784,2815991537,Hybotidae_Symballophthalmus_dissimilis_1585498_2815991537,© all rights reserved
913925,3821089151,Hybotidae_Leptopeza_flavipes_1247522_3821089151,http://creativecommons.org/licenses/by-sa/4.0/
916017,2842287733,Hybotidae_Hybos_culiciformis_1606937_2842287733,http://creativecommons.org/licenses/by-nc-nd/4.0/
916018,2842287733,Hybotidae_Hybos_culiciformis_1606938_2842287733,http://creativecommons.org/licenses/by-nc-nd/4.0/
916439,2834268856,Hybotidae_Hybos_culiciformis_2973041_2834268856,http://creativecommons.org/licenses/by-nc-nd/4.0/
916847,3907569391,Hybotidae_Hybos_culiciformis_2703036_3907569391,http://creativecommons.org/licenses/by-nc-nd/4.0/
917286,1965221873,Hybotidae_Drapetis_ephippiata_2864678_1965221873,http://creativecommons.org/licenses/by-nc-nd/4.0/
917321,2843335900,Hybotidae_Platypalpus_australominutus_230430_2843335900,http://creativecommons.org/licenses/by-nc-nd/4.0/
917322,2843335900,Hybotidae_Platypalpus_australominutus_230431_2843335900,http://creativecommons.org/licenses/by-nc-nd/4.0/
918701,2838559103,Hybotidae_Hybos_culiciformis_222189_2838559103,http://creativecommons.org/licenses/by-nc/4.0/
919011,1965221119,Hybotidae_Drapetis_ephippiata_1485304_1965221119,http://creativecommons.org/licenses/by-nc-nd/4.0/
919535,1974957846,Hybotidae_Platypalpus_strigifrons_812206_1974957846,http://creativecommons.org/licenses/by-nc-nd/4.0/
919536,1974957846,Hybotidae_Platypalpus_strigifrons_812207_1974957846,http://creativecommons.org/licenses/by-nc-nd/4.0/
919631,1975948990,Hybotidae_Hybos_culiciformis_1501399_1975948990,http://creativecommons.org/licenses/by-nc/4.0/
919940,2842479290,Hybotidae_Tachypeza_nubila_2296490_2842479290,http://creativecommons.org/licenses/by-nc-nd/4.0/
920340,1959045792,Hybotidae_Tachypeza_nubila_2856762_1959045792,http://creativecommons.org/licenses/by-nc-nd/4.0/
920620,1965406376,Hybotidae_Drapetis_ephippiata_1485826_1965406376,http://creativecommons.org/licenses/by-nc-nd/4.0/
921202,1965198818,Hybotidae_Drapetis_ephippiata_796497_1965198818,http://creativecommons.org/licenses/by-nc-nd/4.0/
921863,1967247557,Hybotidae_Tachypeza_nubila_110400_1967247557,http://creativecommons.org/licenses/by-nc-nd/4.0/
921957,1954097549,Hybotidae_Ocydromia_glabricula_1470137_1954097549,http://creativecommons.org/licenses/by-nc-nd/4.0/
925199,2397888904,Hybotidae_Hybos_femoratus_841725_2397888904,http://creativecommons.org/licenses/by-nc-sa/4.0/
925200,2397888904,Hybotidae_Hybos_femoratus_841726_2397888904,http://creativecommons.org/licenses/by-nc-sa/4.0/
925528,1965381060,Hybotidae_Drapetis_ephippiata_2865161_1965381060,http://creativecommons.org/licenses/by-nc-nd/4.0/
925584,1964705446,Hybotidae_Hybos_culiciformis_795545_1964705446,http://creativecommons.org/licenses/by-nc/4.0/
925802,2836955025,Hybotidae_Hybos_culiciformis_2977097_2836955025,http://creativecommons.org/licenses/by-nc-nd/4.0/
926049,1965218366,Hybotidae_Drapetis_ephippiata_1485275_1965218366,http://creativecommons.org/licenses/by-nc-nd/4.0/
926488,1957251395,Hybotidae_Tachypeza_nubila_2163806_1957251395,http://creativecommons.org/licenses/by-nc-nd/4.0/
926489,1957251395,Hybotidae_Tachypeza_nubila_2163807_1957251395,http://creativecommons.org/licenses/by-nc-nd/4.0/
926490,1957251395,Hybotidae_Tachypeza_nubila_2163808_1957251395,http://creativecommons.org/licenses/by-nc-nd/4.0/
926491,1957251395,Hybotidae_Tachypeza_nubila_2163809_1957251395,http://creativecommons.org/licenses/by-nc-nd/4.0/
927839,1972574397,Hybotidae_Hybos_culiciformis_2185747_1972574397,http://creativecommons.org/licenses/by-nc/4.0/
927855,2840028892,Hybotidae_Ocydromia_glabricula_1602490_2840028892,http://creativecommons.org/licenses/by-nc-nd/4.0/
928238,1972471404,Hybotidae_Hybos_culiciformis_2185546_1972471404,http://creativecommons.org/licenses/by-nc/4.0/
929064,2841678658,Hybotidae_Tachypeza_nubila_916438_2841678658,http://creativecommons.org/licenses/by-nc/4.0/
930129,1965202931,Hybotidae_Drapetis_ephippiata_2174239_1965202931,http://creativecommons.org/licenses/by-nc-nd/4.0/
930743,2841172242,Hybotidae_Hybos_culiciformis_2983536_2841172242,http://creativecommons.org/licenses/by-nc/4.0/
931948,1967819915,Hybotidae_Platypalpus_cursitans_2178923_1967819915,http://creativecommons.org/licenses/by-nc-nd/4.0/
931949,1967819915,Hybotidae_Platypalpus_cursitans_2178924_1967819915,http://creativecommons.org/licenses/by-nc-nd/4.0/
931950,1967819915,Hybotidae_Platypalpus_cursitans_2178925_1967819915,http://creativecommons.org/licenses/by-nc-nd/4.0/
932796,1965212673,Hybotidae_Drapetis_ephippiata_1485231_1965212673,http://creativecommons.org/licenses/by-nc-nd/4.0/
932882,1967835055,Hybotidae_Platypalpus_pallidiventris_801344_1967835055,http://creativecommons.org/licenses/by-nc-nd/4.0/
932883,1967835055,Hybotidae_Platypalpus_pallidiventris_801345_1967835055,http://creativecommons.org/licenses/by-nc-nd/4.0/
933889,2841394440,Hybotidae_Platypalpus_australominutus_225488_2841394440,http://creativecommons.org/licenses/by-nc-nd/4.0/
933890,2841394440,Hybotidae_Platypalpus_australominutus_225489_2841394440,http://creativecommons.org/licenses/by-nc-nd/4.0/
934058,3731115648,Hybotidae_Hybos_culiciformis_3289828_3731115648,http://creativecommons.org/licenses/by-nc-nd/4.0/
934376,1954090728,Hybotidae_Platypalpus_annulatus_2849032_1954090728,http://creativecommons.org/licenses/by-nc-nd/4.0/
934377,1954090728,Hybotidae_Platypalpus_annulatus_2849033_1954090728,http://creativecommons.org/licenses/by-nc-nd/4.0/
934378,1954090728,Hybotidae_Platypalpus_annulatus_2849034_1954090728,http://creativecommons.org/licenses/by-nc-nd/4.0/
934379,1954090728,Hybotidae_Platypalpus_annulatus_2849035_1954090728,http://creativecommons.org/licenses/by-nc-nd/4.0/
934941,1965207398,Hybotidae_Drapetis_ephippiata_105896_1965207398,http://creativecommons.org/licenses/by-nc-nd/4.0/
936045,1976567886,Hybotidae_Hybos_culiciformis_814169_1976567886,http://creativecommons.org/licenses/by-nc-nd/4.0/
936298,1976179114,Hybotidae_Hybos_culiciformis_2881065_1976179114,http://creativecommons.org/licenses/by-nc-nd/4.0/
937133,1976190190,Hybotidae_Hybos_culiciformis_813391_1976190190,http://creativecommons.org/licenses/by-nc-nd/4.0/
937550,1965202538,Hybotidae_Drapetis_ephippiata_796563_1965202538,http://creativecommons.org/licenses/by-nc-nd/4.0/
940025,1965199213,Hybotidae_Drapetis_ephippiata_796505_1965199213,http://creativecommons.org/licenses/by-nc-nd/4.0/
940026,1965199213,Hybotidae_Drapetis_ephippiata_796506_1965199213,http://creativecommons.org/licenses/by-nc-nd/4.0/
940415,1966188356,Hybotidae_Hybos_culiciformis_108255_1966188356,http://creativecommons.org/licenses/by/4.0/
941074,1971676605,Hybotidae_Platypalpus_pallidiventris_1495234_1971676605,http://creativecommons.org/licenses/by-nc-nd/4.0/
941075,1971676605,Hybotidae_Platypalpus_pallidiventris_1495235_1971676605,http://creativecommons.org/licenses/by-nc-nd/4.0/
941076,1971676605,Hybotidae_Platypalpus_pallidiventris_1495236_1971676605,http://creativecommons.org/licenses/by-nc-nd/4.0/
941264,1965380505,Hybotidae_Drapetis_ephippiata_1485754_1965380505,http://creativecommons.org/licenses/by-nc-nd/4.0/
942524,1966497014,Hybotidae_Tachypeza_nubila_2867791_1966497014,http://creativecommons.org/licenses/by-nc-nd/4.0/
943775,1975988088,Hybotidae_Hybos_culiciformis_2880812_1975988088,http://creativecommons.org/licenses/by-nc/4.0/
944149,3715527782,Hybotidae_Tachypeza_nubila_3234172_3715527782,http://creativecommons.org/licenses/by-nc-nd/4.0/
948921,1975722240,Hybotidae_Hybos_culiciformis_121872_1975722240,http://creativecommons.org/licenses/by-nc/4.0/
951848,1952858830,Hybotidae_Hybos_femoratus_779645_1952858830,http://creativecommons.org/licenses/by-nc-nd/4.0/
952305,1974195084,Hybotidae_Platypalpus_australominutus_2879266_1974195084,http://creativecommons.org/licenses/by-nc-nd/4.0/
953449,1951812042,Hybotidae_Ocydromia_glabricula_87277_1951812042,http://creativecommons.org/licenses/by-nc-nd/4.0/
954516,1954097678,Hybotidae_Tachydromia_smithi_90836_1954097678,http://creativecommons.org/licenses/by-nc-nd/4.0/
954517,1954097678,Hybotidae_Tachydromia_smithi_90837_1954097678,http://creativecommons.org/licenses/by-nc-nd/4.0/
954518,1954097678,Hybotidae_Tachydromia_smithi_90838_1954097678,http://creativecommons.org/licenses/by-nc-nd/4.0/
955456,1959161256,Hybotidae_Ocydromia_glabricula_2167052_1959161256,http://creativecommons.org/licenses/by-nc-nd/4.0/
956575,3997127429,Hybotidae_Hybos_culiciformis_1360752_3997127429,http://creativecommons.org/licenses/by-nc-nd/4.0/
957278,1958728482,Hybotidae_Tachypeza_nubila_1477321_1958728482,http://creativecommons.org/licenses/by-nc/4.0/
957279,1958728482,Hybotidae_Tachypeza_nubila_1477322_1958728482,http://creativecommons.org/licenses/by-nc/4.0/
957280,1958728482,Hybotidae_Tachypeza_nubila_1477323_1958728482,http://creativecommons.org/licenses/by-nc/4.0/
957301,1972934524,Hybotidae_Hybos_culiciformis_118165_1972934524,http://creativecommons.org/licenses/by-nc/4.0/
957687,3905589476,Hybotidae_Hybos_culiciformis_624242_3905589476,http://creativecommons.org/licenses/by-nc-nd/4.0/
957688,3905589476,Hybotidae_Hybos_culiciformis_624243_3905589476,http://creativecommons.org/licenses/by-nc-nd/4.0/
957689,3905589476,Hybotidae_Hybos_culiciformis_624244_3905589476,http://creativecommons.org/licenses/by-nc-nd/4.0/
958294,1953409658,Hybotidae_Tachypeza_nubila_2848386_1953409658,http://creativecommons.org/licenses/by-nc-nd/4.0/
958295,1953409658,Hybotidae_Tachypeza_nubila_2848387_1953409658,http://creativecommons.org/licenses/by-nc-nd/4.0/
958536,2842282006,Hybotidae_Hybos_femoratus_227931_2842282006,http://creativecommons.org/licenses/by-nc-nd/4.0/
960702,2840957802,Hybotidae_Tachydromia_aemula_914985_2840957802,http://creativecommons.org/licenses/by-nc-nd/4.0/
960703,2840957802,Hybotidae_Tachydromia_aemula_914986_2840957802,http://creativecommons.org/licenses/by-nc-nd/4.0/
960704,2840957802,Hybotidae_Tachydromia_aemula_914987_2840957802,http://creativecommons.org/licenses/by-nc-nd/4.0/
960705,2840957802,Hybotidae_Tachydromia_aemula_914988_2840957802,http://creativecommons.org/licenses/by-nc-nd/4.0/
962232,1967819996,Hybotidae_Platypalpus_agilis_1489897_1967819996,http://creativecommons.org/licenses/by-nc-nd/4.0/
962233,1967819996,Hybotidae_Platypalpus_agilis_1489898_1967819996,http://creativecommons.org/licenses/by-nc-nd/4.0/
964181,1976377696,Hybotidae_Hybos_culiciformis_2881434_1976377696,http://creativecommons.org/licenses/by-nc-nd/4.0/
964182,1976377696,Hybotidae_Hybos_culiciformis_2881435_1976377696,http://creativecommons.org/licenses/by-nc-nd/4.0/
965054,2838020004,Hybotidae_Hybos_culiciformis_2289180_2838020004,http://creativecommons.org/licenses/by-nc/4.0/
965154,1973162855,Hybotidae_Hybos_culiciformis_809597_1973162855,http://creativecommons.org/licenses/by-nc/4.0/
965418,1975794303,Hybotidae_Tachydromia_arrogans_2880404_1975794303,http://creativecommons.org/licenses/by-nc-nd/4.0/
965419,1975794303,Hybotidae_Tachydromia_arrogans_2880405_1975794303,http://creativecommons.org/licenses/by-nc-nd/4.0/
965420,1975794303,Hybotidae_Tachydromia_arrogans_2880406_1975794303,http://creativecommons.org/licenses/by-nc-nd/4.0/
966358,2832391556,Hybotidae_Ocydromia_glabricula_901273_2832391556,http://creativecommons.org/licenses/by-nc-nd/4.0/
966359,2832391556,Hybotidae_Ocydromia_glabricula_901274_2832391556,http://creativecommons.org/licenses/by-nc-nd/4.0/
966360,2832391556,Hybotidae_Ocydromia_glabricula_901275_2832391556,http://creativecommons.org/licenses/by-nc-nd/4.0/
966376,1954494351,Hybotidae_Bicellaria_pilosa_2849214_1954494351,http://creativecommons.org/licenses/by-nc-nd/4.0/
966753,3905718429,Hybotidae_Hybos_culiciformis_2002765_3905718429,http://creativecommons.org/licenses/by-nc-nd/4.0/
967079,3995763814,Hybotidae_Hybos_culiciformis_1355882_3995763814,http://creativecommons.org/licenses/by-nc/4.0/
967163,2841297886,Hybotidae_Hybos_culiciformis_915536_2841297886,http://creativecommons.org/licenses/by-nc-nd/4.0/
967164,2841297886,Hybotidae_Hybos_culiciformis_915537_2841297886,http://creativecommons.org/licenses/by-nc-nd/4.0/
968030,1965202145,Hybotidae_Drapetis_ephippiata_105811_1965202145,http://creativecommons.org/licenses/by-nc-nd/4.0/
968042,1965340642,Hybotidae_Drapetis_ephippiata_106381_1965340642,http://creativecommons.org/licenses/by-nc-nd/4.0/
969362,1972584143,Hybotidae_Hybos_culiciformis_2185767_1972584143,http://creativecommons.org/licenses/by-nc/4.0/
969608,3995363241,Hybotidae_Hybos_culiciformis_1354481_3995363241,http://creativecommons.org/licenses/by-nc-nd/4.0/
969822,1955359260,Hybotidae_Drapetis_ephippiata_783210_1955359260,http://creativecommons.org/licenses/by-nc-nd/4.0/
969823,1955359260,Hybotidae_Drapetis_ephippiata_783211_1955359260,http://creativecommons.org/licenses/by-nc-nd/4.0/
969980,1967819868,Hybotidae_Platypalpus_longicornis_110635_1967819868,http://creativecommons.org/licenses/by-nc-nd/4.0/
969981,1967819868,Hybotidae_Platypalpus_longicornis_110636_1967819868,http://creativecommons.org/licenses/by-nc-nd/4.0/
971126,2844710584,Hybotidae_Tachypeza_nubila_923441_2844710584,http://creativecommons.org/licenses/by-nc/4.0/
971699,1965218943,Hybotidae_Drapetis_ephippiata_2174422_1965218943,http://creativecommons.org/licenses/by-nc-nd/4.0/
972025,1956860838,Hybotidae_Tachypeza_nubila_94732_1956860838,http://creativecommons.org/licenses/by-nc-nd/4.0/
972505,1969815996,Hybotidae_Hybos_femoratus_1492688_1969815996,http://creativecommons.org/licenses/by-nc-nd/4.0/
973765,1965201300,Hybotidae_Drapetis_ephippiata_1485060_1965201300,http://creativecommons.org/licenses/by-nc-nd/4.0/
975576,1973193346,Hybotidae_Hybos_culiciformis_118946_1973193346,http://creativecommons.org/licenses/by-nc-nd/4.0/
977046,1975044235,Hybotidae_Hybos_femoratus_812297_1975044235,http://creativecommons.org/licenses/by-nc-nd/4.0/
980715,3907144657,Hybotidae_Hybos_culiciformis_2011032_3907144657,http://creativecommons.org/licenses/by-nc-nd/4.0/
981816,1964971856,Hybotidae_Hybos_culiciformis_796019_1964971856,http://creativecommons.org/licenses/by-nc-sa/4.0/
981866,1965212898,Hybotidae_Drapetis_ephippiata_796717_1965212898,http://creativecommons.org/licenses/by-nc-nd/4.0/
982969,1967860265,Hybotidae_Platypalpus_maculipes_1489912_1967860265,http://creativecommons.org/licenses/by-nc-nd/4.0/
982970,1967860265,Hybotidae_Platypalpus_maculipes_1489913_1967860265,http://creativecommons.org/licenses/by-nc-nd/4.0/
983573,1967835013,Hybotidae_Platypalpus_australominutus_110648_1967835013,http://creativecommons.org/licenses/by-nc-nd/4.0/
984050,1959034854,Hybotidae_Tachypeza_nubila_789004_1959034854,http://creativecommons.org/licenses/by-nc-nd/4.0/
986619,1973645708,Hybotidae_Hybos_culiciformis_2878044_1973645708,http://creativecommons.org/licenses/by-nc-nd/4.0/
986620,1973645708,Hybotidae_Hybos_culiciformis_2878045_1973645708,http://creativecommons.org/licenses/by-nc-nd/4.0/
988463,1964948631,Hybotidae_Hybos_culiciformis_795964_1964948631,http://creativecommons.org/licenses/by-nc/4.0/
988568,1974005133,Hybotidae_Tachypeza_nubila_2878959_1974005133,http://creativecommons.org/licenses/by-nc/4.0/
990202,3906402778,Hybotidae_Hybos_culiciformis_2006841_3906402778,http://creativecommons.org/licenses/by-nc-nd/4.0/
991081,1967820017,Hybotidae_Platypalpus_aristatus_2178931_1967820017,http://creativecommons.org/licenses/by-nc-nd/4.0/
991082,1967820017,Hybotidae_Platypalpus_aristatus_2178932_1967820017,http://creativecommons.org/licenses/by-nc-nd/4.0/
991393,1954372056,Hybotidae_Hybos_femoratus_781490_1954372056,http://creativecommons.org/licenses/by-nc-nd/4.0/
991608,1972953704,Hybotidae_Hybos_culiciformis_809002_1972953704,http://creativecommons.org/licenses/by-nc-nd/4.0/
991636,1955186770,Hybotidae_Hybos_culiciformis_92219_1955186770,http://creativecommons.org/licenses/by-nc/4.0/
991637,1955186770,Hybotidae_Hybos_culiciformis_92220_1955186770,http://creativecommons.org/licenses/by-nc/4.0/
991974,2833753895,Hybotidae_Tachypeza_nubila_212511_2833753895,http://creativecommons.org/licenses/by-nc-nd/4.0/
991975,2833753895,Hybotidae_Tachypeza_nubila_212512_2833753895,http://creativecommons.org/licenses/by-nc-nd/4.0/
992961,2844428297,Hybotidae_Tachypeza_nubila_2300178_2844428297,http://creativecommons.org/licenses/by-nc-nd/4.0/
993506,1965200390,Hybotidae_Drapetis_ephippiata_105783_1965200390,http://creativecommons.org/licenses/by-nc-nd/4.0/
993821,2837051701,Hybotidae_Drapetis_ephippiata_218713_2837051701,http://creativecommons.org/licenses/by-nc-nd/4.0/
993893,1972641936,Hybotidae_Hybos_culiciformis_1496479_1972641936,http://creativecommons.org/licenses/by-nc/4.0/
996695,1965223627,Hybotidae_Drapetis_ephippiata_2174482_1965223627,http://creativecommons.org/licenses/by-nc-nd/4.0/
996769,2987041338,Hybotidae_Platypalpus_notatus_2325168_2987041338,© All rights reserved
996770,2987041338,Hybotidae_Platypalpus_notatus_2325169_2987041338,© All rights reserved
996771,2987041338,Hybotidae_Platypalpus_notatus_2325170_2987041338,© All rights reserved
996772,2987041338,Hybotidae_Platypalpus_notatus_2325171_2987041338,© All rights reserved
997194,3924267510,Hybotidae_Bicellaria_austriaca_646932_3924267510,© All rights reserved
997235,3886498418,Hybotidae_Platypalpus_candicans_598941_3886498418,© All rights reserved
997298,3898862466,Hybotidae_Hybos_culiciformis_3362696_3898862466,© All rights reserved
997299,3898862466,Hybotidae_Hybos_culiciformis_3362697_3898862466,© All rights reserved
997547,1481560451,Hybotidae_Platypalpus_maculipes_2118882_1481560451,© all rights reserved
997548,1481560451,Hybotidae_Platypalpus_maculipes_2118883_1481560451,© all rights reserved
997700,3013268552,Hybotidae_Hybos_culiciformis_261752_3013268552,© all rights reserved
997704,1460290011,Hybotidae_Leptopeza_flavipes_48787_1460290011,© all rights reserved
997742,1459489417,Hybotidae_Platypalpus_minutus_47246_1459489417,© all rights reserved
997743,1459489417,Hybotidae_Platypalpus_minutus_47247_1459489417,© all rights reserved
997744,1459489417,Hybotidae_Platypalpus_minutus_47248_1459489417,© all rights reserved
997932,1965208227,Hybotidae_Drapetis_ephippiata_1485183_1965208227,http://creativecommons.org/licenses/by-nc-nd/4.0/
1000479,1972909502,Hybotidae_Hybos_culiciformis_2186495_1972909502,http://creativecommons.org/licenses/by-nc/4.0/
1002717,1954563556,Hybotidae_Ocydromia_glabricula_2159472_1954563556,http://creativecommons.org/licenses/by-nc-nd/4.0/
1002718,1954563556,Hybotidae_Ocydromia_glabricula_2159473_1954563556,http://creativecommons.org/licenses/by-nc-nd/4.0/
1002719,1954563556,Hybotidae_Ocydromia_glabricula_2159474_1954563556,http://creativecommons.org/licenses/by-nc-nd/4.0/
1003032,1955458811,Hybotidae_Hybos_femoratus_2161309_1955458811,http://creativecommons.org/licenses/by-nc/4.0/
1003247,3715793558,Hybotidae_Tachypeza_nubila_475803_3715793558,http://creativecommons.org/licenses/by-nc-nd/4.0/
1003506,3995852553,Hybotidae_Hybos_culiciformis_668012_3995852553,http://creativecommons.org/licenses/by-nc/4.0/
1003507,3995852553,Hybotidae_Hybos_culiciformis_668013_3995852553,http://creativecommons.org/licenses/by-nc/4.0/
1003983,2834915692,Hybotidae_Hybos_culiciformis_906536_2834915692,http://creativecommons.org/licenses/by/4.0/
1004740,1955368704,Hybotidae_Hybos_femoratus_2850900_1955368704,http://creativecommons.org/licenses/by-nc-nd/4.0/
1005077,1954823955,Hybotidae_Tachypeza_nubila_91400_1954823955,http://creativecommons.org/licenses/by-nc-nd/4.0/
1005078,1954823955,Hybotidae_Tachypeza_nubila_91401_1954823955,http://creativecommons.org/licenses/by-nc-nd/4.0/
1005079,1954823955,Hybotidae_Tachypeza_nubila_91402_1954823955,http://creativecommons.org/licenses/by-nc-nd/4.0/
1005472,2843333059,Hybotidae_Hybos_culiciformis_2298339_2843333059,http://creativecommons.org/licenses/by-nc-nd/4.0/
1005541,1957830640,Hybotidae_Hybos_femoratus_787244_1957830640,http://creativecommons.org/licenses/by-nc-nd/4.0/
1005542,1957830640,Hybotidae_Hybos_femoratus_787245_1957830640,http://creativecommons.org/licenses/by-nc-nd/4.0/
1005543,1957830640,Hybotidae_Hybos_femoratus_787246_1957830640,http://creativecommons.org/licenses/by-nc-nd/4.0/
1005544,1957830640,Hybotidae_Hybos_femoratus_787247_1957830640,http://creativecommons.org/licenses/by-nc-nd/4.0/
1005545,1957830640,Hybotidae_Hybos_femoratus_787248_1957830640,http://creativecommons.org/licenses/by-nc-nd/4.0/
1005699,1955478414,Hybotidae_Hybos_femoratus_2851293_1955478414,http://creativecommons.org/licenses/by-nc-nd/4.0/
1005700,1955478414,Hybotidae_Hybos_femoratus_2851294_1955478414,http://creativecommons.org/licenses/by-nc-nd/4.0/
1006251,3904871135,Hybotidae_Hybos_culiciformis_620067_3904871135,http://creativecommons.org/licenses/by-nc-nd/4.0/
1006252,3904871135,Hybotidae_Hybos_culiciformis_620068_3904871135,http://creativecommons.org/licenses/by-nc-nd/4.0/
1006253,3904871135,Hybotidae_Hybos_culiciformis_620069_3904871135,http://creativecommons.org/licenses/by-nc-nd/4.0/
1007637,1965220629,Hybotidae_Drapetis_ephippiata_1485303_1965220629,http://creativecommons.org/licenses/by-nc-nd/4.0/
1009390,1965378021,Hybotidae_Drapetis_ephippiata_1485734_1965378021,http://creativecommons.org/licenses/by-nc-nd/4.0/
1009736,1965203524,Hybotidae_Drapetis_ephippiata_1485109_1965203524,http://creativecommons.org/licenses/by-nc-nd/4.0/
1010325,1965002970,Hybotidae_Hybos_culiciformis_2863873_1965002970,http://creativecommons.org/licenses/by-nc/4.0/
1017104,3415416912,Hybotidae_Trichina_flavipes_3090877_3415416912,http://creativecommons.org/licenses/by-nc/4.0/
1017105,3415416912,Hybotidae_Trichina_flavipes_3090878_3415416912,http://creativecommons.org/licenses/by-nc/4.0/
1017106,3415416912,Hybotidae_Trichina_flavipes_3090879_3415416912,http://creativecommons.org/licenses/by-nc/4.0/
1017107,3415416912,Hybotidae_Trichina_flavipes_3090880_3415416912,http://creativecommons.org/licenses/by-nc/4.0/
1017108,3415416912,Hybotidae_Trichina_flavipes_3090881_3415416912,http://creativecommons.org/licenses/by-nc/4.0/
1017109,3415416912,Hybotidae_Trichina_flavipes_3090882_3415416912,http://creativecommons.org/licenses/by-nc/4.0/
1017110,3415416912,Hybotidae_Trichina_flavipes_3090883_3415416912,http://creativecommons.org/licenses/by-nc/4.0/
1017111,3415416912,Hybotidae_Trichina_flavipes_3090884_3415416912,http://creativecommons.org/licenses/by-nc/4.0/
1017112,3415416912,Hybotidae_Trichina_flavipes_3090885_3415416912,http://creativecommons.org/licenses/by-nc/4.0/
1017113,3415416912,Hybotidae_Trichina_flavipes_3090886_3415416912,http://creativecommons.org/licenses/by-nc/4.0/
1017114,3415416912,Hybotidae_Trichina_flavipes_3090887_3415416912,http://creativecommons.org/licenses/by-nc/4.0/
1017115,3415416912,Hybotidae_Trichina_flavipes_3090888_3415416912,http://creativecommons.org/licenses/by-nc/4.0/
1017116,3415416912,Hybotidae_Trichina_flavipes_3090889_3415416912,http://creativecommons.org/licenses/by-nc/4.0/
1017117,3415416912,Hybotidae_Trichina_flavipes_3090890_3415416912,http://creativecommons.org/licenses/by-nc/4.0/
1017118,3415416912,Hybotidae_Trichina_flavipes_3090891_3415416912,http://creativecommons.org/licenses/by-nc/4.0/
1017119,3415416912,Hybotidae_Trichina_flavipes_3090892_3415416912,http://creativecommons.org/licenses/by-nc/4.0/
1017120,3415416912,Hybotidae_Trichina_flavipes_3090893_3415416912,http://creativecommons.org/licenses/by-nc/4.0/
1017121,3415416912,Hybotidae_Trichina_flavipes_3090894_3415416912,http://creativecommons.org/licenses/by-nc/4.0/
1017122,3415416912,Hybotidae_Trichina_flavipes_3090895_3415416912,http://creativecommons.org/licenses/by-nc/4.0/
1017123,3415416912,Hybotidae_Trichina_flavipes_3090896_3415416912,http://creativecommons.org/licenses/by-nc/4.0/
1018254,1955468871,Hybotidae_Hybos_femoratus_92990_1955468871,http://creativecommons.org/licenses/by-nc-nd/4.0/
1018625,2836422697,Hybotidae_Ocydromia_glabricula_2285674_2836422697,http://creativecommons.org/licenses/by-nc-nd/4.0/
1021096,1954378740,Hybotidae_Bicellaria_pilosa_1470204_1954378740,http://creativecommons.org/licenses/by-nc-nd/4.0/
1021097,1954378740,Hybotidae_Bicellaria_pilosa_1470205_1954378740,http://creativecommons.org/licenses/by-nc-nd/4.0/
1021098,1954378740,Hybotidae_Bicellaria_pilosa_1470206_1954378740,http://creativecommons.org/licenses/by-nc-nd/4.0/
1023411,2836877689,Hybotidae_Hybos_femoratus_2286395_2836877689,http://creativecommons.org/licenses/by-nc-nd/4.0/
1024091,2838207562,Hybotidae_Hybos_culiciformis_2980095_2838207562,http://creativecommons.org/licenses/by-nc-nd/4.0/
1025916,1952606622,Hybotidae_Leptopeza_flavipes_779111_1952606622,http://creativecommons.org/licenses/by-nc-nd/4.0/
1025917,1952606622,Hybotidae_Leptopeza_flavipes_779112_1952606622,http://creativecommons.org/licenses/by-nc-nd/4.0/
1026735,3893015882,Hybotidae_Tachypeza_nubila_1982190_3893015882,http://creativecommons.org/licenses/by/4.0/
1026736,3893015882,Hybotidae_Tachypeza_nubila_1982191_3893015882,http://creativecommons.org/licenses/by/4.0/
1026737,3893015882,Hybotidae_Tachypeza_nubila_1982192_3893015882,http://creativecommons.org/licenses/by/4.0/
1026882,3499966272,Hybotidae_Platypalpus_agilis_471756_3499966272,http://creativecommons.org/licenses/by/4.0/
1033322,2872989511,Hybotidae_Tachypeza_nubila_937098_2872989511,© All rights reserved
1033323,2872989511,Hybotidae_Tachypeza_nubila_937099_2872989511,© All rights reserved
1033324,2872989511,Hybotidae_Tachypeza_nubila_937100_2872989511,© All rights reserved
1037302,2836720079,Hybotidae_Tachypeza_nubila_2286048_2836720079,http://creativecommons.org/licenses/by-nc-nd/4.0/
1037303,2836720079,Hybotidae_Tachypeza_nubila_2286049_2836720079,http://creativecommons.org/licenses/by-nc-nd/4.0/
1038547,1965203280,Hybotidae_Drapetis_ephippiata_796580_1965203280,http://creativecommons.org/licenses/by-nc-nd/4.0/
1038615,1975793129,Hybotidae_Platypalpus_longicornis_2880386_1975793129,http://creativecommons.org/licenses/by-nc-nd/4.0/
1038616,1975793129,Hybotidae_Platypalpus_longicornis_2880387_1975793129,http://creativecommons.org/licenses/by-nc-nd/4.0/
1038617,1975793129,Hybotidae_Platypalpus_longicornis_2880388_1975793129,http://creativecommons.org/licenses/by-nc-nd/4.0/
1038672,1972643677,Hybotidae_Hybos_culiciformis_808195_1972643677,http://creativecommons.org/licenses/by-nc/4.0/
1040146,1975941264,Hybotidae_Hybos_culiciformis_2880687_1975941264,http://creativecommons.org/licenses/by-nc/4.0/
1040707,1956952155,Hybotidae_Platypalpus_australominutus_2853197_1956952155,http://creativecommons.org/licenses/by-nc-nd/4.0/
1041557,2834421104,Hybotidae_Hybos_culiciformis_905475_2834421104,http://creativecommons.org/licenses/by-nc/4.0/
1042437,1968921084,Hybotidae_Hybos_culiciformis_1490792_1968921084,http://creativecommons.org/licenses/by-nc-nd/4.0/
1042438,1968921084,Hybotidae_Hybos_culiciformis_1490793_1968921084,http://creativecommons.org/licenses/by-nc-nd/4.0/
1042439,1968921084,Hybotidae_Hybos_culiciformis_1490794_1968921084,http://creativecommons.org/licenses/by-nc-nd/4.0/
1052828,1965208667,Hybotidae_Drapetis_ephippiata_105920_1965208667,http://creativecommons.org/licenses/by-nc-nd/4.0/
1054462,3716897110,Hybotidae_Hybos_femoratus_479579_3716897110,http://creativecommons.org/licenses/by-nc-nd/4.0/
1055699,1965209301,Hybotidae_Drapetis_ephippiata_796693_1965209301,http://creativecommons.org/licenses/by-nc-nd/4.0/
1056033,1972909831,Hybotidae_Hybos_culiciformis_2186497_1972909831,http://creativecommons.org/licenses/by-nc/4.0/
1056034,1972909831,Hybotidae_Hybos_culiciformis_2186498_1972909831,http://creativecommons.org/licenses/by-nc/4.0/
1056266,1954685610,Hybotidae_Ocydromia_glabricula_2849411_1954685610,http://creativecommons.org/licenses/by-nc-nd/4.0/
1057153,1966759982,Hybotidae_Tachypeza_nubila_2868379_1966759982,http://creativecommons.org/licenses/by/4.0/
1057154,1966759982,Hybotidae_Tachypeza_nubila_2868380_1966759982,http://creativecommons.org/licenses/by/4.0/
1058379,1965405762,Hybotidae_Drapetis_ephippiata_106538_1965405762,http://creativecommons.org/licenses/by-nc-nd/4.0/
1058930,1952872122,Hybotidae_Hybos_femoratus_779679_1952872122,http://creativecommons.org/licenses/by-nc-nd/4.0/
1058977,1952498640,Hybotidae_Tachydromia_smithi_88212_1952498640,http://creativecommons.org/licenses/by-nc-nd/4.0/
1058978,1952498640,Hybotidae_Tachydromia_smithi_88213_1952498640,http://creativecommons.org/licenses/by-nc-nd/4.0/
1058979,1952498640,Hybotidae_Tachydromia_smithi_88214_1952498640,http://creativecommons.org/licenses/by-nc-nd/4.0/
1058980,1952498640,Hybotidae_Tachydromia_smithi_88215_1952498640,http://creativecommons.org/licenses/by-nc-nd/4.0/
1058981,1952498640,Hybotidae_Tachydromia_smithi_88216_1952498640,http://creativecommons.org/licenses/by-nc-nd/4.0/
1060197,1957612232,Hybotidae_Hybos_culiciformis_786730_1957612232,http://creativecommons.org/licenses/by-nc/4.0/
1060198,1957612232,Hybotidae_Hybos_culiciformis_786731_1957612232,http://creativecommons.org/licenses/by-nc/4.0/
1060724,2979518571,Hybotidae_Tachypeza_nubila_2322353_2979518571,http://creativecommons.org/licenses/by-sa/4.0/
1060783,1038347605,Hybotidae_Hybos_grossipes_3917_1038347605,© all rights reserved
1060883,3448661191,Hybotidae_Ocydromia_glabricula_1144290_3448661191,http://creativecommons.org/licenses/by-sa/4.0/
1060885,3448699597,Hybotidae_Hybos_femoratus_1833765_3448699597,http://creativecommons.org/licenses/by-sa/4.0/
1060913,3448842995,Hybotidae_Tachydromia_umbrarum_3213118_3448842995,http://creativecommons.org/licenses/by-sa/4.0/
1060918,3448949118,Hybotidae_Tachypeza_nubila_3213165_3448949118,http://creativecommons.org/licenses/by-sa/4.0/
1060920,3448989145,Hybotidae_Ocydromia_glabricula_2523017_3448989145,http://creativecommons.org/licenses/by-sa/4.0/
1060932,3448732770,Hybotidae_Ocydromia_glabricula_2522893_3448732770,http://creativecommons.org/licenses/by-sa/4.0/
1060935,3448901438,Hybotidae_Tachydromia_umbrarum_1833875_3448901438,http://creativecommons.org/licenses/by-sa/4.0/
1060936,3448921927,Hybotidae_Stilpon_graminum_1833878_3448921927,http://creativecommons.org/licenses/by-nc/4.0/
1060943,3448693901,Hybotidae_Tachypeza_nubila_454921_3448693901,http://creativecommons.org/licenses/by-sa/4.0/
1061071,1844035918,Hybotidae_Platypalpus_major_1452394_1844035918,© All rights reserved
1061072,1844035918,Hybotidae_Platypalpus_major_1452395_1844035918,© All rights reserved
1061482,2468102704,Hybotidae_Platypalpus_major_165012_2468102704,© All rights reserved
1061483,2468102704,Hybotidae_Platypalpus_major_165013_2468102704,© All rights reserved
1061484,2468102704,Hybotidae_Platypalpus_major_165014_2468102704,© All rights reserved
1061546,3303496337,Hybotidae_Platypalpus_cursitans_3050215_3303496337,http://creativecommons.org/licenses/by-nc-sa/4.0/
1062184,3807842499,Hybotidae_Platypalpus_cursitans_1247295_3807842499,© All rights reserved
1062473,2406200955,Hybotidae_Hybos_femoratus_2221353_2406200955,© All rights reserved
1062701,3862152457,Hybotidae_Hybos_grossipes_587543_3862152457,© All rights reserved
1062901,2399663990,Hybotidae_Platypalpus_major_842122_2399663990,© All rights reserved
1063083,1987636006,Hybotidae_Platypalpus_boreoalpinus_126121_1987636006,© All rights reserved
1063084,1987636006,Hybotidae_Platypalpus_boreoalpinus_126122_1987636006,© All rights reserved
1063104,2627562287,Hybotidae_Oedalea_flavipes_2949567_2627562287,© All rights reserved
1063105,2627562287,Hybotidae_Oedalea_flavipes_2949568_2627562287,© All rights reserved
1063372,2404650338,Hybotidae_Hybos_grossipes_2220978_2404650338,© All rights reserved
