id,gbifID,file_name,license
272,2992665580,Muscidae_Coenosia_tigrina_1636828_2992665580,http://creativecommons.org/licenses/by-nc/4.0/
1364,3090766131,Muscidae_Helina_clara_2347366_3090766131,http://creativecommons.org/licenses/by-nc/4.0/
1873,1914208843,Muscidae_Musca_domestica_1463370_1914208843,http://creativecommons.org/licenses/by-nc/4.0/
3563,3113697394,Muscidae_Musca_domestica_286300_3113697394,http://creativecommons.org/licenses/by-nc/4.0/
4218,2901671542,Muscidae_Muscina_pascuorum_251183_2901671542,http://creativecommons.org/licenses/by-nc/4.0/
7074,2399313549,Muscidae_Phaonia_errans_2219723_2399313549,© All rights reserved
7115,2831724325,Muscidae_Phaonia_tuguriorum_1590130_2831724325,© All rights reserved
7352,2401466018,Muscidae_Polietes_nigrolimbata_2220246_2401466018,© All rights reserved
7353,2401466018,Muscidae_Polietes_nigrolimbata_2220247_2401466018,© All rights reserved
7354,2401466018,Muscidae_Polietes_nigrolimbata_2220248_2401466018,© All rights reserved
7734,3923485714,Muscidae_Thricops_diaphanus_646049_3923485714,http://creativecommons.org/licenses/by-nc/4.0/
8094,2445095563,Muscidae_Musca_domestica_162455_2445095563,http://creativecommons.org/licenses/by-nc/4.0/
9388,3070614741,Muscidae_Phaonia_angelicae_276131_3070614741,http://creativecommons.org/licenses/by/4.0/
9562,3772416490,Muscidae_Stomoxys_calcitrans_1928156_3772416490,http://creativecommons.org/licenses/by-nc/4.0/
9841,4009756872,Muscidae_Phaonia_mediterranea_2053483_4009756872,http://creativecommons.org/licenses/by-nc/4.0/
10100,4009705603,Muscidae_Coenosia_tigrina_2743159_4009705603,http://creativecommons.org/licenses/by-nc/4.0/
10814,3455462782,Muscidae_Eudasyphora_cyanicolor_2525544_3455462782,http://creativecommons.org/licenses/by/4.0/
11761,3013901660,Muscidae_Spilogona_dispar_3020425_3013901660,http://creativecommons.org/licenses/by-nc/4.0/
12275,3335392078,Muscidae_Coenosia_tigrina_3066156_3335392078,http://creativecommons.org/licenses/by-nc/4.0/
12705,3090610586,Muscidae_Morellia_simplex_278605_3090610586,http://creativecommons.org/licenses/by-nc/4.0/
13077,3881411492,Muscidae_Muscina_stabulans_2664234_3881411492,http://creativecommons.org/licenses/by-nc/4.0/
13727,3061581522,Muscidae_Phaonia_subventa_3030974_3061581522,http://creativecommons.org/licenses/by-nc/4.0/
13971,3124663579,Muscidae_Helina_evecta_977920_3124663579,http://creativecommons.org/licenses/by-nc/4.0/
14161,3117878475,Muscidae_Helina_evecta_3045332_3117878475,http://creativecommons.org/licenses/by/4.0/
14566,2603442254,Muscidae_Musca_autumnalis_2254057_2603442254,http://creativecommons.org/licenses/by-nc/4.0/
14628,2579224088,Muscidae_Haematobosca_stimulans_2251359_2579224088,http://creativecommons.org/licenses/by-nc/4.0/
14847,3705430626,Muscidae_Limnophora_obsignata_1852842_3705430626,http://creativecommons.org/licenses/by-nc/4.0/
15132,3399185993,Muscidae_Muscina_levida_1019585_3399185993,http://creativecommons.org/licenses/by-nc/4.0/
15682,3866321492,Muscidae_Thricops_nigritellus_587736_3866321492,© All rights reserved
15687,2399854530,Muscidae_Mesembrina_mystacea_2219868_2399854530,http://creativecommons.org/licenses/by-nc-sa/4.0/
18009,2465235846,Muscidae_Phaonia_subventa_2923259_2465235846,http://creativecommons.org/licenses/by-nc/4.0/
18901,3994241762,Muscidae_Helina_evecta_1352402_3994241762,http://creativecommons.org/licenses/by-nc/4.0/
18996,3118258503,Muscidae_Helina_evecta_3045503_3118258503,http://creativecommons.org/licenses/by/4.0/
19303,3455521797,Muscidae_Muscina_prolapsa_457737_3455521797,http://creativecommons.org/licenses/by-nc/4.0/
19388,2465090604,Muscidae_Helina_clara_164314_2465090604,http://creativecommons.org/licenses/by-nc-sa/4.0/
19460,2549965226,Muscidae_Helina_clara_168206_2549965226,http://creativecommons.org/licenses/by-nc/4.0/
22407,3384996358,Muscidae_Schoenomyza_litorella_1702654_3384996358,http://creativecommons.org/licenses/by-nc/4.0/
23127,2873720476,Muscidae_Stomoxys_calcitrans_247004_2873720476,http://creativecommons.org/licenses/by/4.0/
23152,2850573079,Muscidae_Phaonia_pallida_926710_2850573079,http://creativecommons.org/licenses/by/4.0/
23215,2596181491,Muscidae_Eudasyphora_zimini_1563715_2596181491,http://creativecommons.org/licenses/by/4.0/
23216,2596181491,Muscidae_Eudasyphora_zimini_1563716_2596181491,http://creativecommons.org/licenses/by/4.0/
23217,2596181491,Muscidae_Eudasyphora_zimini_1563717_2596181491,http://creativecommons.org/licenses/by/4.0/
23218,2596181491,Muscidae_Eudasyphora_zimini_1563718_2596181491,http://creativecommons.org/licenses/by/4.0/
23987,3994186743,Muscidae_Limnophora_riparia_2731422_3994186743,http://creativecommons.org/licenses/by-nc/4.0/
24494,1846874416,Muscidae_Coenosia_humilis_74645_1846874416,
25427,2468056460,Muscidae_Azelia_cilipes_1543982_2468056460,© All rights reserved
25428,2468056460,Muscidae_Azelia_cilipes_1543983_2468056460,© All rights reserved
25429,2468056460,Muscidae_Azelia_cilipes_1543984_2468056460,© All rights reserved
25529,3816692412,Muscidae_Thricops_nigrifrons_558480_3816692412,© All rights reserved
25530,3816692412,Muscidae_Thricops_nigrifrons_558481_3816692412,© All rights reserved
27437,3124517814,Muscidae_Orchisia_costata_977550_3124517814,http://creativecommons.org/licenses/by-nc/4.0/
27846,2862348498,Muscidae_Lispe_nivalis_1621852_2862348498,http://creativecommons.org/licenses/by-nc/4.0/
30053,3455229955,Muscidae_Mesembrina_resplendens_1145455_3455229955,http://creativecommons.org/licenses/by-nc/4.0/
30075,2802946081,Muscidae_Thricops_semicinereus_2960293_2802946081,http://creativecommons.org/licenses/by-nc/4.0/
30085,3457106123,Muscidae_Muscina_stabulans_3223001_3457106123,http://creativecommons.org/licenses/by-nc/4.0/
30731,1880665960,Muscidae_Pyrellia_vivida_2148428_1880665960,http://creativecommons.org/licenses/by/4.0/
31143,3013878623,Muscidae_Polietes_meridionalis_951843_3013878623,http://creativecommons.org/licenses/by-nc/4.0/
31400,3994231734,Muscidae_Phaonia_atriceps_3421660_3994231734,http://creativecommons.org/licenses/by-nc/4.0/
31401,3994231734,Muscidae_Phaonia_atriceps_3421661_3994231734,http://creativecommons.org/licenses/by-nc/4.0/
31525,3785043343,Muscidae_Haematobosca_stimulans_1934178_3785043343,http://creativecommons.org/licenses/by/4.0/
31559,2422842989,Muscidae_Coenosia_agromyzina_2223747_2422842989,http://creativecommons.org/licenses/by-nc/4.0/
31582,3902638306,Muscidae_Synthesiomyia_nudiseta_1986571_3902638306,http://creativecommons.org/licenses/by/4.0/
31947,1432579098,Muscidae_Phaonia_pallida_2114091_1432579098,© all rights reserved
32693,1428903205,Muscidae_Polietes_domitor_2802484_1428903205,© all rights reserved
33604,3716015795,Muscidae_Coenosia_agromyzina_1165702_3716015795,http://creativecommons.org/licenses/by-nc-nd/4.0/
34640,1953832922,Muscidae_Muscina_levida_2159124_1953832922,http://creativecommons.org/licenses/by-nc-nd/4.0/
35856,1957207375,Muscidae_Hebecnema_vespertina_1474411_1957207375,http://creativecommons.org/licenses/by-nc-nd/4.0/
35857,1957207375,Muscidae_Hebecnema_vespertina_1474412_1957207375,http://creativecommons.org/licenses/by-nc-nd/4.0/
35858,1957207375,Muscidae_Hebecnema_vespertina_1474413_1957207375,http://creativecommons.org/licenses/by-nc-nd/4.0/
36516,3731961862,Muscidae_Thricops_diaphanus_1225042_3731961862,http://creativecommons.org/licenses/by-nc-nd/4.0/
37222,1459864771,Muscidae_Caricea_alma_47890_1459864771,© all rights reserved
37223,1459864771,Muscidae_Caricea_alma_47891_1459864771,© all rights reserved
37224,1459864771,Muscidae_Caricea_alma_47892_1459864771,© all rights reserved
37707,4014068709,Muscidae_Phaonia_subventa_2746650_4014068709,© all rights reserved
39853,3873006461,Muscidae_Achanthiptera_rohrelliformis_1277714_3873006461,http://creativecommons.org/licenses/by-nc/4.0/
39880,3499624393,Muscidae_Muscina_pascuorum_471606_3499624393,http://creativecommons.org/licenses/by-nc/4.0/
40720,3061826363,Muscidae_Lispocephala_brachialis_3031518_3061826363,http://creativecommons.org/licenses/by/4.0/
44608,3772726359,Muscidae_Musca_osiris_550578_3772726359,http://creativecommons.org/licenses/by-nc/4.0/
44750,2826420334,Muscidae_Musca_autumnalis_1589687_2826420334,http://creativecommons.org/licenses/by-nc/4.0/
48483,3090705916,Muscidae_Muscina_prolapsa_1657592_3090705916,http://creativecommons.org/licenses/by-nc/4.0/
50666,2540849007,Muscidae_Musca_domestica_857020_2540849007,http://creativecommons.org/licenses/by-nc/4.0/
50885,2563574472,Muscidae_Muscina_levida_871686_2563574472,http://creativecommons.org/licenses/by-nc/4.0/
50933,3759969275,Muscidae_Eudasyphora_cyanella_546684_3759969275,http://creativecommons.org/licenses/by-nc/4.0/
51803,3927157318,Muscidae_Phaonia_angelicae_3406743_3927157318,© All rights reserved
52237,2401884181,Muscidae_Phaonia_lugubris_2220345_2401884181,© All rights reserved
52663,3802776377,Muscidae_Pyrellia_rapax_2625604_3802776377,http://creativecommons.org/licenses/by-nc/4.0/
52664,3802776377,Muscidae_Pyrellia_rapax_2625605_3802776377,http://creativecommons.org/licenses/by-nc/4.0/
52676,3320906795,Muscidae_Limnophora_triangula_295693_3320906795,http://creativecommons.org/licenses/by/4.0/
52678,3320906795,Muscidae_Limnophora_triangula_295695_3320906795,http://creativecommons.org/licenses/by/4.0/
52683,3705502419,Muscidae_Phaonia_subventa_1853031_3705502419,http://creativecommons.org/licenses/by/4.0/
53202,2596120130,Muscidae_Eudasyphora_cyanella_184594_2596120130,http://creativecommons.org/licenses/by-nc/4.0/
53636,3923468208,Muscidae_Eudasyphora_cyanicolor_3403945_3923468208,http://creativecommons.org/licenses/by-nc/4.0/
55193,3117879482,Muscidae_Helina_evecta_2354818_3117879482,http://creativecommons.org/licenses/by/4.0/
55575,3994073364,Muscidae_Phaonia_serva_2040703_3994073364,http://creativecommons.org/licenses/by-nc/4.0/
55576,3994073364,Muscidae_Phaonia_serva_2040704_3994073364,http://creativecommons.org/licenses/by-nc/4.0/
55778,3785059540,Muscidae_Musca_osiris_2623690_3785059540,http://creativecommons.org/licenses/by-nc/4.0/
57551,3321186455,Muscidae_Coenosia_tigrina_3055447_3321186455,http://creativecommons.org/licenses/by-nc/4.0/
57554,3321186455,Muscidae_Coenosia_tigrina_3055450_3321186455,http://creativecommons.org/licenses/by-nc/4.0/
57614,3455824864,Muscidae_Neomyia_viridescens_1148651_3455824864,http://creativecommons.org/licenses/by-nc/4.0/
58008,3384649123,Muscidae_Phaonia_angelicae_1701213_3384649123,http://creativecommons.org/licenses/by-nc/4.0/
58310,3873495754,Muscidae_Thricops_semicinereus_2658572_3873495754,http://creativecommons.org/licenses/by-nc/4.0/
58555,3881520598,Muscidae_Muscina_stabulans_1286338_3881520598,http://creativecommons.org/licenses/by/4.0/
58887,2447507138,Muscidae_Coenosia_mollicula_162691_2447507138,© all rights reserved
58888,2447507138,Muscidae_Coenosia_mollicula_162692_2447507138,© all rights reserved
58889,2447507138,Muscidae_Coenosia_mollicula_162693_2447507138,© all rights reserved
58966,1065724254,Muscidae_Musca_stabulans_2074414_1065724254,© all rights reserved
58967,1065724254,Muscidae_Musca_stabulans_2074415_1065724254,© all rights reserved
59615,3466085833,Muscidae_Neomyia_viridescens_3224735_3466085833,http://creativecommons.org/licenses/by-nc/4.0/
59714,3455921770,Muscidae_Pyrellia_vivida_459526_3455921770,http://creativecommons.org/licenses/by-nc/4.0/
59715,3455921770,Muscidae_Pyrellia_vivida_459527_3455921770,http://creativecommons.org/licenses/by-nc/4.0/
59716,3455921770,Muscidae_Pyrellia_vivida_459528_3455921770,http://creativecommons.org/licenses/by-nc/4.0/
60159,3764196387,Muscidae_Musca_osiris_3306456_3764196387,http://creativecommons.org/licenses/by-nc/4.0/
60564,3860753537,Muscidae_Thricops_semicinereus_1965282_3860753537,http://creativecommons.org/licenses/by-nc/4.0/
61196,3923405296,Muscidae_Synthesiomyia_nudiseta_2023849_3923405296,http://creativecommons.org/licenses/by-nc/4.0/
61197,3923405296,Muscidae_Synthesiomyia_nudiseta_2023850_3923405296,http://creativecommons.org/licenses/by-nc/4.0/
61427,2862530497,Muscidae_Haematobosca_stimulans_3002551_2862530497,http://creativecommons.org/licenses/by-nc/4.0/
61733,3499637346,Muscidae_Muscina_pascuorum_1851210_3499637346,http://creativecommons.org/licenses/by/4.0/
61734,3499637346,Muscidae_Muscina_pascuorum_1851211_3499637346,http://creativecommons.org/licenses/by/4.0/
62201,2992849921,Muscidae_Pyrellia_vivida_259056_2992849921,http://creativecommons.org/licenses/by-nc/4.0/
62318,3455795724,Muscidae_Limnophora_obsignata_2527089_3455795724,http://creativecommons.org/licenses/by-nc/4.0/
62321,3455795724,Muscidae_Limnophora_obsignata_2527092_3455795724,http://creativecommons.org/licenses/by-nc/4.0/
63095,3070678527,Muscidae_Musca_domestica_1655038_3070678527,http://creativecommons.org/licenses/by-nc/4.0/
63329,3966386007,Muscidae_Stomoxys_calcitrans_2724755_3966386007,http://creativecommons.org/licenses/by-nc/4.0/
66933,1989783217,Muscidae_Coenosia_punctigera_820198_1989783217,http://creativecommons.org/licenses/by/4.0/
66959,3131273318,Muscidae_Hydrotaea_armipes_978729_3131273318,http://creativecommons.org/licenses/by/4.0/
66960,3131273318,Muscidae_Hydrotaea_armipes_978730_3131273318,http://creativecommons.org/licenses/by/4.0/
66961,3131273318,Muscidae_Hydrotaea_armipes_978731_3131273318,http://creativecommons.org/licenses/by/4.0/
67172,1821263376,Muscidae_Muscina_prolapsa_2814504_1821263376,© all rights reserved
67173,1821263376,Muscidae_Muscina_prolapsa_2814505_1821263376,© all rights reserved
67884,1459839254,Muscidae_Neomyia_viridescens_2117076_1459839254,© all rights reserved
67887,2593841472,Muscidae_Caricea_alma_1563229_2593841472,© all rights reserved
67889,2593841472,Muscidae_Caricea_alma_1563231_2593841472,© all rights reserved
68174,1459066167,Muscidae_Ophyra_capensis_738008_1459066167,© all rights reserved
68175,1459066167,Muscidae_Ophyra_capensis_738009_1459066167,© all rights reserved
68603,2433946483,Muscidae_Hebecnema_umbratica_161958_2433946483,http://creativecommons.org/publicdomain/zero/1.0/
68608,2433945377,Muscidae_Hebecnema_umbratica_852125_2433945377,http://creativecommons.org/publicdomain/zero/1.0/
68651,2433943316,Muscidae_Morellia_hortorum_1540692_2433943316,http://creativecommons.org/publicdomain/zero/1.0/
68706,2433945960,Muscidae_Hebecnema_umbratica_2920443_2433945960,http://creativecommons.org/publicdomain/zero/1.0/
68736,2433943765,Muscidae_Morellia_aenescens_161695_2433943765,http://creativecommons.org/publicdomain/zero/1.0/
68830,2963867862,Muscidae_Synthesiomyia_nudiseta_942298_2963867862,http://creativecommons.org/licenses/by-nc/4.0/
69878,2596392172,Muscidae_Neomyia_cornicina_1564094_2596392172,http://creativecommons.org/licenses/by/4.0/
71155,2826157424,Muscidae_Musca_autumnalis_2967812_2826157424,http://creativecommons.org/licenses/by-nc/4.0/
72920,3321210332,Muscidae_Eudasyphora_cyanella_987072_3321210332,http://creativecommons.org/licenses/by-nc/4.0/
75689,2397460053,Muscidae_Helina_latitarsis_1529527_2397460053,http://creativecommons.org/licenses/by-nc/4.0/
75791,1990460773,Muscidae_Musca_domestica_132014_1990460773,http://creativecommons.org/licenses/by-nc/4.0/
77111,1825113250,Muscidae_Phaonia_villana_1436088_1825113250,© All rights reserved
77112,1825113250,Muscidae_Phaonia_villana_1436089_1825113250,© All rights reserved
77113,1825113250,Muscidae_Phaonia_villana_1436090_1825113250,© All rights reserved
77114,1825113250,Muscidae_Phaonia_villana_1436091_1825113250,© All rights reserved
77126,1884818211,Muscidae_Azelia_nebulosa_82047_1884818211,© All rights reserved
77127,1884818211,Muscidae_Azelia_nebulosa_82048_1884818211,© All rights reserved
77495,3970193469,Muscidae_Phaonia_errans_1346671_3970193469,© All rights reserved
77496,3970193469,Muscidae_Phaonia_errans_1346672_3970193469,© All rights reserved
77949,3003616703,Muscidae_Musca_tempestiva_2328032_3003616703,http://creativecommons.org/licenses/by-nc/4.0/
78019,3003618699,Muscidae_Pyrellia_rapax_3018373_3003618699,http://creativecommons.org/licenses/by-nc/4.0/
78031,3003707666,Muscidae_Helina_impuncta_1638267_3003707666,http://creativecommons.org/licenses/by-nc/4.0/
78057,3003705668,Muscidae_Musca_stabulans_1638251_3003705668,http://creativecommons.org/licenses/by-nc/4.0/
78100,3003711686,Muscidae_Musca_tempestiva_3018448_3003711686,http://creativecommons.org/licenses/by-nc/4.0/
78122,3003709640,Muscidae_Coenosia_bilineella_949917_3003709640,http://creativecommons.org/licenses/by-nc/4.0/
78265,3003615690,Muscidae_Morellia_simplex_1638197_3003615690,http://creativecommons.org/licenses/by-nc/4.0/
78321,3003640272,Muscidae_Musca_stabulans_949856_3003640272,http://creativecommons.org/licenses/by-nc/4.0/
78566,3434109148,Muscidae_Mesembrina_mystacea_1717216_3434109148,© all rights reserved
79776,1957210759,Muscidae_Coenosia_antennata_1474433_1957210759,http://creativecommons.org/licenses/by-nc-nd/4.0/
79790,1959373516,Muscidae_Polietes_meridionalis_1478080_1959373516,http://creativecommons.org/licenses/by-nc-nd/4.0/
81591,2265779409,Muscidae_Helina_latitarsis_143949_2265779409,http://creativecommons.org/licenses/by-nc/4.0/
82053,3090855959,Muscidae_Limnophora_maculosa_279367_3090855959,http://creativecommons.org/licenses/by-nc/4.0/
82199,2620054590,Muscidae_Eudasyphora_cyanella_2947257_2620054590,http://creativecommons.org/licenses/by/4.0/
83207,3061532351,Muscidae_Muscina_pascuorum_272428_3061532351,http://creativecommons.org/licenses/by-nc/4.0/
83450,3881792518,Muscidae_Muscina_stabulans_3357066_3881792518,http://creativecommons.org/licenses/by-nc/4.0/
84261,3384367279,Muscidae_Musca_sorbens_1011142_3384367279,http://creativecommons.org/licenses/by-nc/4.0/
84936,2850966419,Muscidae_Neomyia_viridescens_238398_2850966419,http://creativecommons.org/licenses/by-nc/4.0/
85410,2619909621,Muscidae_Eudasyphora_cyanella_2256434_2619909621,http://creativecommons.org/licenses/by/4.0/
86091,2429700811,Muscidae_Musca_domestica_2226481_2429700811,http://creativecommons.org/licenses/by-nc/4.0/
87097,3743003416,Muscidae_Potamia_littoralis_1919875_3743003416,http://creativecommons.org/licenses/by/4.0/
87098,3743003416,Muscidae_Potamia_littoralis_1919876_3743003416,http://creativecommons.org/licenses/by/4.0/
88958,3988516403,Muscidae_Lispe_orientalis_3419464_3988516403,http://creativecommons.org/licenses/by-nc/4.0/
88959,3988516403,Muscidae_Lispe_orientalis_3419465_3988516403,http://creativecommons.org/licenses/by-nc/4.0/
89553,3067771204,Muscidae_Muscina_stabulans_3032233_3067771204,http://creativecommons.org/licenses/by-nc/4.0/
90043,3712504970,Muscidae_Coenosia_tigrina_2543064_3712504970,http://creativecommons.org/licenses/by-nc/4.0/
90920,3925490371,Muscidae_Thricops_simplex_3406659_3925490371,http://creativecommons.org/licenses/by-nc/4.0/
91370,3124536372,Muscidae_Limnophora_obsignata_977601_3124536372,http://creativecommons.org/licenses/by-nc/4.0/
92780,3859367193,Muscidae_Pyrellia_rapax_1269822_3859367193,http://creativecommons.org/licenses/by-nc/4.0/
95416,2465147450,Muscidae_Phaonia_rufiventris_1543542_2465147450,http://creativecommons.org/licenses/by-nc/4.0/
95530,3902669343,Muscidae_Coenosia_tigrina_1986795_3902669343,http://creativecommons.org/licenses/by-nc/4.0/
95589,2596115385,Muscidae_Stomoxys_calcitrans_874771_2596115385,http://creativecommons.org/licenses/by/4.0/
96709,2963827688,Muscidae_Mesembrina_meridiana_2320504_2963827688,http://creativecommons.org/licenses/by/4.0/
97362,2465148202,Muscidae_Helina_clara_2232329_2465148202,http://creativecommons.org/licenses/by-nc-sa/4.0/
98192,3994129392,Muscidae_Graphomya_maculata_663712_3994129392,http://creativecommons.org/licenses/by-nc/4.0/
100241,3986054371,Muscidae_Phaonia_mediterranea_1348757_3986054371,http://creativecommons.org/licenses/by-nc/4.0/
103730,4009861697,Muscidae_Phaonia_trimaculata_3434418_4009861697,http://creativecommons.org/licenses/by-nc/4.0/
103800,3005169457,Muscidae_Coenosia_atra_950514_3005169457,http://creativecommons.org/licenses/by/4.0/
103871,3455840959,Muscidae_Musca_domestica_3217605_3455840959,http://creativecommons.org/licenses/by-nc/4.0/
103912,2580078737,Muscidae_Muscina_levida_874025_2580078737,http://creativecommons.org/licenses/by-nc/4.0/
103998,3859750123,Muscidae_Lispocephala_brachialis_582526_3859750123,http://creativecommons.org/licenses/by-nc/4.0/
104460,3963257691,Muscidae_Phaonia_valida_2032994_3963257691,http://creativecommons.org/licenses/by-nc/4.0/
105221,3915256713,Muscidae_Coenosia_agromyzina_2016213_3915256713,http://creativecommons.org/licenses/by/4.0/
106054,2882990780,Muscidae_Phaonia_valida_2316891_2882990780,http://creativecommons.org/licenses/by-nc/4.0/
109077,3873592573,Muscidae_Achanthiptera_rohrelliformis_591597_3873592573,http://creativecommons.org/licenses/by-nc/4.0/
110360,3415688512,Muscidae_Muscina_levida_1023708_3415688512,http://creativecommons.org/publicdomain/zero/1.0/
111186,2429338321,Muscidae_Musca_domestica_848195_2429338321,http://creativecommons.org/licenses/by-nc/4.0/
111687,3873011779,Muscidae_Thricops_semicinereus_3347260_3873011779,http://creativecommons.org/licenses/by-nc/4.0/
112180,2626526823,Muscidae_Stomoxys_calcitrans_1570074_2626526823,http://creativecommons.org/licenses/by/4.0/
112206,3915316029,Muscidae_Musca_sorbens_3396582_3915316029,http://creativecommons.org/licenses/by-nc/4.0/
112207,3915316029,Muscidae_Musca_sorbens_3396583_3915316029,http://creativecommons.org/licenses/by-nc/4.0/
112208,3915316029,Muscidae_Musca_sorbens_3396584_3915316029,http://creativecommons.org/licenses/by-nc/4.0/
112209,3915316029,Muscidae_Musca_sorbens_3396585_3915316029,http://creativecommons.org/licenses/by-nc/4.0/
112573,3961162432,Muscidae_Thricops_simplex_2721301_3961162432,http://creativecommons.org/licenses/by-nc/4.0/
112968,4014901470,Muscidae_Musca_domestica_3437425_4014901470,http://creativecommons.org/licenses/by-nc/4.0/
114339,3320846533,Muscidae_Thricops_semicinereus_2363773_3320846533,http://creativecommons.org/licenses/by-nc/4.0/
114886,3499397427,Muscidae_Muscina_pascuorum_471028_3499397427,http://creativecommons.org/licenses/by/4.0/
114887,3499397427,Muscidae_Muscina_pascuorum_471029_3499397427,http://creativecommons.org/licenses/by/4.0/
114976,2596407560,Muscidae_Neomyia_viridescens_185099_2596407560,http://creativecommons.org/licenses/by/4.0/
114977,2596407560,Muscidae_Neomyia_viridescens_185100_2596407560,http://creativecommons.org/licenses/by/4.0/
115583,1986498167,Muscidae_Orchisia_costata_2194063_1986498167,http://creativecommons.org/licenses/by-nc-sa/4.0/
117485,3988851939,Muscidae_Hydrotaea_diabolus_662869_3988851939,http://creativecommons.org/licenses/by-nc/4.0/
117487,3988851939,Muscidae_Hydrotaea_diabolus_662871_3988851939,http://creativecommons.org/licenses/by-nc/4.0/
118093,2603463690,Muscidae_Helina_evecta_186359_2603463690,http://creativecommons.org/licenses/by/4.0/
119046,1989783294,Muscidae_Coenosia_attenuata_820283_1989783294,http://creativecommons.org/licenses/by/4.0/
119047,1989783294,Muscidae_Coenosia_attenuata_820284_1989783294,http://creativecommons.org/licenses/by/4.0/
119048,1989783294,Muscidae_Coenosia_attenuata_820285_1989783294,http://creativecommons.org/licenses/by/4.0/
119265,2465209528,Muscidae_Neomyia_viridescens_1543684_2465209528,http://creativecommons.org/licenses/by-nc/4.0/
119267,3327920327,Muscidae_Coenosia_attenuata_300206_3327920327,http://creativecommons.org/licenses/by-nc/4.0/
119380,3802691837,Muscidae_Muscina_levida_557800_3802691837,http://creativecommons.org/licenses/by-nc/4.0/
119937,2626176481,Muscidae_Thricops_longipes_2257779_2626176481,http://creativecommons.org/licenses/by-nc/4.0/
121925,3718696342,Muscidae_Graphomya_maculata_2555764_3718696342,http://creativecommons.org/licenses/by-nc-nd/4.0/
123744,3386417565,Muscidae_Synthesiomyia_nudiseta_1703748_3386417565,
124215,2848935400,Muscidae_Neomyia_cornicina_235986_2848935400,© All rights reserved
124306,1822690893,Muscidae_Helina_ciliatocosta_56110_1822690893,© All rights reserved
124307,1822690893,Muscidae_Helina_ciliatocosta_56111_1822690893,© All rights reserved
124942,3079836423,Muscidae_Muscina_prolapsa_2346284_3079836423,http://creativecommons.org/licenses/by-nc/4.0/
125072,2540746673,Muscidae_Musca_autumnalis_856943_2540746673,http://creativecommons.org/licenses/by-nc/4.0/
125085,3455785727,Muscidae_Limnophora_maculosa_458837_3455785727,http://creativecommons.org/licenses/by/4.0/
125087,3455785727,Muscidae_Limnophora_maculosa_458839_3455785727,http://creativecommons.org/licenses/by/4.0/
125337,2850562508,Muscidae_Eudasyphora_cyanella_926618_2850562508,http://creativecommons.org/licenses/by-nc/4.0/
126132,3090570793,Muscidae_Pyrellia_vivida_278425_3090570793,http://creativecommons.org/licenses/by-nc/4.0/
126626,3061764268,Muscidae_Lispocephala_brachialis_3031450_3061764268,http://creativecommons.org/licenses/by/4.0/
127112,3058852729,Muscidae_Muscina_stabulans_271574_3058852729,http://creativecommons.org/licenses/by-nc/4.0/
127399,3902818607,Muscidae_Eudasyphora_cyanicolor_1298363_3902818607,http://creativecommons.org/licenses/by/4.0/
127400,3902818607,Muscidae_Eudasyphora_cyanicolor_1298364_3902818607,http://creativecommons.org/licenses/by/4.0/
127507,3005136527,Muscidae_Coenosia_atra_2328534_3005136527,http://creativecommons.org/licenses/by/4.0/
127591,2001352924,Muscidae_Mydaea_orthonevra_823117_2001352924,http://creativecommons.org/licenses/by-nc-sa/4.0/
127915,2983856481,Muscidae_Hydrotaea_pandellei_2324493_2983856481,© all rights reserved
128431,3335684340,Muscidae_Phaonia_angelicae_308179_3335684340,© All rights reserved
128566,1884836404,Muscidae_Helina_ciliatocosta_2840627_1884836404,© All rights reserved
129368,1428703733,Muscidae_Muscina_pascuorum_2113081_1428703733,© all rights reserved
129370,1428703733,Muscidae_Muscina_pascuorum_2113083_1428703733,© all rights reserved
129819,3964177293,Muscidae_Thricops_diaphanus_3414474_3964177293,© all rights reserved
130606,1671057599,Muscidae_Hydrotaea_cyrtoneurina_53559_1671057599,© all rights reserved
130607,1671057599,Muscidae_Hydrotaea_cyrtoneurina_53560_1671057599,© all rights reserved
130608,1671057599,Muscidae_Hydrotaea_cyrtoneurina_53561_1671057599,© all rights reserved
130609,1671057599,Muscidae_Hydrotaea_cyrtoneurina_53562_1671057599,© all rights reserved
130610,1671057599,Muscidae_Hydrotaea_cyrtoneurina_53563_1671057599,© all rights reserved
131540,1459355559,Muscidae_Haematobosca_stimulans_2805808_1459355559,© all rights reserved
131962,1900887332,Muscidae_Azelia_nebulosa_83459_1900887332,© all rights reserved
131963,1900887332,Muscidae_Azelia_nebulosa_83460_1900887332,© all rights reserved
132796,1459841674,Muscidae_Eudasyphora_zimini_1427731_1459841674,© all rights reserved
132797,1459841674,Muscidae_Eudasyphora_zimini_1427732_1459841674,© all rights reserved
132802,3049585000,Muscidae_Phaonia_tuguriorum_960837_3049585000,© all rights reserved
133231,2808549557,Muscidae_Thricops_semicinereus_2271047_2808549557,© all rights reserved
133523,1460383946,Muscidae_Mydaea_setifemur_49030_1460383946,© all rights reserved
133993,1450437932,Muscidae_Phaonia_pallida_2114651_1450437932,© all rights reserved
134116,1428881719,Muscidae_Coenosia_tigrina_2802479_1428881719,© all rights reserved
135107,1434089161,Muscidae_Phaonia_halterata_2803914_1434089161,© all rights reserved
135430,1460379013,Muscidae_Phaonia_fuscata_49009_1460379013,© all rights reserved
135750,3920211321,Muscidae_Thricops_semicinereus_1333544_3920211321,
135944,3050293082,Muscidae_Polietes_domitor_1649268_3050293082,© all rights reserved
135950,1458515698,Muscidae_Coenosia_mollicula_2115776_1458515698,© all rights reserved
136576,3050302434,Muscidae_Thricops_semicinereus_3029185_3050302434,© all rights reserved
136714,1837593101,Muscidae_Hydrotaea_borussica_71675_1837593101,© all rights reserved
136805,3050178468,Muscidae_Phaonia_steinii_1649235_3050178468,© all rights reserved
136806,3050178468,Muscidae_Phaonia_steinii_1649236_3050178468,© all rights reserved
136807,3050178468,Muscidae_Phaonia_steinii_1649237_3050178468,© all rights reserved
137095,2450289631,Muscidae_Lispe_tentaculata_2921579_2450289631,© all rights reserved
137458,1670520714,Muscidae_Musca_stabulans_2122188_1670520714,© all rights reserved
137568,1459194590,Muscidae_Eudasyphora_zimini_2116083_1459194590,© all rights reserved
137619,1428439418,Muscidae_Mydaea_setifemur_2802414_1428439418,© all rights reserved
137922,3077963210,Muscidae_Phaonia_tuguriorum_966639_3077963210,© all rights reserved
138119,2808220303,Muscidae_Phaonia_rufiventris_2270824_2808220303,© all rights reserved
138485,1428347112,Muscidae_Coenosia_mollicula_2113040_1428347112,© all rights reserved
139848,1459682647,Muscidae_Coenosia_mollicula_47501_1459682647,© all rights reserved
139850,1499919093,Muscidae_Phaonia_fuscata_2808448_1499919093,© all rights reserved
139905,2872474557,Muscidae_Musca_stabulans_246780_2872474557,© all rights reserved
139906,2872474557,Muscidae_Musca_stabulans_246781_2872474557,© all rights reserved
139907,2872474557,Muscidae_Musca_stabulans_246782_2872474557,© all rights reserved
140053,2994121385,Muscidae_Coenosia_mollicula_3017656_2994121385,© all rights reserved
140054,2994121385,Muscidae_Coenosia_mollicula_3017657_2994121385,© all rights reserved
140600,2271768945,Muscidae_Helina_reversio_1523660_2271768945,© all rights reserved
140632,3433653107,Muscidae_Thricops_longipes_2405988_3433653107,© all rights reserved
141105,1036550627,Muscidae_Caricea_verna_694833_1036550627,© all rights reserved
141106,1036550627,Muscidae_Caricea_verna_694834_1036550627,© all rights reserved
141766,1670223876,Muscidae_Graphomya_maculata_1432724_1670223876,© all rights reserved
142069,1037405581,Muscidae_Phaonia_wahlbergi_3681_1037405581,© all rights reserved
142070,1037405581,Muscidae_Phaonia_wahlbergi_3682_1037405581,© all rights reserved
142132,1459974099,Muscidae_Polietes_lardaria_48229_1459974099,© all rights reserved
142297,1213787391,Muscidae_Azelia_nebulosa_2767836_1213787391,© all rights reserved
142298,1213787391,Muscidae_Azelia_nebulosa_2767837_1213787391,© all rights reserved
142376,2246405251,Muscidae_Hebecnema_vespertina_137311_2246405251,© all rights reserved
142430,2857536425,Muscidae_Neomyia_viridescens_2309973_2857536425,© all rights reserved
142864,3050318362,Muscidae_Thricops_longipes_961019_3050318362,© all rights reserved
143119,2809060020,Muscidae_Neomyia_viridescens_1582484_2809060020,© all rights reserved
143120,2809060020,Muscidae_Neomyia_viridescens_1582485_2809060020,© all rights reserved
143226,2447494953,Muscidae_Hydrotaea_cyrtoneurina_162686_2447494953,© all rights reserved
143227,2447494953,Muscidae_Hydrotaea_cyrtoneurina_162687_2447494953,© all rights reserved
143228,2447494953,Muscidae_Hydrotaea_cyrtoneurina_162688_2447494953,© all rights reserved
143344,3432728703,Muscidae_Polietes_lardaria_1716401_3432728703,© all rights reserved
143350,3920526821,Muscidae_Morellia_simplex_644933_3920526821,© all rights reserved
143351,3920526821,Muscidae_Morellia_simplex_644934_3920526821,© all rights reserved
143352,3920526821,Muscidae_Morellia_simplex_644935_3920526821,© all rights reserved
143353,3920526821,Muscidae_Morellia_simplex_644936_3920526821,© all rights reserved
143354,3920526821,Muscidae_Morellia_simplex_644937_3920526821,© all rights reserved
143422,1433447803,Muscidae_Phaonia_fuscata_1425059_1433447803,© all rights reserved
143431,3077924624,Muscidae_Helina_reversio_1655259_3077924624,© all rights reserved
144228,2271115561,Muscidae_Caricea_alma_1523596_2271115561,© all rights reserved
144880,1055153565,Muscidae_Phaonia_angelicae_1384229_1055153565,© all rights reserved
144884,1459906977,Muscidae_Hydrotaea_irritans_48084_1459906977,© all rights reserved
145084,3050023589,Muscidae_Thricops_cunctans_270796_3050023589,© all rights reserved
145085,3050023589,Muscidae_Thricops_cunctans_270797_3050023589,© all rights reserved
145086,3050023589,Muscidae_Thricops_cunctans_270798_3050023589,© all rights reserved
145087,3050023589,Muscidae_Thricops_cunctans_270799_3050023589,© all rights reserved
145088,3050023589,Muscidae_Thricops_cunctans_270800_3050023589,© all rights reserved
145095,2548899524,Muscidae_Phaonia_erronea_2926651_2548899524,© all rights reserved
145096,2548899524,Muscidae_Phaonia_erronea_2926652_2548899524,© all rights reserved
145130,1460288431,Muscidae_Achanthiptera_rohrelliformis_2117971_1460288431,© all rights reserved
145337,1432267748,Muscidae_Helina_reversio_2803259_1432267748,© all rights reserved
145606,2604489587,Muscidae_Coenosia_mollicula_876692_2604489587,© all rights reserved
147445,1974054858,Muscidae_Phaonia_palpata_1499604_1974054858,http://creativecommons.org/licenses/by-nc/4.0/
147446,1974054858,Muscidae_Phaonia_palpata_1499605_1974054858,http://creativecommons.org/licenses/by-nc/4.0/
149567,1972960951,Muscidae_Phaonia_angelicae_2186684_1972960951,http://creativecommons.org/licenses/by-nc/4.0/
150034,1977473711,Muscidae_Phaonia_errans_125477_1977473711,http://creativecommons.org/licenses/by-nc-nd/4.0/
150160,2400985254,Muscidae_Graphomya_minor_152251_2400985254,© All rights reserved
150513,2237381647,Muscidae_Muscina_stabulans_2203104_2237381647,© All rights reserved
150525,2400045505,Muscidae_Thricops_nigritellus_842215_2400045505,© All rights reserved
150526,2400045505,Muscidae_Thricops_nigritellus_842216_2400045505,© All rights reserved
150527,2400045505,Muscidae_Thricops_nigritellus_842217_2400045505,© All rights reserved
150528,2400045505,Muscidae_Thricops_nigritellus_842218_2400045505,© All rights reserved
150886,2398378944,Muscidae_Phaonia_lugubris_151653_2398378944,© All rights reserved
150887,2398378944,Muscidae_Phaonia_lugubris_151654_2398378944,© All rights reserved
151487,2406878282,Muscidae_Hydrotaea_ignava_1532547_2406878282,© All rights reserved
151516,2251608729,Muscidae_Spilogona_baltica_2210876_2251608729,http://creativecommons.org/licenses/by-nc/4.0/
151526,2633575413,Muscidae_Hydrotaea_ignava_2263440_2633575413,http://creativecommons.org/licenses/by-nc-sa/4.0/
151744,1046460865,Muscidae_Musca_stabulans_1383945_1046460865,© all rights reserved
151748,3430679991,Muscidae_Caricea_alma_1715420_3430679991,© all rights reserved
151897,1037024445,Muscidae_Thricops_diaphanus_694960_1037024445,© all rights reserved
152130,1972653966,Muscidae_Lispocephala_brachialis_2185929_1972653966,http://creativecommons.org/licenses/by-nc-nd/4.0/
153318,1969448696,Muscidae_Lispe_loewi_803523_1969448696,http://creativecommons.org/licenses/by-nc-nd/4.0/
153319,1969448696,Muscidae_Lispe_loewi_803524_1969448696,http://creativecommons.org/licenses/by-nc-nd/4.0/
153831,2845053142,Muscidae_Phaonia_fuscata_2992674_2845053142,http://creativecommons.org/licenses/by-nc-nd/4.0/
154805,1952084567,Muscidae_Helina_reversio_2845873_1952084567,http://creativecommons.org/licenses/by-nc-nd/4.0/
155256,1977021298,Muscidae_Coenosia_tigrina_2882946_1977021298,http://creativecommons.org/licenses/by-nc-nd/4.0/
156605,3816537402,Muscidae_Hydrotaea_pandellei_1936450_3816537402,© All rights reserved
156606,3816537402,Muscidae_Hydrotaea_pandellei_1936451_3816537402,© All rights reserved
156607,3816537402,Muscidae_Hydrotaea_pandellei_1936452_3816537402,© All rights reserved
156608,3816537402,Muscidae_Hydrotaea_pandellei_1936453_3816537402,© All rights reserved
156767,2405291239,Muscidae_Eudasyphora_cyanella_1532136_2405291239,http://creativecommons.org/licenses/by/4.0/
157142,1973598814,Muscidae_Hydrotaea_irritans_2877847_1973598814,http://creativecommons.org/licenses/by-nc-nd/4.0/
157143,1973598814,Muscidae_Hydrotaea_irritans_2877848_1973598814,http://creativecommons.org/licenses/by-nc-nd/4.0/
157144,1973598814,Muscidae_Hydrotaea_irritans_2877849_1973598814,http://creativecommons.org/licenses/by-nc-nd/4.0/
157146,1973598814,Muscidae_Hydrotaea_irritans_2877851_1973598814,http://creativecommons.org/licenses/by-nc-nd/4.0/
157149,1973598814,Muscidae_Hydrotaea_irritans_2877854_1973598814,http://creativecommons.org/licenses/by-nc-nd/4.0/
157150,1973598814,Muscidae_Hydrotaea_irritans_2877855_1973598814,http://creativecommons.org/licenses/by-nc-nd/4.0/
157298,1957738655,Muscidae_Lispocephala_brachialis_2854629_1957738655,http://creativecommons.org/licenses/by-nc-nd/4.0/
157577,3825385842,Muscidae_Limnophora_riparia_566038_3825385842,http://creativecommons.org/licenses/by-nc-nd/4.0/
157578,3825385842,Muscidae_Limnophora_riparia_566039_3825385842,http://creativecommons.org/licenses/by-nc-nd/4.0/
157623,1959341258,Muscidae_Hydrotaea_dentipes_98858_1959341258,http://creativecommons.org/licenses/by-nc-nd/4.0/
157624,1959341258,Muscidae_Hydrotaea_dentipes_98859_1959341258,http://creativecommons.org/licenses/by-nc-nd/4.0/
157625,1959341258,Muscidae_Hydrotaea_dentipes_98860_1959341258,http://creativecommons.org/licenses/by-nc-nd/4.0/
159366,1959278132,Muscidae_Hydrotaea_dentipes_98730_1959278132,http://creativecommons.org/licenses/by-nc-nd/4.0/
159367,1959278132,Muscidae_Hydrotaea_dentipes_98731_1959278132,http://creativecommons.org/licenses/by-nc-nd/4.0/
159369,1959278132,Muscidae_Hydrotaea_dentipes_98733_1959278132,http://creativecommons.org/licenses/by-nc-nd/4.0/
159586,2838718678,Muscidae_Limnophora_riparia_2981027_2838718678,http://creativecommons.org/licenses/by-nc-nd/4.0/
159587,2838718678,Muscidae_Limnophora_riparia_2981028_2838718678,http://creativecommons.org/licenses/by-nc-nd/4.0/
159588,2838718678,Muscidae_Limnophora_riparia_2981029_2838718678,http://creativecommons.org/licenses/by-nc-nd/4.0/
159589,2838718678,Muscidae_Limnophora_riparia_2981030_2838718678,http://creativecommons.org/licenses/by-nc-nd/4.0/
160796,2841936950,Muscidae_Achanthiptera_rohrelliformis_2294863_2841936950,http://creativecommons.org/licenses/by-nc-nd/4.0/
160999,1955743726,Muscidae_Hydrotaea_militaris_93803_1955743726,http://creativecommons.org/licenses/by-nc-nd/4.0/
161443,3960571339,Muscidae_Phaonia_angelicae_652648_3960571339,© All rights reserved
161752,3424332386,Muscidae_Morellia_hortorum_1714746_3424332386,© All rights reserved
162056,2579040498,Muscidae_Helina_evecta_2941630_2579040498,© All rights reserved
162180,2409369599,Muscidae_Thricops_diaphanus_2222095_2409369599,http://creativecommons.org/licenses/by-nc-sa/4.0/
162224,3320274366,Muscidae_Phaonia_angelicae_1673692_3320274366,© All rights reserved
162291,2407761287,Muscidae_Morellia_aenescens_843984_2407761287,© All rights reserved
162292,2407761287,Muscidae_Morellia_aenescens_843985_2407761287,© All rights reserved
162320,3866340357,Muscidae_Morellia_hortorum_1276853_3866340357,© All rights reserved
162500,2404454857,Muscidae_Phaonia_pallida_843246_2404454857,© All rights reserved
162694,3400464546,Muscidae_Azelia_cilipes_1020510_3400464546,© All rights reserved
162847,2405391384,Muscidae_Phaonia_rufiventris_2911814_2405391384,© All rights reserved
162866,3987900419,Muscidae_Neomyia_viridescens_2038894_3987900419,© All rights reserved
163266,1825439723,Muscidae_Mesembrina_mystacea_2125430_1825439723,© All rights reserved
163321,3898926627,Muscidae_Phaonia_angelicae_3362726_3898926627,© All rights reserved
163588,2816682313,Muscidae_Achanthiptera_rohrelliformis_2964795_2816682313,© All rights reserved
164715,1957173473,Muscidae_Phaonia_tuguriorum_2163626_1957173473,http://creativecommons.org/licenses/by-nc-nd/4.0/
165039,1969448103,Muscidae_Coenosia_antennata_2871268_1969448103,http://creativecommons.org/licenses/by-nc-nd/4.0/
165040,1969448103,Muscidae_Coenosia_antennata_2871269_1969448103,http://creativecommons.org/licenses/by-nc-nd/4.0/
165481,2836878473,Muscidae_Lispocephala_brachialis_218286_2836878473,http://creativecommons.org/licenses/by-nc/4.0/
165806,1957402756,Muscidae_Coenosia_tigrina_1474881_1957402756,http://creativecommons.org/licenses/by-nc-nd/4.0/
166265,2837565370,Muscidae_Hebecnema_nigricolor_1599047_2837565370,http://creativecommons.org/licenses/by-nc-nd/4.0/
166266,2837565370,Muscidae_Hebecnema_nigricolor_1599048_2837565370,http://creativecommons.org/licenses/by-nc-nd/4.0/
166377,3822688637,Muscidae_Schoenomyza_litorella_2627542_3822688637,http://creativecommons.org/licenses/by-nc-nd/4.0/
166812,1975094581,Muscidae_Thricops_diaphanus_121510_1975094581,http://creativecommons.org/licenses/by-nc-nd/4.0/
167052,1972145786,Muscidae_Muscina_levida_2875264_1972145786,http://creativecommons.org/licenses/by-nc-nd/4.0/
167278,1954680814,Muscidae_Coenosia_humilis_91120_1954680814,http://creativecommons.org/licenses/by-nc-nd/4.0/
167509,1956845683,Muscidae_Hebecnema_vespertina_785360_1956845683,http://creativecommons.org/licenses/by-nc-nd/4.0/
167510,1956845683,Muscidae_Hebecnema_vespertina_785361_1956845683,http://creativecommons.org/licenses/by-nc-nd/4.0/
167511,1956845683,Muscidae_Hebecnema_vespertina_785362_1956845683,http://creativecommons.org/licenses/by-nc-nd/4.0/
168601,2836936132,Muscidae_Muscina_prolapsa_1597553_2836936132,http://creativecommons.org/licenses/by-nc/4.0/
168942,3907417664,Muscidae_Neomyia_cornicina_2702304_3907417664,http://creativecommons.org/licenses/by-nc-nd/4.0/
170468,3825445822,Muscidae_Achanthiptera_rohrelliformis_566295_3825445822,http://creativecommons.org/licenses/by-nc-nd/4.0/
172193,1971964200,Muscidae_Helina_depuncta_2184823_1971964200,http://creativecommons.org/licenses/by-nc/4.0/
172319,3049207358,Muscidae_Coenosia_humilis_2338749_3049207358,© all rights reserved
172320,3049207358,Muscidae_Coenosia_humilis_2338750_3049207358,© all rights reserved
172458,3767544390,Muscidae_Azelia_cilipes_549286_3767544390,© all rights reserved
172459,3767544390,Muscidae_Azelia_cilipes_549287_3767544390,© all rights reserved
172992,2247440722,Muscidae_Phaonia_angelicae_2205583_2247440722,© all rights reserved
173431,1459363865,Muscidae_Phaonia_fuscata_2116335_1459363865,© all rights reserved
173432,1459363865,Muscidae_Phaonia_fuscata_2116336_1459363865,© all rights reserved
173908,3857614868,Muscidae_Eudasyphora_zimini_1261665_3857614868,© all rights reserved
173909,3857614868,Muscidae_Eudasyphora_zimini_1261666_3857614868,© all rights reserved
173925,2247184452,Muscidae_Phaonia_valida_2205549_2247184452,© all rights reserved
173958,2248739506,Muscidae_Hydrotaea_ignava_1516929_2248739506,http://creativecommons.org/licenses/by-nc-sa/4.0/
175538,1958417329,Muscidae_Helina_evecta_1476992_1958417329,http://creativecommons.org/licenses/by-nc-nd/4.0/
177534,3335419277,Muscidae_Phaonia_angelicae_307719_3335419277,http://creativecommons.org/licenses/by-nc/4.0/
178104,4015015691,Muscidae_Synthesiomyia_nudiseta_2747506_4015015691,http://creativecommons.org/licenses/by-nc/4.0/
178298,2901668353,Muscidae_Polietes_lardaria_941122_2901668353,http://creativecommons.org/licenses/by/4.0/
178442,3112782792,Muscidae_Muscina_pascuorum_974830_3112782792,http://creativecommons.org/licenses/by-nc/4.0/
178623,3757417499,Muscidae_Azelia_nebulosa_1922024_3757417499,© All rights reserved
178624,3757417499,Muscidae_Azelia_nebulosa_1922025_3757417499,© All rights reserved
180514,2542911178,Muscidae_Muscina_levida_2926469_2542911178,http://creativecommons.org/licenses/by-nc/4.0/
180607,3902619746,Muscidae_Synthesiomyia_nudiseta_3366476_3902619746,http://creativecommons.org/licenses/by-nc/4.0/
183533,3424317303,Muscidae_Morellia_hortorum_3094102_3424317303,© All rights reserved
183535,3424317303,Muscidae_Morellia_hortorum_3094104_3424317303,© All rights reserved
183536,3424317303,Muscidae_Morellia_hortorum_3094105_3424317303,© All rights reserved
184040,2621910275,Muscidae_Hebecnema_fumosa_879293_2621910275,
184196,2621922356,Muscidae_Lispe_tentaculata_2947587_2621922356,
184219,2621924945,Muscidae_Musca_sorbens_189273_2621924945,
184227,2621925409,Muscidae_Lispe_nivalis_879351_2621925409,
184243,2621926799,Muscidae_Coenosia_attenuata_2947605_2621926799,
184244,2621926807,Muscidae_Myospila_meditabunda_2947606_2621926807,
184263,2621927612,Muscidae_Lispe_candicans_2947610_2621927612,
184275,2621928266,Muscidae_Pyrellia_vivida_189289_2621928266,
184469,2621951872,Muscidae_Phaonia_trimaculata_2947688_2621951872,
184515,2621955876,Muscidae_Limnophora_obsignata_1568548_2621955876,
184516,2621956006,Muscidae_Limnophora_obsignata_2257284_2621956006,
184553,2621957998,Muscidae_Pyrellia_vivida_2947714_2621957998,
184559,2621958597,Muscidae_Lispe_assimilis_189401_2621958597,
184561,2621958623,Muscidae_Hydrotaea_ignava_189404_2621958623,
184563,2621958625,Muscidae_Lispocephala_brachialis_1568563_2621958625,
184581,2621958914,Muscidae_Coenosia_attenuata_2257311_2621958914,
184583,2621958927,Muscidae_Helina_clara_1568576_2621958927,
184595,2621959150,Muscidae_Phaonia_trimaculata_879463_2621959150,
185424,3994236370,Muscidae_Graphomya_maculata_664317_3994236370,http://creativecommons.org/licenses/by-nc/4.0/
186486,2988357994,Muscidae_Phaonia_angelicae_1635636_2988357994,http://creativecommons.org/licenses/by/4.0/
186664,3985781370,Muscidae_Phaonia_mediterranea_1348003_3985781370,http://creativecommons.org/licenses/by-nc/4.0/
186997,3923397320,Muscidae_Helina_latitarsis_645752_3923397320,http://creativecommons.org/licenses/by/4.0/
186998,3923397320,Muscidae_Helina_latitarsis_645753_3923397320,http://creativecommons.org/licenses/by/4.0/
186999,3923397320,Muscidae_Helina_latitarsis_645754_3923397320,http://creativecommons.org/licenses/by/4.0/
187213,2573900109,Muscidae_Musca_osiris_2249842_2573900109,http://creativecommons.org/licenses/by/4.0/
187214,2573900109,Muscidae_Musca_osiris_2249843_2573900109,http://creativecommons.org/licenses/by/4.0/
187215,2573900109,Muscidae_Musca_osiris_2249844_2573900109,http://creativecommons.org/licenses/by/4.0/
187639,2561548817,Muscidae_Caricea_erythrocera_871099_2561548817,© all rights reserved
187879,1670706307,Muscidae_Mesembrina_mystacea_1432943_1670706307,© all rights reserved
189416,3058871458,Muscidae_Phaonia_subventa_271594_3058871458,http://creativecommons.org/licenses/by-nc/4.0/
189896,3465980653,Muscidae_Polietes_lardaria_1845254_3465980653,http://creativecommons.org/licenses/by-nc/4.0/
191090,2398417774,Muscidae_Phaonia_rufiventris_151662_2398417774,© All rights reserved
191697,2403376231,Muscidae_Helina_veterana_2911355_2403376231,© All rights reserved
191698,2403376231,Muscidae_Helina_veterana_2911356_2403376231,© All rights reserved
191711,3414570424,Muscidae_Phaonia_incana_1710991_3414570424,© All rights reserved
191712,3414570424,Muscidae_Phaonia_incana_1710992_3414570424,© All rights reserved
191713,3414570424,Muscidae_Phaonia_incana_1710993_3414570424,© All rights reserved
191714,3414570424,Muscidae_Phaonia_incana_1710994_3414570424,© All rights reserved
191715,3414570424,Muscidae_Phaonia_incana_1710995_3414570424,© All rights reserved
191832,1989783140,Muscidae_Coenosia_punctigera_820118_1989783140,http://creativecommons.org/licenses/by/4.0/
191833,1989783140,Muscidae_Coenosia_punctigera_820119_1989783140,http://creativecommons.org/licenses/by/4.0/
192155,3878875306,Muscidae_Phaonia_angelicae_1972781_3878875306,© All rights reserved
194904,3090734915,Muscidae_Morellia_aenescens_2347297_3090734915,http://creativecommons.org/licenses/by-nc/4.0/
196371,1974435225,Muscidae_Caricea_alma_2189432_1974435225,http://creativecommons.org/licenses/by-nc-nd/4.0/
196597,1957278669,Muscidae_Helina_latitarsis_786032_1957278669,http://creativecommons.org/licenses/by-nc-nd/4.0/
196598,1957278669,Muscidae_Helina_latitarsis_786033_1957278669,http://creativecommons.org/licenses/by-nc-nd/4.0/
198248,1956497414,Muscidae_Phaonia_palpata_785142_1956497414,http://creativecommons.org/licenses/by-nc-nd/4.0/
198249,1956497414,Muscidae_Phaonia_palpata_785143_1956497414,http://creativecommons.org/licenses/by-nc-nd/4.0/
198251,1956497414,Muscidae_Phaonia_palpata_785145_1956497414,http://creativecommons.org/licenses/by-nc-nd/4.0/
198252,1956497414,Muscidae_Phaonia_palpata_785146_1956497414,http://creativecommons.org/licenses/by-nc-nd/4.0/
198510,1955507738,Muscidae_Polietes_lardaria_783697_1955507738,http://creativecommons.org/licenses/by-nc-nd/4.0/
198817,1975998269,Muscidae_Hydrotaea_ignava_813077_1975998269,http://creativecommons.org/licenses/by-nc-nd/4.0/
199033,1974063851,Muscidae_Spanochaeta_dorsalis_120548_1974063851,http://creativecommons.org/licenses/by-nc-nd/4.0/
199034,1974063851,Muscidae_Spanochaeta_dorsalis_120549_1974063851,http://creativecommons.org/licenses/by-nc-nd/4.0/
199035,1974063851,Muscidae_Spanochaeta_dorsalis_120550_1974063851,http://creativecommons.org/licenses/by-nc-nd/4.0/
199688,1956131999,Muscidae_Muscina_levida_2852647_1956131999,http://creativecommons.org/licenses/by-nc-nd/4.0/
200124,3097159477,Muscidae_Pyrellia_rapax_282031_3097159477,http://creativecommons.org/licenses/by-nc/4.0/
200203,3986037779,Muscidae_Musca_autumnalis_3418047_3986037779,http://creativecommons.org/licenses/by-nc/4.0/
200325,3067789424,Muscidae_Musca_domestica_1652485_3067789424,http://creativecommons.org/licenses/by/4.0/
203254,3447727942,Muscidae_Phaonia_pallida_1833152_3447727942,http://creativecommons.org/licenses/by-sa/4.0/
203268,3447732871,Muscidae_Thricops_cunctans_3212442_3447732871,http://creativecommons.org/licenses/by-sa/4.0/
203275,3447732893,Muscidae_Graphomya_minor_2522246_3447732893,http://creativecommons.org/licenses/by-sa/4.0/
203303,3447733380,Muscidae_Phaonia_meigeni_454329_3447733380,http://creativecommons.org/licenses/by-sa/4.0/
203340,3447733791,Muscidae_Phaonia_meigeni_1143718_3447733791,http://creativecommons.org/licenses/by-sa/4.0/
203341,3447733821,Muscidae_Phaonia_meigeni_454335_3447733821,http://creativecommons.org/licenses/by-sa/4.0/
203342,3447733820,Muscidae_Phaonia_meigeni_3212461_3447733820,http://creativecommons.org/licenses/by-sa/4.0/
203345,3447733934,Muscidae_Thricops_cunctans_454336_3447733934,http://creativecommons.org/licenses/by-sa/4.0/
203355,3447734232,Muscidae_Thricops_innocuus_1833195_3447734232,http://creativecommons.org/licenses/by-sa/4.0/
203356,3447734241,Muscidae_Thricops_innocuus_1833196_3447734241,http://creativecommons.org/licenses/by-sa/4.0/
203357,3447734244,Muscidae_Thricops_innocuus_454339_3447734244,http://creativecommons.org/licenses/by-sa/4.0/
203358,3447734252,Muscidae_Morellia_podagrica_3212465_3447734252,http://creativecommons.org/licenses/by-sa/4.0/
203394,3447734800,Muscidae_Hydrotaea_irritans_2522277_3447734800,http://creativecommons.org/licenses/by-sa/4.0/
203413,3447735249,Muscidae_Coenosia_pumila_1143741_3447735249,http://creativecommons.org/licenses/by-sa/4.0/
203415,3447735261,Muscidae_Coenosia_pumila_454357_3447735261,http://creativecommons.org/licenses/by-sa/4.0/
203437,3447735743,Muscidae_Thricops_innocuus_454360_3447735743,http://creativecommons.org/licenses/by-sa/4.0/
203474,3447736731,Muscidae_Coenosia_trilineella_2522295_3447736731,http://creativecommons.org/licenses/by-sa/4.0/
203475,3447736738,Muscidae_Graphomya_minor_454371_3447736738,http://creativecommons.org/licenses/by-sa/4.0/
203584,3447749552,Muscidae_Thricops_nigritellus_2522336_3447749552,http://creativecommons.org/licenses/by-sa/4.0/
203585,3447749615,Muscidae_Hydrotaea_pellucens_2522337_3447749615,http://creativecommons.org/licenses/by-sa/4.0/
203608,3447753762,Muscidae_Coenosia_demoralis_1143800_3447753762,http://creativecommons.org/licenses/by-sa/4.0/
203633,3447756281,Muscidae_Hydrotaea_cyrtoneurina_454423_3447756281,http://creativecommons.org/licenses/by-sa/4.0/
203634,3447756283,Muscidae_Limnophora_triangula_1833269_3447756283,http://creativecommons.org/licenses/by-sa/4.0/
203643,3447756662,Muscidae_Morellia_podagrica_2522351_3447756662,http://creativecommons.org/licenses/by-sa/4.0/
203644,3447756640,Muscidae_Morellia_podagrica_3212551_3447756640,http://creativecommons.org/licenses/by-sa/4.0/
203678,3447757179,Muscidae_Coenosia_trilineella_1833279_3447757179,http://creativecommons.org/licenses/by-sa/4.0/
203724,3706461495,Muscidae_Thricops_longipes_2542653_3706461495,http://creativecommons.org/licenses/by-sa/4.0/
203727,3447760865,Muscidae_Hydrotaea_pilipes_2522375_3447760865,http://creativecommons.org/licenses/by-sa/4.0/
203968,1459363514,Muscidae_Lispe_tentaculata_2805833_1459363514,© all rights reserved
203979,3049305568,Muscidae_Helina_depuncta_270657_3049305568,© all rights reserved
204620,1321262025,Muscidae_Hydrotaea_meteorica_2786856_1321262025,Usage Conditions Apply
204832,4017429562,Muscidae_Limnophora_triangula_2748081_4017429562,© all rights reserved
204833,4017429562,Muscidae_Limnophora_triangula_2748082_4017429562,© all rights reserved
205140,3433281385,Muscidae_Phaonia_tuguriorum_2405789_3433281385,© all rights reserved
206446,1965048092,Muscidae_Helina_depuncta_2863978_1965048092,http://creativecommons.org/licenses/by-nc-nd/4.0/
206481,1957207686,Muscidae_Limnophora_riparia_1474418_1957207686,http://creativecommons.org/licenses/by-nc-nd/4.0/
206482,1957207686,Muscidae_Limnophora_riparia_1474419_1957207686,http://creativecommons.org/licenses/by-nc-nd/4.0/
206569,3723136462,Muscidae_Phaonia_valida_2574893_3723136462,http://creativecommons.org/licenses/by-nc/4.0/
206840,1957085537,Muscidae_Helina_latitarsis_785657_1957085537,http://creativecommons.org/licenses/by-nc-nd/4.0/
206841,1957085537,Muscidae_Helina_latitarsis_785658_1957085537,http://creativecommons.org/licenses/by-nc-nd/4.0/
206842,1957085537,Muscidae_Helina_latitarsis_785659_1957085537,http://creativecommons.org/licenses/by-nc-nd/4.0/
207171,3822637277,Muscidae_Coenosia_atra_1937703_3822637277,http://creativecommons.org/licenses/by-nc-nd/4.0/
208384,3985928851,Muscidae_Limnophora_obsignata_2727676_3985928851,http://creativecommons.org/licenses/by-nc/4.0/
208385,3985928851,Muscidae_Limnophora_obsignata_2727677_3985928851,http://creativecommons.org/licenses/by-nc/4.0/
209296,3773008504,Muscidae_Stomoxys_calcitrans_1240104_3773008504,http://creativecommons.org/licenses/by-nc/4.0/
209929,1847098913,Muscidae_Coenosia_humilis_767830_1847098913,
210167,1847098920,Muscidae_Coenosia_humilis_2835402_1847098920,
210374,1846873779,Muscidae_Coenosia_humilis_765752_1846873779,
211456,3927132569,Muscidae_Phaonia_angelicae_648986_3927132569,http://creativecommons.org/licenses/by/4.0/
212065,3448118864,Muscidae_Coenosia_bilineella_454680_3448118864,http://creativecommons.org/licenses/by-sa/4.0/
212075,3447827351,Muscidae_Schoenomyza_litorella_1833360_3447827351,http://creativecommons.org/licenses/by-sa/4.0/
212100,3447824528,Muscidae_Limnophora_riparia_454505_3447824528,http://creativecommons.org/licenses/by-sa/4.0/
212156,3448640524,Muscidae_Caricea_alma_2522826_3448640524,http://creativecommons.org/licenses/by-sa/4.0/
212579,1961088391,Muscidae_Phaonia_rufiventris_2859672_1961088391,http://creativecommons.org/licenses/by-nc-nd/4.0/
212580,1961088391,Muscidae_Phaonia_rufiventris_2859673_1961088391,http://creativecommons.org/licenses/by-nc-nd/4.0/
212582,1961088391,Muscidae_Phaonia_rufiventris_2859675_1961088391,http://creativecommons.org/licenses/by-nc-nd/4.0/
212802,1958669862,Muscidae_Polietes_domitor_2166595_1958669862,http://creativecommons.org/licenses/by-nc-nd/4.0/
213254,1965561673,Muscidae_Eudasyphora_cyanicolor_2865542_1965561673,http://creativecommons.org/licenses/by-nc/4.0/
214746,1957240301,Muscidae_Coenosia_mollicula_2163785_1957240301,http://creativecommons.org/licenses/by-nc-nd/4.0/
215085,3731251178,Muscidae_Phaonia_subventa_2599659_3731251178,http://creativecommons.org/licenses/by-nc-nd/4.0/
215373,1959779189,Muscidae_Myospila_meditabunda_2168256_1959779189,http://creativecommons.org/licenses/by-nc-nd/4.0/
215374,1959779189,Muscidae_Myospila_meditabunda_2168257_1959779189,http://creativecommons.org/licenses/by-nc-nd/4.0/
215471,1955543585,Muscidae_Morellia_aenescens_783817_1955543585,http://creativecommons.org/licenses/by-nc/4.0/
216529,1972802703,Muscidae_Limnophora_tigrina_2186197_1972802703,http://creativecommons.org/licenses/by-nc-nd/4.0/
216590,2833365256,Muscidae_Muscina_prolapsa_211805_2833365256,http://creativecommons.org/licenses/by-nc-sa/4.0/
216735,1956460151,Muscidae_Phaonia_valida_2852758_1956460151,http://creativecommons.org/licenses/by-nc-nd/4.0/
217103,1974755531,Muscidae_Caricea_erythrocera_2189662_1974755531,http://creativecommons.org/licenses/by-nc-nd/4.0/
217104,1974755531,Muscidae_Caricea_erythrocera_2189663_1974755531,http://creativecommons.org/licenses/by-nc-nd/4.0/
218329,1964814926,Muscidae_Phaonia_tuguriorum_104947_1964814926,http://creativecommons.org/licenses/by-nc-nd/4.0/
219425,2835759311,Muscidae_Phaonia_tuguriorum_2284906_2835759311,http://creativecommons.org/licenses/by-nc-sa/4.0/
219736,1973574940,Muscidae_Spanochaeta_dorsalis_2187568_1973574940,http://creativecommons.org/licenses/by-nc-nd/4.0/
220472,1968937957,Muscidae_Morellia_aenescens_2180030_1968937957,http://creativecommons.org/licenses/by-nc-nd/4.0/
220473,1968937957,Muscidae_Morellia_aenescens_2180031_1968937957,http://creativecommons.org/licenses/by-nc-nd/4.0/
220635,3825298108,Muscidae_Coenosia_atra_2633283_3825298108,http://creativecommons.org/licenses/by-nc/4.0/
221663,3013867052,Muscidae_Muscina_stabulans_261905_3013867052,http://creativecommons.org/licenses/by-nc/4.0/
221830,3994219366,Muscidae_Lispe_caesia_1352282_3994219366,http://creativecommons.org/licenses/by-nc/4.0/
223398,932187742,Muscidae_Spilogona_denigrata_3447192_932187742,© all rights reserved
223399,932187742,Muscidae_Spilogona_denigrata_3447193_932187742,© all rights reserved
223542,3447921550,Muscidae_Phaonia_fuscata_2522498_3447921550,http://creativecommons.org/licenses/by-sa/4.0/
223608,3448120243,Muscidae_Limnophora_riparia_3212799_3448120243,http://creativecommons.org/licenses/by-sa/4.0/
223620,3447895234,Muscidae_Phaonia_palpata_1833400_3447895234,http://creativecommons.org/licenses/by-sa/4.0/
223644,3448538657,Muscidae_Limnophora_triangula_1144181_3448538657,http://creativecommons.org/licenses/by-sa/4.0/
224331,1957365476,Muscidae_Helina_reversio_2853876_1957365476,http://creativecommons.org/licenses/by-nc-nd/4.0/
225338,3723370685,Muscidae_Graphomya_maculata_507617_3723370685,http://creativecommons.org/licenses/by-nc-nd/4.0/
225778,1977058491,Muscidae_Hebecnema_nigricolor_2883039_1977058491,http://creativecommons.org/licenses/by-nc-nd/4.0/
225779,1977058491,Muscidae_Hebecnema_nigricolor_2883040_1977058491,http://creativecommons.org/licenses/by-nc-nd/4.0/
226740,3825272095,Muscidae_Coenosia_atra_565572_3825272095,http://creativecommons.org/licenses/by-nc-nd/4.0/
226762,1959750162,Muscidae_Polietes_domitor_2168180_1959750162,http://creativecommons.org/licenses/by-nc-nd/4.0/
226796,3824533764,Muscidae_Coenosia_atra_564383_3824533764,http://creativecommons.org/licenses/by-nc-nd/4.0/
229389,1953161315,Muscidae_Lispe_tentaculata_2847905_1953161315,http://creativecommons.org/licenses/by-nc-nd/4.0/
229390,1953161315,Muscidae_Lispe_tentaculata_2847906_1953161315,http://creativecommons.org/licenses/by-nc-nd/4.0/
229392,1953161315,Muscidae_Lispe_tentaculata_2847908_1953161315,http://creativecommons.org/licenses/by-nc-nd/4.0/
229396,1965216008,Muscidae_Musca_autumnalis_2174390_1965216008,http://creativecommons.org/licenses/by-nc-nd/4.0/
230371,3893162387,Muscidae_Thricops_semicinereus_603937_3893162387,© All rights reserved
230559,2540387565,Muscidae_Thricops_diaphanus_1545516_2540387565,© All rights reserved
230809,3907630319,Muscidae_Thricops_diaphanus_2013444_3907630319,© All rights reserved
231322,3327164446,Muscidae_Thricops_diaphanus_1677553_3327164446,© All rights reserved
231429,3816493437,Muscidae_Eudasyphora_zimini_1247325_3816493437,© All rights reserved
231545,2398969941,Muscidae_Phaonia_lugubris_2219651_2398969941,© All rights reserved
231712,3816528450,Muscidae_Thricops_nigrifrons_558401_3816528450,© All rights reserved
231713,3816528450,Muscidae_Thricops_nigrifrons_558402_3816528450,© All rights reserved
231714,3816528450,Muscidae_Thricops_nigrifrons_558403_3816528450,© All rights reserved
231754,1974731717,Muscidae_Phaonia_subventa_2189656_1974731717,http://creativecommons.org/licenses/by-nc-nd/4.0/
232587,3903928653,Muscidae_Helina_sexmaculata_1992138_3903928653,http://creativecommons.org/licenses/by-nc-nd/4.0/
232588,3903928653,Muscidae_Helina_sexmaculata_1992139_3903928653,http://creativecommons.org/licenses/by-nc-nd/4.0/
233484,1966571165,Muscidae_Mydaea_corni_2867954_1966571165,http://creativecommons.org/licenses/by-nc-nd/4.0/
233671,1974961488,Muscidae_Azelia_cilipes_2189807_1974961488,http://creativecommons.org/licenses/by-nc-nd/4.0/
233673,1974961488,Muscidae_Azelia_cilipes_2189809_1974961488,http://creativecommons.org/licenses/by-nc-nd/4.0/
233898,1975775686,Muscidae_Polietes_meridionalis_1501099_1975775686,http://creativecommons.org/licenses/by-nc-nd/4.0/
233900,1975775686,Muscidae_Polietes_meridionalis_1501101_1975775686,http://creativecommons.org/licenses/by-nc-nd/4.0/
234275,1969391369,Muscidae_Phaonia_valida_112568_1969391369,http://creativecommons.org/licenses/by-nc-nd/4.0/
234448,1954684271,Muscidae_Helina_impuncta_781750_1954684271,http://creativecommons.org/licenses/by-nc/4.0/
235002,1977320317,Muscidae_Phaonia_serva_2193512_1977320317,http://creativecommons.org/licenses/by-nc/4.0/
235379,2833727521,Muscidae_Helina_depuncta_1591757_2833727521,http://creativecommons.org/licenses/by-nc/4.0/
235610,3825294186,Muscidae_Phaonia_valida_565666_3825294186,http://creativecommons.org/licenses/by-nc-nd/4.0/
235634,1957555745,Muscidae_Phaonia_serva_786618_1957555745,http://creativecommons.org/licenses/by-nc-nd/4.0/
235635,1957555745,Muscidae_Phaonia_serva_786619_1957555745,http://creativecommons.org/licenses/by-nc-nd/4.0/
235636,1957555745,Muscidae_Phaonia_serva_786620_1957555745,http://creativecommons.org/licenses/by-nc-nd/4.0/
242489,1975187966,Muscidae_Eudasyphora_cyanella_121548_1975187966,http://creativecommons.org/licenses/by-nc-nd/4.0/
244665,3716670927,Muscidae_Mesembrina_mystacea_478395_3716670927,http://creativecommons.org/licenses/by-nc-nd/4.0/
245152,1953511163,Muscidae_Phaonia_errans_2848570_1953511163,http://creativecommons.org/licenses/by-nc/4.0/
245869,1961958711,Muscidae_Polietes_meridionalis_793411_1961958711,http://creativecommons.org/licenses/by-nc-nd/4.0/
246205,2844041863,Muscidae_Phaonia_palpata_2299352_2844041863,http://creativecommons.org/licenses/by-nc-nd/4.0/
246283,2844334823,Muscidae_Achanthiptera_rohrelliformis_2990574_2844334823,http://creativecommons.org/licenses/by-nc-nd/4.0/
246311,3904970566,Muscidae_Helina_sexmaculata_2687947_3904970566,http://creativecommons.org/licenses/by-nc-nd/4.0/
246312,3904970566,Muscidae_Helina_sexmaculata_2687948_3904970566,http://creativecommons.org/licenses/by-nc-nd/4.0/
246685,1972283098,Muscidae_Azelia_cilipes_2185277_1972283098,http://creativecommons.org/licenses/by-nc/4.0/
247794,1972740273,Muscidae_Polietes_domitor_808367_1972740273,http://creativecommons.org/licenses/by-nc-nd/4.0/
248479,1956498272,Muscidae_Hebecnema_vespertina_2852784_1956498272,http://creativecommons.org/licenses/by-nc-nd/4.0/
248480,1956498272,Muscidae_Hebecnema_vespertina_2852785_1956498272,http://creativecommons.org/licenses/by-nc-nd/4.0/
248943,1954823863,Muscidae_Phaonia_rufiventris_2159784_1954823863,http://creativecommons.org/licenses/by-nc-nd/4.0/
249829,1970777699,Muscidae_Hydrotaea_dentipes_2874166_1970777699,http://creativecommons.org/licenses/by-nc-nd/4.0/
250610,1952043573,Muscidae_Phaonia_valida_778113_1952043573,http://creativecommons.org/licenses/by-nc/4.0/
250699,3906863571,Muscidae_Atherigona_varia_3389588_3906863571,http://creativecommons.org/licenses/by-nc-nd/4.0/
250700,3906863571,Muscidae_Atherigona_varia_3389589_3906863571,http://creativecommons.org/licenses/by-nc-nd/4.0/
250701,3906863571,Muscidae_Atherigona_varia_3389590_3906863571,http://creativecommons.org/licenses/by-nc-nd/4.0/
251628,1957154325,Muscidae_Muscina_levida_2163589_1957154325,http://creativecommons.org/licenses/by-nc-nd/4.0/
251756,3996034730,Muscidae_Coenosia_tigrina_668647_3996034730,http://creativecommons.org/licenses/by-nc-nd/4.0/
253923,1431865423,Muscidae_Coenosia_pumila_1424300_1431865423,© all rights reserved
254130,1801958256,Muscidae_Lispe_tentaculata_54823_1801958256,© all rights reserved
254593,2999191630,Muscidae_Musca_domestica_2327874_2999191630,http://creativecommons.org/licenses/by-nc/4.0/
255398,2992845657,Muscidae_Mesembrina_meridiana_1637339_2992845657,http://creativecommons.org/licenses/by/4.0/
257920,2596272123,Muscidae_Phaonia_trimaculata_184890_2596272123,http://creativecommons.org/licenses/by/4.0/
257922,2596272123,Muscidae_Phaonia_trimaculata_184892_2596272123,http://creativecommons.org/licenses/by/4.0/
257923,2596272123,Muscidae_Phaonia_trimaculata_184893_2596272123,http://creativecommons.org/licenses/by/4.0/
258011,3858183174,Muscidae_Pyrellia_vivida_575084_3858183174,http://creativecommons.org/licenses/by-nc/4.0/
258012,3858183174,Muscidae_Pyrellia_vivida_575085_3858183174,http://creativecommons.org/licenses/by-nc/4.0/
258735,3398746746,Muscidae_Muscina_levida_3086069_3398746746,http://creativecommons.org/licenses/by-nc/4.0/
259509,2823243363,Muscidae_Stomoxys_calcitrans_1587629_2823243363,http://creativecommons.org/licenses/by-nc/4.0/
259995,2802735337,Muscidae_Eudasyphora_cyanella_2959278_2802735337,http://creativecommons.org/licenses/by-nc/4.0/
260948,3399326902,Muscidae_Polietes_lardaria_2398219_3399326902,http://creativecommons.org/licenses/by-nc/4.0/
261191,2269314580,Muscidae_Phaonia_pallida_2212527_2269314580,http://creativecommons.org/licenses/by-sa/4.0/
262586,2883051364,Muscidae_Stomoxys_calcitrans_248777_2883051364,http://creativecommons.org/licenses/by/4.0/
262943,3963367973,Muscidae_Muscina_stabulans_2033268_3963367973,http://creativecommons.org/licenses/by-nc/4.0/
263245,3077977937,Muscidae_Musca_stabulans_1655263_3077977937,© all rights reserved
263362,1806958877,Muscidae_Caricea_alma_2124473_1806958877,© all rights reserved
263458,3433872124,Muscidae_Helina_setiventris_338303_3433872124,© all rights reserved
263459,3433872124,Muscidae_Helina_setiventris_338304_3433872124,© all rights reserved
263920,2848000838,Muscidae_Limnophora_tigrina_2303791_2848000838,© all rights reserved
264089,1450440000,Muscidae_Coenosia_means_2114652_1450440000,© all rights reserved
264941,1212460044,Muscidae_Phaonia_pallida_2767792_1212460044,© all rights reserved
265359,2866221740,Muscidae_Phaonia_valida_245647_2866221740,© all rights reserved
265489,1460577530,Muscidae_Neomyia_viridescens_2808106_1460577530,© all rights reserved
265604,2875606419,Muscidae_Musca_stabulans_3006698_2875606419,© all rights reserved
266152,3049291553,Muscidae_Coenosia_intermedia_2338776_3049291553,© all rights reserved
266359,1455514059,Muscidae_Hydrotaea_cyrtoneurina_2115404_1455514059,© all rights reserved
266849,1670952714,Muscidae_Phaonia_laeta_1433047_1670952714,© all rights reserved
266850,1670952714,Muscidae_Phaonia_laeta_1433048_1670952714,© all rights reserved
266854,3767798015,Muscidae_Gymnodia_humilis_549337_3767798015,© all rights reserved
266855,3767798015,Muscidae_Gymnodia_humilis_549338_3767798015,© all rights reserved
266856,3767798015,Muscidae_Gymnodia_humilis_549339_3767798015,© all rights reserved
266863,3049498092,Muscidae_Coenosia_pumila_270692_3049498092,© all rights reserved
266864,3049498092,Muscidae_Coenosia_pumila_270693_3049498092,© all rights reserved
266943,4017506512,Muscidae_Limnophora_triangula_3438371_4017506512,© all rights reserved
267055,1459489416,Muscidae_Coenosia_mollicula_2805963_1459489416,© all rights reserved
267233,1460122396,Muscidae_Caricea_alma_48432_1460122396,© all rights reserved
267337,2542327602,Muscidae_Hebecnema_nigra_1545833_2542327602,© all rights reserved
267338,2542327602,Muscidae_Hebecnema_nigra_1545834_2542327602,© all rights reserved
267339,2542327602,Muscidae_Hebecnema_nigra_1545835_2542327602,© all rights reserved
267568,2247569184,Muscidae_Musca_stabulans_2895807_2247569184,© all rights reserved
267675,1460239395,Muscidae_Eudasyphora_zimini_2117808_1460239395,© all rights reserved
267676,1460239395,Muscidae_Eudasyphora_zimini_2117809_1460239395,© all rights reserved
267689,1670722889,Muscidae_Drymeia_hamata_53343_1670722889,© all rights reserved
267690,1670722889,Muscidae_Drymeia_hamata_53344_1670722889,© all rights reserved
267691,1670722889,Muscidae_Drymeia_hamata_53345_1670722889,© all rights reserved
267692,1670722889,Muscidae_Drymeia_hamata_53346_1670722889,© all rights reserved
267693,1670722889,Muscidae_Drymeia_hamata_53347_1670722889,© all rights reserved
267821,1432986780,Muscidae_Helina_ciliatocosta_2114260_1432986780,© all rights reserved
267822,1432986780,Muscidae_Helina_ciliatocosta_2114261_1432986780,© all rights reserved
267823,1432986780,Muscidae_Helina_ciliatocosta_2114262_1432986780,© all rights reserved
267824,1432986780,Muscidae_Helina_ciliatocosta_2114263_1432986780,© all rights reserved
267825,1432986780,Muscidae_Helina_ciliatocosta_2114264_1432986780,© all rights reserved
268905,3769584374,Muscidae_Morellia_simplex_549630_3769584374,© all rights reserved
268966,1459988205,Muscidae_Coenosia_mollicula_2807033_1459988205,© all rights reserved
269476,3767425998,Muscidae_Coenosia_rufipalpis_1927623_3767425998,© all rights reserved
269477,3767425998,Muscidae_Coenosia_rufipalpis_1927624_3767425998,© all rights reserved
269478,3767425998,Muscidae_Coenosia_rufipalpis_1927625_3767425998,© all rights reserved
269479,3767425998,Muscidae_Coenosia_rufipalpis_1927626_3767425998,© all rights reserved
270197,1670997018,Muscidae_Caricea_spuria_2122433_1670997018,© all rights reserved
270198,1670997018,Muscidae_Caricea_spuria_2122434_1670997018,© all rights reserved
270918,2847956105,Muscidae_Phaonia_tuguriorum_2994239_2847956105,© all rights reserved
270920,1669051991,Muscidae_Caricea_alma_2811227_1669051991,© all rights reserved
270972,3964610838,Muscidae_Myospila_meditabunda_1345149_3964610838,© all rights reserved
271654,2247602063,Muscidae_Thricops_genarum_2205609_2247602063,© all rights reserved
271655,2247602063,Muscidae_Thricops_genarum_2205610_2247602063,© all rights reserved
271743,4014048336,Muscidae_Mesembrina_mystacea_2056709_4014048336,© all rights reserved
271903,2809569897,Muscidae_Phaonia_pallida_2271550_2809569897,© all rights reserved
272032,3769586000,Muscidae_Helina_depuncta_2617224_3769586000,© all rights reserved
272034,3769586000,Muscidae_Helina_depuncta_2617226_3769586000,© all rights reserved
272077,2994137534,Muscidae_Phaonia_errans_1637519_2994137534,© all rights reserved
272078,2994137534,Muscidae_Phaonia_errans_1637520_2994137534,© all rights reserved
272114,1479138174,Muscidae_Thricops_diaphanus_2118876_1479138174,© all rights reserved
272123,1459679585,Muscidae_Coenosia_intermedia_1427347_1459679585,© all rights reserved
272124,1459679585,Muscidae_Coenosia_intermedia_1427348_1459679585,© all rights reserved
272125,1459679585,Muscidae_Coenosia_intermedia_1427349_1459679585,© all rights reserved
272403,1459697373,Muscidae_Phaonia_perdita_1427392_1459697373,© all rights reserved
273045,2866378951,Muscidae_Mesembrina_meridiana_1624075_2866378951,© all rights reserved
273049,1429786152,Muscidae_Eudasyphora_zimini_43964_1429786152,© all rights reserved
273050,1429786152,Muscidae_Eudasyphora_zimini_43965_1429786152,© all rights reserved
273177,2572586507,Muscidae_Eudasyphora_zimini_1560468_2572586507,© all rights reserved
273324,1478412013,Muscidae_Phaonia_pallida_2808353_1478412013,© all rights reserved
273396,1430688556,Muscidae_Musca_stabulans_2802586_1430688556,© all rights reserved
274099,4017418394,Muscidae_Helina_consimilis_3438364_4017418394,© all rights reserved
274272,1460094416,Muscidae_Drymeia_hamata_739692_1460094416,© all rights reserved
274273,1460094416,Muscidae_Drymeia_hamata_739693_1460094416,© all rights reserved
274274,1460094416,Muscidae_Drymeia_hamata_739694_1460094416,© all rights reserved
274654,3857166723,Muscidae_Musca_stabulans_2639971_3857166723,© all rights reserved
275085,1436237783,Muscidae_Achanthiptera_rohrelliformis_2114555_1436237783,© all rights reserved
275133,1433827963,Muscidae_Stomoxys_calcitrans_736381_1433827963,© all rights reserved
275341,1669874661,Muscidae_Coenosia_agromyzina_743930_1669874661,© all rights reserved
275527,1433135608,Muscidae_Musca_stabulans_2803686_1433135608,© all rights reserved
275886,3432721704,Muscidae_Mydaea_setifemur_1027421_3432721704,© all rights reserved
275887,3432721704,Muscidae_Mydaea_setifemur_1027422_3432721704,© all rights reserved
276223,2872277563,Muscidae_Lispe_tentaculata_2315054_2872277563,© all rights reserved
277119,2834377248,Muscidae_Limnophora_tigrina_214857_2834377248,http://creativecommons.org/licenses/by-nc-nd/4.0/
277412,2843925258,Muscidae_Caricea_alma_921518_2843925258,http://creativecommons.org/licenses/by/4.0/
278129,3722483319,Muscidae_Phaonia_valida_2571932_3722483319,http://creativecommons.org/licenses/by-nc-nd/4.0/
278549,1973645286,Muscidae_Helina_quadrum_119525_1973645286,http://creativecommons.org/licenses/by-nc-nd/4.0/
278550,1973645286,Muscidae_Helina_quadrum_119526_1973645286,http://creativecommons.org/licenses/by-nc-nd/4.0/
279477,1960412985,Muscidae_Musca_autumnalis_791360_1960412985,http://creativecommons.org/licenses/by-nc-nd/4.0/
279699,3732130306,Muscidae_Phaonia_rufiventris_2604302_3732130306,http://creativecommons.org/licenses/by-nc-nd/4.0/
279823,1965767271,Muscidae_Polietes_domitor_2175682_1965767271,http://creativecommons.org/licenses/by-nc-nd/4.0/
280535,1972615264,Muscidae_Achanthiptera_rohrelliformis_1496437_1972615264,http://creativecommons.org/licenses/by-nc-nd/4.0/
280834,3335680420,Muscidae_Phaonia_rufiventris_308177_3335680420,© All rights reserved
280835,3335680420,Muscidae_Phaonia_rufiventris_308178_3335680420,© All rights reserved
280899,2403081385,Muscidae_Thricops_nigritellus_1531583_2403081385,© All rights reserved
281095,2405565690,Muscidae_Caricea_alma_1532196_2405565690,© All rights reserved
281257,3879028510,Muscidae_Thricops_diaphanus_1972840_3879028510,© All rights reserved
281258,3879028510,Muscidae_Thricops_diaphanus_1972841_3879028510,© All rights reserved
281618,2834121713,Muscidae_Azelia_cilipes_2972407_2834121713,http://creativecommons.org/licenses/by/4.0/
282115,3729384101,Muscidae_Graphomya_maculata_2590932_3729384101,http://creativecommons.org/licenses/by-nc-nd/4.0/
282168,3716582757,Muscidae_Schoenomyza_litorella_2546406_3716582757,http://creativecommons.org/licenses/by/4.0/
282668,1959572637,Muscidae_Muscina_levida_1478457_1959572637,http://creativecommons.org/licenses/by-nc-nd/4.0/
282837,3822598934,Muscidae_Schoenomyza_litorella_2627138_3822598934,http://creativecommons.org/licenses/by-nc-nd/4.0/
283587,3824129685,Muscidae_Graphomya_maculata_2630734_3824129685,http://creativecommons.org/licenses/by-nc-nd/4.0/
283755,1952194344,Muscidae_Phaonia_pallida_2845978_1952194344,http://creativecommons.org/licenses/by-nc-nd/4.0/
284162,1966391104,Muscidae_Eudasyphora_cyanicolor_1488181_1966391104,http://creativecommons.org/licenses/by-nc/4.0/
285039,1957338051,Muscidae_Morellia_hortorum_2163978_1957338051,http://creativecommons.org/licenses/by-nc/4.0/
285341,1953582945,Muscidae_Phaonia_subventa_90469_1953582945,http://creativecommons.org/licenses/by-nc/4.0/
285742,3433854353,Muscidae_Musca_stabulans_3096462_3433854353,© all rights reserved
286246,2999150852,Muscidae_Muscina_pascuorum_3018092_2999150852,http://creativecommons.org/licenses/by/4.0/
286296,3773224379,Muscidae_Musca_crassirostris_1240581_3773224379,http://creativecommons.org/licenses/by-nc/4.0/
286620,3767869992,Muscidae_Hydrotaea_cyrtoneurina_2616881_3767869992,© all rights reserved
286621,3767869992,Muscidae_Hydrotaea_cyrtoneurina_2616882_3767869992,© all rights reserved
286622,3767869992,Muscidae_Hydrotaea_cyrtoneurina_2616883_3767869992,© all rights reserved
286639,1460038240,Muscidae_Polietes_lardaria_2807106_1460038240,© all rights reserved
286797,1458471340,Muscidae_Polietes_lardaria_2115739_1458471340,© all rights reserved
287539,2013217497,Muscidae_Synthesiomyia_nudiseta_1512404_2013217497,http://creativecommons.org/publicdomain/zero/1.0/
287572,2013232797,Muscidae_Synthesiomyia_nudiseta_1512572_2013232797,http://creativecommons.org/publicdomain/zero/1.0/
287573,2013232796,Muscidae_Synthesiomyia_nudiseta_824028_2013232796,http://creativecommons.org/publicdomain/zero/1.0/
289274,1990459876,Muscidae_Haematobia_irritans_1511091_1990459876,http://creativecommons.org/licenses/by-nc/4.0/
289275,1990459876,Muscidae_Haematobia_irritans_1511092_1990459876,http://creativecommons.org/licenses/by-nc/4.0/
291274,1963084916,Muscidae_Hydrotaea_dentipes_1483000_1963084916,http://creativecommons.org/licenses/by-nc-nd/4.0/
293407,1973768321,Muscidae_Polietes_lardaria_2188150_1973768321,http://creativecommons.org/licenses/by-nc-sa/4.0/
293488,3825332190,Muscidae_Coenosia_atra_2633429_3825332190,http://creativecommons.org/licenses/by-nc-nd/4.0/
294933,1961827366,Muscidae_Muscina_stabulans_1481835_1961827366,http://creativecommons.org/licenses/by-nc-nd/4.0/
296148,1953551033,Muscidae_Phaonia_errans_2848657_1953551033,http://creativecommons.org/licenses/by-nc-nd/4.0/
297527,2844205640,Muscidae_Helina_impuncta_2299617_2844205640,http://creativecommons.org/licenses/by-nc/4.0/
297583,2844941748,Muscidae_Spanochaeta_dorsalis_2992426_2844941748,http://creativecommons.org/licenses/by-nc-nd/4.0/
297584,2844941748,Muscidae_Spanochaeta_dorsalis_2992427_2844941748,http://creativecommons.org/licenses/by-nc-nd/4.0/
297585,2844941748,Muscidae_Spanochaeta_dorsalis_2992428_2844941748,http://creativecommons.org/licenses/by-nc-nd/4.0/
297913,1958693310,Muscidae_Myospila_meditabunda_2166636_1958693310,http://creativecommons.org/licenses/by-nc-nd/4.0/
297914,1958693310,Muscidae_Myospila_meditabunda_2166637_1958693310,http://creativecommons.org/licenses/by-nc-nd/4.0/
297915,1958693310,Muscidae_Myospila_meditabunda_2166638_1958693310,http://creativecommons.org/licenses/by-nc-nd/4.0/
297916,1958693310,Muscidae_Myospila_meditabunda_2166639_1958693310,http://creativecommons.org/licenses/by-nc-nd/4.0/
297917,1958693310,Muscidae_Myospila_meditabunda_2166640_1958693310,http://creativecommons.org/licenses/by-nc-nd/4.0/
297918,1958693310,Muscidae_Myospila_meditabunda_2166641_1958693310,http://creativecommons.org/licenses/by-nc-nd/4.0/
297919,1958693310,Muscidae_Myospila_meditabunda_2166642_1958693310,http://creativecommons.org/licenses/by-nc-nd/4.0/
300409,3822515736,Muscidae_Achanthiptera_rohrelliformis_1937243_3822515736,http://creativecommons.org/licenses/by-nc-sa/4.0/
303758,1957086574,Muscidae_Hebecnema_umbratica_2163455_1957086574,http://creativecommons.org/licenses/by-nc-nd/4.0/
303759,1957086574,Muscidae_Hebecnema_umbratica_2163456_1957086574,http://creativecommons.org/licenses/by-nc-nd/4.0/
303760,1957086574,Muscidae_Hebecnema_umbratica_2163457_1957086574,http://creativecommons.org/licenses/by-nc-nd/4.0/
303761,1957086574,Muscidae_Hebecnema_umbratica_2163458_1957086574,http://creativecommons.org/licenses/by-nc-nd/4.0/
303996,1967556387,Muscidae_Phaonia_subventa_2869124_1967556387,http://creativecommons.org/licenses/by-nc-nd/4.0/
304085,2622375332,Muscidae_Limnophora_riparia_879496_2622375332,http://creativecommons.org/licenses/by/4.0/
304087,2622375332,Muscidae_Limnophora_riparia_879498_2622375332,http://creativecommons.org/licenses/by/4.0/
304112,2248664447,Muscidae_Spanochaeta_dorsalis_2205912_2248664447,http://creativecommons.org/licenses/by-nc-sa/4.0/
304255,1967510367,Muscidae_Phaonia_tuguriorum_1489761_1967510367,http://creativecommons.org/licenses/by-nc-nd/4.0/
304973,1957210151,Muscidae_Phaonia_halterata_2163699_1957210151,http://creativecommons.org/licenses/by-nc-nd/4.0/
304974,1957210151,Muscidae_Phaonia_halterata_2163700_1957210151,http://creativecommons.org/licenses/by-nc-nd/4.0/
304975,1957210151,Muscidae_Phaonia_halterata_2163701_1957210151,http://creativecommons.org/licenses/by-nc-nd/4.0/
305139,1975818194,Muscidae_Helina_impuncta_2880440_1975818194,http://creativecommons.org/licenses/by-nc/4.0/
306399,2845155515,Muscidae_Phaonia_tuguriorum_924664_2845155515,http://creativecommons.org/licenses/by-nc-nd/4.0/
306604,1962465061,Muscidae_Polietes_meridionalis_2171354_1962465061,http://creativecommons.org/publicdomain/zero/1.0/
306979,3729487004,Muscidae_Mydaea_corni_3281920_3729487004,http://creativecommons.org/licenses/by-nc-nd/4.0/
309222,2251609272,Muscidae_Lispe_uliginosa_1521720_2251609272,http://creativecommons.org/licenses/by-nc/4.0/
309240,2001461099,Muscidae_Mydaea_detrita_132740_2001461099,http://creativecommons.org/licenses/by-nc-sa/4.0/
309655,2251018440,Muscidae_Phaonia_trimaculata_2209096_2251018440,http://creativecommons.org/licenses/by-nc-sa/4.0/
309661,2248740626,Muscidae_Hydrotaea_ignava_1516950_2248740626,http://creativecommons.org/licenses/by-nc-sa/4.0/
309680,3441437537,Muscidae_Helina_setiventris_2406919_3441437537,http://creativecommons.org/licenses/by-sa/4.0/
311385,3822562230,Muscidae_Achanthiptera_rohrelliformis_2626993_3822562230,http://creativecommons.org/licenses/by-nc-nd/4.0/
311600,1970665958,Muscidae_Hydrotaea_dentipes_2183763_1970665958,http://creativecommons.org/licenses/by-nc-nd/4.0/
311811,1976288438,Muscidae_Lispe_uliginosa_2881263_1976288438,http://creativecommons.org/licenses/by-nc-nd/4.0/
311812,1976288438,Muscidae_Lispe_uliginosa_2881264_1976288438,http://creativecommons.org/licenses/by-nc-nd/4.0/
311960,3997559300,Muscidae_Phaonia_valida_2741202_3997559300,http://creativecommons.org/licenses/by-nc-nd/4.0/
312631,3759571796,Muscidae_Helina_evecta_1923806_3759571796,http://creativecommons.org/licenses/by-nc/4.0/
312656,2239017940,Muscidae_Coenosia_attenuata_1515262_2239017940,http://creativecommons.org/licenses/by-nc/4.0/
313182,3994244358,Muscidae_Limnophora_quaterna_664350_3994244358,http://creativecommons.org/licenses/by-nc/4.0/
313183,3994244358,Muscidae_Limnophora_quaterna_664351_3994244358,http://creativecommons.org/licenses/by-nc/4.0/
313789,3747139499,Muscidae_Eudasyphora_cyanella_1231652_3747139499,http://creativecommons.org/licenses/by-nc/4.0/
314339,3332712320,Muscidae_Phaonia_angelicae_303636_3332712320,© All rights reserved
314443,1933355318,Muscidae_Hydrotaea_cyrtoneurina_2153660_1933355318,© All rights reserved
314444,1933355318,Muscidae_Hydrotaea_cyrtoneurina_2153661_1933355318,© All rights reserved
314445,1933355318,Muscidae_Hydrotaea_cyrtoneurina_2153662_1933355318,© All rights reserved
314814,2403543408,Muscidae_Spilogona_denigrata_843055_2403543408,© All rights reserved
314862,2006163763,Muscidae_Thricops_diaphanus_823583_2006163763,© All rights reserved
314883,2332731520,Muscidae_Hydrotaea_irritans_2217023_2332731520,© All rights reserved
314934,2408247315,Muscidae_Thricops_semicinereus_2221839_2408247315,© All rights reserved
315017,3816669335,Muscidae_Phaonia_rufiventris_2626050_3816669335,© All rights reserved
315118,3422178361,Muscidae_Eudasyphora_zimini_3094083_3422178361,© All rights reserved
315119,3422178361,Muscidae_Eudasyphora_zimini_3094084_3422178361,© All rights reserved
315121,3422178361,Muscidae_Eudasyphora_zimini_3094086_3422178361,© All rights reserved
315122,3422178361,Muscidae_Eudasyphora_zimini_3094087_3422178361,© All rights reserved
315416,3878953445,Muscidae_Thricops_semicinereus_2662092_3878953445,© All rights reserved
316325,2403792877,Muscidae_Thricops_diaphanus_1531757_2403792877,© All rights reserved
316516,3902168485,Muscidae_Lispe_tentaculata_2673277_3902168485,http://creativecommons.org/licenses/by-nc/4.0/
317610,3773244439,Muscidae_Stomoxys_calcitrans_551778_3773244439,http://creativecommons.org/licenses/by-nc/4.0/
318717,3090823917,Muscidae_Muscina_prolapsa_3037919_3090823917,http://creativecommons.org/licenses/by/4.0/
318718,3090823917,Muscidae_Muscina_prolapsa_3037920_3090823917,http://creativecommons.org/licenses/by/4.0/
321003,1989783055,Muscidae_Coenosia_punctigera_820026_1989783055,http://creativecommons.org/licenses/by/4.0/
321004,1989783055,Muscidae_Coenosia_punctigera_820027_1989783055,http://creativecommons.org/licenses/by/4.0/
321684,1960147750,Muscidae_Hydrotaea_diabolus_791146_1960147750,http://creativecommons.org/licenses/by-nc-nd/4.0/
327038,1959495528,Muscidae_Phaonia_angelicae_99155_1959495528,http://creativecommons.org/licenses/by-nc-nd/4.0/
327474,1968330597,Muscidae_Limnophora_tigrina_110876_1968330597,http://creativecommons.org/licenses/by-nc-nd/4.0/
328300,1962909753,Muscidae_Phaonia_incana_2862031_1962909753,http://creativecommons.org/licenses/by-nc/4.0/
328309,2842314036,Muscidae_Spanochaeta_dorsalis_2986552_2842314036,http://creativecommons.org/licenses/by-nc-nd/4.0/
328310,2842314036,Muscidae_Spanochaeta_dorsalis_2986553_2842314036,http://creativecommons.org/licenses/by-nc-nd/4.0/
328311,2842314036,Muscidae_Spanochaeta_dorsalis_2986554_2842314036,http://creativecommons.org/licenses/by-nc-nd/4.0/
328312,2842314036,Muscidae_Spanochaeta_dorsalis_2986555_2842314036,http://creativecommons.org/licenses/by-nc-nd/4.0/
328313,2842314036,Muscidae_Spanochaeta_dorsalis_2986556_2842314036,http://creativecommons.org/licenses/by-nc-nd/4.0/
329693,3731026807,Muscidae_Mydaea_corni_1909282_3731026807,http://creativecommons.org/licenses/by-nc-nd/4.0/
329928,3448152433,Muscidae_Coenosia_agromyzina_454723_3448152433,http://creativecommons.org/licenses/by-sa/4.0/
330352,2313679765,Muscidae_Mesembrina_mystacea_2906955_2313679765,© All rights reserved
331338,2423332507,Muscidae_Thricops_simplex_847359_2423332507,© All rights reserved
331339,2423332507,Muscidae_Thricops_simplex_847360_2423332507,© All rights reserved
331360,1265036956,Muscidae_Hydrotaea_armipes_2079212_1265036956,http://creativecommons.org/licenses/by-nc-nd/4.0/
331362,1265036956,Muscidae_Hydrotaea_armipes_2079214_1265036956,http://creativecommons.org/licenses/by-nc-nd/4.0/
331363,1265036956,Muscidae_Hydrotaea_armipes_2079215_1265036956,http://creativecommons.org/licenses/by-nc-nd/4.0/
331398,1265036915,Muscidae_Phaonia_aeneiventris_2079196_1265036915,http://creativecommons.org/licenses/by-nc-nd/4.0/
331399,1265036915,Muscidae_Phaonia_aeneiventris_2079197_1265036915,http://creativecommons.org/licenses/by-nc-nd/4.0/
331400,1265036915,Muscidae_Phaonia_aeneiventris_2079198_1265036915,http://creativecommons.org/licenses/by-nc-nd/4.0/
331401,1265036915,Muscidae_Phaonia_aeneiventris_2079199_1265036915,http://creativecommons.org/licenses/by-nc-nd/4.0/
331849,1019549030,Muscidae_Hydrotaea_armipes_1286_1019549030,http://creativecommons.org/licenses/by-nc-nd/4.0/
331850,1019549030,Muscidae_Hydrotaea_armipes_1287_1019549030,http://creativecommons.org/licenses/by-nc-nd/4.0/
331852,1019549030,Muscidae_Hydrotaea_armipes_1289_1019549030,http://creativecommons.org/licenses/by-nc-nd/4.0/
331853,1019549030,Muscidae_Hydrotaea_armipes_1290_1019549030,http://creativecommons.org/licenses/by-nc-nd/4.0/
331854,1019549066,Muscidae_Hydrotaea_armipes_2760025_1019549066,http://creativecommons.org/licenses/by-nc-nd/4.0/
331855,1019549066,Muscidae_Hydrotaea_armipes_2760026_1019549066,http://creativecommons.org/licenses/by-nc-nd/4.0/
331856,1019549066,Muscidae_Hydrotaea_armipes_2760027_1019549066,http://creativecommons.org/licenses/by-nc-nd/4.0/
331858,1019549066,Muscidae_Hydrotaea_armipes_2760029_1019549066,http://creativecommons.org/licenses/by-nc-nd/4.0/
331859,1019549043,Muscidae_Thricops_cunctans_2760007_1019549043,http://creativecommons.org/licenses/by-nc-nd/4.0/
331860,1019549043,Muscidae_Thricops_cunctans_2760008_1019549043,http://creativecommons.org/licenses/by-nc-nd/4.0/
331861,1019549043,Muscidae_Thricops_cunctans_2760009_1019549043,http://creativecommons.org/licenses/by-nc-nd/4.0/
331862,1019549043,Muscidae_Thricops_cunctans_2760010_1019549043,http://creativecommons.org/licenses/by-nc-nd/4.0/
331863,1019549043,Muscidae_Thricops_cunctans_2760011_1019549043,http://creativecommons.org/licenses/by-nc-nd/4.0/
331866,1019549104,Muscidae_Hebecnema_vespertina_1381106_1019549104,http://creativecommons.org/licenses/by-nc-nd/4.0/
331868,1019549085,Muscidae_Hebecnema_vespertina_1315_1019549085,http://creativecommons.org/licenses/by-nc-nd/4.0/
331869,1019549085,Muscidae_Hebecnema_vespertina_1316_1019549085,http://creativecommons.org/licenses/by-nc-nd/4.0/
331871,1019549047,Muscidae_Hebecnema_vespertina_2070452_1019549047,http://creativecommons.org/licenses/by-nc-nd/4.0/
331872,1019549047,Muscidae_Hebecnema_vespertina_2070453_1019549047,http://creativecommons.org/licenses/by-nc-nd/4.0/
331877,1019549032,Muscidae_Hebecnema_vespertina_1381070_1019549032,http://creativecommons.org/licenses/by-nc-nd/4.0/
331885,1019549033,Muscidae_Mydaea_urbana_2070440_1019549033,http://creativecommons.org/licenses/by-nc-nd/4.0/
331886,1019549033,Muscidae_Mydaea_urbana_2070441_1019549033,http://creativecommons.org/licenses/by-nc-nd/4.0/
331887,1019549033,Muscidae_Mydaea_urbana_2070442_1019549033,http://creativecommons.org/licenses/by-nc-nd/4.0/
331888,1019549033,Muscidae_Mydaea_urbana_2070443_1019549033,http://creativecommons.org/licenses/by-nc-nd/4.0/
331889,1019549033,Muscidae_Mydaea_urbana_2070444_1019549033,http://creativecommons.org/licenses/by-nc-nd/4.0/
331890,1019548978,Muscidae_Mydaea_urbana_1257_1019548978,http://creativecommons.org/licenses/by-nc-nd/4.0/
331891,1019548978,Muscidae_Mydaea_urbana_1258_1019548978,http://creativecommons.org/licenses/by-nc-nd/4.0/
331892,1019548978,Muscidae_Mydaea_urbana_1259_1019548978,http://creativecommons.org/licenses/by-nc-nd/4.0/
331893,1019548978,Muscidae_Mydaea_urbana_1260_1019548978,http://creativecommons.org/licenses/by-nc-nd/4.0/
331900,1019548994,Muscidae_Helina_sexmaculata_2070419_1019548994,http://creativecommons.org/licenses/by-nc-nd/4.0/
331901,1019549031,Muscidae_Helina_sexmaculata_692568_1019549031,http://creativecommons.org/licenses/by-nc-nd/4.0/
331902,1019549031,Muscidae_Helina_sexmaculata_692569_1019549031,http://creativecommons.org/licenses/by-nc-nd/4.0/
331904,1019549016,Muscidae_Helina_tetrastigma_2759988_1019549016,http://creativecommons.org/licenses/by-nc-nd/4.0/
331905,1019549016,Muscidae_Helina_tetrastigma_2759989_1019549016,http://creativecommons.org/licenses/by-nc-nd/4.0/
331906,1019549016,Muscidae_Helina_tetrastigma_2759990_1019549016,http://creativecommons.org/licenses/by-nc-nd/4.0/
331910,1019549003,Muscidae_Phaonia_rufiventris_1275_1019549003,http://creativecommons.org/licenses/by-nc-nd/4.0/
331913,1019549025,Muscidae_Helina_quadrinotata_2759994_1019549025,http://creativecommons.org/licenses/by-nc-nd/4.0/
331914,1019549025,Muscidae_Helina_quadrinotata_2759995_1019549025,http://creativecommons.org/licenses/by-nc-nd/4.0/
331915,1019549025,Muscidae_Helina_quadrinotata_2759996_1019549025,http://creativecommons.org/licenses/by-nc-nd/4.0/
331916,1019549025,Muscidae_Helina_quadrinotata_2759997_1019549025,http://creativecommons.org/licenses/by-nc-nd/4.0/
331917,1019549025,Muscidae_Helina_quadrinotata_2759998_1019549025,http://creativecommons.org/licenses/by-nc-nd/4.0/
331918,1019549041,Muscidae_Pyrellia_rapax_1381078_1019549041,http://creativecommons.org/licenses/by-nc-nd/4.0/
331919,1019549041,Muscidae_Pyrellia_rapax_1381079_1019549041,http://creativecommons.org/licenses/by-nc-nd/4.0/
331920,1019549041,Muscidae_Pyrellia_rapax_1381080_1019549041,http://creativecommons.org/licenses/by-nc-nd/4.0/
331921,1019549041,Muscidae_Pyrellia_rapax_1381081_1019549041,http://creativecommons.org/licenses/by-nc-nd/4.0/
331922,1019549041,Muscidae_Pyrellia_rapax_1381082_1019549041,http://creativecommons.org/licenses/by-nc-nd/4.0/
331950,1019549018,Muscidae_Lispe_caesia_692559_1019549018,http://creativecommons.org/licenses/by-nc-nd/4.0/
331951,1019549018,Muscidae_Lispe_caesia_692560_1019549018,http://creativecommons.org/licenses/by-nc-nd/4.0/
331952,1019549018,Muscidae_Lispe_caesia_692561_1019549018,http://creativecommons.org/licenses/by-nc-nd/4.0/
331960,1019549009,Muscidae_Pyrellia_vivida_692549_1019549009,http://creativecommons.org/licenses/by-nc-nd/4.0/
331961,1019549009,Muscidae_Pyrellia_vivida_692550_1019549009,http://creativecommons.org/licenses/by-nc-nd/4.0/
331963,1019549009,Muscidae_Pyrellia_vivida_692552_1019549009,http://creativecommons.org/licenses/by-nc-nd/4.0/
331966,1019549101,Muscidae_Pyrellia_vivida_2760036_1019549101,http://creativecommons.org/licenses/by-nc-nd/4.0/
331967,1019549101,Muscidae_Pyrellia_vivida_2760037_1019549101,http://creativecommons.org/licenses/by-nc-nd/4.0/
331968,1019549101,Muscidae_Pyrellia_vivida_2760038_1019549101,http://creativecommons.org/licenses/by-nc-nd/4.0/
331970,1019549073,Muscidae_Pyrellia_vivida_1381090_1019549073,http://creativecommons.org/licenses/by-nc-nd/4.0/
331971,1019549073,Muscidae_Pyrellia_vivida_1381091_1019549073,http://creativecommons.org/licenses/by-nc-nd/4.0/
331972,1019549073,Muscidae_Pyrellia_vivida_1381092_1019549073,http://creativecommons.org/licenses/by-nc-nd/4.0/
331973,1019549073,Muscidae_Pyrellia_vivida_1381093_1019549073,http://creativecommons.org/licenses/by-nc-nd/4.0/
331974,1019548960,Muscidae_Lispe_uliginosa_692515_1019548960,http://creativecommons.org/licenses/by-nc-nd/4.0/
331975,1019548960,Muscidae_Lispe_uliginosa_692516_1019548960,http://creativecommons.org/licenses/by-nc-nd/4.0/
331976,1019548960,Muscidae_Lispe_uliginosa_692517_1019548960,http://creativecommons.org/licenses/by-nc-nd/4.0/
331977,1019548960,Muscidae_Lispe_uliginosa_692518_1019548960,http://creativecommons.org/licenses/by-nc-nd/4.0/
331982,1019549045,Muscidae_Lispe_tentaculata_692575_1019549045,http://creativecommons.org/licenses/by-nc-nd/4.0/
331984,1019549044,Muscidae_Lispe_tentaculata_1294_1019549044,http://creativecommons.org/licenses/by-nc-nd/4.0/
331985,1019549044,Muscidae_Lispe_tentaculata_1295_1019549044,http://creativecommons.org/licenses/by-nc-nd/4.0/
332044,1019549038,Muscidae_Musca_osiris_2070445_1019549038,http://creativecommons.org/licenses/by-nc-nd/4.0/
332046,1019549038,Muscidae_Musca_osiris_2070447_1019549038,http://creativecommons.org/licenses/by-nc-nd/4.0/
332047,1019549038,Muscidae_Musca_osiris_2070448_1019549038,http://creativecommons.org/licenses/by-nc-nd/4.0/
332048,1019549038,Muscidae_Musca_osiris_2070449_1019549038,http://creativecommons.org/licenses/by-nc-nd/4.0/
332049,1019549039,Muscidae_Musca_tempestiva_2760002_1019549039,http://creativecommons.org/licenses/by-nc-nd/4.0/
332050,1019549039,Muscidae_Musca_tempestiva_2760003_1019549039,http://creativecommons.org/licenses/by-nc-nd/4.0/
332051,1019549039,Muscidae_Musca_tempestiva_2760004_1019549039,http://creativecommons.org/licenses/by-nc-nd/4.0/
332052,1019549039,Muscidae_Musca_tempestiva_2760005_1019549039,http://creativecommons.org/licenses/by-nc-nd/4.0/
332053,1019549039,Muscidae_Musca_tempestiva_2760006_1019549039,http://creativecommons.org/licenses/by-nc-nd/4.0/
332054,1019549112,Muscidae_Haematobosca_stimulans_692596_1019549112,http://creativecommons.org/licenses/by-nc-nd/4.0/
332055,1019549112,Muscidae_Haematobosca_stimulans_692597_1019549112,http://creativecommons.org/licenses/by-nc-nd/4.0/
332062,1019549068,Muscidae_Haematobosca_stimulans_692582_1019549068,http://creativecommons.org/licenses/by-nc-nd/4.0/
332063,1019549068,Muscidae_Haematobosca_stimulans_692583_1019549068,http://creativecommons.org/licenses/by-nc-nd/4.0/
332065,1019549068,Muscidae_Haematobosca_stimulans_692585_1019549068,http://creativecommons.org/licenses/by-nc-nd/4.0/
332066,1019549042,Muscidae_Haematobia_irritans_2070450_1019549042,http://creativecommons.org/licenses/by-nc-nd/4.0/
332067,1019549042,Muscidae_Haematobia_irritans_2070451_1019549042,http://creativecommons.org/licenses/by-nc-nd/4.0/
332068,1019549017,Muscidae_Haematobia_irritans_1281_1019549017,http://creativecommons.org/licenses/by-nc-nd/4.0/
332069,1019549017,Muscidae_Haematobia_irritans_1282_1019549017,http://creativecommons.org/licenses/by-nc-nd/4.0/
332151,1019549023,Muscidae_Musca_autumnalis_1381066_1019549023,http://creativecommons.org/licenses/by-nc-nd/4.0/
332215,1019549061,Muscidae_Haematobosca_stimulans_2760021_1019549061,http://creativecommons.org/licenses/by-nc-nd/4.0/
332217,1019549061,Muscidae_Haematobosca_stimulans_2760023_1019549061,http://creativecommons.org/licenses/by-nc-nd/4.0/
332218,1019549061,Muscidae_Haematobosca_stimulans_2760024_1019549061,http://creativecommons.org/licenses/by-nc-nd/4.0/
332532,1019549261,Muscidae_Orchisia_costata_692645_1019549261,http://creativecommons.org/licenses/by-nc-nd/4.0/
332533,1019549261,Muscidae_Orchisia_costata_692646_1019549261,http://creativecommons.org/licenses/by-nc-nd/4.0/
332534,1019549261,Muscidae_Orchisia_costata_692647_1019549261,http://creativecommons.org/licenses/by-nc-nd/4.0/
332535,1019549261,Muscidae_Orchisia_costata_692648_1019549261,http://creativecommons.org/licenses/by-nc-nd/4.0/
332536,1019549261,Muscidae_Orchisia_costata_692649_1019549261,http://creativecommons.org/licenses/by-nc-nd/4.0/
332556,1019549240,Muscidae_Schoenomyza_litorella_2070507_1019549240,http://creativecommons.org/licenses/by-nc-nd/4.0/
333207,1265038626,Muscidae_Helina_duplicata_2769363_1265038626,http://creativecommons.org/licenses/by-nc-nd/4.0/
333208,1265038626,Muscidae_Helina_duplicata_2769364_1265038626,http://creativecommons.org/licenses/by-nc-nd/4.0/
333209,1265038626,Muscidae_Helina_duplicata_2769365_1265038626,http://creativecommons.org/licenses/by-nc-nd/4.0/
333210,1265038626,Muscidae_Helina_duplicata_2769366_1265038626,http://creativecommons.org/licenses/by-nc-nd/4.0/
333211,1265038632,Muscidae_Helina_duplicata_701875_1265038632,http://creativecommons.org/licenses/by-nc-nd/4.0/
333212,1265038632,Muscidae_Helina_duplicata_701876_1265038632,http://creativecommons.org/licenses/by-nc-nd/4.0/
333213,1265038632,Muscidae_Helina_duplicata_701877_1265038632,http://creativecommons.org/licenses/by-nc-nd/4.0/
333613,1563886489,Muscidae_Coenosia_femoralis_50217_1563886489,http://creativecommons.org/licenses/by-nc-nd/4.0/
333614,1563886489,Muscidae_Coenosia_femoralis_50218_1563886489,http://creativecommons.org/licenses/by-nc-nd/4.0/
333615,1563886489,Muscidae_Coenosia_femoralis_50219_1563886489,http://creativecommons.org/licenses/by-nc-nd/4.0/
333616,1563886489,Muscidae_Coenosia_femoralis_50220_1563886489,http://creativecommons.org/licenses/by-nc-nd/4.0/
333617,1563886489,Muscidae_Coenosia_femoralis_50221_1563886489,http://creativecommons.org/licenses/by-nc-nd/4.0/
334656,1265036900,Muscidae_Morellia_aenescens_1389802_1265036900,http://creativecommons.org/licenses/by-nc-nd/4.0/
334657,1265036900,Muscidae_Morellia_aenescens_1389803_1265036900,http://creativecommons.org/licenses/by-nc-nd/4.0/
334666,1265036960,Muscidae_Phaonia_nitida_2079216_1265036960,http://creativecommons.org/licenses/by-nc-nd/4.0/
334667,1265036960,Muscidae_Phaonia_nitida_2079217_1265036960,http://creativecommons.org/licenses/by-nc-nd/4.0/
334668,1265036960,Muscidae_Phaonia_nitida_2079218_1265036960,http://creativecommons.org/licenses/by-nc-nd/4.0/
334669,1265036960,Muscidae_Phaonia_nitida_2079219_1265036960,http://creativecommons.org/licenses/by-nc-nd/4.0/
334673,1265036945,Muscidae_Phaonia_nitida_701144_1265036945,http://creativecommons.org/licenses/by-nc-nd/4.0/
334674,1265036945,Muscidae_Phaonia_nitida_701145_1265036945,http://creativecommons.org/licenses/by-nc-nd/4.0/
334679,1265036953,Muscidae_Hydrotaea_dentipes_9897_1265036953,http://creativecommons.org/licenses/by-nc-nd/4.0/
334707,1265036967,Muscidae_Helina_punctata_9904_1265036967,http://creativecommons.org/licenses/by-nc-nd/4.0/
334708,1265036967,Muscidae_Helina_punctata_9905_1265036967,http://creativecommons.org/licenses/by-nc-nd/4.0/
334709,1265036967,Muscidae_Helina_punctata_9906_1265036967,http://creativecommons.org/licenses/by-nc-nd/4.0/
334710,1265036967,Muscidae_Helina_punctata_9907_1265036967,http://creativecommons.org/licenses/by-nc-nd/4.0/
336694,1265037640,Muscidae_Dasyphora_albofasciata_2768877_1265037640,http://creativecommons.org/licenses/by-nc-nd/4.0/
336695,1265037640,Muscidae_Dasyphora_albofasciata_2768878_1265037640,http://creativecommons.org/licenses/by-nc-nd/4.0/
336696,1265037640,Muscidae_Dasyphora_albofasciata_2768879_1265037640,http://creativecommons.org/licenses/by-nc-nd/4.0/
337296,1019552255,Muscidae_Musca_tempestiva_2072450_1019552255,http://creativecommons.org/licenses/by-nc-nd/4.0/
337297,1019552255,Muscidae_Musca_tempestiva_2072451_1019552255,http://creativecommons.org/licenses/by-nc-nd/4.0/
337298,1019552255,Muscidae_Musca_tempestiva_2072452_1019552255,http://creativecommons.org/licenses/by-nc-nd/4.0/
337299,1019552255,Muscidae_Musca_tempestiva_2072453_1019552255,http://creativecommons.org/licenses/by-nc-nd/4.0/
337300,1019552255,Muscidae_Musca_tempestiva_2072454_1019552255,http://creativecommons.org/licenses/by-nc-nd/4.0/
337466,1265037629,Muscidae_Helina_clara_701403_1265037629,http://creativecommons.org/licenses/by-nc-nd/4.0/
337467,1265037629,Muscidae_Helina_clara_701404_1265037629,http://creativecommons.org/licenses/by-nc-nd/4.0/
337468,1265037623,Muscidae_Helina_clara_10153_1265037623,http://creativecommons.org/licenses/by-nc-nd/4.0/
337469,1265037623,Muscidae_Helina_clara_10154_1265037623,http://creativecommons.org/licenses/by-nc-nd/4.0/
337470,1265037586,Muscidae_Helina_clara_2079452_1265037586,http://creativecommons.org/licenses/by-nc-nd/4.0/
337471,1265037586,Muscidae_Helina_clara_2079453_1265037586,http://creativecommons.org/licenses/by-nc-nd/4.0/
337472,1265037589,Muscidae_Phaonia_trimaculata_701387_1265037589,http://creativecommons.org/licenses/by-nc-nd/4.0/
337473,1265037589,Muscidae_Phaonia_trimaculata_701388_1265037589,http://creativecommons.org/licenses/by-nc-nd/4.0/
337474,1265037589,Muscidae_Phaonia_trimaculata_701389_1265037589,http://creativecommons.org/licenses/by-nc-nd/4.0/
337475,1265037579,Muscidae_Ophyra_capensis_10135_1265037579,http://creativecommons.org/licenses/by-nc-nd/4.0/
337476,1265037579,Muscidae_Ophyra_capensis_10136_1265037579,http://creativecommons.org/licenses/by-nc-nd/4.0/
337503,1265037617,Muscidae_Helina_quadrum_2079464_1265037617,http://creativecommons.org/licenses/by-nc-nd/4.0/
337504,1265037617,Muscidae_Helina_quadrum_2079465_1265037617,http://creativecommons.org/licenses/by-nc-nd/4.0/
337509,1265037628,Muscidae_Coenosia_albicornis_10155_1265037628,http://creativecommons.org/licenses/by-nc-nd/4.0/
337524,1265037620,Muscidae_Helina_clara_1390072_1265037620,http://creativecommons.org/licenses/by-nc-nd/4.0/
337525,1265037620,Muscidae_Helina_clara_1390073_1265037620,http://creativecommons.org/licenses/by-nc-nd/4.0/
337675,1019548804,Muscidae_Phaonia_errans_2070291_1019548804,http://creativecommons.org/licenses/by-nc-nd/4.0/
337676,1019548804,Muscidae_Phaonia_errans_2070292_1019548804,http://creativecommons.org/licenses/by-nc-nd/4.0/
337677,1019548804,Muscidae_Phaonia_errans_2070293_1019548804,http://creativecommons.org/licenses/by-nc-nd/4.0/
337678,1019548820,Muscidae_Phaonia_incana_692413_1019548820,http://creativecommons.org/licenses/by-nc-nd/4.0/
337679,1019548820,Muscidae_Phaonia_incana_692414_1019548820,http://creativecommons.org/licenses/by-nc-nd/4.0/
337680,1019548820,Muscidae_Phaonia_incana_692415_1019548820,http://creativecommons.org/licenses/by-nc-nd/4.0/
337681,1019548819,Muscidae_Phaonia_incana_2759856_1019548819,http://creativecommons.org/licenses/by-nc-nd/4.0/
337682,1019548819,Muscidae_Phaonia_incana_2759857_1019548819,http://creativecommons.org/licenses/by-nc-nd/4.0/
337683,1019548819,Muscidae_Phaonia_incana_2759858_1019548819,http://creativecommons.org/licenses/by-nc-nd/4.0/
337684,1019548768,Muscidae_Phaonia_incana_1380887_1019548768,http://creativecommons.org/licenses/by-nc-nd/4.0/
337685,1019548768,Muscidae_Phaonia_incana_1380888_1019548768,http://creativecommons.org/licenses/by-nc-nd/4.0/
337686,1019548768,Muscidae_Phaonia_incana_1380889_1019548768,http://creativecommons.org/licenses/by-nc-nd/4.0/
337687,1019548841,Muscidae_Phaonia_incana_2759874_1019548841,http://creativecommons.org/licenses/by-nc-nd/4.0/
337688,1019548841,Muscidae_Phaonia_incana_2759875_1019548841,http://creativecommons.org/licenses/by-nc-nd/4.0/
337690,1019548821,Muscidae_Phaonia_errans_1380920_1019548821,http://creativecommons.org/licenses/by-nc-nd/4.0/
337691,1019548821,Muscidae_Phaonia_errans_1380921_1019548821,http://creativecommons.org/licenses/by-nc-nd/4.0/
337692,1019548821,Muscidae_Phaonia_errans_1380922_1019548821,http://creativecommons.org/licenses/by-nc-nd/4.0/
337698,1019548796,Muscidae_Phaonia_errans_2070290_1019548796,http://creativecommons.org/licenses/by-nc-nd/4.0/
337705,1019548765,Muscidae_Polietes_albolineata_2759820_1019548765,http://creativecommons.org/licenses/by-nc-nd/4.0/
337706,1019548765,Muscidae_Polietes_albolineata_2759821_1019548765,http://creativecommons.org/licenses/by-nc-nd/4.0/
337707,1019548765,Muscidae_Polietes_albolineata_2759822_1019548765,http://creativecommons.org/licenses/by-nc-nd/4.0/
337708,1019548807,Muscidae_Helina_reversio_692400_1019548807,http://creativecommons.org/licenses/by-nc-nd/4.0/
337709,1019548807,Muscidae_Helina_reversio_692401_1019548807,http://creativecommons.org/licenses/by-nc-nd/4.0/
337717,1019548810,Muscidae_Helina_setiventris_1150_1019548810,http://creativecommons.org/licenses/by-nc-nd/4.0/
337718,1019548810,Muscidae_Helina_setiventris_1151_1019548810,http://creativecommons.org/licenses/by-nc-nd/4.0/
337719,1019548810,Muscidae_Helina_setiventris_1152_1019548810,http://creativecommons.org/licenses/by-nc-nd/4.0/
337724,1019548813,Muscidae_Helina_confinis_2070297_1019548813,http://creativecommons.org/licenses/by-nc-nd/4.0/
337725,1019548813,Muscidae_Helina_confinis_2070298_1019548813,http://creativecommons.org/licenses/by-nc-nd/4.0/
337726,1019548813,Muscidae_Helina_confinis_2070299_1019548813,http://creativecommons.org/licenses/by-nc-nd/4.0/
337731,1019548784,Muscidae_Spilogona_dispar_1130_1019548784,http://creativecommons.org/licenses/by-nc-nd/4.0/
337732,1019548784,Muscidae_Spilogona_dispar_1131_1019548784,http://creativecommons.org/licenses/by-nc-nd/4.0/
337733,1019548784,Muscidae_Spilogona_dispar_1132_1019548784,http://creativecommons.org/licenses/by-nc-nd/4.0/
337739,1019548780,Muscidae_Helina_reversio_692378_1019548780,http://creativecommons.org/licenses/by-nc-nd/4.0/
337740,1019548780,Muscidae_Helina_reversio_692379_1019548780,http://creativecommons.org/licenses/by-nc-nd/4.0/
337746,1019548735,Muscidae_Spilogona_dispar_692348_1019548735,http://creativecommons.org/licenses/by-nc-nd/4.0/
337747,1019548735,Muscidae_Spilogona_dispar_692349_1019548735,http://creativecommons.org/licenses/by-nc-nd/4.0/
337748,1019548735,Muscidae_Spilogona_dispar_692350_1019548735,http://creativecommons.org/licenses/by-nc-nd/4.0/
337753,1019548755,Muscidae_Spilogona_dispar_2070258_1019548755,http://creativecommons.org/licenses/by-nc-nd/4.0/
337754,1019548755,Muscidae_Spilogona_dispar_2070259_1019548755,http://creativecommons.org/licenses/by-nc-nd/4.0/
337755,1019548755,Muscidae_Spilogona_dispar_2070260_1019548755,http://creativecommons.org/licenses/by-nc-nd/4.0/
337759,1019548792,Muscidae_Polietes_albolineata_2759839_1019548792,http://creativecommons.org/licenses/by-nc-nd/4.0/
337760,1019548792,Muscidae_Polietes_albolineata_2759840_1019548792,http://creativecommons.org/licenses/by-nc-nd/4.0/
337761,1019548792,Muscidae_Polietes_albolineata_2759841_1019548792,http://creativecommons.org/licenses/by-nc-nd/4.0/
337765,1019548806,Muscidae_Spilogona_dispar_1147_1019548806,http://creativecommons.org/licenses/by-nc-nd/4.0/
337766,1019548806,Muscidae_Spilogona_dispar_1148_1019548806,http://creativecommons.org/licenses/by-nc-nd/4.0/
337767,1019548806,Muscidae_Spilogona_dispar_1149_1019548806,http://creativecommons.org/licenses/by-nc-nd/4.0/
337774,1019548802,Muscidae_Phaonia_lugubris_692395_1019548802,http://creativecommons.org/licenses/by-nc-nd/4.0/
337775,1019548802,Muscidae_Phaonia_lugubris_692396_1019548802,http://creativecommons.org/licenses/by-nc-nd/4.0/
337776,1019548802,Muscidae_Phaonia_lugubris_692397_1019548802,http://creativecommons.org/licenses/by-nc-nd/4.0/
337777,1019548802,Muscidae_Phaonia_lugubris_692398_1019548802,http://creativecommons.org/licenses/by-nc-nd/4.0/
337778,1019548802,Muscidae_Phaonia_lugubris_692399_1019548802,http://creativecommons.org/licenses/by-nc-nd/4.0/
337779,1019548844,Muscidae_Phaonia_rufiventris_1380936_1019548844,http://creativecommons.org/licenses/by-nc-nd/4.0/
337790,1019548849,Muscidae_Phaonia_pallida_1380943_1019548849,http://creativecommons.org/licenses/by-nc-nd/4.0/
337791,1019548864,Muscidae_Phaonia_incana_2759890_1019548864,http://creativecommons.org/licenses/by-nc-nd/4.0/
337792,1019548864,Muscidae_Phaonia_incana_2759891_1019548864,http://creativecommons.org/licenses/by-nc-nd/4.0/
337793,1019548864,Muscidae_Phaonia_incana_2759892_1019548864,http://creativecommons.org/licenses/by-nc-nd/4.0/
337794,1019548864,Muscidae_Phaonia_incana_2759893_1019548864,http://creativecommons.org/licenses/by-nc-nd/4.0/
337795,1019548864,Muscidae_Phaonia_incana_2759894_1019548864,http://creativecommons.org/licenses/by-nc-nd/4.0/
337798,1019548828,Muscidae_Phaonia_pallida_2759864_1019548828,http://creativecommons.org/licenses/by-nc-nd/4.0/
337802,1019548838,Muscidae_Phaonia_laeta_1167_1019548838,http://creativecommons.org/licenses/by-nc-nd/4.0/
337803,1019548838,Muscidae_Phaonia_laeta_1168_1019548838,http://creativecommons.org/licenses/by-nc-nd/4.0/
337804,1019548838,Muscidae_Phaonia_laeta_1169_1019548838,http://creativecommons.org/licenses/by-nc-nd/4.0/
337808,1019548823,Muscidae_Phaonia_laeta_2759859_1019548823,http://creativecommons.org/licenses/by-nc-nd/4.0/
337809,1019548823,Muscidae_Phaonia_laeta_2759860_1019548823,http://creativecommons.org/licenses/by-nc-nd/4.0/
337810,1019548823,Muscidae_Phaonia_laeta_2759861_1019548823,http://creativecommons.org/licenses/by-nc-nd/4.0/
337816,1019548757,Muscidae_Helina_evecta_1117_1019548757,http://creativecommons.org/licenses/by-nc-nd/4.0/
337830,1019548816,Muscidae_Polietes_lardaria_692411_1019548816,http://creativecommons.org/licenses/by-nc-nd/4.0/
337841,1019548740,Muscidae_Coenosia_agromyzina_1380869_1019548740,http://creativecommons.org/licenses/by-nc-nd/4.0/
337846,1019548783,Muscidae_Ophyra_capensis_2759831_1019548783,http://creativecommons.org/licenses/by-nc-nd/4.0/
337847,1019548783,Muscidae_Ophyra_capensis_2759832_1019548783,http://creativecommons.org/licenses/by-nc-nd/4.0/
337848,1019548783,Muscidae_Ophyra_capensis_2759833_1019548783,http://creativecommons.org/licenses/by-nc-nd/4.0/
337849,1019548783,Muscidae_Ophyra_capensis_2759834_1019548783,http://creativecommons.org/licenses/by-nc-nd/4.0/
337850,1019548783,Muscidae_Ophyra_capensis_2759835_1019548783,http://creativecommons.org/licenses/by-nc-nd/4.0/
337857,1019548773,Muscidae_Ophyra_capensis_2070267_1019548773,http://creativecommons.org/licenses/by-nc-nd/4.0/
337858,1019548773,Muscidae_Ophyra_capensis_2070268_1019548773,http://creativecommons.org/licenses/by-nc-nd/4.0/
337859,1019548773,Muscidae_Ophyra_capensis_2070269_1019548773,http://creativecommons.org/licenses/by-nc-nd/4.0/
337860,1019548773,Muscidae_Ophyra_capensis_2070270_1019548773,http://creativecommons.org/licenses/by-nc-nd/4.0/
337861,1019548773,Muscidae_Ophyra_capensis_2070271_1019548773,http://creativecommons.org/licenses/by-nc-nd/4.0/
337866,1019548791,Muscidae_Hydrotaea_armipes_2070284_1019548791,http://creativecommons.org/licenses/by-nc-nd/4.0/
337867,1019548791,Muscidae_Hydrotaea_armipes_2070285_1019548791,http://creativecommons.org/licenses/by-nc-nd/4.0/
337868,1019548791,Muscidae_Hydrotaea_armipes_2070286_1019548791,http://creativecommons.org/licenses/by-nc-nd/4.0/
337873,1019548733,Muscidae_Spilogona_aerea_2759797_1019548733,http://creativecommons.org/licenses/by-nc-nd/4.0/
337874,1019548733,Muscidae_Spilogona_aerea_2759798_1019548733,http://creativecommons.org/licenses/by-nc-nd/4.0/
337875,1019548733,Muscidae_Spilogona_aerea_2759799_1019548733,http://creativecommons.org/licenses/by-nc-nd/4.0/
337879,1019548717,Muscidae_Spilogona_aerea_692334_1019548717,http://creativecommons.org/licenses/by-nc-nd/4.0/
337880,1019548717,Muscidae_Spilogona_aerea_692335_1019548717,http://creativecommons.org/licenses/by-nc-nd/4.0/
337881,1019548717,Muscidae_Spilogona_aerea_692336_1019548717,http://creativecommons.org/licenses/by-nc-nd/4.0/
337882,1019548717,Muscidae_Spilogona_aerea_692337_1019548717,http://creativecommons.org/licenses/by-nc-nd/4.0/
337938,1019548801,Muscidae_Azelia_triquetra_1144_1019548801,http://creativecommons.org/licenses/by-nc-nd/4.0/
337939,1019548801,Muscidae_Azelia_triquetra_1145_1019548801,http://creativecommons.org/licenses/by-nc-nd/4.0/
337940,1019548801,Muscidae_Azelia_triquetra_1146_1019548801,http://creativecommons.org/licenses/by-nc-nd/4.0/
337944,1019548793,Muscidae_Atherigona_varia_1136_1019548793,http://creativecommons.org/licenses/by-nc-nd/4.0/
337945,1019548793,Muscidae_Atherigona_varia_1137_1019548793,http://creativecommons.org/licenses/by-nc-nd/4.0/
337946,1019548793,Muscidae_Atherigona_varia_1138_1019548793,http://creativecommons.org/licenses/by-nc-nd/4.0/
337947,1019548793,Muscidae_Atherigona_varia_1139_1019548793,http://creativecommons.org/licenses/by-nc-nd/4.0/
337948,1019548793,Muscidae_Atherigona_varia_1140_1019548793,http://creativecommons.org/licenses/by-nc-nd/4.0/
337952,1019548817,Muscidae_Azelia_triquetra_1380917_1019548817,http://creativecommons.org/licenses/by-nc-nd/4.0/
337953,1019548817,Muscidae_Azelia_triquetra_1380918_1019548817,http://creativecommons.org/licenses/by-nc-nd/4.0/
337954,1019548817,Muscidae_Azelia_triquetra_1380919_1019548817,http://creativecommons.org/licenses/by-nc-nd/4.0/
337955,1019548805,Muscidae_Azelia_zetterstedtii_2759850_1019548805,http://creativecommons.org/licenses/by-nc-nd/4.0/
337956,1019548805,Muscidae_Azelia_zetterstedtii_2759851_1019548805,http://creativecommons.org/licenses/by-nc-nd/4.0/
337957,1019548805,Muscidae_Azelia_zetterstedtii_2759852_1019548805,http://creativecommons.org/licenses/by-nc-nd/4.0/
337958,1019548779,Muscidae_Azelia_macquarti_2759828_1019548779,http://creativecommons.org/licenses/by-nc-nd/4.0/
337959,1019548779,Muscidae_Azelia_macquarti_2759829_1019548779,http://creativecommons.org/licenses/by-nc-nd/4.0/
337960,1019548779,Muscidae_Azelia_macquarti_2759830_1019548779,http://creativecommons.org/licenses/by-nc-nd/4.0/
337963,1019548742,Muscidae_Azelia_triquetra_2759803_1019548742,http://creativecommons.org/licenses/by-nc-nd/4.0/
337964,1019548742,Muscidae_Azelia_triquetra_2759804_1019548742,http://creativecommons.org/licenses/by-nc-nd/4.0/
337965,1019548742,Muscidae_Azelia_triquetra_2759805_1019548742,http://creativecommons.org/licenses/by-nc-nd/4.0/
337968,1019548803,Muscidae_Limnophora_triangula_1380908_1019548803,http://creativecommons.org/licenses/by-nc-nd/4.0/
337969,1019548803,Muscidae_Limnophora_triangula_1380909_1019548803,http://creativecommons.org/licenses/by-nc-nd/4.0/
337970,1019548803,Muscidae_Limnophora_triangula_1380910_1019548803,http://creativecommons.org/licenses/by-nc-nd/4.0/
337978,1019548760,Muscidae_Limnophora_triangula_2759817_1019548760,http://creativecommons.org/licenses/by-nc-nd/4.0/
337979,1019548760,Muscidae_Limnophora_triangula_2759818_1019548760,http://creativecommons.org/licenses/by-nc-nd/4.0/
337988,1019548787,Muscidae_Limnophora_triangula_2070282_1019548787,http://creativecommons.org/licenses/by-nc-nd/4.0/
337994,1019548777,Muscidae_Ophyra_capensis_1380893_1019548777,http://creativecommons.org/licenses/by-nc-nd/4.0/
337995,1019548777,Muscidae_Ophyra_capensis_1380894_1019548777,http://creativecommons.org/licenses/by-nc-nd/4.0/
337996,1019548777,Muscidae_Ophyra_capensis_1380895_1019548777,http://creativecommons.org/licenses/by-nc-nd/4.0/
338008,1019548782,Muscidae_Hydrotaea_ignava_2070277_1019548782,http://creativecommons.org/licenses/by-nc-nd/4.0/
338009,1019548782,Muscidae_Hydrotaea_ignava_2070278_1019548782,http://creativecommons.org/licenses/by-nc-nd/4.0/
338010,1019548782,Muscidae_Hydrotaea_ignava_2070279_1019548782,http://creativecommons.org/licenses/by-nc-nd/4.0/
338016,1019548789,Muscidae_Hydrotaea_ignava_1133_1019548789,http://creativecommons.org/licenses/by-nc-nd/4.0/
338017,1019548789,Muscidae_Hydrotaea_ignava_1134_1019548789,http://creativecommons.org/licenses/by-nc-nd/4.0/
338018,1019548789,Muscidae_Hydrotaea_ignava_1135_1019548789,http://creativecommons.org/licenses/by-nc-nd/4.0/
338026,1019548776,Muscidae_Achanthiptera_rohrelliformis_692376_1019548776,http://creativecommons.org/licenses/by-nc-nd/4.0/
338043,1019548762,Muscidae_Achanthiptera_rohrelliformis_692370_1019548762,http://creativecommons.org/licenses/by-nc-nd/4.0/
338055,1019548880,Muscidae_Coenosia_pedella_1380969_1019548880,http://creativecommons.org/licenses/by-nc-nd/4.0/
338056,1019548880,Muscidae_Coenosia_pedella_1380970_1019548880,http://creativecommons.org/licenses/by-nc-nd/4.0/
338057,1019548880,Muscidae_Coenosia_pedella_1380971_1019548880,http://creativecommons.org/licenses/by-nc-nd/4.0/
338058,1019548880,Muscidae_Coenosia_pedella_1380972_1019548880,http://creativecommons.org/licenses/by-nc-nd/4.0/
338059,1019548880,Muscidae_Coenosia_pedella_1380973_1019548880,http://creativecommons.org/licenses/by-nc-nd/4.0/
338063,1019548889,Muscidae_Coenosia_atra_692459_1019548889,http://creativecommons.org/licenses/by-nc-nd/4.0/
338068,1019548840,Muscidae_Coenosia_albicornis_2070317_1019548840,http://creativecommons.org/licenses/by-nc-nd/4.0/
338069,1019548840,Muscidae_Coenosia_albicornis_2070318_1019548840,http://creativecommons.org/licenses/by-nc-nd/4.0/
338070,1019548840,Muscidae_Coenosia_albicornis_2070319_1019548840,http://creativecommons.org/licenses/by-nc-nd/4.0/
338071,1019548840,Muscidae_Coenosia_albicornis_2070320_1019548840,http://creativecommons.org/licenses/by-nc-nd/4.0/
338072,1019548840,Muscidae_Coenosia_albicornis_2070321_1019548840,http://creativecommons.org/licenses/by-nc-nd/4.0/
338078,1019548809,Muscidae_Thricops_nigrifrons_2070294_1019548809,http://creativecommons.org/licenses/by-nc-nd/4.0/
338080,1019548809,Muscidae_Thricops_nigrifrons_2070296_1019548809,http://creativecommons.org/licenses/by-nc-nd/4.0/
338082,1019548832,Muscidae_Thricops_nigrifrons_2759865_1019548832,http://creativecommons.org/licenses/by-nc-nd/4.0/
338083,1019548832,Muscidae_Thricops_nigrifrons_2759866_1019548832,http://creativecommons.org/licenses/by-nc-nd/4.0/
338084,1019548832,Muscidae_Thricops_nigrifrons_2759867_1019548832,http://creativecommons.org/licenses/by-nc-nd/4.0/
338091,1019548856,Muscidae_Phaonia_falleni_1183_1019548856,http://creativecommons.org/licenses/by-nc-nd/4.0/
338092,1019548856,Muscidae_Phaonia_falleni_1184_1019548856,http://creativecommons.org/licenses/by-nc-nd/4.0/
338093,1019548856,Muscidae_Phaonia_falleni_1185_1019548856,http://creativecommons.org/licenses/by-nc-nd/4.0/
338122,1019548863,Muscidae_Mydaea_ancilla_2070333_1019548863,http://creativecommons.org/licenses/by-nc-nd/4.0/
338123,1019548863,Muscidae_Mydaea_ancilla_2070334_1019548863,http://creativecommons.org/licenses/by-nc-nd/4.0/
338124,1019548863,Muscidae_Mydaea_ancilla_2070335_1019548863,http://creativecommons.org/licenses/by-nc-nd/4.0/
338127,1019548826,Muscidae_Phaonia_serva_1380924_1019548826,http://creativecommons.org/licenses/by-nc-nd/4.0/
338129,1019548826,Muscidae_Phaonia_serva_1380926_1019548826,http://creativecommons.org/licenses/by-nc-nd/4.0/
338132,1019548778,Muscidae_Phaonia_serva_2070272_1019548778,http://creativecommons.org/licenses/by-nc-nd/4.0/
338134,1019548778,Muscidae_Phaonia_serva_2070274_1019548778,http://creativecommons.org/licenses/by-nc-nd/4.0/
338135,1019548778,Muscidae_Phaonia_serva_2070275_1019548778,http://creativecommons.org/licenses/by-nc-nd/4.0/
338138,1019548860,Muscidae_Phaonia_serva_1186_1019548860,http://creativecommons.org/licenses/by-nc-nd/4.0/
338140,1019548860,Muscidae_Phaonia_serva_1188_1019548860,http://creativecommons.org/licenses/by-nc-nd/4.0/
338146,1019548794,Muscidae_Helina_quadrinotata_692387_1019548794,http://creativecommons.org/licenses/by-nc-nd/4.0/
338147,1019548794,Muscidae_Helina_quadrinotata_692388_1019548794,http://creativecommons.org/licenses/by-nc-nd/4.0/
338148,1019548794,Muscidae_Helina_quadrinotata_692389_1019548794,http://creativecommons.org/licenses/by-nc-nd/4.0/
338149,1019548794,Muscidae_Helina_quadrinotata_692390_1019548794,http://creativecommons.org/licenses/by-nc-nd/4.0/
338150,1019548794,Muscidae_Helina_quadrinotata_692391_1019548794,http://creativecommons.org/licenses/by-nc-nd/4.0/
338161,1019548887,Muscidae_Coenosia_mollicula_2759911_1019548887,http://creativecommons.org/licenses/by-nc-nd/4.0/
338165,1019548881,Muscidae_Coenosia_mollicula_2070350_1019548881,http://creativecommons.org/licenses/by-nc-nd/4.0/
338175,1019548892,Muscidae_Coenosia_mollicula_1204_1019548892,http://creativecommons.org/licenses/by-nc-nd/4.0/
338178,1019548892,Muscidae_Coenosia_mollicula_1207_1019548892,http://creativecommons.org/licenses/by-nc-nd/4.0/
338179,1019548867,Muscidae_Macrorchis_meditata_1380956_1019548867,http://creativecommons.org/licenses/by-nc-nd/4.0/
338180,1019548867,Muscidae_Macrorchis_meditata_1380957_1019548867,http://creativecommons.org/licenses/by-nc-nd/4.0/
338181,1019548867,Muscidae_Macrorchis_meditata_1380958_1019548867,http://creativecommons.org/licenses/by-nc-nd/4.0/
338188,1019548882,Muscidae_Coenosia_means_2759904_1019548882,http://creativecommons.org/licenses/by-nc-nd/4.0/
338189,1019548882,Muscidae_Coenosia_means_2759905_1019548882,http://creativecommons.org/licenses/by-nc-nd/4.0/
338190,1019548882,Muscidae_Coenosia_means_2759906_1019548882,http://creativecommons.org/licenses/by-nc-nd/4.0/
338191,1019548882,Muscidae_Coenosia_means_2759907_1019548882,http://creativecommons.org/licenses/by-nc-nd/4.0/
338192,1019548882,Muscidae_Coenosia_means_2759908_1019548882,http://creativecommons.org/licenses/by-nc-nd/4.0/
338195,1019548855,Muscidae_Coenosia_means_2759885_1019548855,http://creativecommons.org/licenses/by-nc-nd/4.0/
338196,1019548855,Muscidae_Coenosia_means_2759886_1019548855,http://creativecommons.org/licenses/by-nc-nd/4.0/
338197,1019548855,Muscidae_Coenosia_means_2759887_1019548855,http://creativecommons.org/licenses/by-nc-nd/4.0/
338198,1019548855,Muscidae_Coenosia_means_2759888_1019548855,http://creativecommons.org/licenses/by-nc-nd/4.0/
338199,1019548855,Muscidae_Coenosia_means_2759889_1019548855,http://creativecommons.org/licenses/by-nc-nd/4.0/
338202,1019548812,Muscidae_Spilogona_litorea_1380914_1019548812,http://creativecommons.org/licenses/by-nc-nd/4.0/
338203,1019548812,Muscidae_Spilogona_litorea_1380915_1019548812,http://creativecommons.org/licenses/by-nc-nd/4.0/
338204,1019548812,Muscidae_Spilogona_litorea_1380916_1019548812,http://creativecommons.org/licenses/by-nc-nd/4.0/
338209,1019548868,Muscidae_Coenosia_albicornis_2070336_1019548868,http://creativecommons.org/licenses/by-nc-nd/4.0/
338210,1019548868,Muscidae_Coenosia_albicornis_2070337_1019548868,http://creativecommons.org/licenses/by-nc-nd/4.0/
338211,1019548868,Muscidae_Coenosia_albicornis_2070338_1019548868,http://creativecommons.org/licenses/by-nc-nd/4.0/
338219,1019548818,Muscidae_Coenosia_intermedia_2070300_1019548818,http://creativecommons.org/licenses/by-nc-nd/4.0/
338220,1019548818,Muscidae_Coenosia_intermedia_2070301_1019548818,http://creativecommons.org/licenses/by-nc-nd/4.0/
338221,1019548818,Muscidae_Coenosia_intermedia_2070302_1019548818,http://creativecommons.org/licenses/by-nc-nd/4.0/
338225,1019548847,Muscidae_Coenosia_humilis_1175_1019548847,http://creativecommons.org/licenses/by-nc-nd/4.0/
338226,1019548847,Muscidae_Coenosia_humilis_1176_1019548847,http://creativecommons.org/licenses/by-nc-nd/4.0/
338227,1019548847,Muscidae_Coenosia_humilis_1177_1019548847,http://creativecommons.org/licenses/by-nc-nd/4.0/
338228,1019548847,Muscidae_Coenosia_humilis_1178_1019548847,http://creativecommons.org/licenses/by-nc-nd/4.0/
338229,1019548847,Muscidae_Coenosia_humilis_1179_1019548847,http://creativecommons.org/licenses/by-nc-nd/4.0/
338236,1019548897,Muscidae_Coenosia_pedella_1208_1019548897,http://creativecommons.org/licenses/by-nc-nd/4.0/
338237,1019548897,Muscidae_Coenosia_pedella_1209_1019548897,http://creativecommons.org/licenses/by-nc-nd/4.0/
338238,1019548897,Muscidae_Coenosia_pedella_1210_1019548897,http://creativecommons.org/licenses/by-nc-nd/4.0/
338239,1019548897,Muscidae_Coenosia_pedella_1211_1019548897,http://creativecommons.org/licenses/by-nc-nd/4.0/
338240,1019548897,Muscidae_Coenosia_pedella_1212_1019548897,http://creativecommons.org/licenses/by-nc-nd/4.0/
338248,1019548885,Muscidae_Coenosia_pedella_1380974_1019548885,http://creativecommons.org/licenses/by-nc-nd/4.0/
338249,1019548885,Muscidae_Coenosia_pedella_1380975_1019548885,http://creativecommons.org/licenses/by-nc-nd/4.0/
338250,1019548885,Muscidae_Coenosia_pedella_1380976_1019548885,http://creativecommons.org/licenses/by-nc-nd/4.0/
338251,1019548885,Muscidae_Coenosia_pedella_1380977_1019548885,http://creativecommons.org/licenses/by-nc-nd/4.0/
338252,1019548885,Muscidae_Coenosia_pedella_1380978_1019548885,http://creativecommons.org/licenses/by-nc-nd/4.0/
338257,1019548870,Muscidae_Coenosia_femoralis_692447_1019548870,http://creativecommons.org/licenses/by-nc-nd/4.0/
338258,1019548870,Muscidae_Coenosia_femoralis_692448_1019548870,http://creativecommons.org/licenses/by-nc-nd/4.0/
338259,1019548870,Muscidae_Coenosia_femoralis_692449_1019548870,http://creativecommons.org/licenses/by-nc-nd/4.0/
338261,1019548851,Muscidae_Coenosia_femoralis_1180_1019548851,http://creativecommons.org/licenses/by-nc-nd/4.0/
338262,1019548851,Muscidae_Coenosia_femoralis_1181_1019548851,http://creativecommons.org/licenses/by-nc-nd/4.0/
338263,1019548851,Muscidae_Coenosia_femoralis_1182_1019548851,http://creativecommons.org/licenses/by-nc-nd/4.0/
338264,1019548834,Muscidae_Coenosia_intermedia_692419_1019548834,http://creativecommons.org/licenses/by-nc-nd/4.0/
338265,1019548834,Muscidae_Coenosia_intermedia_692420_1019548834,http://creativecommons.org/licenses/by-nc-nd/4.0/
338266,1019548834,Muscidae_Coenosia_intermedia_692421_1019548834,http://creativecommons.org/licenses/by-nc-nd/4.0/
338268,1019548827,Muscidae_Spilogona_litorea_2070306_1019548827,http://creativecommons.org/licenses/by-nc-nd/4.0/
338269,1019548827,Muscidae_Spilogona_litorea_2070307_1019548827,http://creativecommons.org/licenses/by-nc-nd/4.0/
338270,1019548827,Muscidae_Spilogona_litorea_2070308_1019548827,http://creativecommons.org/licenses/by-nc-nd/4.0/
338271,1019548869,Muscidae_Coenosia_pedella_2759895_1019548869,http://creativecommons.org/licenses/by-nc-nd/4.0/
338272,1019548869,Muscidae_Coenosia_pedella_2759896_1019548869,http://creativecommons.org/licenses/by-nc-nd/4.0/
338273,1019548869,Muscidae_Coenosia_pedella_2759897_1019548869,http://creativecommons.org/licenses/by-nc-nd/4.0/
338312,1019548884,Muscidae_Coenosia_rufipalpis_692453_1019548884,http://creativecommons.org/licenses/by-nc-nd/4.0/
338313,1019548884,Muscidae_Coenosia_rufipalpis_692454_1019548884,http://creativecommons.org/licenses/by-nc-nd/4.0/
338314,1019548884,Muscidae_Coenosia_rufipalpis_692455_1019548884,http://creativecommons.org/licenses/by-nc-nd/4.0/
338315,1019548884,Muscidae_Coenosia_rufipalpis_692456_1019548884,http://creativecommons.org/licenses/by-nc-nd/4.0/
338316,1019548884,Muscidae_Coenosia_rufipalpis_692457_1019548884,http://creativecommons.org/licenses/by-nc-nd/4.0/
338519,1019548955,Muscidae_Musca_vitripennis_1245_1019548955,http://creativecommons.org/licenses/by-nc-nd/4.0/
338520,1019548955,Muscidae_Musca_vitripennis_1246_1019548955,http://creativecommons.org/licenses/by-nc-nd/4.0/
338521,1019548955,Muscidae_Musca_vitripennis_1247_1019548955,http://creativecommons.org/licenses/by-nc-nd/4.0/
338522,1019548955,Muscidae_Musca_vitripennis_1248_1019548955,http://creativecommons.org/licenses/by-nc-nd/4.0/
338523,1019548955,Muscidae_Musca_vitripennis_1249_1019548955,http://creativecommons.org/licenses/by-nc-nd/4.0/
338528,1019548901,Muscidae_Hydrotaea_armipes_692471_1019548901,http://creativecommons.org/licenses/by-nc-nd/4.0/
338529,1019548901,Muscidae_Hydrotaea_armipes_692472_1019548901,http://creativecommons.org/licenses/by-nc-nd/4.0/
338530,1019548901,Muscidae_Hydrotaea_armipes_692473_1019548901,http://creativecommons.org/licenses/by-nc-nd/4.0/
338539,1019548912,Muscidae_Hydrotaea_armipes_2070370_1019548912,http://creativecommons.org/licenses/by-nc-nd/4.0/
338540,1019548912,Muscidae_Hydrotaea_armipes_2070371_1019548912,http://creativecommons.org/licenses/by-nc-nd/4.0/
338544,1019548944,Muscidae_Hydrotaea_armipes_2070385_1019548944,http://creativecommons.org/licenses/by-nc-nd/4.0/
338546,1019548944,Muscidae_Hydrotaea_armipes_2070387_1019548944,http://creativecommons.org/licenses/by-nc-nd/4.0/
338551,1019548873,Muscidae_Drymeia_hamata_2759898_1019548873,http://creativecommons.org/licenses/by-nc-nd/4.0/
338552,1019548873,Muscidae_Drymeia_hamata_2759899_1019548873,http://creativecommons.org/licenses/by-nc-nd/4.0/
338553,1019548873,Muscidae_Drymeia_hamata_2759900_1019548873,http://creativecommons.org/licenses/by-nc-nd/4.0/
338554,1019548940,Muscidae_Drymeia_cinerea_2759943_1019548940,http://creativecommons.org/licenses/by-nc-nd/4.0/
338555,1019548940,Muscidae_Drymeia_cinerea_2759944_1019548940,http://creativecommons.org/licenses/by-nc-nd/4.0/
338556,1019548940,Muscidae_Drymeia_cinerea_2759945_1019548940,http://creativecommons.org/licenses/by-nc-nd/4.0/
338557,1019548940,Muscidae_Drymeia_cinerea_2759946_1019548940,http://creativecommons.org/licenses/by-nc-nd/4.0/
338564,1019548895,Muscidae_Drymeia_hamata_2070359_1019548895,http://creativecommons.org/licenses/by-nc-nd/4.0/
338565,1019548895,Muscidae_Drymeia_hamata_2070360_1019548895,http://creativecommons.org/licenses/by-nc-nd/4.0/
338566,1019548895,Muscidae_Drymeia_hamata_2070361_1019548895,http://creativecommons.org/licenses/by-nc-nd/4.0/
338569,1019548908,Muscidae_Dasyphora_pratorum_2070365_1019548908,http://creativecommons.org/licenses/by-nc-nd/4.0/
338570,1019548908,Muscidae_Dasyphora_pratorum_2070366_1019548908,http://creativecommons.org/licenses/by-nc-nd/4.0/
338571,1019548908,Muscidae_Dasyphora_pratorum_2070367_1019548908,http://creativecommons.org/licenses/by-nc-nd/4.0/
338572,1019548908,Muscidae_Dasyphora_pratorum_2070368_1019548908,http://creativecommons.org/licenses/by-nc-nd/4.0/
338573,1019548908,Muscidae_Dasyphora_pratorum_2070369_1019548908,http://creativecommons.org/licenses/by-nc-nd/4.0/
338574,1019548933,Muscidae_Dasyphora_pratorum_692491_1019548933,http://creativecommons.org/licenses/by-nc-nd/4.0/
338575,1019548933,Muscidae_Dasyphora_pratorum_692492_1019548933,http://creativecommons.org/licenses/by-nc-nd/4.0/
338576,1019548933,Muscidae_Dasyphora_pratorum_692493_1019548933,http://creativecommons.org/licenses/by-nc-nd/4.0/
338577,1019548933,Muscidae_Dasyphora_pratorum_692494_1019548933,http://creativecommons.org/licenses/by-nc-nd/4.0/
338578,1019548933,Muscidae_Dasyphora_pratorum_692495_1019548933,http://creativecommons.org/licenses/by-nc-nd/4.0/
338581,1019548919,Muscidae_Musca_tempestiva_1222_1019548919,http://creativecommons.org/licenses/by-nc-nd/4.0/
338582,1019548919,Muscidae_Musca_tempestiva_1223_1019548919,http://creativecommons.org/licenses/by-nc-nd/4.0/
338583,1019548919,Muscidae_Musca_tempestiva_1224_1019548919,http://creativecommons.org/licenses/by-nc-nd/4.0/
338610,1019548926,Muscidae_Dasyphora_albofasciata_2070376_1019548926,http://creativecommons.org/licenses/by-nc-nd/4.0/
338611,1019548926,Muscidae_Dasyphora_albofasciata_2070377_1019548926,http://creativecommons.org/licenses/by-nc-nd/4.0/
338612,1019548926,Muscidae_Dasyphora_albofasciata_2070378_1019548926,http://creativecommons.org/licenses/by-nc-nd/4.0/
338615,1019548921,Muscidae_Dasyphora_pratorum_2070373_1019548921,http://creativecommons.org/licenses/by-nc-nd/4.0/
338616,1019548921,Muscidae_Dasyphora_pratorum_2070374_1019548921,http://creativecommons.org/licenses/by-nc-nd/4.0/
338617,1019548921,Muscidae_Dasyphora_pratorum_2070375_1019548921,http://creativecommons.org/licenses/by-nc-nd/4.0/
338668,1019548916,Muscidae_Caricea_verna_1380996_1019548916,http://creativecommons.org/licenses/by-nc-nd/4.0/
338669,1019548916,Muscidae_Caricea_verna_1380997_1019548916,http://creativecommons.org/licenses/by-nc-nd/4.0/
338670,1019548916,Muscidae_Caricea_verna_1380998_1019548916,http://creativecommons.org/licenses/by-nc-nd/4.0/
338678,1019548902,Muscidae_Macrorchis_meditata_1380987_1019548902,http://creativecommons.org/licenses/by-nc-nd/4.0/
338679,1019548902,Muscidae_Macrorchis_meditata_1380988_1019548902,http://creativecommons.org/licenses/by-nc-nd/4.0/
338680,1019548902,Muscidae_Macrorchis_meditata_1380989_1019548902,http://creativecommons.org/licenses/by-nc-nd/4.0/
338681,1019548907,Muscidae_Helina_duplicata_1380990_1019548907,http://creativecommons.org/licenses/by-nc-nd/4.0/
338682,1019548907,Muscidae_Helina_duplicata_1380991_1019548907,http://creativecommons.org/licenses/by-nc-nd/4.0/
338683,1019548907,Muscidae_Helina_duplicata_1380992_1019548907,http://creativecommons.org/licenses/by-nc-nd/4.0/
338692,1019548854,Muscidae_Coenosia_trilineella_2070325_1019548854,http://creativecommons.org/licenses/by-nc-nd/4.0/
338693,1019548854,Muscidae_Coenosia_trilineella_2070326_1019548854,http://creativecommons.org/licenses/by-nc-nd/4.0/
338694,1019548854,Muscidae_Coenosia_trilineella_2070327_1019548854,http://creativecommons.org/licenses/by-nc-nd/4.0/
338696,1019548879,Muscidae_Coenosia_trilineella_1195_1019548879,http://creativecommons.org/licenses/by-nc-nd/4.0/
338697,1019548879,Muscidae_Coenosia_trilineella_1196_1019548879,http://creativecommons.org/licenses/by-nc-nd/4.0/
338698,1019548879,Muscidae_Coenosia_trilineella_1197_1019548879,http://creativecommons.org/licenses/by-nc-nd/4.0/
338704,1019548891,Muscidae_Coenosia_albicornis_2759912_1019548891,http://creativecommons.org/licenses/by-nc-nd/4.0/
338705,1019548891,Muscidae_Coenosia_albicornis_2759913_1019548891,http://creativecommons.org/licenses/by-nc-nd/4.0/
338706,1019548891,Muscidae_Coenosia_albicornis_2759914_1019548891,http://creativecommons.org/licenses/by-nc-nd/4.0/
338707,1019548891,Muscidae_Coenosia_albicornis_2759915_1019548891,http://creativecommons.org/licenses/by-nc-nd/4.0/
338708,1019548891,Muscidae_Coenosia_albicornis_2759916_1019548891,http://creativecommons.org/licenses/by-nc-nd/4.0/
338714,1019548890,Muscidae_Coenosia_femoralis_2070354_1019548890,http://creativecommons.org/licenses/by-nc-nd/4.0/
338715,1019548890,Muscidae_Coenosia_femoralis_2070355_1019548890,http://creativecommons.org/licenses/by-nc-nd/4.0/
338716,1019548890,Muscidae_Coenosia_femoralis_2070356_1019548890,http://creativecommons.org/licenses/by-nc-nd/4.0/
338717,1019548890,Muscidae_Coenosia_femoralis_2070357_1019548890,http://creativecommons.org/licenses/by-nc-nd/4.0/
338718,1019548890,Muscidae_Coenosia_femoralis_2070358_1019548890,http://creativecommons.org/licenses/by-nc-nd/4.0/
338720,1019548923,Muscidae_Helina_ciliatocosta_1225_1019548923,http://creativecommons.org/licenses/by-nc-nd/4.0/
338721,1019548923,Muscidae_Helina_ciliatocosta_1226_1019548923,http://creativecommons.org/licenses/by-nc-nd/4.0/
338722,1019548923,Muscidae_Helina_ciliatocosta_1227_1019548923,http://creativecommons.org/licenses/by-nc-nd/4.0/
338750,1019548848,Muscidae_Myospila_meditabunda_692429_1019548848,http://creativecommons.org/licenses/by-nc-nd/4.0/
338754,1019548914,Muscidae_Myospila_meditabunda_1220_1019548914,http://creativecommons.org/licenses/by-nc-nd/4.0/
338755,1019548914,Muscidae_Myospila_meditabunda_1221_1019548914,http://creativecommons.org/licenses/by-nc-nd/4.0/
338758,1019548866,Muscidae_Myospila_meditabunda_692444_1019548866,http://creativecommons.org/licenses/by-nc-nd/4.0/
338790,1019548900,Muscidae_Morellia_hortorum_1213_1019548900,http://creativecommons.org/licenses/by-nc-nd/4.0/
338792,1019548900,Muscidae_Morellia_hortorum_1215_1019548900,http://creativecommons.org/licenses/by-nc-nd/4.0/
338798,1019548935,Muscidae_Morellia_hortorum_2070382_1019548935,http://creativecommons.org/licenses/by-nc-nd/4.0/
338799,1019548935,Muscidae_Morellia_hortorum_2070383_1019548935,http://creativecommons.org/licenses/by-nc-nd/4.0/
338800,1019548935,Muscidae_Morellia_hortorum_2070384_1019548935,http://creativecommons.org/licenses/by-nc-nd/4.0/
338801,1019548842,Muscidae_Coenosia_perpusilla_1170_1019548842,http://creativecommons.org/licenses/by-nc-nd/4.0/
338802,1019548842,Muscidae_Coenosia_perpusilla_1171_1019548842,http://creativecommons.org/licenses/by-nc-nd/4.0/
338803,1019548842,Muscidae_Coenosia_perpusilla_1172_1019548842,http://creativecommons.org/licenses/by-nc-nd/4.0/
338804,1019548842,Muscidae_Coenosia_perpusilla_1173_1019548842,http://creativecommons.org/licenses/by-nc-nd/4.0/
338805,1019548842,Muscidae_Coenosia_perpusilla_1174_1019548842,http://creativecommons.org/licenses/by-nc-nd/4.0/
338808,1019548951,Muscidae_Morellia_hortorum_692507_1019548951,http://creativecommons.org/licenses/by-nc-nd/4.0/
338816,1019548946,Muscidae_Morellia_hortorum_1239_1019548946,http://creativecommons.org/licenses/by-nc-nd/4.0/
338818,1019548946,Muscidae_Morellia_hortorum_1241_1019548946,http://creativecommons.org/licenses/by-nc-nd/4.0/
338842,1019548899,Muscidae_Caricea_verna_1380984_1019548899,http://creativecommons.org/licenses/by-nc-nd/4.0/
338843,1019548899,Muscidae_Caricea_verna_1380985_1019548899,http://creativecommons.org/licenses/by-nc-nd/4.0/
338844,1019548899,Muscidae_Caricea_verna_1380986_1019548899,http://creativecommons.org/licenses/by-nc-nd/4.0/
338848,1019548922,Muscidae_Caricea_verna_2759934_1019548922,http://creativecommons.org/licenses/by-nc-nd/4.0/
338849,1019548922,Muscidae_Caricea_verna_2759935_1019548922,http://creativecommons.org/licenses/by-nc-nd/4.0/
338850,1019548922,Muscidae_Caricea_verna_2759936_1019548922,http://creativecommons.org/licenses/by-nc-nd/4.0/
338857,1019548977,Muscidae_Limnophora_maculosa_2759966_1019548977,http://creativecommons.org/licenses/by-nc-nd/4.0/
338858,1019548977,Muscidae_Limnophora_maculosa_2759967_1019548977,http://creativecommons.org/licenses/by-nc-nd/4.0/
338865,1019548996,Muscidae_Phaonia_fuscata_1272_1019548996,http://creativecommons.org/licenses/by-nc-nd/4.0/
338866,1019548996,Muscidae_Phaonia_fuscata_1273_1019548996,http://creativecommons.org/licenses/by-nc-nd/4.0/
338871,1019548939,Muscidae_Helina_impuncta_1381014_1019548939,http://creativecommons.org/licenses/by-nc-nd/4.0/
338875,1019548997,Muscidae_Helina_reversio_692544_1019548997,http://creativecommons.org/licenses/by-nc-nd/4.0/
338876,1019548997,Muscidae_Helina_reversio_692545_1019548997,http://creativecommons.org/licenses/by-nc-nd/4.0/
338880,1019549024,Muscidae_Helina_reversio_2070432_1019549024,http://creativecommons.org/licenses/by-nc-nd/4.0/
338882,1019549024,Muscidae_Helina_reversio_2070434_1019549024,http://creativecommons.org/licenses/by-nc-nd/4.0/
338884,1019549024,Muscidae_Helina_reversio_2070436_1019549024,http://creativecommons.org/licenses/by-nc-nd/4.0/
338885,1019548963,Muscidae_Helina_reversio_2759953_1019548963,http://creativecommons.org/licenses/by-nc-nd/4.0/
338893,1019548876,Muscidae_Helina_reversio_1380965_1019548876,http://creativecommons.org/licenses/by-nc-nd/4.0/
338894,1019548876,Muscidae_Helina_reversio_1380966_1019548876,http://creativecommons.org/licenses/by-nc-nd/4.0/
338895,1019548876,Muscidae_Helina_reversio_1380967_1019548876,http://creativecommons.org/licenses/by-nc-nd/4.0/
338904,1019548979,Muscidae_Phaonia_angelicae_692528_1019548979,http://creativecommons.org/licenses/by-nc-nd/4.0/
338906,1019548971,Muscidae_Mydaea_ancilla_2070402_1019548971,http://creativecommons.org/licenses/by-nc-nd/4.0/
338907,1019548971,Muscidae_Mydaea_ancilla_2070403_1019548971,http://creativecommons.org/licenses/by-nc-nd/4.0/
338908,1019548971,Muscidae_Mydaea_ancilla_2070404_1019548971,http://creativecommons.org/licenses/by-nc-nd/4.0/
338909,1019548971,Muscidae_Mydaea_ancilla_2070405_1019548971,http://creativecommons.org/licenses/by-nc-nd/4.0/
338910,1019548971,Muscidae_Mydaea_ancilla_2070406_1019548971,http://creativecommons.org/licenses/by-nc-nd/4.0/
338911,1019548971,Muscidae_Mydaea_ancilla_2070407_1019548971,http://creativecommons.org/licenses/by-nc-nd/4.0/
338915,1019548952,Muscidae_Hydrotaea_militaris_1381023_1019548952,http://creativecommons.org/licenses/by-nc-nd/4.0/
338916,1019548952,Muscidae_Hydrotaea_militaris_1381024_1019548952,http://creativecommons.org/licenses/by-nc-nd/4.0/
338917,1019548952,Muscidae_Hydrotaea_militaris_1381025_1019548952,http://creativecommons.org/licenses/by-nc-nd/4.0/
338918,1019548952,Muscidae_Hydrotaea_militaris_1381026_1019548952,http://creativecommons.org/licenses/by-nc-nd/4.0/
338919,1019548952,Muscidae_Hydrotaea_militaris_1381027_1019548952,http://creativecommons.org/licenses/by-nc-nd/4.0/
338923,1019548965,Muscidae_Phaonia_amabilis_692519_1019548965,http://creativecommons.org/licenses/by-nc-nd/4.0/
338924,1019548965,Muscidae_Phaonia_amabilis_692520_1019548965,http://creativecommons.org/licenses/by-nc-nd/4.0/
338925,1019548965,Muscidae_Phaonia_amabilis_692521_1019548965,http://creativecommons.org/licenses/by-nc-nd/4.0/
338926,1019548965,Muscidae_Phaonia_amabilis_692522_1019548965,http://creativecommons.org/licenses/by-nc-nd/4.0/
338927,1019548965,Muscidae_Phaonia_amabilis_692523_1019548965,http://creativecommons.org/licenses/by-nc-nd/4.0/
338935,1019549022,Muscidae_Thricops_semicinereus_692564_1019549022,http://creativecommons.org/licenses/by-nc-nd/4.0/
338943,1019548937,Muscidae_Helina_quadrum_1236_1019548937,http://creativecommons.org/licenses/by-nc-nd/4.0/
338944,1019548937,Muscidae_Helina_quadrum_1237_1019548937,http://creativecommons.org/licenses/by-nc-nd/4.0/
338945,1019548937,Muscidae_Helina_quadrum_1238_1019548937,http://creativecommons.org/licenses/by-nc-nd/4.0/
338949,1019549008,Muscidae_Helina_quadrum_1278_1019549008,http://creativecommons.org/licenses/by-nc-nd/4.0/
338950,1019549008,Muscidae_Helina_quadrum_1279_1019549008,http://creativecommons.org/licenses/by-nc-nd/4.0/
338951,1019549008,Muscidae_Helina_quadrum_1280_1019549008,http://creativecommons.org/licenses/by-nc-nd/4.0/
338952,1019549049,Muscidae_Mydaea_corni_1297_1019549049,http://creativecommons.org/licenses/by-nc-nd/4.0/
338953,1019549049,Muscidae_Mydaea_corni_1298_1019549049,http://creativecommons.org/licenses/by-nc-nd/4.0/
338959,1019549002,Muscidae_Limnophora_triangula_2759978_1019549002,http://creativecommons.org/licenses/by-nc-nd/4.0/
338962,1019549002,Muscidae_Limnophora_triangula_2759981_1019549002,http://creativecommons.org/licenses/by-nc-nd/4.0/
338964,1019549001,Muscidae_Hebecnema_vespertina_2070424_1019549001,http://creativecommons.org/licenses/by-nc-nd/4.0/
338965,1019549001,Muscidae_Hebecnema_vespertina_2070425_1019549001,http://creativecommons.org/licenses/by-nc-nd/4.0/
338967,1019549007,Muscidae_Limnophora_tigrina_2759983_1019549007,http://creativecommons.org/licenses/by-nc-nd/4.0/
338968,1019549007,Muscidae_Limnophora_tigrina_2759984_1019549007,http://creativecommons.org/licenses/by-nc-nd/4.0/
338969,1019548989,Muscidae_Hebecnema_vespertina_1381044_1019548989,http://creativecommons.org/licenses/by-nc-nd/4.0/
338970,1019548989,Muscidae_Hebecnema_vespertina_1381045_1019548989,http://creativecommons.org/licenses/by-nc-nd/4.0/
338974,1019549015,Muscidae_Hebecnema_vespertina_2070431_1019549015,http://creativecommons.org/licenses/by-nc-nd/4.0/
338975,1019548956,Muscidae_Phaonia_mystica_692510_1019548956,http://creativecommons.org/licenses/by-nc-nd/4.0/
338976,1019548956,Muscidae_Phaonia_mystica_692511_1019548956,http://creativecommons.org/licenses/by-nc-nd/4.0/
338977,1019548956,Muscidae_Phaonia_mystica_692512_1019548956,http://creativecommons.org/licenses/by-nc-nd/4.0/
338978,1019548956,Muscidae_Phaonia_mystica_692513_1019548956,http://creativecommons.org/licenses/by-nc-nd/4.0/
338979,1019548956,Muscidae_Phaonia_mystica_692514_1019548956,http://creativecommons.org/licenses/by-nc-nd/4.0/
338985,1019548969,Muscidae_Helina_confinis_1250_1019548969,http://creativecommons.org/licenses/by-nc-nd/4.0/
338986,1019548969,Muscidae_Helina_confinis_1251_1019548969,http://creativecommons.org/licenses/by-nc-nd/4.0/
338987,1019548969,Muscidae_Helina_confinis_1252_1019548969,http://creativecommons.org/licenses/by-nc-nd/4.0/
338990,1019548991,Muscidae_Limnophora_maculosa_1269_1019548991,http://creativecommons.org/licenses/by-nc-nd/4.0/
338991,1019548991,Muscidae_Limnophora_maculosa_1270_1019548991,http://creativecommons.org/licenses/by-nc-nd/4.0/
338992,1019548991,Muscidae_Limnophora_maculosa_1271_1019548991,http://creativecommons.org/licenses/by-nc-nd/4.0/
338995,1019548896,Muscidae_Dasyphora_pratorum_2759917_1019548896,http://creativecommons.org/licenses/by-nc-nd/4.0/
338996,1019548896,Muscidae_Dasyphora_pratorum_2759918_1019548896,http://creativecommons.org/licenses/by-nc-nd/4.0/
338997,1019548896,Muscidae_Dasyphora_pratorum_2759919_1019548896,http://creativecommons.org/licenses/by-nc-nd/4.0/
338998,1019548896,Muscidae_Dasyphora_pratorum_2759920_1019548896,http://creativecommons.org/licenses/by-nc-nd/4.0/
338999,1019548896,Muscidae_Dasyphora_pratorum_2759921_1019548896,http://creativecommons.org/licenses/by-nc-nd/4.0/
339002,1019549006,Muscidae_Hydrotaea_dentipes_2070428_1019549006,http://creativecommons.org/licenses/by-nc-nd/4.0/
339003,1019548949,Muscidae_Hydrotaea_meteorica_2070388_1019548949,http://creativecommons.org/licenses/by-nc-nd/4.0/
339004,1019548949,Muscidae_Hydrotaea_meteorica_2070389_1019548949,http://creativecommons.org/licenses/by-nc-nd/4.0/
339005,1019548949,Muscidae_Hydrotaea_meteorica_2070390_1019548949,http://creativecommons.org/licenses/by-nc-nd/4.0/
339006,1019548915,Muscidae_Hydrotaea_meteorica_692482_1019548915,http://creativecommons.org/licenses/by-nc-nd/4.0/
339007,1019548915,Muscidae_Hydrotaea_meteorica_692483_1019548915,http://creativecommons.org/licenses/by-nc-nd/4.0/
339008,1019548915,Muscidae_Hydrotaea_meteorica_692484_1019548915,http://creativecommons.org/licenses/by-nc-nd/4.0/
339009,1019548968,Muscidae_Hydrotaea_irritans_2759958_1019548968,http://creativecommons.org/licenses/by-nc-nd/4.0/
339010,1019548968,Muscidae_Hydrotaea_irritans_2759959_1019548968,http://creativecommons.org/licenses/by-nc-nd/4.0/
339012,1019548888,Muscidae_Hydrotaea_meteorica_1200_1019548888,http://creativecommons.org/licenses/by-nc-nd/4.0/
339013,1019548888,Muscidae_Hydrotaea_meteorica_1201_1019548888,http://creativecommons.org/licenses/by-nc-nd/4.0/
339014,1019548888,Muscidae_Hydrotaea_meteorica_1202_1019548888,http://creativecommons.org/licenses/by-nc-nd/4.0/
339017,1019548938,Muscidae_Hydrotaea_irritans_692498_1019548938,http://creativecommons.org/licenses/by-nc-nd/4.0/
339018,1019548988,Muscidae_Hydrotaea_irritans_692533_1019548988,http://creativecommons.org/licenses/by-nc-nd/4.0/
339019,1019548988,Muscidae_Hydrotaea_irritans_692534_1019548988,http://creativecommons.org/licenses/by-nc-nd/4.0/
339020,1019548988,Muscidae_Hydrotaea_irritans_692535_1019548988,http://creativecommons.org/licenses/by-nc-nd/4.0/
339021,1019548976,Muscidae_Hydrotaea_dentipes_2070408_1019548976,http://creativecommons.org/licenses/by-nc-nd/4.0/
339024,1019548982,Muscidae_Hydrotaea_meridionalis_1261_1019548982,http://creativecommons.org/licenses/by-nc-nd/4.0/
339025,1019548982,Muscidae_Hydrotaea_meridionalis_1262_1019548982,http://creativecommons.org/licenses/by-nc-nd/4.0/
339026,1019548982,Muscidae_Hydrotaea_meridionalis_1263_1019548982,http://creativecommons.org/licenses/by-nc-nd/4.0/
339032,1019548957,Muscidae_Hydrotaea_diabolus_1381030_1019548957,http://creativecommons.org/licenses/by-nc-nd/4.0/
339034,1019548974,Muscidae_Hydrotaea_diabolus_692525_1019548974,http://creativecommons.org/licenses/by-nc-nd/4.0/
339036,1019548953,Muscidae_Hydrotaea_diabolus_2070391_1019548953,http://creativecommons.org/licenses/by-nc-nd/4.0/
339038,1019548953,Muscidae_Hydrotaea_diabolus_2070393_1019548953,http://creativecommons.org/licenses/by-nc-nd/4.0/
339039,1019548953,Muscidae_Hydrotaea_diabolus_2070394_1019548953,http://creativecommons.org/licenses/by-nc-nd/4.0/
339040,1019548953,Muscidae_Hydrotaea_diabolus_2070395_1019548953,http://creativecommons.org/licenses/by-nc-nd/4.0/
339042,1019548959,Muscidae_Hydrotaea_diabolus_2759951_1019548959,http://creativecommons.org/licenses/by-nc-nd/4.0/
339044,1019548942,Muscidae_Hydrotaea_irritans_692499_1019548942,http://creativecommons.org/licenses/by-nc-nd/4.0/
339047,1019548942,Muscidae_Hydrotaea_irritans_692502_1019548942,http://creativecommons.org/licenses/by-nc-nd/4.0/
339048,1019548942,Muscidae_Hydrotaea_irritans_692503_1019548942,http://creativecommons.org/licenses/by-nc-nd/4.0/
339051,1019548948,Muscidae_Hydrotaea_diabolus_1381020_1019548948,http://creativecommons.org/licenses/by-nc-nd/4.0/
339052,1019548948,Muscidae_Hydrotaea_diabolus_1381021_1019548948,http://creativecommons.org/licenses/by-nc-nd/4.0/
339053,1019548948,Muscidae_Hydrotaea_diabolus_1381022_1019548948,http://creativecommons.org/licenses/by-nc-nd/4.0/
339054,1019548931,Muscidae_Hydrotaea_armipes_2759940_1019548931,http://creativecommons.org/licenses/by-nc-nd/4.0/
339056,1019548931,Muscidae_Hydrotaea_armipes_2759942_1019548931,http://creativecommons.org/licenses/by-nc-nd/4.0/
339071,1019548932,Muscidae_Dasyphora_pratorum_1231_1019548932,http://creativecommons.org/licenses/by-nc-nd/4.0/
339072,1019548932,Muscidae_Dasyphora_pratorum_1232_1019548932,http://creativecommons.org/licenses/by-nc-nd/4.0/
339073,1019548932,Muscidae_Dasyphora_pratorum_1233_1019548932,http://creativecommons.org/licenses/by-nc-nd/4.0/
339074,1019548932,Muscidae_Dasyphora_pratorum_1234_1019548932,http://creativecommons.org/licenses/by-nc-nd/4.0/
339075,1019548932,Muscidae_Dasyphora_pratorum_1235_1019548932,http://creativecommons.org/licenses/by-nc-nd/4.0/
339081,1019548920,Muscidae_Coenosia_agromyzina_1380999_1019548920,http://creativecommons.org/licenses/by-nc-nd/4.0/
339085,1019548920,Muscidae_Coenosia_agromyzina_1381003_1019548920,http://creativecommons.org/licenses/by-nc-nd/4.0/
339090,1019548904,Muscidae_Coenosia_mollicula_2759924_1019548904,http://creativecommons.org/licenses/by-nc-nd/4.0/
339116,1019549021,Muscidae_Helina_quadrum_1283_1019549021,http://creativecommons.org/licenses/by-nc-nd/4.0/
339117,1019549021,Muscidae_Helina_quadrum_1284_1019549021,http://creativecommons.org/licenses/by-nc-nd/4.0/
339118,1019549021,Muscidae_Helina_quadrum_1285_1019549021,http://creativecommons.org/licenses/by-nc-nd/4.0/
339126,1019548970,Muscidae_Hydrotaea_meteorica_1381035_1019548970,http://creativecommons.org/licenses/by-nc-nd/4.0/
339127,1019548970,Muscidae_Hydrotaea_meteorica_1381036_1019548970,http://creativecommons.org/licenses/by-nc-nd/4.0/
339128,1019548970,Muscidae_Hydrotaea_meteorica_1381037_1019548970,http://creativecommons.org/licenses/by-nc-nd/4.0/
340063,1265037704,Muscidae_Lispe_nivalis_10183_1265037704,http://creativecommons.org/licenses/by-nc-nd/4.0/
340064,1265037704,Muscidae_Lispe_nivalis_10184_1265037704,http://creativecommons.org/licenses/by-nc-nd/4.0/
340065,1265037704,Muscidae_Lispe_nivalis_10185_1265037704,http://creativecommons.org/licenses/by-nc-nd/4.0/
340079,1265037734,Muscidae_Dasyphora_albofasciata_2079518_1265037734,http://creativecommons.org/licenses/by-nc-nd/4.0/
340080,1265037734,Muscidae_Dasyphora_albofasciata_2079519_1265037734,http://creativecommons.org/licenses/by-nc-nd/4.0/
340081,1265037734,Muscidae_Dasyphora_albofasciata_2079520_1265037734,http://creativecommons.org/licenses/by-nc-nd/4.0/
340153,1019547337,Muscidae_Helina_quadrum_2069380_1019547337,http://creativecommons.org/licenses/by-nc-nd/4.0/
340154,1019547337,Muscidae_Helina_quadrum_2069381_1019547337,http://creativecommons.org/licenses/by-nc-nd/4.0/
340155,1019547337,Muscidae_Helina_quadrum_2069382_1019547337,http://creativecommons.org/licenses/by-nc-nd/4.0/
340156,1019547337,Muscidae_Helina_quadrum_2069383_1019547337,http://creativecommons.org/licenses/by-nc-nd/4.0/
340157,1019547337,Muscidae_Helina_quadrum_2069384_1019547337,http://creativecommons.org/licenses/by-nc-nd/4.0/
340714,1482194758,Muscidae_Lispe_tentaculata_1429575_1482194758,© all rights reserved
340715,1482194758,Muscidae_Lispe_tentaculata_1429576_1482194758,© all rights reserved
340723,1460530048,Muscidae_Neomyia_viridescens_1429163_1460530048,© all rights reserved
341097,3112774765,Muscidae_Eudasyphora_cyanella_1663207_3112774765,http://creativecommons.org/licenses/by-nc/4.0/
341207,3986315552,Muscidae_Limnophora_obsignata_2038768_3986315552,http://creativecommons.org/licenses/by-nc/4.0/
341208,3986315552,Muscidae_Limnophora_obsignata_2038769_3986315552,http://creativecommons.org/licenses/by-nc/4.0/
341209,3986315552,Muscidae_Limnophora_obsignata_2038770_3986315552,http://creativecommons.org/licenses/by-nc/4.0/
341281,3067639963,Muscidae_Neomyia_cornicina_3031815_3067639963,http://creativecommons.org/licenses/by-nc/4.0/
342283,4022055663,Muscidae_Muscina_stabulans_1371193_4022055663,http://creativecommons.org/licenses/by-nc/4.0/
342285,4022055663,Muscidae_Muscina_stabulans_1371195_4022055663,http://creativecommons.org/licenses/by-nc/4.0/
342495,3859086218,Muscidae_Dasyphora_albofasciata_1957720_3859086218,http://creativecommons.org/licenses/by-nc/4.0/
342496,3859086218,Muscidae_Dasyphora_albofasciata_1957721_3859086218,http://creativecommons.org/licenses/by-nc/4.0/
342644,2001459077,Muscidae_Phaonia_errans_2200785_2001459077,http://creativecommons.org/licenses/by-nc-sa/4.0/
342646,2001414680,Muscidae_Phaonia_serva_2891096_2001414680,http://creativecommons.org/licenses/by-nc-sa/4.0/
342647,2001286143,Muscidae_Myospila_meditabunda_132729_2001286143,http://creativecommons.org/licenses/by-nc-sa/4.0/
343647,3384088872,Muscidae_Limnophora_obsignata_319938_3384088872,http://creativecommons.org/licenses/by-nc/4.0/
343648,3384088872,Muscidae_Limnophora_obsignata_319939_3384088872,http://creativecommons.org/licenses/by-nc/4.0/
344658,4018130777,Muscidae_Neomyia_cornicina_1369073_4018130777,http://creativecommons.org/licenses/by-nc/4.0/
347009,1968498236,Muscidae_Helina_impuncta_111034_1968498236,http://creativecommons.org/licenses/by-nc/4.0/
347957,2840534077,Muscidae_Mydaea_corni_914444_2840534077,http://creativecommons.org/licenses/by-nc-nd/4.0/
348408,1957669587,Muscidae_Muscina_pascuorum_786858_1957669587,http://creativecommons.org/licenses/by-nc-nd/4.0/
349477,3733296894,Muscidae_Neomyia_cornicina_1230403_3733296894,http://creativecommons.org/licenses/by-nc-nd/4.0/
350175,3716027263,Muscidae_Schoenomyza_litorella_3234664_3716027263,http://creativecommons.org/licenses/by-nc-nd/4.0/
350247,1632978739,Muscidae_Coenosia_attenuata_2120472_1632978739,http://creativecommons.org/licenses/by/4.0/
350254,1632935409,Muscidae_Orchisia_costata_51299_1632935409,http://creativecommons.org/licenses/by/4.0/
350255,1632935409,Muscidae_Orchisia_costata_51300_1632935409,http://creativecommons.org/licenses/by/4.0/
351123,3773564474,Muscidae_Graphomya_maculata_3310492_3773564474,http://creativecommons.org/licenses/by-nc/4.0/
351705,3013107301,Muscidae_Phaonia_pallida_3020093_3013107301,© all rights reserved
354585,3873873180,Muscidae_Pyrellia_rapax_1282097_3873873180,http://creativecommons.org/licenses/by-nc/4.0/
354586,3873873180,Muscidae_Pyrellia_rapax_1282098_3873873180,http://creativecommons.org/licenses/by-nc/4.0/
354587,3873873180,Muscidae_Pyrellia_rapax_1282099_3873873180,http://creativecommons.org/licenses/by-nc/4.0/
354588,3873873180,Muscidae_Pyrellia_rapax_1282100_3873873180,http://creativecommons.org/licenses/by-nc/4.0/
354784,2265778260,Muscidae_Helina_latitarsis_2902314_2265778260,http://creativecommons.org/licenses/by-nc/4.0/
354915,1459905257,Muscidae_Myospila_meditabunda_48076_1459905257,© all rights reserved
354916,1459905257,Muscidae_Myospila_meditabunda_48077_1459905257,© all rights reserved
355441,3826914160,Muscidae_Phaonia_trimaculata_1948015_3826914160,http://creativecommons.org/licenses/by-sa/4.0/
355738,1971819430,Muscidae_Caricea_erythrocera_1495287_1971819430,http://creativecommons.org/licenses/by-nc-nd/4.0/
359110,1959279505,Muscidae_Helina_depuncta_98744_1959279505,http://creativecommons.org/licenses/by-nc-nd/4.0/
359153,1955734452,Muscidae_Phaonia_palpata_784328_1955734452,http://creativecommons.org/licenses/by-nc-nd/4.0/
360930,1965037318,Muscidae_Limnophora_tigrina_2173778_1965037318,http://creativecommons.org/licenses/by-nc-nd/4.0/
361009,3716262583,Muscidae_Mydaea_corni_476525_3716262583,http://creativecommons.org/licenses/by-nc-nd/4.0/
361329,1951999023,Muscidae_Phaonia_rufipalpis_87436_1951999023,http://creativecommons.org/licenses/by-nc-nd/4.0/
361330,1951999023,Muscidae_Phaonia_rufipalpis_87437_1951999023,http://creativecommons.org/licenses/by-nc-nd/4.0/
362874,1963295768,Muscidae_Polietes_meridionalis_794613_1963295768,http://creativecommons.org/publicdomain/zero/1.0/
366394,3018024564,Muscidae_Musca_sorbens_1641954_3018024564,http://creativecommons.org/licenses/by-nc/4.0/
368098,2841384154,Muscidae_Muscina_levida_915739_2841384154,http://creativecommons.org/licenses/by-nc-nd/4.0/
368107,3822443846,Muscidae_Achanthiptera_rohrelliformis_3316905_3822443846,http://creativecommons.org/licenses/by-nc-nd/4.0/
368108,3822443846,Muscidae_Achanthiptera_rohrelliformis_3316906_3822443846,http://creativecommons.org/licenses/by-nc-nd/4.0/
368513,1959209739,Muscidae_Helina_evecta_1477810_1959209739,http://creativecommons.org/licenses/by-nc-nd/4.0/
368515,1959209739,Muscidae_Helina_evecta_1477812_1959209739,http://creativecommons.org/licenses/by-nc-nd/4.0/
370233,3902283902,Muscidae_Coenosia_tigrina_606575_3902283902,http://creativecommons.org/licenses/by-nc/4.0/
370253,3712778304,Muscidae_Dasyphora_albofasciata_1854653_3712778304,http://creativecommons.org/licenses/by-nc/4.0/
370254,3712778304,Muscidae_Dasyphora_albofasciata_1854654_3712778304,http://creativecommons.org/licenses/by-nc/4.0/
371265,3455268869,Muscidae_Limnophora_obsignata_2524358_3455268869,http://creativecommons.org/licenses/by-nc/4.0/
371467,2826408552,Muscidae_Eudasyphora_cyanella_210246_2826408552,http://creativecommons.org/licenses/by/4.0/
371770,3117842491,Muscidae_Helina_evecta_2354724_3117842491,http://creativecommons.org/licenses/by/4.0/
371771,3117842491,Muscidae_Helina_evecta_2354725_3117842491,http://creativecommons.org/licenses/by/4.0/
372278,3070433583,Muscidae_Musca_autumnalis_2343797_3070433583,http://creativecommons.org/licenses/by/4.0/
374418,1955210831,Muscidae_Lispocephala_brachialis_782820_1955210831,http://creativecommons.org/licenses/by-nc-nd/4.0/
375003,3727169224,Muscidae_Thricops_diaphanus_2584455_3727169224,http://creativecommons.org/licenses/by-nc-nd/4.0/
375211,1964889582,Muscidae_Helina_depuncta_105065_1964889582,http://creativecommons.org/licenses/by-nc/4.0/
375324,1958953795,Muscidae_Polietes_domitor_2856639_1958953795,http://creativecommons.org/licenses/by-nc-nd/4.0/
376861,1959333012,Muscidae_Hydrotaea_dentipes_2857197_1959333012,http://creativecommons.org/licenses/by-nc-nd/4.0/
377181,1969770045,Muscidae_Phaonia_fuscata_1492587_1969770045,http://creativecommons.org/licenses/by-nc-nd/4.0/
378465,3822674287,Muscidae_Phaonia_valida_3317931_3822674287,http://creativecommons.org/licenses/by-nc/4.0/
378571,1957161446,Muscidae_Hebecnema_nigra_95137_1957161446,http://creativecommons.org/licenses/by-nc-nd/4.0/
378572,1957161446,Muscidae_Hebecnema_nigra_95138_1957161446,http://creativecommons.org/licenses/by-nc-nd/4.0/
380940,1956586169,Muscidae_Polietes_domitor_1473791_1956586169,http://creativecommons.org/publicdomain/zero/1.0/
381574,1969767099,Muscidae_Lispe_tentaculata_1492573_1969767099,http://creativecommons.org/licenses/by-nc-nd/4.0/
381576,1969767099,Muscidae_Lispe_tentaculata_1492575_1969767099,http://creativecommons.org/licenses/by-nc-nd/4.0/
382353,3827109537,Muscidae_Schoenomyza_litorella_3328892_3827109537,http://creativecommons.org/licenses/by-nc-nd/4.0/
383043,1959384127,Muscidae_Helina_sexmaculata_1478094_1959384127,http://creativecommons.org/licenses/by-nc-nd/4.0/
383046,1959384127,Muscidae_Helina_sexmaculata_1478097_1959384127,http://creativecommons.org/licenses/by-nc-nd/4.0/
383048,1959384127,Muscidae_Helina_sexmaculata_1478099_1959384127,http://creativecommons.org/licenses/by-nc-nd/4.0/
383049,1959384127,Muscidae_Helina_sexmaculata_1478100_1959384127,http://creativecommons.org/licenses/by-nc-nd/4.0/
383366,1977113376,Muscidae_Hebecnema_umbratica_2193084_1977113376,http://creativecommons.org/licenses/by-nc-nd/4.0/
384013,1955730559,Muscidae_Coenosia_testacea_93747_1955730559,http://creativecommons.org/licenses/by-nc-nd/4.0/
384155,2842347265,Muscidae_Phaonia_tuguriorum_2986654_2842347265,http://creativecommons.org/licenses/by-nc-nd/4.0/
386107,3902095409,Muscidae_Synthesiomyia_nudiseta_2672722_3902095409,http://creativecommons.org/licenses/by/4.0/
386108,3902095409,Muscidae_Synthesiomyia_nudiseta_2672723_3902095409,http://creativecommons.org/licenses/by/4.0/
386480,3117766535,Muscidae_Dasyphora_albofasciata_1664687_3117766535,http://creativecommons.org/licenses/by/4.0/
387595,3456388777,Muscidae_Eudasyphora_cyanicolor_461585_3456388777,http://creativecommons.org/licenses/by-nc/4.0/
388259,2465118529,Muscidae_Hydrotaea_diabolus_1543468_2465118529,http://creativecommons.org/licenses/by-nc/4.0/
389037,1958084925,Muscidae_Morellia_aenescens_2855564_1958084925,http://creativecommons.org/licenses/by-nc-nd/4.0/
389644,1962025174,Muscidae_Graphomya_minor_102723_1962025174,http://creativecommons.org/licenses/by-nc-nd/4.0/
389645,1962025174,Muscidae_Graphomya_minor_102724_1962025174,http://creativecommons.org/licenses/by-nc-nd/4.0/
391032,3303216646,Muscidae_Mesembrina_mystacea_1669822_3303216646,© All rights reserved
391033,3303216646,Muscidae_Mesembrina_mystacea_1669823_3303216646,© All rights reserved
391277,3013555490,Muscidae_Eudasyphora_cyanicolor_261832_3013555490,© All rights reserved
394584,1958550843,Muscidae_Eudasyphora_cyanella_788605_1958550843,http://creativecommons.org/licenses/by-nc-nd/4.0/
394645,1956843671,Muscidae_Limnophora_maculosa_785353_1956843671,http://creativecommons.org/licenses/by-nc-nd/4.0/
394646,1956843671,Muscidae_Limnophora_maculosa_785354_1956843671,http://creativecommons.org/licenses/by-nc-nd/4.0/
394648,1956843671,Muscidae_Limnophora_maculosa_785356_1956843671,http://creativecommons.org/licenses/by-nc-nd/4.0/
395556,2841989297,Muscidae_Atherigona_varia_226982_2841989297,http://creativecommons.org/licenses/by-nc-nd/4.0/
397563,3960553162,Muscidae_Thricops_semicinereus_3410299_3960553162,© All rights reserved
397564,3313442400,Muscidae_Phaonia_angelicae_983279_3313442400,© All rights reserved
397742,3332699329,Muscidae_Thricops_semicinereus_2372113_3332699329,© All rights reserved
397932,2248739708,Muscidae_Hydrotaea_dentipes_828491_2248739708,http://creativecommons.org/licenses/by-nc-sa/4.0/
398276,3050464496,Muscidae_Helina_ciliatocosta_961034_3050464496,© all rights reserved
398277,3050464496,Muscidae_Helina_ciliatocosta_961035_3050464496,© all rights reserved
398278,3050464496,Muscidae_Helina_ciliatocosta_961036_3050464496,© all rights reserved
398318,1432466384,Muscidae_Thricops_semicinereus_735825_1432466384,© all rights reserved
398504,3313483484,Muscidae_Thricops_nigrifrons_2361933_3313483484,© All rights reserved
398505,3313483484,Muscidae_Thricops_nigrifrons_2361934_3313483484,© All rights reserved
398506,3313483484,Muscidae_Thricops_nigrifrons_2361935_3313483484,© All rights reserved
399299,1974509998,Muscidae_Hydrotaea_dentipes_1500300_1974509998,http://creativecommons.org/licenses/by-nc-nd/4.0/
400291,3825328855,Muscidae_Limnophora_riparia_1254874_3825328855,http://creativecommons.org/licenses/by-nc-nd/4.0/
400292,3825328855,Muscidae_Limnophora_riparia_1254875_3825328855,http://creativecommons.org/licenses/by-nc-nd/4.0/
400508,2840801366,Muscidae_Muscina_stabulans_2983073_2840801366,http://creativecommons.org/licenses/by-nc-nd/4.0/
401891,2833839125,Muscidae_Phaonia_fuscata_903105_2833839125,http://creativecommons.org/licenses/by-nc-nd/4.0/
401926,3823762499,Muscidae_Phaonia_fuscata_2629973_3823762499,http://creativecommons.org/licenses/by-nc-nd/4.0/
402273,1968866499,Muscidae_Phaonia_pallida_111530_1968866499,http://creativecommons.org/licenses/by-nc/4.0/
402696,3717487883,Muscidae_Graphomya_maculata_482705_3717487883,http://creativecommons.org/licenses/by-nc-nd/4.0/
403040,1955699519,Muscidae_Helina_reversio_93631_1955699519,http://creativecommons.org/licenses/by-nc-nd/4.0/
403147,2332714246,Muscidae_Hydrotaea_diabolus_2907622_2332714246,© All rights reserved
403148,2332714246,Muscidae_Hydrotaea_diabolus_2907623_2332714246,© All rights reserved
403512,2403529864,Muscidae_Mesembrina_mystacea_843047_2403529864,© All rights reserved
403853,1670997160,Muscidae_Mesembrina_mystacea_744602_1670997160,© all rights reserved
403964,1460154602,Muscidae_Mydaea_setifemur_48444_1460154602,© all rights reserved
404046,2247599731,Muscidae_Musca_stabulans_137481_2247599731,© all rights reserved
404122,2001012159,Muscidae_Coenosia_bilineella_2891073_2001012159,http://creativecommons.org/licenses/by-nc/4.0/
404130,2001274425,Muscidae_Phaonia_wahlbergi_132724_2001274425,http://creativecommons.org/licenses/by-nc-sa/4.0/
404229,3987870416,Muscidae_Drymeia_vicana_661534_3987870416,© All rights reserved
404373,3338590398,Muscidae_Hydrotaea_irritans_3070658_3338590398,http://creativecommons.org/licenses/by/4.0/
404617,3077896722,Muscidae_Coenosia_mollicula_3035009_3077896722,© all rights reserved
404710,3050160441,Muscidae_Helina_reversio_3029154_3050160441,© all rights reserved
404732,1460062005,Muscidae_Neomyia_viridescens_48372_1460062005,© all rights reserved
405448,1954680414,Muscidae_Coenosia_humilis_781734_1954680414,http://creativecommons.org/licenses/by-nc-nd/4.0/
405449,1954680414,Muscidae_Coenosia_humilis_781735_1954680414,http://creativecommons.org/licenses/by-nc-nd/4.0/
405585,2842274873,Muscidae_Mesembrina_mystacea_2295876_2842274873,http://creativecommons.org/licenses/by-nc/4.0/
406636,1968521851,Muscidae_Schoenomyza_litorella_111081_1968521851,http://creativecommons.org/licenses/by-nc-nd/4.0/
407070,1959967553,Muscidae_Eudasyphora_cyanella_1479423_1959967553,http://creativecommons.org/licenses/by-nc-sa/4.0/
407309,1957737270,Muscidae_Hydrotaea_militaris_787012_1957737270,http://creativecommons.org/licenses/by-nc-nd/4.0/
407310,1957737270,Muscidae_Hydrotaea_militaris_787013_1957737270,http://creativecommons.org/licenses/by-nc-nd/4.0/
407311,1957737270,Muscidae_Hydrotaea_militaris_787014_1957737270,http://creativecommons.org/licenses/by-nc-nd/4.0/
407975,2842535365,Muscidae_Neomyia_cornicina_2987153_2842535365,http://creativecommons.org/licenses/by-nc-nd/4.0/
408488,1966171927,Muscidae_Polietes_domitor_798967_1966171927,http://creativecommons.org/licenses/by-nc-nd/4.0/
409124,3988508682,Muscidae_Morellia_simplex_3419409_3988508682,http://creativecommons.org/licenses/by-nc/4.0/
409125,3988508682,Muscidae_Morellia_simplex_3419410_3988508682,http://creativecommons.org/licenses/by-nc/4.0/
409126,3988508682,Muscidae_Morellia_simplex_3419411_3988508682,http://creativecommons.org/licenses/by-nc/4.0/
409127,3988508682,Muscidae_Morellia_simplex_3419412_3988508682,http://creativecommons.org/licenses/by-nc/4.0/
409128,3988508682,Muscidae_Morellia_simplex_3419413_3988508682,http://creativecommons.org/licenses/by-nc/4.0/
409129,3988508682,Muscidae_Morellia_simplex_3419414_3988508682,http://creativecommons.org/licenses/by-nc/4.0/
409130,3988508682,Muscidae_Morellia_simplex_3419415_3988508682,http://creativecommons.org/licenses/by-nc/4.0/
409131,3988508682,Muscidae_Morellia_simplex_3419416_3988508682,http://creativecommons.org/licenses/by-nc/4.0/
409132,3988508682,Muscidae_Morellia_simplex_3419417_3988508682,http://creativecommons.org/licenses/by-nc/4.0/
409133,3988508682,Muscidae_Morellia_simplex_3419418_3988508682,http://creativecommons.org/licenses/by-nc/4.0/
409134,3988508682,Muscidae_Morellia_simplex_3419419_3988508682,http://creativecommons.org/licenses/by-nc/4.0/
410203,3712529533,Muscidae_Thricops_diaphanus_474632_3712529533,http://creativecommons.org/licenses/by/4.0/
410777,3988584500,Muscidae_Lispe_caesia_2039650_3988584500,http://creativecommons.org/licenses/by-nc/4.0/
410778,3988584500,Muscidae_Lispe_caesia_2039651_3988584500,http://creativecommons.org/licenses/by-nc/4.0/
410779,3988584500,Muscidae_Lispe_caesia_2039652_3988584500,http://creativecommons.org/licenses/by-nc/4.0/
410780,3988584500,Muscidae_Lispe_caesia_2039653_3988584500,http://creativecommons.org/licenses/by-nc/4.0/
410781,3988584500,Muscidae_Lispe_caesia_2039654_3988584500,http://creativecommons.org/licenses/by-nc/4.0/
410782,3988584500,Muscidae_Lispe_caesia_2039655_3988584500,http://creativecommons.org/licenses/by-nc/4.0/
410783,3988584500,Muscidae_Lispe_caesia_2039656_3988584500,http://creativecommons.org/licenses/by-nc/4.0/
410784,3988584500,Muscidae_Lispe_caesia_2039657_3988584500,http://creativecommons.org/licenses/by-nc/4.0/
410785,3988584500,Muscidae_Lispe_caesia_2039658_3988584500,http://creativecommons.org/licenses/by-nc/4.0/
410786,3988584500,Muscidae_Lispe_caesia_2039659_3988584500,http://creativecommons.org/licenses/by-nc/4.0/
410859,2988598801,Muscidae_Musca_domestica_947963_2988598801,http://creativecommons.org/licenses/by/4.0/
411705,3399180889,Muscidae_Neomyia_cornicina_329687_3399180889,http://creativecommons.org/licenses/by-nc/4.0/
412375,3391367584,Muscidae_Polietes_lardaria_325690_3391367584,http://creativecommons.org/licenses/by-nc/4.0/
413482,2603454037,Muscidae_Eudasyphora_cyanella_186329_2603454037,http://creativecommons.org/licenses/by-nc/4.0/
413984,3988515106,Muscidae_Helina_clara_2729261_3988515106,http://creativecommons.org/licenses/by-nc/4.0/
413985,3988515106,Muscidae_Helina_clara_2729262_3988515106,http://creativecommons.org/licenses/by-nc/4.0/
414741,3903236892,Muscidae_Mesembrina_mystacea_3369642_3903236892,http://creativecommons.org/licenses/by-nc/4.0/
415426,3112728051,Muscidae_Phaonia_subventa_3043197_3112728051,http://creativecommons.org/licenses/by/4.0/
415648,3456309476,Muscidae_Dasyphora_albofasciata_3219749_3456309476,http://creativecommons.org/licenses/by-nc/4.0/
415649,3456309476,Muscidae_Dasyphora_albofasciata_3219750_3456309476,http://creativecommons.org/licenses/by-nc/4.0/
416345,3337713855,Muscidae_Coenosia_tigrina_2378386_3337713855,http://creativecommons.org/licenses/by-nc/4.0/
416412,3302508456,Muscidae_Eudasyphora_cyanicolor_1669539_3302508456,http://creativecommons.org/licenses/by-nc/4.0/
416557,3355177031,Muscidae_Graphomya_maculata_2383531_3355177031,http://creativecommons.org/licenses/by/4.0/
416710,2423218834,Muscidae_Neomyia_viridescens_1536106_2423218834,http://creativecommons.org/licenses/by/4.0/
417282,3067776590,Muscidae_Phaonia_trimaculata_1652432_3067776590,http://creativecommons.org/licenses/by/4.0/
417283,3067776590,Muscidae_Phaonia_trimaculata_1652433_3067776590,http://creativecommons.org/licenses/by/4.0/
417285,3067776590,Muscidae_Phaonia_trimaculata_1652435_3067776590,http://creativecommons.org/licenses/by/4.0/
418767,3903117914,Muscidae_Coenosia_mollicula_1989313_3903117914,http://creativecommons.org/licenses/by-nc/4.0/
419016,4021154884,Muscidae_Phaonia_errans_682301_4021154884,© all rights reserved
419017,4021154884,Muscidae_Phaonia_errans_682302_4021154884,© all rights reserved
419096,1459367661,Muscidae_Neomyia_viridescens_738341_1459367661,© all rights reserved
419377,2826341395,Muscidae_Lispe_litorea_900305_2826341395,http://creativecommons.org/licenses/by-nc/4.0/
419378,2826341395,Muscidae_Lispe_litorea_900306_2826341395,http://creativecommons.org/licenses/by-nc/4.0/
419379,2826341395,Muscidae_Lispe_litorea_900307_2826341395,http://creativecommons.org/licenses/by-nc/4.0/
420520,3330672384,Muscidae_Lispe_candicans_992591_3330672384,http://creativecommons.org/licenses/by-nc/4.0/
421457,2856564091,Muscidae_Graphomya_minor_1619284_2856564091,http://creativecommons.org/licenses/by-nc/4.0/
421458,2856564091,Muscidae_Graphomya_minor_1619285_2856564091,http://creativecommons.org/licenses/by-nc/4.0/
421877,3881558320,Muscidae_Muscina_stabulans_597342_3881558320,http://creativecommons.org/licenses/by-nc/4.0/
424122,3768265382,Muscidae_Azelia_nebulosa_1927831_3768265382,© all rights reserved
424123,3768265382,Muscidae_Azelia_nebulosa_1927832_3768265382,© all rights reserved
424952,2988581730,Muscidae_Helina_clara_3016527_2988581730,http://creativecommons.org/licenses/by-nc/4.0/
424953,2988581730,Muscidae_Helina_clara_3016528_2988581730,http://creativecommons.org/licenses/by-nc/4.0/
426339,3466241542,Muscidae_Polietes_lardaria_466773_3466241542,http://creativecommons.org/licenses/by-nc/4.0/
426913,2862486462,Muscidae_Neomyia_cornicina_934059_2862486462,http://creativecommons.org/licenses/by-nc/4.0/
427824,3698226772,Muscidae_Musca_autumnalis_1162032_3698226772,http://creativecommons.org/licenses/by-nc/4.0/
428720,3058713418,Muscidae_Phaonia_rufiventris_961221_3058713418,http://creativecommons.org/licenses/by-nc/4.0/
430793,1962647923,Muscidae_Hydrotaea_ignava_1482372_1962647923,http://creativecommons.org/licenses/by-nc-nd/4.0/
430794,1962647923,Muscidae_Hydrotaea_ignava_1482373_1962647923,http://creativecommons.org/licenses/by-nc-nd/4.0/
430795,1962647923,Muscidae_Hydrotaea_ignava_1482374_1962647923,http://creativecommons.org/licenses/by-nc-nd/4.0/
430796,1962647923,Muscidae_Hydrotaea_ignava_1482375_1962647923,http://creativecommons.org/licenses/by-nc-nd/4.0/
431374,2001343489,Muscidae_Phaonia_consobrina_1511738_2001343489,http://creativecommons.org/licenses/by-nc-sa/4.0/
431377,2000823374,Muscidae_Coenosia_pumila_1511710_2000823374,http://creativecommons.org/licenses/by-nc-sa/4.0/
431398,2001510821,Muscidae_Lispe_uliginosa_2200795_2001510821,http://creativecommons.org/licenses/by-nc-sa/4.0/
431502,3985629016,Muscidae_Thricops_diaphanus_3416222_3985629016,http://creativecommons.org/licenses/by/4.0/
431503,3985629016,Muscidae_Thricops_diaphanus_3416223_3985629016,http://creativecommons.org/licenses/by/4.0/
432649,1459353731,Muscidae_Coenosia_pumila_2805805_1459353731,© all rights reserved
432666,1459906698,Muscidae_Musca_stabulans_48081_1459906698,© all rights reserved
432667,1459906698,Muscidae_Musca_stabulans_48082_1459906698,© all rights reserved
432709,1433353356,Muscidae_Morellia_podagrica_736245_1433353356,© all rights reserved
432710,1433353356,Muscidae_Morellia_podagrica_736246_1433353356,© all rights reserved
432937,1807140171,Muscidae_Musca_stabulans_2814163_1807140171,© all rights reserved
433266,3448974827,Muscidae_Helina_reversio_3213183_3448974827,http://creativecommons.org/licenses/by-sa/4.0/
433321,3447890912,Muscidae_Phaonia_kowarzii_454544_3447890912,http://creativecommons.org/licenses/by-sa/4.0/
433463,1459863728,Muscidae_Helina_annosa_739192_1459863728,© all rights reserved
433464,1459863728,Muscidae_Helina_annosa_739193_1459863728,© all rights reserved
433465,1459863728,Muscidae_Helina_annosa_739194_1459863728,© all rights reserved
435125,3822714404,Muscidae_Schoenomyza_litorella_560025_3822714404,http://creativecommons.org/licenses/by-nc-nd/4.0/
435126,3822714404,Muscidae_Schoenomyza_litorella_560026_3822714404,http://creativecommons.org/licenses/by-nc-nd/4.0/
435195,1953509716,Muscidae_Phaonia_fuscata_90319_1953509716,http://creativecommons.org/licenses/by-nc-nd/4.0/
437348,1973090302,Muscidae_Hydrotaea_cyrtoneurina_2187039_1973090302,http://creativecommons.org/licenses/by-nc-nd/4.0/
437349,1973090302,Muscidae_Hydrotaea_cyrtoneurina_2187040_1973090302,http://creativecommons.org/licenses/by-nc-nd/4.0/
437350,1973090302,Muscidae_Hydrotaea_cyrtoneurina_2187041_1973090302,http://creativecommons.org/licenses/by-nc-nd/4.0/
437351,1973090302,Muscidae_Hydrotaea_cyrtoneurina_2187042_1973090302,http://creativecommons.org/licenses/by-nc-nd/4.0/
437352,1973090302,Muscidae_Hydrotaea_cyrtoneurina_2187043_1973090302,http://creativecommons.org/licenses/by-nc-nd/4.0/
437353,1973090302,Muscidae_Hydrotaea_cyrtoneurina_2187044_1973090302,http://creativecommons.org/licenses/by-nc-nd/4.0/
437354,1973090302,Muscidae_Hydrotaea_cyrtoneurina_2187045_1973090302,http://creativecommons.org/licenses/by-nc-nd/4.0/
437355,1973090302,Muscidae_Hydrotaea_cyrtoneurina_2187046_1973090302,http://creativecommons.org/licenses/by-nc-nd/4.0/
437356,1973090302,Muscidae_Hydrotaea_cyrtoneurina_2187047_1973090302,http://creativecommons.org/licenses/by-nc-nd/4.0/
438422,1955757229,Muscidae_Polietes_domitor_2162184_1955757229,http://creativecommons.org/licenses/by-nc-nd/4.0/
438449,2844934921,Muscidae_Phaonia_trimaculata_2992401_2844934921,http://creativecommons.org/licenses/by-nc-nd/4.0/
439405,3719317335,Muscidae_Mesembrina_meridiana_2556721_3719317335,http://creativecommons.org/licenses/by-nc-nd/4.0/
439462,1957204141,Muscidae_Morellia_aenescens_95188_1957204141,http://creativecommons.org/licenses/by-nc-nd/4.0/
440226,1960904409,Muscidae_Lispe_consanguinea_2169506_1960904409,http://creativecommons.org/licenses/by-nc/4.0/
440227,1960904409,Muscidae_Lispe_consanguinea_2169507_1960904409,http://creativecommons.org/licenses/by-nc/4.0/
440228,1960904409,Muscidae_Lispe_consanguinea_2169508_1960904409,http://creativecommons.org/licenses/by-nc/4.0/
440229,1960904409,Muscidae_Lispe_consanguinea_2169509_1960904409,http://creativecommons.org/licenses/by-nc/4.0/
441169,1962958788,Muscidae_Helina_impuncta_794333_1962958788,http://creativecommons.org/licenses/by-nc-nd/4.0/
442033,2406074502,Muscidae_Thricops_innocuus_153401_2406074502,© All rights reserved
442431,1843975421,Muscidae_Phaonia_errans_2141435_1843975421,http://creativecommons.org/licenses/by-nc-sa/4.0/
442560,1822521423,Muscidae_Macrorchis_meditata_1435695_1822521423,© All rights reserved
442561,1822521423,Muscidae_Macrorchis_meditata_1435696_1822521423,© All rights reserved
442636,3979091419,Muscidae_Phaonia_villana_658228_3979091419,© All rights reserved
442675,3889967377,Muscidae_Morellia_hortorum_601726_3889967377,© All rights reserved
443255,3890041362,Muscidae_Phaonia_angelicae_1979867_3890041362,© All rights reserved
443371,1824377037,Muscidae_Phaonia_errans_747429_1824377037,© All rights reserved
444522,1960753933,Muscidae_Pyrellia_rapax_1480018_1960753933,http://creativecommons.org/licenses/by-nc-nd/4.0/
444523,1960753933,Muscidae_Pyrellia_rapax_1480019_1960753933,http://creativecommons.org/licenses/by-nc-nd/4.0/
444524,1960753933,Muscidae_Pyrellia_rapax_1480020_1960753933,http://creativecommons.org/licenses/by-nc-nd/4.0/
444671,1968731631,Muscidae_Helina_depuncta_2869865_1968731631,http://creativecommons.org/licenses/by-nc/4.0/
445762,1971985491,Muscidae_Neomyia_cornicina_2184857_1971985491,http://creativecommons.org/licenses/by-nc-nd/4.0/
446200,3903931530,Muscidae_Helina_sexmaculata_614001_3903931530,http://creativecommons.org/licenses/by-nc-nd/4.0/
447064,1968695023,Muscidae_Helina_depuncta_2179612_1968695023,http://creativecommons.org/licenses/by-nc-nd/4.0/
447121,1960836460,Muscidae_Helina_depuncta_2859338_1960836460,http://creativecommons.org/licenses/by-nc-nd/4.0/
447359,3717733102,Muscidae_Mesembrina_meridiana_2552309_3717733102,http://creativecommons.org/licenses/by-nc-nd/4.0/
448065,1972369175,Muscidae_Polietes_meridionalis_2875625_1972369175,http://creativecommons.org/licenses/by-nc/4.0/
450550,1970326978,Muscidae_Polietes_domitor_2873309_1970326978,http://creativecommons.org/licenses/by-nc-nd/4.0/
450942,3825510877,Muscidae_Helina_sexmaculata_2634171_3825510877,http://creativecommons.org/licenses/by-nc/4.0/
450945,3825510877,Muscidae_Helina_sexmaculata_2634174_3825510877,http://creativecommons.org/licenses/by-nc/4.0/
452723,1969258973,Muscidae_Phaonia_pallida_2180632_1969258973,http://creativecommons.org/licenses/by-nc-nd/4.0/
455053,1957207856,Muscidae_Limnophora_riparia_785879_1957207856,http://creativecommons.org/licenses/by-nc-nd/4.0/
455055,1957207856,Muscidae_Limnophora_riparia_785881_1957207856,http://creativecommons.org/licenses/by-nc-nd/4.0/
456279,1970534444,Muscidae_Coenosia_testacea_2183509_1970534444,http://creativecommons.org/licenses/by-nc-nd/4.0/
457017,1955479742,Muscidae_Helina_impuncta_2851302_1955479742,http://creativecommons.org/licenses/by-nc-nd/4.0/
457030,2841258442,Muscidae_Helina_depuncta_915463_2841258442,http://creativecommons.org/licenses/by-nc/4.0/
457031,2841258442,Muscidae_Helina_depuncta_915464_2841258442,http://creativecommons.org/licenses/by-nc/4.0/
457138,1963071825,Muscidae_Polietes_domitor_1482978_1963071825,http://creativecommons.org/publicdomain/zero/1.0/
457168,1956979166,Muscidae_Morellia_aenescens_94897_1956979166,http://creativecommons.org/licenses/by-nc-nd/4.0/
458045,1959150186,Muscidae_Haematobosca_stimulans_2167038_1959150186,http://creativecommons.org/licenses/by-nc-nd/4.0/
458047,1959150186,Muscidae_Haematobosca_stimulans_2167040_1959150186,http://creativecommons.org/licenses/by-nc-nd/4.0/
458048,1959150186,Muscidae_Haematobosca_stimulans_2167041_1959150186,http://creativecommons.org/licenses/by-nc-nd/4.0/
460722,1972237710,Muscidae_Helina_evecta_2185197_1972237710,http://creativecommons.org/licenses/by-nc/4.0/
461396,2248738446,Muscidae_Hydrotaea_dentipes_2896307_2248738446,http://creativecommons.org/licenses/by-nc-sa/4.0/
461403,2249141987,Muscidae_Synthesiomyia_nudiseta_2207073_2249141987,http://creativecommons.org/licenses/by/4.0/
461406,2249141987,Muscidae_Synthesiomyia_nudiseta_2207076_2249141987,http://creativecommons.org/licenses/by/4.0/
461415,2633011309,Muscidae_Mydaea_urbana_1571430_2633011309,http://creativecommons.org/licenses/by-nc-sa/4.0/
461589,1433967776,Muscidae_Coenosia_attenuata_45228_1433967776,© all rights reserved
461590,1433967776,Muscidae_Coenosia_attenuata_45229_1433967776,© all rights reserved
461591,1433967776,Muscidae_Coenosia_attenuata_45230_1433967776,© all rights reserved
461665,3433910862,Muscidae_Coenosia_mollicula_1717100_3433910862,© all rights reserved
461690,1587055523,Muscidae_Helina_punctata_1430730_1587055523,(c) Field Museum of Natural History - CC BY-NC 4.0
461691,1587055523,Muscidae_Helina_punctata_1430731_1587055523,(c) Field Museum of Natural History - CC BY-NC 4.0
461692,1587055523,Muscidae_Helina_punctata_1430732_1587055523,(c) Field Museum of Natural History - CC BY-NC 4.0
461693,1587055523,Muscidae_Helina_punctata_1430733_1587055523,(c) Field Museum of Natural History - CC BY-NC 4.0
462383,4009831309,Muscidae_Phaonia_trimaculata_1364936_4009831309,http://creativecommons.org/licenses/by-nc/4.0/
462912,3456099197,Muscidae_Dasyphora_albofasciata_460301_3456099197,http://creativecommons.org/licenses/by-nc/4.0/
462913,3456099197,Muscidae_Dasyphora_albofasciata_460302_3456099197,http://creativecommons.org/licenses/by-nc/4.0/
463457,1899760444,Muscidae_Coenosia_atra_2151754_1899760444,http://creativecommons.org/licenses/by-nc/4.0/
463692,3881481433,Muscidae_Muscina_stabulans_597030_3881481433,http://creativecommons.org/licenses/by/4.0/
463844,2574142309,Muscidae_Eudasyphora_cyanella_2940779_2574142309,http://creativecommons.org/licenses/by-nc/4.0/
465791,2542778860,Muscidae_Musca_domestica_2235278_2542778860,
465922,1847098928,Muscidae_Coenosia_humilis_1456385_1847098928,
466513,1959158098,Muscidae_Morellia_hortorum_2167046_1959158098,http://creativecommons.org/licenses/by-nc-nd/4.0/
467144,1958672925,Muscidae_Muscina_prolapsa_1477245_1958672925,http://creativecommons.org/licenses/by-nc-nd/4.0/
467607,1963071821,Muscidae_Polietes_domitor_2172143_1963071821,http://creativecommons.org/publicdomain/zero/1.0/
468259,2844790603,Muscidae_Limnophora_maculosa_923726_2844790603,http://creativecommons.org/licenses/by-nc-nd/4.0/
468260,2844790603,Muscidae_Limnophora_maculosa_923727_2844790603,http://creativecommons.org/licenses/by-nc-nd/4.0/
468261,2844790603,Muscidae_Limnophora_maculosa_923728_2844790603,http://creativecommons.org/licenses/by-nc-nd/4.0/
468263,2844790603,Muscidae_Limnophora_maculosa_923730_2844790603,http://creativecommons.org/licenses/by-nc-nd/4.0/
468264,2844790603,Muscidae_Limnophora_maculosa_923731_2844790603,http://creativecommons.org/licenses/by-nc-nd/4.0/
469887,2834507262,Muscidae_Phaonia_tuguriorum_905784_2834507262,http://creativecommons.org/licenses/by-nc/4.0/
470384,1953337415,Muscidae_Phaonia_mystica_89996_1953337415,http://creativecommons.org/licenses/by-nc-nd/4.0/
470385,1953337415,Muscidae_Phaonia_mystica_89997_1953337415,http://creativecommons.org/licenses/by-nc-nd/4.0/
470632,1958376684,Muscidae_Haematobosca_stimulans_97765_1958376684,http://creativecommons.org/licenses/by-nc-nd/4.0/
471382,1968302233,Muscidae_Phaonia_halterata_801523_1968302233,http://creativecommons.org/licenses/by-nc-nd/4.0/
471383,1968302233,Muscidae_Phaonia_halterata_801524_1968302233,http://creativecommons.org/licenses/by-nc-nd/4.0/
471384,1968302233,Muscidae_Phaonia_halterata_801525_1968302233,http://creativecommons.org/licenses/by-nc-nd/4.0/
471676,3825378169,Muscidae_Coenosia_atra_3324391_3825378169,http://creativecommons.org/licenses/by-nc-nd/4.0/
471866,1961575168,Muscidae_Limnophora_tigrina_1481472_1961575168,http://creativecommons.org/licenses/by-nc-nd/4.0/
471947,1959407672,Muscidae_Limnophora_tigrina_2167426_1959407672,http://creativecommons.org/licenses/by-nc-nd/4.0/
472017,1959082249,Muscidae_Azelia_cilipes_1477636_1959082249,http://creativecommons.org/licenses/by-nc-nd/4.0/
472018,1959082249,Muscidae_Azelia_cilipes_1477637_1959082249,http://creativecommons.org/licenses/by-nc-nd/4.0/
472019,1959082249,Muscidae_Azelia_cilipes_1477638_1959082249,http://creativecommons.org/licenses/by-nc-nd/4.0/
472020,1959082249,Muscidae_Azelia_cilipes_1477639_1959082249,http://creativecommons.org/licenses/by-nc-nd/4.0/
473259,1957204310,Muscidae_Limnophora_triangula_2163690_1957204310,http://creativecommons.org/licenses/by-nc-nd/4.0/
473260,1957204310,Muscidae_Limnophora_triangula_2163691_1957204310,http://creativecommons.org/licenses/by-nc-nd/4.0/
473261,1957204310,Muscidae_Limnophora_triangula_2163692_1957204310,http://creativecommons.org/licenses/by-nc-nd/4.0/
475947,2576343877,Muscidae_Eudasyphora_cyanella_873348_2576343877,http://creativecommons.org/licenses/by-nc/4.0/
475954,2576343877,Muscidae_Eudasyphora_cyanella_873355_2576343877,http://creativecommons.org/licenses/by-nc/4.0/
476178,2465105471,Muscidae_Dasyphora_albofasciata_2922959_2465105471,http://creativecommons.org/licenses/by-nc-sa/4.0/
476239,1948773651,Muscidae_Polietes_meridionalis_2154974_1948773651,http://creativecommons.org/licenses/by-nc/4.0/
476271,3947443978,Muscidae_Musca_osiris_2718713_3947443978,http://creativecommons.org/licenses/by-nc/4.0/
476447,2573824391,Muscidae_Mesembrina_resplendens_872180_2573824391,http://creativecommons.org/licenses/by-nc/4.0/
476620,3090838931,Muscidae_Muscina_levida_969494_3090838931,http://creativecommons.org/licenses/by-nc/4.0/
476971,3963229912,Muscidae_Muscina_stabulans_2032868_3963229912,http://creativecommons.org/licenses/by-nc/4.0/
477366,3499517430,Muscidae_Muscina_pascuorum_2539813_3499517430,http://creativecommons.org/licenses/by/4.0/
477367,3499517430,Muscidae_Muscina_pascuorum_2539814_3499517430,http://creativecommons.org/licenses/by/4.0/
477369,3499517430,Muscidae_Muscina_pascuorum_2539816_3499517430,http://creativecommons.org/licenses/by/4.0/
477372,2963777894,Muscidae_Stomoxys_calcitrans_941935_2963777894,http://creativecommons.org/licenses/by-nc/4.0/
479860,2883069330,Muscidae_Stomoxys_calcitrans_1627167_2883069330,http://creativecommons.org/licenses/by-nc/4.0/
480282,3773161748,Muscidae_Limnophora_obsignata_1240429_3773161748,http://creativecommons.org/licenses/by-nc/4.0/
480283,3773161748,Muscidae_Limnophora_obsignata_1240430_3773161748,http://creativecommons.org/licenses/by-nc/4.0/
480424,3090622856,Muscidae_Pyrellia_vivida_2347015_3090622856,http://creativecommons.org/licenses/by-nc/4.0/
481133,3705492360,Muscidae_Phaonia_tuguriorum_473480_3705492360,http://creativecommons.org/licenses/by-nc/4.0/
481679,3090565808,Muscidae_Pyrellia_vivida_968532_3090565808,http://creativecommons.org/licenses/by-nc/4.0/
481807,2580132703,Muscidae_Eudasyphora_zimini_184012_2580132703,http://creativecommons.org/licenses/by/4.0/
483368,3442493542,Muscidae_Helina_setiventris_3154722_3442493542,http://creativecommons.org/licenses/by-sa/4.0/
483370,2251609477,Muscidae_Spilogona_baltica_2901295_2251609477,http://creativecommons.org/licenses/by-nc/4.0/
483379,2248739829,Muscidae_Hydrotaea_ignava_137958_2248739829,http://creativecommons.org/licenses/by-nc-sa/4.0/
484518,2840562830,Muscidae_Hydrotaea_diabolus_2982795_2840562830,http://creativecommons.org/licenses/by-nc/4.0/
484938,1975925224,Muscidae_Hydrotaea_ignava_1501356_1975925224,http://creativecommons.org/licenses/by-nc-nd/4.0/
485346,2833847046,Muscidae_Neomyia_cornicina_1592070_2833847046,http://creativecommons.org/licenses/by-nc-nd/4.0/
487778,1967249279,Muscidae_Limnophora_tigrina_2178705_1967249279,http://creativecommons.org/licenses/by-nc-nd/4.0/
488101,1954842921,Muscidae_Helina_reversio_2849685_1954842921,http://creativecommons.org/licenses/by-nc-nd/4.0/
488991,1955474941,Muscidae_Hebecnema_nigricolor_93020_1955474941,http://creativecommons.org/licenses/by-nc-nd/4.0/
490438,1970724101,Muscidae_Phaonia_fuscata_2874039_1970724101,http://creativecommons.org/licenses/by-nc-nd/4.0/
491698,1966177983,Muscidae_Eudasyphora_cyanicolor_2866874_1966177983,http://creativecommons.org/licenses/by-nc/4.0/
493829,2842075378,Muscidae_Coenosia_atra_1606319_2842075378,http://creativecommons.org/licenses/by-nc-nd/4.0/
494094,1958179277,Muscidae_Mydaea_urbana_2855770_1958179277,http://creativecommons.org/licenses/by-nc-nd/4.0/
494095,1958179277,Muscidae_Mydaea_urbana_2855771_1958179277,http://creativecommons.org/licenses/by-nc-nd/4.0/
495387,2841769649,Muscidae_Musca_domestica_1605351_2841769649,http://creativecommons.org/licenses/by-nc-nd/4.0/
496179,1958681044,Muscidae_Musca_autumnalis_2856480_1958681044,http://creativecommons.org/licenses/by-nc/4.0/
498445,3970221312,Muscidae_Caricea_spuria_658191_3970221312,© All rights reserved
498462,1823691871,Muscidae_Hebecnema_nigricolor_2125163_1823691871,© All rights reserved
498463,1823691871,Muscidae_Hebecnema_nigricolor_2125164_1823691871,© All rights reserved
498464,1823691871,Muscidae_Hebecnema_nigricolor_2125165_1823691871,© All rights reserved
498650,3816703340,Muscidae_Thricops_longipes_2626069_3816703340,© All rights reserved
498651,3816703340,Muscidae_Thricops_longipes_2626070_3816703340,© All rights reserved
498652,3816703340,Muscidae_Thricops_longipes_2626071_3816703340,© All rights reserved
498653,3816703340,Muscidae_Thricops_longipes_2626072_3816703340,© All rights reserved
498849,2402133436,Muscidae_Mydaea_corni_2911015_2402133436,© All rights reserved
499094,3327120454,Muscidae_Hydrotaea_irritans_2367409_3327120454,http://creativecommons.org/licenses/by/4.0/
499095,3327120454,Muscidae_Hydrotaea_irritans_2367410_3327120454,http://creativecommons.org/licenses/by/4.0/
499096,3327120454,Muscidae_Hydrotaea_irritans_2367411_3327120454,http://creativecommons.org/licenses/by/4.0/
499294,1460323310,Muscidae_Spilogona_denigrata_2807597_1460323310,© all rights reserved
499295,1460323310,Muscidae_Spilogona_denigrata_2807598_1460323310,© all rights reserved
499437,1459827091,Muscidae_Muscina_prolapsa_2806595_1459827091,© all rights reserved
500171,1891208113,Muscidae_Phaonia_angelicae_2841147_1891208113,© all rights reserved
502774,3903350520,Muscidae_Musca_autumnalis_3370200_3903350520,http://creativecommons.org/licenses/by-nc/4.0/
504051,3455207905,Muscidae_Morellia_aenescens_1834665_3455207905,http://creativecommons.org/licenses/by-nc/4.0/
504325,2269210893,Muscidae_Neomyia_cornicina_144260_2269210893,http://creativecommons.org/licenses/by-nc/4.0/
504685,3859914565,Muscidae_Coenosia_tigrina_1961574_3859914565,http://creativecommons.org/licenses/by-sa/4.0/
504854,1460457551,Muscidae_Eudasyphora_zimini_2807874_1460457551,© all rights reserved
505877,1458513776,Muscidae_Graphomya_maculata_2115771_1458513776,© all rights reserved
506340,3050325556,Muscidae_Coenosia_albicornis_3029189_3050325556,© all rights reserved
506341,3050325556,Muscidae_Coenosia_albicornis_3029190_3050325556,© all rights reserved
506704,1432860780,Muscidae_Hebecnema_nigra_2803605_1432860780,© all rights reserved
506705,1432860780,Muscidae_Hebecnema_nigra_2803606_1432860780,© all rights reserved
506735,2593523799,Muscidae_Caricea_alma_874436_2593523799,© all rights reserved
507075,1427683850,Muscidae_Stomoxys_calcitrans_1423655_1427683850,© all rights reserved
507332,1433292157,Muscidae_Caricea_pallipalpis_1424982_1433292157,© all rights reserved
507333,1433292157,Muscidae_Caricea_pallipalpis_1424983_1433292157,© all rights reserved
507334,1433292157,Muscidae_Caricea_pallipalpis_1424984_1433292157,© all rights reserved
507335,1433292157,Muscidae_Caricea_pallipalpis_1424985_1433292157,© all rights reserved
507336,1433292157,Muscidae_Caricea_pallipalpis_1424986_1433292157,© all rights reserved
507412,1458471233,Muscidae_Limnophora_tigrina_2805175_1458471233,© all rights reserved
507496,932325383,Muscidae_Phaonia_pallida_3447257_932325383,© all rights reserved
507517,1459411234,Muscidae_Phaonia_errans_1426993_1459411234,© all rights reserved
507575,1433135657,Muscidae_Muscina_pascuorum_2114300_1433135657,© all rights reserved
507686,1459353027,Muscidae_Haematobia_irritans_1426900_1459353027,© all rights reserved
507985,3431977557,Muscidae_Coenosia_distinguens_1716052_3431977557,© all rights reserved
508144,2001461192,Muscidae_Mydaea_humeralis_2891100_2001461192,http://creativecommons.org/licenses/by-nc-sa/4.0/
508151,2002642774,Muscidae_Coenosia_mollicula_2891119_2002642774,http://creativecommons.org/licenses/by-nc-sa/4.0/
508153,2001461112,Muscidae_Mydaea_ancilla_823122_2001461112,http://creativecommons.org/licenses/by-nc-sa/4.0/
508154,2000846548,Muscidae_Phaonia_meigeni_132712_2000846548,http://creativecommons.org/licenses/by-nc-sa/4.0/
508159,1460246977,Muscidae_Musca_autumnalis_1428473_1460246977,© all rights reserved
508197,3079079466,Muscidae_Eudasyphora_zimini_3035103_3079079466,© all rights reserved
509858,2465320804,Muscidae_Helina_latitarsis_2232664_2465320804,http://creativecommons.org/licenses/by-nc-sa/4.0/
509967,3747023495,Muscidae_Phaonia_trimaculata_3300598_3747023495,http://creativecommons.org/licenses/by/4.0/
511702,3902826557,Muscidae_Graphomya_maculata_3367603_3902826557,http://creativecommons.org/licenses/by-nc/4.0/
512654,2596363498,Muscidae_Eudasyphora_cyanella_875279_2596363498,http://creativecommons.org/licenses/by-nc/4.0/
512973,3902758509,Muscidae_Synthesiomyia_nudiseta_609283_3902758509,http://creativecommons.org/licenses/by-nc/4.0/
513583,2579331930,Muscidae_Muscina_prolapsa_2251536_2579331930,http://creativecommons.org/licenses/by/4.0/
513686,2862360534,Muscidae_Pyrellia_rapax_1621921_2862360534,http://creativecommons.org/licenses/by-nc/4.0/
514918,3070285940,Muscidae_Eudasyphora_cyanella_274957_3070285940,http://creativecommons.org/licenses/by/4.0/
514996,2856759032,Muscidae_Lispe_kowarzi_2309793_2856759032,http://creativecommons.org/licenses/by-nc/4.0/
517011,3881745391,Muscidae_Muscina_stabulans_1287280_3881745391,http://creativecommons.org/licenses/by-nc/4.0/
517801,3061625440,Muscidae_Phaonia_subventa_1651249_3061625440,http://creativecommons.org/licenses/by/4.0/
518281,2626127897,Muscidae_Hydrotaea_diabolus_189726_2626127897,http://creativecommons.org/licenses/by-nc/4.0/
518282,2626127897,Muscidae_Hydrotaea_diabolus_189727_2626127897,http://creativecommons.org/licenses/by-nc/4.0/
518283,2626127897,Muscidae_Hydrotaea_diabolus_189728_2626127897,http://creativecommons.org/licenses/by-nc/4.0/
519748,1453117948,Muscidae_Potamia_littoralis_45555_1453117948,http://creativecommons.org/licenses/by-nc/4.0/
520089,3455766512,Muscidae_Musca_domestica_1148392_3455766512,http://creativecommons.org/licenses/by-nc/4.0/
520158,2620110944,Muscidae_Coenosia_agromyzina_189018_2620110944,http://creativecommons.org/licenses/by/4.0/
521544,3455392122,Muscidae_Muscina_levida_2525149_3455392122,http://creativecommons.org/licenses/by-nc/4.0/
522938,3117792517,Muscidae_Dasyphora_albofasciata_976533_3117792517,http://creativecommons.org/licenses/by/4.0/
522939,3117792517,Muscidae_Dasyphora_albofasciata_976534_3117792517,http://creativecommons.org/licenses/by/4.0/
523886,2596269477,Muscidae_Helina_evecta_2252591_2596269477,http://creativecommons.org/licenses/by-nc/4.0/
524893,3764499359,Muscidae_Musca_osiris_3307074_3764499359,http://creativecommons.org/licenses/by-nc/4.0/
525809,3456847859,Muscidae_Muscina_prolapsa_1153378_3456847859,http://creativecommons.org/licenses/by-nc/4.0/
526199,4015112740,Muscidae_Stomoxys_calcitrans_1368450_4015112740,http://creativecommons.org/licenses/by-nc/4.0/
527189,1957204285,Muscidae_Phaonia_angelicae_2853533_1957204285,http://creativecommons.org/licenses/by-nc-nd/4.0/
528923,3825273259,Muscidae_Achanthiptera_rohrelliformis_2633175_3825273259,http://creativecommons.org/licenses/by-nc-nd/4.0/
532300,2611208372,Muscidae_Coenosia_testacea_1567204_2611208372,http://creativecommons.org/licenses/by/4.0/
532301,2611208372,Muscidae_Coenosia_testacea_1567205_2611208372,http://creativecommons.org/licenses/by/4.0/
532302,2611208372,Muscidae_Coenosia_testacea_1567206_2611208372,http://creativecommons.org/licenses/by/4.0/
532303,2611208372,Muscidae_Coenosia_testacea_1567207_2611208372,http://creativecommons.org/licenses/by/4.0/
532304,2611208372,Muscidae_Coenosia_testacea_1567208_2611208372,http://creativecommons.org/licenses/by/4.0/
532305,2611208372,Muscidae_Coenosia_testacea_1567209_2611208372,http://creativecommons.org/licenses/by/4.0/
533361,3090618638,Muscidae_Muscina_levida_968819_3090618638,http://creativecommons.org/licenses/by-nc/4.0/
533365,3090618638,Muscidae_Muscina_levida_968823_3090618638,http://creativecommons.org/licenses/by-nc/4.0/
533922,3455948118,Muscidae_Thricops_nigrifrons_459643_3455948118,http://creativecommons.org/licenses/by-nc/4.0/
533923,3455948118,Muscidae_Thricops_nigrifrons_459644_3455948118,http://creativecommons.org/licenses/by-nc/4.0/
533924,3455948118,Muscidae_Thricops_nigrifrons_459645_3455948118,http://creativecommons.org/licenses/by-nc/4.0/
533925,3455948118,Muscidae_Thricops_nigrifrons_459646_3455948118,http://creativecommons.org/licenses/by-nc/4.0/
533926,3455948118,Muscidae_Thricops_nigrifrons_459647_3455948118,http://creativecommons.org/licenses/by-nc/4.0/
534165,2573964621,Muscidae_Muscina_stabulans_1561119_2573964621,http://creativecommons.org/licenses/by/4.0/
537721,1453265342,Muscidae_Limnophora_obsignata_1425612_1453265342,http://creativecommons.org/licenses/by-nc-sa/4.0/
537787,2641510424,Muscidae_Phaonia_tuguriorum_1579007_2641510424,http://creativecommons.org/licenses/by-nc/4.0/
538225,4022223255,Muscidae_Helina_sexmaculata_683471_4022223255,http://creativecommons.org/licenses/by/4.0/
538226,4022223255,Muscidae_Helina_sexmaculata_683472_4022223255,http://creativecommons.org/licenses/by/4.0/
538702,2397467097,Muscidae_Morellia_podagrica_1529553_2397467097,http://creativecommons.org/licenses/by-nc/4.0/
540573,3881354942,Muscidae_Coenosia_mollicula_3354960_3881354942,http://creativecommons.org/licenses/by-nc/4.0/
541433,3456255268,Muscidae_Polietes_lardaria_2529256_3456255268,http://creativecommons.org/licenses/by-nc/4.0/
542359,3061746516,Muscidae_Lispocephala_brachialis_273001_3061746516,http://creativecommons.org/licenses/by/4.0/
543349,3499648424,Muscidae_Muscina_pascuorum_1161301_3499648424,http://creativecommons.org/licenses/by/4.0/
544332,3058804950,Muscidae_Coenosia_mollicula_2339600_3058804950,http://creativecommons.org/licenses/by-nc/4.0/
545102,3456909143,Muscidae_Coenosia_agromyzina_1153631_3456909143,http://creativecommons.org/licenses/by-nc/4.0/
545512,3872932397,Muscidae_Achanthiptera_rohrelliformis_1277385_3872932397,http://creativecommons.org/licenses/by-nc/4.0/
545841,3986108370,Muscidae_Musca_osiris_660878_3986108370,http://creativecommons.org/licenses/by-nc/4.0/
545842,3986108370,Muscidae_Musca_osiris_660879_3986108370,http://creativecommons.org/licenses/by-nc/4.0/
546248,2901576547,Muscidae_Mesembrina_mystacea_3009368_2901576547,http://creativecommons.org/licenses/by-nc/4.0/
546429,3903412988,Muscidae_Thricops_simplex_1301357_3903412988,http://creativecommons.org/licenses/by/4.0/
546430,3903412988,Muscidae_Thricops_simplex_1301358_3903412988,http://creativecommons.org/licenses/by/4.0/
546431,3903412988,Muscidae_Thricops_simplex_1301359_3903412988,http://creativecommons.org/licenses/by/4.0/
546609,3923523739,Muscidae_Phaonia_pallida_646206_3923523739,http://creativecommons.org/licenses/by-nc/4.0/
547019,3785086370,Muscidae_Coenosia_testacea_3314095_3785086370,http://creativecommons.org/licenses/by-sa/4.0/
547020,3785086370,Muscidae_Coenosia_testacea_3314096_3785086370,http://creativecommons.org/licenses/by-sa/4.0/
547740,2813884888,Muscidae_Thricops_nigrifrons_2271865_2813884888,http://creativecommons.org/licenses/by/4.0/
548640,3302485679,Muscidae_Musca_tempestiva_2359510_3302485679,http://creativecommons.org/licenses/by-nc/4.0/
550139,3061658497,Muscidae_Lispocephala_brachialis_272763_3061658497,http://creativecommons.org/licenses/by/4.0/
551711,3873431476,Muscidae_Limnophora_obsignata_3349337_3873431476,http://creativecommons.org/licenses/by-nc/4.0/
552254,3090852962,Muscidae_Muscina_stabulans_969557_3090852962,http://creativecommons.org/licenses/by-nc/4.0/
552255,3090852962,Muscidae_Muscina_stabulans_969558_3090852962,http://creativecommons.org/licenses/by-nc/4.0/
552832,3772550973,Muscidae_Musca_osiris_1928458_3772550973,http://creativecommons.org/licenses/by-nc/4.0/
554382,3772456316,Muscidae_Stomoxys_calcitrans_2617410_3772456316,http://creativecommons.org/licenses/by-nc/4.0/
554803,3499373344,Muscidae_Muscina_pascuorum_1850493_3499373344,http://creativecommons.org/licenses/by/4.0/
555492,3456667561,Muscidae_Coenosia_agromyzina_1152570_3456667561,http://creativecommons.org/licenses/by-nc/4.0/
555863,2634570869,Muscidae_Neomyia_cornicina_2956666_2634570869,http://creativecommons.org/licenses/by-nc/4.0/
555935,2596399333,Muscidae_Neomyia_viridescens_2252807_2596399333,http://creativecommons.org/licenses/by-nc/4.0/
556595,3337750623,Muscidae_Thricops_semicinereus_1688665_3337750623,http://creativecommons.org/publicdomain/zero/1.0/
556607,2460159400,Muscidae_Stomoxys_calcitrans_2922715_2460159400,http://creativecommons.org/licenses/by-nc/4.0/
556825,3090722831,Muscidae_Pyrellia_vivida_1657665_3090722831,http://creativecommons.org/licenses/by-nc/4.0/
556826,3090722831,Muscidae_Pyrellia_vivida_1657666_3090722831,http://creativecommons.org/licenses/by-nc/4.0/
557273,3456073403,Muscidae_Pyrellia_rapax_1839373_3456073403,http://creativecommons.org/licenses/by-nc/4.0/
557274,3456073403,Muscidae_Pyrellia_rapax_1839374_3456073403,http://creativecommons.org/licenses/by-nc/4.0/
557961,4018138354,Muscidae_Phaonia_mediterranea_680936_4018138354,http://creativecommons.org/licenses/by-nc/4.0/
559702,3988753586,Muscidae_Phaonia_mediterranea_3420243_3988753586,http://creativecommons.org/licenses/by-nc/4.0/
560320,3455319744,Muscidae_Phaonia_trimaculata_1835599_3455319744,http://creativecommons.org/licenses/by/4.0/
560321,3455319744,Muscidae_Phaonia_trimaculata_1835600_3455319744,http://creativecommons.org/licenses/by/4.0/
560555,3456312462,Muscidae_Limnophora_maculosa_2529517_3456312462,http://creativecommons.org/licenses/by-nc/4.0/
561785,3455159865,Muscidae_Dasyphora_pratorum_2523369_3455159865,http://creativecommons.org/licenses/by-nc/4.0/
563084,3915434412,Muscidae_Limnophora_maculosa_1328007_3915434412,http://creativecommons.org/licenses/by/4.0/
563681,3994254024,Muscidae_Muscina_stabulans_1352481_3994254024,http://creativecommons.org/licenses/by-nc-nd/4.0/
563953,3455160723,Muscidae_Thricops_semicinereus_2523376_3455160723,http://creativecommons.org/licenses/by-nc/4.0/
564785,3384887798,Muscidae_Achanthiptera_rohrelliformis_3082128_3384887798,http://creativecommons.org/licenses/by-nc/4.0/
565632,3759227223,Muscidae_Lispocephala_brachialis_544417_3759227223,http://creativecommons.org/licenses/by-nc/4.0/
566801,3466011379,Muscidae_Thricops_simplex_2534319_3466011379,http://creativecommons.org/licenses/by/4.0/
566803,3466011379,Muscidae_Thricops_simplex_2534321_3466011379,http://creativecommons.org/licenses/by/4.0/
566807,3408033045,Muscidae_Helina_evecta_1021270_3408033045,http://creativecommons.org/licenses/by/4.0/
566929,2862513481,Muscidae_Helina_evecta_2312296_2862513481,http://creativecommons.org/licenses/by-nc/4.0/
567126,3499609379,Muscidae_Muscina_pascuorum_1851148_3499609379,http://creativecommons.org/licenses/by/4.0/
568739,3112365523,Muscidae_Coenosia_agromyzina_283888_3112365523,http://creativecommons.org/licenses/by/4.0/
570095,2813874221,Muscidae_Hydrotaea_diabolus_2271811_2813874221,http://creativecommons.org/licenses/by-nc/4.0/
570662,2465210981,Muscidae_Mydaea_corni_1543691_2465210981,http://creativecommons.org/licenses/by-nc/4.0/
571061,2864843306,Muscidae_Myospila_meditabunda_3003845_2864843306,http://creativecommons.org/licenses/by-nc/4.0/
571062,2864843306,Muscidae_Myospila_meditabunda_3003846_2864843306,http://creativecommons.org/licenses/by-nc/4.0/
571488,2999143730,Muscidae_Mesembrina_meridiana_949498_2999143730,http://creativecommons.org/licenses/by-nc-nd/4.0/
572258,3058684677,Muscidae_Coenosia_agromyzina_270985_3058684677,http://creativecommons.org/licenses/by-nc/4.0/
572261,3058684677,Muscidae_Coenosia_agromyzina_270988_3058684677,http://creativecommons.org/licenses/by-nc/4.0/
573066,2429369917,Muscidae_Hydrotaea_diabolus_848309_2429369917,http://creativecommons.org/licenses/by/4.0/
573800,4014880954,Muscidae_Phaonia_pallida_2056994_4014880954,http://creativecommons.org/licenses/by-nc/4.0/
573858,3070715545,Muscidae_Eudasyphora_cyanella_3034858_3070715545,http://creativecommons.org/licenses/by-nc/4.0/
574090,3858577581,Muscidae_Eudasyphora_cyanicolor_3335673_3858577581,http://creativecommons.org/licenses/by-nc/4.0/
574092,3858577581,Muscidae_Eudasyphora_cyanicolor_3335675_3858577581,http://creativecommons.org/licenses/by-nc/4.0/
574289,3112565564,Muscidae_Muscina_stabulans_1662763_3112565564,http://creativecommons.org/licenses/by-nc/4.0/
575087,2465082660,Muscidae_Coenosia_attenuata_2232118_2465082660,http://creativecommons.org/licenses/by/4.0/
576733,3712730705,Muscidae_Limnophora_obsignata_475183_3712730705,http://creativecommons.org/licenses/by-nc/4.0/
578261,3118294552,Muscidae_Musca_tempestiva_2355122_3118294552,http://creativecommons.org/licenses/by/4.0/
578262,3118294552,Muscidae_Musca_tempestiva_2355123_3118294552,http://creativecommons.org/licenses/by/4.0/
578263,3118294552,Muscidae_Musca_tempestiva_2355124_3118294552,http://creativecommons.org/licenses/by/4.0/
578451,2465162479,Muscidae_Helina_sexmaculata_164541_2465162479,http://creativecommons.org/licenses/by/4.0/
579724,3456834947,Muscidae_Mesembrina_resplendens_463455_3456834947,http://creativecommons.org/licenses/by/4.0/
579725,3456834947,Muscidae_Mesembrina_resplendens_463456_3456834947,http://creativecommons.org/licenses/by/4.0/
579726,3456834947,Muscidae_Mesembrina_resplendens_463457_3456834947,http://creativecommons.org/licenses/by/4.0/
579926,3881363338,Muscidae_Phaonia_pallida_2663999_3881363338,http://creativecommons.org/licenses/by-nc/4.0/
580088,3456542629,Muscidae_Mydaea_corni_2530566_3456542629,http://creativecommons.org/licenses/by-nc/4.0/
581777,1802621981,Muscidae_Coenosia_tigrina_2123629_1802621981,http://creativecommons.org/licenses/by-nc/4.0/
581957,3456462037,Muscidae_Coenosia_atra_1841112_3456462037,http://creativecommons.org/licenses/by/4.0/
583375,2580248499,Muscidae_Helina_evecta_184141_2580248499,http://creativecommons.org/licenses/by-nc/4.0/
583635,3018085504,Muscidae_Musca_autumnalis_2332090_3018085504,http://creativecommons.org/licenses/by-nc/4.0/
584911,2626318709,Muscidae_Muscina_prolapsa_2948655_2626318709,http://creativecommons.org/licenses/by-nc/4.0/
586308,3858186203,Muscidae_Pyrellia_vivida_1264166_3858186203,http://creativecommons.org/licenses/by-nc/4.0/
587385,3773194352,Muscidae_Stomoxys_calcitrans_2619202_3773194352,http://creativecommons.org/licenses/by-nc-sa/4.0/
587648,2447941423,Muscidae_Musca_domestica_2921421_2447941423,http://creativecommons.org/licenses/by-nc/4.0/
588595,2626278692,Muscidae_Thricops_longipes_190271_2626278692,http://creativecommons.org/licenses/by/4.0/
588754,2873768470,Muscidae_Eudasyphora_cyanicolor_937440_2873768470,http://creativecommons.org/licenses/by-nc/4.0/
588979,2596125182,Muscidae_Eudasyphora_cyanella_1563638_2596125182,http://creativecommons.org/licenses/by-nc/4.0/
589372,3712551802,Muscidae_Eudasyphora_cyanicolor_3233239_3712551802,http://creativecommons.org/licenses/by-nc/4.0/
589464,3090538921,Muscidae_Eudasyphora_cyanicolor_1657020_3090538921,http://creativecommons.org/licenses/by-nc/4.0/
589671,2311344526,Muscidae_Synthesiomyia_nudiseta_2906640_2311344526,http://creativecommons.org/licenses/by-nc/4.0/
590994,3058988160,Muscidae_Lispocephala_brachialis_3030237_3058988160,http://creativecommons.org/licenses/by-nc/4.0/
591866,2013698842,Muscidae_Muscina_stabulans_2891991_2013698842,http://creativecommons.org/licenses/by/4.0/
592179,3892590829,Muscidae_Phaonia_pallida_2670942_3892590829,http://creativecommons.org/licenses/by-nc/4.0/
593797,3858414316,Muscidae_Pyrellia_rapax_576223_3858414316,http://creativecommons.org/licenses/by-nc/4.0/
593799,3858414316,Muscidae_Pyrellia_rapax_576225_3858414316,http://creativecommons.org/licenses/by-nc/4.0/
594389,3343773397,Muscidae_Thricops_semicinereus_3071082_3343773397,http://creativecommons.org/licenses/by-nc/4.0/
594390,3343773397,Muscidae_Thricops_semicinereus_3071083_3343773397,http://creativecommons.org/licenses/by-nc/4.0/
594931,2603416712,Muscidae_Helina_evecta_2253959_2603416712,http://creativecommons.org/licenses/by/4.0/
595236,2423260124,Muscidae_Phaonia_angelicae_847342_2423260124,http://creativecommons.org/licenses/by-nc/4.0/
595464,3456781697,Muscidae_Helina_clara_2531633_3456781697,http://creativecommons.org/licenses/by-nc/4.0/
595465,3456781697,Muscidae_Helina_clara_2531634_3456781697,http://creativecommons.org/licenses/by-nc/4.0/
596588,1841192625,Muscidae_Musca_domestica_763429_1841192625,http://creativecommons.org/publicdomain/zero/1.0/
596697,1836637734,Muscidae_Haematobia_irritans_2140083_1836637734,http://creativecommons.org/licenses/by/4.0/
596977,2862491497,Muscidae_Helina_protuberans_243886_2862491497,http://creativecommons.org/licenses/by-nc/4.0/
596978,2862491497,Muscidae_Helina_protuberans_243887_2862491497,http://creativecommons.org/licenses/by-nc/4.0/
597364,2864684911,Muscidae_Mesembrina_resplendens_3003313_2864684911,http://creativecommons.org/licenses/by-nc/4.0/
597401,3018058564,Muscidae_Musca_osiris_3022129_3018058564,http://creativecommons.org/licenses/by-nc/4.0/
598637,2963770447,Muscidae_Graphomya_minor_2320217_2963770447,http://creativecommons.org/licenses/by-nc/4.0/
599729,2465083173,Muscidae_Phaonia_fuscata_2232121_2465083173,http://creativecommons.org/licenses/by-nc-sa/4.0/
599903,2465240350,Muscidae_Azelia_nebulosa_164711_2465240350,http://creativecommons.org/licenses/by/4.0/
599904,2465240350,Muscidae_Azelia_nebulosa_164712_2465240350,http://creativecommons.org/licenses/by/4.0/
599905,2465240350,Muscidae_Azelia_nebulosa_164713_2465240350,http://creativecommons.org/licenses/by/4.0/
600957,2465161264,Muscidae_Lispe_nana_854836_2465161264,http://creativecommons.org/licenses/by-nc/4.0/
601140,3985654508,Muscidae_Phaonia_mediterranea_2726278_3985654508,http://creativecommons.org/licenses/by-nc/4.0/
602393,2269329659,Muscidae_Schoenomyza_litorella_835140_2269329659,http://creativecommons.org/licenses/by-sa/4.0/
602832,3344040380,Muscidae_Thricops_semicinereus_3072201_3344040380,http://creativecommons.org/licenses/by/4.0/
604844,2465208207,Muscidae_Dasyphora_albofasciata_164651_2465208207,http://creativecommons.org/licenses/by-nc-sa/4.0/
604973,2006057816,Muscidae_Neomyia_cornicina_1512104_2006057816,http://creativecommons.org/licenses/by-nc/4.0/
605794,3307504580,Muscidae_Mesembrina_mystacea_293232_3307504580,http://creativecommons.org/licenses/by-nc/4.0/
605799,2603308232,Muscidae_Neomyia_viridescens_186052_2603308232,http://creativecommons.org/licenses/by/4.0/
606285,3860190370,Muscidae_Eudasyphora_cyanicolor_1962766_3860190370,http://creativecommons.org/licenses/by-nc/4.0/
607144,2573838438,Muscidae_Graphomya_maculata_2249738_2573838438,http://creativecommons.org/licenses/by-nc/4.0/
608460,2626149586,Muscidae_Stomoxys_calcitrans_2948079_2626149586,http://creativecommons.org/licenses/by/4.0/
609155,3090563103,Muscidae_Eudasyphora_cyanicolor_1657122_3090563103,http://creativecommons.org/licenses/by/4.0/
609318,3784983140,Muscidae_Neomyia_cornicina_1934022_3784983140,http://creativecommons.org/licenses/by-nc/4.0/
609719,2429239023,Muscidae_Musca_domestica_157699_2429239023,http://creativecommons.org/licenses/by-nc/4.0/
610190,3067836900,Muscidae_Myospila_meditabunda_3032404_3067836900,http://creativecommons.org/licenses/by-nc/4.0/
610571,3698121471,Muscidae_Musca_domestica_1161702_3698121471,http://creativecommons.org/licenses/by-nc/4.0/
610771,3859617680,Muscidae_Polietes_lardaria_581955_3859617680,http://creativecommons.org/licenses/by-nc/4.0/
611568,3772614379,Muscidae_Polietes_lardaria_2617824_3772614379,http://creativecommons.org/licenses/by-nc/4.0/
612090,2883037378,Muscidae_Coenosia_attenuata_3007163_2883037378,http://creativecommons.org/licenses/by-nc/4.0/
612829,3902235685,Muscidae_Coenosia_tigrina_606223_3902235685,http://creativecommons.org/licenses/by/4.0/
613958,2641320604,Muscidae_Synthesiomyia_nudiseta_889209_2641320604,http://creativecommons.org/licenses/by-nc/4.0/
614294,2540897746,Muscidae_Synthesiomyia_nudiseta_2925208_2540897746,http://creativecommons.org/licenses/by-nc/4.0/
614783,4011491651,Muscidae_Lispocephala_brachialis_3434958_4011491651,http://creativecommons.org/licenses/by/4.0/
615741,3986151840,Muscidae_Phaonia_mediterranea_660973_3986151840,http://creativecommons.org/licenses/by-nc/4.0/
615742,3986151840,Muscidae_Phaonia_mediterranea_660974_3986151840,http://creativecommons.org/licenses/by-nc/4.0/
616241,3325833469,Muscidae_Phaonia_rufiventris_988873_3325833469,http://creativecommons.org/licenses/by-nc/4.0/
616985,3068076504,Muscidae_Limnophora_obsignata_964600_3068076504,http://creativecommons.org/licenses/by-nc/4.0/
617708,2234735952,Muscidae_Musca_domestica_2202428_2234735952,http://creativecommons.org/licenses/by-nc/4.0/
620392,3109007074,Muscidae_Phaonia_errans_282787_3109007074,http://creativecommons.org/licenses/by/4.0/
620393,3109007074,Muscidae_Phaonia_errans_282788_3109007074,http://creativecommons.org/licenses/by/4.0/
622044,2574263784,Muscidae_Lispocephala_brachialis_182881_2574263784,http://creativecommons.org/licenses/by/4.0/
622079,3859869244,Muscidae_Musca_osiris_583084_3859869244,http://creativecommons.org/licenses/by-nc/4.0/
622281,2626524966,Muscidae_Limnophora_maculosa_2258740_2626524966,http://creativecommons.org/licenses/by/4.0/
622283,2626524966,Muscidae_Limnophora_maculosa_2258742_2626524966,http://creativecommons.org/licenses/by/4.0/
622284,2626524966,Muscidae_Limnophora_maculosa_2258743_2626524966,http://creativecommons.org/licenses/by/4.0/
622711,3947576714,Muscidae_Mesembrina_resplendens_2719238_3947576714,http://creativecommons.org/licenses/by/4.0/
622712,3947576714,Muscidae_Mesembrina_resplendens_2719239_3947576714,http://creativecommons.org/licenses/by/4.0/
622713,3947576714,Muscidae_Mesembrina_resplendens_2719240_3947576714,http://creativecommons.org/licenses/by/4.0/
623165,2984453383,Muscidae_Limnophora_obsignata_256578_2984453383,http://creativecommons.org/licenses/by-nc/4.0/
623949,1836675194,Muscidae_Coenosia_attenuata_71311_1836675194,http://creativecommons.org/licenses/by/4.0/
624407,2611044199,Muscidae_Coenosia_agromyzina_1566876_2611044199,http://creativecommons.org/licenses/by/4.0/
624587,3039183739,Muscidae_Helina_sexmaculata_1646585_3039183739,http://creativecommons.org/licenses/by-nc/4.0/
624588,3039183739,Muscidae_Helina_sexmaculata_1646586_3039183739,http://creativecommons.org/licenses/by-nc/4.0/
624803,2579339703,Muscidae_Eudasyphora_zimini_2941908_2579339703,http://creativecommons.org/licenses/by/4.0/
624804,2579339703,Muscidae_Eudasyphora_zimini_2941909_2579339703,http://creativecommons.org/licenses/by/4.0/
624805,2579339703,Muscidae_Eudasyphora_zimini_2941910_2579339703,http://creativecommons.org/licenses/by/4.0/
624806,2579339703,Muscidae_Eudasyphora_zimini_2941911_2579339703,http://creativecommons.org/licenses/by/4.0/
625063,3090569931,Muscidae_Muscina_levida_1657162_3090569931,http://creativecommons.org/licenses/by-nc/4.0/
625755,1883971980,Muscidae_Musca_sorbens_81475_1883971980,http://creativecommons.org/licenses/by-nc/4.0/
625756,1883971980,Muscidae_Musca_sorbens_81476_1883971980,http://creativecommons.org/licenses/by-nc/4.0/
626625,2465100245,Muscidae_Helina_clara_2232191_2465100245,http://creativecommons.org/licenses/by-nc-sa/4.0/
627493,3008549596,Muscidae_Stomoxys_calcitrans_1639762_3008549596,http://creativecommons.org/licenses/by-nc/4.0/
627907,2580136466,Muscidae_Muscina_levida_184030_2580136466,http://creativecommons.org/licenses/by-nc/4.0/
627908,2580136466,Muscidae_Muscina_levida_184031_2580136466,http://creativecommons.org/licenses/by-nc/4.0/
629766,3321204015,Muscidae_Thricops_cunctans_1675353_3321204015,http://creativecommons.org/licenses/by-nc/4.0/
631404,2851302597,Muscidae_Eudasyphora_cyanicolor_2998652_2851302597,http://creativecommons.org/licenses/by/4.0/
631572,3090723991,Muscidae_Muscina_pascuorum_278918_3090723991,http://creativecommons.org/licenses/by-nc/4.0/
631873,3961357611,Muscidae_Thricops_diaphanus_2722075_3961357611,http://creativecommons.org/licenses/by-nc/4.0/
632589,2529412038,Muscidae_Morellia_simplex_2924947_2529412038,http://creativecommons.org/licenses/by-nc/4.0/
632590,2529412038,Muscidae_Morellia_simplex_2924948_2529412038,http://creativecommons.org/licenses/by-nc/4.0/
632849,3743301498,Muscidae_Coenosia_tigrina_542160_3743301498,http://creativecommons.org/licenses/by-nc/4.0/
633416,2626237518,Muscidae_Mesembrina_meridiana_1569316_2626237518,http://creativecommons.org/licenses/by-nc/4.0/
633704,2251608751,Muscidae_Spilogona_baltica_2210877_2251608751,http://creativecommons.org/licenses/by-nc/4.0/
633714,2633374955,Muscidae_Haematobia_irritans_884163_2633374955,http://creativecommons.org/licenses/by-nc-sa/4.0/
633715,2248737947,Muscidae_Hydrotaea_dentipes_2896301_2248737947,http://creativecommons.org/licenses/by-nc-sa/4.0/
634369,1883072560,Muscidae_Graphomya_maculata_770953_1883072560,© All rights reserved
635919,3859829513,Muscidae_Eudasyphora_cyanella_582890_3859829513,http://creativecommons.org/licenses/by-nc/4.0/
635943,2823278006,Muscidae_Musca_domestica_2967033_2823278006,http://creativecommons.org/licenses/by-nc/4.0/
636451,3070373651,Muscidae_Muscina_prolapsa_1654091_3070373651,http://creativecommons.org/licenses/by-nc/4.0/
637399,2641294500,Muscidae_Phaonia_subventa_889104_2641294500,http://creativecommons.org/licenses/by-nc/4.0/
637989,3090533603,Muscidae_Morellia_aenescens_3036901_3090533603,http://creativecommons.org/licenses/by-nc/4.0/
638547,3893899629,Muscidae_Mesembrina_mystacea_1293051_3893899629,© all rights reserved
638686,2835649151,Muscidae_Limnophora_triangula_2284836_2835649151,http://creativecommons.org/licenses/by-nc-nd/4.0/
638687,2835649151,Muscidae_Limnophora_triangula_2284837_2835649151,http://creativecommons.org/licenses/by-nc-nd/4.0/
638762,3722263256,Muscidae_Graphomya_maculata_1880887_3722263256,http://creativecommons.org/licenses/by-nc-nd/4.0/
639220,2845116532,Muscidae_Neomyia_cornicina_1613123_2845116532,http://creativecommons.org/licenses/by-nc-nd/4.0/
639799,3822566282,Muscidae_Schoenomyza_litorella_3317431_3822566282,http://creativecommons.org/licenses/by-nc-nd/4.0/
639966,1955959852,Muscidae_Caricea_alma_2852546_1955959852,http://creativecommons.org/licenses/by-nc-nd/4.0/
641313,1972961768,Muscidae_Helina_sexmaculata_118256_1972961768,http://creativecommons.org/licenses/by-nc-nd/4.0/
641700,3906046455,Muscidae_Atherigona_varia_2694515_3906046455,http://creativecommons.org/licenses/by-nc-nd/4.0/
641701,3906046455,Muscidae_Atherigona_varia_2694516_3906046455,http://creativecommons.org/licenses/by-nc-nd/4.0/
641814,1970879772,Muscidae_Phaonia_fuscata_2874364_1970879772,http://creativecommons.org/licenses/by-nc-nd/4.0/
643458,3303224782,Muscidae_Muscina_prolapsa_1669830_3303224782,© All rights reserved
643484,3856117236,Muscidae_Thricops_cunctans_1949984_3856117236,http://creativecommons.org/licenses/by-nc-sa/4.0/
643617,2001241917,Muscidae_Thricops_cunctans_132721_2001241917,http://creativecommons.org/licenses/by-nc-sa/4.0/
643621,2001304031,Muscidae_Coenosia_bilineella_1511735_2001304031,http://creativecommons.org/licenses/by-nc-sa/4.0/
643622,2001239478,Muscidae_Spilogona_contractifrons_2891081_2001239478,http://creativecommons.org/licenses/by-nc-sa/4.0/
643628,2001060609,Muscidae_Coenosia_rufipalpis_1511720_2001060609,http://creativecommons.org/licenses/by-nc-sa/4.0/
643748,3886477444,Muscidae_Thricops_semicinereus_1288043_3886477444,© All rights reserved
644277,3424266339,Muscidae_Morellia_hortorum_1025682_3424266339,© All rights reserved
644278,3424266339,Muscidae_Morellia_hortorum_1025683_3424266339,© All rights reserved
644279,3424266339,Muscidae_Morellia_hortorum_1025684_3424266339,© All rights reserved
645425,3889062434,Muscidae_Musca_tempestiva_600818_3889062434,http://creativecommons.org/licenses/by-nc/4.0/
646536,3784809303,Muscidae_Coenosia_attenuata_555513_3784809303,http://creativecommons.org/licenses/by-nc/4.0/
647067,3785004341,Muscidae_Coenosia_attenuata_1934084_3785004341,http://creativecommons.org/licenses/by-nc/4.0/
647281,2248737636,Muscidae_Muscina_prolapsa_2896296_2248737636,http://creativecommons.org/licenses/by-nc-sa/4.0/
647293,2251609049,Muscidae_Lispe_uliginosa_2901288_2251609049,http://creativecommons.org/licenses/by-nc/4.0/
647297,1414075679,Muscidae_Caricea_erythrocera_2788351_1414075679,http://creativecommons.org/licenses/by-nc-sa/4.0/
647665,3820028369,Muscidae_Drymeia_vicana_3316513_3820028369,© All rights reserved
647666,3820028369,Muscidae_Drymeia_vicana_3316514_3820028369,© All rights reserved
647667,3820028369,Muscidae_Drymeia_vicana_3316515_3820028369,© All rights reserved
648126,2468115319,Muscidae_Neomyia_viridescens_855292_2468115319,© All rights reserved
648199,2401738243,Muscidae_Thricops_diaphanus_152460_2401738243,© All rights reserved
648746,2560753474,Muscidae_Lispe_pectinipes_1552053_2560753474,
648822,2560755075,Muscidae_Lispe_pectinipes_863587_2560755075,
648863,2560755029,Muscidae_Lispe_pectinipes_173311_2560755029,
648864,2560753176,Muscidae_Caricea_alma_863372_2560753176,
648882,3337046318,Muscidae_Musca_sorbens_998357_3337046318,
648883,3337046318,Muscidae_Musca_sorbens_998358_3337046318,
648946,2560754470,Muscidae_Lispe_pectinipes_2931572_2560754470,
648985,2560757577,Muscidae_Caricea_erythrocera_173653_2560757577,
649000,3337055335,Muscidae_Haematobia_irritans_308290_3337055335,
649001,3337055335,Muscidae_Haematobia_irritans_308291_3337055335,
649038,3337054319,Muscidae_Musca_sorbens_998371_3337054319,
649039,3337054319,Muscidae_Musca_sorbens_998372_3337054319,
649061,2560752855,Muscidae_Lispe_pectinipes_2931416_2560752855,
649062,2560756373,Muscidae_Caricea_erythrocera_2241307_2560756373,
649103,2560756469,Muscidae_Caricea_erythrocera_2931840_2560756469,
649160,3337049333,Muscidae_Haematobia_irritans_998363_3337049333,
649161,3337049333,Muscidae_Haematobia_irritans_998364_3337049333,
649238,3337056318,Muscidae_Musca_sorbens_1686843_3337056318,
649239,3337056318,Muscidae_Musca_sorbens_1686844_3337056318,
649301,2560751840,Muscidae_Lispe_pectinipes_1552001_2560751840,
649338,2560752740,Muscidae_Lispe_pectinipes_1552012_2560752740,
649339,2560754416,Muscidae_Caricea_erythrocera_2931564_2560754416,
649453,2560754533,Muscidae_Lispe_pectinipes_2931582_2560754533,
649454,2560755537,Muscidae_Caricea_alma_2931727_2560755537,
649464,3337052318,Muscidae_Musca_sorbens_2376670_3337052318,
649465,3337052318,Muscidae_Musca_sorbens_2376671_3337052318,
649488,2560753901,Muscidae_Lispe_pectinipes_1552092_2560753901,
649503,3337048329,Muscidae_Haematobia_irritans_308284_3337048329,
649504,3337048329,Muscidae_Haematobia_irritans_308285_3337048329,
651880,1970490762,Muscidae_Polietes_domitor_1494073_1970490762,http://creativecommons.org/licenses/by-nc-nd/4.0/
652398,1957191248,Muscidae_Polietes_lardaria_2163674_1957191248,http://creativecommons.org/licenses/by-nc-nd/4.0/
652635,3726675870,Muscidae_Mesembrina_meridiana_3272817_3726675870,http://creativecommons.org/licenses/by-nc-nd/4.0/
652691,1956656669,Muscidae_Azelia_triquetra_94605_1956656669,http://creativecommons.org/licenses/by-nc-nd/4.0/
652692,1956656669,Muscidae_Azelia_triquetra_94606_1956656669,http://creativecommons.org/licenses/by-nc-nd/4.0/
653207,1959088173,Muscidae_Haematobosca_stimulans_2856837_1959088173,http://creativecommons.org/licenses/by-nc-nd/4.0/
653208,1959088173,Muscidae_Haematobosca_stimulans_2856838_1959088173,http://creativecommons.org/licenses/by-nc-nd/4.0/
653589,3995984996,Muscidae_Mesembrina_meridiana_2045709_3995984996,http://creativecommons.org/licenses/by-nc-nd/4.0/
653898,2398358281,Muscidae_Polietes_lardaria_1530477_2398358281,© All rights reserved
655255,3307280482,Muscidae_Helina_clara_1670753_3307280482,http://creativecommons.org/licenses/by-nc/4.0/
655256,3307280482,Muscidae_Helina_clara_1670754_3307280482,http://creativecommons.org/licenses/by-nc/4.0/
656086,3018017819,Muscidae_Musca_domestica_1641889_3018017819,http://creativecommons.org/licenses/by-nc/4.0/
656522,1945476371,Muscidae_Mydaea_lateritia_1465584_1945476371,http://creativecommons.org/licenses/by-nc/4.0/
656637,2465083162,Muscidae_Eudasyphora_cyanicolor_854575_2465083162,http://creativecommons.org/licenses/by-nc-sa/4.0/
656892,3067778516,Muscidae_Neomyia_cornicina_1652441_3067778516,http://creativecommons.org/licenses/by/4.0/
657109,3458602186,Muscidae_Limnophora_scrupulosa_1844244_3458602186,http://creativecommons.org/licenses/by/4.0/
657110,3458602186,Muscidae_Limnophora_scrupulosa_1844245_3458602186,http://creativecommons.org/licenses/by/4.0/
657111,3458602186,Muscidae_Limnophora_scrupulosa_1844246_3458602186,http://creativecommons.org/licenses/by/4.0/
657112,3458602301,Muscidae_Lispe_assimilis_1154581_3458602301,http://creativecommons.org/licenses/by/4.0/
657113,3458602301,Muscidae_Lispe_assimilis_1154582_3458602301,http://creativecommons.org/licenses/by/4.0/
657114,3458602301,Muscidae_Lispe_assimilis_1154583_3458602301,http://creativecommons.org/licenses/by/4.0/
657116,3458603659,Muscidae_Limnophora_sinuata_2533233_3458603659,http://creativecommons.org/licenses/by/4.0/
657117,3458603659,Muscidae_Limnophora_sinuata_2533234_3458603659,http://creativecommons.org/licenses/by/4.0/
657118,3458603659,Muscidae_Limnophora_sinuata_2533235_3458603659,http://creativecommons.org/licenses/by/4.0/
657137,3458607152,Muscidae_Azelia_nebulosa_464717_3458607152,http://creativecommons.org/licenses/by/4.0/
657138,3458607152,Muscidae_Azelia_nebulosa_464718_3458607152,http://creativecommons.org/licenses/by/4.0/
657139,3458607152,Muscidae_Azelia_nebulosa_464719_3458607152,http://creativecommons.org/licenses/by/4.0/
657140,3458607309,Muscidae_Lispe_assimilis_3223332_3458607309,http://creativecommons.org/licenses/by/4.0/
657141,3458607309,Muscidae_Lispe_assimilis_3223333_3458607309,http://creativecommons.org/licenses/by/4.0/
657142,3458607309,Muscidae_Lispe_assimilis_3223334_3458607309,http://creativecommons.org/licenses/by/4.0/
657160,3458610756,Muscidae_Limnospila_albifrons_3223348_3458610756,http://creativecommons.org/licenses/by/4.0/
657161,3458610756,Muscidae_Limnospila_albifrons_3223349_3458610756,http://creativecommons.org/licenses/by/4.0/
657162,3458610756,Muscidae_Limnospila_albifrons_3223350_3458610756,http://creativecommons.org/licenses/by/4.0/
657203,3458615348,Muscidae_Azelia_cilipes_1154655_3458615348,http://creativecommons.org/licenses/by/4.0/
657204,3458615348,Muscidae_Azelia_cilipes_1154656_3458615348,http://creativecommons.org/licenses/by/4.0/
657208,3458616762,Muscidae_Phaonia_hennigi_1844329_3458616762,http://creativecommons.org/licenses/by/4.0/
657209,3458616762,Muscidae_Phaonia_hennigi_1844330_3458616762,http://creativecommons.org/licenses/by/4.0/
657210,3458616762,Muscidae_Phaonia_hennigi_1844331_3458616762,http://creativecommons.org/licenses/by/4.0/
657211,3458617162,Muscidae_Orchisia_costata_1844335_3458617162,http://creativecommons.org/licenses/by/4.0/
657212,3458617162,Muscidae_Orchisia_costata_1844336_3458617162,http://creativecommons.org/licenses/by/4.0/
657213,3458617162,Muscidae_Orchisia_costata_1844337_3458617162,http://creativecommons.org/licenses/by/4.0/
657220,3458620244,Muscidae_Musca_sorbens_1844358_3458620244,http://creativecommons.org/licenses/by/4.0/
657221,3458620244,Muscidae_Musca_sorbens_1844359_3458620244,http://creativecommons.org/licenses/by/4.0/
657222,3458620244,Muscidae_Musca_sorbens_1844360_3458620244,http://creativecommons.org/licenses/by/4.0/
657257,3458627715,Muscidae_Musca_sorbens_1844402_3458627715,http://creativecommons.org/licenses/by/4.0/
657258,3458627715,Muscidae_Musca_sorbens_1844403_3458627715,http://creativecommons.org/licenses/by/4.0/
657259,3458627715,Muscidae_Musca_sorbens_1844404_3458627715,http://creativecommons.org/licenses/by/4.0/
657267,3458631620,Muscidae_Hydrotaea_lundbecki_1844450_3458631620,http://creativecommons.org/licenses/by/4.0/
657268,3458631620,Muscidae_Hydrotaea_lundbecki_1844451_3458631620,http://creativecommons.org/licenses/by/4.0/
657269,3458631620,Muscidae_Hydrotaea_lundbecki_1844452_3458631620,http://creativecommons.org/licenses/by/4.0/
657270,3458631971,Muscidae_Coenosia_lyneborgi_1154738_3458631971,http://creativecommons.org/licenses/by/4.0/
657271,3458631971,Muscidae_Coenosia_lyneborgi_1154739_3458631971,http://creativecommons.org/licenses/by/4.0/
657272,3458631971,Muscidae_Coenosia_lyneborgi_1154740_3458631971,http://creativecommons.org/licenses/by/4.0/
657357,3458649938,Muscidae_Lispe_pygmaea_2533475_3458649938,http://creativecommons.org/licenses/by/4.0/
657358,3458649938,Muscidae_Lispe_pygmaea_2533476_3458649938,http://creativecommons.org/licenses/by/4.0/
657359,3458649938,Muscidae_Lispe_pygmaea_2533477_3458649938,http://creativecommons.org/licenses/by/4.0/
657360,3458650270,Muscidae_Helina_czernyi_3223572_3458650270,http://creativecommons.org/licenses/by/4.0/
657361,3458650270,Muscidae_Helina_czernyi_3223573_3458650270,http://creativecommons.org/licenses/by/4.0/
657362,3458650270,Muscidae_Helina_czernyi_3223574_3458650270,http://creativecommons.org/licenses/by/4.0/
657395,3458656167,Muscidae_Musca_sorbens_465021_3458656167,http://creativecommons.org/licenses/by/4.0/
657425,3458661375,Muscidae_Lispe_assimilis_1844629_3458661375,http://creativecommons.org/licenses/by/4.0/
657426,3458661520,Muscidae_Helina_nevadannosa_3223653_3458661520,http://creativecommons.org/licenses/by/4.0/
657427,3458661520,Muscidae_Helina_nevadannosa_3223654_3458661520,http://creativecommons.org/licenses/by/4.0/
657428,3458661520,Muscidae_Helina_nevadannosa_3223655_3458661520,http://creativecommons.org/licenses/by/4.0/
657442,3458662987,Muscidae_Lispe_assimilis_1844634_3458662987,http://creativecommons.org/licenses/by/4.0/
657443,3458662987,Muscidae_Lispe_assimilis_1844635_3458662987,http://creativecommons.org/licenses/by/4.0/
657444,3458662987,Muscidae_Lispe_assimilis_1844636_3458662987,http://creativecommons.org/licenses/by/4.0/
657445,3458663008,Muscidae_Lispe_orientalis_1844637_3458663008,http://creativecommons.org/licenses/by/4.0/
657446,3458663008,Muscidae_Lispe_orientalis_1844638_3458663008,http://creativecommons.org/licenses/by/4.0/
657447,3458663008,Muscidae_Lispe_orientalis_1844639_3458663008,http://creativecommons.org/licenses/by/4.0/
657500,3458675641,Muscidae_Helina_vockerothi_2533639_3458675641,http://creativecommons.org/licenses/by/4.0/
657501,3458675641,Muscidae_Helina_vockerothi_2533640_3458675641,http://creativecommons.org/licenses/by/4.0/
657502,3458675641,Muscidae_Helina_vockerothi_2533641_3458675641,http://creativecommons.org/licenses/by/4.0/
657542,3458684105,Muscidae_Polietes_steinii_2533704_3458684105,http://creativecommons.org/licenses/by/4.0/
657543,3458684105,Muscidae_Polietes_steinii_2533705_3458684105,http://creativecommons.org/licenses/by/4.0/
657544,3458684105,Muscidae_Polietes_steinii_2533706_3458684105,http://creativecommons.org/licenses/by/4.0/
658717,2868295468,Muscidae_Limnophora_obsignata_246412_2868295468,http://creativecommons.org/licenses/by-nc/4.0/
660612,1964127035,Muscidae_Mesembrina_meridiana_2172597_1964127035,http://creativecommons.org/licenses/by-nc-nd/4.0/
662429,1960453908,Muscidae_Phaonia_tuguriorum_791369_1960453908,http://creativecommons.org/licenses/by-nc-nd/4.0/
663032,3727176827,Muscidae_Schoenomyza_litorella_516738_3727176827,http://creativecommons.org/licenses/by-nc-nd/4.0/
663656,1957104856,Muscidae_Phaonia_palpata_1474249_1957104856,http://creativecommons.org/licenses/by-nc-nd/4.0/
664650,1899768855,Muscidae_Mesembrina_mystacea_1462554_1899768855,http://creativecommons.org/licenses/by-nc/4.0/
665760,3773205387,Muscidae_Stomoxys_calcitrans_3309779_3773205387,http://creativecommons.org/licenses/by-nc/4.0/
666773,1972576359,Muscidae_Limnophora_triangula_2185751_1972576359,http://creativecommons.org/licenses/by-nc-nd/4.0/
666774,1972576359,Muscidae_Limnophora_triangula_2185752_1972576359,http://creativecommons.org/licenses/by-nc-nd/4.0/
669422,2833603062,Muscidae_Phaonia_tuguriorum_212204_2833603062,http://creativecommons.org/licenses/by-nc-nd/4.0/
669509,1972067334,Muscidae_Thricops_diaphanus_807262_1972067334,http://creativecommons.org/licenses/by-nc-nd/4.0/
669792,1962397583,Muscidae_Helina_impuncta_793624_1962397583,http://creativecommons.org/licenses/by-nc-nd/4.0/
671258,1977214521,Muscidae_Phaonia_serva_1504205_1977214521,http://creativecommons.org/licenses/by-nc-nd/4.0/
671259,1977214521,Muscidae_Phaonia_serva_1504206_1977214521,http://creativecommons.org/licenses/by-nc-nd/4.0/
671368,1960838776,Muscidae_Polietes_meridionalis_791599_1960838776,http://creativecommons.org/licenses/by-nc-nd/4.0/
671743,1968512788,Muscidae_Neomyia_cornicina_2869591_1968512788,http://creativecommons.org/licenses/by-nc/4.0/
672012,1959425602,Muscidae_Morellia_aenescens_789584_1959425602,http://creativecommons.org/licenses/by-nc-nd/4.0/
672628,1957555706,Muscidae_Phaonia_palpata_2164435_1957555706,http://creativecommons.org/licenses/by-nc-nd/4.0/
672629,1957555706,Muscidae_Phaonia_palpata_2164436_1957555706,http://creativecommons.org/licenses/by-nc-nd/4.0/
672630,1957555706,Muscidae_Phaonia_palpata_2164437_1957555706,http://creativecommons.org/licenses/by-nc-nd/4.0/
672631,1957555706,Muscidae_Phaonia_palpata_2164438_1957555706,http://creativecommons.org/licenses/by-nc-nd/4.0/
673221,1958489202,Muscidae_Caricea_alma_788540_1958489202,http://creativecommons.org/licenses/by-nc-nd/4.0/
673559,1957191696,Muscidae_Phaonia_tuguriorum_95180_1957191696,http://creativecommons.org/licenses/by-nc-nd/4.0/
673940,3996886996,Muscidae_Mydaea_corni_3429252_3996886996,http://creativecommons.org/licenses/by-nc-nd/4.0/
674511,3012756301,Muscidae_Phaonia_trimaculata_2329759_3012756301,© all rights reserved
674732,2840885501,Muscidae_Lispe_consanguinea_1603459_2840885501,http://creativecommons.org/licenses/by-nc-nd/4.0/
674733,2840885501,Muscidae_Lispe_consanguinea_1603460_2840885501,http://creativecommons.org/licenses/by-nc-nd/4.0/
674734,2840885501,Muscidae_Lispe_consanguinea_1603461_2840885501,http://creativecommons.org/licenses/by-nc-nd/4.0/
674735,2840885501,Muscidae_Lispe_consanguinea_1603462_2840885501,http://creativecommons.org/licenses/by-nc-nd/4.0/
675524,1968407828,Muscidae_Neomyia_cornicina_1490152_1968407828,http://creativecommons.org/licenses/by-nc/4.0/
676795,2835612734,Muscidae_Phaonia_subventa_216763_2835612734,http://creativecommons.org/licenses/by-nc/4.0/
676909,3049207301,Muscidae_Neomyia_viridescens_960748_3049207301,© all rights reserved
678399,1458606398,Muscidae_Thricops_nigrifrons_737818_1458606398,© all rights reserved
678423,3084639306,Muscidae_Coenosia_attenuata_1656881_3084639306,© all rights reserved
678424,3084639306,Muscidae_Coenosia_attenuata_1656882_3084639306,© all rights reserved
678426,3084639306,Muscidae_Coenosia_attenuata_1656884_3084639306,© all rights reserved
678506,2633135336,Muscidae_Hydrotaea_ignava_2951279_2633135336,http://creativecommons.org/licenses/by-nc-sa/4.0/
678514,2633742314,Muscidae_Potamia_littoralis_2954749_2633742314,http://creativecommons.org/licenses/by-nc-sa/4.0/
678569,1474247220,Muscidae_Coenosia_mollicula_1429486_1474247220,© all rights reserved
679591,4018573905,Muscidae_Mesembrina_mystacea_682134_4018573905,http://creativecommons.org/licenses/by-nc/4.0/
679628,3499624370,Muscidae_Muscina_pascuorum_471605_3499624370,http://creativecommons.org/licenses/by/4.0/
681462,2641305349,Muscidae_Synthesiomyia_nudiseta_198905_2641305349,http://creativecommons.org/licenses/by-nc/4.0/
681463,2641305349,Muscidae_Synthesiomyia_nudiseta_198906_2641305349,http://creativecommons.org/licenses/by-nc/4.0/
682023,2409937680,Muscidae_Phaonia_rufiventris_154325_2409937680,http://creativecommons.org/licenses/by-nc-sa/4.0/
682591,3723888989,Muscidae_Thricops_diaphanus_1197388_3723888989,http://creativecommons.org/licenses/by-nc-nd/4.0/
682874,1969293797,Muscidae_Lispe_pygmaea_803121_1969293797,http://creativecommons.org/licenses/by-nc-nd/4.0/
682875,1969293797,Muscidae_Lispe_pygmaea_803122_1969293797,http://creativecommons.org/licenses/by-nc-nd/4.0/
686463,1959773388,Muscidae_Morellia_aenescens_2168242_1959773388,http://creativecommons.org/licenses/by-nc-nd/4.0/
686693,2882935854,Muscidae_Graphomya_minor_3006791_2882935854,http://creativecommons.org/licenses/by-nc/4.0/
686694,2882935854,Muscidae_Graphomya_minor_3006792_2882935854,http://creativecommons.org/licenses/by-nc/4.0/
687163,3455962965,Muscidae_Musca_autumnalis_1149285_3455962965,http://creativecommons.org/licenses/by/4.0/
687489,2992736552,Muscidae_Mesembrina_mystacea_258707_2992736552,http://creativecommons.org/licenses/by-nc/4.0/
688428,3988448962,Muscidae_Hydrotaea_diabolus_2728936_3988448962,http://creativecommons.org/licenses/by-nc/4.0/
691071,1836640236,Muscidae_Helina_clara_2830007_1836640236,http://creativecommons.org/licenses/by-nc/4.0/
691072,1836640236,Muscidae_Helina_clara_2830008_1836640236,http://creativecommons.org/licenses/by-nc/4.0/
691073,1836640236,Muscidae_Helina_clara_2830009_1836640236,http://creativecommons.org/licenses/by-nc/4.0/
691175,3994077787,Muscidae_Musca_vitripennis_663422_3994077787,http://creativecommons.org/licenses/by-nc/4.0/
691176,3994077787,Muscidae_Musca_vitripennis_663423_3994077787,http://creativecommons.org/licenses/by-nc/4.0/
691878,3705447434,Muscidae_Phaonia_pallida_1852905_3705447434,http://creativecommons.org/licenses/by-nc/4.0/
691972,2850553366,Muscidae_Haematobosca_alcis_2304347_2850553366,http://creativecommons.org/licenses/by/4.0/
691973,2850553366,Muscidae_Haematobosca_alcis_2304348_2850553366,http://creativecommons.org/licenses/by/4.0/
692004,3860116153,Muscidae_Eudasyphora_cyanella_3342738_3860116153,http://creativecommons.org/licenses/by-nc/4.0/
692088,3384161563,Muscidae_Coenosia_tigrina_3078666_3384161563,http://creativecommons.org/licenses/by-nc/4.0/
692091,3384161563,Muscidae_Coenosia_tigrina_3078669_3384161563,http://creativecommons.org/licenses/by-nc/4.0/
692215,2001413524,Muscidae_Morellia_podagrica_132736_2001413524,http://creativecommons.org/licenses/by-nc-sa/4.0/
692983,1958277534,Muscidae_Polietes_domitor_2855905_1958277534,http://creativecommons.org/licenses/by-nc-nd/4.0/
694856,3705770787,Muscidae_Eudasyphora_cyanella_1853464_3705770787,http://creativecommons.org/licenses/by/4.0/
695757,3773075313,Muscidae_Mesembrina_meridiana_2618974_3773075313,http://creativecommons.org/licenses/by-nc/4.0/
696163,3456059121,Muscidae_Musca_autumnalis_2528244_3456059121,http://creativecommons.org/licenses/by-nc-nd/4.0/
697181,3743056602,Muscidae_Caricea_alma_1920001_3743056602,http://creativecommons.org/licenses/by-nc/4.0/
697559,3902092403,Muscidae_Synthesiomyia_nudiseta_3363630_3902092403,http://creativecommons.org/licenses/by/4.0/
697560,3902092403,Muscidae_Synthesiomyia_nudiseta_3363631_3902092403,http://creativecommons.org/licenses/by/4.0/
697564,3902092403,Muscidae_Synthesiomyia_nudiseta_3363635_3902092403,http://creativecommons.org/licenses/by/4.0/
697566,3902092403,Muscidae_Synthesiomyia_nudiseta_3363637_3902092403,http://creativecommons.org/licenses/by/4.0/
697567,3902092403,Muscidae_Synthesiomyia_nudiseta_3363638_3902092403,http://creativecommons.org/licenses/by/4.0/
697864,3112462005,Muscidae_Polietes_lardaria_2352156_3112462005,http://creativecommons.org/licenses/by-nc/4.0/
697935,3398668584,Muscidae_Coenosia_tigrina_1705894_3398668584,http://creativecommons.org/licenses/by/4.0/
698059,3705399881,Muscidae_Limnophora_obsignata_3231744_3705399881,http://creativecommons.org/licenses/by-nc/4.0/
698061,3705399881,Muscidae_Limnophora_obsignata_3231746_3705399881,http://creativecommons.org/licenses/by-nc/4.0/
698062,3705399881,Muscidae_Limnophora_obsignata_3231747_3705399881,http://creativecommons.org/licenses/by-nc/4.0/
698785,3970169461,Muscidae_Eudasyphora_cyanicolor_1346669_3970169461,© All rights reserved
698878,1056398070,Muscidae_Hydrotaea_basdeni_1384509_1056398070,http://creativecommons.org/licenses/by/4.0/
698879,1056398070,Muscidae_Hydrotaea_basdeni_1384510_1056398070,http://creativecommons.org/licenses/by/4.0/
699360,1958377013,Muscidae_Lispocephala_brachialis_1476924_1958377013,http://creativecommons.org/licenses/by-nc-nd/4.0/
699548,1968790015,Muscidae_Helina_depuncta_111441_1968790015,http://creativecommons.org/licenses/by-nc/4.0/
700033,1955679366,Muscidae_Mydaea_corni_2161946_1955679366,http://creativecommons.org/licenses/by-nc/4.0/
700274,2845016925,Muscidae_Mydaea_corni_1612903_2845016925,http://creativecommons.org/licenses/by-nc/4.0/
700434,3716362359,Muscidae_Schoenomyza_litorella_1856323_3716362359,http://creativecommons.org/licenses/by-nc/4.0/
700579,1957451536,Muscidae_Coenosia_rufipalpis_2854046_1957451536,http://creativecommons.org/licenses/by-nc-nd/4.0/
701101,1960319273,Muscidae_Helina_evecta_1479856_1960319273,http://creativecommons.org/licenses/by-nc-nd/4.0/
703110,2988655927,Muscidae_Mesembrina_mystacea_3016733_2988655927,http://creativecommons.org/licenses/by/4.0/
703398,3468890428,Muscidae_Lispocephala_brachialis_1847863_3468890428,http://creativecommons.org/licenses/by-nc/4.0/
703595,3499350434,Muscidae_Muscina_pascuorum_1850430_3499350434,http://creativecommons.org/licenses/by/4.0/
703600,3499350434,Muscidae_Muscina_pascuorum_1850435_3499350434,http://creativecommons.org/licenses/by/4.0/
705369,3455355305,Muscidae_Dasyphora_albofasciata_456873_3455355305,http://creativecommons.org/licenses/by-nc/4.0/
705382,3772705485,Muscidae_Stomoxys_calcitrans_1928938_3772705485,http://creativecommons.org/licenses/by/4.0/
706058,3722377024,Muscidae_Mesembrina_meridiana_1192260_3722377024,http://creativecommons.org/licenses/by-nc-nd/4.0/
707059,1963244188,Muscidae_Phaonia_tuguriorum_794588_1963244188,http://creativecommons.org/licenses/by-nc-nd/4.0/
707184,1964266735,Muscidae_Morellia_aenescens_2862848_1964266735,http://creativecommons.org/licenses/by-nc-nd/4.0/
707185,1964266735,Muscidae_Morellia_aenescens_2862849_1964266735,http://creativecommons.org/licenses/by-nc-nd/4.0/
708996,1959209167,Muscidae_Mydaea_corni_1477793_1959209167,http://creativecommons.org/licenses/by-nc-nd/4.0/
709829,1956648331,Muscidae_Lispocephala_brachialis_1473834_1956648331,http://creativecommons.org/licenses/by-nc-nd/4.0/
711073,3109149362,Muscidae_Phaonia_subventa_1661624_3109149362,http://creativecommons.org/licenses/by-nc/4.0/
711396,3090794844,Muscidae_Muscina_prolapsa_279124_3090794844,http://creativecommons.org/licenses/by/4.0/
712958,3012943537,Muscidae_Lispe_tentaculata_1639913_3012943537,© all rights reserved
713049,2542049608,Muscidae_Coenosia_mollicula_2925227_2542049608,© all rights reserved
713649,2860906424,Muscidae_Mesembrina_meridiana_1621438_2860906424,© All rights reserved
713679,2402832570,Muscidae_Musca_autumnalis_842898_2402832570,© All rights reserved
714127,3031169115,Muscidae_Musca_autumnalis_264602_3031169115,http://creativecommons.org/licenses/by/4.0/
715988,1977298317,Muscidae_Phaonia_serva_1504376_1977298317,http://creativecommons.org/licenses/by-nc-nd/4.0/
715989,1977298317,Muscidae_Phaonia_serva_1504377_1977298317,http://creativecommons.org/licenses/by-nc-nd/4.0/
715990,1977298317,Muscidae_Phaonia_serva_1504378_1977298317,http://creativecommons.org/licenses/by-nc-nd/4.0/
715992,1977298317,Muscidae_Phaonia_serva_1504380_1977298317,http://creativecommons.org/licenses/by-nc-nd/4.0/
715993,1977298317,Muscidae_Phaonia_serva_1504381_1977298317,http://creativecommons.org/licenses/by-nc-nd/4.0/
715994,1977298317,Muscidae_Phaonia_serva_1504382_1977298317,http://creativecommons.org/licenses/by-nc-nd/4.0/
716453,1971964390,Muscidae_Phaonia_trimaculata_2184825_1971964390,http://creativecommons.org/licenses/by-nc/4.0/
717341,1972207583,Muscidae_Mydaea_corni_2185150_1972207583,http://creativecommons.org/licenses/by-nc/4.0/
718263,1969869913,Muscidae_Coenosia_antennata_113719_1969869913,http://creativecommons.org/licenses/by-nc-nd/4.0/
718264,1969869913,Muscidae_Coenosia_antennata_113720_1969869913,http://creativecommons.org/licenses/by-nc-nd/4.0/
718596,3721100526,Muscidae_Mesembrina_meridiana_1183205_3721100526,http://creativecommons.org/licenses/by-nc-nd/4.0/
719065,1972217283,Muscidae_Polietes_meridionalis_807483_1972217283,http://creativecommons.org/licenses/by-nc-sa/4.0/
719066,1972217283,Muscidae_Polietes_meridionalis_807484_1972217283,http://creativecommons.org/licenses/by-nc-sa/4.0/
722153,1957234946,Muscidae_Phaonia_incana_785952_1957234946,http://creativecommons.org/licenses/by-nc-nd/4.0/
722154,1957234946,Muscidae_Phaonia_incana_785953_1957234946,http://creativecommons.org/licenses/by-nc-nd/4.0/
722176,1952140014,Muscidae_Coenosia_testacea_2845913_1952140014,http://creativecommons.org/licenses/by-nc-nd/4.0/
722177,1952140014,Muscidae_Coenosia_testacea_2845914_1952140014,http://creativecommons.org/licenses/by-nc-nd/4.0/
722625,1320356855,Muscidae_Synthesiomyia_nudiseta_719306_1320356855,Usage Conditions Apply
723920,1964740710,Muscidae_Helina_impuncta_2863304_1964740710,http://creativecommons.org/licenses/by-nc/4.0/
724783,1968703501,Muscidae_Phaonia_palpata_2869801_1968703501,http://creativecommons.org/licenses/by-nc-nd/4.0/
724785,1968703501,Muscidae_Phaonia_palpata_2869803_1968703501,http://creativecommons.org/licenses/by-nc-nd/4.0/
725937,1958408714,Muscidae_Helina_evecta_97813_1958408714,http://creativecommons.org/licenses/by-nc-nd/4.0/
726517,2836934307,Muscidae_Polietes_domitor_2977042_2836934307,http://creativecommons.org/licenses/by-nc-nd/4.0/
726726,1975580994,Muscidae_Coenosia_testacea_2190130_1975580994,http://creativecommons.org/licenses/by-nc-nd/4.0/
728399,2839118836,Muscidae_Caricea_erythrocera_222828_2839118836,http://creativecommons.org/licenses/by-nc-nd/4.0/
728400,2839118836,Muscidae_Caricea_erythrocera_222829_2839118836,http://creativecommons.org/licenses/by-nc-nd/4.0/
728401,2839118836,Muscidae_Caricea_erythrocera_222830_2839118836,http://creativecommons.org/licenses/by-nc-nd/4.0/
728509,1966508205,Muscidae_Haematobia_irritans_2867818_1966508205,http://creativecommons.org/licenses/by-nc-nd/4.0/
728510,1966508205,Muscidae_Haematobia_irritans_2867819_1966508205,http://creativecommons.org/licenses/by-nc-nd/4.0/
728511,1966508205,Muscidae_Haematobia_irritans_2867820_1966508205,http://creativecommons.org/licenses/by-nc-nd/4.0/
728512,1966508205,Muscidae_Haematobia_irritans_2867821_1966508205,http://creativecommons.org/licenses/by-nc-nd/4.0/
728513,1966508205,Muscidae_Haematobia_irritans_2867822_1966508205,http://creativecommons.org/licenses/by-nc-nd/4.0/
728636,1976983227,Muscidae_Mydaea_corni_1503636_1976983227,http://creativecommons.org/licenses/by-nc-nd/4.0/
729065,1968470541,Muscidae_Phaonia_atriceps_2869530_1968470541,http://creativecommons.org/licenses/by-nc-nd/4.0/
729066,1968470541,Muscidae_Phaonia_atriceps_2869531_1968470541,http://creativecommons.org/licenses/by-nc-nd/4.0/
729067,1968470541,Muscidae_Phaonia_atriceps_2869532_1968470541,http://creativecommons.org/licenses/by-nc-nd/4.0/
729068,1968470541,Muscidae_Phaonia_atriceps_2869533_1968470541,http://creativecommons.org/licenses/by-nc-nd/4.0/
729171,2844272169,Muscidae_Achanthiptera_rohrelliformis_2299767_2844272169,http://creativecommons.org/licenses/by-nc-nd/4.0/
730006,1958109630,Muscidae_Azelia_cilipes_97334_1958109630,http://creativecommons.org/licenses/by-nc-nd/4.0/
730882,2842489860,Muscidae_Helina_depuncta_1607603_2842489860,http://creativecommons.org/licenses/by-nc/4.0/
730883,2842489860,Muscidae_Helina_depuncta_1607604_2842489860,http://creativecommons.org/licenses/by-nc/4.0/
734857,1977361866,Muscidae_Mesembrina_meridiana_1504526_1977361866,http://creativecommons.org/licenses/by-nc-nd/4.0/
735619,3329896523,Muscidae_Phaonia_angelicae_3059960_3329896523,http://creativecommons.org/licenses/by/4.0/
735933,1843643431,Muscidae_Phaonia_falleni_763755_1843643431,© All rights reserved
735934,1843643431,Muscidae_Phaonia_falleni_763756_1843643431,© All rights reserved
736031,2318465569,Muscidae_Myospila_meditabunda_2216416_2318465569,© All rights reserved
736536,3499350583,Muscidae_Muscina_pascuorum_1850437_3499350583,http://creativecommons.org/licenses/by/4.0/
736740,3090809894,Muscidae_Muscina_levida_1657971_3090809894,http://creativecommons.org/licenses/by-nc/4.0/
736937,3344033081,Muscidae_Graphomya_maculata_3072169_3344033081,http://creativecommons.org/licenses/by-nc/4.0/
737589,3455486738,Muscidae_Eudasyphora_cyanicolor_457605_3455486738,http://creativecommons.org/licenses/by-nc/4.0/
738537,4022048731,Muscidae_Stomoxys_calcitrans_3440523_4022048731,http://creativecommons.org/licenses/by-nc/4.0/
738604,3079573655,Muscidae_Haematobia_irritans_2345408_3079573655,http://creativecommons.org/licenses/by-nc/4.0/
738605,3079573655,Muscidae_Haematobia_irritans_2345409_3079573655,http://creativecommons.org/licenses/by-nc/4.0/
740821,3718187248,Muscidae_Graphomya_maculata_2554243_3718187248,http://creativecommons.org/licenses/by-nc-nd/4.0/
741445,1958395978,Muscidae_Helina_evecta_1476964_1958395978,http://creativecommons.org/licenses/by-nc-nd/4.0/
741766,3731037959,Muscidae_Mesembrina_mystacea_1909352_3731037959,http://creativecommons.org/licenses/by-nc-nd/4.0/
742015,1958512402,Muscidae_Muscina_levida_97910_1958512402,http://creativecommons.org/publicdomain/zero/1.0/
742469,1968319261,Muscidae_Stomoxys_calcitrans_110855_1968319261,http://creativecommons.org/licenses/by-nc-nd/4.0/
742774,1957146312,Muscidae_Polietes_lardaria_95110_1957146312,http://creativecommons.org/licenses/by-nc-nd/4.0/
743657,1961049117,Muscidae_Graphomya_maculata_1480414_1961049117,http://creativecommons.org/licenses/by-nc-nd/4.0/
745846,1957108591,Muscidae_Neomyia_viridescens_1474254_1957108591,http://creativecommons.org/licenses/by-nc-sa/4.0/
747084,3050052511,Muscidae_Hydrotaea_cinerea_1649207_3050052511,© all rights reserved
747085,3050052511,Muscidae_Hydrotaea_cinerea_1649208_3050052511,© all rights reserved
747086,3050052511,Muscidae_Hydrotaea_cinerea_1649209_3050052511,© all rights reserved
747087,1835818631,Muscidae_Hebecnema_nigra_2829805_1835818631,© all rights reserved
747088,1835818631,Muscidae_Hebecnema_nigra_2829806_1835818631,© all rights reserved
747089,1835818631,Muscidae_Hebecnema_nigra_2829807_1835818631,© all rights reserved
747198,1458471268,Muscidae_Muscina_prolapsa_1426290_1458471268,© all rights reserved
747203,3920092249,Muscidae_Phaonia_rufiventris_2022815_3920092249,© all rights reserved
748205,2409806342,Muscidae_Thricops_simplex_154292_2409806342,© All rights reserved
748206,2409806342,Muscidae_Thricops_simplex_154293_2409806342,© All rights reserved
748207,2409806342,Muscidae_Thricops_simplex_154294_2409806342,© All rights reserved
748293,2401554517,Muscidae_Caricea_pallipalpis_152387_2401554517,http://creativecommons.org/licenses/by/4.0/
748294,2401554517,Muscidae_Caricea_pallipalpis_152388_2401554517,http://creativecommons.org/licenses/by/4.0/
748295,2401554517,Muscidae_Caricea_pallipalpis_152389_2401554517,http://creativecommons.org/licenses/by/4.0/
748296,2401554517,Muscidae_Caricea_pallipalpis_152390_2401554517,http://creativecommons.org/licenses/by/4.0/
748297,2401554517,Muscidae_Caricea_pallipalpis_152391_2401554517,http://creativecommons.org/licenses/by/4.0/
748298,2401554517,Muscidae_Caricea_pallipalpis_152392_2401554517,http://creativecommons.org/licenses/by/4.0/
749130,3760275692,Muscidae_Coenosia_attenuata_2615056_3760275692,http://creativecommons.org/licenses/by-nc/4.0/
749131,3760275692,Muscidae_Coenosia_attenuata_2615057_3760275692,http://creativecommons.org/licenses/by-nc/4.0/
749133,3760275692,Muscidae_Coenosia_attenuata_2615059_3760275692,http://creativecommons.org/licenses/by-nc/4.0/
749134,3760275692,Muscidae_Coenosia_attenuata_2615060_3760275692,http://creativecommons.org/licenses/by-nc/4.0/
749880,3090830759,Muscidae_Pyrellia_vivida_969462_3090830759,http://creativecommons.org/licenses/by/4.0/
750104,3457022182,Muscidae_Coenosia_tigrina_1153990_3457022182,http://creativecommons.org/licenses/by-nc/4.0/
750434,3961326484,Muscidae_Stomoxys_calcitrans_2032060_3961326484,http://creativecommons.org/licenses/by-nc/4.0/
751265,3448698632,Muscidae_Mesembrina_mystacea_1144316_3448698632,http://creativecommons.org/licenses/by-sa/4.0/
751995,3499599366,Muscidae_Muscina_pascuorum_1161196_3499599366,http://creativecommons.org/licenses/by/4.0/
752070,3915488887,Muscidae_Muscina_stabulans_1328345_3915488887,http://creativecommons.org/licenses/by-nc/4.0/
753324,3499684456,Muscidae_Muscina_pascuorum_1161380_3499684456,http://creativecommons.org/licenses/by/4.0/
754541,1952125572,Muscidae_Phaonia_tuguriorum_778193_1952125572,http://creativecommons.org/licenses/by-nc/4.0/
755918,1959295319,Muscidae_Phaonia_fuscata_789345_1959295319,http://creativecommons.org/licenses/by-nc-nd/4.0/
756976,1977088014,Muscidae_Schoenomyza_litorella_2193006_1977088014,http://creativecommons.org/licenses/by-nc-nd/4.0/
756977,1977088014,Muscidae_Schoenomyza_litorella_2193007_1977088014,http://creativecommons.org/licenses/by-nc-nd/4.0/
758136,1953747599,Muscidae_Muscina_prolapsa_2159078_1953747599,http://creativecommons.org/licenses/by-nc/4.0/
759148,2841653151,Muscidae_Limnophora_tigrina_1605044_2841653151,http://creativecommons.org/licenses/by-nc-sa/4.0/
760134,1958677836,Muscidae_Polietes_lardaria_2166610_1958677836,http://creativecommons.org/licenses/by-nc-nd/4.0/
760683,1958093488,Muscidae_Phaonia_rufiventris_2165772_1958093488,http://creativecommons.org/licenses/by-nc-nd/4.0/
761429,1972477735,Muscidae_Lispe_tentaculata_807931_1972477735,http://creativecommons.org/licenses/by-nc/4.0/
762587,3061613580,Muscidae_Caricea_alma_3031089_3061613580,http://creativecommons.org/licenses/by-nc/4.0/
762806,3859732133,Muscidae_Lispocephala_brachialis_1271613_3859732133,http://creativecommons.org/licenses/by-nc/4.0/
763553,3343866374,Muscidae_Thricops_semicinereus_1691577_3343866374,http://creativecommons.org/licenses/by-nc/4.0/
763606,3859375176,Muscidae_Pyrellia_rapax_1269862_3859375176,http://creativecommons.org/licenses/by-nc/4.0/
763607,3859375176,Muscidae_Pyrellia_rapax_1269863_3859375176,http://creativecommons.org/licenses/by-nc/4.0/
763608,3859375176,Muscidae_Pyrellia_rapax_1269864_3859375176,http://creativecommons.org/licenses/by-nc/4.0/
763609,3859375176,Muscidae_Pyrellia_rapax_1269865_3859375176,http://creativecommons.org/licenses/by-nc/4.0/
763994,3077826760,Muscidae_Coenosia_pumila_3035005_3077826760,© all rights reserved
764022,3769119014,Muscidae_Helina_impuncta_549575_3769119014,© all rights reserved
764105,1459206206,Muscidae_Helina_lapponica_2116090_1459206206,© all rights reserved
764106,1459206206,Muscidae_Helina_lapponica_2116091_1459206206,© all rights reserved
764479,932185874,Muscidae_Spilogona_denigrata_2757188_932185874,© all rights reserved
764845,2633570301,Muscidae_Hydrotaea_ignava_2953721_2633570301,http://creativecommons.org/licenses/by-nc-sa/4.0/
766503,3725369580,Muscidae_Schoenomyza_litorella_1198349_3725369580,http://creativecommons.org/licenses/by-nc-nd/4.0/
766808,1975153805,Muscidae_Phaonia_tuguriorum_121537_1975153805,http://creativecommons.org/licenses/by-nc-nd/4.0/
768268,1957086655,Muscidae_Mydaea_nebulosa_2163459_1957086655,http://creativecommons.org/licenses/by-nc-nd/4.0/
768269,1957086655,Muscidae_Mydaea_nebulosa_2163460_1957086655,http://creativecommons.org/licenses/by-nc-nd/4.0/
768270,1957086655,Muscidae_Mydaea_nebulosa_2163461_1957086655,http://creativecommons.org/licenses/by-nc-nd/4.0/
769586,1957275716,Muscidae_Hydrotaea_militaris_786029_1957275716,http://creativecommons.org/licenses/by-nc-nd/4.0/
769686,1959069242,Muscidae_Graphomya_minor_98446_1959069242,http://creativecommons.org/licenses/by-nc-sa/4.0/
770500,3718366773,Muscidae_Phaonia_valida_486752_3718366773,http://creativecommons.org/licenses/by-nc-nd/4.0/
770977,1969268178,Muscidae_Neolimnophora_virgo_803028_1969268178,http://creativecommons.org/licenses/by-nc-nd/4.0/
770978,1969268178,Muscidae_Neolimnophora_virgo_803029_1969268178,http://creativecommons.org/licenses/by-nc-nd/4.0/
770979,1969268178,Muscidae_Neolimnophora_virgo_803030_1969268178,http://creativecommons.org/licenses/by-nc-nd/4.0/
770980,1969268178,Muscidae_Neolimnophora_virgo_803031_1969268178,http://creativecommons.org/licenses/by-nc-nd/4.0/
770981,1969268178,Muscidae_Neolimnophora_virgo_803032_1969268178,http://creativecommons.org/licenses/by-nc-nd/4.0/
771342,1965381768,Muscidae_Helina_depuncta_2865168_1965381768,http://creativecommons.org/licenses/by-nc-nd/4.0/
771469,1977218814,Muscidae_Hydrotaea_dentipes_815697_1977218814,http://creativecommons.org/licenses/by-nc/4.0/
771470,1977218814,Muscidae_Hydrotaea_dentipes_815698_1977218814,http://creativecommons.org/licenses/by-nc/4.0/
771712,1968552944,Muscidae_Helina_depuncta_1490300_1968552944,http://creativecommons.org/licenses/by-nc/4.0/
773082,2836989175,Muscidae_Phaonia_tuguriorum_1597692_2836989175,http://creativecommons.org/licenses/by-nc/4.0/
774067,3816550355,Muscidae_Thricops_semicinereus_3316401_3816550355,© All rights reserved
774263,2402304208,Muscidae_Azelia_nebulosa_842757_2402304208,© All rights reserved
774264,2402304208,Muscidae_Azelia_nebulosa_842758_2402304208,© All rights reserved
774265,2402304208,Muscidae_Azelia_nebulosa_842759_2402304208,© All rights reserved
774272,3024124371,Muscidae_Mesembrina_mystacea_2332688_3024124371,http://creativecommons.org/licenses/by-nc-sa/4.0/
776676,1958528116,Muscidae_Polietes_domitor_2856273_1958528116,http://creativecommons.org/licenses/by-nc-nd/4.0/
776688,1956655293,Muscidae_Hebecnema_vespertina_1473848_1956655293,http://creativecommons.org/licenses/by-nc-nd/4.0/
776689,1956655293,Muscidae_Hebecnema_vespertina_1473849_1956655293,http://creativecommons.org/licenses/by-nc-nd/4.0/
776997,1960856737,Muscidae_Polietes_meridionalis_2169465_1960856737,http://creativecommons.org/licenses/by-nc-nd/4.0/
777027,2836857991,Muscidae_Coenosia_agromyzina_1597322_2836857991,http://creativecommons.org/licenses/by-nc-nd/4.0/
777605,1956837649,Muscidae_Phaonia_subventa_2852971_1956837649,http://creativecommons.org/licenses/by-nc-nd/4.0/
777891,1962025149,Muscidae_Helina_depuncta_1481925_1962025149,http://creativecommons.org/licenses/by-nc-nd/4.0/
778362,3996194924,Muscidae_Mesembrina_meridiana_2046467_3996194924,http://creativecommons.org/licenses/by-nc-nd/4.0/
778617,1974472673,Muscidae_Phaonia_atriceps_811885_1974472673,http://creativecommons.org/licenses/by-nc-nd/4.0/
778657,3904566834,Muscidae_Graphomya_maculata_1996247_3904566834,http://creativecommons.org/licenses/by-nc-nd/4.0/
779057,3905553897,Muscidae_Phaonia_valida_2691377_3905553897,http://creativecommons.org/licenses/by-nc-nd/4.0/
779253,1966232724,Muscidae_Lispe_pygmaea_2867017_1966232724,http://creativecommons.org/licenses/by-nc-nd/4.0/
780354,3725201289,Muscidae_Mydaea_corni_1887528_3725201289,http://creativecommons.org/licenses/by-nc-nd/4.0/
781014,1976799822,Muscidae_Phaonia_errans_2192343_1976799822,http://creativecommons.org/licenses/by-nc/4.0/
781852,1974307648,Muscidae_Limnophora_riparia_120935_1974307648,http://creativecommons.org/licenses/by-nc-nd/4.0/
781853,1974307648,Muscidae_Limnophora_riparia_120936_1974307648,http://creativecommons.org/licenses/by-nc-nd/4.0/
781854,1974307648,Muscidae_Limnophora_riparia_120937_1974307648,http://creativecommons.org/licenses/by-nc-nd/4.0/
781855,1974307648,Muscidae_Limnophora_riparia_120938_1974307648,http://creativecommons.org/licenses/by-nc-nd/4.0/
781856,1974307648,Muscidae_Limnophora_riparia_120939_1974307648,http://creativecommons.org/licenses/by-nc-nd/4.0/
781857,1974307648,Muscidae_Limnophora_riparia_120940_1974307648,http://creativecommons.org/licenses/by-nc-nd/4.0/
783401,2403952450,Muscidae_Phaonia_rufiventris_1531796_2403952450,http://creativecommons.org/licenses/by-nc-sa/4.0/
784484,3905235633,Muscidae_Helina_sexmaculata_2689609_3905235633,http://creativecommons.org/licenses/by-nc-sa/4.0/
784518,1964560732,Muscidae_Neomyia_cornicina_2172907_1964560732,http://creativecommons.org/licenses/by-nc/4.0/
784627,3731749723,Muscidae_Thricops_diaphanus_1223973_3731749723,http://creativecommons.org/licenses/by-nc-nd/4.0/
785097,1961645877,Muscidae_Hydrotaea_diabolus_1481595_1961645877,http://creativecommons.org/licenses/by-nc-nd/4.0/
785171,3822472077,Muscidae_Coenosia_atra_1937046_3822472077,http://creativecommons.org/licenses/by/4.0/
787008,3718331151,Muscidae_Mesembrina_meridiana_1865433_3718331151,http://creativecommons.org/licenses/by-nc-nd/4.0/
788440,1960988138,Muscidae_Polietes_meridionalis_2859464_1960988138,http://creativecommons.org/licenses/by-nc-nd/4.0/
790267,1974339134,Muscidae_Polietes_lardaria_120983_1974339134,http://creativecommons.org/licenses/by-nc/4.0/
790423,3822558946,Muscidae_Achanthiptera_rohrelliformis_1937417_3822558946,http://creativecommons.org/licenses/by-nc-nd/4.0/
791361,1973030184,Muscidae_Morellia_aenescens_118481_1973030184,http://creativecommons.org/licenses/by-nc/4.0/
791362,1973030184,Muscidae_Morellia_aenescens_118482_1973030184,http://creativecommons.org/licenses/by-nc/4.0/
791364,1973030184,Muscidae_Morellia_aenescens_118484_1973030184,http://creativecommons.org/licenses/by-nc/4.0/
791789,1970739575,Muscidae_Phaonia_subventa_115572_1970739575,http://creativecommons.org/licenses/by-nc-nd/4.0/
792532,1953595361,Muscidae_Hydrotaea_dentipes_781121_1953595361,http://creativecommons.org/licenses/by-nc-nd/4.0/
792666,1953428586,Muscidae_Phaonia_errans_90173_1953428586,http://creativecommons.org/licenses/by-nc/4.0/
792937,1956655446,Muscidae_Hebecnema_vespertina_1473851_1956655446,http://creativecommons.org/licenses/by-nc-nd/4.0/
793181,1968542449,Muscidae_Eudasyphora_cyanicolor_801756_1968542449,http://creativecommons.org/licenses/by-nc/4.0/
793337,1962803901,Muscidae_Morellia_hortorum_1482649_1962803901,http://creativecommons.org/licenses/by-nc-nd/4.0/
793770,1958175035,Muscidae_Hydrotaea_diabolus_1476611_1958175035,http://creativecommons.org/licenses/by-nc-nd/4.0/
795626,1968612614,Muscidae_Phaonia_rufiventris_2179513_1968612614,http://creativecommons.org/licenses/by-nc-nd/4.0/
797000,2832956991,Muscidae_Azelia_triquetra_901595_2832956991,http://creativecommons.org/licenses/by-nc-nd/4.0/
797001,2832956991,Muscidae_Azelia_triquetra_901596_2832956991,http://creativecommons.org/licenses/by-nc-nd/4.0/
797038,2841193334,Muscidae_Musca_autumnalis_2983577_2841193334,http://creativecommons.org/licenses/by-nc-sa/4.0/
798154,3729113838,Muscidae_Schoenomyza_litorella_522542_3729113838,http://creativecommons.org/licenses/by-nc-nd/4.0/
798284,3995412952,Muscidae_Phaonia_valida_666623_3995412952,http://creativecommons.org/licenses/by-nc-nd/4.0/
798750,3995523722,Muscidae_Musca_autumnalis_2734221_3995523722,http://creativecommons.org/licenses/by-nc/4.0/
798852,1959005245,Muscidae_Hydrotaea_dentipes_2166800_1959005245,http://creativecommons.org/licenses/by-nc-nd/4.0/
799071,2843547308,Muscidae_Mesembrina_meridiana_1609716_2843547308,http://creativecommons.org/licenses/by-nc-nd/4.0/
800080,1966136563,Muscidae_Eudasyphora_cyanicolor_2176554_1966136563,http://creativecommons.org/licenses/by-nc/4.0/
800394,1954030136,Muscidae_Lispocephala_brachialis_781376_1954030136,http://creativecommons.org/licenses/by-nc-nd/4.0/
801464,1972936752,Muscidae_Phaonia_angelicae_118175_1972936752,http://creativecommons.org/licenses/by-nc/4.0/
802017,1974017383,Muscidae_Lispe_pygmaea_2878977_1974017383,http://creativecommons.org/licenses/by-nc-nd/4.0/
803206,1959750025,Muscidae_Polietes_domitor_790328_1959750025,http://creativecommons.org/licenses/by-nc-nd/4.0/
806764,1959747486,Muscidae_Graphomya_minor_2168150_1959747486,http://creativecommons.org/licenses/by-nc-nd/4.0/
806765,1959747486,Muscidae_Graphomya_minor_2168151_1959747486,http://creativecommons.org/licenses/by-nc-nd/4.0/
806766,1959747486,Muscidae_Graphomya_minor_2168152_1959747486,http://creativecommons.org/licenses/by-nc-nd/4.0/
806769,1966531741,Muscidae_Coenosia_flavimana_109288_1966531741,http://creativecommons.org/licenses/by-nc-nd/4.0/
806770,1966531741,Muscidae_Coenosia_flavimana_109289_1966531741,http://creativecommons.org/licenses/by-nc-nd/4.0/
808013,2844545580,Muscidae_Musca_autumnalis_2300597_2844545580,http://creativecommons.org/licenses/by-nc-nd/4.0/
809019,1957049763,Muscidae_Neomyia_viridescens_1474203_1957049763,http://creativecommons.org/licenses/by-nc-nd/4.0/
809472,3752414327,Muscidae_Limnophora_riparia_543448_3752414327,http://creativecommons.org/licenses/by-sa/4.0/
809474,3752414333,Muscidae_Caricea_spuria_1921835_3752414333,http://creativecommons.org/licenses/by-sa/4.0/
809475,3752414360,Muscidae_Caricea_falculata_1921836_3752414360,http://creativecommons.org/licenses/by-sa/4.0/
809476,3752414379,Muscidae_Caricea_falculata_1921837_3752414379,http://creativecommons.org/licenses/by-sa/4.0/
809488,3752414512,Muscidae_Caricea_pallipalpis_1232363_3752414512,http://creativecommons.org/licenses/by-sa/4.0/
809489,3752414531,Muscidae_Coenosia_testacea_1921842_3752414531,http://creativecommons.org/licenses/by-sa/4.0/
809492,3752414632,Muscidae_Coenosia_pedella_3301627_3752414632,http://creativecommons.org/licenses/by-sa/4.0/
809493,3752414559,Muscidae_Coenosia_pedella_1921843_3752414559,http://creativecommons.org/licenses/by-sa/4.0/
809495,3752414574,Muscidae_Coenosia_ambulans_3301625_3752414574,http://creativecommons.org/licenses/by-sa/4.0/
809496,3752414583,Muscidae_Coenosia_means_3301626_3752414583,http://creativecommons.org/licenses/by-sa/4.0/
809497,3752415086,Muscidae_Hydrotaea_militaris_2610919_3752415086,http://creativecommons.org/licenses/by-sa/4.0/
809498,3752415090,Muscidae_Hydrotaea_velutina_2610920_3752415090,http://creativecommons.org/licenses/by-sa/4.0/
809499,3752415100,Muscidae_Hydrotaea_ignava_543451_3752415100,http://creativecommons.org/licenses/by-sa/4.0/
809500,3752415102,Muscidae_Hydrotaea_meridionalis_1921844_3752415102,http://creativecommons.org/licenses/by-sa/4.0/
809501,3752415107,Muscidae_Hydrotaea_meridionalis_1921845_3752415107,http://creativecommons.org/licenses/by-sa/4.0/
809502,3752415118,Muscidae_Spilogona_pseudodispar_3301628_3752415118,http://creativecommons.org/licenses/by-sa/4.0/
809503,3752415120,Muscidae_Azelia_gibbera_1921846_3752415120,http://creativecommons.org/licenses/by-sa/4.0/
809504,3752415139,Muscidae_Spilogona_krogerusi_1921847_3752415139,http://creativecommons.org/licenses/by-sa/4.0/
809505,3752415146,Muscidae_Spilogona_nitidicauda_543452_3752415146,http://creativecommons.org/licenses/by-sa/4.0/
809506,3752415148,Muscidae_Spilogona_megastoma_1921848_3752415148,http://creativecommons.org/licenses/by-sa/4.0/
809507,3752415163,Muscidae_Polietes_steinii_3301629_3752415163,http://creativecommons.org/licenses/by-sa/4.0/
809508,3752415166,Muscidae_Haematobosca_alcis_1921849_3752415166,http://creativecommons.org/licenses/by-sa/4.0/
809510,3752415188,Muscidae_Polietes_domitor_1232365_3752415188,http://creativecommons.org/licenses/by-sa/4.0/
809511,3752415192,Muscidae_Polietes_nigrolimbata_1232366_3752415192,http://creativecommons.org/licenses/by-sa/4.0/
809514,3752415237,Muscidae_Thricops_nigritellus_1232367_3752415237,http://creativecommons.org/licenses/by-sa/4.0/
809515,3752415235,Muscidae_Thricops_rostratus_3301630_3752415235,http://creativecommons.org/licenses/by-sa/4.0/
809516,3752415242,Muscidae_Thricops_simplex_1921851_3752415242,http://creativecommons.org/licenses/by-sa/4.0/
809517,3752415388,Muscidae_Spilogona_trianguligera_2610923_3752415388,http://creativecommons.org/licenses/by-sa/4.0/
809518,3752415391,Muscidae_Spilogona_krogerusi_1921852_3752415391,http://creativecommons.org/licenses/by-sa/4.0/
809519,3752415415,Muscidae_Lispe_pygmaea_3301631_3752415415,http://creativecommons.org/licenses/by-sa/4.0/
809520,3752415417,Muscidae_Spilogona_baltica_1232368_3752415417,http://creativecommons.org/licenses/by-sa/4.0/
809521,3752415427,Muscidae_Spilogona_trianguligera_1921853_3752415427,http://creativecommons.org/licenses/by-sa/4.0/
809527,3752416264,Muscidae_Pseudocoenosia_solitaria_1921855_3752416264,http://creativecommons.org/licenses/by-sa/4.0/
809529,3752423150,Muscidae_Mydaea_anicula_3301677_3752423150,http://creativecommons.org/licenses/by-sa/4.0/
809759,3816639304,Muscidae_Myospila_meditabunda_1247399_3816639304,© All rights reserved
811033,1964535059,Muscidae_Helina_impuncta_1483752_1964535059,http://creativecommons.org/licenses/by-nc/4.0/
811606,1967166354,Muscidae_Lispocephala_brachialis_110315_1967166354,http://creativecommons.org/licenses/by-nc-nd/4.0/
812311,1968937973,Muscidae_Eudasyphora_cyanicolor_802341_1968937973,http://creativecommons.org/licenses/by-nc-nd/4.0/
814312,1973142729,Muscidae_Coenosia_testacea_2877327_1973142729,http://creativecommons.org/licenses/by-nc-nd/4.0/
814313,1973142729,Muscidae_Coenosia_testacea_2877328_1973142729,http://creativecommons.org/licenses/by-nc-nd/4.0/
814856,1953412991,Muscidae_Phaonia_serva_2158622_1953412991,http://creativecommons.org/licenses/by-nc/4.0/
814857,1953412991,Muscidae_Phaonia_serva_2158623_1953412991,http://creativecommons.org/licenses/by-nc/4.0/
817568,1958672892,Muscidae_Polietes_meridionalis_98092_1958672892,http://creativecommons.org/licenses/by-nc-nd/4.0/
819502,2841238634,Muscidae_Phaonia_serva_1603972_2841238634,http://creativecommons.org/licenses/by-nc-nd/4.0/
819890,1957207297,Muscidae_Limnophora_riparia_95196_1957207297,http://creativecommons.org/licenses/by-nc-nd/4.0/
821560,1959640437,Muscidae_Morellia_aenescens_790060_1959640437,http://creativecommons.org/licenses/by-nc-nd/4.0/
822360,1974274232,Muscidae_Phaonia_fuscata_1499973_1974274232,http://creativecommons.org/licenses/by-nc-nd/4.0/
823832,1952037570,Muscidae_Helina_depuncta_778108_1952037570,http://creativecommons.org/licenses/by-nc/4.0/
824321,1952023643,Muscidae_Helina_impuncta_1466825_1952023643,http://creativecommons.org/licenses/by-nc/4.0/
824686,3825362277,Muscidae_Mydaea_corni_1944248_3825362277,http://creativecommons.org/licenses/by-nc-nd/4.0/
824879,1952498765,Muscidae_Lispe_tentaculata_2156516_1952498765,http://creativecommons.org/licenses/by-nc-nd/4.0/
824939,1973124871,Muscidae_Coenosia_testacea_1497765_1973124871,http://creativecommons.org/licenses/by-nc-nd/4.0/
824940,1973124871,Muscidae_Coenosia_testacea_1497766_1973124871,http://creativecommons.org/licenses/by-nc-nd/4.0/
824941,1973124871,Muscidae_Coenosia_testacea_1497767_1973124871,http://creativecommons.org/licenses/by-nc-nd/4.0/
825298,3996384464,Muscidae_Mesembrina_meridiana_2047096_3996384464,http://creativecommons.org/licenses/by-nc-nd/4.0/
825330,3723169609,Muscidae_Phaonia_valida_1885560_3723169609,http://creativecommons.org/licenses/by-nc/4.0/
826087,1964957238,Muscidae_Phaonia_valida_2863761_1964957238,http://creativecommons.org/licenses/by-nc-nd/4.0/
826451,1951918287,Muscidae_Helina_depuncta_2155730_1951918287,http://creativecommons.org/licenses/by-nc/4.0/
827037,3996740837,Muscidae_Mesembrina_meridiana_2048424_3996740837,http://creativecommons.org/licenses/by-nd/4.0/
827080,3725681156,Muscidae_Musca_autumnalis_1888619_3725681156,http://creativecommons.org/licenses/by-nc-nd/4.0/
827132,1970882841,Muscidae_Phaonia_fuscata_115842_1970882841,http://creativecommons.org/licenses/by-nc-nd/4.0/
827408,2837487461,Muscidae_Limnophora_maculosa_910205_2837487461,http://creativecommons.org/licenses/by-nc-nd/4.0/
829259,2842914804,Muscidae_Limnophora_triangula_2297490_2842914804,http://creativecommons.org/licenses/by-nc-nd/4.0/
829598,3722708154,Muscidae_Graphomya_maculata_505358_3722708154,http://creativecommons.org/licenses/by-nc-nd/4.0/
829737,2843012792,Muscidae_Stomoxys_calcitrans_920010_2843012792,http://creativecommons.org/licenses/by-nc-nd/4.0/
829946,2842714433,Muscidae_Coenosia_atra_2987589_2842714433,http://creativecommons.org/licenses/by-nc-nd/4.0/
831431,2840216731,Muscidae_Azelia_nebulosa_223672_2840216731,http://creativecommons.org/licenses/by-nc-nd/4.0/
831432,2840216731,Muscidae_Azelia_nebulosa_223673_2840216731,http://creativecommons.org/licenses/by-nc-nd/4.0/
831433,2840216731,Muscidae_Azelia_nebulosa_223674_2840216731,http://creativecommons.org/licenses/by-nc-nd/4.0/
832359,1970727810,Muscidae_Phaonia_fuscata_2874069_1970727810,http://creativecommons.org/licenses/by-nc/4.0/
833897,2838704669,Muscidae_Phaonia_subventa_2980990_2838704669,http://creativecommons.org/licenses/by-nc/4.0/
836318,2840778389,Muscidae_Phaonia_palpata_1603335_2840778389,http://creativecommons.org/licenses/by-nc-nd/4.0/
836319,2840778389,Muscidae_Phaonia_palpata_1603336_2840778389,http://creativecommons.org/licenses/by-nc-nd/4.0/
836320,2840778389,Muscidae_Phaonia_palpata_1603337_2840778389,http://creativecommons.org/licenses/by-nc-nd/4.0/
836580,1966248675,Muscidae_Atherigona_varia_799215_1966248675,http://creativecommons.org/licenses/by-nc-nd/4.0/
836878,3905398314,Muscidae_Musca_autumnalis_3380947_3905398314,http://creativecommons.org/licenses/by-nc-nd/4.0/
837883,1962928182,Muscidae_Achanthiptera_rohrelliformis_794303_1962928182,http://creativecommons.org/licenses/by-nc-nd/4.0/
837991,3827177846,Muscidae_Graphomya_maculata_1948799_3827177846,http://creativecommons.org/licenses/by-nc-nd/4.0/
838044,1959270371,Muscidae_Polietes_meridionalis_1477889_1959270371,http://creativecommons.org/licenses/by-nc-nd/4.0/
839757,3723071000,Muscidae_Thricops_diaphanus_3265070_3723071000,http://creativecommons.org/licenses/by-nc/4.0/
839806,3826251104,Muscidae_Graphomya_maculata_3326851_3826251104,http://creativecommons.org/licenses/by-nc-nd/4.0/
839908,1963060685,Muscidae_Helina_impuncta_2862214_1963060685,http://creativecommons.org/licenses/by-nc-nd/4.0/
840494,3719813476,Muscidae_Neomyia_cornicina_489390_3719813476,http://creativecommons.org/licenses/by-nc-nd/4.0/
840657,1971825107,Muscidae_Caricea_erythrocera_116391_1971825107,http://creativecommons.org/licenses/by-nc-nd/4.0/
840658,1971825107,Muscidae_Caricea_erythrocera_116392_1971825107,http://creativecommons.org/licenses/by-nc-nd/4.0/
840659,1971825107,Muscidae_Caricea_erythrocera_116393_1971825107,http://creativecommons.org/licenses/by-nc-nd/4.0/
840977,3825243905,Muscidae_Lispe_tentaculata_2633046_3825243905,http://creativecommons.org/licenses/by-nc-nd/4.0/
841131,1953295606,Muscidae_Mesembrina_meridiana_89919_1953295606,http://creativecommons.org/licenses/by-nc-nd/4.0/
842091,3716271218,Muscidae_Lispocephala_brachialis_476553_3716271218,http://creativecommons.org/licenses/by-nc-nd/4.0/
843000,1957239466,Muscidae_Helina_reversio_2163781_1957239466,http://creativecommons.org/licenses/by-nc-nd/4.0/
843226,1968681605,Muscidae_Helina_impuncta_2869756_1968681605,http://creativecommons.org/licenses/by-nc-nd/4.0/
843241,2834723196,Muscidae_Phaonia_valida_1595047_2834723196,http://creativecommons.org/licenses/by-nc-nd/4.0/
844581,1967052779,Muscidae_Hydrotaea_dentipes_110237_1967052779,http://creativecommons.org/licenses/by-nc/4.0/
846051,1966477999,Muscidae_Helina_impuncta_2867728_1966477999,http://creativecommons.org/licenses/by-nc-nd/4.0/
846597,2843472570,Muscidae_Lispe_tentaculata_230695_2843472570,http://creativecommons.org/licenses/by-nc/4.0/
847195,1965813711,Muscidae_Limnophora_tigrina_2866101_1965813711,http://creativecommons.org/licenses/by-nc-nd/4.0/
847314,1977475443,Muscidae_Phaonia_subventa_2883758_1977475443,http://creativecommons.org/licenses/by-nc-nd/4.0/
847436,1956656659,Muscidae_Helina_reversio_2852873_1956656659,http://creativecommons.org/licenses/by-nc-nd/4.0/
851161,3997353443,Muscidae_Musca_autumnalis_2740627_3997353443,http://creativecommons.org/licenses/by-nc-nd/4.0/
851851,2836195782,Muscidae_Azelia_triquetra_217228_2836195782,http://creativecommons.org/licenses/by-nc-nd/4.0/
851852,2836195782,Muscidae_Azelia_triquetra_217229_2836195782,http://creativecommons.org/licenses/by-nc-nd/4.0/
851853,2836195782,Muscidae_Azelia_triquetra_217230_2836195782,http://creativecommons.org/licenses/by-nc-nd/4.0/
852616,2841029189,Muscidae_Muscina_prolapsa_224798_2841029189,http://creativecommons.org/licenses/by-nc/4.0/
852825,1959080665,Muscidae_Coenosia_agromyzina_1477620_1959080665,http://creativecommons.org/licenses/by-nc-nd/4.0/
853579,2845187616,Muscidae_Limnophora_tigrina_2302498_2845187616,http://creativecommons.org/licenses/by-nc-nd/4.0/
854923,3822624737,Muscidae_Lispe_tentaculata_3317707_3822624737,http://creativecommons.org/licenses/by-nc-nd/4.0/
855466,1972692995,Muscidae_Phaonia_pallida_2185975_1972692995,http://creativecommons.org/licenses/by-nc-nd/4.0/
855529,3827339531,Muscidae_Mydaea_corni_2638742_3827339531,http://creativecommons.org/licenses/by-nc-nd/4.0/
856072,1966034822,Muscidae_Atherigona_varia_2176281_1966034822,http://creativecommons.org/licenses/by-nc-nd/4.0/
856477,1959479202,Muscidae_Polietes_domitor_789669_1959479202,http://creativecommons.org/licenses/by-nc-nd/4.0/
857738,3903890612,Muscidae_Phaonia_trimaculata_613702_3903890612,http://creativecommons.org/licenses/by-nc-nd/4.0/
859173,2844415080,Muscidae_Polietes_domitor_2990795_2844415080,http://creativecommons.org/licenses/by-nc-nd/4.0/
860319,1965306009,Muscidae_Limnophora_tigrina_2864900_1965306009,http://creativecommons.org/licenses/by-nc/4.0/
860323,1965306009,Muscidae_Limnophora_tigrina_2864904_1965306009,http://creativecommons.org/licenses/by-nc/4.0/
861852,1966549164,Muscidae_Coenosia_agromyzina_2177625_1966549164,http://creativecommons.org/licenses/by-nc-nd/4.0/
863068,1969017366,Muscidae_Phaonia_valida_1490933_1969017366,http://creativecommons.org/licenses/by-nc/4.0/
865064,1972146930,Muscidae_Hebecnema_nigricolor_807376_1972146930,http://creativecommons.org/licenses/by-nc-nd/4.0/
865065,1972146930,Muscidae_Hebecnema_nigricolor_807377_1972146930,http://creativecommons.org/licenses/by-nc-nd/4.0/
865205,2836590370,Muscidae_Haematobosca_stimulans_1596828_2836590370,http://creativecommons.org/licenses/by-nc-nd/4.0/
865208,2836590370,Muscidae_Haematobosca_stimulans_1596831_2836590370,http://creativecommons.org/licenses/by-nc-nd/4.0/
865491,1972380187,Muscidae_Polietes_domitor_117105_1972380187,http://creativecommons.org/licenses/by-nc/4.0/
867739,1952023353,Muscidae_Helina_impuncta_87453_1952023353,http://creativecommons.org/licenses/by-nc/4.0/
868570,1972792679,Muscidae_Phaonia_angelicae_2186170_1972792679,http://creativecommons.org/licenses/by-nc/4.0/
868981,1977449029,Muscidae_Muscina_prolapsa_125440_1977449029,http://creativecommons.org/licenses/by-nc-nd/4.0/
869390,1960959289,Muscidae_Haematobosca_stimulans_2859440_1960959289,http://creativecommons.org/publicdomain/zero/1.0/
869772,1961104861,Muscidae_Graphomya_minor_101294_1961104861,http://creativecommons.org/licenses/by-nc-nd/4.0/
869773,1961104861,Muscidae_Graphomya_minor_101295_1961104861,http://creativecommons.org/licenses/by-nc-nd/4.0/
869774,1961104861,Muscidae_Graphomya_minor_101296_1961104861,http://creativecommons.org/licenses/by-nc-nd/4.0/
870990,1954696453,Muscidae_Polietes_lardaria_781769_1954696453,http://creativecommons.org/licenses/by-nc-nd/4.0/
871819,2837505686,Muscidae_Phaonia_trimaculata_910235_2837505686,http://creativecommons.org/licenses/by-nc-nd/4.0/
872124,1961579937,Muscidae_Phaonia_serva_102286_1961579937,http://creativecommons.org/licenses/by-nc-nd/4.0/
872814,1959278255,Muscidae_Hydrotaea_dentipes_789289_1959278255,http://creativecommons.org/licenses/by-nc-nd/4.0/
874313,3995741243,Muscidae_Phaonia_angelicae_2734941_3995741243,http://creativecommons.org/licenses/by-nc-nd/4.0/
875041,1976107332,Muscidae_Helina_impuncta_1501567_1976107332,http://creativecommons.org/licenses/by-nc/4.0/
875226,2838163305,Muscidae_Limnophora_tigrina_221316_2838163305,http://creativecommons.org/licenses/by-nc-nd/4.0/
875421,1966068276,Muscidae_Lispocephala_brachialis_2176368_1966068276,http://creativecommons.org/licenses/by/4.0/
875453,2836822392,Muscidae_Spilogona_scutulata_2976740_2836822392,http://creativecommons.org/licenses/by-nc-nd/4.0/
875454,2836822392,Muscidae_Spilogona_scutulata_2976741_2836822392,http://creativecommons.org/licenses/by-nc-nd/4.0/
876931,3723546798,Muscidae_Phaonia_valida_507954_3723546798,http://creativecommons.org/publicdomain/zero/1.0/
877064,2841569765,Muscidae_Achanthiptera_rohrelliformis_2984466_2841569765,http://creativecommons.org/licenses/by-nc-sa/4.0/
877065,2841569765,Muscidae_Achanthiptera_rohrelliformis_2984467_2841569765,http://creativecommons.org/licenses/by-nc-sa/4.0/
877386,1958727170,Muscidae_Coenosia_atra_98136_1958727170,http://creativecommons.org/licenses/by-nc/4.0/
877554,1956495996,Muscidae_Hebecnema_nigra_2852781_1956495996,http://creativecommons.org/licenses/by-nc-nd/4.0/
878116,1975600918,Muscidae_Coenosia_rufipalpis_1500905_1975600918,http://creativecommons.org/licenses/by-nc-nd/4.0/
878117,1975600918,Muscidae_Coenosia_rufipalpis_1500906_1975600918,http://creativecommons.org/licenses/by-nc-nd/4.0/
879188,1975480354,Muscidae_Polietes_meridionalis_1500808_1975480354,http://creativecommons.org/licenses/by-nc-sa/4.0/
880186,1975890166,Muscidae_Helina_depuncta_2190514_1975890166,http://creativecommons.org/licenses/by-nc/4.0/
883090,1972324569,Muscidae_Helina_impuncta_1495911_1972324569,http://creativecommons.org/licenses/by-nc/4.0/
885568,1959717283,Muscidae_Coenosia_atra_99664_1959717283,http://creativecommons.org/licenses/by-nc-nd/4.0/
885569,1959717283,Muscidae_Coenosia_atra_99665_1959717283,http://creativecommons.org/licenses/by-nc-nd/4.0/
886184,1969869981,Muscidae_Schoenomyza_litorella_113721_1969869981,http://creativecommons.org/licenses/by-nc-nd/4.0/
886431,1969390791,Muscidae_Limnophora_tigrina_2180956_1969390791,http://creativecommons.org/licenses/by-nc-nd/4.0/
886601,1957173101,Muscidae_Haematobosca_stimulans_785787_1957173101,http://creativecommons.org/licenses/by-nc-nd/4.0/
886603,1957173101,Muscidae_Haematobosca_stimulans_785789_1957173101,http://creativecommons.org/licenses/by-nc-nd/4.0/
886839,3400574450,Muscidae_Caricea_spuria_1709364_3400574450,© All rights reserved
886840,3400574450,Muscidae_Caricea_spuria_1709365_3400574450,© All rights reserved
886841,3400574450,Muscidae_Caricea_spuria_1709366_3400574450,© All rights reserved
887490,3990892390,Muscidae_Hydrotaea_cyrtoneurina_3420360_3990892390,© All rights reserved
887839,2843036415,Muscidae_Limnophora_tigrina_2988318_2843036415,http://creativecommons.org/licenses/by-nc-nd/4.0/
888342,1953527739,Muscidae_Phaonia_errans_90388_1953527739,http://creativecommons.org/licenses/by-nc/4.0/
888499,3722928146,Muscidae_Mydaea_corni_506299_3722928146,http://creativecommons.org/licenses/by-nc/4.0/
888765,1954014725,Muscidae_Helina_evecta_1470089_1954014725,http://creativecommons.org/licenses/by-nc-nd/4.0/
889088,1974086495,Muscidae_Phaonia_atriceps_2879131_1974086495,http://creativecommons.org/licenses/by-nc-nd/4.0/
889089,1974086495,Muscidae_Phaonia_atriceps_2879132_1974086495,http://creativecommons.org/licenses/by-nc-nd/4.0/
889090,1974086495,Muscidae_Phaonia_atriceps_2879133_1974086495,http://creativecommons.org/licenses/by-nc-nd/4.0/
889091,1974086495,Muscidae_Phaonia_atriceps_2879134_1974086495,http://creativecommons.org/licenses/by-nc-nd/4.0/
889751,1958726595,Muscidae_Haematobosca_stimulans_98130_1958726595,http://creativecommons.org/licenses/by-nc/4.0/
891638,3822624912,Muscidae_Coenosia_atra_3317711_3822624912,http://creativecommons.org/licenses/by-nc-nd/4.0/
891861,1965876237,Muscidae_Morellia_aenescens_798270_1965876237,http://creativecommons.org/licenses/by-nc-sa/4.0/
891862,1965876237,Muscidae_Morellia_aenescens_798271_1965876237,http://creativecommons.org/licenses/by-nc-sa/4.0/
891955,1961493937,Muscidae_Graphomya_minor_102139_1961493937,http://creativecommons.org/licenses/by-nc-nd/4.0/
892113,1952300813,Muscidae_Phaonia_pallida_2846134_1952300813,http://creativecommons.org/licenses/by-nc-nd/4.0/
892160,3822625861,Muscidae_Phaonia_trimaculata_2627258_3822625861,http://creativecommons.org/licenses/by-nc-nd/4.0/
892492,2836035774,Muscidae_Lispe_consanguinea_2975680_2836035774,http://creativecommons.org/licenses/by-nc-nd/4.0/
892493,2836035774,Muscidae_Lispe_consanguinea_2975681_2836035774,http://creativecommons.org/licenses/by-nc-nd/4.0/
892494,2836035774,Muscidae_Lispe_consanguinea_2975682_2836035774,http://creativecommons.org/licenses/by-nc-nd/4.0/
892495,2836035774,Muscidae_Lispe_consanguinea_2975683_2836035774,http://creativecommons.org/licenses/by-nc-nd/4.0/
892496,2836035774,Muscidae_Lispe_consanguinea_2975684_2836035774,http://creativecommons.org/licenses/by-nc-nd/4.0/
893908,2834625742,Muscidae_Mydaea_corni_215628_2834625742,http://creativecommons.org/licenses/by-nc-nd/4.0/
894047,2842259905,Muscidae_Phaonia_valida_1606866_2842259905,http://creativecommons.org/licenses/by-nc-nd/4.0/
894464,3904652200,Muscidae_Mydaea_corni_618734_3904652200,http://creativecommons.org/licenses/by-nc-nd/4.0/
894480,1965073510,Muscidae_Phaonia_tuguriorum_1484718_1965073510,http://creativecommons.org/licenses/by-nc-nd/4.0/
897141,1953791822,Muscidae_Phaonia_subventa_781260_1953791822,http://creativecommons.org/licenses/by-nc/4.0/
897979,1957086678,Muscidae_Phaonia_palpata_2163462_1957086678,http://creativecommons.org/licenses/by-nc-nd/4.0/
897982,1957086678,Muscidae_Phaonia_palpata_2163465_1957086678,http://creativecommons.org/licenses/by-nc-nd/4.0/
898486,1956909740,Muscidae_Coenosia_agromyzina_785463_1956909740,http://creativecommons.org/licenses/by-nc-nd/4.0/
900398,1961586641,Muscidae_Hydrotaea_diabolus_102303_1961586641,http://creativecommons.org/licenses/by-nc-nd/4.0/
900915,1976580584,Muscidae_Schoenomyza_litorella_814193_1976580584,http://creativecommons.org/licenses/by-nc-nd/4.0/
901691,1960202482,Muscidae_Schoenomyza_litorella_100587_1960202482,http://creativecommons.org/licenses/by-nc-nd/4.0/
902336,3717810199,Muscidae_Graphomya_maculata_484304_3717810199,http://creativecommons.org/licenses/by-nc-nd/4.0/
903568,1974370663,Muscidae_Coenosia_attenuata_1500131_1974370663,http://creativecommons.org/licenses/by-nc-nd/4.0/
903569,1974370663,Muscidae_Coenosia_attenuata_1500132_1974370663,http://creativecommons.org/licenses/by-nc-nd/4.0/
904102,1957184933,Muscidae_Limnophora_tigrina_785831_1957184933,http://creativecommons.org/licenses/by-nc-nd/4.0/
905432,2836855363,Muscidae_Azelia_cilipes_2286319_2836855363,http://creativecommons.org/licenses/by-nc-nd/4.0/
905571,2834172868,Muscidae_Muscina_prolapsa_904421_2834172868,http://creativecommons.org/licenses/by-nc-nd/4.0/
906330,1976463411,Muscidae_Azelia_cilipes_123173_1976463411,http://creativecommons.org/licenses/by-nc/4.0/
906331,1976463411,Muscidae_Azelia_cilipes_123174_1976463411,http://creativecommons.org/licenses/by-nc/4.0/
906761,1959495435,Muscidae_Phaonia_incana_1478311_1959495435,http://creativecommons.org/licenses/by-nc-nd/4.0/
906762,1959495435,Muscidae_Phaonia_incana_1478312_1959495435,http://creativecommons.org/licenses/by-nc-nd/4.0/
907998,1974055413,Muscidae_Myospila_meditabunda_120516_1974055413,http://creativecommons.org/licenses/by-nc/4.0/
908247,2843545142,Muscidae_Neomyia_cornicina_921013_2843545142,http://creativecommons.org/licenses/by-nc/4.0/
908477,1956242423,Muscidae_Caricea_alma_2852683_1956242423,http://creativecommons.org/licenses/by-nc/4.0/
908703,1957553375,Muscidae_Coenosia_testacea_2164422_1957553375,http://creativecommons.org/licenses/by-nc-nd/4.0/
908704,1957553375,Muscidae_Coenosia_testacea_2164423_1957553375,http://creativecommons.org/licenses/by-nc-nd/4.0/
909202,2841647307,Muscidae_Phaonia_fuscata_2294083_2841647307,http://creativecommons.org/licenses/by-nc-nd/4.0/
909575,1957204136,Muscidae_Limnophora_maculosa_2853529_1957204136,http://creativecommons.org/licenses/by-nc-nd/4.0/
909576,1957204136,Muscidae_Limnophora_maculosa_2853530_1957204136,http://creativecommons.org/licenses/by-nc-nd/4.0/
909577,1957204136,Muscidae_Limnophora_maculosa_2853531_1957204136,http://creativecommons.org/licenses/by-nc-nd/4.0/
910129,1971846987,Muscidae_Caricea_erythrocera_2875001_1971846987,http://creativecommons.org/licenses/by-nc-nd/4.0/
910132,1971846987,Muscidae_Caricea_erythrocera_2875004_1971846987,http://creativecommons.org/licenses/by-nc-nd/4.0/
910133,1971846987,Muscidae_Caricea_erythrocera_2875005_1971846987,http://creativecommons.org/licenses/by-nc-nd/4.0/
910282,1955676680,Muscidae_Helina_impuncta_2851880_1955676680,http://creativecommons.org/licenses/by-nc-nd/4.0/
910948,1955860187,Muscidae_Phaonia_subventa_784720_1955860187,http://creativecommons.org/licenses/by-nc-nd/4.0/
911117,1957423269,Muscidae_Helina_lasiophthalma_2853980_1957423269,http://creativecommons.org/licenses/by-nc-nd/4.0/
911118,1957423269,Muscidae_Helina_lasiophthalma_2853981_1957423269,http://creativecommons.org/licenses/by-nc-nd/4.0/
911159,1972398647,Muscidae_Helina_impuncta_117133_1972398647,http://creativecommons.org/licenses/by-nc/4.0/
911168,1972398647,Muscidae_Helina_impuncta_117142_1972398647,http://creativecommons.org/licenses/by-nc/4.0/
912190,1966835675,Muscidae_Coenosia_agromyzina_2178217_1966835675,http://creativecommons.org/licenses/by-nc-nd/4.0/
912392,1957198330,Muscidae_Morellia_hortorum_1474390_1957198330,http://creativecommons.org/licenses/by-nc-nd/4.0/
912539,1972551923,Muscidae_Phaonia_fuscata_2185701_1972551923,http://creativecommons.org/licenses/by-nc-sa/4.0/
913272,2401139782,Muscidae_Phaonia_meigeni_2220143_2401139782,© All rights reserved
913273,2401139782,Muscidae_Phaonia_meigeni_2220144_2401139782,© All rights reserved
913356,3907654555,Muscidae_Mesembrina_mystacea_635771_3907654555,© All rights reserved
915260,1970739798,Muscidae_Azelia_cilipes_1494615_1970739798,http://creativecommons.org/licenses/by-nc-nd/4.0/
915261,1970739798,Muscidae_Azelia_cilipes_1494616_1970739798,http://creativecommons.org/licenses/by-nc-nd/4.0/
915262,1970739798,Muscidae_Azelia_cilipes_1494617_1970739798,http://creativecommons.org/licenses/by-nc-nd/4.0/
916094,3822621044,Muscidae_Coenosia_atra_1937636_3822621044,http://creativecommons.org/licenses/by-nc-sa/4.0/
916460,2840785118,Muscidae_Phaonia_tuguriorum_224500_2840785118,http://creativecommons.org/licenses/by-nc-nd/4.0/
916507,2845066729,Muscidae_Helina_depuncta_2992696_2845066729,http://creativecommons.org/licenses/by-nc/4.0/
916568,1972123545,Muscidae_Neomyia_cornicina_2185022_1972123545,http://creativecommons.org/licenses/by-nc/4.0/
916668,1956927450,Muscidae_Coenosia_agromyzina_2853144_1956927450,http://creativecommons.org/licenses/by-nc-nd/4.0/
916669,1956927450,Muscidae_Coenosia_agromyzina_2853145_1956927450,http://creativecommons.org/licenses/by-nc-nd/4.0/
916670,1956927450,Muscidae_Coenosia_agromyzina_2853146_1956927450,http://creativecommons.org/licenses/by-nc-nd/4.0/
918206,1959079905,Muscidae_Phaonia_subventa_1477608_1959079905,http://creativecommons.org/licenses/by-nc-nd/4.0/
918688,1958413333,Muscidae_Muscina_levida_2166312_1958413333,http://creativecommons.org/licenses/by-nc-nd/4.0/
918690,1954396701,Muscidae_Polietes_meridionalis_2849152_1954396701,http://creativecommons.org/licenses/by-nc/4.0/
921924,2840764093,Muscidae_Phaonia_tuguriorum_2983025_2840764093,http://creativecommons.org/licenses/by-nc-nd/4.0/
923772,3873499757,Muscidae_Musca_domestica_591064_3873499757,http://creativecommons.org/licenses/by-nc/4.0/
923999,2603313418,Muscidae_Helina_evecta_1565098_2603313418,http://creativecommons.org/licenses/by/4.0/
926047,1970437610,Muscidae_Phaonia_atriceps_114995_1970437610,http://creativecommons.org/licenses/by-nc-nd/4.0/
926048,1970437610,Muscidae_Phaonia_atriceps_114996_1970437610,http://creativecommons.org/licenses/by-nc-nd/4.0/
926272,2845533774,Muscidae_Polietes_domitor_2303151_2845533774,http://creativecommons.org/licenses/by-nc-nd/4.0/
926273,2845533774,Muscidae_Polietes_domitor_2303152_2845533774,http://creativecommons.org/licenses/by-nc-nd/4.0/
926659,1977319167,Muscidae_Azelia_cilipes_2883527_1977319167,http://creativecommons.org/licenses/by-nc/4.0/
926660,1977319167,Muscidae_Azelia_cilipes_2883528_1977319167,http://creativecommons.org/licenses/by-nc/4.0/
927507,3904991962,Muscidae_Mesembrina_meridiana_1309356_3904991962,http://creativecommons.org/publicdomain/zero/1.0/
927791,1960533456,Muscidae_Phaonia_tuguriorum_2169283_1960533456,http://creativecommons.org/licenses/by/4.0/
928435,1961532095,Muscidae_Hebecnema_vespertina_2860626_1961532095,http://creativecommons.org/licenses/by-nc-nd/4.0/
928436,1961532095,Muscidae_Hebecnema_vespertina_2860627_1961532095,http://creativecommons.org/licenses/by-nc-nd/4.0/
929436,1958327540,Muscidae_Morellia_hortorum_1476862_1958327540,http://creativecommons.org/licenses/by-nc-nd/4.0/
929437,1958327540,Muscidae_Morellia_hortorum_1476863_1958327540,http://creativecommons.org/licenses/by-nc-nd/4.0/
929507,3717958018,Muscidae_Graphomya_maculata_2553341_3717958018,http://creativecommons.org/licenses/by-nc-nd/4.0/
932407,1958138860,Muscidae_Phaonia_subventa_1476564_1958138860,http://creativecommons.org/licenses/by-nc-nd/4.0/
932541,1961892375,Muscidae_Muscina_prolapsa_2861095_1961892375,http://creativecommons.org/publicdomain/zero/1.0/
933144,1957365955,Muscidae_Helina_reversio_786212_1957365955,http://creativecommons.org/licenses/by-nc-nd/4.0/
935316,3723304189,Muscidae_Thricops_diaphanus_1196542_3723304189,http://creativecommons.org/licenses/by-nc-nd/4.0/
935765,1952663907,Muscidae_Helina_impuncta_88595_1952663907,http://creativecommons.org/licenses/by-nc-sa/4.0/
937902,1954821171,Muscidae_Spilogona_scutulata_2159772_1954821171,http://creativecommons.org/licenses/by-nc-nd/4.0/
937903,1954821171,Muscidae_Spilogona_scutulata_2159773_1954821171,http://creativecommons.org/licenses/by-nc-nd/4.0/
939229,2845403895,Muscidae_Polietes_domitor_2302920_2845403895,http://creativecommons.org/licenses/by-nc/4.0/
942210,1969491907,Muscidae_Musca_osiris_2871387_1969491907,http://creativecommons.org/licenses/by-nc-nd/4.0/
942211,1969491907,Muscidae_Musca_osiris_2871388_1969491907,http://creativecommons.org/licenses/by-nc-nd/4.0/
942328,3716270513,Muscidae_Coenosia_agromyzina_1855969_3716270513,http://creativecommons.org/licenses/by-nc-nd/4.0/
943467,1952162967,Muscidae_Phaonia_pallida_87593_1952162967,http://creativecommons.org/licenses/by-nc/4.0/
943992,1956495174,Muscidae_Hydrotaea_parva_1473751_1956495174,http://creativecommons.org/licenses/by-nc-nd/4.0/
943993,1956495174,Muscidae_Hydrotaea_parva_1473752_1956495174,http://creativecommons.org/licenses/by-nc-nd/4.0/
944341,1957777399,Muscidae_Schoenomyza_litorella_1475680_1957777399,http://creativecommons.org/licenses/by-nc-nd/4.0/
944554,1955759320,Muscidae_Mydaea_anicula_1473081_1955759320,http://creativecommons.org/licenses/by-nc-nd/4.0/
944555,1955759320,Muscidae_Mydaea_anicula_1473082_1955759320,http://creativecommons.org/licenses/by-nc-nd/4.0/
944763,1957461946,Muscidae_Mesembrina_meridiana_95768_1957461946,http://creativecommons.org/licenses/by/4.0/
946298,3824714491,Muscidae_Coenosia_atra_564884_3824714491,http://creativecommons.org/licenses/by-nc-nd/4.0/
946642,3720438963,Muscidae_Mydaea_corni_3249279_3720438963,http://creativecommons.org/licenses/by-nc-nd/4.0/
947080,1968993120,Muscidae_Limnophora_tigrina_1490891_1968993120,http://creativecommons.org/licenses/by-nc-sa/4.0/
947526,2845107062,Muscidae_Achanthiptera_rohrelliformis_234244_2845107062,http://creativecommons.org/licenses/by-nc-nd/4.0/
948173,1972214219,Muscidae_Neomyia_cornicina_1495701_1972214219,http://creativecommons.org/licenses/by-nc/4.0/
948760,1954719405,Muscidae_Hebecnema_nigra_2849470_1954719405,http://creativecommons.org/licenses/by-nc-nd/4.0/
948865,3732157120,Muscidae_Mesembrina_meridiana_1225978_3732157120,http://creativecommons.org/licenses/by-nc-nd/4.0/
949454,2844796695,Muscidae_Helina_impuncta_2301478_2844796695,http://creativecommons.org/licenses/by-nc/4.0/
949664,1959283158,Muscidae_Coenosia_tigrina_2857099_1959283158,http://creativecommons.org/licenses/by-nc-nd/4.0/
950755,1963217104,Muscidae_Eudasyphora_cyanella_2862338_1963217104,http://creativecommons.org/licenses/by-nc-nd/4.0/
951194,1953003873,Muscidae_Polietes_meridionalis_2157672_1953003873,http://creativecommons.org/licenses/by-nc/4.0/
951507,1958535840,Muscidae_Muscina_levida_788599_1958535840,http://creativecommons.org/licenses/by-nc-nd/4.0/
952135,1951795024,Muscidae_Mydaea_scutellaris_87268_1951795024,http://creativecommons.org/licenses/by-nc-sa/4.0/
952199,1958222076,Muscidae_Phaonia_fuscata_97521_1958222076,http://creativecommons.org/licenses/by-nc-nd/4.0/
952339,1963025389,Muscidae_Phaonia_rufiventris_794417_1963025389,http://creativecommons.org/publicdomain/zero/1.0/
952340,1963025389,Muscidae_Phaonia_rufiventris_794418_1963025389,http://creativecommons.org/publicdomain/zero/1.0/
952897,1972078940,Muscidae_Schoenomyza_litorella_807266_1972078940,http://creativecommons.org/publicdomain/zero/1.0/
954228,1972094723,Muscidae_Phaonia_valida_2184987_1972094723,http://creativecommons.org/licenses/by-nc/4.0/
955077,3827161292,Muscidae_Coenosia_atra_570475_3827161292,http://creativecommons.org/licenses/by-nc-nd/4.0/
955103,1969583102,Muscidae_Helina_sexmaculata_2181478_1969583102,http://creativecommons.org/licenses/by-nc-nd/4.0/
955154,1959333535,Muscidae_Polietes_domitor_2857207_1959333535,http://creativecommons.org/licenses/by-nc-nd/4.0/
955691,1952275232,Muscidae_Phaonia_valida_87755_1952275232,http://creativecommons.org/licenses/by-nc-nd/4.0/
956478,2833334690,Muscidae_Helina_depuncta_2279809_2833334690,http://creativecommons.org/licenses/by-nc/4.0/
956931,1977195440,Muscidae_Helina_protuberans_124993_1977195440,http://creativecommons.org/licenses/by-nc-nd/4.0/
956932,1977195440,Muscidae_Helina_protuberans_124994_1977195440,http://creativecommons.org/licenses/by-nc-nd/4.0/
958921,1957866210,Muscidae_Hydrotaea_ignava_2165186_1957866210,http://creativecommons.org/licenses/by-nc-nd/4.0/
958922,1957866210,Muscidae_Hydrotaea_ignava_2165187_1957866210,http://creativecommons.org/licenses/by-nc-nd/4.0/
960052,2845049764,Muscidae_Lispe_tentaculata_2992667_2845049764,http://creativecommons.org/licenses/by-nc-nd/4.0/
960438,1962397581,Muscidae_Polietes_meridionalis_2861364_1962397581,http://creativecommons.org/licenses/by-nc-nd/4.0/
960439,1962397581,Muscidae_Polietes_meridionalis_2861365_1962397581,http://creativecommons.org/licenses/by-nc-nd/4.0/
960440,1962397581,Muscidae_Polietes_meridionalis_2861366_1962397581,http://creativecommons.org/licenses/by-nc-nd/4.0/
960445,1962397581,Muscidae_Polietes_meridionalis_2861371_1962397581,http://creativecommons.org/licenses/by-nc-nd/4.0/
961239,1974819201,Muscidae_Morellia_aenescens_2189703_1974819201,http://creativecommons.org/licenses/by-nc-nd/4.0/
961842,1954938734,Muscidae_Morellia_aenescens_1470907_1954938734,http://creativecommons.org/licenses/by-nc-nd/4.0/
962500,2837609652,Muscidae_Phaonia_trimaculata_2978772_2837609652,http://creativecommons.org/licenses/by-nc-nd/4.0/
962563,1960838873,Muscidae_Polietes_lardaria_2859345_1960838873,http://creativecommons.org/licenses/by-nc-nd/4.0/
964909,1969268292,Muscidae_Coenosia_antennata_2180667_1969268292,http://creativecommons.org/licenses/by-nc-nd/4.0/
966036,2832975699,Muscidae_Musca_osiris_1590580_2832975699,http://creativecommons.org/licenses/by-nc-nd/4.0/
966037,2832975699,Muscidae_Musca_osiris_1590581_2832975699,http://creativecommons.org/licenses/by-nc-nd/4.0/
966039,1964909083,Muscidae_Phaonia_valida_2863615_1964909083,http://creativecommons.org/licenses/by-nc-nd/4.0/
966332,1962932762,Muscidae_Polietes_meridionalis_103590_1962932762,http://creativecommons.org/licenses/by-nc-nd/4.0/
966768,1957275610,Muscidae_Lispe_consanguinea_2853686_1957275610,http://creativecommons.org/licenses/by-nc-nd/4.0/
967443,2835569773,Muscidae_Mydaea_corni_2975394_2835569773,http://creativecommons.org/licenses/by-nc/4.0/
967639,2833461127,Muscidae_Helina_impuncta_2970646_2833461127,http://creativecommons.org/licenses/by-nc-nd/4.0/
968051,1957762301,Muscidae_Coenosia_mollicula_2854694_1957762301,http://creativecommons.org/licenses/by-nc-nd/4.0/
972745,1957765220,Muscidae_Limnophora_maculosa_1475651_1957765220,http://creativecommons.org/licenses/by-nc-nd/4.0/
972822,2842478959,Muscidae_Mydaea_corni_2987012_2842478959,http://creativecommons.org/licenses/by-nc-nd/4.0/
973232,1955260042,Muscidae_Phaonia_pallida_92442_1955260042,http://creativecommons.org/licenses/by-nc/4.0/
973528,1977475420,Muscidae_Lispocephala_brachialis_2883753_1977475420,http://creativecommons.org/licenses/by-nc-nd/4.0/
975257,1977663629,Muscidae_Caricea_erythrocera_2883934_1977663629,http://creativecommons.org/licenses/by-nc-nd/4.0/
975258,1977663629,Muscidae_Caricea_erythrocera_2883935_1977663629,http://creativecommons.org/licenses/by-nc-nd/4.0/
975259,1977663629,Muscidae_Caricea_erythrocera_2883936_1977663629,http://creativecommons.org/licenses/by-nc-nd/4.0/
975260,1977663629,Muscidae_Caricea_erythrocera_2883937_1977663629,http://creativecommons.org/licenses/by-nc-nd/4.0/
975893,1975714387,Muscidae_Phaonia_subventa_2190248_1975714387,http://creativecommons.org/licenses/by-nc/4.0/
976405,1954823491,Muscidae_Limnophora_tigrina_91388_1954823491,http://creativecommons.org/licenses/by-nc/4.0/
977846,3718257936,Muscidae_Schoenomyza_litorella_486345_3718257936,http://creativecommons.org/licenses/by-nc-nd/4.0/
980738,1963025531,Muscidae_Phaonia_rufiventris_103713_1963025531,http://creativecommons.org/publicdomain/zero/1.0/
980860,1962255877,Muscidae_Graphomya_minor_102815_1962255877,http://creativecommons.org/licenses/by-nc-sa/4.0/
980862,1962255877,Muscidae_Graphomya_minor_102817_1962255877,http://creativecommons.org/licenses/by-nc-sa/4.0/
981747,1975544673,Muscidae_Polietes_meridionalis_1500849_1975544673,http://creativecommons.org/licenses/by-nc-sa/4.0/
981766,1959413745,Muscidae_Neomyia_viridescens_789554_1959413745,http://creativecommons.org/licenses/by-nc-nd/4.0/
982139,2844870501,Muscidae_Hydrotaea_irritans_1612498_2844870501,http://creativecommons.org/licenses/by-nc-nd/4.0/
982140,2844870501,Muscidae_Hydrotaea_irritans_1612499_2844870501,http://creativecommons.org/licenses/by-nc-nd/4.0/
982141,2844870501,Muscidae_Hydrotaea_irritans_1612500_2844870501,http://creativecommons.org/licenses/by-nc-nd/4.0/
982142,2844870501,Muscidae_Hydrotaea_irritans_1612501_2844870501,http://creativecommons.org/licenses/by-nc-nd/4.0/
982892,2841289194,Muscidae_Limnophora_tigrina_2983767_2841289194,http://creativecommons.org/licenses/by-nc-nd/4.0/
982893,2841289194,Muscidae_Limnophora_tigrina_2983768_2841289194,http://creativecommons.org/licenses/by-nc-nd/4.0/
983672,1959425454,Muscidae_Coenosia_atra_789581_1959425454,http://creativecommons.org/licenses/by-nc-nd/4.0/
985196,1958571096,Muscidae_Phaonia_fuscata_2856337_1958571096,http://creativecommons.org/licenses/by-nc/4.0/
985246,2844432828,Muscidae_Achanthiptera_rohrelliformis_2300216_2844432828,http://creativecommons.org/licenses/by-nc-nd/4.0/
985349,1975044093,Muscidae_Coenosia_agromyzina_2189856_1975044093,http://creativecommons.org/licenses/by-nc-nd/4.0/
985696,1954842551,Muscidae_Caricea_erythrocera_2159817_1954842551,http://creativecommons.org/licenses/by-nc-nd/4.0/
987109,3772415364,Muscidae_Musca_osiris_1238718_3772415364,http://creativecommons.org/licenses/by-nc/4.0/
987111,3772415364,Muscidae_Musca_osiris_1238720_3772415364,http://creativecommons.org/licenses/by-nc/4.0/
987192,3383895677,Muscidae_Helina_sexmaculata_1008668_3383895677,http://creativecommons.org/licenses/by-nc/4.0/
987525,3923335646,Muscidae_Muscina_stabulans_2713534_3923335646,http://creativecommons.org/licenses/by-nc/4.0/
988946,1959189855,Muscidae_Coenosia_tigrina_2167073_1959189855,http://creativecommons.org/licenses/by-nc-nd/4.0/
989996,1954811191,Muscidae_Mydaea_urbana_2849607_1954811191,http://creativecommons.org/licenses/by-nc-nd/4.0/
989997,1954811191,Muscidae_Mydaea_urbana_2849608_1954811191,http://creativecommons.org/licenses/by-nc-nd/4.0/
989998,1954811191,Muscidae_Mydaea_urbana_2849609_1954811191,http://creativecommons.org/licenses/by-nc-nd/4.0/
989999,1954811191,Muscidae_Mydaea_urbana_2849610_1954811191,http://creativecommons.org/licenses/by-nc-nd/4.0/
992859,3732719185,Muscidae_Phaonia_subventa_1228868_3732719185,http://creativecommons.org/licenses/by-nc-nd/4.0/
993252,2838741509,Muscidae_Limnophora_tigrina_2290528_2838741509,http://creativecommons.org/licenses/by-nc-nd/4.0/
994174,1957874035,Muscidae_Helina_impuncta_1475951_1957874035,http://creativecommons.org/licenses/by-nc-nd/4.0/
994851,1951964269,Muscidae_Phaonia_valida_2845759_1951964269,http://creativecommons.org/licenses/by-nc-nd/4.0/
995983,1969811083,Muscidae_Phaonia_tuguriorum_113613_1969811083,http://creativecommons.org/licenses/by-nc-nd/4.0/
995994,1957109636,Muscidae_Polietes_lardaria_2163508_1957109636,http://creativecommons.org/licenses/by-nc-nd/4.0/
996078,1960977825,Muscidae_Morellia_hortorum_101030_1960977825,http://creativecommons.org/licenses/by-nc-nd/4.0/
997284,3412042457,Muscidae_Thricops_nigrifrons_2400222_3412042457,© All rights reserved
997285,3412042457,Muscidae_Thricops_nigrifrons_2400223_3412042457,© All rights reserved
997286,3412042457,Muscidae_Thricops_nigrifrons_2400224_3412042457,© All rights reserved
997287,3412042457,Muscidae_Thricops_nigrifrons_2400225_3412042457,© All rights reserved
997288,3412042457,Muscidae_Thricops_nigrifrons_2400226_3412042457,© All rights reserved
997291,2408087768,Muscidae_Thricops_semicinereus_1532826_2408087768,© All rights reserved
997414,1899634608,Muscidae_Thricops_nigrifrons_83211_1899634608,© All rights reserved
997620,3767840376,Muscidae_Caricea_erythrocera_2616879_3767840376,© all rights reserved
998153,1955507285,Muscidae_Lispe_pygmaea_2161508_1955507285,http://creativecommons.org/licenses/by-nc-nd/4.0/
998154,1955507285,Muscidae_Lispe_pygmaea_2161509_1955507285,http://creativecommons.org/licenses/by-nc-nd/4.0/
999246,1958632766,Muscidae_Coenosia_tigrina_788678_1958632766,http://creativecommons.org/licenses/by-nc-nd/4.0/
1000586,1954695453,Muscidae_Mesembrina_meridiana_91128_1954695453,http://creativecommons.org/licenses/by-nc-nd/4.0/
1001458,1955680204,Muscidae_Hebecnema_nigricolor_784140_1955680204,http://creativecommons.org/licenses/by-nc-nd/4.0/
1001460,1955680204,Muscidae_Hebecnema_nigricolor_784142_1955680204,http://creativecommons.org/licenses/by-nc-nd/4.0/
1001461,1955680204,Muscidae_Hebecnema_nigricolor_784143_1955680204,http://creativecommons.org/licenses/by-nc-nd/4.0/
1001732,1973986677,Muscidae_Phaonia_palpata_2878915_1973986677,http://creativecommons.org/licenses/by-nc/4.0/
1003450,1977243234,Muscidae_Phaonia_gobertii_125103_1977243234,http://creativecommons.org/licenses/by-nc-nd/4.0/
1003451,1977243234,Muscidae_Phaonia_gobertii_125104_1977243234,http://creativecommons.org/licenses/by-nc-nd/4.0/
1004061,3822454243,Muscidae_Achanthiptera_rohrelliformis_1936970_3822454243,http://creativecommons.org/licenses/by-nc-nd/4.0/
1004537,2845183797,Muscidae_Hebecnema_vespertina_2992951_2845183797,http://creativecommons.org/licenses/by-nc-nd/4.0/
1005400,2833445434,Muscidae_Phaonia_rufiventris_1591294_2833445434,http://creativecommons.org/licenses/by-nc-nd/4.0/
1006041,3826761161,Muscidae_Lispe_tentaculata_2637054_3826761161,http://creativecommons.org/licenses/by-nc/4.0/
1006111,1959138345,Muscidae_Haematobosca_stimulans_789142_1959138345,http://creativecommons.org/publicdomain/zero/1.0/
1006394,1975815918,Muscidae_Helina_depuncta_122013_1975815918,http://creativecommons.org/licenses/by-nc/4.0/
1006677,1953337509,Muscidae_Azelia_cilipes_2848227_1953337509,http://creativecommons.org/licenses/by-nc-nd/4.0/
1007007,1965608460,Muscidae_Helina_sexmaculata_1486250_1965608460,http://creativecommons.org/licenses/by-nc/4.0/
1007305,3722767690,Muscidae_Mesembrina_mystacea_505619_3722767690,http://creativecommons.org/licenses/by-nc-nd/4.0/
1009022,3825365968,Muscidae_Lispe_tentaculata_1944268_3825365968,http://creativecommons.org/licenses/by-nc-nd/4.0/
1009023,3825365968,Muscidae_Lispe_tentaculata_1944269_3825365968,http://creativecommons.org/licenses/by-nc-nd/4.0/
1010399,1972123014,Muscidae_Thricops_diaphanus_2875229_1972123014,http://creativecommons.org/licenses/by-nc/4.0/
1011592,2465084074,Muscidae_Phaonia_fuscata_2922873_2465084074,http://creativecommons.org/licenses/by-nc-sa/4.0/
1012636,3061701370,Muscidae_Phaonia_subventa_3031305_3061701370,http://creativecommons.org/licenses/by/4.0/
1013509,3773233320,Muscidae_Stomoxys_calcitrans_1930044_3773233320,http://creativecommons.org/licenses/by-nc/4.0/
1013753,3902753730,Muscidae_Musca_osiris_1297979_3902753730,http://creativecommons.org/licenses/by-nc/4.0/
1014796,2465128829,Muscidae_Phaonia_pallida_854775_2465128829,http://creativecommons.org/licenses/by-nc/4.0/
1015136,3455639833,Muscidae_Helina_protuberans_1147831_3455639833,http://creativecommons.org/licenses/by-nc/4.0/
1015137,3455639833,Muscidae_Helina_protuberans_1147832_3455639833,http://creativecommons.org/licenses/by-nc/4.0/
1016520,3963396555,Muscidae_Musca_domestica_655559_3963396555,http://creativecommons.org/licenses/by-nc/4.0/
1018746,1973718861,Muscidae_Lispe_pygmaea_1498739_1973718861,http://creativecommons.org/licenses/by-nc-nd/4.0/
1018747,1973718861,Muscidae_Lispe_pygmaea_1498740_1973718861,http://creativecommons.org/licenses/by-nc-nd/4.0/
1020863,1965621599,Muscidae_Coenosia_atra_106956_1965621599,http://creativecommons.org/licenses/by-nc-sa/4.0/
1021187,1961112630,Muscidae_Graphomya_minor_2169791_1961112630,http://creativecommons.org/licenses/by-nc-nd/4.0/
1021188,1961112630,Muscidae_Graphomya_minor_2169792_1961112630,http://creativecommons.org/licenses/by-nc-nd/4.0/
1021221,1956808321,Muscidae_Musca_autumnalis_2852935_1956808321,http://creativecommons.org/licenses/by-nc-nd/4.0/
1021813,3906916583,Muscidae_Graphomya_maculata_1320486_3906916583,http://creativecommons.org/licenses/by-nc-nd/4.0/
1022571,2834757132,Muscidae_Limnophora_tigrina_2974495_2834757132,http://creativecommons.org/licenses/by-nc-nd/4.0/
1022812,1957737408,Muscidae_Hebecnema_umbratica_2854624_1957737408,http://creativecommons.org/licenses/by-nc-nd/4.0/
1022813,1957737408,Muscidae_Hebecnema_umbratica_2854625_1957737408,http://creativecommons.org/licenses/by-nc-nd/4.0/
1022814,1957737408,Muscidae_Hebecnema_umbratica_2854626_1957737408,http://creativecommons.org/licenses/by-nc-nd/4.0/
1023294,1959049000,Muscidae_Polietes_meridionalis_98437_1959049000,http://creativecommons.org/licenses/by-nc-nd/4.0/
1023814,1959150269,Muscidae_Haematobosca_stimulans_98597_1959150269,http://creativecommons.org/licenses/by-nc-nd/4.0/
1025501,1957081485,Muscidae_Helina_reversio_2853333_1957081485,http://creativecommons.org/licenses/by-nc-nd/4.0/
1026511,3696566376,Muscidae_Caricea_falculata_1161492_3696566376,http://creativecommons.org/licenses/by/4.0/
1026994,3331491718,Muscidae_Neomyia_viridescens_1681951_3331491718,http://creativecommons.org/licenses/by/4.0/
1027000,3696567210,Muscidae_Hebecnema_nigra_3230511_3696567210,http://creativecommons.org/licenses/by/4.0/
1028033,1633797836,Muscidae_Coenosia_attenuata_2121053_1633797836,
1028368,2574073244,Muscidae_Musca_osiris_182478_2574073244,http://creativecommons.org/licenses/by/4.0/
1028370,2574073244,Muscidae_Musca_osiris_182480_2574073244,http://creativecommons.org/licenses/by/4.0/
1029423,3988624513,Muscidae_Lispe_pectinipes_1350597_3988624513,http://creativecommons.org/licenses/by-nc/4.0/
1029429,3988624513,Muscidae_Lispe_pectinipes_1350603_3988624513,http://creativecommons.org/licenses/by-nc/4.0/
1029434,3988624513,Muscidae_Lispe_pectinipes_1350608_3988624513,http://creativecommons.org/licenses/by-nc/4.0/
1029436,3988624513,Muscidae_Lispe_pectinipes_1350610_3988624513,http://creativecommons.org/licenses/by-nc/4.0/
1032505,2859892369,Muscidae_Mydaea_corni_3000254_2859892369,http://creativecommons.org/licenses/by/4.0/
1032705,3031813367,Muscidae_Musca_domestica_266060_3031813367,http://creativecommons.org/licenses/by-nc/4.0/
1034369,3903552029,Muscidae_Mesembrina_mystacea_1991409_3903552029,http://creativecommons.org/licenses/by-nc/4.0/
1036254,2833003497,Muscidae_Lispe_consanguinea_901622_2833003497,http://creativecommons.org/licenses/by-nc-nd/4.0/
1036255,2833003497,Muscidae_Lispe_consanguinea_901623_2833003497,http://creativecommons.org/licenses/by-nc-nd/4.0/
1036256,2833003497,Muscidae_Lispe_consanguinea_901624_2833003497,http://creativecommons.org/licenses/by-nc-nd/4.0/
1036257,2833003497,Muscidae_Lispe_consanguinea_901625_2833003497,http://creativecommons.org/licenses/by-nc-nd/4.0/
1036889,1959295198,Muscidae_Hydrotaea_dentipes_789336_1959295198,http://creativecommons.org/licenses/by-nc-nd/4.0/
1036891,1959295198,Muscidae_Hydrotaea_dentipes_789338_1959295198,http://creativecommons.org/licenses/by-nc-nd/4.0/
1037501,1962683239,Muscidae_Mesembrina_meridiana_1482455_1962683239,http://creativecommons.org/licenses/by-nc-nd/4.0/
1037707,1959584118,Muscidae_Limnospila_albifrons_2857698_1959584118,http://creativecommons.org/licenses/by-nc-nd/4.0/
1037708,1959584118,Muscidae_Limnospila_albifrons_2857699_1959584118,http://creativecommons.org/licenses/by-nc-nd/4.0/
1039094,2834304088,Muscidae_Coenosia_atra_1593776_2834304088,http://creativecommons.org/licenses/by-nc-nd/4.0/
1040115,1969262307,Muscidae_Coenosia_pedella_2870814_1969262307,http://creativecommons.org/licenses/by-nc-nd/4.0/
1040116,1969262307,Muscidae_Coenosia_pedella_2870815_1969262307,http://creativecommons.org/licenses/by-nc-nd/4.0/
1042361,3905150754,Muscidae_Schoenomyza_litorella_2689067_3905150754,http://creativecommons.org/licenses/by-nc-nd/4.0/
1042366,1972204248,Muscidae_Neomyia_cornicina_2185147_1972204248,http://creativecommons.org/licenses/by-nc/4.0/
1042525,1958082001,Muscidae_Coenosia_tigrina_1476461_1958082001,http://creativecommons.org/licenses/by-nc-nd/4.0/
1043258,1968712398,Muscidae_Eudasyphora_cyanicolor_2179683_1968712398,http://creativecommons.org/licenses/by-nc-nd/4.0/
1043262,1968712398,Muscidae_Eudasyphora_cyanicolor_2179687_1968712398,http://creativecommons.org/licenses/by-nc-nd/4.0/
1043702,1958537590,Muscidae_Muscina_prolapsa_97961_1958537590,http://creativecommons.org/publicdomain/zero/1.0/
1043999,1951300670,Muscidae_Phaonia_palpata_2845376_1951300670,http://creativecommons.org/licenses/by-nc-nd/4.0/
1044000,1951300670,Muscidae_Phaonia_palpata_2845377_1951300670,http://creativecommons.org/licenses/by-nc-nd/4.0/
1044001,1951300670,Muscidae_Phaonia_palpata_2845378_1951300670,http://creativecommons.org/licenses/by-nc-nd/4.0/
1044002,1951300670,Muscidae_Phaonia_palpata_2845379_1951300670,http://creativecommons.org/licenses/by-nc-nd/4.0/
1044594,2576278058,Muscidae_Muscina_levida_2941268_2576278058,http://creativecommons.org/licenses/by/4.0/
1045134,3061740572,Muscidae_Caricea_alma_963086_3061740572,http://creativecommons.org/licenses/by-nc/4.0/
1045135,3061740572,Muscidae_Caricea_alma_963087_3061740572,http://creativecommons.org/licenses/by-nc/4.0/
1045137,3061740572,Muscidae_Caricea_alma_963089_3061740572,http://creativecommons.org/licenses/by-nc/4.0/
1045138,3061740572,Muscidae_Caricea_alma_963090_3061740572,http://creativecommons.org/licenses/by-nc/4.0/
1045315,3456259569,Muscidae_Coenosia_agromyzina_1150674_3456259569,http://creativecommons.org/licenses/by/4.0/
1045734,3988449054,Muscidae_Muscina_stabulans_1349763_3988449054,http://creativecommons.org/licenses/by-nc/4.0/
1045859,2603419677,Muscidae_Helina_evecta_876491_2603419677,http://creativecommons.org/licenses/by/4.0/
1046279,2447939335,Muscidae_Neomyia_viridescens_2230732_2447939335,http://creativecommons.org/licenses/by/4.0/
1046460,3067681258,Muscidae_Myospila_meditabunda_2341893_3067681258,http://creativecommons.org/licenses/by/4.0/
1046461,3067681258,Muscidae_Myospila_meditabunda_2341894_3067681258,http://creativecommons.org/licenses/by/4.0/
1046782,2001433384,Muscidae_Morellia_hortorum_823121_2001433384,http://creativecommons.org/licenses/by-nc-sa/4.0/
1046989,3447686126,Muscidae_Helina_atlantica_454219_3447686126,http://creativecommons.org/licenses/by-sa/4.0/
1046994,3447686161,Muscidae_Helina_lundbladi_3212339_3447686161,http://creativecommons.org/licenses/by-sa/4.0/
1046996,3447686176,Muscidae_Helina_atlantica_454220_3447686176,http://creativecommons.org/licenses/by-sa/4.0/
1046997,3447686183,Muscidae_Helina_lundbladi_2522139_3447686183,http://creativecommons.org/licenses/by-sa/4.0/
1046998,3447686200,Muscidae_Helina_atlantica_2522140_3447686200,http://creativecommons.org/licenses/by-sa/4.0/
1047005,3447686487,Muscidae_Phaonia_canariensis_454221_3447686487,http://creativecommons.org/licenses/by-sa/4.0/
1047006,3447686530,Muscidae_Phaonia_canariensis_3212341_3447686530,http://creativecommons.org/licenses/by-sa/4.0/
1047007,3447686597,Muscidae_Lispe_frigida_1833062_3447686597,http://creativecommons.org/licenses/by-sa/4.0/
1047689,3109053477,Muscidae_Phaonia_subventa_2350911_3109053477,http://creativecommons.org/licenses/by/4.0/
1048473,2543060136,Muscidae_Thricops_semicinereus_2926581_2543060136,http://creativecommons.org/licenses/by-nc/4.0/
1048475,2543060136,Muscidae_Thricops_semicinereus_2926583_2543060136,http://creativecommons.org/licenses/by-nc/4.0/
1049108,2283141796,Muscidae_Morellia_simplex_1525298_2283141796,http://creativecommons.org/licenses/by-nc/4.0/
1049623,3468990362,Muscidae_Lispocephala_brachialis_468683_3468990362,http://creativecommons.org/licenses/by-nc/4.0/
1049624,3468990362,Muscidae_Lispocephala_brachialis_468684_3468990362,http://creativecommons.org/licenses/by-nc/4.0/
1049698,2465212675,Muscidae_Helina_veterana_2923218_2465212675,http://creativecommons.org/licenses/by-nc/4.0/
1049699,2465212675,Muscidae_Helina_veterana_2923219_2465212675,http://creativecommons.org/licenses/by-nc/4.0/
1049905,3986056082,Muscidae_Helina_clara_2037978_3986056082,http://creativecommons.org/licenses/by-nc/4.0/
1051484,2992737344,Muscidae_Musca_autumnalis_258712_2992737344,http://creativecommons.org/licenses/by/4.0/
1051697,3017958062,Muscidae_Phaonia_valida_263173_3017958062,http://creativecommons.org/licenses/by-nc/4.0/
1051974,1880510903,Muscidae_Neomyia_cornicina_2837984_1880510903,http://creativecommons.org/licenses/by-nc/4.0/
1053210,1955657699,Muscidae_Coenosia_atra_2161899_1955657699,http://creativecommons.org/licenses/by-nc/4.0/
1053838,1973976915,Muscidae_Helina_depuncta_2188678_1973976915,http://creativecommons.org/licenses/by-nc/4.0/
1054348,3722855031,Muscidae_Graphomya_maculata_1884351_3722855031,http://creativecommons.org/licenses/by-nc/4.0/
1054746,3905715480,Muscidae_Helina_sexmaculata_1313554_3905715480,http://creativecommons.org/licenses/by-nc-nd/4.0/
1054747,3905715480,Muscidae_Helina_sexmaculata_1313555_3905715480,http://creativecommons.org/licenses/by-nc-nd/4.0/
1054775,1965302139,Muscidae_Coenosia_tigrina_2864896_1965302139,http://creativecommons.org/licenses/by-nc-nd/4.0/
1055575,1951841861,Muscidae_Polietes_lardaria_777926_1951841861,http://creativecommons.org/licenses/by-nc-nd/4.0/
1056881,1968876959,Muscidae_Spanochaeta_dorsalis_1490729_1968876959,http://creativecommons.org/licenses/by-nc-nd/4.0/
1056882,1968876959,Muscidae_Spanochaeta_dorsalis_1490730_1968876959,http://creativecommons.org/licenses/by-nc-nd/4.0/
1056883,1968876959,Muscidae_Spanochaeta_dorsalis_1490731_1968876959,http://creativecommons.org/licenses/by-nc-nd/4.0/
1057607,1962554609,Muscidae_Graphomya_minor_103033_1962554609,http://creativecommons.org/licenses/by-nc-nd/4.0/
1057610,1962554609,Muscidae_Graphomya_minor_103036_1962554609,http://creativecommons.org/licenses/by-nc-nd/4.0/
1057611,1962554609,Muscidae_Graphomya_minor_103037_1962554609,http://creativecommons.org/licenses/by-nc-nd/4.0/
1057612,1962554609,Muscidae_Graphomya_minor_103038_1962554609,http://creativecommons.org/licenses/by-nc-nd/4.0/
1057937,1961930991,Muscidae_Muscina_levida_793381_1961930991,http://creativecommons.org/publicdomain/zero/1.0/
1058144,1964735085,Muscidae_Phaonia_rufiventris_2173159_1964735085,http://creativecommons.org/licenses/by/4.0/
1058956,1968707784,Muscidae_Limnophora_triangula_801972_1968707784,http://creativecommons.org/licenses/by-nc-nd/4.0/
1058957,1968707784,Muscidae_Limnophora_triangula_801973_1968707784,http://creativecommons.org/licenses/by-nc-nd/4.0/
1058958,1968707784,Muscidae_Limnophora_triangula_801974_1968707784,http://creativecommons.org/licenses/by-nc-nd/4.0/
1059279,1974792422,Muscidae_Lispocephala_brachialis_2189694_1974792422,http://creativecommons.org/licenses/by-nc-nd/4.0/
1059661,1958283298,Muscidae_Phaonia_fuscata_2166082_1958283298,http://creativecommons.org/licenses/by-nc-nd/4.0/
1059866,2838462586,Muscidae_Coenosia_atra_2290059_2838462586,http://creativecommons.org/licenses/by-nc-nd/4.0/
1060712,2248739726,Muscidae_Hydrotaea_dentipes_828492_2248739726,http://creativecommons.org/licenses/by-nc-sa/4.0/
1060731,2633240341,Muscidae_Hydrotaea_ignava_1572677_2633240341,http://creativecommons.org/licenses/by-nc-sa/4.0/
1060864,3448658545,Muscidae_Limnophora_riparia_454894_3448658545,http://creativecommons.org/licenses/by-sa/4.0/
1061928,3393077369,Muscidae_Polietes_lardaria_2395215_3393077369,© All rights reserved
1062528,3819935470,Muscidae_Hydrotaea_ignava_3316492_3819935470,http://creativecommons.org/licenses/by/4.0/
1062529,3819935470,Muscidae_Hydrotaea_ignava_3316493_3819935470,http://creativecommons.org/licenses/by/4.0/
