id,gbifID,file_name,license
1180,3383900529,Sarcophagidae_Amobia_signata_3077275_3383900529,http://creativecommons.org/licenses/by-nc/4.0/
1181,3383900529,Sarcophagidae_Amobia_signata_3077276_3383900529,http://creativecommons.org/licenses/by-nc/4.0/
1182,3383900529,Sarcophagidae_Amobia_signata_3077277_3383900529,http://creativecommons.org/licenses/by-nc/4.0/
1183,3383900529,Sarcophagidae_Amobia_signata_3077278_3383900529,http://creativecommons.org/licenses/by-nc/4.0/
1184,3383900529,Sarcophagidae_Amobia_signata_3077279_3383900529,http://creativecommons.org/licenses/by-nc/4.0/
1185,3383900529,Sarcophagidae_Amobia_signata_3077280_3383900529,http://creativecommons.org/licenses/by-nc/4.0/
1186,3383900529,Sarcophagidae_Amobia_signata_3077281_3383900529,http://creativecommons.org/licenses/by-nc/4.0/
3569,2397498368,Sarcophagidae_Nyctia_halterata_1529731_2397498368,http://creativecommons.org/publicdomain/zero/1.0/
3570,2397498368,Sarcophagidae_Nyctia_halterata_1529732_2397498368,http://creativecommons.org/publicdomain/zero/1.0/
5249,3994234356,Sarcophagidae_Taxigramma_hilarella_2041516_3994234356,http://creativecommons.org/licenses/by-nc/4.0/
5775,3456094563,Sarcophagidae_Amobia_signata_1839471_3456094563,http://creativecommons.org/licenses/by-nc/4.0/
6239,3313431481,Sarcophagidae_Sarcophaga_carnaria_2361900_3313431481,© All rights reserved
6366,3764971424,Sarcophagidae_Sarcophaga_carnaria_1927492_3764971424,© All rights reserved
6384,3440109425,Sarcophagidae_Ravinia_pernix_3096884_3440109425,http://creativecommons.org/licenses/by-nc-sa/4.0/
7426,3027758434,Sarcophagidae_Sarcophaga_carnaria_954636_3027758434,© All rights reserved
7427,3027758434,Sarcophagidae_Sarcophaga_carnaria_954637_3027758434,© All rights reserved
10752,3325823497,Sarcophagidae_Wohlfahrtia_bella_988821_3325823497,http://creativecommons.org/licenses/by-nc/4.0/
12391,3383960474,Sarcophagidae_Amobia_signata_3077704_3383960474,http://creativecommons.org/licenses/by-nc/4.0/
12392,3383960474,Sarcophagidae_Amobia_signata_3077705_3383960474,http://creativecommons.org/licenses/by-nc/4.0/
12393,3383960474,Sarcophagidae_Amobia_signata_3077706_3383960474,http://creativecommons.org/licenses/by-nc/4.0/
12394,3383960474,Sarcophagidae_Amobia_signata_3077707_3383960474,http://creativecommons.org/licenses/by-nc/4.0/
12395,3383960474,Sarcophagidae_Amobia_signata_3077708_3383960474,http://creativecommons.org/licenses/by-nc/4.0/
12396,3383960474,Sarcophagidae_Amobia_signata_3077709_3383960474,http://creativecommons.org/licenses/by-nc/4.0/
12397,3383960474,Sarcophagidae_Amobia_signata_3077710_3383960474,http://creativecommons.org/licenses/by-nc/4.0/
12398,3383960474,Sarcophagidae_Amobia_signata_3077711_3383960474,http://creativecommons.org/licenses/by-nc/4.0/
12399,3383960474,Sarcophagidae_Amobia_signata_3077712_3383960474,http://creativecommons.org/licenses/by-nc/4.0/
13178,1891070723,Sarcophagidae_Macronychia_dolini_2151144_1891070723,http://creativecommons.org/licenses/by/4.0/
13822,3902850917,Sarcophagidae_Nyctia_halterata_1298531_3902850917,http://creativecommons.org/licenses/by-nc/4.0/
14526,4014848781,Sarcophagidae_Sarcophaga_melanura_3437202_4014848781,http://creativecommons.org/licenses/by-nc/4.0/
14527,4014848781,Sarcophagidae_Sarcophaga_melanura_3437203_4014848781,http://creativecommons.org/licenses/by-nc/4.0/
14528,4014848781,Sarcophagidae_Sarcophaga_melanura_3437204_4014848781,http://creativecommons.org/licenses/by-nc/4.0/
16054,2823016462,Sarcophagidae_Sarcophaga_carnaria_207743_2823016462,© All rights reserved
16321,4011631683,Sarcophagidae_Sarcophaga_africa_678094_4011631683,http://creativecommons.org/licenses/by-nc/4.0/
16322,4011631683,Sarcophagidae_Sarcophaga_africa_678095_4011631683,http://creativecommons.org/licenses/by-nc/4.0/
16323,4011631683,Sarcophagidae_Sarcophaga_africa_678096_4011631683,http://creativecommons.org/licenses/by-nc/4.0/
16324,4011631683,Sarcophagidae_Sarcophaga_africa_678097_4011631683,http://creativecommons.org/licenses/by-nc/4.0/
16325,4011631683,Sarcophagidae_Sarcophaga_africa_678098_4011631683,http://creativecommons.org/licenses/by-nc/4.0/
16326,4011631683,Sarcophagidae_Sarcophaga_africa_678099_4011631683,http://creativecommons.org/licenses/by-nc/4.0/
16327,4011631683,Sarcophagidae_Sarcophaga_africa_678100_4011631683,http://creativecommons.org/licenses/by-nc/4.0/
16393,3872869620,Sarcophagidae_Sarcophaga_variegata_3346465_3872869620,http://creativecommons.org/licenses/by/4.0/
16394,3872869620,Sarcophagidae_Sarcophaga_variegata_3346466_3872869620,http://creativecommons.org/licenses/by/4.0/
16395,3872869620,Sarcophagidae_Sarcophaga_variegata_3346467_3872869620,http://creativecommons.org/licenses/by/4.0/
16396,3872869620,Sarcophagidae_Sarcophaga_variegata_3346468_3872869620,http://creativecommons.org/licenses/by/4.0/
16397,3872869620,Sarcophagidae_Sarcophaga_variegata_3346469_3872869620,http://creativecommons.org/licenses/by/4.0/
22200,3873029440,Sarcophagidae_Sarcophaga_variegata_2656349_3873029440,http://creativecommons.org/licenses/by/4.0/
22201,3873029440,Sarcophagidae_Sarcophaga_variegata_2656350_3873029440,http://creativecommons.org/licenses/by/4.0/
24681,2867020462,Sarcophagidae_Macronychia_striginervis_3004176_2867020462,© All rights reserved
24919,3320330489,Sarcophagidae_Sarcophaga_carnaria_985257_3320330489,© All rights reserved
25556,2412186701,Sarcophagidae_Sarcophaga_carnaria_2913435_2412186701,© All rights reserved
25564,3862120450,Sarcophagidae_Sarcophaga_carnaria_2655059_3862120450,© All rights reserved
25921,3384640171,Sarcophagidae_Miltogramma_punctata_1012443_3384640171,http://creativecommons.org/licenses/by-nc/4.0/
29881,3398977452,Sarcophagidae_Macronychia_polyodon_3086974_3398977452,http://creativecommons.org/licenses/by-sa/4.0/
31556,2251842206,Sarcophagidae_Metopia_argyrocephala_2211060_2251842206,http://creativecommons.org/licenses/by-nc/4.0/
31557,2251842206,Sarcophagidae_Metopia_argyrocephala_2211061_2251842206,http://creativecommons.org/licenses/by-nc/4.0/
31558,2251842206,Sarcophagidae_Metopia_argyrocephala_2211062_2251842206,http://creativecommons.org/licenses/by-nc/4.0/
31777,2248738932,Sarcophagidae_Sarcophaga_albiceps_2896318_2248738932,http://creativecommons.org/licenses/by-nc-sa/4.0/
32723,1459961242,Sarcophagidae_Taxigramma_elegantula_739480_1459961242,© all rights reserved
33053,1976507082,Sarcophagidae_Miltogramma_punctata_2191693_1976507082,http://creativecommons.org/licenses/by-nc-nd/4.0/
33054,1976507082,Sarcophagidae_Miltogramma_punctata_2191694_1976507082,http://creativecommons.org/licenses/by-nc-nd/4.0/
33055,1976507082,Sarcophagidae_Miltogramma_punctata_2191695_1976507082,http://creativecommons.org/licenses/by-nc-nd/4.0/
37213,1432532961,Sarcophagidae_Sarcophaga_variegata_735874_1432532961,© all rights reserved
37214,1432532961,Sarcophagidae_Sarcophaga_variegata_735875_1432532961,© all rights reserved
37215,1432532961,Sarcophagidae_Sarcophaga_variegata_735876_1432532961,© all rights reserved
37216,1432532961,Sarcophagidae_Sarcophaga_variegata_735877_1432532961,© all rights reserved
37319,1460154658,Sarcophagidae_Sarcophaga_carnaria_739723_1460154658,© all rights reserved
37888,3816509339,Sarcophagidae_Sarcophaga_carnaria_558391_3816509339,© All rights reserved
37908,3345109499,Sarcophagidae_Metopia_campestris_3072534_3345109499,© All rights reserved
37909,3345109499,Sarcophagidae_Metopia_campestris_3072535_3345109499,© All rights reserved
37910,3345109499,Sarcophagidae_Metopia_campestris_3072536_3345109499,© All rights reserved
37911,3345109499,Sarcophagidae_Metopia_campestris_3072537_3345109499,© All rights reserved
38408,3309924411,Sarcophagidae_Sarcophaga_carnaria_2361764_3309924411,© All rights reserved
38439,3309905389,Sarcophagidae_Sarcophaga_carnaria_983128_3309905389,© All rights reserved
38713,3314471617,Sarcophagidae_Macronychia_polyodon_984696_3314471617,http://creativecommons.org/licenses/by-nc/4.0/
40466,1038288612,Sarcophagidae_Nyctia_halterata_1383668_1038288612,http://creativecommons.org/licenses/by-nc/4.0/
40467,1038288612,Sarcophagidae_Nyctia_halterata_1383669_1038288612,http://creativecommons.org/licenses/by-nc/4.0/
40468,1038288612,Sarcophagidae_Nyctia_halterata_1383670_1038288612,http://creativecommons.org/licenses/by-nc/4.0/
43562,3335070780,Sarcophagidae_Macronychia_polyodon_1684430_3335070780,http://creativecommons.org/licenses/by-nc/4.0/
43563,3335070780,Sarcophagidae_Macronychia_polyodon_1684431_3335070780,http://creativecommons.org/licenses/by-nc/4.0/
43564,3335070780,Sarcophagidae_Macronychia_polyodon_1684432_3335070780,http://creativecommons.org/licenses/by-nc/4.0/
44455,4018235773,Sarcophagidae_Nyctia_lugubris_2748927_4018235773,http://creativecommons.org/licenses/by-nc/4.0/
44456,4018235773,Sarcophagidae_Nyctia_lugubris_2748928_4018235773,http://creativecommons.org/licenses/by-nc/4.0/
45205,3859629721,Sarcophagidae_Nyctia_halterata_3340551_3859629721,http://creativecommons.org/licenses/by-nc/4.0/
47402,3456646314,Sarcophagidae_Amobia_signata_3221166_3456646314,http://creativecommons.org/licenses/by/4.0/
49289,3772962345,Sarcophagidae_Taxigramma_heteroneura_1929437_3772962345,http://creativecommons.org/licenses/by-nc/4.0/
51775,3878987345,Sarcophagidae_Sarcophaga_carnaria_3353073_3878987345,© All rights reserved
51804,2818451335,Sarcophagidae_Sarcophaga_carnaria_2964877_2818451335,http://creativecommons.org/licenses/by-nc-sa/4.0/
52109,2404734176,Sarcophagidae_Sarcophaga_carnaria_843324_2404734176,© All rights reserved
52762,3399186686,Sarcophagidae_Macronychia_dolini_1019594_3399186686,http://creativecommons.org/licenses/by-nc/4.0/
52763,3399186686,Sarcophagidae_Macronychia_dolini_1019595_3399186686,http://creativecommons.org/licenses/by-nc/4.0/
52764,3399186686,Sarcophagidae_Macronychia_dolini_1019596_3399186686,http://creativecommons.org/licenses/by-nc/4.0/
52765,3399186686,Sarcophagidae_Macronychia_dolini_1019597_3399186686,http://creativecommons.org/licenses/by-nc/4.0/
52766,3399186686,Sarcophagidae_Macronychia_dolini_1019598_3399186686,http://creativecommons.org/licenses/by-nc/4.0/
52767,3399186686,Sarcophagidae_Macronychia_dolini_1019599_3399186686,http://creativecommons.org/licenses/by-nc/4.0/
52891,3923398519,Sarcophagidae_Nyctia_halterata_1334431_3923398519,http://creativecommons.org/licenses/by-nc/4.0/
52892,3923398519,Sarcophagidae_Nyctia_halterata_1334432_3923398519,http://creativecommons.org/licenses/by-nc/4.0/
52893,3923398519,Sarcophagidae_Nyctia_halterata_1334433_3923398519,http://creativecommons.org/licenses/by-nc/4.0/
52894,3923398519,Sarcophagidae_Nyctia_halterata_1334434_3923398519,http://creativecommons.org/licenses/by-nc/4.0/
52895,3923398519,Sarcophagidae_Nyctia_halterata_1334435_3923398519,http://creativecommons.org/licenses/by-nc/4.0/
52896,3923398519,Sarcophagidae_Nyctia_halterata_1334436_3923398519,http://creativecommons.org/licenses/by-nc/4.0/
52897,3923398519,Sarcophagidae_Nyctia_halterata_1334437_3923398519,http://creativecommons.org/licenses/by-nc/4.0/
57860,3872951557,Sarcophagidae_Sarcophaga_variegata_588334_3872951557,http://creativecommons.org/licenses/by/4.0/
61212,3772986248,Sarcophagidae_Miltogramma_aurifrons_551163_3772986248,http://creativecommons.org/licenses/by-nc/4.0/
61428,3384282749,Sarcophagidae_Sarcophaga_aratrix_3079127_3384282749,http://creativecommons.org/licenses/by-nc/4.0/
61429,3384282749,Sarcophagidae_Sarcophaga_aratrix_3079128_3384282749,http://creativecommons.org/licenses/by-nc/4.0/
61430,3384282749,Sarcophagidae_Sarcophaga_aratrix_3079129_3384282749,http://creativecommons.org/licenses/by-nc/4.0/
61431,3384282749,Sarcophagidae_Sarcophaga_aratrix_3079130_3384282749,http://creativecommons.org/licenses/by-nc/4.0/
61432,3384282749,Sarcophagidae_Sarcophaga_aratrix_3079131_3384282749,http://creativecommons.org/licenses/by-nc/4.0/
61433,3384282749,Sarcophagidae_Sarcophaga_aratrix_3079132_3384282749,http://creativecommons.org/licenses/by-nc/4.0/
61434,3384282749,Sarcophagidae_Sarcophaga_aratrix_3079133_3384282749,http://creativecommons.org/licenses/by-nc/4.0/
61435,3384282749,Sarcophagidae_Sarcophaga_aratrix_3079134_3384282749,http://creativecommons.org/licenses/by-nc/4.0/
61436,3384282749,Sarcophagidae_Sarcophaga_aratrix_3079135_3384282749,http://creativecommons.org/licenses/by-nc/4.0/
61437,3384282749,Sarcophagidae_Sarcophaga_aratrix_3079136_3384282749,http://creativecommons.org/licenses/by-nc/4.0/
61438,3384282749,Sarcophagidae_Sarcophaga_aratrix_3079137_3384282749,http://creativecommons.org/licenses/by-nc/4.0/
61439,3384282749,Sarcophagidae_Sarcophaga_aratrix_3079138_3384282749,http://creativecommons.org/licenses/by-nc/4.0/
61440,3384282749,Sarcophagidae_Sarcophaga_aratrix_3079139_3384282749,http://creativecommons.org/licenses/by-nc/4.0/
61441,3384282749,Sarcophagidae_Sarcophaga_aratrix_3079140_3384282749,http://creativecommons.org/licenses/by-nc/4.0/
61442,3384282749,Sarcophagidae_Sarcophaga_aratrix_3079141_3384282749,http://creativecommons.org/licenses/by-nc/4.0/
63971,2851122658,Sarcophagidae_Sarcophaga_dissimilis_1618026_2851122658,http://creativecommons.org/licenses/by-nc/4.0/
63972,2851122658,Sarcophagidae_Sarcophaga_dissimilis_1618027_2851122658,http://creativecommons.org/licenses/by-nc/4.0/
63973,2851122658,Sarcophagidae_Sarcophaga_dissimilis_1618028_2851122658,http://creativecommons.org/licenses/by-nc/4.0/
66091,3988441338,Sarcophagidae_Sarcophaga_socrus_2728891_3988441338,http://creativecommons.org/licenses/by-nc/4.0/
66092,3988441338,Sarcophagidae_Sarcophaga_socrus_2728892_3988441338,http://creativecommons.org/licenses/by-nc/4.0/
66166,3391348772,Sarcophagidae_Sarcophaga_carnaria_2393821_3391348772,http://creativecommons.org/licenses/by-nc/4.0/
66167,3391348772,Sarcophagidae_Sarcophaga_carnaria_2393822_3391348772,http://creativecommons.org/licenses/by-nc/4.0/
66168,3391348772,Sarcophagidae_Sarcophaga_carnaria_2393823_3391348772,http://creativecommons.org/licenses/by-nc/4.0/
66169,3391348772,Sarcophagidae_Sarcophaga_carnaria_2393824_3391348772,http://creativecommons.org/licenses/by-nc/4.0/
68027,3430062826,Sarcophagidae_Miltogramma_punctata_336387_3430062826,© all rights reserved
68028,3430062826,Sarcophagidae_Miltogramma_punctata_336388_3430062826,© all rights reserved
68029,3430062826,Sarcophagidae_Miltogramma_punctata_336389_3430062826,© all rights reserved
68030,3430062826,Sarcophagidae_Miltogramma_punctata_336390_3430062826,© all rights reserved
68057,3880493940,Sarcophagidae_Sarcophaga_carnaria_595176_3880493940,© all rights reserved
68058,3880493940,Sarcophagidae_Sarcophaga_carnaria_595177_3880493940,© all rights reserved
68582,2433947605,Sarcophagidae_Sarcophaga_carnaria_1541068_2433947605,http://creativecommons.org/publicdomain/zero/1.0/
71374,3784928018,Sarcophagidae_Miltogramma_aurifrons_555760_3784928018,http://creativecommons.org/licenses/by-nc/4.0/
73460,3760190925,Sarcophagidae_Nyctia_lugubris_2614821_3760190925,http://creativecommons.org/licenses/by-nc/4.0/
75054,3335075449,Sarcophagidae_Sarcophaga_melanura_3064708_3335075449,http://creativecommons.org/licenses/by-nc/4.0/
75055,3335075449,Sarcophagidae_Sarcophaga_melanura_3064709_3335075449,http://creativecommons.org/licenses/by-nc/4.0/
75056,3335075449,Sarcophagidae_Sarcophaga_melanura_3064710_3335075449,http://creativecommons.org/licenses/by-nc/4.0/
75057,3335075449,Sarcophagidae_Sarcophaga_melanura_3064711_3335075449,http://creativecommons.org/licenses/by-nc/4.0/
75058,3335075449,Sarcophagidae_Sarcophaga_melanura_3064712_3335075449,http://creativecommons.org/licenses/by-nc/4.0/
75059,3335075449,Sarcophagidae_Sarcophaga_melanura_3064713_3335075449,http://creativecommons.org/licenses/by-nc/4.0/
75060,3335075449,Sarcophagidae_Sarcophaga_melanura_3064714_3335075449,http://creativecommons.org/licenses/by-nc/4.0/
75061,3335075449,Sarcophagidae_Sarcophaga_melanura_3064715_3335075449,http://creativecommons.org/licenses/by-nc/4.0/
75062,3335075449,Sarcophagidae_Sarcophaga_melanura_3064716_3335075449,http://creativecommons.org/licenses/by-nc/4.0/
75063,3335075449,Sarcophagidae_Sarcophaga_melanura_3064717_3335075449,http://creativecommons.org/licenses/by-nc/4.0/
75064,3335075449,Sarcophagidae_Sarcophaga_melanura_3064718_3335075449,http://creativecommons.org/licenses/by-nc/4.0/
76737,4011961342,Sarcophagidae_Nyctia_lugubris_2746495_4011961342,http://creativecommons.org/licenses/by-nc/4.0/
77550,3451562366,Sarcophagidae_Sarcophaga_variegata_3213400_3451562366,© All rights reserved
77640,3037110478,Sarcophagidae_Sarcophaga_carnaria_2335896_3037110478,http://creativecommons.org/licenses/by-nc-sa/4.0/
77769,3893814381,Sarcophagidae_Sarcophaga_carnaria_2671568_3893814381,© all rights reserved
78121,3003709638,Sarcophagidae_Sarcophaga_carnaria_2328109_3003709638,http://creativecommons.org/licenses/by-nc/4.0/
78442,3433571727,Sarcophagidae_Sarcophaga_carnaria_338150_3433571727,© all rights reserved
78443,3433571727,Sarcophagidae_Sarcophaga_carnaria_338151_3433571727,© all rights reserved
78444,3433571727,Sarcophagidae_Sarcophaga_carnaria_338152_3433571727,© all rights reserved
78445,3433571727,Sarcophagidae_Sarcophaga_carnaria_338153_3433571727,© all rights reserved
78446,3433571727,Sarcophagidae_Sarcophaga_carnaria_338154_3433571727,© all rights reserved
80962,3049570102,Sarcophagidae_Senotainia_conica_2338850_3049570102,© all rights reserved
80963,3049570102,Sarcophagidae_Senotainia_conica_2338851_3049570102,© all rights reserved
84246,3384826106,Sarcophagidae_Nyctia_halterata_323400_3384826106,http://creativecommons.org/licenses/by-nc/4.0/
84836,3860008223,Sarcophagidae_Miltogramma_aurifrons_1961991_3860008223,http://creativecommons.org/licenses/by-nc/4.0/
85655,3384291661,Sarcophagidae_Nyctia_halterata_1699391_3384291661,http://creativecommons.org/licenses/by-nc/4.0/
88072,3384624870,Sarcophagidae_Miltogramma_germari_3080774_3384624870,http://creativecommons.org/licenses/by-nc/4.0/
95074,3335151588,Sarcophagidae_Miltogramma_germari_2374889_3335151588,http://creativecommons.org/licenses/by-nc/4.0/
95075,3335151588,Sarcophagidae_Miltogramma_germari_2374890_3335151588,http://creativecommons.org/licenses/by-nc/4.0/
95076,3335151588,Sarcophagidae_Miltogramma_germari_2374891_3335151588,http://creativecommons.org/licenses/by-nc/4.0/
98266,3859592339,Sarcophagidae_Wohlfahrtia_bella_2649403_3859592339,http://creativecommons.org/licenses/by-nc/4.0/
100026,3383919760,Sarcophagidae_Sarcophaga_variegata_1008841_3383919760,http://creativecommons.org/licenses/by-nc/4.0/
100027,3383919760,Sarcophagidae_Sarcophaga_variegata_1008842_3383919760,http://creativecommons.org/licenses/by-nc/4.0/
100028,3383919760,Sarcophagidae_Sarcophaga_variegata_1008843_3383919760,http://creativecommons.org/licenses/by-nc/4.0/
100029,3383919760,Sarcophagidae_Sarcophaga_variegata_1008844_3383919760,http://creativecommons.org/licenses/by-nc/4.0/
101899,3455368530,Sarcophagidae_Miltogramma_punctata_3215267_3455368530,http://creativecommons.org/licenses/by-nc/4.0/
101900,3455368530,Sarcophagidae_Miltogramma_punctata_3215268_3455368530,http://creativecommons.org/licenses/by-nc/4.0/
101901,3455368530,Sarcophagidae_Miltogramma_punctata_3215269_3455368530,http://creativecommons.org/licenses/by-nc/4.0/
101902,3455368530,Sarcophagidae_Miltogramma_punctata_3215270_3455368530,http://creativecommons.org/licenses/by-nc/4.0/
101903,3455368530,Sarcophagidae_Miltogramma_punctata_3215271_3455368530,http://creativecommons.org/licenses/by-nc/4.0/
101904,3455368530,Sarcophagidae_Miltogramma_punctata_3215272_3455368530,http://creativecommons.org/licenses/by-nc/4.0/
101905,3455368530,Sarcophagidae_Miltogramma_punctata_3215273_3455368530,http://creativecommons.org/licenses/by-nc/4.0/
101906,3455368530,Sarcophagidae_Miltogramma_punctata_3215274_3455368530,http://creativecommons.org/licenses/by-nc/4.0/
101907,3455368530,Sarcophagidae_Miltogramma_punctata_3215275_3455368530,http://creativecommons.org/licenses/by-nc/4.0/
101908,3455368530,Sarcophagidae_Miltogramma_punctata_3215276_3455368530,http://creativecommons.org/licenses/by-nc/4.0/
101909,3455368530,Sarcophagidae_Miltogramma_punctata_3215277_3455368530,http://creativecommons.org/licenses/by-nc/4.0/
101910,3455368530,Sarcophagidae_Miltogramma_punctata_3215278_3455368530,http://creativecommons.org/licenses/by-nc/4.0/
101911,3455368530,Sarcophagidae_Miltogramma_punctata_3215279_3455368530,http://creativecommons.org/licenses/by-nc/4.0/
101912,3455368530,Sarcophagidae_Miltogramma_punctata_3215280_3455368530,http://creativecommons.org/licenses/by-nc/4.0/
101913,3455368530,Sarcophagidae_Miltogramma_punctata_3215281_3455368530,http://creativecommons.org/licenses/by-nc/4.0/
104506,4018147998,Sarcophagidae_Sarcophaga_variegata_3438621_4018147998,http://creativecommons.org/licenses/by-nc/4.0/
104507,4018147998,Sarcophagidae_Sarcophaga_variegata_3438622_4018147998,http://creativecommons.org/licenses/by-nc/4.0/
104508,4018147998,Sarcophagidae_Sarcophaga_variegata_3438623_4018147998,http://creativecommons.org/licenses/by-nc/4.0/
104509,4018147998,Sarcophagidae_Sarcophaga_variegata_3438624_4018147998,http://creativecommons.org/licenses/by-nc/4.0/
104510,4018147998,Sarcophagidae_Sarcophaga_variegata_3438625_4018147998,http://creativecommons.org/licenses/by-nc/4.0/
104511,4018147998,Sarcophagidae_Sarcophaga_variegata_3438626_4018147998,http://creativecommons.org/licenses/by-nc/4.0/
104512,4018147998,Sarcophagidae_Sarcophaga_variegata_3438627_4018147998,http://creativecommons.org/licenses/by-nc/4.0/
104513,4018147998,Sarcophagidae_Sarcophaga_variegata_3438628_4018147998,http://creativecommons.org/licenses/by-nc/4.0/
104844,3988830503,Sarcophagidae_Sarcophaga_tibialis_3420306_3988830503,http://creativecommons.org/licenses/by-nc/4.0/
104845,3988830503,Sarcophagidae_Sarcophaga_tibialis_3420307_3988830503,http://creativecommons.org/licenses/by-nc/4.0/
104846,3988830503,Sarcophagidae_Sarcophaga_tibialis_3420308_3988830503,http://creativecommons.org/licenses/by-nc/4.0/
104847,3988830503,Sarcophagidae_Sarcophaga_tibialis_3420309_3988830503,http://creativecommons.org/licenses/by-nc/4.0/
104848,3988830503,Sarcophagidae_Sarcophaga_tibialis_3420310_3988830503,http://creativecommons.org/licenses/by-nc/4.0/
104849,3988830503,Sarcophagidae_Sarcophaga_tibialis_3420311_3988830503,http://creativecommons.org/licenses/by-nc/4.0/
104850,3988830503,Sarcophagidae_Sarcophaga_tibialis_3420312_3988830503,http://creativecommons.org/licenses/by-nc/4.0/
104851,3988830503,Sarcophagidae_Sarcophaga_tibialis_3420313_3988830503,http://creativecommons.org/licenses/by-nc/4.0/
104852,3988830503,Sarcophagidae_Sarcophaga_tibialis_3420314_3988830503,http://creativecommons.org/licenses/by-nc/4.0/
108421,3018132348,Sarcophagidae_Sarcophaga_depressifrons_1642590_3018132348,http://creativecommons.org/licenses/by-nc/4.0/
108422,3018132348,Sarcophagidae_Sarcophaga_depressifrons_1642591_3018132348,http://creativecommons.org/licenses/by-nc/4.0/
112128,3784707988,Sarcophagidae_Nyctia_lugubris_1244232_3784707988,http://creativecommons.org/licenses/by-nc/4.0/
115410,3384614780,Sarcophagidae_Sarcophaga_vagans_2390378_3384614780,http://creativecommons.org/licenses/by-nc/4.0/
115411,3384614780,Sarcophagidae_Sarcophaga_vagans_2390379_3384614780,http://creativecommons.org/licenses/by-nc/4.0/
115412,3384614780,Sarcophagidae_Sarcophaga_vagans_2390380_3384614780,http://creativecommons.org/licenses/by-nc/4.0/
115413,3384614780,Sarcophagidae_Sarcophaga_vagans_2390381_3384614780,http://creativecommons.org/licenses/by-nc/4.0/
115414,3384614780,Sarcophagidae_Sarcophaga_vagans_2390382_3384614780,http://creativecommons.org/licenses/by-nc/4.0/
115415,3384614780,Sarcophagidae_Sarcophaga_vagans_2390383_3384614780,http://creativecommons.org/licenses/by-nc/4.0/
115416,3384614780,Sarcophagidae_Sarcophaga_vagans_2390384_3384614780,http://creativecommons.org/licenses/by-nc/4.0/
115417,3384614780,Sarcophagidae_Sarcophaga_vagans_2390385_3384614780,http://creativecommons.org/licenses/by-nc/4.0/
115418,3384614780,Sarcophagidae_Sarcophaga_vagans_2390386_3384614780,http://creativecommons.org/licenses/by-nc/4.0/
115651,3079882690,Sarcophagidae_Wohlfahrtia_bella_278110_3079882690,http://creativecommons.org/licenses/by-nc/4.0/
116396,3079500009,Sarcophagidae_Macronychia_polyodon_966843_3079500009,http://creativecommons.org/licenses/by-nc/4.0/
116397,3079500009,Sarcophagidae_Macronychia_polyodon_966844_3079500009,http://creativecommons.org/licenses/by-nc/4.0/
119039,1891072959,Sarcophagidae_Macronychia_striginervis_773393_1891072959,http://creativecommons.org/licenses/by/4.0/
119040,1891072959,Sarcophagidae_Macronychia_striginervis_773394_1891072959,http://creativecommons.org/licenses/by/4.0/
119041,1891072959,Sarcophagidae_Macronychia_striginervis_773395_1891072959,http://creativecommons.org/licenses/by/4.0/
119042,3091065303,Sarcophagidae_Amobia_signata_3038433_3091065303,http://creativecommons.org/licenses/by/4.0/
119043,3091065303,Sarcophagidae_Amobia_signata_3038434_3091065303,http://creativecommons.org/licenses/by/4.0/
119510,2856704454,Sarcophagidae_Sphenometopa_fastuosa_931466_2856704454,http://creativecommons.org/licenses/by-nc/4.0/
119511,2856704454,Sarcophagidae_Sphenometopa_fastuosa_931467_2856704454,http://creativecommons.org/licenses/by-nc/4.0/
119512,2856704454,Sarcophagidae_Sphenometopa_fastuosa_931468_2856704454,http://creativecommons.org/licenses/by-nc/4.0/
120499,4014838853,Sarcophagidae_Nyctia_lugubris_2746742_4014838853,http://creativecommons.org/licenses/by-nc/4.0/
122369,1952645975,Sarcophagidae_Miltogramma_punctata_88563_1952645975,http://creativecommons.org/licenses/by-nc-nd/4.0/
122370,1952645975,Sarcophagidae_Miltogramma_punctata_88564_1952645975,http://creativecommons.org/licenses/by-nc-nd/4.0/
124259,3816660433,Sarcophagidae_Sarcophaga_carnaria_2626046_3816660433,© All rights reserved
124471,2404378965,Sarcophagidae_Sarcophaga_carnaria_843233_2404378965,© All rights reserved
126147,3923456597,Sarcophagidae_Nyctia_halterata_2024039_3923456597,http://creativecommons.org/licenses/by/4.0/
126148,3923456597,Sarcophagidae_Nyctia_halterata_2024040_3923456597,http://creativecommons.org/licenses/by/4.0/
126149,3923456597,Sarcophagidae_Nyctia_halterata_2024041_3923456597,http://creativecommons.org/licenses/by/4.0/
126150,3923456597,Sarcophagidae_Nyctia_halterata_2024042_3923456597,http://creativecommons.org/licenses/by/4.0/
128032,3768805833,Sarcophagidae_Metopia_campestris_2617097_3768805833,© all rights reserved
128033,3768805833,Sarcophagidae_Metopia_campestris_2617098_3768805833,© all rights reserved
128303,3819990351,Sarcophagidae_Sarcophaga_carnaria_2626103_3819990351,© All rights reserved
128304,3819990351,Sarcophagidae_Sarcophaga_carnaria_2626104_3819990351,© All rights reserved
128567,3451422464,Sarcophagidae_Metopia_argyrocephala_2523088_3451422464,© All rights reserved
128568,3451422464,Sarcophagidae_Metopia_argyrocephala_2523089_3451422464,© All rights reserved
128569,3451422464,Sarcophagidae_Metopia_argyrocephala_2523090_3451422464,© All rights reserved
128598,2412134514,Sarcophagidae_Sarcophaga_carnaria_2913413_2412134514,© All rights reserved
128680,2391567141,Sarcophagidae_Sarcophaga_carnaria_840866_2391567141,© All rights reserved
128745,2858090371,Sarcophagidae_Sarcophaga_carnaria_931985_2858090371,© All rights reserved
129511,3964440374,Sarcophagidae_Sarcophaga_carnaria_2034418_3964440374,
130514,1460013605,Sarcophagidae_Miltogramma_germari_1428237_1460013605,© all rights reserved
130596,1460323481,Sarcophagidae_Miltogramma_germari_2118079_1460323481,© all rights reserved
130708,3432723182,Sarcophagidae_Sarcophaga_carnaria_2405448_3432723182,© all rights reserved
130709,3432723182,Sarcophagidae_Sarcophaga_carnaria_2405449_3432723182,© all rights reserved
131337,3430268399,Sarcophagidae_Sarcophaga_carnaria_2404258_3430268399,© all rights reserved
131874,3431694677,Sarcophagidae_Senotainia_conica_1026909_3431694677,© all rights reserved
131875,3431694677,Sarcophagidae_Senotainia_conica_1026910_3431694677,© all rights reserved
132090,1433298011,Sarcophagidae_Ravinia_pernix_1424992_1433298011,© all rights reserved
132091,1433298011,Sarcophagidae_Ravinia_pernix_1424993_1433298011,© all rights reserved
132092,1433298011,Sarcophagidae_Ravinia_pernix_1424994_1433298011,© all rights reserved
132093,1433298011,Sarcophagidae_Ravinia_pernix_1424995_1433298011,© all rights reserved
132094,1433298011,Sarcophagidae_Ravinia_pernix_1424996_1433298011,© all rights reserved
132145,3857746820,Sarcophagidae_Sarcophaga_carnaria_572664_3857746820,© all rights reserved
132146,3857746820,Sarcophagidae_Sarcophaga_carnaria_572665_3857746820,© all rights reserved
132163,3049576608,Sarcophagidae_Sarcophaga_variegata_270712_3049576608,© all rights reserved
132164,3049576608,Sarcophagidae_Sarcophaga_variegata_270713_3049576608,© all rights reserved
132165,3049576608,Sarcophagidae_Sarcophaga_variegata_270714_3049576608,© all rights reserved
133062,3432399192,Sarcophagidae_Sarcophaga_carnaria_2405265_3432399192,© all rights reserved
133519,3096522480,Sarcophagidae_Sarcophaga_carnaria_1660131_3096522480,© all rights reserved
133569,1458481767,Sarcophagidae_Sarcophaga_haemorrhoa_1426312_1458481767,© all rights reserved
133713,3899303560,Sarcophagidae_Sarcophaga_carnaria_604282_3899303560,© all rights reserved
133898,1459594593,Sarcophagidae_Sarcophaga_variegata_1427129_1459594593,© all rights reserved
133899,1459594593,Sarcophagidae_Sarcophaga_variegata_1427130_1459594593,© all rights reserved
133900,1459594593,Sarcophagidae_Sarcophaga_variegata_1427131_1459594593,© all rights reserved
133902,1458476347,Sarcophagidae_Brachicoma_devia_46533_1458476347,© all rights reserved
133903,1458476347,Sarcophagidae_Brachicoma_devia_46534_1458476347,© all rights reserved
133904,1458476347,Sarcophagidae_Brachicoma_devia_46535_1458476347,© all rights reserved
134040,3857188108,Sarcophagidae_Sarcophaga_carnaria_3330836_3857188108,© all rights reserved
134481,3880365016,Sarcophagidae_Sarcophaga_carnaria_1973294_3880365016,© all rights reserved
134482,3880365016,Sarcophagidae_Sarcophaga_carnaria_1973295_3880365016,© all rights reserved
135004,3857596316,Sarcophagidae_Sarcophaga_carnaria_2640263_3857596316,© all rights reserved
135209,1459047332,Sarcophagidae_Sarcophaga_carnaria_2805460_1459047332,© all rights reserved
136222,2247405076,Sarcophagidae_Miltogramma_germari_827989_2247405076,© all rights reserved
136223,2247405076,Sarcophagidae_Miltogramma_germari_827990_2247405076,© all rights reserved
136224,2247405076,Sarcophagidae_Miltogramma_germari_827991_2247405076,© all rights reserved
136392,1459653646,Sarcophagidae_Sarcophaga_sexpunctata_1427301_1459653646,© all rights reserved
136534,3964454144,Sarcophagidae_Sarcophaga_carnaria_2034427_3964454144,© all rights reserved
136607,3857411277,Sarcophagidae_Sarcophaga_carnaria_572445_3857411277,© all rights reserved
138247,2247170255,Sarcophagidae_Metopia_staegerii_2895726_2247170255,© all rights reserved
139049,3993803424,Sarcophagidae_Sarcophaga_carnaria_3420651_3993803424,© all rights reserved
139071,3769318819,Sarcophagidae_Taxigramma_hilarella_3307851_3769318819,© all rights reserved
139072,3769318819,Sarcophagidae_Taxigramma_hilarella_3307852_3769318819,© all rights reserved
139073,3769318819,Sarcophagidae_Taxigramma_hilarella_3307853_3769318819,© all rights reserved
139176,2247158855,Sarcophagidae_Miltogramma_germari_827944_2247158855,© all rights reserved
139215,3433246373,Sarcophagidae_Sarcophaga_carnaria_1027710_3433246373,© all rights reserved
139216,3433246373,Sarcophagidae_Sarcophaga_carnaria_1027711_3433246373,© all rights reserved
139393,3856485286,Sarcophagidae_Sarcophaga_carnaria_571845_3856485286,© all rights reserved
140062,2809245768,Sarcophagidae_Sarcophaga_carnaria_893658_2809245768,© all rights reserved
140222,1458892776,Sarcophagidae_Sarcophaga_carnaria_2115852_1458892776,© all rights reserved
140342,1669136427,Sarcophagidae_Sarcophaga_carnaria_1432396_1669136427,© all rights reserved
140343,1669136427,Sarcophagidae_Sarcophaga_carnaria_1432397_1669136427,© all rights reserved
141111,3430176867,Sarcophagidae_Sarcophaga_carnaria_1026159_3430176867,© all rights reserved
141112,3430176867,Sarcophagidae_Sarcophaga_carnaria_1026160_3430176867,© all rights reserved
141140,1459839219,Sarcophagidae_Metopia_argyrocephala_2806606_1459839219,© all rights reserved
141141,1459839219,Sarcophagidae_Metopia_argyrocephala_2806607_1459839219,© all rights reserved
141142,1459839219,Sarcophagidae_Metopia_argyrocephala_2806608_1459839219,© all rights reserved
141174,3430653103,Sarcophagidae_Sarcophaga_carnaria_3094768_3430653103,© all rights reserved
141175,3430653103,Sarcophagidae_Sarcophaga_carnaria_3094769_3430653103,© all rights reserved
141176,3430653103,Sarcophagidae_Sarcophaga_carnaria_3094770_3430653103,© all rights reserved
141177,3430653103,Sarcophagidae_Sarcophaga_carnaria_3094771_3430653103,© all rights reserved
141345,2808475456,Sarcophagidae_Sarcophaga_carnaria_2961252_2808475456,© all rights reserved
142273,1429049752,Sarcophagidae_Miltogramma_germari_2113106_1429049752,© all rights reserved
142679,3433457081,Sarcophagidae_Sarcophaga_carnaria_1027834_3433457081,© all rights reserved
143802,1459608006,Sarcophagidae_Sarcophaga_carnaria_1427191_1459608006,© all rights reserved
144014,2247611229,Sarcophagidae_Brachicoma_devia_1516478_2247611229,© all rights reserved
144280,3857679822,Sarcophagidae_Sarcophaga_carnaria_1950860_3857679822,© all rights reserved
144324,3856863558,Sarcophagidae_Sarcophaga_carnaria_1950279_3856863558,© all rights reserved
144325,3856863558,Sarcophagidae_Sarcophaga_carnaria_1950280_3856863558,© all rights reserved
144461,3891230422,Sarcophagidae_Miltogramma_oestracea_1979956_3891230422,© all rights reserved
144557,3431894450,Sarcophagidae_Brachicoma_devia_1716006_3431894450,© all rights reserved
144872,3857462828,Sarcophagidae_Metopia_argyrocephala_2640147_3857462828,© all rights reserved
145100,3430475975,Sarcophagidae_Sarcophaga_carnaria_2404385_3430475975,© all rights reserved
145786,3857085392,Sarcophagidae_Sarcophaga_carnaria_572224_3857085392,
150149,3327086371,Sarcophagidae_Sarcophaga_carnaria_1677492_3327086371,http://creativecommons.org/licenses/by-sa/4.0/
150250,3451602337,Sarcophagidae_Sarcophaga_variegata_1834119_3451602337,© All rights reserved
150251,3451602337,Sarcophagidae_Sarcophaga_variegata_1834120_3451602337,© All rights reserved
150252,3451602337,Sarcophagidae_Sarcophaga_variegata_1834121_3451602337,© All rights reserved
150253,3451602337,Sarcophagidae_Sarcophaga_variegata_1834122_3451602337,© All rights reserved
150412,3451506327,Sarcophagidae_Sarcophaga_variegata_3213338_3451506327,© All rights reserved
150591,3396900419,Sarcophagidae_Macronychia_striginervis_3085317_3396900419,© All rights reserved
150592,3396900419,Sarcophagidae_Macronychia_striginervis_3085318_3396900419,© All rights reserved
150593,3396900419,Sarcophagidae_Macronychia_striginervis_3085319_3396900419,© All rights reserved
150594,3396900419,Sarcophagidae_Macronychia_striginervis_3085320_3396900419,© All rights reserved
150810,3310106489,Sarcophagidae_Sarcophaga_carnaria_293467_3310106489,© All rights reserved
151017,2867125325,Sarcophagidae_Sarcophaga_carnaria_2314071_2867125325,© All rights reserved
151225,3816626402,Sarcophagidae_Sarcophaga_carnaria_1247392_3816626402,© All rights reserved
151226,3816626402,Sarcophagidae_Sarcophaga_carnaria_1247393_3816626402,© All rights reserved
151245,3335659503,Sarcophagidae_Sarcophaga_carnaria_2376569_3335659503,© All rights reserved
151890,1460095761,Sarcophagidae_Metopia_campestris_48417_1460095761,© all rights reserved
153042,3825266175,Sarcophagidae_Metopia_campestris_1943797_3825266175,http://creativecommons.org/licenses/by-nc/4.0/
155619,3727440056,Sarcophagidae_Nyctia_halterata_2585469_3727440056,http://creativecommons.org/licenses/by-nc-nd/4.0/
156459,3342087306,Sarcophagidae_Sarcophaga_carnaria_3070722_3342087306,© All rights reserved
158668,3822372821,Sarcophagidae_Macronychia_polyodon_2626370_3822372821,http://creativecommons.org/licenses/by-nc-nd/4.0/
158669,3822372821,Sarcophagidae_Macronychia_polyodon_2626371_3822372821,http://creativecommons.org/licenses/by-nc-nd/4.0/
161638,3303501767,Sarcophagidae_Sarcophaga_carnaria_2360035_3303501767,http://creativecommons.org/licenses/by/4.0/
161639,3303501767,Sarcophagidae_Sarcophaga_carnaria_2360036_3303501767,http://creativecommons.org/licenses/by/4.0/
161640,3303501767,Sarcophagidae_Sarcophaga_carnaria_2360037_3303501767,http://creativecommons.org/licenses/by/4.0/
161641,3303501767,Sarcophagidae_Sarcophaga_carnaria_2360038_3303501767,http://creativecommons.org/licenses/by/4.0/
161808,3451625317,Sarcophagidae_Sarcophaga_carnaria_455282_3451625317,© All rights reserved
162644,3332689367,Sarcophagidae_Sarcophaga_carnaria_3062249_3332689367,© All rights reserved
162645,3332689367,Sarcophagidae_Sarcophaga_carnaria_3062250_3332689367,© All rights reserved
163129,3408544444,Sarcophagidae_Sarcophaga_carnaria_1021966_3408544444,http://creativecommons.org/licenses/by/4.0/
163552,3451501511,Sarcophagidae_Ravinia_pernix_3213326_3451501511,© All rights reserved
163553,3451501511,Sarcophagidae_Ravinia_pernix_3213327_3451501511,© All rights reserved
163554,3451501511,Sarcophagidae_Ravinia_pernix_3213328_3451501511,© All rights reserved
163555,3451501511,Sarcophagidae_Ravinia_pernix_3213329_3451501511,© All rights reserved
163556,3451501511,Sarcophagidae_Ravinia_pernix_3213330_3451501511,© All rights reserved
163557,3451501511,Sarcophagidae_Ravinia_pernix_3213331_3451501511,© All rights reserved
163558,3451501511,Sarcophagidae_Ravinia_pernix_3213332_3451501511,© All rights reserved
163559,3451501511,Sarcophagidae_Ravinia_pernix_3213333_3451501511,© All rights reserved
163932,1966905098,Sarcophagidae_Nyctia_halterata_110036_1966905098,http://creativecommons.org/licenses/by-nc-nd/4.0/
167200,1952367024,Sarcophagidae_Sarcophaga_lehmanni_778552_1952367024,http://creativecommons.org/licenses/by-nc-nd/4.0/
167201,1952367024,Sarcophagidae_Sarcophaga_lehmanni_778553_1952367024,http://creativecommons.org/licenses/by-nc-nd/4.0/
172325,1458524136,Sarcophagidae_Sarcophaga_incisilobata_46613_1458524136,© all rights reserved
172326,1458524136,Sarcophagidae_Sarcophaga_incisilobata_46614_1458524136,© all rights reserved
172878,3890869546,Sarcophagidae_Sarcophaga_carnaria_1290746_3890869546,© all rights reserved
173100,1460113456,Sarcophagidae_Sarcophaga_carnaria_1428328_1460113456,© all rights reserved
177872,3873509459,Sarcophagidae_Sarcophaga_variegata_1280195_3873509459,http://creativecommons.org/licenses/by/4.0/
177873,3873509459,Sarcophagidae_Sarcophaga_variegata_1280196_3873509459,http://creativecommons.org/licenses/by/4.0/
177874,3873509459,Sarcophagidae_Sarcophaga_variegata_1280197_3873509459,http://creativecommons.org/licenses/by/4.0/
177875,3873509459,Sarcophagidae_Sarcophaga_variegata_1280198_3873509459,http://creativecommons.org/licenses/by/4.0/
177876,3873509459,Sarcophagidae_Sarcophaga_variegata_1280199_3873509459,http://creativecommons.org/licenses/by/4.0/
177948,3873562604,Sarcophagidae_Sarcophaga_carnaria_1969734_3873562604,http://creativecommons.org/licenses/by/4.0/
177949,3873562604,Sarcophagidae_Sarcophaga_carnaria_1969735_3873562604,http://creativecommons.org/licenses/by/4.0/
178619,3303426312,Sarcophagidae_Sarcophaga_carnaria_291649_3303426312,© All rights reserved
178814,3990827376,Sarcophagidae_Macronychia_agrestis_1351014_3990827376,© All rights reserved
178815,3990827376,Sarcophagidae_Macronychia_agrestis_1351015_3990827376,© All rights reserved
178816,3990827376,Sarcophagidae_Macronychia_agrestis_1351016_3990827376,© All rights reserved
179064,3329816311,Sarcophagidae_Sarcophaga_carnaria_991310_3329816311,© All rights reserved
179290,3327105338,Sarcophagidae_Sarcophaga_carnaria_1677518_3327105338,© All rights reserved
179828,3451563368,Sarcophagidae_Sarcophaga_variegata_1834091_3451563368,© All rights reserved
179901,3451454536,Sarcophagidae_Sarcophaga_carnaria_2523132_3451454536,© All rights reserved
179902,3451454536,Sarcophagidae_Sarcophaga_carnaria_2523133_3451454536,© All rights reserved
179903,3451454536,Sarcophagidae_Sarcophaga_carnaria_2523134_3451454536,© All rights reserved
180191,2818741353,Sarcophagidae_Sphenometopa_fastuosa_897548_2818741353,http://creativecommons.org/licenses/by-nc/4.0/
182271,3383854015,Sarcophagidae_Brachicoma_devia_1696949_3383854015,http://creativecommons.org/licenses/by-nc/4.0/
182272,3383854015,Sarcophagidae_Brachicoma_devia_1696950_3383854015,http://creativecommons.org/licenses/by-nc/4.0/
182273,3383854015,Sarcophagidae_Brachicoma_devia_1696951_3383854015,http://creativecommons.org/licenses/by-nc/4.0/
182274,3383854015,Sarcophagidae_Brachicoma_devia_1696952_3383854015,http://creativecommons.org/licenses/by-nc/4.0/
182275,3383854015,Sarcophagidae_Brachicoma_devia_1696953_3383854015,http://creativecommons.org/licenses/by-nc/4.0/
182276,3383854015,Sarcophagidae_Brachicoma_devia_1696954_3383854015,http://creativecommons.org/licenses/by-nc/4.0/
182277,3383854015,Sarcophagidae_Brachicoma_devia_1696955_3383854015,http://creativecommons.org/licenses/by-nc/4.0/
182278,3383854015,Sarcophagidae_Brachicoma_devia_1696956_3383854015,http://creativecommons.org/licenses/by-nc/4.0/
182829,3872888630,Sarcophagidae_Sarcophaga_carnaria_1277112_3872888630,http://creativecommons.org/licenses/by/4.0/
182830,3872888630,Sarcophagidae_Sarcophaga_carnaria_1277113_3872888630,http://creativecommons.org/licenses/by/4.0/
182831,3872888630,Sarcophagidae_Sarcophaga_carnaria_1277114_3872888630,http://creativecommons.org/licenses/by/4.0/
183156,3037229354,Sarcophagidae_Sarcophaga_carnaria_1646222_3037229354,http://creativecommons.org/licenses/by-nc-sa/4.0/
183157,3037229354,Sarcophagidae_Sarcophaga_carnaria_1646223_3037229354,http://creativecommons.org/licenses/by-nc-sa/4.0/
183201,3864341407,Sarcophagidae_Sarcophaga_carnaria_3346297_3864341407,© All rights reserved
183858,3803908435,Sarcophagidae_Sarcophaga_carnaria_2625793_3803908435,© All rights reserved
184103,2621917022,Sarcophagidae_Sarcophaga_dux_2257134_2621917022,
184245,2621926808,Sarcophagidae_Craticulina_tabaniformis_189280_2621926808,
184246,2621926809,Sarcophagidae_Phylloteles_pictipennis_879358_2621926809,
184267,2621927610,Sarcophagidae_Sarcophaga_balanina_1568465_2621927610,
184342,2621935135,Sarcophagidae_Sarcophaga_maculata_2257222_2621935135,
184354,2621935271,Sarcophagidae_Sarcophaga_africa_2947644_2621935271,
184386,2621941300,Sarcophagidae_Miltogramma_germari_2947656_2621941300,
184428,2621946339,Sarcophagidae_Wohlfahrtia_bella_879416_2621946339,
184435,2621946324,Sarcophagidae_Protomiltogramma_fasciata_189358_2621946324,
184445,2621947913,Sarcophagidae_Senotainia_tricuspis_189365_2621947913,
184572,2621958685,Sarcophagidae_Sarcophaga_melanura_2257309_2621958685,
186697,3872923712,Sarcophagidae_Sarcophaga_variegata_1966413_3872923712,http://creativecommons.org/licenses/by/4.0/
186698,3872923712,Sarcophagidae_Sarcophaga_variegata_1966414_3872923712,http://creativecommons.org/licenses/by/4.0/
187036,4018305258,Sarcophagidae_Taxigramma_hilarella_3439412_4018305258,http://creativecommons.org/licenses/by-nc/4.0/
187740,3433454345,Sarcophagidae_Sarcophaga_carnaria_1027833_3433454345,© all rights reserved
188012,3879931600,Sarcophagidae_Sarcophaga_carnaria_594829_3879931600,
191273,3451602309,Sarcophagidae_Metopia_argyrocephala_1144715_3451602309,© All rights reserved
191274,3451602309,Sarcophagidae_Metopia_argyrocephala_1144716_3451602309,© All rights reserved
191366,3303250455,Sarcophagidae_Sarcophaga_carnaria_2359880_3303250455,© All rights reserved
191367,3303250455,Sarcophagidae_Sarcophaga_carnaria_2359881_3303250455,© All rights reserved
191368,3303250455,Sarcophagidae_Sarcophaga_carnaria_2359882_3303250455,© All rights reserved
191580,2822968310,Sarcophagidae_Macronychia_striginervis_1587017_2822968310,© All rights reserved
191581,2822968310,Sarcophagidae_Macronychia_striginervis_1587018_2822968310,© All rights reserved
191582,2822968310,Sarcophagidae_Macronychia_striginervis_1587019_2822968310,© All rights reserved
191753,3320394367,Sarcophagidae_Sarcophaga_carnaria_985303_3320394367,http://creativecommons.org/licenses/by/4.0/
191754,3320394367,Sarcophagidae_Sarcophaga_carnaria_985304_3320394367,http://creativecommons.org/licenses/by/4.0/
191804,1891072950,Sarcophagidae_Macronychia_striginervis_1461894_1891072950,http://creativecommons.org/licenses/by/4.0/
191846,1055990449,Sarcophagidae_Wohlfahrtia_magnifica_1384415_1055990449,http://creativecommons.org/licenses/by/4.0/
192077,3327110381,Sarcophagidae_Sarcophaga_carnaria_989119_3327110381,© All rights reserved
192426,2822996449,Sarcophagidae_Sarcophaga_carnaria_897965_2822996449,© All rights reserved
192579,3770598441,Sarcophagidae_Sarcophaga_carnaria_549662_3770598441,http://creativecommons.org/licenses/by/4.0/
192580,3770598441,Sarcophagidae_Sarcophaga_carnaria_549663_3770598441,http://creativecommons.org/licenses/by/4.0/
192668,2398468600,Sarcophagidae_Sarcophaga_carnaria_2910136_2398468600,© All rights reserved
200587,3874167047,Sarcophagidae_Sarcophaga_carnaria_1972556_3874167047,http://creativecommons.org/licenses/by-nc/4.0/
200588,3874167047,Sarcophagidae_Sarcophaga_carnaria_1972557_3874167047,http://creativecommons.org/licenses/by-nc/4.0/
200589,3874167047,Sarcophagidae_Sarcophaga_carnaria_1972558_3874167047,http://creativecommons.org/licenses/by-nc/4.0/
200590,3874167047,Sarcophagidae_Sarcophaga_carnaria_1972559_3874167047,http://creativecommons.org/licenses/by-nc/4.0/
200591,3874167047,Sarcophagidae_Sarcophaga_carnaria_1972560_3874167047,http://creativecommons.org/licenses/by-nc/4.0/
200633,3337643579,Sarcophagidae_Wohlfahrtia_vigil_2378065_3337643579,http://creativecommons.org/licenses/by/4.0/
201445,3759385910,Sarcophagidae_Wohlfahrtia_bella_2612507_3759385910,http://creativecommons.org/licenses/by-nc/4.0/
201446,3759385910,Sarcophagidae_Wohlfahrtia_bella_2612508_3759385910,http://creativecommons.org/licenses/by-nc/4.0/
201447,3759385910,Sarcophagidae_Wohlfahrtia_bella_2612509_3759385910,http://creativecommons.org/licenses/by-nc/4.0/
203243,3447727694,Sarcophagidae_Sarcophaga_haemorrhoa_1143688_3447727694,http://creativecommons.org/licenses/by-sa/4.0/
203282,3447732929,Sarcophagidae_Brachicoma_devia_2522250_3447732929,http://creativecommons.org/licenses/by-sa/4.0/
203283,3447732947,Sarcophagidae_Sarcophaga_carnaria_2522251_3447732947,http://creativecommons.org/licenses/by-sa/4.0/
203331,3447733733,Sarcophagidae_Sarcophaga_haemorrhoa_1833188_3447733733,http://creativecommons.org/licenses/by-sa/4.0/
203353,3447734229,Sarcophagidae_Sarcophaga_subvicina_2522266_3447734229,http://creativecommons.org/licenses/by-sa/4.0/
203354,3447734231,Sarcophagidae_Sarcophaga_sexpunctata_1143724_3447734231,http://creativecommons.org/licenses/by-sa/4.0/
203383,3447734690,Sarcophagidae_Sarcophaga_carnaria_454347_3447734690,http://creativecommons.org/licenses/by-sa/4.0/
203391,3447734765,Sarcophagidae_Brachicoma_devia_2522276_3447734765,http://creativecommons.org/licenses/by-sa/4.0/
203674,3447757128,Sarcophagidae_Sarcophaga_caerulescens_1143822_3447757128,http://creativecommons.org/licenses/by-sa/4.0/
203713,3447757738,Sarcophagidae_Metopia_argyrocephala_2522373_3447757738,http://creativecommons.org/licenses/by-sa/4.0/
203714,3447757736,Sarcophagidae_Senotainia_conica_1143834_3447757736,http://creativecommons.org/licenses/by-sa/4.0/
203716,3447757737,Sarcophagidae_Senotainia_puncticornis_1833297_3447757737,http://creativecommons.org/licenses/by-sa/4.0/
203738,3447768121,Sarcophagidae_Sarcophaga_kentejana_1143851_3447768121,http://creativecommons.org/licenses/by-sa/4.0/
203739,3447768510,Sarcophagidae_Sarcophaga_kentejana_2522385_3447768510,http://creativecommons.org/licenses/by-sa/4.0/
204109,3879666678,Sarcophagidae_Sarcophaga_carnaria_594673_3879666678,© all rights reserved
204143,3890892361,Sarcophagidae_Sarcophaga_carnaria_1979904_3890892361,© all rights reserved
204607,3430319701,Sarcophagidae_Blaesoxipha_plumicornis_1715222_3430319701,© all rights reserved
204608,3430319701,Sarcophagidae_Blaesoxipha_plumicornis_1715223_3430319701,© all rights reserved
204619,1321192398,Sarcophagidae_Ravinia_striata_2786851_1321192398,Usage Conditions Apply
205126,3857074379,Sarcophagidae_Sarcophaga_carnaria_2639928_3857074379,© all rights reserved
205177,1821275486,Sarcophagidae_Metopia_staegerii_2814510_1821275486,© all rights reserved
205329,2848797486,Sarcophagidae_Sarcophaga_carnaria_235948_2848797486,© All rights reserved
205331,3320333393,Sarcophagidae_Sarcophaga_carnaria_2363671_3320333393,© All rights reserved
205365,3313557309,Sarcophagidae_Sarcophaga_carnaria_983345_3313557309,© All rights reserved
205840,2838991953,Sarcophagidae_Miltogramma_germari_2290798_2838991953,http://creativecommons.org/licenses/by-nc/4.0/
211681,3332540517,Sarcophagidae_Sarcophaga_carnaria_1681963_3332540517,© All rights reserved
211682,3332540517,Sarcophagidae_Sarcophaga_carnaria_1681964_3332540517,© All rights reserved
219308,2834115331,Sarcophagidae_Nyctia_halterata_2281802_2834115331,http://creativecommons.org/licenses/by-nc-nd/4.0/
219309,2834115331,Sarcophagidae_Nyctia_halterata_2281803_2834115331,http://creativecommons.org/licenses/by-nc-nd/4.0/
221500,3902310506,Sarcophagidae_Sarcophaga_variegata_1295548_3902310506,http://creativecommons.org/licenses/by-nc/4.0/
221501,3902310506,Sarcophagidae_Sarcophaga_variegata_1295549_3902310506,http://creativecommons.org/licenses/by-nc/4.0/
221502,3902310506,Sarcophagidae_Sarcophaga_variegata_1295550_3902310506,http://creativecommons.org/licenses/by-nc/4.0/
223190,3434431472,Sarcophagidae_Sarcophaga_carnaria_338630_3434431472,© all rights reserved
223581,3448048164,Sarcophagidae_Brachicoma_devia_454645_3448048164,http://creativecommons.org/licenses/by-nc-sa/4.0/
223741,3880332474,Sarcophagidae_Sarcophaga_carnaria_3353602_3880332474,
229911,3822042509,Sarcophagidae_Macronychia_striginervis_558650_3822042509,http://creativecommons.org/licenses/by-nc-nd/4.0/
230438,3451464477,Sarcophagidae_Sarcophaga_carnaria_2523145_3451464477,© All rights reserved
230564,3451531327,Sarcophagidae_Sarcophaga_variegata_1834060_3451531327,© All rights reserved
230565,3451531327,Sarcophagidae_Sarcophaga_variegata_1834061_3451531327,© All rights reserved
230566,3451531327,Sarcophagidae_Sarcophaga_variegata_1834062_3451531327,© All rights reserved
231608,3335624386,Sarcophagidae_Sarcophaga_carnaria_3066822_3335624386,© All rights reserved
233120,1973602896,Sarcophagidae_Miltogramma_punctata_119360_1973602896,http://creativecommons.org/licenses/by-nc-nd/4.0/
233121,1973602896,Sarcophagidae_Miltogramma_punctata_119361_1973602896,http://creativecommons.org/licenses/by-nc-nd/4.0/
235241,1973231785,Sarcophagidae_Miltogramma_germari_119050_1973231785,http://creativecommons.org/licenses/by-nc-nd/4.0/
235981,3303131836,Sarcophagidae_Sarcophaga_carnaria_3049993_3303131836,© All rights reserved
235982,3303131836,Sarcophagidae_Sarcophaga_carnaria_3049994_3303131836,© All rights reserved
236179,3327260389,Sarcophagidae_Sarcophaga_carnaria_299104_3327260389,© All rights reserved
236184,3816648484,Sarcophagidae_Sarcophaga_carnaria_558456_3816648484,© All rights reserved
236185,3816648484,Sarcophagidae_Sarcophaga_carnaria_558457_3816648484,© All rights reserved
236292,3451478496,Sarcophagidae_Sarcophaga_carnaria_3213296_3451478496,© All rights reserved
236307,3303132017,Sarcophagidae_Sarcophaga_carnaria_981279_3303132017,© All rights reserved
236526,3820118388,Sarcophagidae_Sarcophaga_carnaria_558582_3820118388,© All rights reserved
236593,3327205534,Sarcophagidae_Sarcophaga_carnaria_989184_3327205534,© All rights reserved
236668,2273589696,Sarcophagidae_Sarcophaga_carnaria_145711_2273589696,© All rights reserved
236669,2273589696,Sarcophagidae_Sarcophaga_carnaria_145712_2273589696,© All rights reserved
248955,1973231574,Sarcophagidae_Miltogramma_germari_809789_1973231574,http://creativecommons.org/licenses/by-nc-nd/4.0/
248956,1973231574,Sarcophagidae_Miltogramma_germari_809790_1973231574,http://creativecommons.org/licenses/by-nc-nd/4.0/
249147,3730583384,Sarcophagidae_Nyctia_halterata_1906657_3730583384,http://creativecommons.org/licenses/by-nc-nd/4.0/
249507,1972923566,Sarcophagidae_Miltogramma_germari_2876719_1972923566,http://creativecommons.org/licenses/by-nc-nd/4.0/
249508,1972923566,Sarcophagidae_Miltogramma_germari_2876720_1972923566,http://creativecommons.org/licenses/by-nc-nd/4.0/
251224,1961027633,Sarcophagidae_Miltogramma_punctata_791813_1961027633,http://creativecommons.org/licenses/by-nc-nd/4.0/
251225,1961027633,Sarcophagidae_Miltogramma_punctata_791814_1961027633,http://creativecommons.org/licenses/by-nc-nd/4.0/
251226,1961027633,Sarcophagidae_Miltogramma_punctata_791815_1961027633,http://creativecommons.org/licenses/by-nc-nd/4.0/
253785,3448676323,Sarcophagidae_Metopia_argyrocephala_3213032_3448676323,http://creativecommons.org/licenses/by-sa/4.0/
256593,3872934619,Sarcophagidae_Sarcophaga_variegata_588236_3872934619,http://creativecommons.org/licenses/by/4.0/
256594,3872934619,Sarcophagidae_Sarcophaga_variegata_588237_3872934619,http://creativecommons.org/licenses/by/4.0/
258041,1914200535,Sarcophagidae_Wohlfahrtia_vigil_1463360_1914200535,http://creativecommons.org/licenses/by-nc/4.0/
258646,3456682315,Sarcophagidae_Ravinia_pernix_462745_3456682315,http://creativecommons.org/licenses/by-nc/4.0/
258647,3456682315,Sarcophagidae_Ravinia_pernix_462746_3456682315,http://creativecommons.org/licenses/by-nc/4.0/
258648,3456682315,Sarcophagidae_Ravinia_pernix_462747_3456682315,http://creativecommons.org/licenses/by-nc/4.0/
258649,3456682315,Sarcophagidae_Ravinia_pernix_462748_3456682315,http://creativecommons.org/licenses/by-nc/4.0/
258650,3456682315,Sarcophagidae_Ravinia_pernix_462749_3456682315,http://creativecommons.org/licenses/by-nc/4.0/
258651,3456682315,Sarcophagidae_Ravinia_pernix_462750_3456682315,http://creativecommons.org/licenses/by-nc/4.0/
258652,3456682315,Sarcophagidae_Ravinia_pernix_462751_3456682315,http://creativecommons.org/licenses/by-nc/4.0/
258653,3456682315,Sarcophagidae_Ravinia_pernix_462752_3456682315,http://creativecommons.org/licenses/by-nc/4.0/
258654,3456682315,Sarcophagidae_Ravinia_pernix_462753_3456682315,http://creativecommons.org/licenses/by-nc/4.0/
258655,3456682315,Sarcophagidae_Ravinia_pernix_462754_3456682315,http://creativecommons.org/licenses/by-nc/4.0/
258656,3456682315,Sarcophagidae_Ravinia_pernix_462755_3456682315,http://creativecommons.org/licenses/by-nc/4.0/
258657,3456682315,Sarcophagidae_Ravinia_pernix_462756_3456682315,http://creativecommons.org/licenses/by-nc/4.0/
258658,3456682315,Sarcophagidae_Ravinia_pernix_462757_3456682315,http://creativecommons.org/licenses/by-nc/4.0/
258659,3456682315,Sarcophagidae_Ravinia_pernix_462758_3456682315,http://creativecommons.org/licenses/by-nc/4.0/
258660,3456682315,Sarcophagidae_Ravinia_pernix_462759_3456682315,http://creativecommons.org/licenses/by-nc/4.0/
258661,3456682315,Sarcophagidae_Ravinia_pernix_462760_3456682315,http://creativecommons.org/licenses/by-nc/4.0/
259527,3994144726,Sarcophagidae_Miltogramma_auriceps_2731173_3994144726,http://creativecommons.org/licenses/by-nc/4.0/
260648,2248664206,Sarcophagidae_Nyctia_halterata_828293_2248664206,http://creativecommons.org/licenses/by-nc-sa/4.0/
261190,3988489438,Sarcophagidae_Sarcophaga_variegata_1349975_3988489438,http://creativecommons.org/licenses/by-nc/4.0/
261382,3858274892,Sarcophagidae_Nyctia_halterata_2643159_3858274892,http://creativecommons.org/licenses/by-nc/4.0/
261383,3858274892,Sarcophagidae_Nyctia_halterata_2643160_3858274892,http://creativecommons.org/licenses/by-nc/4.0/
261977,3712697302,Sarcophagidae_Wohlfahrtia_vigil_475080_3712697302,http://creativecommons.org/licenses/by-nc/4.0/
263049,3767212116,Sarcophagidae_Senotainia_conica_2616769_3767212116,© all rights reserved
263053,1460089423,Sarcophagidae_Sarcophaga_lehmanni_2117633_1460089423,© all rights reserved
263054,1460089423,Sarcophagidae_Sarcophaga_lehmanni_2117634_1460089423,© all rights reserved
264178,3433392771,Sarcophagidae_Sarcophaga_carnaria_338052_3433392771,© all rights reserved
264903,3857752436,Sarcophagidae_Sarcophaga_carnaria_572673_3857752436,© all rights reserved
265160,1429063002,Sarcophagidae_Metopia_campestris_1423861_1429063002,© all rights reserved
265161,1429063002,Sarcophagidae_Metopia_campestris_1423862_1429063002,© all rights reserved
265498,3078709116,Sarcophagidae_Sarcophaga_subulata_276596_3078709116,© all rights reserved
265499,3078709116,Sarcophagidae_Sarcophaga_subulata_276597_3078709116,© all rights reserved
265500,3078709116,Sarcophagidae_Sarcophaga_subulata_276598_3078709116,© all rights reserved
265501,3078709116,Sarcophagidae_Sarcophaga_subulata_276599_3078709116,© all rights reserved
265502,3078709116,Sarcophagidae_Sarcophaga_subulata_276600_3078709116,© all rights reserved
265511,3899380735,Sarcophagidae_Sarcophaga_carnaria_3362851_3899380735,© all rights reserved
266150,1458547240,Sarcophagidae_Metopia_argyrocephala_737770_1458547240,© all rights reserved
266174,3768254842,Sarcophagidae_Sarcophaga_vagans_1238370_3768254842,© all rights reserved
266175,3768254842,Sarcophagidae_Sarcophaga_vagans_1238371_3768254842,© all rights reserved
266176,3768254842,Sarcophagidae_Sarcophaga_vagans_1238372_3768254842,© all rights reserved
266177,3768254842,Sarcophagidae_Sarcophaga_vagans_1238373_3768254842,© all rights reserved
266178,3768254842,Sarcophagidae_Sarcophaga_vagans_1238374_3768254842,© all rights reserved
266783,1432695790,Sarcophagidae_Sarcophaga_carnaria_735979_1432695790,© all rights reserved
267147,3880583289,Sarcophagidae_Sarcophaga_carnaria_1284208_3880583289,© all rights reserved
267326,1468006841,Sarcophagidae_Sarcophaga_carnaria_49585_1468006841,© all rights reserved
267406,3857228302,Sarcophagidae_Sarcophaga_carnaria_572339_3857228302,
267427,1050181759,Sarcophagidae_Sarcophaga_carnaria_2762830_1050181759,© all rights reserved
268122,1459306218,Sarcophagidae_Sarcophaga_carnaria_1426830_1459306218,© all rights reserved
268372,3434092060,Sarcophagidae_Sarcophaga_carnaria_1028182_3434092060,© all rights reserved
268395,3880386112,Sarcophagidae_Sarcophaga_carnaria_1973313_3880386112,© all rights reserved
268396,3880386112,Sarcophagidae_Sarcophaga_carnaria_1973314_3880386112,© all rights reserved
268397,3880386112,Sarcophagidae_Sarcophaga_carnaria_1973315_3880386112,© all rights reserved
268398,3880386112,Sarcophagidae_Sarcophaga_carnaria_1973316_3880386112,© all rights reserved
268399,3880386112,Sarcophagidae_Sarcophaga_carnaria_1973317_3880386112,© all rights reserved
268677,1801486210,Sarcophagidae_Sarcophaga_carnaria_745619_1801486210,© all rights reserved
268777,1459638921,Sarcophagidae_Sarcophaga_carnaria_738721_1459638921,© all rights reserved
268947,1123675978,Sarcophagidae_Sarcophaga_carnaria_698205_1123675978,© all rights reserved
269501,1132480113,Sarcophagidae_Sarcophaga_carnaria_1386856_1132480113,© all rights reserved
270037,1458481889,Sarcophagidae_Agria_mamillata_1426313_1458481889,© all rights reserved
270038,1458481889,Sarcophagidae_Agria_mamillata_1426314_1458481889,© all rights reserved
270656,3857949564,Sarcophagidae_Sarcophaga_carnaria_572786_3857949564,
270718,1433067912,Sarcophagidae_Metopia_argyrocephala_736119_1433067912,© all rights reserved
271397,1460491928,Sarcophagidae_Miltogramma_germari_49261_1460491928,© all rights reserved
271519,1430771753,Sarcophagidae_Brachicoma_devia_735075_1430771753,© all rights reserved
271520,1430771753,Sarcophagidae_Brachicoma_devia_735076_1430771753,© all rights reserved
271582,3776616568,Sarcophagidae_Sarcophaga_carnaria_1241748_3776616568,© all rights reserved
271711,1458574893,Sarcophagidae_Sarcophaga_variegata_46635_1458574893,© all rights reserved
271891,1460095749,Sarcophagidae_Metopia_argyrocephala_739697_1460095749,© all rights reserved
271892,1460095749,Sarcophagidae_Metopia_argyrocephala_739698_1460095749,© all rights reserved
272176,3769460867,Sarcophagidae_Sarcophaga_carnaria_549616_3769460867,© all rights reserved
272219,1458902288,Sarcophagidae_Sarcophaga_carnaria_2115866_1458902288,© all rights reserved
272235,1458020867,Sarcophagidae_Sarcophaga_carnaria_1426140_1458020867,© all rights reserved
272282,1459325318,Sarcophagidae_Metopia_argyrocephala_2805749_1459325318,© all rights reserved
272859,1995310621,Sarcophagidae_Taxigramma_hilarella_132696_1995310621,© all rights reserved
272864,1669028578,Sarcophagidae_Sarcophaga_carnaria_2811218_1669028578,© all rights reserved
273130,2273646838,Sarcophagidae_Sarcophaga_carnaria_1524656_2273646838,© all rights reserved
273662,1460063292,Sarcophagidae_Senotainia_conica_2807135_1460063292,© all rights reserved
273663,1460063292,Sarcophagidae_Senotainia_conica_2807136_1460063292,© all rights reserved
273664,1460063292,Sarcophagidae_Senotainia_conica_2807137_1460063292,© all rights reserved
273769,3891083438,Sarcophagidae_Miltogramma_oestracea_601811_3891083438,© all rights reserved
273770,3891083438,Sarcophagidae_Miltogramma_oestracea_601812_3891083438,© all rights reserved
274359,1460323485,Sarcophagidae_Brachicoma_devia_1428749_1460323485,© all rights reserved
274382,3857126749,Sarcophagidae_Sarcophaga_carnaria_1950435_3857126749,© all rights reserved
274866,1884622718,Sarcophagidae_Miltogramma_germari_81891_1884622718,© all rights reserved
274867,1884622718,Sarcophagidae_Miltogramma_germari_81892_1884622718,© all rights reserved
274868,1884622718,Sarcophagidae_Miltogramma_germari_81893_1884622718,© all rights reserved
274869,1884622718,Sarcophagidae_Miltogramma_germari_81894_1884622718,© all rights reserved
274870,1884622718,Sarcophagidae_Miltogramma_germari_81895_1884622718,© all rights reserved
274918,2417782773,Sarcophagidae_Sarcophaga_carnaria_2913611_2417782773,© all rights reserved
274919,2417782773,Sarcophagidae_Sarcophaga_carnaria_2913612_2417782773,© all rights reserved
274920,2417782773,Sarcophagidae_Sarcophaga_carnaria_2913613_2417782773,© all rights reserved
275731,1433826313,Sarcophagidae_Taxigramma_hilarella_2803886_1433826313,© all rights reserved
276078,3430397868,Sarcophagidae_Sarcophaga_carnaria_1715259_3430397868,© all rights reserved
276235,3857946511,Sarcophagidae_Sarcophaga_carnaria_3331321_3857946511,© all rights reserved
276309,3887678481,Sarcophagidae_Sarcophaga_carnaria_2666704_3887678481,© all rights reserved
278229,1957489173,Sarcophagidae_Miltogramma_punctata_1475067_1957489173,http://creativecommons.org/licenses/by-nc-nd/4.0/
280790,3327267357,Sarcophagidae_Sarcophaga_carnaria_1677624_3327267357,© All rights reserved
280791,3327267357,Sarcophagidae_Sarcophaga_carnaria_1677625_3327267357,© All rights reserved
280813,3866367373,Sarcophagidae_Sarcophaga_carnaria_2655268_3866367373,© All rights reserved
280814,3866367373,Sarcophagidae_Sarcophaga_carnaria_2655269_3866367373,© All rights reserved
280815,3866367373,Sarcophagidae_Sarcophaga_carnaria_2655270_3866367373,© All rights reserved
285802,1459275228,Sarcophagidae_Sarcophaga_carnaria_2116181_1459275228,© all rights reserved
285850,1319946150,Sarcophagidae_Agria_affinis_2786667_1319946150,Usage Conditions Apply
286043,3384722345,Sarcophagidae_Amobia_signata_322953_3384722345,http://creativecommons.org/licenses/by-nc/4.0/
286044,3384722345,Sarcophagidae_Amobia_signata_322954_3384722345,http://creativecommons.org/licenses/by-nc/4.0/
286045,3384722345,Sarcophagidae_Amobia_signata_322955_3384722345,http://creativecommons.org/licenses/by-nc/4.0/
286046,3384722345,Sarcophagidae_Amobia_signata_322956_3384722345,http://creativecommons.org/licenses/by-nc/4.0/
286047,3384722345,Sarcophagidae_Amobia_signata_322957_3384722345,http://creativecommons.org/licenses/by-nc/4.0/
286048,3384722345,Sarcophagidae_Amobia_signata_322958_3384722345,http://creativecommons.org/licenses/by-nc/4.0/
287366,3333276112,Sarcophagidae_Miltogramma_germari_304926_3333276112,http://creativecommons.org/licenses/by-nc/4.0/
287367,3333276112,Sarcophagidae_Miltogramma_germari_304927_3333276112,http://creativecommons.org/licenses/by-nc/4.0/
287368,3333276112,Sarcophagidae_Miltogramma_germari_304928_3333276112,http://creativecommons.org/licenses/by-nc/4.0/
288390,3712510311,Sarcophagidae_Wohlfahrtia_vigil_3233078_3712510311,http://creativecommons.org/licenses/by-nc/4.0/
288391,3712510311,Sarcophagidae_Wohlfahrtia_vigil_3233079_3712510311,http://creativecommons.org/licenses/by-nc/4.0/
288392,3712510311,Sarcophagidae_Wohlfahrtia_vigil_3233080_3712510311,http://creativecommons.org/licenses/by-nc/4.0/
289505,3859308432,Sarcophagidae_Wohlfahrtia_bella_1958730_3859308432,http://creativecommons.org/licenses/by-nc/4.0/
296796,1966675190,Sarcophagidae_Taxigramma_elegantula_1488919_1966675190,http://creativecommons.org/licenses/by-nc-nd/4.0/
296797,1966675190,Sarcophagidae_Taxigramma_elegantula_1488920_1966675190,http://creativecommons.org/licenses/by-nc-nd/4.0/
299553,3018136360,Sarcophagidae_Sarcophaga_crassimargo_264280_3018136360,http://creativecommons.org/licenses/by-nc/4.0/
299554,3018136360,Sarcophagidae_Sarcophaga_crassimargo_264281_3018136360,http://creativecommons.org/licenses/by-nc/4.0/
299555,3018136360,Sarcophagidae_Sarcophaga_crassimargo_264282_3018136360,http://creativecommons.org/licenses/by-nc/4.0/
299564,3335121107,Sarcophagidae_Brachicoma_devia_1684796_3335121107,http://creativecommons.org/licenses/by-nc/4.0/
299565,3335121107,Sarcophagidae_Brachicoma_devia_1684797_3335121107,http://creativecommons.org/licenses/by-nc/4.0/
299566,3335121107,Sarcophagidae_Brachicoma_devia_1684798_3335121107,http://creativecommons.org/licenses/by-nc/4.0/
299567,3335121107,Sarcophagidae_Brachicoma_devia_1684799_3335121107,http://creativecommons.org/licenses/by-nc/4.0/
299568,3335121107,Sarcophagidae_Brachicoma_devia_1684800_3335121107,http://creativecommons.org/licenses/by-nc/4.0/
299569,3335121107,Sarcophagidae_Brachicoma_devia_1684801_3335121107,http://creativecommons.org/licenses/by-nc/4.0/
299570,3335121107,Sarcophagidae_Brachicoma_devia_1684802_3335121107,http://creativecommons.org/licenses/by-nc/4.0/
299571,3335121107,Sarcophagidae_Brachicoma_devia_1684803_3335121107,http://creativecommons.org/licenses/by-nc/4.0/
303383,2832669550,Sarcophagidae_Miltogramma_germari_2279107_2832669550,http://creativecommons.org/licenses/by-nc/4.0/
309195,2248738623,Sarcophagidae_Sarcophaga_albiceps_828469_2248738623,http://creativecommons.org/licenses/by-nc-sa/4.0/
309449,3451473428,Sarcophagidae_Sarcophaga_carnaria_3213292_3451473428,© All rights reserved
313131,3384717267,Sarcophagidae_Sarcophaga_nigriventris_1701557_3384717267,http://creativecommons.org/licenses/by-nc/4.0/
313132,3384717267,Sarcophagidae_Sarcophaga_nigriventris_1701558_3384717267,http://creativecommons.org/licenses/by-nc/4.0/
313133,3384717267,Sarcophagidae_Sarcophaga_nigriventris_1701559_3384717267,http://creativecommons.org/licenses/by-nc/4.0/
314719,3320371422,Sarcophagidae_Sarcophaga_carnaria_2363687_3320371422,© All rights reserved
314744,3327208461,Sarcophagidae_Sarcophaga_carnaria_2367466_3327208461,© All rights reserved
314836,3862110527,Sarcophagidae_Sarcophaga_carnaria_1965718_3862110527,© All rights reserved
314856,3342186323,Sarcophagidae_Sarcophaga_carnaria_2380344_3342186323,http://creativecommons.org/licenses/by-nc-sa/4.0/
314857,3342186323,Sarcophagidae_Sarcophaga_carnaria_2380345_3342186323,http://creativecommons.org/licenses/by-nc-sa/4.0/
315277,3320275468,Sarcophagidae_Sarcophaga_carnaria_985210_3320275468,© All rights reserved
315396,2398886938,Sarcophagidae_Sarcophaga_carnaria_1530563_2398886938,© All rights reserved
315744,1454477899,Sarcophagidae_Sarcophaga_thirionae_46157_1454477899,http://creativecommons.org/licenses/by/4.0/
315864,3451418438,Sarcophagidae_Sarcophaga_variegata_3213249_3451418438,© All rights reserved
315865,3451418438,Sarcophagidae_Sarcophaga_variegata_3213250_3451418438,© All rights reserved
316085,3327232506,Sarcophagidae_Sarcophaga_carnaria_299080_3327232506,© All rights reserved
316086,3327232506,Sarcophagidae_Sarcophaga_carnaria_299081_3327232506,© All rights reserved
316261,3313596306,Sarcophagidae_Sarcophaga_carnaria_983368_3313596306,© All rights reserved
316406,3310003352,Sarcophagidae_Sarcophaga_carnaria_293403_3310003352,© All rights reserved
318629,3873013572,Sarcophagidae_Sarcophaga_carnaria_1966946_3873013572,http://creativecommons.org/licenses/by/4.0/
318630,3873013572,Sarcophagidae_Sarcophaga_carnaria_1966947_3873013572,http://creativecommons.org/licenses/by/4.0/
318631,3873013572,Sarcophagidae_Sarcophaga_carnaria_1966948_3873013572,http://creativecommons.org/licenses/by/4.0/
318648,3860540324,Sarcophagidae_Sarcophaga_carnaria_586269_3860540324,http://creativecommons.org/licenses/by-nc/4.0/
320023,1972836030,Sarcophagidae_Senotainia_conica_2186273_1972836030,http://creativecommons.org/licenses/by-nc-nd/4.0/
320024,1972836030,Sarcophagidae_Senotainia_conica_2186274_1972836030,http://creativecommons.org/licenses/by-nc-nd/4.0/
320025,1972836030,Sarcophagidae_Senotainia_conica_2186275_1972836030,http://creativecommons.org/licenses/by-nc-nd/4.0/
321021,3387317710,Sarcophagidae_Sarcophaga_subvicina_1015154_3387317710,http://creativecommons.org/licenses/by/4.0/
321022,3387317710,Sarcophagidae_Sarcophaga_subvicina_1015155_3387317710,http://creativecommons.org/licenses/by/4.0/
325514,2270996040,Sarcophagidae_Sarcophaga_carnaria_144681_2270996040,© all rights reserved
328251,1976497012,Sarcophagidae_Senotainia_conica_2881671_1976497012,http://creativecommons.org/licenses/by-nc-nd/4.0/
328252,1976497012,Sarcophagidae_Senotainia_conica_2881672_1976497012,http://creativecommons.org/licenses/by-nc-nd/4.0/
329995,3451527397,Sarcophagidae_Sarcophaga_carnaria_3213358_3451527397,© All rights reserved
330085,3862159410,Sarcophagidae_Sarcophaga_carnaria_1276642_3862159410,© All rights reserved
330102,3335670431,Sarcophagidae_Sarcophaga_carnaria_998275_3335670431,© All rights reserved
330435,3819954363,Sarcophagidae_Sarcophaga_carnaria_1247445_3819954363,© All rights reserved
330465,3451434309,Sarcophagidae_Metopia_campestris_3213265_3451434309,© All rights reserved
330466,3451434309,Sarcophagidae_Metopia_campestris_3213266_3451434309,© All rights reserved
330497,3451543466,Sarcophagidae_Sarcophaga_carnaria_3213375_3451543466,© All rights reserved
330874,3816641383,Sarcophagidae_Sarcophaga_carnaria_1247400_3816641383,© All rights reserved
331010,2467861702,Sarcophagidae_Miltogramma_punctata_1543925_2467861702,http://creativecommons.org/licenses/by-nc-sa/4.0/
331064,3451438468,Sarcophagidae_Sarcophaga_aratrix_3213267_3451438468,© All rights reserved
331065,3451438468,Sarcophagidae_Sarcophaga_aratrix_3213268_3451438468,© All rights reserved
331066,3451438468,Sarcophagidae_Sarcophaga_aratrix_3213269_3451438468,© All rights reserved
331067,3451438468,Sarcophagidae_Sarcophaga_aratrix_3213270_3451438468,© All rights reserved
331128,2407303375,Sarcophagidae_Sarcophaga_carnaria_843880_2407303375,© All rights reserved
331129,2407303375,Sarcophagidae_Sarcophaga_carnaria_843881_2407303375,© All rights reserved
331164,3303321380,Sarcophagidae_Sarcophaga_carnaria_3050119_3303321380,© All rights reserved
331244,3338431419,Sarcophagidae_Sarcophaga_carnaria_1690615_3338431419,© All rights reserved
331953,1265036675,Sarcophagidae_Sarcophaga_pumila_701070_1265036675,http://creativecommons.org/licenses/by-nc-nd/4.0/
331954,1265036675,Sarcophagidae_Sarcophaga_pumila_701071_1265036675,http://creativecommons.org/licenses/by-nc-nd/4.0/
331955,1265036675,Sarcophagidae_Sarcophaga_pumila_701072_1265036675,http://creativecommons.org/licenses/by-nc-nd/4.0/
331956,1265036675,Sarcophagidae_Sarcophaga_pumila_701073_1265036675,http://creativecommons.org/licenses/by-nc-nd/4.0/
334547,1265038556,Sarcophagidae_Sarcophaga_tibialis_701850_1265038556,http://creativecommons.org/licenses/by-nc-nd/4.0/
334548,1265038556,Sarcophagidae_Sarcophaga_tibialis_701851_1265038556,http://creativecommons.org/licenses/by-nc-nd/4.0/
334549,1265038556,Sarcophagidae_Sarcophaga_tibialis_701852_1265038556,http://creativecommons.org/licenses/by-nc-nd/4.0/
334550,1265038556,Sarcophagidae_Sarcophaga_tibialis_701853_1265038556,http://creativecommons.org/licenses/by-nc-nd/4.0/
334551,1265038572,Sarcophagidae_Sarcophaga_tibialis_2769345_1265038572,http://creativecommons.org/licenses/by-nc-nd/4.0/
334552,1265038572,Sarcophagidae_Sarcophaga_tibialis_2769346_1265038572,http://creativecommons.org/licenses/by-nc-nd/4.0/
334553,1265038530,Sarcophagidae_Sarcophaga_tibialis_2079907_1265038530,http://creativecommons.org/licenses/by-nc-nd/4.0/
334554,1265038530,Sarcophagidae_Sarcophaga_tibialis_2079908_1265038530,http://creativecommons.org/licenses/by-nc-nd/4.0/
334555,1265038461,Sarcophagidae_Sarcophaga_tibialis_701805_1265038461,http://creativecommons.org/licenses/by-nc-nd/4.0/
334556,1265038461,Sarcophagidae_Sarcophaga_tibialis_701806_1265038461,http://creativecommons.org/licenses/by-nc-nd/4.0/
334729,1265038550,Sarcophagidae_Sarcophaga_tibialis_10596_1265038550,http://creativecommons.org/licenses/by-nc-nd/4.0/
334730,1265038550,Sarcophagidae_Sarcophaga_tibialis_10597_1265038550,http://creativecommons.org/licenses/by-nc-nd/4.0/
334731,1265038550,Sarcophagidae_Sarcophaga_tibialis_10598_1265038550,http://creativecommons.org/licenses/by-nc-nd/4.0/
334732,1265038550,Sarcophagidae_Sarcophaga_tibialis_10599_1265038550,http://creativecommons.org/licenses/by-nc-nd/4.0/
336071,1019549550,Sarcophagidae_Nyctia_halterata_1381382_1019549550,http://creativecommons.org/licenses/by-nc-nd/4.0/
336072,1019549550,Sarcophagidae_Nyctia_halterata_1381383_1019549550,http://creativecommons.org/licenses/by-nc-nd/4.0/
336073,1019549550,Sarcophagidae_Nyctia_halterata_1381384_1019549550,http://creativecommons.org/licenses/by-nc-nd/4.0/
336074,1019549550,Sarcophagidae_Nyctia_halterata_1381385_1019549550,http://creativecommons.org/licenses/by-nc-nd/4.0/
336075,1019549550,Sarcophagidae_Nyctia_halterata_1381386_1019549550,http://creativecommons.org/licenses/by-nc-nd/4.0/
336076,1019549607,Sarcophagidae_Nyctia_halterata_1604_1019549607,http://creativecommons.org/licenses/by-nc-nd/4.0/
336077,1019549607,Sarcophagidae_Nyctia_halterata_1605_1019549607,http://creativecommons.org/licenses/by-nc-nd/4.0/
336078,1019549607,Sarcophagidae_Nyctia_halterata_1606_1019549607,http://creativecommons.org/licenses/by-nc-nd/4.0/
336079,1019549607,Sarcophagidae_Nyctia_halterata_1607_1019549607,http://creativecommons.org/licenses/by-nc-nd/4.0/
336080,1019549607,Sarcophagidae_Nyctia_halterata_1608_1019549607,http://creativecommons.org/licenses/by-nc-nd/4.0/
336085,1019549648,Sarcophagidae_Metopia_argyrocephala_1636_1019549648,http://creativecommons.org/licenses/by-nc-nd/4.0/
336086,1019549648,Sarcophagidae_Metopia_argyrocephala_1637_1019549648,http://creativecommons.org/licenses/by-nc-nd/4.0/
336087,1019549648,Sarcophagidae_Metopia_argyrocephala_1638_1019549648,http://creativecommons.org/licenses/by-nc-nd/4.0/
336088,1019549648,Sarcophagidae_Metopia_argyrocephala_1639_1019549648,http://creativecommons.org/licenses/by-nc-nd/4.0/
336089,1019549576,Sarcophagidae_Metopia_argyrocephala_1581_1019549576,http://creativecommons.org/licenses/by-nc-nd/4.0/
336090,1019549576,Sarcophagidae_Metopia_argyrocephala_1582_1019549576,http://creativecommons.org/licenses/by-nc-nd/4.0/
336091,1019549576,Sarcophagidae_Metopia_argyrocephala_1583_1019549576,http://creativecommons.org/licenses/by-nc-nd/4.0/
336092,1019549576,Sarcophagidae_Metopia_argyrocephala_1584_1019549576,http://creativecommons.org/licenses/by-nc-nd/4.0/
336093,1019549599,Sarcophagidae_Metopia_campestris_1595_1019549599,http://creativecommons.org/licenses/by-nc-nd/4.0/
336094,1019549599,Sarcophagidae_Metopia_campestris_1596_1019549599,http://creativecommons.org/licenses/by-nc-nd/4.0/
336095,1019549599,Sarcophagidae_Metopia_campestris_1597_1019549599,http://creativecommons.org/licenses/by-nc-nd/4.0/
336096,1019549599,Sarcophagidae_Metopia_campestris_1598_1019549599,http://creativecommons.org/licenses/by-nc-nd/4.0/
336097,1019549599,Sarcophagidae_Metopia_campestris_1599_1019549599,http://creativecommons.org/licenses/by-nc-nd/4.0/
336116,1265037541,Sarcophagidae_Sarcophaga_cruentata_2768841_1265037541,http://creativecommons.org/licenses/by-nc-nd/4.0/
336117,1265037541,Sarcophagidae_Sarcophaga_cruentata_2768842_1265037541,http://creativecommons.org/licenses/by-nc-nd/4.0/
336123,1265037568,Sarcophagidae_Sarcophaga_cruentata_2079445_1265037568,http://creativecommons.org/licenses/by-nc-nd/4.0/
336124,1265037568,Sarcophagidae_Sarcophaga_cruentata_2079446_1265037568,http://creativecommons.org/licenses/by-nc-nd/4.0/
336130,1265037540,Sarcophagidae_Sarcophaga_cruentata_2079433_1265037540,http://creativecommons.org/licenses/by-nc-nd/4.0/
336131,1265037540,Sarcophagidae_Sarcophaga_cruentata_2079434_1265037540,http://creativecommons.org/licenses/by-nc-nd/4.0/
336132,1265037554,Sarcophagidae_Sarcophaga_cruentata_2079438_1265037554,http://creativecommons.org/licenses/by-nc-nd/4.0/
336133,1265037554,Sarcophagidae_Sarcophaga_cruentata_2079439_1265037554,http://creativecommons.org/licenses/by-nc-nd/4.0/
336179,1265037591,Sarcophagidae_Sarcophaga_carnaria_2768859_1265037591,http://creativecommons.org/licenses/by-nc-nd/4.0/
336180,1265037591,Sarcophagidae_Sarcophaga_carnaria_2768860_1265037591,http://creativecommons.org/licenses/by-nc-nd/4.0/
336185,1265037590,Sarcophagidae_Sarcophaga_cruentata_2079454_1265037590,http://creativecommons.org/licenses/by-nc-nd/4.0/
336186,1265037590,Sarcophagidae_Sarcophaga_cruentata_2079455_1265037590,http://creativecommons.org/licenses/by-nc-nd/4.0/
336513,1265037601,Sarcophagidae_Nyctia_halterata_701394_1265037601,http://creativecommons.org/licenses/by-nc-nd/4.0/
336514,1265037601,Sarcophagidae_Nyctia_halterata_701395_1265037601,http://creativecommons.org/licenses/by-nc-nd/4.0/
336515,1265037556,Sarcophagidae_Nyctia_halterata_10126_1265037556,http://creativecommons.org/licenses/by-nc-nd/4.0/
336516,1265037556,Sarcophagidae_Nyctia_halterata_10127_1265037556,http://creativecommons.org/licenses/by-nc-nd/4.0/
336517,1265037569,Sarcophagidae_Nyctia_halterata_2768853_1265037569,http://creativecommons.org/licenses/by-nc-nd/4.0/
336518,1265037569,Sarcophagidae_Nyctia_halterata_2768854_1265037569,http://creativecommons.org/licenses/by-nc-nd/4.0/
336712,1019549589,Sarcophagidae_Metopia_argyrocephala_2760339_1019549589,http://creativecommons.org/licenses/by-nc-nd/4.0/
336713,1019549589,Sarcophagidae_Metopia_argyrocephala_2760340_1019549589,http://creativecommons.org/licenses/by-nc-nd/4.0/
336714,1019549610,Sarcophagidae_Metopia_argyrocephala_2760355_1019549610,http://creativecommons.org/licenses/by-nc-nd/4.0/
336715,1019549610,Sarcophagidae_Metopia_argyrocephala_2760356_1019549610,http://creativecommons.org/licenses/by-nc-nd/4.0/
336716,1019549619,Sarcophagidae_Metopia_argyrocephala_2070730_1019549619,http://creativecommons.org/licenses/by-nc-nd/4.0/
336717,1019549619,Sarcophagidae_Metopia_argyrocephala_2070731_1019549619,http://creativecommons.org/licenses/by-nc-nd/4.0/
336718,1019549581,Sarcophagidae_Metopia_argyrocephala_692867_1019549581,http://creativecommons.org/licenses/by-nc-nd/4.0/
336719,1019549581,Sarcophagidae_Metopia_argyrocephala_692868_1019549581,http://creativecommons.org/licenses/by-nc-nd/4.0/
336720,1019549616,Sarcophagidae_Metopia_campestris_1611_1019549616,http://creativecommons.org/licenses/by-nc-nd/4.0/
336721,1019549616,Sarcophagidae_Metopia_campestris_1612_1019549616,http://creativecommons.org/licenses/by-nc-nd/4.0/
336722,1019549601,Sarcophagidae_Metopia_campestris_2760351_1019549601,http://creativecommons.org/licenses/by-nc-nd/4.0/
336723,1019549601,Sarcophagidae_Metopia_campestris_2760352_1019549601,http://creativecommons.org/licenses/by-nc-nd/4.0/
336724,1019549596,Sarcophagidae_Phrosinella_nasuta_1381416_1019549596,http://creativecommons.org/licenses/by-nc-nd/4.0/
336725,1019549596,Sarcophagidae_Phrosinella_nasuta_1381417_1019549596,http://creativecommons.org/licenses/by-nc-nd/4.0/
336726,1019549596,Sarcophagidae_Phrosinella_nasuta_1381418_1019549596,http://creativecommons.org/licenses/by-nc-nd/4.0/
336727,1019549605,Sarcophagidae_Metopia_argyrocephala_2070725_1019549605,http://creativecommons.org/licenses/by-nc-nd/4.0/
336728,1019549605,Sarcophagidae_Metopia_argyrocephala_2070726_1019549605,http://creativecommons.org/licenses/by-nc-nd/4.0/
336824,1019549643,Sarcophagidae_Ravinia_pernix_1630_1019549643,http://creativecommons.org/licenses/by-nc-nd/4.0/
336825,1019549643,Sarcophagidae_Ravinia_pernix_1631_1019549643,http://creativecommons.org/licenses/by-nc-nd/4.0/
336826,1019549643,Sarcophagidae_Ravinia_pernix_1632_1019549643,http://creativecommons.org/licenses/by-nc-nd/4.0/
336827,1019549643,Sarcophagidae_Ravinia_pernix_1633_1019549643,http://creativecommons.org/licenses/by-nc-nd/4.0/
336828,1019549643,Sarcophagidae_Ravinia_pernix_1634_1019549643,http://creativecommons.org/licenses/by-nc-nd/4.0/
336829,1019549643,Sarcophagidae_Ravinia_pernix_1635_1019549643,http://creativecommons.org/licenses/by-nc-nd/4.0/
336833,1019549692,Sarcophagidae_Blaesoxipha_grisea_2760421_1019549692,http://creativecommons.org/licenses/by-nc-nd/4.0/
336834,1019549692,Sarcophagidae_Blaesoxipha_grisea_2760422_1019549692,http://creativecommons.org/licenses/by-nc-nd/4.0/
336835,1019549692,Sarcophagidae_Blaesoxipha_grisea_2760423_1019549692,http://creativecommons.org/licenses/by-nc-nd/4.0/
336836,1019549692,Sarcophagidae_Blaesoxipha_grisea_2760424_1019549692,http://creativecommons.org/licenses/by-nc-nd/4.0/
336837,1019549692,Sarcophagidae_Blaesoxipha_grisea_2760425_1019549692,http://creativecommons.org/licenses/by-nc-nd/4.0/
336871,1019549655,Sarcophagidae_Sarcophaga_nigriventris_2070756_1019549655,http://creativecommons.org/licenses/by-nc-nd/4.0/
336872,1019549655,Sarcophagidae_Sarcophaga_nigriventris_2070757_1019549655,http://creativecommons.org/licenses/by-nc-nd/4.0/
336873,1019549655,Sarcophagidae_Sarcophaga_nigriventris_2070758_1019549655,http://creativecommons.org/licenses/by-nc-nd/4.0/
336874,1019549655,Sarcophagidae_Sarcophaga_nigriventris_2070759_1019549655,http://creativecommons.org/licenses/by-nc-nd/4.0/
336875,1019549655,Sarcophagidae_Sarcophaga_nigriventris_2070760_1019549655,http://creativecommons.org/licenses/by-nc-nd/4.0/
336876,1019549655,Sarcophagidae_Sarcophaga_nigriventris_2070761_1019549655,http://creativecommons.org/licenses/by-nc-nd/4.0/
336883,1019549677,Sarcophagidae_Ravinia_pernix_1381480_1019549677,http://creativecommons.org/licenses/by-nc-nd/4.0/
336884,1019549677,Sarcophagidae_Ravinia_pernix_1381481_1019549677,http://creativecommons.org/licenses/by-nc-nd/4.0/
336885,1019549677,Sarcophagidae_Ravinia_pernix_1381482_1019549677,http://creativecommons.org/licenses/by-nc-nd/4.0/
336886,1019549677,Sarcophagidae_Ravinia_pernix_1381483_1019549677,http://creativecommons.org/licenses/by-nc-nd/4.0/
336887,1019549677,Sarcophagidae_Ravinia_pernix_1381484_1019549677,http://creativecommons.org/licenses/by-nc-nd/4.0/
336894,1019549663,Sarcophagidae_Sarcophaga_haemorrhoa_1381468_1019549663,http://creativecommons.org/licenses/by-nc-nd/4.0/
336895,1019549663,Sarcophagidae_Sarcophaga_haemorrhoa_1381469_1019549663,http://creativecommons.org/licenses/by-nc-nd/4.0/
336896,1019549663,Sarcophagidae_Sarcophaga_haemorrhoa_1381470_1019549663,http://creativecommons.org/licenses/by-nc-nd/4.0/
336903,1019549671,Sarcophagidae_Sarcophaga_haemorrhoa_692942_1019549671,http://creativecommons.org/licenses/by-nc-nd/4.0/
336904,1019549671,Sarcophagidae_Sarcophaga_haemorrhoa_692943_1019549671,http://creativecommons.org/licenses/by-nc-nd/4.0/
336905,1019549671,Sarcophagidae_Sarcophaga_haemorrhoa_692944_1019549671,http://creativecommons.org/licenses/by-nc-nd/4.0/
336906,1019549671,Sarcophagidae_Sarcophaga_haemorrhoa_692945_1019549671,http://creativecommons.org/licenses/by-nc-nd/4.0/
336907,1019549671,Sarcophagidae_Sarcophaga_haemorrhoa_692946_1019549671,http://creativecommons.org/licenses/by-nc-nd/4.0/
336917,1019549638,Sarcophagidae_Sarcophaga_haemorrhoa_2760373_1019549638,http://creativecommons.org/licenses/by-nc-nd/4.0/
336918,1019549638,Sarcophagidae_Sarcophaga_haemorrhoa_2760374_1019549638,http://creativecommons.org/licenses/by-nc-nd/4.0/
336919,1019549638,Sarcophagidae_Sarcophaga_haemorrhoa_2760375_1019549638,http://creativecommons.org/licenses/by-nc-nd/4.0/
336920,1019549638,Sarcophagidae_Sarcophaga_haemorrhoa_2760376_1019549638,http://creativecommons.org/licenses/by-nc-nd/4.0/
336921,1019549638,Sarcophagidae_Sarcophaga_haemorrhoa_2760377_1019549638,http://creativecommons.org/licenses/by-nc-nd/4.0/
336922,1019549638,Sarcophagidae_Sarcophaga_haemorrhoa_2760378_1019549638,http://creativecommons.org/licenses/by-nc-nd/4.0/
336923,1019549638,Sarcophagidae_Sarcophaga_haemorrhoa_2760379_1019549638,http://creativecommons.org/licenses/by-nc-nd/4.0/
336924,1019549638,Sarcophagidae_Sarcophaga_haemorrhoa_2760380_1019549638,http://creativecommons.org/licenses/by-nc-nd/4.0/
336928,1019549686,Sarcophagidae_Ravinia_pernix_1381489_1019549686,http://creativecommons.org/licenses/by-nc-nd/4.0/
336929,1019549686,Sarcophagidae_Ravinia_pernix_1381490_1019549686,http://creativecommons.org/licenses/by-nc-nd/4.0/
336930,1019549686,Sarcophagidae_Ravinia_pernix_1381491_1019549686,http://creativecommons.org/licenses/by-nc-nd/4.0/
336931,1019549686,Sarcophagidae_Ravinia_pernix_1381492_1019549686,http://creativecommons.org/licenses/by-nc-nd/4.0/
336932,1019549686,Sarcophagidae_Ravinia_pernix_1381493_1019549686,http://creativecommons.org/licenses/by-nc-nd/4.0/
336943,1019549612,Sarcophagidae_Sarcophaga_sinuata_692888_1019549612,http://creativecommons.org/licenses/by-nc-nd/4.0/
336944,1019549612,Sarcophagidae_Sarcophaga_sinuata_692889_1019549612,http://creativecommons.org/licenses/by-nc-nd/4.0/
336945,1019549612,Sarcophagidae_Sarcophaga_sinuata_692890_1019549612,http://creativecommons.org/licenses/by-nc-nd/4.0/
336946,1019549612,Sarcophagidae_Sarcophaga_sinuata_692891_1019549612,http://creativecommons.org/licenses/by-nc-nd/4.0/
336947,1019549612,Sarcophagidae_Sarcophaga_sinuata_692892_1019549612,http://creativecommons.org/licenses/by-nc-nd/4.0/
336948,1019549612,Sarcophagidae_Sarcophaga_sinuata_692893_1019549612,http://creativecommons.org/licenses/by-nc-nd/4.0/
336949,1019549612,Sarcophagidae_Sarcophaga_sinuata_692894_1019549612,http://creativecommons.org/licenses/by-nc-nd/4.0/
336962,1265037747,Sarcophagidae_Sarcophaga_crassipalis_1390122_1265037747,http://creativecommons.org/licenses/by-nc-nd/4.0/
336963,1265037747,Sarcophagidae_Sarcophaga_crassipalis_1390123_1265037747,http://creativecommons.org/licenses/by-nc-nd/4.0/
336964,1265037747,Sarcophagidae_Sarcophaga_crassipalis_1390124_1265037747,http://creativecommons.org/licenses/by-nc-nd/4.0/
336965,1265037746,Sarcophagidae_Sarcophaga_cruentata_701453_1265037746,http://creativecommons.org/licenses/by-nc-nd/4.0/
336966,1265037746,Sarcophagidae_Sarcophaga_cruentata_701454_1265037746,http://creativecommons.org/licenses/by-nc-nd/4.0/
336967,1265037621,Sarcophagidae_Wohlfahrtia_bella_2079466_1265037621,http://creativecommons.org/licenses/by-nc-nd/4.0/
336968,1265037621,Sarcophagidae_Wohlfahrtia_bella_2079467_1265037621,http://creativecommons.org/licenses/by-nc-nd/4.0/
336977,1019549676,Sarcophagidae_Sarcophaga_pumila_692947_1019549676,http://creativecommons.org/licenses/by-nc-nd/4.0/
336978,1019549676,Sarcophagidae_Sarcophaga_pumila_692948_1019549676,http://creativecommons.org/licenses/by-nc-nd/4.0/
336979,1019549676,Sarcophagidae_Sarcophaga_pumila_692949_1019549676,http://creativecommons.org/licenses/by-nc-nd/4.0/
336980,1019549676,Sarcophagidae_Sarcophaga_pumila_692950_1019549676,http://creativecommons.org/licenses/by-nc-nd/4.0/
336981,1019549676,Sarcophagidae_Sarcophaga_pumila_692951_1019549676,http://creativecommons.org/licenses/by-nc-nd/4.0/
336985,1019549653,Sarcophagidae_Sarcophaga_dissimilis_692924_1019549653,http://creativecommons.org/licenses/by-nc-nd/4.0/
336986,1019549653,Sarcophagidae_Sarcophaga_dissimilis_692925_1019549653,http://creativecommons.org/licenses/by-nc-nd/4.0/
336987,1019549653,Sarcophagidae_Sarcophaga_dissimilis_692926_1019549653,http://creativecommons.org/licenses/by-nc-nd/4.0/
336988,1019549653,Sarcophagidae_Sarcophaga_dissimilis_692927_1019549653,http://creativecommons.org/licenses/by-nc-nd/4.0/
336989,1019549653,Sarcophagidae_Sarcophaga_dissimilis_692928_1019549653,http://creativecommons.org/licenses/by-nc-nd/4.0/
336998,1019549670,Sarcophagidae_Sarcophaga_dissimilis_1653_1019549670,http://creativecommons.org/licenses/by-nc-nd/4.0/
336999,1019549670,Sarcophagidae_Sarcophaga_dissimilis_1654_1019549670,http://creativecommons.org/licenses/by-nc-nd/4.0/
337000,1019549670,Sarcophagidae_Sarcophaga_dissimilis_1655_1019549670,http://creativecommons.org/licenses/by-nc-nd/4.0/
337001,1019549670,Sarcophagidae_Sarcophaga_dissimilis_1656_1019549670,http://creativecommons.org/licenses/by-nc-nd/4.0/
337002,1019549670,Sarcophagidae_Sarcophaga_dissimilis_1657_1019549670,http://creativecommons.org/licenses/by-nc-nd/4.0/
337011,1019549702,Sarcophagidae_Sarcophaga_dissimilis_692972_1019549702,http://creativecommons.org/licenses/by-nc-nd/4.0/
337012,1019549702,Sarcophagidae_Sarcophaga_dissimilis_692973_1019549702,http://creativecommons.org/licenses/by-nc-nd/4.0/
337013,1019549702,Sarcophagidae_Sarcophaga_dissimilis_692974_1019549702,http://creativecommons.org/licenses/by-nc-nd/4.0/
337014,1019549702,Sarcophagidae_Sarcophaga_dissimilis_692975_1019549702,http://creativecommons.org/licenses/by-nc-nd/4.0/
337015,1019549702,Sarcophagidae_Sarcophaga_dissimilis_692976_1019549702,http://creativecommons.org/licenses/by-nc-nd/4.0/
337016,1019549702,Sarcophagidae_Sarcophaga_dissimilis_692977_1019549702,http://creativecommons.org/licenses/by-nc-nd/4.0/
337017,1019549702,Sarcophagidae_Sarcophaga_dissimilis_692978_1019549702,http://creativecommons.org/licenses/by-nc-nd/4.0/
337026,1019549625,Sarcophagidae_Sarcophaga_dissimilis_1615_1019549625,http://creativecommons.org/licenses/by-nc-nd/4.0/
337027,1019549625,Sarcophagidae_Sarcophaga_dissimilis_1616_1019549625,http://creativecommons.org/licenses/by-nc-nd/4.0/
337028,1019549625,Sarcophagidae_Sarcophaga_dissimilis_1617_1019549625,http://creativecommons.org/licenses/by-nc-nd/4.0/
337029,1019549625,Sarcophagidae_Sarcophaga_dissimilis_1618_1019549625,http://creativecommons.org/licenses/by-nc-nd/4.0/
337030,1019549625,Sarcophagidae_Sarcophaga_dissimilis_1619_1019549625,http://creativecommons.org/licenses/by-nc-nd/4.0/
337031,1019549625,Sarcophagidae_Sarcophaga_dissimilis_1620_1019549625,http://creativecommons.org/licenses/by-nc-nd/4.0/
337032,1019549625,Sarcophagidae_Sarcophaga_dissimilis_1621_1019549625,http://creativecommons.org/licenses/by-nc-nd/4.0/
337036,1019549652,Sarcophagidae_Sarcophaga_cruentata_1640_1019549652,http://creativecommons.org/licenses/by-nc-nd/4.0/
337037,1019549652,Sarcophagidae_Sarcophaga_cruentata_1641_1019549652,http://creativecommons.org/licenses/by-nc-nd/4.0/
337038,1019549652,Sarcophagidae_Sarcophaga_cruentata_1642_1019549652,http://creativecommons.org/licenses/by-nc-nd/4.0/
337043,1019549636,Sarcophagidae_Sarcophaga_africa_1381446_1019549636,http://creativecommons.org/licenses/by-nc-nd/4.0/
337044,1019549636,Sarcophagidae_Sarcophaga_africa_1381447_1019549636,http://creativecommons.org/licenses/by-nc-nd/4.0/
337045,1019549636,Sarcophagidae_Sarcophaga_africa_1381448_1019549636,http://creativecommons.org/licenses/by-nc-nd/4.0/
337046,1019549636,Sarcophagidae_Sarcophaga_africa_1381449_1019549636,http://creativecommons.org/licenses/by-nc-nd/4.0/
337047,1019549636,Sarcophagidae_Sarcophaga_africa_1381450_1019549636,http://creativecommons.org/licenses/by-nc-nd/4.0/
337048,1019549636,Sarcophagidae_Sarcophaga_africa_1381451_1019549636,http://creativecommons.org/licenses/by-nc-nd/4.0/
337052,1019549641,Sarcophagidae_Sarcophaga_carnaria_2070746_1019549641,http://creativecommons.org/licenses/by-nc-nd/4.0/
337053,1019549641,Sarcophagidae_Sarcophaga_carnaria_2070747_1019549641,http://creativecommons.org/licenses/by-nc-nd/4.0/
337054,1019549641,Sarcophagidae_Sarcophaga_carnaria_2070748_1019549641,http://creativecommons.org/licenses/by-nc-nd/4.0/
337058,1019549660,Sarcophagidae_Sarcophaga_variegata_2760395_1019549660,http://creativecommons.org/licenses/by-nc-nd/4.0/
337059,1019549660,Sarcophagidae_Sarcophaga_variegata_2760396_1019549660,http://creativecommons.org/licenses/by-nc-nd/4.0/
337060,1019549660,Sarcophagidae_Sarcophaga_variegata_2760397_1019549660,http://creativecommons.org/licenses/by-nc-nd/4.0/
337061,1019549660,Sarcophagidae_Sarcophaga_variegata_2760398_1019549660,http://creativecommons.org/licenses/by-nc-nd/4.0/
337062,1019549660,Sarcophagidae_Sarcophaga_variegata_2760399_1019549660,http://creativecommons.org/licenses/by-nc-nd/4.0/
337063,1019549660,Sarcophagidae_Sarcophaga_variegata_2760400_1019549660,http://creativecommons.org/licenses/by-nc-nd/4.0/
337064,1019549660,Sarcophagidae_Sarcophaga_variegata_2760401_1019549660,http://creativecommons.org/licenses/by-nc-nd/4.0/
337069,1019549658,Sarcophagidae_Sarcophaga_vagans_692929_1019549658,http://creativecommons.org/licenses/by-nc-nd/4.0/
337070,1019549658,Sarcophagidae_Sarcophaga_vagans_692930_1019549658,http://creativecommons.org/licenses/by-nc-nd/4.0/
337071,1019549658,Sarcophagidae_Sarcophaga_vagans_692931_1019549658,http://creativecommons.org/licenses/by-nc-nd/4.0/
337072,1019549658,Sarcophagidae_Sarcophaga_vagans_692932_1019549658,http://creativecommons.org/licenses/by-nc-nd/4.0/
337073,1019549658,Sarcophagidae_Sarcophaga_vagans_692933_1019549658,http://creativecommons.org/licenses/by-nc-nd/4.0/
337074,1019549658,Sarcophagidae_Sarcophaga_vagans_692934_1019549658,http://creativecommons.org/licenses/by-nc-nd/4.0/
337075,1019549658,Sarcophagidae_Sarcophaga_vagans_692935_1019549658,http://creativecommons.org/licenses/by-nc-nd/4.0/
337081,1019549661,Sarcophagidae_Ravinia_striata_1647_1019549661,http://creativecommons.org/licenses/by-nc-nd/4.0/
337082,1019549661,Sarcophagidae_Ravinia_striata_1648_1019549661,http://creativecommons.org/licenses/by-nc-nd/4.0/
337083,1019549661,Sarcophagidae_Ravinia_striata_1649_1019549661,http://creativecommons.org/licenses/by-nc-nd/4.0/
337087,1019549651,Sarcophagidae_Ravinia_pernix_2760388_1019549651,http://creativecommons.org/licenses/by-nc-nd/4.0/
337088,1019549651,Sarcophagidae_Ravinia_pernix_2760389_1019549651,http://creativecommons.org/licenses/by-nc-nd/4.0/
337089,1019549651,Sarcophagidae_Ravinia_pernix_2760390_1019549651,http://creativecommons.org/licenses/by-nc-nd/4.0/
337093,1019549668,Sarcophagidae_Sarcophaga_sinuata_1381471_1019549668,http://creativecommons.org/licenses/by-nc-nd/4.0/
337094,1019549668,Sarcophagidae_Sarcophaga_sinuata_1381472_1019549668,http://creativecommons.org/licenses/by-nc-nd/4.0/
337095,1019549668,Sarcophagidae_Sarcophaga_sinuata_1381473_1019549668,http://creativecommons.org/licenses/by-nc-nd/4.0/
337096,1019549668,Sarcophagidae_Sarcophaga_sinuata_1381474_1019549668,http://creativecommons.org/licenses/by-nc-nd/4.0/
337097,1019549668,Sarcophagidae_Sarcophaga_sinuata_1381475_1019549668,http://creativecommons.org/licenses/by-nc-nd/4.0/
337098,1019549668,Sarcophagidae_Sarcophaga_sinuata_1381476_1019549668,http://creativecommons.org/licenses/by-nc-nd/4.0/
337125,1019549700,Sarcophagidae_Brachicoma_devia_2760429_1019549700,http://creativecommons.org/licenses/by-nc-nd/4.0/
337126,1019549700,Sarcophagidae_Brachicoma_devia_2760430_1019549700,http://creativecommons.org/licenses/by-nc-nd/4.0/
337130,1019549673,Sarcophagidae_Brachicoma_devia_2070765_1019549673,http://creativecommons.org/licenses/by-nc-nd/4.0/
337131,1019549673,Sarcophagidae_Brachicoma_devia_2070766_1019549673,http://creativecommons.org/licenses/by-nc-nd/4.0/
337140,1019549622,Sarcophagidae_Sarcophaga_melanura_1381433_1019549622,http://creativecommons.org/licenses/by-nc-nd/4.0/
337141,1019549622,Sarcophagidae_Sarcophaga_melanura_1381434_1019549622,http://creativecommons.org/licenses/by-nc-nd/4.0/
337142,1019549622,Sarcophagidae_Sarcophaga_melanura_1381435_1019549622,http://creativecommons.org/licenses/by-nc-nd/4.0/
337143,1019549622,Sarcophagidae_Sarcophaga_melanura_1381436_1019549622,http://creativecommons.org/licenses/by-nc-nd/4.0/
337144,1019549622,Sarcophagidae_Sarcophaga_melanura_1381437_1019549622,http://creativecommons.org/licenses/by-nc-nd/4.0/
337145,1019549622,Sarcophagidae_Sarcophaga_melanura_1381438_1019549622,http://creativecommons.org/licenses/by-nc-nd/4.0/
337146,1019549622,Sarcophagidae_Sarcophaga_melanura_1381439_1019549622,http://creativecommons.org/licenses/by-nc-nd/4.0/
337147,1019549622,Sarcophagidae_Sarcophaga_melanura_1381440_1019549622,http://creativecommons.org/licenses/by-nc-nd/4.0/
337148,1019549622,Sarcophagidae_Sarcophaga_melanura_1381441_1019549622,http://creativecommons.org/licenses/by-nc-nd/4.0/
337159,1019549647,Sarcophagidae_Sarcophaga_maculata_2760383_1019549647,http://creativecommons.org/licenses/by-nc-nd/4.0/
337160,1019549647,Sarcophagidae_Sarcophaga_maculata_2760384_1019549647,http://creativecommons.org/licenses/by-nc-nd/4.0/
337161,1019549647,Sarcophagidae_Sarcophaga_maculata_2760385_1019549647,http://creativecommons.org/licenses/by-nc-nd/4.0/
337162,1019549647,Sarcophagidae_Sarcophaga_maculata_2760386_1019549647,http://creativecommons.org/licenses/by-nc-nd/4.0/
337163,1019549647,Sarcophagidae_Sarcophaga_maculata_2760387_1019549647,http://creativecommons.org/licenses/by-nc-nd/4.0/
337167,1019549633,Sarcophagidae_Sarcophila_latifrons_2760370_1019549633,http://creativecommons.org/licenses/by-nc-nd/4.0/
337168,1019549633,Sarcophagidae_Sarcophila_latifrons_2760371_1019549633,http://creativecommons.org/licenses/by-nc-nd/4.0/
337169,1019549633,Sarcophagidae_Sarcophila_latifrons_2760372_1019549633,http://creativecommons.org/licenses/by-nc-nd/4.0/
337176,1019549657,Sarcophagidae_Angiometopa_falleni_1643_1019549657,http://creativecommons.org/licenses/by-nc-nd/4.0/
337177,1019549657,Sarcophagidae_Angiometopa_falleni_1644_1019549657,http://creativecommons.org/licenses/by-nc-nd/4.0/
337178,1019549657,Sarcophagidae_Angiometopa_falleni_1645_1019549657,http://creativecommons.org/licenses/by-nc-nd/4.0/
337179,1019549657,Sarcophagidae_Angiometopa_falleni_1646_1019549657,http://creativecommons.org/licenses/by-nc-nd/4.0/
337180,1019549694,Sarcophagidae_Angiometopa_falleni_692964_1019549694,http://creativecommons.org/licenses/by-nc-nd/4.0/
337181,1019549694,Sarcophagidae_Angiometopa_falleni_692965_1019549694,http://creativecommons.org/licenses/by-nc-nd/4.0/
337182,1019549694,Sarcophagidae_Angiometopa_falleni_692966_1019549694,http://creativecommons.org/licenses/by-nc-nd/4.0/
337183,1019549694,Sarcophagidae_Angiometopa_falleni_692967_1019549694,http://creativecommons.org/licenses/by-nc-nd/4.0/
337187,1019549665,Sarcophagidae_Sarcophaga_filia_2760402_1019549665,http://creativecommons.org/licenses/by-nc-nd/4.0/
337188,1019549665,Sarcophagidae_Sarcophaga_filia_2760403_1019549665,http://creativecommons.org/licenses/by-nc-nd/4.0/
337189,1019549665,Sarcophagidae_Sarcophaga_filia_2760404_1019549665,http://creativecommons.org/licenses/by-nc-nd/4.0/
337190,1019549665,Sarcophagidae_Sarcophaga_filia_2760405_1019549665,http://creativecommons.org/licenses/by-nc-nd/4.0/
337191,1019549665,Sarcophagidae_Sarcophaga_filia_2760406_1019549665,http://creativecommons.org/licenses/by-nc-nd/4.0/
337198,1019549687,Sarcophagidae_Sarcophaga_pumila_2070773_1019549687,http://creativecommons.org/licenses/by-nc-nd/4.0/
337199,1019549687,Sarcophagidae_Sarcophaga_pumila_2070774_1019549687,http://creativecommons.org/licenses/by-nc-nd/4.0/
337200,1019549687,Sarcophagidae_Sarcophaga_pumila_2070775_1019549687,http://creativecommons.org/licenses/by-nc-nd/4.0/
337201,1019549687,Sarcophagidae_Sarcophaga_pumila_2070776_1019549687,http://creativecommons.org/licenses/by-nc-nd/4.0/
337202,1019549687,Sarcophagidae_Sarcophaga_pumila_2070777_1019549687,http://creativecommons.org/licenses/by-nc-nd/4.0/
337209,1019549666,Sarcophagidae_Sarcophila_latifrons_1650_1019549666,http://creativecommons.org/licenses/by-nc-nd/4.0/
337210,1019549666,Sarcophagidae_Sarcophila_latifrons_1651_1019549666,http://creativecommons.org/licenses/by-nc-nd/4.0/
337211,1019549666,Sarcophagidae_Sarcophila_latifrons_1652_1019549666,http://creativecommons.org/licenses/by-nc-nd/4.0/
337218,1019549688,Sarcophagidae_Sarcophaga_nigriventris_2760416_1019549688,http://creativecommons.org/licenses/by-nc-nd/4.0/
337219,1019549688,Sarcophagidae_Sarcophaga_nigriventris_2760417_1019549688,http://creativecommons.org/licenses/by-nc-nd/4.0/
337220,1019549688,Sarcophagidae_Sarcophaga_nigriventris_2760418_1019549688,http://creativecommons.org/licenses/by-nc-nd/4.0/
337221,1019549688,Sarcophagidae_Sarcophaga_nigriventris_2760419_1019549688,http://creativecommons.org/licenses/by-nc-nd/4.0/
337222,1019549688,Sarcophagidae_Sarcophaga_nigriventris_2760420_1019549688,http://creativecommons.org/licenses/by-nc-nd/4.0/
337240,1019549627,Sarcophagidae_Miltogramma_germari_1381442_1019549627,http://creativecommons.org/licenses/by-nc-nd/4.0/
337241,1019549627,Sarcophagidae_Miltogramma_germari_1381443_1019549627,http://creativecommons.org/licenses/by-nc-nd/4.0/
337242,1019549627,Sarcophagidae_Miltogramma_germari_1381444_1019549627,http://creativecommons.org/licenses/by-nc-nd/4.0/
337243,1019549627,Sarcophagidae_Miltogramma_germari_1381445_1019549627,http://creativecommons.org/licenses/by-nc-nd/4.0/
337244,1019549630,Sarcophagidae_Protomiltogramma_fasciata_692905_1019549630,http://creativecommons.org/licenses/by-nc-nd/4.0/
337245,1019549630,Sarcophagidae_Protomiltogramma_fasciata_692906_1019549630,http://creativecommons.org/licenses/by-nc-nd/4.0/
337246,1019549630,Sarcophagidae_Protomiltogramma_fasciata_692907_1019549630,http://creativecommons.org/licenses/by-nc-nd/4.0/
337247,1019549630,Sarcophagidae_Protomiltogramma_fasciata_692908_1019549630,http://creativecommons.org/licenses/by-nc-nd/4.0/
337248,1019549630,Sarcophagidae_Protomiltogramma_fasciata_692909_1019549630,http://creativecommons.org/licenses/by-nc-nd/4.0/
337261,1019549620,Sarcophagidae_Senotainia_conica_1613_1019549620,http://creativecommons.org/licenses/by-nc-nd/4.0/
337262,1019549620,Sarcophagidae_Senotainia_conica_1614_1019549620,http://creativecommons.org/licenses/by-nc-nd/4.0/
337267,1019549618,Sarcophagidae_Senotainia_conica_1381431_1019549618,http://creativecommons.org/licenses/by-nc-nd/4.0/
337268,1019549618,Sarcophagidae_Senotainia_conica_1381432_1019549618,http://creativecommons.org/licenses/by-nc-nd/4.0/
337273,1019549592,Sarcophagidae_Senotainia_conica_2070721_1019549592,http://creativecommons.org/licenses/by-nc-nd/4.0/
337274,1019549592,Sarcophagidae_Senotainia_conica_2070722_1019549592,http://creativecommons.org/licenses/by-nc-nd/4.0/
337279,1019549600,Sarcophagidae_Senotainia_conica_2070723_1019549600,http://creativecommons.org/licenses/by-nc-nd/4.0/
337280,1019549600,Sarcophagidae_Senotainia_conica_2070724_1019549600,http://creativecommons.org/licenses/by-nc-nd/4.0/
337338,1019549649,Sarcophagidae_Sarcophaga_albiceps_692915_1019549649,http://creativecommons.org/licenses/by-nc-nd/4.0/
337339,1019549649,Sarcophagidae_Sarcophaga_albiceps_692916_1019549649,http://creativecommons.org/licenses/by-nc-nd/4.0/
337340,1019549649,Sarcophagidae_Sarcophaga_albiceps_692917_1019549649,http://creativecommons.org/licenses/by-nc-nd/4.0/
337341,1019549649,Sarcophagidae_Sarcophaga_albiceps_692918_1019549649,http://creativecommons.org/licenses/by-nc-nd/4.0/
337342,1019549649,Sarcophagidae_Sarcophaga_albiceps_692919_1019549649,http://creativecommons.org/licenses/by-nc-nd/4.0/
337343,1019549649,Sarcophagidae_Sarcophaga_albiceps_692920_1019549649,http://creativecommons.org/licenses/by-nc-nd/4.0/
337344,1019549649,Sarcophagidae_Sarcophaga_albiceps_692921_1019549649,http://creativecommons.org/licenses/by-nc-nd/4.0/
337345,1019549649,Sarcophagidae_Sarcophaga_albiceps_692922_1019549649,http://creativecommons.org/licenses/by-nc-nd/4.0/
337346,1019549649,Sarcophagidae_Sarcophaga_albiceps_692923_1019549649,http://creativecommons.org/licenses/by-nc-nd/4.0/
337347,1019549598,Sarcophagidae_Sarcophaga_albiceps_2760345_1019549598,http://creativecommons.org/licenses/by-nc-nd/4.0/
337348,1019549598,Sarcophagidae_Sarcophaga_albiceps_2760346_1019549598,http://creativecommons.org/licenses/by-nc-nd/4.0/
337349,1019549598,Sarcophagidae_Sarcophaga_albiceps_2760347_1019549598,http://creativecommons.org/licenses/by-nc-nd/4.0/
337350,1019549598,Sarcophagidae_Sarcophaga_albiceps_2760348_1019549598,http://creativecommons.org/licenses/by-nc-nd/4.0/
337351,1019549598,Sarcophagidae_Sarcophaga_albiceps_2760349_1019549598,http://creativecommons.org/licenses/by-nc-nd/4.0/
337352,1019549598,Sarcophagidae_Sarcophaga_albiceps_2760350_1019549598,http://creativecommons.org/licenses/by-nc-nd/4.0/
337357,1019549617,Sarcophagidae_Agria_affinis_692895_1019549617,http://creativecommons.org/licenses/by-nc-nd/4.0/
337358,1019549617,Sarcophagidae_Agria_affinis_692896_1019549617,http://creativecommons.org/licenses/by-nc-nd/4.0/
337359,1019549617,Sarcophagidae_Agria_affinis_692897_1019549617,http://creativecommons.org/licenses/by-nc-nd/4.0/
337362,1019549669,Sarcophagidae_Nyctia_halterata_2070762_1019549669,http://creativecommons.org/licenses/by-nc-nd/4.0/
337363,1019549669,Sarcophagidae_Nyctia_halterata_2070763_1019549669,http://creativecommons.org/licenses/by-nc-nd/4.0/
337364,1019549669,Sarcophagidae_Nyctia_halterata_2070764_1019549669,http://creativecommons.org/licenses/by-nc-nd/4.0/
337368,1019549667,Sarcophagidae_Nyctia_halterata_692939_1019549667,http://creativecommons.org/licenses/by-nc-nd/4.0/
337369,1019549667,Sarcophagidae_Nyctia_halterata_692940_1019549667,http://creativecommons.org/licenses/by-nc-nd/4.0/
337370,1019549667,Sarcophagidae_Nyctia_halterata_692941_1019549667,http://creativecommons.org/licenses/by-nc-nd/4.0/
337373,1019549646,Sarcophagidae_Senotainia_tricuspis_2070749_1019549646,http://creativecommons.org/licenses/by-nc-nd/4.0/
337374,1019549646,Sarcophagidae_Senotainia_tricuspis_2070750_1019549646,http://creativecommons.org/licenses/by-nc-nd/4.0/
337375,1019549646,Sarcophagidae_Senotainia_tricuspis_2070751_1019549646,http://creativecommons.org/licenses/by-nc-nd/4.0/
337378,1019549639,Sarcophagidae_Miltogramma_oestracea_1626_1019549639,http://creativecommons.org/licenses/by-nc-nd/4.0/
337379,1019549639,Sarcophagidae_Miltogramma_oestracea_1627_1019549639,http://creativecommons.org/licenses/by-nc-nd/4.0/
337380,1019549639,Sarcophagidae_Miltogramma_oestracea_1628_1019549639,http://creativecommons.org/licenses/by-nc-nd/4.0/
337381,1019549639,Sarcophagidae_Miltogramma_oestracea_1629_1019549639,http://creativecommons.org/licenses/by-nc-nd/4.0/
337384,1019549659,Sarcophagidae_Miltogramma_taeniata_1381464_1019549659,http://creativecommons.org/licenses/by-nc-nd/4.0/
337385,1019549659,Sarcophagidae_Miltogramma_taeniata_1381465_1019549659,http://creativecommons.org/licenses/by-nc-nd/4.0/
337386,1019549659,Sarcophagidae_Miltogramma_taeniata_1381466_1019549659,http://creativecommons.org/licenses/by-nc-nd/4.0/
337387,1019549659,Sarcophagidae_Miltogramma_taeniata_1381467_1019549659,http://creativecommons.org/licenses/by-nc-nd/4.0/
337392,1019549609,Sarcophagidae_Taxigramma_stictica_1381423_1019549609,http://creativecommons.org/licenses/by-nc-nd/4.0/
337393,1019549609,Sarcophagidae_Taxigramma_stictica_1381424_1019549609,http://creativecommons.org/licenses/by-nc-nd/4.0/
337394,1019549609,Sarcophagidae_Taxigramma_stictica_1381425_1019549609,http://creativecommons.org/licenses/by-nc-nd/4.0/
337395,1019549609,Sarcophagidae_Taxigramma_stictica_1381426_1019549609,http://creativecommons.org/licenses/by-nc-nd/4.0/
337400,1019549623,Sarcophagidae_Amobia_signata_2070732_1019549623,http://creativecommons.org/licenses/by-nc-nd/4.0/
337401,1019549623,Sarcophagidae_Amobia_signata_2070733_1019549623,http://creativecommons.org/licenses/by-nc-nd/4.0/
337402,1019549623,Sarcophagidae_Amobia_signata_2070734_1019549623,http://creativecommons.org/licenses/by-nc-nd/4.0/
337403,1019549623,Sarcophagidae_Amobia_signata_2070735_1019549623,http://creativecommons.org/licenses/by-nc-nd/4.0/
337404,1019549623,Sarcophagidae_Amobia_signata_2070736_1019549623,http://creativecommons.org/licenses/by-nc-nd/4.0/
337430,1019549624,Sarcophagidae_Pterella_melanura_2760361_1019549624,http://creativecommons.org/licenses/by-nc-nd/4.0/
337431,1019549624,Sarcophagidae_Pterella_melanura_2760362_1019549624,http://creativecommons.org/licenses/by-nc-nd/4.0/
337432,1019549624,Sarcophagidae_Pterella_melanura_2760363_1019549624,http://creativecommons.org/licenses/by-nc-nd/4.0/
337433,1019549624,Sarcophagidae_Pterella_melanura_2760364_1019549624,http://creativecommons.org/licenses/by-nc-nd/4.0/
337436,1019549650,Sarcophagidae_Pterella_grisea_2070752_1019549650,http://creativecommons.org/licenses/by-nc-nd/4.0/
337437,1019549650,Sarcophagidae_Pterella_grisea_2070753_1019549650,http://creativecommons.org/licenses/by-nc-nd/4.0/
337438,1019549650,Sarcophagidae_Pterella_grisea_2070754_1019549650,http://creativecommons.org/licenses/by-nc-nd/4.0/
337439,1019549650,Sarcophagidae_Pterella_grisea_2070755_1019549650,http://creativecommons.org/licenses/by-nc-nd/4.0/
337446,1019549604,Sarcophagidae_Macronychia_polyodon_1381419_1019549604,http://creativecommons.org/licenses/by-nc-nd/4.0/
337447,1019549604,Sarcophagidae_Macronychia_polyodon_1381420_1019549604,http://creativecommons.org/licenses/by-nc-nd/4.0/
337448,1019549604,Sarcophagidae_Macronychia_polyodon_1381421_1019549604,http://creativecommons.org/licenses/by-nc-nd/4.0/
337449,1019549604,Sarcophagidae_Macronychia_polyodon_1381422_1019549604,http://creativecommons.org/licenses/by-nc-nd/4.0/
337450,1019549615,Sarcophagidae_Miltogramma_punctata_2760357_1019549615,http://creativecommons.org/licenses/by-nc-nd/4.0/
337451,1019549615,Sarcophagidae_Miltogramma_punctata_2760358_1019549615,http://creativecommons.org/licenses/by-nc-nd/4.0/
337452,1019549615,Sarcophagidae_Miltogramma_punctata_2760359_1019549615,http://creativecommons.org/licenses/by-nc-nd/4.0/
337453,1019549615,Sarcophagidae_Miltogramma_punctata_2760360_1019549615,http://creativecommons.org/licenses/by-nc-nd/4.0/
337454,1019549634,Sarcophagidae_Miltogramma_rutilans_1622_1019549634,http://creativecommons.org/licenses/by-nc-nd/4.0/
337455,1019549634,Sarcophagidae_Miltogramma_rutilans_1623_1019549634,http://creativecommons.org/licenses/by-nc-nd/4.0/
337456,1019549634,Sarcophagidae_Miltogramma_rutilans_1624_1019549634,http://creativecommons.org/licenses/by-nc-nd/4.0/
337457,1019549634,Sarcophagidae_Miltogramma_rutilans_1625_1019549634,http://creativecommons.org/licenses/by-nc-nd/4.0/
337464,1265037730,Sarcophagidae_Sarcophaga_cruentata_2768922_1265037730,http://creativecommons.org/licenses/by-nc-nd/4.0/
337465,1265037730,Sarcophagidae_Sarcophaga_cruentata_2768923_1265037730,http://creativecommons.org/licenses/by-nc-nd/4.0/
337532,1019549637,Sarcophagidae_Pterella_grisea_2070742_1019549637,http://creativecommons.org/licenses/by-nc-nd/4.0/
337533,1019549637,Sarcophagidae_Pterella_grisea_2070743_1019549637,http://creativecommons.org/licenses/by-nc-nd/4.0/
337534,1019549637,Sarcophagidae_Pterella_grisea_2070744_1019549637,http://creativecommons.org/licenses/by-nc-nd/4.0/
337535,1019549637,Sarcophagidae_Pterella_grisea_2070745_1019549637,http://creativecommons.org/licenses/by-nc-nd/4.0/
337548,1019549573,Sarcophagidae_Taxigramma_heteroneura_1381398_1019549573,http://creativecommons.org/licenses/by-nc-nd/4.0/
337549,1019549573,Sarcophagidae_Taxigramma_heteroneura_1381399_1019549573,http://creativecommons.org/licenses/by-nc-nd/4.0/
337550,1019549573,Sarcophagidae_Taxigramma_heteroneura_1381400_1019549573,http://creativecommons.org/licenses/by-nc-nd/4.0/
337551,1019549573,Sarcophagidae_Taxigramma_heteroneura_1381401_1019549573,http://creativecommons.org/licenses/by-nc-nd/4.0/
337555,1019549628,Sarcophagidae_Pterella_incompta_2070737_1019549628,http://creativecommons.org/licenses/by-nc-nd/4.0/
337556,1019549628,Sarcophagidae_Pterella_incompta_2070738_1019549628,http://creativecommons.org/licenses/by-nc-nd/4.0/
337557,1019549628,Sarcophagidae_Pterella_incompta_2070739_1019549628,http://creativecommons.org/licenses/by-nc-nd/4.0/
340077,1265037661,Sarcophagidae_Blaesoxipha_rufipes_1390085_1265037661,http://creativecommons.org/licenses/by-nc-nd/4.0/
340078,1265037661,Sarcophagidae_Blaesoxipha_rufipes_1390086_1265037661,http://creativecommons.org/licenses/by-nc-nd/4.0/
340091,1265037687,Sarcophagidae_Wohlfahrtia_bella_10176_1265037687,http://creativecommons.org/licenses/by-nc-nd/4.0/
340092,1265037687,Sarcophagidae_Wohlfahrtia_bella_10177_1265037687,http://creativecommons.org/licenses/by-nc-nd/4.0/
340093,1265037696,Sarcophagidae_Wohlfahrtia_bella_10180_1265037696,http://creativecommons.org/licenses/by-nc-nd/4.0/
340094,1265037696,Sarcophagidae_Wohlfahrtia_bella_10181_1265037696,http://creativecommons.org/licenses/by-nc-nd/4.0/
340095,1265037696,Sarcophagidae_Wohlfahrtia_bella_10182_1265037696,http://creativecommons.org/licenses/by-nc-nd/4.0/
340096,1265037659,Sarcophagidae_Wohlfahrtia_bella_2768883_1265037659,http://creativecommons.org/licenses/by-nc-nd/4.0/
340097,1265037659,Sarcophagidae_Wohlfahrtia_bella_2768884_1265037659,http://creativecommons.org/licenses/by-nc-nd/4.0/
340098,1265037659,Sarcophagidae_Wohlfahrtia_bella_2768885_1265037659,http://creativecommons.org/licenses/by-nc-nd/4.0/
340099,1265037701,Sarcophagidae_Blaesoxipha_rufipes_1390102_1265037701,http://creativecommons.org/licenses/by-nc-nd/4.0/
340100,1265037701,Sarcophagidae_Blaesoxipha_rufipes_1390103_1265037701,http://creativecommons.org/licenses/by-nc-nd/4.0/
340101,1265037701,Sarcophagidae_Blaesoxipha_rufipes_1390104_1265037701,http://creativecommons.org/licenses/by-nc-nd/4.0/
340329,3431743233,Sarcophagidae_Sarcophaga_carnaria_3095347_3431743233,© all rights reserved
342942,3746091400,Sarcophagidae_Sarcophaga_carnaria_3300368_3746091400,© All rights reserved
344034,2238780775,Sarcophagidae_Taxigramma_hilarella_2894348_2238780775,http://creativecommons.org/licenses/by/4.0/
351572,1891070722,Sarcophagidae_Macronychia_dolini_1461888_1891070722,http://creativecommons.org/licenses/by/4.0/
351573,1891070722,Sarcophagidae_Macronychia_dolini_1461889_1891070722,http://creativecommons.org/licenses/by/4.0/
351574,1891070722,Sarcophagidae_Macronychia_dolini_1461890_1891070722,http://creativecommons.org/licenses/by/4.0/
351885,3873313618,Sarcophagidae_Wohlfahrtia_bella_1279261_3873313618,http://creativecommons.org/licenses/by-nc/4.0/
352263,3985632440,Sarcophagidae_Nyctia_halterata_3416239_3985632440,http://creativecommons.org/licenses/by-nc/4.0/
352276,3712658306,Sarcophagidae_Wohlfahrtia_vigil_1164489_3712658306,http://creativecommons.org/licenses/by-nc/4.0/
365507,1880521600,Sarcophagidae_Wohlfahrtia_vigil_79413_1880521600,http://creativecommons.org/licenses/by-nc/4.0/
365508,1880521600,Sarcophagidae_Wohlfahrtia_vigil_79414_1880521600,http://creativecommons.org/licenses/by-nc/4.0/
365613,3384648063,Sarcophagidae_Taxigramma_heteroneura_3080922_3384648063,http://creativecommons.org/licenses/by-nc/4.0/
365614,3384648063,Sarcophagidae_Taxigramma_heteroneura_3080923_3384648063,http://creativecommons.org/licenses/by-nc/4.0/
365615,3384648063,Sarcophagidae_Taxigramma_heteroneura_3080924_3384648063,http://creativecommons.org/licenses/by-nc/4.0/
366196,3124565490,Sarcophagidae_Nyctia_halterata_3046312_3124565490,http://creativecommons.org/licenses/by-nc/4.0/
366207,3014090498,Sarcophagidae_Sarcophaga_vagans_2330858_3014090498,http://creativecommons.org/licenses/by-nc/4.0/
366208,3014090498,Sarcophagidae_Sarcophaga_vagans_2330859_3014090498,http://creativecommons.org/licenses/by-nc/4.0/
366209,3014090498,Sarcophagidae_Sarcophaga_vagans_2330860_3014090498,http://creativecommons.org/licenses/by-nc/4.0/
366210,3014090498,Sarcophagidae_Sarcophaga_vagans_2330861_3014090498,http://creativecommons.org/licenses/by-nc/4.0/
366211,3014090498,Sarcophagidae_Sarcophaga_vagans_2330862_3014090498,http://creativecommons.org/licenses/by-nc/4.0/
366212,3014090498,Sarcophagidae_Sarcophaga_vagans_2330863_3014090498,http://creativecommons.org/licenses/by-nc/4.0/
366213,3014090498,Sarcophagidae_Sarcophaga_vagans_2330864_3014090498,http://creativecommons.org/licenses/by-nc/4.0/
366214,3014090498,Sarcophagidae_Sarcophaga_vagans_2330865_3014090498,http://creativecommons.org/licenses/by-nc/4.0/
366215,3014090498,Sarcophagidae_Sarcophaga_vagans_2330866_3014090498,http://creativecommons.org/licenses/by-nc/4.0/
366216,3014090498,Sarcophagidae_Sarcophaga_vagans_2330867_3014090498,http://creativecommons.org/licenses/by-nc/4.0/
366217,3014090498,Sarcophagidae_Sarcophaga_vagans_2330868_3014090498,http://creativecommons.org/licenses/by-nc/4.0/
366218,3014090498,Sarcophagidae_Sarcophaga_vagans_2330869_3014090498,http://creativecommons.org/licenses/by-nc/4.0/
366219,3014090498,Sarcophagidae_Sarcophaga_vagans_2330870_3014090498,http://creativecommons.org/licenses/by-nc/4.0/
366220,3014090498,Sarcophagidae_Sarcophaga_vagans_2330871_3014090498,http://creativecommons.org/licenses/by-nc/4.0/
366221,3014090498,Sarcophagidae_Sarcophaga_vagans_2330872_3014090498,http://creativecommons.org/licenses/by-nc/4.0/
366222,3014090498,Sarcophagidae_Sarcophaga_vagans_2330873_3014090498,http://creativecommons.org/licenses/by-nc/4.0/
368693,3399210485,Sarcophagidae_Blaesoxipha_plumicornis_1019735_3399210485,http://creativecommons.org/licenses/by-nc/4.0/
368694,3399210485,Sarcophagidae_Blaesoxipha_plumicornis_1019736_3399210485,http://creativecommons.org/licenses/by-nc/4.0/
368695,3399210485,Sarcophagidae_Blaesoxipha_plumicornis_1019737_3399210485,http://creativecommons.org/licenses/by-nc/4.0/
371633,3873435503,Sarcophagidae_Sarcophaga_variegata_3349364_3873435503,http://creativecommons.org/licenses/by/4.0/
371634,3873435503,Sarcophagidae_Sarcophaga_variegata_3349365_3873435503,http://creativecommons.org/licenses/by/4.0/
371635,3873435503,Sarcophagidae_Sarcophaga_variegata_3349366_3873435503,http://creativecommons.org/licenses/by/4.0/
372548,2596321564,Sarcophagidae_Nyctia_halterata_2943176_2596321564,http://creativecommons.org/licenses/by-nc/4.0/
372549,2596321564,Sarcophagidae_Nyctia_halterata_2943177_2596321564,http://creativecommons.org/licenses/by-nc/4.0/
383261,3825442886,Sarcophagidae_Nyctia_halterata_1944582_3825442886,http://creativecommons.org/licenses/by-nc-nd/4.0/
383262,3825442886,Sarcophagidae_Nyctia_halterata_1944583_3825442886,http://creativecommons.org/licenses/by-nc-nd/4.0/
385818,4006625830,Sarcophagidae_Miltogramma_aurifrons_3432410_4006625830,http://creativecommons.org/licenses/by-nc/4.0/
387216,3383841496,Sarcophagidae_Brachicoma_devia_1008282_3383841496,http://creativecommons.org/licenses/by-nc/4.0/
387217,3383841496,Sarcophagidae_Brachicoma_devia_1008283_3383841496,http://creativecommons.org/licenses/by-nc/4.0/
387218,3383841496,Sarcophagidae_Brachicoma_devia_1008284_3383841496,http://creativecommons.org/licenses/by-nc/4.0/
387219,3383841496,Sarcophagidae_Brachicoma_devia_1008285_3383841496,http://creativecommons.org/licenses/by-nc/4.0/
387220,3383841496,Sarcophagidae_Brachicoma_devia_1008286_3383841496,http://creativecommons.org/licenses/by-nc/4.0/
387530,3013871401,Sarcophagidae_Sarcophaga_haemorrhoa_2330052_3013871401,http://creativecommons.org/licenses/by-nc/4.0/
387531,3013871401,Sarcophagidae_Sarcophaga_haemorrhoa_2330053_3013871401,http://creativecommons.org/licenses/by-nc/4.0/
387658,4011491484,Sarcophagidae_Sphenometopa_fastuosa_2744584_4011491484,http://creativecommons.org/licenses/by-nc/4.0/
390794,2815526375,Sarcophagidae_Metopia_campestris_896278_2815526375,© All rights reserved
390795,2815526375,Sarcophagidae_Metopia_campestris_896279_2815526375,© All rights reserved
390796,2815526375,Sarcophagidae_Metopia_campestris_896280_2815526375,© All rights reserved
390839,3332535397,Sarcophagidae_Sarcophaga_carnaria_1681960_3332535397,© All rights reserved
391401,3303346413,Sarcophagidae_Sarcophaga_carnaria_2359940_3303346413,© All rights reserved
391420,2815752481,Sarcophagidae_Sarcophaga_carnaria_206009_2815752481,© all rights reserved
391421,2815752481,Sarcophagidae_Sarcophaga_carnaria_206010_2815752481,© all rights reserved
393297,3715625879,Sarcophagidae_Nyctia_halterata_475645_3715625879,http://creativecommons.org/licenses/by-nc-nd/4.0/
394850,1972828284,Sarcophagidae_Miltogramma_punctata_117891_1972828284,http://creativecommons.org/licenses/by-nc-nd/4.0/
397162,3455427824,Sarcophagidae_Senotainia_conica_1146835_3455427824,http://creativecommons.org/licenses/by-nc/4.0/
397163,3455427824,Sarcophagidae_Senotainia_conica_1146836_3455427824,http://creativecommons.org/licenses/by-nc/4.0/
397164,3455427824,Sarcophagidae_Senotainia_conica_1146837_3455427824,http://creativecommons.org/licenses/by-nc/4.0/
397165,3455427824,Sarcophagidae_Senotainia_conica_1146838_3455427824,http://creativecommons.org/licenses/by-nc/4.0/
397166,3455427824,Sarcophagidae_Senotainia_conica_1146839_3455427824,http://creativecommons.org/licenses/by-nc/4.0/
397167,3455427824,Sarcophagidae_Senotainia_conica_1146840_3455427824,http://creativecommons.org/licenses/by-nc/4.0/
397528,1322206596,Sarcophagidae_Wohlfahrtia_vigil_719596_1322206596,Usage Conditions Apply
397934,2248850269,Sarcophagidae_Oebalia_sachtlebeni_1517623_2248850269,No Rights Reserved
401086,1952773789,Sarcophagidae_Miltogramma_germari_88832_1952773789,http://creativecommons.org/licenses/by-nc-nd/4.0/
401087,1952773789,Sarcophagidae_Miltogramma_germari_88833_1952773789,http://creativecommons.org/licenses/by-nc-nd/4.0/
403270,3332667491,Sarcophagidae_Sarcophaga_carnaria_2372098_3332667491,http://creativecommons.org/licenses/by-nc-sa/4.0/
403300,3338497417,Sarcophagidae_Sarcophaga_carnaria_1690630_3338497417,http://creativecommons.org/licenses/by/4.0/
403301,3338497417,Sarcophagidae_Sarcophaga_carnaria_1690631_3338497417,http://creativecommons.org/licenses/by/4.0/
403302,3338497417,Sarcophagidae_Sarcophaga_carnaria_1690632_3338497417,http://creativecommons.org/licenses/by/4.0/
403459,3091337395,Sarcophagidae_Senotainia_conica_1658464_3091337395,http://creativecommons.org/licenses/by-nc-sa/4.0/
403976,3856587517,Sarcophagidae_Sarcophaga_carnaria_571934_3856587517,© all rights reserved
404226,3807858400,Sarcophagidae_Sarcophaga_carnaria_558349_3807858400,© All rights reserved
409226,3384630790,Sarcophagidae_Sarcophaga_haemorrhoa_1701083_3384630790,http://creativecommons.org/licenses/by-nc/4.0/
409227,3384630790,Sarcophagidae_Sarcophaga_haemorrhoa_1701084_3384630790,http://creativecommons.org/licenses/by-nc/4.0/
409228,3384630790,Sarcophagidae_Sarcophaga_haemorrhoa_1701085_3384630790,http://creativecommons.org/licenses/by-nc/4.0/
409229,3384630790,Sarcophagidae_Sarcophaga_haemorrhoa_1701086_3384630790,http://creativecommons.org/licenses/by-nc/4.0/
409230,3384630790,Sarcophagidae_Sarcophaga_haemorrhoa_1701087_3384630790,http://creativecommons.org/licenses/by-nc/4.0/
409231,3384630790,Sarcophagidae_Sarcophaga_haemorrhoa_1701088_3384630790,http://creativecommons.org/licenses/by-nc/4.0/
409232,3384630790,Sarcophagidae_Sarcophaga_haemorrhoa_1701089_3384630790,http://creativecommons.org/licenses/by-nc/4.0/
409233,3384630790,Sarcophagidae_Sarcophaga_haemorrhoa_1701090_3384630790,http://creativecommons.org/licenses/by-nc/4.0/
409904,3859739239,Sarcophagidae_Nyctia_lugubris_582472_3859739239,http://creativecommons.org/licenses/by-nc/4.0/
410753,3858979421,Sarcophagidae_Wohlfahrtia_bella_2646517_3858979421,http://creativecommons.org/licenses/by-nc/4.0/
413184,3383852965,Sarcophagidae_Brachicoma_devia_3076963_3383852965,http://creativecommons.org/licenses/by-nc/4.0/
413185,3383852965,Sarcophagidae_Brachicoma_devia_3076964_3383852965,http://creativecommons.org/licenses/by-nc/4.0/
413186,3383852965,Sarcophagidae_Brachicoma_devia_3076965_3383852965,http://creativecommons.org/licenses/by-nc/4.0/
413187,3383852965,Sarcophagidae_Brachicoma_devia_3076966_3383852965,http://creativecommons.org/licenses/by-nc/4.0/
414218,3456799547,Sarcophagidae_Nyctia_halterata_1153166_3456799547,http://creativecommons.org/licenses/by-nc/4.0/
414219,3456799547,Sarcophagidae_Nyctia_halterata_1153167_3456799547,http://creativecommons.org/licenses/by-nc/4.0/
415089,3923241628,Sarcophagidae_Nyctia_halterata_3403186_3923241628,http://creativecommons.org/licenses/by/4.0/
415090,3923241628,Sarcophagidae_Nyctia_halterata_3403187_3923241628,http://creativecommons.org/licenses/by/4.0/
415127,3860698197,Sarcophagidae_Nyctia_lugubris_1965063_3860698197,http://creativecommons.org/licenses/by-nc/4.0/
417369,4021983002,Sarcophagidae_Nyctia_lugubris_2059977_4021983002,http://creativecommons.org/licenses/by-nc/4.0/
417963,3013994476,Sarcophagidae_Sarcophaga_incisilobata_952336_3013994476,http://creativecommons.org/licenses/by-nc/4.0/
417964,3013994476,Sarcophagidae_Sarcophaga_incisilobata_952337_3013994476,http://creativecommons.org/licenses/by-nc/4.0/
417965,3013994476,Sarcophagidae_Sarcophaga_incisilobata_952338_3013994476,http://creativecommons.org/licenses/by-nc/4.0/
417966,3013994476,Sarcophagidae_Sarcophaga_incisilobata_952339_3013994476,http://creativecommons.org/licenses/by-nc/4.0/
417967,3013994476,Sarcophagidae_Sarcophaga_incisilobata_952340_3013994476,http://creativecommons.org/licenses/by-nc/4.0/
417968,3013994476,Sarcophagidae_Sarcophaga_incisilobata_952341_3013994476,http://creativecommons.org/licenses/by-nc/4.0/
417969,3013994476,Sarcophagidae_Sarcophaga_incisilobata_952342_3013994476,http://creativecommons.org/licenses/by-nc/4.0/
417970,3013994476,Sarcophagidae_Sarcophaga_incisilobata_952343_3013994476,http://creativecommons.org/licenses/by-nc/4.0/
417971,3013994476,Sarcophagidae_Sarcophaga_incisilobata_952344_3013994476,http://creativecommons.org/licenses/by-nc/4.0/
417972,3013994476,Sarcophagidae_Sarcophaga_incisilobata_952345_3013994476,http://creativecommons.org/licenses/by-nc/4.0/
417973,3013994476,Sarcophagidae_Sarcophaga_incisilobata_952346_3013994476,http://creativecommons.org/licenses/by-nc/4.0/
417974,3013994476,Sarcophagidae_Sarcophaga_incisilobata_952347_3013994476,http://creativecommons.org/licenses/by-nc/4.0/
417975,3013994476,Sarcophagidae_Sarcophaga_incisilobata_952348_3013994476,http://creativecommons.org/licenses/by-nc/4.0/
417976,3013994476,Sarcophagidae_Sarcophaga_incisilobata_952349_3013994476,http://creativecommons.org/licenses/by-nc/4.0/
417977,3013994476,Sarcophagidae_Sarcophaga_incisilobata_952350_3013994476,http://creativecommons.org/licenses/by-nc/4.0/
417978,3013994476,Sarcophagidae_Sarcophaga_incisilobata_952351_3013994476,http://creativecommons.org/licenses/by-nc/4.0/
417979,3013994476,Sarcophagidae_Sarcophaga_incisilobata_952352_3013994476,http://creativecommons.org/licenses/by-nc/4.0/
417980,3013994476,Sarcophagidae_Sarcophaga_incisilobata_952353_3013994476,http://creativecommons.org/licenses/by-nc/4.0/
417981,3013994476,Sarcophagidae_Sarcophaga_incisilobata_952354_3013994476,http://creativecommons.org/licenses/by-nc/4.0/
417982,3013994476,Sarcophagidae_Sarcophaga_incisilobata_952355_3013994476,http://creativecommons.org/licenses/by-nc/4.0/
418392,3335092186,Sarcophagidae_Brachicoma_devia_996122_3335092186,http://creativecommons.org/licenses/by-nc/4.0/
418393,3335092186,Sarcophagidae_Brachicoma_devia_996123_3335092186,http://creativecommons.org/licenses/by-nc/4.0/
418394,3335092186,Sarcophagidae_Brachicoma_devia_996124_3335092186,http://creativecommons.org/licenses/by-nc/4.0/
418395,3335092186,Sarcophagidae_Brachicoma_devia_996125_3335092186,http://creativecommons.org/licenses/by-nc/4.0/
418396,3335092186,Sarcophagidae_Brachicoma_devia_996126_3335092186,http://creativecommons.org/licenses/by-nc/4.0/
418397,3335092186,Sarcophagidae_Brachicoma_devia_996127_3335092186,http://creativecommons.org/licenses/by-nc/4.0/
418398,3335092186,Sarcophagidae_Brachicoma_devia_996128_3335092186,http://creativecommons.org/licenses/by-nc/4.0/
418399,3335092186,Sarcophagidae_Brachicoma_devia_996129_3335092186,http://creativecommons.org/licenses/by-nc/4.0/
418400,3335092186,Sarcophagidae_Brachicoma_devia_996130_3335092186,http://creativecommons.org/licenses/by-nc/4.0/
419069,2328812838,Sarcophagidae_Sarcophaga_carnaria_2216448_2328812838,© all rights reserved
419092,2815999483,Sarcophagidae_Sarcophaga_variegata_206088_2815999483,© all rights reserved
419137,3857204037,Sarcophagidae_Sarcophaga_carnaria_3330855_3857204037,© all rights reserved
420185,3384392680,Sarcophagidae_Sarcophaga_haemorrhoa_321377_3384392680,http://creativecommons.org/licenses/by-nc/4.0/
420186,3384392680,Sarcophagidae_Sarcophaga_haemorrhoa_321378_3384392680,http://creativecommons.org/licenses/by-nc/4.0/
420187,3384392680,Sarcophagidae_Sarcophaga_haemorrhoa_321379_3384392680,http://creativecommons.org/licenses/by-nc/4.0/
420188,3384392680,Sarcophagidae_Sarcophaga_haemorrhoa_321380_3384392680,http://creativecommons.org/licenses/by-nc/4.0/
420189,3384392680,Sarcophagidae_Sarcophaga_haemorrhoa_321381_3384392680,http://creativecommons.org/licenses/by-nc/4.0/
420190,3384392680,Sarcophagidae_Sarcophaga_haemorrhoa_321382_3384392680,http://creativecommons.org/licenses/by-nc/4.0/
420191,3384392680,Sarcophagidae_Sarcophaga_haemorrhoa_321383_3384392680,http://creativecommons.org/licenses/by-nc/4.0/
420192,3384392680,Sarcophagidae_Sarcophaga_haemorrhoa_321384_3384392680,http://creativecommons.org/licenses/by-nc/4.0/
420193,3384392680,Sarcophagidae_Sarcophaga_haemorrhoa_321385_3384392680,http://creativecommons.org/licenses/by-nc/4.0/
420194,3384392680,Sarcophagidae_Sarcophaga_haemorrhoa_321386_3384392680,http://creativecommons.org/licenses/by-nc/4.0/
420195,3384392680,Sarcophagidae_Sarcophaga_haemorrhoa_321387_3384392680,http://creativecommons.org/licenses/by-nc/4.0/
420196,3384392680,Sarcophagidae_Sarcophaga_haemorrhoa_321388_3384392680,http://creativecommons.org/licenses/by-nc/4.0/
420197,3384392680,Sarcophagidae_Sarcophaga_haemorrhoa_321389_3384392680,http://creativecommons.org/licenses/by-nc/4.0/
420198,3384392680,Sarcophagidae_Sarcophaga_haemorrhoa_321390_3384392680,http://creativecommons.org/licenses/by-nc/4.0/
420199,3384392680,Sarcophagidae_Sarcophaga_haemorrhoa_321391_3384392680,http://creativecommons.org/licenses/by-nc/4.0/
420200,3384392680,Sarcophagidae_Sarcophaga_haemorrhoa_321392_3384392680,http://creativecommons.org/licenses/by-nc/4.0/
420201,3384392680,Sarcophagidae_Sarcophaga_haemorrhoa_321393_3384392680,http://creativecommons.org/licenses/by-nc/4.0/
420202,3384392680,Sarcophagidae_Sarcophaga_haemorrhoa_321394_3384392680,http://creativecommons.org/licenses/by-nc/4.0/
420203,3384392680,Sarcophagidae_Sarcophaga_haemorrhoa_321395_3384392680,http://creativecommons.org/licenses/by-nc/4.0/
422887,3031938457,Sarcophagidae_Nyctia_halterata_2335110_3031938457,http://creativecommons.org/licenses/by-nc/4.0/
424615,3455337527,Sarcophagidae_Macronychia_dolini_1146331_3455337527,http://creativecommons.org/licenses/by-nc/4.0/
424616,3455337527,Sarcophagidae_Macronychia_dolini_1146332_3455337527,http://creativecommons.org/licenses/by-nc/4.0/
425381,3383906730,Sarcophagidae_Sarcophaga_carnaria_3077323_3383906730,http://creativecommons.org/licenses/by-nc/4.0/
425382,3383906730,Sarcophagidae_Sarcophaga_carnaria_3077324_3383906730,http://creativecommons.org/licenses/by-nc/4.0/
425383,3383906730,Sarcophagidae_Sarcophaga_carnaria_3077325_3383906730,http://creativecommons.org/licenses/by-nc/4.0/
425384,3383906730,Sarcophagidae_Sarcophaga_carnaria_3077326_3383906730,http://creativecommons.org/licenses/by-nc/4.0/
425385,3383906730,Sarcophagidae_Sarcophaga_carnaria_3077327_3383906730,http://creativecommons.org/licenses/by-nc/4.0/
425767,2422886951,Sarcophagidae_Sarcophaga_crassimargo_156138_2422886951,http://creativecommons.org/licenses/by-nc/4.0/
425904,3455446474,Sarcophagidae_Senotainia_conica_2525441_3455446474,http://creativecommons.org/licenses/by-sa/4.0/
426249,3915457777,Sarcophagidae_Nyctia_lugubris_639715_3915457777,http://creativecommons.org/licenses/by-nc/4.0/
427332,3314501520,Sarcophagidae_Nyctia_halterata_2363358_3314501520,http://creativecommons.org/licenses/by/4.0/
427333,3314501520,Sarcophagidae_Nyctia_halterata_2363359_3314501520,http://creativecommons.org/licenses/by/4.0/
427334,3314501520,Sarcophagidae_Nyctia_halterata_2363360_3314501520,http://creativecommons.org/licenses/by/4.0/
427714,3058718608,Sarcophagidae_Wohlfahrtia_vigil_1649518_3058718608,http://creativecommons.org/licenses/by-nc/4.0/
427715,3058718608,Sarcophagidae_Wohlfahrtia_vigil_1649519_3058718608,http://creativecommons.org/licenses/by-nc/4.0/
427716,3058718608,Sarcophagidae_Wohlfahrtia_vigil_1649520_3058718608,http://creativecommons.org/licenses/by-nc/4.0/
427717,3058718608,Sarcophagidae_Wohlfahrtia_vigil_1649521_3058718608,http://creativecommons.org/licenses/by-nc/4.0/
427718,3058718608,Sarcophagidae_Wohlfahrtia_vigil_1649522_3058718608,http://creativecommons.org/licenses/by-nc/4.0/
427719,3058718608,Sarcophagidae_Wohlfahrtia_vigil_1649523_3058718608,http://creativecommons.org/licenses/by-nc/4.0/
428180,3383913728,Sarcophagidae_Sphenometopa_fastuosa_3077367_3383913728,http://creativecommons.org/licenses/by-nc/4.0/
429185,3760209348,Sarcophagidae_Nyctia_lugubris_2614883_3760209348,http://creativecommons.org/licenses/by-nc/4.0/
429186,3760209348,Sarcophagidae_Nyctia_lugubris_2614884_3760209348,http://creativecommons.org/licenses/by-nc/4.0/
431557,3466046669,Sarcophagidae_Nyctia_halterata_2534586_3466046669,http://creativecommons.org/licenses/by-nc/4.0/
432387,3455318340,Sarcophagidae_Nyctia_lugubris_2524779_3455318340,http://creativecommons.org/licenses/by-nc/4.0/
432435,3320864356,Sarcophagidae_Miltogramma_punctata_985503_3320864356,http://creativecommons.org/licenses/by-nc/4.0/
432568,3455398260,Sarcophagidae_Amobia_signata_1836134_3455398260,http://creativecommons.org/licenses/by-nc/4.0/
433049,3432026772,Sarcophagidae_Sarcophaga_carnaria_3095492_3432026772,© all rights reserved
433253,3448599327,Sarcophagidae_Metopia_argyrocephala_1833692_3448599327,http://creativecommons.org/licenses/by-sa/4.0/
442547,3323869326,Sarcophagidae_Sarcophaga_carnaria_2365515_3323869326,© All rights reserved
443245,3327278370,Sarcophagidae_Sarcophaga_carnaria_3057811_3327278370,© All rights reserved
443785,1955411322,Sarcophagidae_Miltogramma_germari_2851006_1955411322,http://creativecommons.org/licenses/by-nc-nd/4.0/
443786,1955411322,Sarcophagidae_Miltogramma_germari_2851007_1955411322,http://creativecommons.org/licenses/by-nc-nd/4.0/
443787,1955411322,Sarcophagidae_Miltogramma_germari_2851008_1955411322,http://creativecommons.org/licenses/by-nc-nd/4.0/
447491,2837250841,Sarcophagidae_Nyctia_halterata_909634_2837250841,http://creativecommons.org/licenses/by-nc-sa/4.0/
447492,2837250841,Sarcophagidae_Nyctia_halterata_909635_2837250841,http://creativecommons.org/licenses/by-nc-sa/4.0/
448387,3718663487,Sarcophagidae_Nyctia_halterata_1866315_3718663487,http://creativecommons.org/licenses/by-nc/4.0/
450768,1955118415,Sarcophagidae_Nyctia_halterata_782573_1955118415,http://creativecommons.org/licenses/by-nc-nd/4.0/
452465,2411344839,Sarcophagidae_Sarcophaga_carnaria_844659_2411344839,© All rights reserved
455462,1958267029,Sarcophagidae_Sarcophaga_lehmanni_1476729_1958267029,http://creativecommons.org/licenses/by-nc-nd/4.0/
455463,1958267029,Sarcophagidae_Sarcophaga_lehmanni_1476730_1958267029,http://creativecommons.org/licenses/by-nc-nd/4.0/
456228,3720224050,Sarcophagidae_Nyctia_halterata_3248620_3720224050,http://creativecommons.org/licenses/by/4.0/
466194,1961531602,Sarcophagidae_Nyctia_halterata_1481397_1961531602,http://creativecommons.org/licenses/by-sa/4.0/
471527,1959584303,Sarcophagidae_Miltogramma_germari_99349_1959584303,http://creativecommons.org/licenses/by-nc-nd/4.0/
471528,1959584303,Sarcophagidae_Miltogramma_germari_99350_1959584303,http://creativecommons.org/licenses/by-nc-nd/4.0/
471529,1959584303,Sarcophagidae_Miltogramma_germari_99351_1959584303,http://creativecommons.org/licenses/by-nc-nd/4.0/
475397,2818588320,Sarcophagidae_Macronychia_dolini_2965355_2818588320,http://creativecommons.org/licenses/by-nc/4.0/
476801,3031664476,Sarcophagidae_Nyctia_halterata_265623_3031664476,http://creativecommons.org/licenses/by-nc/4.0/
476802,3031664476,Sarcophagidae_Nyctia_halterata_265624_3031664476,http://creativecommons.org/licenses/by-nc/4.0/
478195,3712649318,Sarcophagidae_Wohlfahrtia_vigil_3233435_3712649318,http://creativecommons.org/licenses/by/4.0/
480597,2826376413,Sarcophagidae_Nyctia_halterata_210088_2826376413,http://creativecommons.org/licenses/by-nc/4.0/
481800,3314143122,Sarcophagidae_Sphenometopa_fastuosa_2362046_3314143122,http://creativecommons.org/licenses/by-nc/4.0/
482199,3873666540,Sarcophagidae_Sarcophaga_lehmanni_1281015_3873666540,http://creativecommons.org/licenses/by/4.0/
483383,2248849063,Sarcophagidae_Oebalia_minuta_1517596_2248849063,No Rights Reserved
483384,2248664153,Sarcophagidae_Craticulina_tabaniformis_1516717_2248664153,http://creativecommons.org/licenses/by-nc-sa/4.0/
487703,1955075707,Sarcophagidae_Miltogramma_germari_1471171_1955075707,http://creativecommons.org/licenses/by-nc-nd/4.0/
487704,1955075707,Sarcophagidae_Miltogramma_germari_1471172_1955075707,http://creativecommons.org/licenses/by-nc-nd/4.0/
498122,3434117159,Sarcophagidae_Metopia_argyrocephala_2406240_3434117159,© all rights reserved
498123,3434117159,Sarcophagidae_Metopia_argyrocephala_2406241_3434117159,© all rights reserved
498124,3434117159,Sarcophagidae_Metopia_argyrocephala_2406242_3434117159,© all rights reserved
498457,3889952369,Sarcophagidae_Sarcophaga_carnaria_601721_3889952369,© All rights reserved
498525,2468110468,Sarcophagidae_Taxigramma_hilarella_855281_2468110468,© All rights reserved
498526,2468110468,Sarcophagidae_Taxigramma_hilarella_855282_2468110468,© All rights reserved
498527,2468110468,Sarcophagidae_Taxigramma_hilarella_855283_2468110468,© All rights reserved
498528,2468110468,Sarcophagidae_Taxigramma_hilarella_855284_2468110468,© All rights reserved
498606,3451484518,Sarcophagidae_Sarcophaga_variegata_1144567_3451484518,© All rights reserved
498607,3451484518,Sarcophagidae_Sarcophaga_variegata_1144568_3451484518,© All rights reserved
498608,3451484518,Sarcophagidae_Sarcophaga_variegata_1144569_3451484518,© All rights reserved
498796,2901178393,Sarcophagidae_Metopia_argyrocephala_940452_2901178393,© All rights reserved
498797,2901178393,Sarcophagidae_Metopia_argyrocephala_940453_2901178393,© All rights reserved
498798,2901178393,Sarcophagidae_Metopia_argyrocephala_940454_2901178393,© All rights reserved
499022,2401570797,Sarcophagidae_Sarcophaga_carnaria_2220278_2401570797,© All rights reserved
499237,1460247324,Sarcophagidae_Sarcophaga_carnaria_2807324_1460247324,© all rights reserved
500061,1459946116,Sarcophagidae_Metopia_argyrocephala_2806953_1459946116,© all rights reserved
500864,3430396210,Sarcophagidae_Sarcophaga_carnaria_1715258_3430396210,© all rights reserved
500976,1460366637,Sarcophagidae_Metopia_argyrocephala_2118167_1460366637,© all rights reserved
500977,1460366637,Sarcophagidae_Metopia_argyrocephala_2118168_1460366637,© all rights reserved
500978,1460366637,Sarcophagidae_Metopia_argyrocephala_2118169_1460366637,© all rights reserved
501046,3857927933,Sarcophagidae_Sarcophaga_carnaria_1261849_3857927933,© all rights reserved
501369,2593759833,Sarcophagidae_Oebalia_minuta_874450_2593759833,© all rights reserved
501370,2593759833,Sarcophagidae_Oebalia_minuta_874451_2593759833,© all rights reserved
501672,1458547264,Sarcophagidae_Sarcophaga_variegata_1426374_1458547264,© all rights reserved
502050,3881701309,Sarcophagidae_Wohlfahrtia_bella_1976227_3881701309,http://creativecommons.org/licenses/by-nc/4.0/
502231,3383967630,Sarcophagidae_Nyctia_halterata_319314_3383967630,http://creativecommons.org/licenses/by-sa/4.0/
502232,3383967630,Sarcophagidae_Nyctia_halterata_319315_3383967630,http://creativecommons.org/licenses/by-sa/4.0/
504695,3903589567,Sarcophagidae_Amobia_signata_3371336_3903589567,http://creativecommons.org/licenses/by-nc/4.0/
505165,3879721904,Sarcophagidae_Sarcophaga_carnaria_3353159_3879721904,© all rights reserved
505219,3879744418,Sarcophagidae_Sarcophaga_carnaria_3353173_3879744418,© all rights reserved
505220,3879744418,Sarcophagidae_Sarcophaga_carnaria_3353174_3879744418,© all rights reserved
505629,1459639651,Sarcophagidae_Metopia_argyrocephala_1427275_1459639651,© all rights reserved
505960,1458880991,Sarcophagidae_Sarcophaga_carnaria_2805329_1458880991,© all rights reserved
505961,1458880991,Sarcophagidae_Sarcophaga_carnaria_2805330_1458880991,© all rights reserved
506145,3893761572,Sarcophagidae_Sarcophaga_carnaria_1293002_3893761572,© all rights reserved
506170,3432458116,Sarcophagidae_Sarcophaga_carnaria_337545_3432458116,© all rights reserved
506257,3879809774,Sarcophagidae_Miltogramma_germari_1283747_3879809774,© all rights reserved
506258,3879809774,Sarcophagidae_Miltogramma_germari_1283748_3879809774,© all rights reserved
506601,1676160474,Sarcophagidae_Metopia_argyrocephala_744822_1676160474,© all rights reserved
506602,1676160474,Sarcophagidae_Metopia_argyrocephala_744823_1676160474,© all rights reserved
506603,1821610229,Sarcophagidae_Sarcophaga_carnaria_1435609_1821610229,© all rights reserved
506862,1458918585,Sarcophagidae_Metopia_argyrocephala_46696_1458918585,© all rights reserved
506985,3919655155,Sarcophagidae_Sarcophaga_carnaria_2712676_3919655155,© all rights reserved
507187,3434607216,Sarcophagidae_Oebalia_minuta_1028478_3434607216,© all rights reserved
507317,3857553616,Sarcophagidae_Sarcophaga_carnaria_3331086_3857553616,© all rights reserved
507318,3857553616,Sarcophagidae_Sarcophaga_carnaria_3331087_3857553616,© all rights reserved
508359,3767831227,Sarcophagidae_Sarcophaga_incisilobata_2616873_3767831227,© all rights reserved
508360,3767831227,Sarcophagidae_Sarcophaga_incisilobata_2616874_3767831227,© all rights reserved
508361,3767831227,Sarcophagidae_Sarcophaga_incisilobata_2616875_3767831227,© all rights reserved
508362,3767831227,Sarcophagidae_Sarcophaga_incisilobata_2616876_3767831227,© all rights reserved
508443,4017349503,Sarcophagidae_Sarcophaga_carnaria_3438358_4017349503,© all rights reserved
509009,3407936487,Sarcophagidae_Sarcophaga_dissimilis_1709602_3407936487,http://creativecommons.org/licenses/by-nc/4.0/
509129,3872905489,Sarcophagidae_Sarcophaga_variegata_2655606_3872905489,http://creativecommons.org/licenses/by/4.0/
509130,3872905489,Sarcophagidae_Sarcophaga_variegata_2655607_3872905489,http://creativecommons.org/licenses/by/4.0/
509131,3872905489,Sarcophagidae_Sarcophaga_variegata_2655608_3872905489,http://creativecommons.org/licenses/by/4.0/
509132,3872905489,Sarcophagidae_Sarcophaga_variegata_2655609_3872905489,http://creativecommons.org/licenses/by/4.0/
509133,3872905489,Sarcophagidae_Sarcophaga_variegata_2655610_3872905489,http://creativecommons.org/licenses/by/4.0/
509134,3872905489,Sarcophagidae_Sarcophaga_variegata_2655611_3872905489,http://creativecommons.org/licenses/by/4.0/
509135,3872905489,Sarcophagidae_Sarcophaga_variegata_2655612_3872905489,http://creativecommons.org/licenses/by/4.0/
509136,3872905489,Sarcophagidae_Sarcophaga_variegata_2655613_3872905489,http://creativecommons.org/licenses/by/4.0/
509860,3017982406,Sarcophagidae_Sarcophaga_carnaria_3021684_3017982406,http://creativecommons.org/licenses/by-nc/4.0/
509861,3017982406,Sarcophagidae_Sarcophaga_carnaria_3021685_3017982406,http://creativecommons.org/licenses/by-nc/4.0/
509862,3017982406,Sarcophagidae_Sarcophaga_carnaria_3021686_3017982406,http://creativecommons.org/licenses/by-nc/4.0/
509863,3017982406,Sarcophagidae_Sarcophaga_carnaria_3021687_3017982406,http://creativecommons.org/licenses/by-nc/4.0/
510608,3903283277,Sarcophagidae_Miltogramma_aurifrons_2679416_3903283277,http://creativecommons.org/licenses/by-nc/4.0/
511252,3873889528,Sarcophagidae_Wohlfahrtia_vigil_3351577_3873889528,http://creativecommons.org/licenses/by-nc/4.0/
511253,3873889528,Sarcophagidae_Wohlfahrtia_vigil_3351578_3873889528,http://creativecommons.org/licenses/by-nc/4.0/
511919,1844688037,Sarcophagidae_Metopia_argyrocephala_2141646_1844688037,© all rights reserved
519556,3383890860,Sarcophagidae_Miltogramma_punctata_318700_3383890860,http://creativecommons.org/licenses/by-nc/4.0/
519557,3383890860,Sarcophagidae_Miltogramma_punctata_318701_3383890860,http://creativecommons.org/licenses/by-nc/4.0/
519558,3383890860,Sarcophagidae_Miltogramma_punctata_318702_3383890860,http://creativecommons.org/licenses/by-nc/4.0/
519559,3383890860,Sarcophagidae_Miltogramma_punctata_318703_3383890860,http://creativecommons.org/licenses/by-nc/4.0/
519560,3383890860,Sarcophagidae_Miltogramma_punctata_318704_3383890860,http://creativecommons.org/licenses/by-nc/4.0/
519561,3383890860,Sarcophagidae_Miltogramma_punctata_318705_3383890860,http://creativecommons.org/licenses/by-nc/4.0/
519562,3383890860,Sarcophagidae_Miltogramma_punctata_318706_3383890860,http://creativecommons.org/licenses/by-nc/4.0/
519563,3383890860,Sarcophagidae_Miltogramma_punctata_318707_3383890860,http://creativecommons.org/licenses/by-nc/4.0/
519564,3383890860,Sarcophagidae_Miltogramma_punctata_318708_3383890860,http://creativecommons.org/licenses/by-nc/4.0/
519565,3383890860,Sarcophagidae_Miltogramma_punctata_318709_3383890860,http://creativecommons.org/licenses/by-nc/4.0/
519566,3383890860,Sarcophagidae_Miltogramma_punctata_318710_3383890860,http://creativecommons.org/licenses/by-nc/4.0/
519567,3383890860,Sarcophagidae_Miltogramma_punctata_318711_3383890860,http://creativecommons.org/licenses/by-nc/4.0/
519568,3383890860,Sarcophagidae_Miltogramma_punctata_318712_3383890860,http://creativecommons.org/licenses/by-nc/4.0/
519569,3383890860,Sarcophagidae_Miltogramma_punctata_318713_3383890860,http://creativecommons.org/licenses/by-nc/4.0/
519570,3383890860,Sarcophagidae_Miltogramma_punctata_318714_3383890860,http://creativecommons.org/licenses/by-nc/4.0/
519571,3383890860,Sarcophagidae_Miltogramma_punctata_318715_3383890860,http://creativecommons.org/licenses/by-nc/4.0/
519572,3383890860,Sarcophagidae_Miltogramma_punctata_318716_3383890860,http://creativecommons.org/licenses/by-nc/4.0/
519573,3383890860,Sarcophagidae_Miltogramma_punctata_318717_3383890860,http://creativecommons.org/licenses/by-nc/4.0/
519574,3383890860,Sarcophagidae_Miltogramma_punctata_318718_3383890860,http://creativecommons.org/licenses/by-nc/4.0/
519575,3383890860,Sarcophagidae_Miltogramma_punctata_318719_3383890860,http://creativecommons.org/licenses/by-nc/4.0/
521937,2331830351,Sarcophagidae_Nyctia_halterata_1527498_2331830351,http://creativecommons.org/licenses/by-nc/4.0/
522314,3760219667,Sarcophagidae_Nyctia_lugubris_2614899_3760219667,http://creativecommons.org/licenses/by-nc/4.0/
523491,3759576831,Sarcophagidae_Nyctia_lugubris_1923828_3759576831,http://creativecommons.org/licenses/by-nc/4.0/
523492,3759576831,Sarcophagidae_Nyctia_lugubris_1923829_3759576831,http://creativecommons.org/licenses/by-nc/4.0/
526612,3013948456,Sarcophagidae_Sarcophaga_africa_2330438_3013948456,http://creativecommons.org/licenses/by-nc/4.0/
526613,3013948456,Sarcophagidae_Sarcophaga_africa_2330439_3013948456,http://creativecommons.org/licenses/by-nc/4.0/
526614,3013948456,Sarcophagidae_Sarcophaga_africa_2330440_3013948456,http://creativecommons.org/licenses/by-nc/4.0/
526615,3013948456,Sarcophagidae_Sarcophaga_africa_2330441_3013948456,http://creativecommons.org/licenses/by-nc/4.0/
526616,3013948456,Sarcophagidae_Sarcophaga_africa_2330442_3013948456,http://creativecommons.org/licenses/by-nc/4.0/
526617,3013948456,Sarcophagidae_Sarcophaga_africa_2330443_3013948456,http://creativecommons.org/licenses/by-nc/4.0/
526618,3013948456,Sarcophagidae_Sarcophaga_africa_2330444_3013948456,http://creativecommons.org/licenses/by-nc/4.0/
526619,3013948456,Sarcophagidae_Sarcophaga_africa_2330445_3013948456,http://creativecommons.org/licenses/by-nc/4.0/
526620,3013948456,Sarcophagidae_Sarcophaga_africa_2330446_3013948456,http://creativecommons.org/licenses/by-nc/4.0/
526621,3013948456,Sarcophagidae_Sarcophaga_africa_2330447_3013948456,http://creativecommons.org/licenses/by-nc/4.0/
526622,3013948456,Sarcophagidae_Sarcophaga_africa_2330448_3013948456,http://creativecommons.org/licenses/by-nc/4.0/
526623,3013948456,Sarcophagidae_Sarcophaga_africa_2330449_3013948456,http://creativecommons.org/licenses/by-nc/4.0/
526624,3013948456,Sarcophagidae_Sarcophaga_africa_2330450_3013948456,http://creativecommons.org/licenses/by-nc/4.0/
526625,3013948456,Sarcophagidae_Sarcophaga_africa_2330451_3013948456,http://creativecommons.org/licenses/by-nc/4.0/
526626,3013948456,Sarcophagidae_Sarcophaga_africa_2330452_3013948456,http://creativecommons.org/licenses/by-nc/4.0/
526627,3013948456,Sarcophagidae_Sarcophaga_africa_2330453_3013948456,http://creativecommons.org/licenses/by-nc/4.0/
526628,3013948456,Sarcophagidae_Sarcophaga_africa_2330454_3013948456,http://creativecommons.org/licenses/by-nc/4.0/
526629,3013948456,Sarcophagidae_Sarcophaga_africa_2330455_3013948456,http://creativecommons.org/licenses/by-nc/4.0/
526630,3013948456,Sarcophagidae_Sarcophaga_africa_2330456_3013948456,http://creativecommons.org/licenses/by-nc/4.0/
526631,3013948456,Sarcophagidae_Sarcophaga_africa_2330457_3013948456,http://creativecommons.org/licenses/by-nc/4.0/
527725,3825275248,Sarcophagidae_Miltogramma_germari_2633185_3825275248,http://creativecommons.org/licenses/by-nc-nd/4.0/
531083,3335386452,Sarcophagidae_Sarcophaga_carnaria_2375829_3335386452,http://creativecommons.org/licenses/by-nc/4.0/
531084,3335386452,Sarcophagidae_Sarcophaga_carnaria_2375830_3335386452,http://creativecommons.org/licenses/by-nc/4.0/
531085,3335386452,Sarcophagidae_Sarcophaga_carnaria_2375831_3335386452,http://creativecommons.org/licenses/by-nc/4.0/
531086,3335386452,Sarcophagidae_Sarcophaga_carnaria_2375832_3335386452,http://creativecommons.org/licenses/by-nc/4.0/
531087,3335386452,Sarcophagidae_Sarcophaga_carnaria_2375833_3335386452,http://creativecommons.org/licenses/by-nc/4.0/
531088,3335386452,Sarcophagidae_Sarcophaga_carnaria_2375834_3335386452,http://creativecommons.org/licenses/by-nc/4.0/
531089,3335386452,Sarcophagidae_Sarcophaga_carnaria_2375835_3335386452,http://creativecommons.org/licenses/by-nc/4.0/
531090,3335386452,Sarcophagidae_Sarcophaga_carnaria_2375836_3335386452,http://creativecommons.org/licenses/by-nc/4.0/
531091,3335386452,Sarcophagidae_Sarcophaga_carnaria_2375837_3335386452,http://creativecommons.org/licenses/by-nc/4.0/
531092,3335386452,Sarcophagidae_Sarcophaga_carnaria_2375838_3335386452,http://creativecommons.org/licenses/by-nc/4.0/
531093,3335386452,Sarcophagidae_Sarcophaga_carnaria_2375839_3335386452,http://creativecommons.org/licenses/by-nc/4.0/
531094,3335386452,Sarcophagidae_Sarcophaga_carnaria_2375840_3335386452,http://creativecommons.org/licenses/by-nc/4.0/
531095,3335386452,Sarcophagidae_Sarcophaga_carnaria_2375841_3335386452,http://creativecommons.org/licenses/by-nc/4.0/
531096,3335386452,Sarcophagidae_Sarcophaga_carnaria_2375842_3335386452,http://creativecommons.org/licenses/by-nc/4.0/
531097,3335386452,Sarcophagidae_Sarcophaga_carnaria_2375843_3335386452,http://creativecommons.org/licenses/by-nc/4.0/
531098,3335386452,Sarcophagidae_Sarcophaga_carnaria_2375844_3335386452,http://creativecommons.org/licenses/by-nc/4.0/
531099,3335386452,Sarcophagidae_Sarcophaga_carnaria_2375845_3335386452,http://creativecommons.org/licenses/by-nc/4.0/
531100,3335386452,Sarcophagidae_Sarcophaga_carnaria_2375846_3335386452,http://creativecommons.org/licenses/by-nc/4.0/
531101,3335386452,Sarcophagidae_Sarcophaga_carnaria_2375847_3335386452,http://creativecommons.org/licenses/by-nc/4.0/
531102,3335386452,Sarcophagidae_Sarcophaga_carnaria_2375848_3335386452,http://creativecommons.org/licenses/by-nc/4.0/
534549,2626518769,Sarcophagidae_Amobia_signata_1570058_2626518769,http://creativecommons.org/licenses/by-nc/4.0/
534550,2626518769,Sarcophagidae_Amobia_signata_1570059_2626518769,http://creativecommons.org/licenses/by-nc/4.0/
534575,3802417230,Sarcophagidae_Miltogramma_aurifrons_2624480_3802417230,http://creativecommons.org/licenses/by-nc/4.0/
540052,3859116404,Sarcophagidae_Wohlfahrtia_bella_2647107_3859116404,http://creativecommons.org/licenses/by-nc/4.0/
541414,3097030496,Sarcophagidae_Nyctia_halterata_3040225_3097030496,http://creativecommons.org/licenses/by-nc/4.0/
541525,3097182354,Sarcophagidae_Macronychia_dolini_282150_3097182354,http://creativecommons.org/publicdomain/zero/1.0/
541526,3097182354,Sarcophagidae_Macronychia_dolini_282151_3097182354,http://creativecommons.org/publicdomain/zero/1.0/
542966,4009743452,Sarcophagidae_Sarcophaga_africa_2053426_4009743452,http://creativecommons.org/licenses/by/4.0/
542967,4009743452,Sarcophagidae_Sarcophaga_africa_2053427_4009743452,http://creativecommons.org/licenses/by/4.0/
543119,3384586769,Sarcophagidae_Sarcophaga_variegata_2390261_3384586769,http://creativecommons.org/licenses/by-nc/4.0/
543120,3384586769,Sarcophagidae_Sarcophaga_variegata_2390262_3384586769,http://creativecommons.org/licenses/by-nc/4.0/
543121,3384586769,Sarcophagidae_Sarcophaga_variegata_2390263_3384586769,http://creativecommons.org/licenses/by-nc/4.0/
543122,3384586769,Sarcophagidae_Sarcophaga_variegata_2390264_3384586769,http://creativecommons.org/licenses/by-nc/4.0/
543123,3384586769,Sarcophagidae_Sarcophaga_variegata_2390265_3384586769,http://creativecommons.org/licenses/by-nc/4.0/
545593,3860626286,Sarcophagidae_Wohlfahrtia_bella_1964765_3860626286,http://creativecommons.org/licenses/by-nc/4.0/
546196,3070404342,Sarcophagidae_Amobia_signata_3033789_3070404342,http://creativecommons.org/licenses/by/4.0/
549315,4011776632,Sarcophagidae_Sarcophaga_africa_3436508_4011776632,http://creativecommons.org/licenses/by-nc/4.0/
549316,4011776632,Sarcophagidae_Sarcophaga_africa_3436509_4011776632,http://creativecommons.org/licenses/by-nc/4.0/
549317,4011776632,Sarcophagidae_Sarcophaga_africa_3436510_4011776632,http://creativecommons.org/licenses/by-nc/4.0/
549318,4011776632,Sarcophagidae_Sarcophaga_africa_3436511_4011776632,http://creativecommons.org/licenses/by-nc/4.0/
549319,4011776632,Sarcophagidae_Sarcophaga_africa_3436512_4011776632,http://creativecommons.org/licenses/by-nc/4.0/
549320,4011776632,Sarcophagidae_Sarcophaga_africa_3436513_4011776632,http://creativecommons.org/licenses/by-nc/4.0/
549321,4011776632,Sarcophagidae_Sarcophaga_africa_3436514_4011776632,http://creativecommons.org/licenses/by-nc/4.0/
549322,4011776632,Sarcophagidae_Sarcophaga_africa_3436515_4011776632,http://creativecommons.org/licenses/by-nc/4.0/
549323,4011776632,Sarcophagidae_Sarcophaga_africa_3436516_4011776632,http://creativecommons.org/licenses/by-nc/4.0/
549324,4011776632,Sarcophagidae_Sarcophaga_africa_3436517_4011776632,http://creativecommons.org/licenses/by-nc/4.0/
550049,3712593303,Sarcophagidae_Wohlfahrtia_vigil_1164279_3712593303,http://creativecommons.org/licenses/by-nc/4.0/
550050,3712593303,Sarcophagidae_Wohlfahrtia_vigil_1164280_3712593303,http://creativecommons.org/licenses/by-nc/4.0/
553211,3988631550,Sarcophagidae_Sarcophaga_variegata_662498_3988631550,http://creativecommons.org/licenses/by/4.0/
553212,3988631550,Sarcophagidae_Sarcophaga_variegata_662499_3988631550,http://creativecommons.org/licenses/by/4.0/
556054,3398770880,Sarcophagidae_Sarcophaga_vagans_327979_3398770880,http://creativecommons.org/licenses/by-nc/4.0/
556055,3398770880,Sarcophagidae_Sarcophaga_vagans_327980_3398770880,http://creativecommons.org/licenses/by-nc/4.0/
556056,3398770880,Sarcophagidae_Sarcophaga_vagans_327981_3398770880,http://creativecommons.org/licenses/by-nc/4.0/
556057,3398770880,Sarcophagidae_Sarcophaga_vagans_327982_3398770880,http://creativecommons.org/licenses/by-nc/4.0/
556058,3398770880,Sarcophagidae_Sarcophaga_vagans_327983_3398770880,http://creativecommons.org/licenses/by-nc/4.0/
556059,3398770880,Sarcophagidae_Sarcophaga_vagans_327984_3398770880,http://creativecommons.org/licenses/by-nc/4.0/
556060,3398770880,Sarcophagidae_Sarcophaga_vagans_327985_3398770880,http://creativecommons.org/licenses/by-nc/4.0/
556061,3398770880,Sarcophagidae_Sarcophaga_vagans_327986_3398770880,http://creativecommons.org/licenses/by-nc/4.0/
556062,3398770880,Sarcophagidae_Sarcophaga_vagans_327987_3398770880,http://creativecommons.org/licenses/by-nc/4.0/
556063,3398770880,Sarcophagidae_Sarcophaga_vagans_327988_3398770880,http://creativecommons.org/licenses/by-nc/4.0/
556064,3398770880,Sarcophagidae_Sarcophaga_vagans_327989_3398770880,http://creativecommons.org/licenses/by-nc/4.0/
556065,3398770880,Sarcophagidae_Sarcophaga_vagans_327990_3398770880,http://creativecommons.org/licenses/by-nc/4.0/
556066,3398770880,Sarcophagidae_Sarcophaga_vagans_327991_3398770880,http://creativecommons.org/licenses/by-nc/4.0/
556067,3398770880,Sarcophagidae_Sarcophaga_vagans_327992_3398770880,http://creativecommons.org/licenses/by-nc/4.0/
556068,3398770880,Sarcophagidae_Sarcophaga_vagans_327993_3398770880,http://creativecommons.org/licenses/by-nc/4.0/
556069,3398770880,Sarcophagidae_Sarcophaga_vagans_327994_3398770880,http://creativecommons.org/licenses/by-nc/4.0/
556070,3398770880,Sarcophagidae_Sarcophaga_vagans_327995_3398770880,http://creativecommons.org/licenses/by-nc/4.0/
556071,3398770880,Sarcophagidae_Sarcophaga_vagans_327996_3398770880,http://creativecommons.org/licenses/by-nc/4.0/
560206,3343793786,Sarcophagidae_Miltogramma_taeniata_2380771_3343793786,http://creativecommons.org/licenses/by-nc/4.0/
560207,3343793786,Sarcophagidae_Miltogramma_taeniata_2380772_3343793786,http://creativecommons.org/licenses/by-nc/4.0/
560595,3872970635,Sarcophagidae_Sarcophaga_variegata_2655985_3872970635,http://creativecommons.org/licenses/by/4.0/
562237,3383843449,Sarcophagidae_Sarcophaga_vagans_1008304_3383843449,http://creativecommons.org/licenses/by-nc/4.0/
562238,3383843449,Sarcophagidae_Sarcophaga_vagans_1008305_3383843449,http://creativecommons.org/licenses/by-nc/4.0/
562239,3383843449,Sarcophagidae_Sarcophaga_vagans_1008306_3383843449,http://creativecommons.org/licenses/by-nc/4.0/
562240,3383843449,Sarcophagidae_Sarcophaga_vagans_1008307_3383843449,http://creativecommons.org/licenses/by-nc/4.0/
562241,3383843449,Sarcophagidae_Sarcophaga_vagans_1008308_3383843449,http://creativecommons.org/licenses/by-nc/4.0/
562242,3383843449,Sarcophagidae_Sarcophaga_vagans_1008309_3383843449,http://creativecommons.org/licenses/by-nc/4.0/
562243,3383843449,Sarcophagidae_Sarcophaga_vagans_1008310_3383843449,http://creativecommons.org/licenses/by-nc/4.0/
562244,3383843449,Sarcophagidae_Sarcophaga_vagans_1008311_3383843449,http://creativecommons.org/licenses/by-nc/4.0/
562245,3383843449,Sarcophagidae_Sarcophaga_vagans_1008312_3383843449,http://creativecommons.org/licenses/by-nc/4.0/
562246,3383843449,Sarcophagidae_Sarcophaga_vagans_1008313_3383843449,http://creativecommons.org/licenses/by-nc/4.0/
562247,3383843449,Sarcophagidae_Sarcophaga_vagans_1008314_3383843449,http://creativecommons.org/licenses/by-nc/4.0/
562248,3383843449,Sarcophagidae_Sarcophaga_vagans_1008315_3383843449,http://creativecommons.org/licenses/by-nc/4.0/
562249,3383843449,Sarcophagidae_Sarcophaga_vagans_1008316_3383843449,http://creativecommons.org/licenses/by-nc/4.0/
562250,3383843449,Sarcophagidae_Sarcophaga_vagans_1008317_3383843449,http://creativecommons.org/licenses/by-nc/4.0/
562251,3383843449,Sarcophagidae_Sarcophaga_vagans_1008318_3383843449,http://creativecommons.org/licenses/by-nc/4.0/
562252,3383843449,Sarcophagidae_Sarcophaga_vagans_1008319_3383843449,http://creativecommons.org/licenses/by-nc/4.0/
562253,3383843449,Sarcophagidae_Sarcophaga_vagans_1008320_3383843449,http://creativecommons.org/licenses/by-nc/4.0/
563569,2603349147,Sarcophagidae_Amobia_signata_186179_2603349147,http://creativecommons.org/licenses/by-nc/4.0/
563570,2603349147,Sarcophagidae_Amobia_signata_186180_2603349147,http://creativecommons.org/licenses/by-nc/4.0/
563571,2603349147,Sarcophagidae_Amobia_signata_186181_2603349147,http://creativecommons.org/licenses/by-nc/4.0/
563572,2603349147,Sarcophagidae_Amobia_signata_186182_2603349147,http://creativecommons.org/licenses/by-nc/4.0/
563573,2603349147,Sarcophagidae_Amobia_signata_186183_2603349147,http://creativecommons.org/licenses/by-nc/4.0/
563574,2603349147,Sarcophagidae_Amobia_signata_186184_2603349147,http://creativecommons.org/licenses/by-nc/4.0/
566270,4015273706,Sarcophagidae_Nyctia_lugubris_1368771_4015273706,http://creativecommons.org/licenses/by-nc/4.0/
566271,4015273706,Sarcophagidae_Nyctia_lugubris_1368772_4015273706,http://creativecommons.org/licenses/by-nc/4.0/
566954,3014081491,Sarcophagidae_Brachicoma_devia_952666_3014081491,http://creativecommons.org/publicdomain/zero/1.0/
567530,4018165512,Sarcophagidae_Taxigramma_heteroneura_1369244_4018165512,http://creativecommons.org/licenses/by-nc/4.0/
567531,4018165512,Sarcophagidae_Taxigramma_heteroneura_1369245_4018165512,http://creativecommons.org/licenses/by-nc/4.0/
567655,3712557305,Sarcophagidae_Wohlfahrtia_vigil_2543261_3712557305,http://creativecommons.org/licenses/by-nc/4.0/
567656,3712557305,Sarcophagidae_Wohlfahrtia_vigil_2543262_3712557305,http://creativecommons.org/licenses/by-nc/4.0/
571294,3398636474,Sarcophagidae_Macronychia_dolini_327055_3398636474,http://creativecommons.org/licenses/by-nc/4.0/
572816,3873544549,Sarcophagidae_Sarcophaga_carnaria_591340_3873544549,http://creativecommons.org/licenses/by/4.0/
572817,3873544549,Sarcophagidae_Sarcophaga_carnaria_591341_3873544549,http://creativecommons.org/licenses/by/4.0/
572862,1990544502,Sarcophagidae_Sarcophila_latifrons_2200205_1990544502,http://creativecommons.org/licenses/by-nc-sa/4.0/
574158,3764161452,Sarcophagidae_Nyctia_lugubris_3306334_3764161452,http://creativecommons.org/licenses/by-nc/4.0/
574159,3764161452,Sarcophagidae_Nyctia_lugubris_3306335_3764161452,http://creativecommons.org/licenses/by-nc/4.0/
575425,4014954484,Sarcophagidae_Sarcophaga_africa_2057236_4014954484,http://creativecommons.org/licenses/by-nc/4.0/
575426,4014954484,Sarcophagidae_Sarcophaga_africa_2057237_4014954484,http://creativecommons.org/licenses/by-nc/4.0/
575427,4014954484,Sarcophagidae_Sarcophaga_africa_2057238_4014954484,http://creativecommons.org/licenses/by-nc/4.0/
576628,2549963300,Sarcophagidae_Sphenometopa_fastuosa_858543_2549963300,http://creativecommons.org/licenses/by-nc/4.0/
578298,3785180501,Sarcophagidae_Sphenometopa_fastuosa_556319_3785180501,http://creativecommons.org/licenses/by/4.0/
578299,3785180501,Sarcophagidae_Sphenometopa_fastuosa_556320_3785180501,http://creativecommons.org/licenses/by/4.0/
578300,3785180501,Sarcophagidae_Sphenometopa_fastuosa_556321_3785180501,http://creativecommons.org/licenses/by/4.0/
578352,3335119526,Sarcophagidae_Miltogramma_taeniata_3065007_3335119526,http://creativecommons.org/licenses/by/4.0/
578353,3335119526,Sarcophagidae_Miltogramma_taeniata_3065008_3335119526,http://creativecommons.org/licenses/by/4.0/
578354,3335119526,Sarcophagidae_Miltogramma_taeniata_3065009_3335119526,http://creativecommons.org/licenses/by/4.0/
579020,3455546214,Sarcophagidae_Sarcophaga_dissimilis_1147395_3455546214,http://creativecommons.org/licenses/by-nc/4.0/
580388,3456617950,Sarcophagidae_Sarcophaga_haemorrhoa_2530880_3456617950,http://creativecommons.org/licenses/by/4.0/
580389,3456617950,Sarcophagidae_Sarcophaga_haemorrhoa_2530881_3456617950,http://creativecommons.org/licenses/by/4.0/
580390,3456617950,Sarcophagidae_Sarcophaga_haemorrhoa_2530882_3456617950,http://creativecommons.org/licenses/by/4.0/
581532,3013962437,Sarcophagidae_Sarcophaga_melanura_2330487_3013962437,http://creativecommons.org/licenses/by-nc/4.0/
581533,3013962437,Sarcophagidae_Sarcophaga_melanura_2330488_3013962437,http://creativecommons.org/licenses/by-nc/4.0/
581534,3013962437,Sarcophagidae_Sarcophaga_melanura_2330489_3013962437,http://creativecommons.org/licenses/by-nc/4.0/
581535,3013962437,Sarcophagidae_Sarcophaga_melanura_2330490_3013962437,http://creativecommons.org/licenses/by-nc/4.0/
581536,3013962437,Sarcophagidae_Sarcophaga_melanura_2330491_3013962437,http://creativecommons.org/licenses/by-nc/4.0/
581537,3013962437,Sarcophagidae_Sarcophaga_melanura_2330492_3013962437,http://creativecommons.org/licenses/by-nc/4.0/
581538,3013962437,Sarcophagidae_Sarcophaga_melanura_2330493_3013962437,http://creativecommons.org/licenses/by-nc/4.0/
583425,3902894527,Sarcophagidae_Miltogramma_aurifrons_1298802_3902894527,http://creativecommons.org/licenses/by-nc/4.0/
587273,3383842780,Sarcophagidae_Sarcophaga_subvicina_2386606_3383842780,http://creativecommons.org/licenses/by-nc/4.0/
587274,3383842780,Sarcophagidae_Sarcophaga_subvicina_2386607_3383842780,http://creativecommons.org/licenses/by-nc/4.0/
587275,3383842780,Sarcophagidae_Sarcophaga_subvicina_2386608_3383842780,http://creativecommons.org/licenses/by-nc/4.0/
587276,3383842780,Sarcophagidae_Sarcophaga_subvicina_2386609_3383842780,http://creativecommons.org/licenses/by-nc/4.0/
587277,3383842780,Sarcophagidae_Sarcophaga_subvicina_2386610_3383842780,http://creativecommons.org/licenses/by-nc/4.0/
587278,3383842780,Sarcophagidae_Sarcophaga_subvicina_2386611_3383842780,http://creativecommons.org/licenses/by-nc/4.0/
587279,3383842780,Sarcophagidae_Sarcophaga_subvicina_2386612_3383842780,http://creativecommons.org/licenses/by-nc/4.0/
587280,3383842780,Sarcophagidae_Sarcophaga_subvicina_2386613_3383842780,http://creativecommons.org/licenses/by-nc/4.0/
588954,3712438311,Sarcophagidae_Wohlfahrtia_vigil_2542796_3712438311,http://creativecommons.org/licenses/by-nc/4.0/
588955,3712438311,Sarcophagidae_Wohlfahrtia_vigil_2542797_3712438311,http://creativecommons.org/licenses/by-nc/4.0/
589117,4018179896,Sarcophagidae_Nyctia_lugubris_1369333_4018179896,http://creativecommons.org/licenses/by-nc/4.0/
589118,4018179896,Sarcophagidae_Nyctia_lugubris_1369334_4018179896,http://creativecommons.org/licenses/by-nc/4.0/
589119,4018179896,Sarcophagidae_Nyctia_lugubris_1369335_4018179896,http://creativecommons.org/licenses/by-nc/4.0/
589120,4018179896,Sarcophagidae_Nyctia_lugubris_1369336_4018179896,http://creativecommons.org/licenses/by-nc/4.0/
590242,3321270510,Sarcophagidae_Nyctia_halterata_296981_3321270510,http://creativecommons.org/licenses/by-nc/4.0/
591514,3008456303,Sarcophagidae_Sarcophaga_carnaria_261133_3008456303,http://creativecommons.org/licenses/by-nc-sa/4.0/
594430,3399146500,Sarcophagidae_Macronychia_dolini_1708133_3399146500,http://creativecommons.org/licenses/by-nc/4.0/
594431,3399146500,Sarcophagidae_Macronychia_dolini_1708134_3399146500,http://creativecommons.org/licenses/by-nc/4.0/
594432,3399146500,Sarcophagidae_Macronychia_dolini_1708135_3399146500,http://creativecommons.org/licenses/by-nc/4.0/
598006,3759670199,Sarcophagidae_Nyctia_halterata_3303854_3759670199,http://creativecommons.org/licenses/by-nc/4.0/
598007,3759670199,Sarcophagidae_Nyctia_halterata_3303855_3759670199,http://creativecommons.org/licenses/by-nc/4.0/
600066,3764566896,Sarcophagidae_Amobia_signata_549025_3764566896,http://creativecommons.org/licenses/by-nc/4.0/
600416,3343943450,Sarcophagidae_Nyctia_halterata_2381388_3343943450,http://creativecommons.org/licenses/by/4.0/
600461,2251820818,Sarcophagidae_Metopia_argyrocephala_2210939_2251820818,http://creativecommons.org/licenses/by-nc/4.0/
601229,3456227578,Sarcophagidae_Amobia_signata_1150517_3456227578,http://creativecommons.org/licenses/by-nc/4.0/
603383,3384611776,Sarcophagidae_Sarcophaga_carnaria_322286_3384611776,http://creativecommons.org/licenses/by-nc/4.0/
603384,3384611776,Sarcophagidae_Sarcophaga_carnaria_322287_3384611776,http://creativecommons.org/licenses/by-nc/4.0/
603385,3384611776,Sarcophagidae_Sarcophaga_carnaria_322288_3384611776,http://creativecommons.org/licenses/by-nc/4.0/
603386,3384611776,Sarcophagidae_Sarcophaga_carnaria_322289_3384611776,http://creativecommons.org/licenses/by-nc/4.0/
603387,3384611776,Sarcophagidae_Sarcophaga_carnaria_322290_3384611776,http://creativecommons.org/licenses/by-nc/4.0/
603388,3384611776,Sarcophagidae_Sarcophaga_carnaria_322291_3384611776,http://creativecommons.org/licenses/by-nc/4.0/
603389,3384611776,Sarcophagidae_Sarcophaga_carnaria_322292_3384611776,http://creativecommons.org/licenses/by-nc/4.0/
603441,4018425473,Sarcophagidae_Nyctia_lugubris_1370191_4018425473,http://creativecommons.org/licenses/by-nc/4.0/
603442,4018425473,Sarcophagidae_Nyctia_lugubris_1370192_4018425473,http://creativecommons.org/licenses/by-nc/4.0/
603443,4018425473,Sarcophagidae_Nyctia_lugubris_1370193_4018425473,http://creativecommons.org/licenses/by-nc/4.0/
607170,3384855849,Sarcophagidae_Macronychia_dolini_1013456_3384855849,http://creativecommons.org/licenses/by-nc/4.0/
607386,1880665142,Sarcophagidae_Wohlfahrtia_vigil_79816_1880665142,http://creativecommons.org/licenses/by-nc/4.0/
610277,3384624741,Sarcophagidae_Sarcophaga_carnaria_1012314_3384624741,http://creativecommons.org/licenses/by-nc/4.0/
610278,3384624741,Sarcophagidae_Sarcophaga_carnaria_1012315_3384624741,http://creativecommons.org/licenses/by-nc/4.0/
610279,3384624741,Sarcophagidae_Sarcophaga_carnaria_1012316_3384624741,http://creativecommons.org/licenses/by-nc/4.0/
610280,3384624741,Sarcophagidae_Sarcophaga_carnaria_1012317_3384624741,http://creativecommons.org/licenses/by-nc/4.0/
610281,3384624741,Sarcophagidae_Sarcophaga_carnaria_1012318_3384624741,http://creativecommons.org/licenses/by-nc/4.0/
610282,3325720082,Sarcophagidae_Miltogramma_punctata_1676876_3325720082,http://creativecommons.org/licenses/by-nc/4.0/
610283,3325720082,Sarcophagidae_Miltogramma_punctata_1676877_3325720082,http://creativecommons.org/licenses/by-nc/4.0/
610284,3325720082,Sarcophagidae_Miltogramma_punctata_1676878_3325720082,http://creativecommons.org/licenses/by-nc/4.0/
612324,3330448562,Sarcophagidae_Wohlfahrtia_bella_301714_3330448562,http://creativecommons.org/licenses/by-nc/4.0/
612325,3330448562,Sarcophagidae_Wohlfahrtia_bella_301715_3330448562,http://creativecommons.org/licenses/by-nc/4.0/
612421,3892372761,Sarcophagidae_Miltogramma_aurifrons_1291418_3892372761,http://creativecommons.org/licenses/by-nc/4.0/
614186,4014870852,Sarcophagidae_Amobia_signata_2746864_4014870852,http://creativecommons.org/licenses/by-nc/4.0/
614187,4014870852,Sarcophagidae_Amobia_signata_2746865_4014870852,http://creativecommons.org/licenses/by-nc/4.0/
614626,3892532506,Sarcophagidae_Nyctia_halterata_1292169_3892532506,http://creativecommons.org/licenses/by-nc/4.0/
614802,3873302512,Sarcophagidae_Sarcophaga_variegata_1968514_3873302512,http://creativecommons.org/licenses/by/4.0/
614803,3873302512,Sarcophagidae_Sarcophaga_variegata_1968515_3873302512,http://creativecommons.org/licenses/by/4.0/
615153,3335102583,Sarcophagidae_Miltogramma_germari_3064903_3335102583,http://creativecommons.org/licenses/by-nc/4.0/
617539,3455578063,Sarcophagidae_Sarcophaga_haemorrhoa_2526101_3455578063,http://creativecommons.org/licenses/by-nc/4.0/
617540,3455578063,Sarcophagidae_Sarcophaga_haemorrhoa_2526102_3455578063,http://creativecommons.org/licenses/by-nc/4.0/
617541,3455578063,Sarcophagidae_Sarcophaga_haemorrhoa_2526103_3455578063,http://creativecommons.org/licenses/by-nc/4.0/
617542,3455578063,Sarcophagidae_Sarcophaga_haemorrhoa_2526104_3455578063,http://creativecommons.org/licenses/by-nc/4.0/
617543,3455578063,Sarcophagidae_Sarcophaga_haemorrhoa_2526105_3455578063,http://creativecommons.org/licenses/by-nc/4.0/
617544,3455578063,Sarcophagidae_Sarcophaga_haemorrhoa_2526106_3455578063,http://creativecommons.org/licenses/by-nc/4.0/
617545,3455578063,Sarcophagidae_Sarcophaga_haemorrhoa_2526107_3455578063,http://creativecommons.org/licenses/by-nc/4.0/
617546,3455578063,Sarcophagidae_Sarcophaga_haemorrhoa_2526108_3455578063,http://creativecommons.org/licenses/by-nc/4.0/
617547,3455578063,Sarcophagidae_Sarcophaga_haemorrhoa_2526109_3455578063,http://creativecommons.org/licenses/by-nc/4.0/
617548,3455578063,Sarcophagidae_Sarcophaga_haemorrhoa_2526110_3455578063,http://creativecommons.org/licenses/by-nc/4.0/
617549,3455578063,Sarcophagidae_Sarcophaga_haemorrhoa_2526111_3455578063,http://creativecommons.org/licenses/by-nc/4.0/
617550,3455578063,Sarcophagidae_Sarcophaga_haemorrhoa_2526112_3455578063,http://creativecommons.org/licenses/by-nc/4.0/
617551,3455578063,Sarcophagidae_Sarcophaga_haemorrhoa_2526113_3455578063,http://creativecommons.org/licenses/by-nc/4.0/
617552,3455578063,Sarcophagidae_Sarcophaga_haemorrhoa_2526114_3455578063,http://creativecommons.org/licenses/by-nc/4.0/
617553,3455578063,Sarcophagidae_Sarcophaga_haemorrhoa_2526115_3455578063,http://creativecommons.org/licenses/by-nc/4.0/
617554,3455578063,Sarcophagidae_Sarcophaga_haemorrhoa_2526116_3455578063,http://creativecommons.org/licenses/by-nc/4.0/
617555,3455578063,Sarcophagidae_Sarcophaga_haemorrhoa_2526117_3455578063,http://creativecommons.org/licenses/by-nc/4.0/
617556,3455578063,Sarcophagidae_Sarcophaga_haemorrhoa_2526118_3455578063,http://creativecommons.org/licenses/by-nc/4.0/
621857,3321164294,Sarcophagidae_Sphenometopa_fastuosa_986827_3321164294,http://creativecommons.org/licenses/by-nc/4.0/
622037,2574040864,Sarcophagidae_Metopia_argyrocephala_1561284_2574040864,http://creativecommons.org/licenses/by-nc/4.0/
622448,3873695899,Sarcophagidae_Miltogramma_aurifrons_592093_3873695899,http://creativecommons.org/licenses/by-nc/4.0/
623933,3902531277,Sarcophagidae_Wohlfahrtia_vigil_1296799_3902531277,http://creativecommons.org/licenses/by-nc/4.0/
623934,3902531277,Sarcophagidae_Wohlfahrtia_vigil_1296800_3902531277,http://creativecommons.org/licenses/by-nc/4.0/
623935,3902531277,Sarcophagidae_Wohlfahrtia_vigil_1296801_3902531277,http://creativecommons.org/licenses/by-nc/4.0/
623936,3902531277,Sarcophagidae_Wohlfahrtia_vigil_1296802_3902531277,http://creativecommons.org/licenses/by-nc/4.0/
624770,3860314319,Sarcophagidae_Wohlfahrtia_bella_2652573_3860314319,http://creativecommons.org/licenses/by-nc/4.0/
627776,3383912821,Sarcophagidae_Nyctia_halterata_1697390_3383912821,http://creativecommons.org/licenses/by-nc/4.0/
632555,2823376525,Sarcophagidae_Amobia_signata_2967378_2823376525,http://creativecommons.org/licenses/by-nc/4.0/
632556,2823376525,Sarcophagidae_Amobia_signata_2967379_2823376525,http://creativecommons.org/licenses/by-nc/4.0/
632557,2823376525,Sarcophagidae_Amobia_signata_2967380_2823376525,http://creativecommons.org/licenses/by-nc/4.0/
633559,2883203475,Sarcophagidae_Nyctia_halterata_1627576_2883203475,http://creativecommons.org/licenses/by-nc/4.0/
633604,3712413306,Sarcophagidae_Wohlfahrtia_vigil_474223_3712413306,http://creativecommons.org/licenses/by-nc/4.0/
633632,3947430426,Sarcophagidae_Miltogramma_aurifrons_2028799_3947430426,http://creativecommons.org/licenses/by-nc/4.0/
633779,3303304920,Sarcophagidae_Sarcophaga_carnaria_291560_3303304920,© All rights reserved
634063,3327238375,Sarcophagidae_Sarcophaga_carnaria_299087_3327238375,© All rights reserved
634207,3303263565,Sarcophagidae_Sarcophaga_carnaria_3050077_3303263565,© All rights reserved
634584,3873448604,Sarcophagidae_Sarcophaga_carnaria_590843_3873448604,http://creativecommons.org/licenses/by/4.0/
634585,3873448604,Sarcophagidae_Sarcophaga_carnaria_590844_3873448604,http://creativecommons.org/licenses/by/4.0/
636779,3705724415,Sarcophagidae_Wohlfahrtia_vigil_3232383_3705724415,http://creativecommons.org/licenses/by-nc/4.0/
636780,3705724415,Sarcophagidae_Wohlfahrtia_vigil_3232384_3705724415,http://creativecommons.org/licenses/by-nc/4.0/
638217,3990929317,Sarcophagidae_Sarcophaga_lehmanni_3420365_3990929317,© All rights reserved
638218,3990929317,Sarcophagidae_Sarcophaga_lehmanni_3420366_3990929317,© All rights reserved
638225,3844699567,Sarcophagidae_Sarcophaga_carnaria_2639373_3844699567,http://creativecommons.org/licenses/by-nc-sa/4.0/
638516,3880000572,Sarcophagidae_Sarcophaga_carnaria_594854_3880000572,© all rights reserved
640071,3729298307,Sarcophagidae_Nyctia_halterata_523084_3729298307,http://creativecommons.org/licenses/by-nc/4.0/
643078,3324044397,Sarcophagidae_Sarcophaga_carnaria_3055994_3324044397,© All rights reserved
643583,1801523295,Sarcophagidae_Sarcophaga_carnaria_745625_1801523295,© all rights reserved
644088,3451450443,Sarcophagidae_Brachicoma_devia_1144519_3451450443,© All rights reserved
644089,3451450443,Sarcophagidae_Brachicoma_devia_1144520_3451450443,© All rights reserved
644090,3451450443,Sarcophagidae_Brachicoma_devia_1144521_3451450443,© All rights reserved
644175,1825106309,Sarcophagidae_Sarcophaga_carnaria_2815068_1825106309,© All rights reserved
644226,3451464319,Sarcophagidae_Sarcophaga_carnaria_2523142_3451464319,© All rights reserved
644452,3342059517,Sarcophagidae_Sarcophaga_carnaria_1690728_3342059517,© All rights reserved
644498,3451563498,Sarcophagidae_Sarcophaga_variegata_1144655_3451563498,© All rights reserved
644499,3451563498,Sarcophagidae_Sarcophaga_variegata_1144656_3451563498,© All rights reserved
644500,3451563498,Sarcophagidae_Sarcophaga_variegata_1144657_3451563498,© All rights reserved
644877,3860570752,Sarcophagidae_Miltogramma_aurifrons_2653868_3860570752,http://creativecommons.org/licenses/by-nc/4.0/
647559,3451476501,Sarcophagidae_Sarcophaga_carnaria_3213295_3451476501,© All rights reserved
648119,2468148644,Sarcophagidae_Taxigramma_hilarella_2232862_2468148644,© All rights reserved
648120,2468148644,Sarcophagidae_Taxigramma_hilarella_2232863_2468148644,© All rights reserved
654274,3329847449,Sarcophagidae_Sarcophaga_carnaria_1679658_3329847449,© All rights reserved
654469,3327211400,Sarcophagidae_Sarcophaga_carnaria_299058_3327211400,© All rights reserved
655586,3858709850,Sarcophagidae_Sphenometopa_fastuosa_577723_3858709850,http://creativecommons.org/licenses/by-nc/4.0/
656953,3747063007,Sarcophagidae_Nyctia_lugubris_1920883_3747063007,http://creativecommons.org/licenses/by-nc/4.0/
657071,3458595801,Sarcophagidae_Blaesoxipha_lapidosa_1844212_3458595801,http://creativecommons.org/licenses/by/4.0/
657072,3458595801,Sarcophagidae_Blaesoxipha_lapidosa_1844213_3458595801,http://creativecommons.org/licenses/by/4.0/
657073,3458595801,Sarcophagidae_Blaesoxipha_lapidosa_1844214_3458595801,http://creativecommons.org/licenses/by/4.0/
657286,3458634992,Sarcophagidae_Blaesoxipha_rufipes_1844479_3458634992,http://creativecommons.org/licenses/by/4.0/
657287,3458634992,Sarcophagidae_Blaesoxipha_rufipes_1844480_3458634992,http://creativecommons.org/licenses/by/4.0/
657288,3458634992,Sarcophagidae_Blaesoxipha_rufipes_1844481_3458634992,http://creativecommons.org/licenses/by/4.0/
657305,3458638206,Sarcophagidae_Sarcophaga_kunonis_3223479_3458638206,http://creativecommons.org/licenses/by/4.0/
657306,3458638206,Sarcophagidae_Sarcophaga_kunonis_3223480_3458638206,http://creativecommons.org/licenses/by/4.0/
657307,3458638206,Sarcophagidae_Sarcophaga_kunonis_3223481_3458638206,http://creativecommons.org/licenses/by/4.0/
657351,3458647982,Sarcophagidae_Sarcophaga_filia_464964_3458647982,http://creativecommons.org/licenses/by/4.0/
657352,3458647982,Sarcophagidae_Sarcophaga_filia_464965_3458647982,http://creativecommons.org/licenses/by/4.0/
657353,3458647982,Sarcophagidae_Sarcophaga_filia_464966_3458647982,http://creativecommons.org/licenses/by/4.0/
657522,3458681162,Sarcophagidae_Sarcophaga_tricolor_2533674_3458681162,http://creativecommons.org/licenses/by/4.0/
657523,3458681162,Sarcophagidae_Sarcophaga_tricolor_2533675_3458681162,http://creativecommons.org/licenses/by/4.0/
657524,3458681162,Sarcophagidae_Sarcophaga_tricolor_2533676_3458681162,http://creativecommons.org/licenses/by/4.0/
657937,3772652517,Sarcophagidae_Wohlfahrtia_bella_3308519_3772652517,http://creativecommons.org/licenses/by-nc/4.0/
658495,2814040339,Sarcophagidae_Macronychia_polyodon_894591_2814040339,http://creativecommons.org/licenses/by-nc/4.0/
658496,2814040339,Sarcophagidae_Macronychia_polyodon_894592_2814040339,http://creativecommons.org/licenses/by-nc/4.0/
658497,2814040339,Sarcophagidae_Macronychia_polyodon_894593_2814040339,http://creativecommons.org/licenses/by-nc/4.0/
658498,2814040339,Sarcophagidae_Macronychia_polyodon_894594_2814040339,http://creativecommons.org/licenses/by-nc/4.0/
659155,4011656454,Sarcophagidae_Sphenometopa_fastuosa_2745669_4011656454,http://creativecommons.org/licenses/by-nc/4.0/
659446,2397505786,Sarcophagidae_Sarcophaga_vagans_150905_2397505786,http://creativecommons.org/licenses/by-nc/4.0/
659447,2397505786,Sarcophagidae_Sarcophaga_vagans_150906_2397505786,http://creativecommons.org/licenses/by-nc/4.0/
659448,2397505786,Sarcophagidae_Sarcophaga_vagans_150907_2397505786,http://creativecommons.org/licenses/by-nc/4.0/
660763,3825253859,Sarcophagidae_Nyctia_halterata_1943732_3825253859,http://creativecommons.org/licenses/by-nc-nd/4.0/
661811,1955158282,Sarcophagidae_Miltogramma_punctata_1471374_1955158282,http://creativecommons.org/licenses/by-nc-nd/4.0/
665501,4015205591,Sarcophagidae_Senotainia_albifrons_2747782_4015205591,http://creativecommons.org/licenses/by-nc/4.0/
675819,2840625566,Sarcophagidae_Miltogramma_germari_224277_2840625566,http://creativecommons.org/licenses/by-nc/4.0/
677074,1464695555,Sarcophagidae_Sarcophaga_carnaria_2118759_1464695555,© all rights reserved
677115,3772473256,Sarcophagidae_Wohlfahrtia_bella_549869_3772473256,http://creativecommons.org/licenses/by-nc/4.0/
678518,2248849475,Sarcophagidae_Miltogramma_punctata_2897035_2248849475,No Rights Reserved
679022,1837503391,Sarcophagidae_Brachicoma_devia_1451449_1837503391,© all rights reserved
679023,1837503391,Sarcophagidae_Brachicoma_devia_1451450_1837503391,© all rights reserved
679185,3767047816,Sarcophagidae_Sarcophaga_carnaria_1238132_3767047816,© all rights reserved
679186,3767047816,Sarcophagidae_Sarcophaga_carnaria_1238133_3767047816,© all rights reserved
679187,3767047816,Sarcophagidae_Sarcophaga_carnaria_1238134_3767047816,© all rights reserved
679188,3767047816,Sarcophagidae_Sarcophaga_carnaria_1238135_3767047816,© all rights reserved
679189,3767047816,Sarcophagidae_Sarcophaga_carnaria_1238136_3767047816,© all rights reserved
679252,1460434256,Sarcophagidae_Sarcophaga_variegata_740319_1460434256,© all rights reserved
680638,3988596496,Sarcophagidae_Sarcophaga_tibialis_3419827_3988596496,http://creativecommons.org/licenses/by-nc/4.0/
680639,3988596496,Sarcophagidae_Sarcophaga_tibialis_3419828_3988596496,http://creativecommons.org/licenses/by-nc/4.0/
680640,3988596496,Sarcophagidae_Sarcophaga_tibialis_3419829_3988596496,http://creativecommons.org/licenses/by-nc/4.0/
680641,3988596496,Sarcophagidae_Sarcophaga_tibialis_3419830_3988596496,http://creativecommons.org/licenses/by-nc/4.0/
680642,3988596496,Sarcophagidae_Sarcophaga_tibialis_3419831_3988596496,http://creativecommons.org/licenses/by-nc/4.0/
680643,3988596496,Sarcophagidae_Sarcophaga_tibialis_3419832_3988596496,http://creativecommons.org/licenses/by-nc/4.0/
680644,3988596496,Sarcophagidae_Sarcophaga_tibialis_3419833_3988596496,http://creativecommons.org/licenses/by-nc/4.0/
680645,3988596496,Sarcophagidae_Sarcophaga_tibialis_3419834_3988596496,http://creativecommons.org/licenses/by-nc/4.0/
680646,3988596496,Sarcophagidae_Sarcophaga_tibialis_3419835_3988596496,http://creativecommons.org/licenses/by-nc/4.0/
681817,3327194454,Sarcophagidae_Sarcophaga_carnaria_3057753_3327194454,© All rights reserved
682024,3845897592,Sarcophagidae_Macronychia_polyodon_3330247_3845897592,© All rights reserved
682025,3845897592,Sarcophagidae_Macronychia_polyodon_3330248_3845897592,© All rights reserved
682026,3845897592,Sarcophagidae_Macronychia_polyodon_3330249_3845897592,© All rights reserved
682027,3845897592,Sarcophagidae_Macronychia_polyodon_3330250_3845897592,© All rights reserved
682051,3335627578,Sarcophagidae_Sarcophaga_carnaria_308158_3335627578,© All rights reserved
682052,3335627578,Sarcophagidae_Sarcophaga_carnaria_308159_3335627578,© All rights reserved
682053,3335627578,Sarcophagidae_Sarcophaga_carnaria_308160_3335627578,© All rights reserved
682247,2412132001,Sarcophagidae_Sarcophaga_carnaria_2222740_2412132001,http://creativecommons.org/licenses/by-nc-sa/4.0/
682512,1320757882,Sarcophagidae_Sarcophaga_subvicina_719378_1320757882,http://creativecommons.org/publicdomain/zero/1.0/
682513,1320757882,Sarcophagidae_Sarcophaga_subvicina_719379_1320757882,http://creativecommons.org/publicdomain/zero/1.0/
682514,1320757882,Sarcophagidae_Sarcophaga_subvicina_719380_1320757882,http://creativecommons.org/publicdomain/zero/1.0/
682515,1320757882,Sarcophagidae_Sarcophaga_subvicina_719381_1320757882,http://creativecommons.org/publicdomain/zero/1.0/
682516,1320757882,Sarcophagidae_Sarcophaga_subvicina_719382_1320757882,http://creativecommons.org/publicdomain/zero/1.0/
690817,3014084442,Sarcophagidae_Sarcophaga_incisilobata_262753_3014084442,http://creativecommons.org/licenses/by-nc/4.0/
690818,3014084442,Sarcophagidae_Sarcophaga_incisilobata_262754_3014084442,http://creativecommons.org/licenses/by-nc/4.0/
690819,3014084442,Sarcophagidae_Sarcophaga_incisilobata_262755_3014084442,http://creativecommons.org/licenses/by-nc/4.0/
690820,3014084442,Sarcophagidae_Sarcophaga_incisilobata_262756_3014084442,http://creativecommons.org/licenses/by-nc/4.0/
690821,3014084442,Sarcophagidae_Sarcophaga_incisilobata_262757_3014084442,http://creativecommons.org/licenses/by-nc/4.0/
690822,3014084442,Sarcophagidae_Sarcophaga_incisilobata_262758_3014084442,http://creativecommons.org/licenses/by-nc/4.0/
690823,3014084442,Sarcophagidae_Sarcophaga_incisilobata_262759_3014084442,http://creativecommons.org/licenses/by-nc/4.0/
690824,3014084442,Sarcophagidae_Sarcophaga_incisilobata_262760_3014084442,http://creativecommons.org/licenses/by-nc/4.0/
690825,3014084442,Sarcophagidae_Sarcophaga_incisilobata_262761_3014084442,http://creativecommons.org/licenses/by-nc/4.0/
690826,3014084442,Sarcophagidae_Sarcophaga_incisilobata_262762_3014084442,http://creativecommons.org/licenses/by-nc/4.0/
690827,3014084442,Sarcophagidae_Sarcophaga_incisilobata_262763_3014084442,http://creativecommons.org/licenses/by-nc/4.0/
690828,3014084442,Sarcophagidae_Sarcophaga_incisilobata_262764_3014084442,http://creativecommons.org/licenses/by-nc/4.0/
690829,3014084442,Sarcophagidae_Sarcophaga_incisilobata_262765_3014084442,http://creativecommons.org/licenses/by-nc/4.0/
690830,3014084442,Sarcophagidae_Sarcophaga_incisilobata_262766_3014084442,http://creativecommons.org/licenses/by-nc/4.0/
690831,3014084442,Sarcophagidae_Sarcophaga_incisilobata_262767_3014084442,http://creativecommons.org/licenses/by-nc/4.0/
690832,3014084442,Sarcophagidae_Sarcophaga_incisilobata_262768_3014084442,http://creativecommons.org/licenses/by-nc/4.0/
690833,3014084442,Sarcophagidae_Sarcophaga_incisilobata_262769_3014084442,http://creativecommons.org/licenses/by-nc/4.0/
690834,3014084442,Sarcophagidae_Sarcophaga_incisilobata_262770_3014084442,http://creativecommons.org/licenses/by-nc/4.0/
690835,3014084442,Sarcophagidae_Sarcophaga_incisilobata_262771_3014084442,http://creativecommons.org/licenses/by-nc/4.0/
690836,3014084442,Sarcophagidae_Sarcophaga_incisilobata_262772_3014084442,http://creativecommons.org/licenses/by-nc/4.0/
691351,2596046713,Sarcophagidae_Sarcophaga_carnaria_2942566_2596046713,http://creativecommons.org/licenses/by-nc-sa/4.0/
693477,1973645126,Sarcophagidae_Blaesoxipha_plumicornis_2187842_1973645126,http://creativecommons.org/licenses/by-nc-nd/4.0/
693478,1973645126,Sarcophagidae_Blaesoxipha_plumicornis_2187843_1973645126,http://creativecommons.org/licenses/by-nc-nd/4.0/
694274,1057100513,Sarcophagidae_Sarcophaga_gabrielei_696098_1057100513,http://creativecommons.org/licenses/by/4.0/
696551,3902356246,Sarcophagidae_Miltogramma_aurifrons_1985151_3902356246,http://creativecommons.org/licenses/by-nc/4.0/
697062,3018083305,Sarcophagidae_Sarcophaga_incisilobata_263948_3018083305,http://creativecommons.org/licenses/by-nc-sa/4.0/
698405,3451454395,Sarcophagidae_Metopia_campestris_1144522_3451454395,© All rights reserved
698406,3451454395,Sarcophagidae_Metopia_campestris_1144523_3451454395,© All rights reserved
698407,3451454395,Sarcophagidae_Metopia_campestris_1144524_3451454395,© All rights reserved
698431,2409347976,Sarcophagidae_Sarcophaga_carnaria_2222088_2409347976,© All rights reserved
698722,3327202426,Sarcophagidae_Sarcophaga_variegata_2367458_3327202426,© All rights reserved
698802,3327168455,Sarcophagidae_Sarcophaga_carnaria_989157_3327168455,© All rights reserved
698925,1839327773,Sarcophagidae_Sarcophaga_vagans_2830986_1839327773,http://creativecommons.org/licenses/by/4.0/
701861,3823511011,Sarcophagidae_Taxigramma_elegantula_561851_3823511011,http://creativecommons.org/licenses/by-nc/4.0/
703223,3330746476,Sarcophagidae_Wohlfahrtia_bella_302935_3330746476,http://creativecommons.org/licenses/by-nc/4.0/
703470,3335351430,Sarcophagidae_Sarcophaga_carnaria_997270_3335351430,http://creativecommons.org/licenses/by-nc/4.0/
703471,3335351430,Sarcophagidae_Sarcophaga_carnaria_997271_3335351430,http://creativecommons.org/licenses/by-nc/4.0/
703472,3335351430,Sarcophagidae_Sarcophaga_carnaria_997272_3335351430,http://creativecommons.org/licenses/by-nc/4.0/
703473,3335351430,Sarcophagidae_Sarcophaga_carnaria_997273_3335351430,http://creativecommons.org/licenses/by-nc/4.0/
703474,3335351430,Sarcophagidae_Sarcophaga_carnaria_997274_3335351430,http://creativecommons.org/licenses/by-nc/4.0/
703475,3335351430,Sarcophagidae_Sarcophaga_carnaria_997275_3335351430,http://creativecommons.org/licenses/by-nc/4.0/
703476,3335351430,Sarcophagidae_Sarcophaga_carnaria_997276_3335351430,http://creativecommons.org/licenses/by-nc/4.0/
705351,3712526306,Sarcophagidae_Wohlfahrtia_vigil_474613_3712526306,http://creativecommons.org/licenses/by-nc/4.0/
705352,3712526306,Sarcophagidae_Wohlfahrtia_vigil_474614_3712526306,http://creativecommons.org/licenses/by-nc/4.0/
710328,3455339517,Sarcophagidae_Macronychia_polyodon_1835750_3455339517,http://creativecommons.org/licenses/by-nc/4.0/
710329,3455339517,Sarcophagidae_Macronychia_polyodon_1835751_3455339517,http://creativecommons.org/licenses/by-nc/4.0/
710330,3455339517,Sarcophagidae_Macronychia_polyodon_1835752_3455339517,http://creativecommons.org/licenses/by-nc/4.0/
710331,3455339517,Sarcophagidae_Macronychia_polyodon_1835753_3455339517,http://creativecommons.org/licenses/by-nc/4.0/
710332,3455339517,Sarcophagidae_Macronychia_polyodon_1835754_3455339517,http://creativecommons.org/licenses/by-nc/4.0/
710333,3455339517,Sarcophagidae_Macronychia_polyodon_1835755_3455339517,http://creativecommons.org/licenses/by-nc/4.0/
710334,3455339517,Sarcophagidae_Macronychia_polyodon_1835756_3455339517,http://creativecommons.org/licenses/by-nc/4.0/
710335,3455339517,Sarcophagidae_Macronychia_polyodon_1835757_3455339517,http://creativecommons.org/licenses/by-nc/4.0/
710336,3455339517,Sarcophagidae_Macronychia_polyodon_1835758_3455339517,http://creativecommons.org/licenses/by-nc/4.0/
710337,3455339517,Sarcophagidae_Macronychia_polyodon_1835759_3455339517,http://creativecommons.org/licenses/by-nc/4.0/
710338,3455339517,Sarcophagidae_Macronychia_polyodon_1835760_3455339517,http://creativecommons.org/licenses/by-nc/4.0/
710339,3455339517,Sarcophagidae_Macronychia_polyodon_1835761_3455339517,http://creativecommons.org/licenses/by-nc/4.0/
710340,3455339517,Sarcophagidae_Macronychia_polyodon_1835762_3455339517,http://creativecommons.org/licenses/by-nc/4.0/
710341,3455339517,Sarcophagidae_Macronychia_polyodon_1835763_3455339517,http://creativecommons.org/licenses/by-nc/4.0/
710715,3335148434,Sarcophagidae_Sarcophaga_melanura_3065194_3335148434,http://creativecommons.org/licenses/by-nc/4.0/
710716,3335148434,Sarcophagidae_Sarcophaga_melanura_3065195_3335148434,http://creativecommons.org/licenses/by-nc/4.0/
710717,3335148434,Sarcophagidae_Sarcophaga_melanura_3065196_3335148434,http://creativecommons.org/licenses/by-nc/4.0/
710718,3335148434,Sarcophagidae_Sarcophaga_melanura_3065197_3335148434,http://creativecommons.org/licenses/by-nc/4.0/
710719,3335148434,Sarcophagidae_Sarcophaga_melanura_3065198_3335148434,http://creativecommons.org/licenses/by-nc/4.0/
710720,3335148434,Sarcophagidae_Sarcophaga_melanura_3065199_3335148434,http://creativecommons.org/licenses/by-nc/4.0/
710721,3335148434,Sarcophagidae_Sarcophaga_melanura_3065200_3335148434,http://creativecommons.org/licenses/by-nc/4.0/
710722,3335148434,Sarcophagidae_Sarcophaga_melanura_3065201_3335148434,http://creativecommons.org/licenses/by-nc/4.0/
710723,3335148434,Sarcophagidae_Sarcophaga_melanura_3065202_3335148434,http://creativecommons.org/licenses/by-nc/4.0/
710724,3335148434,Sarcophagidae_Sarcophaga_melanura_3065203_3335148434,http://creativecommons.org/licenses/by-nc/4.0/
710725,3335148434,Sarcophagidae_Sarcophaga_melanura_3065204_3335148434,http://creativecommons.org/licenses/by-nc/4.0/
710726,3335148434,Sarcophagidae_Sarcophaga_melanura_3065205_3335148434,http://creativecommons.org/licenses/by-nc/4.0/
710727,3335148434,Sarcophagidae_Sarcophaga_melanura_3065206_3335148434,http://creativecommons.org/licenses/by-nc/4.0/
710728,3335148434,Sarcophagidae_Sarcophaga_melanura_3065207_3335148434,http://creativecommons.org/licenses/by-nc/4.0/
711154,3337639767,Sarcophagidae_Nyctia_halterata_1688143_3337639767,http://creativecommons.org/licenses/by/4.0/
711155,3337639767,Sarcophagidae_Nyctia_halterata_1688144_3337639767,http://creativecommons.org/licenses/by/4.0/
711653,3383869504,Sarcophagidae_Amobia_signata_1008469_3383869504,http://creativecommons.org/licenses/by-nc/4.0/
711654,3383869504,Sarcophagidae_Amobia_signata_1008470_3383869504,http://creativecommons.org/licenses/by-nc/4.0/
711655,3383869504,Sarcophagidae_Amobia_signata_1008471_3383869504,http://creativecommons.org/licenses/by-nc/4.0/
711656,3383869504,Sarcophagidae_Amobia_signata_1008472_3383869504,http://creativecommons.org/licenses/by-nc/4.0/
711657,3383869504,Sarcophagidae_Amobia_signata_1008473_3383869504,http://creativecommons.org/licenses/by-nc/4.0/
711658,3383869504,Sarcophagidae_Amobia_signata_1008474_3383869504,http://creativecommons.org/licenses/by-nc/4.0/
712914,1670201102,Sarcophagidae_Sarcophaga_carnaria_53122_1670201102,© all rights reserved
712915,1670201102,Sarcophagidae_Sarcophaga_carnaria_53123_1670201102,© all rights reserved
713005,2271061384,Sarcophagidae_Sarcophaga_depressifrons_144688_2271061384,© all rights reserved
713006,2271061384,Sarcophagidae_Sarcophaga_depressifrons_144689_2271061384,© all rights reserved
713028,1428909713,Sarcophagidae_Sarcophaga_variegata_2802485_1428909713,© all rights reserved
713731,3327105425,Sarcophagidae_Sarcophaga_carnaria_3057693_3327105425,http://creativecommons.org/licenses/by/4.0/
713903,2994079463,Sarcophagidae_Miltogramma_germari_2327342_2994079463,© all rights reserved
714369,1933514381,Sarcophagidae_Taxigramma_hilarella_85384_1933514381,
718414,2838152922,Sarcophagidae_Nyctia_halterata_2289413_2838152922,http://creativecommons.org/licenses/by-nc-nd/4.0/
721333,3715385690,Sarcophagidae_Miltogramma_germari_3234016_3715385690,http://creativecommons.org/licenses/by-nc-nd/4.0/
726688,1969789622,Sarcophagidae_Miltogramma_germari_2181964_1969789622,http://creativecommons.org/licenses/by-nc-nd/4.0/
733495,1957771866,Sarcophagidae_Blaesoxipha_plumicornis_96472_1957771866,http://creativecommons.org/licenses/by-nc-nd/4.0/
733496,1957771866,Sarcophagidae_Blaesoxipha_plumicornis_96473_1957771866,http://creativecommons.org/licenses/by-nc-nd/4.0/
735519,3037139382,Sarcophagidae_Sarcophaga_carnaria_2335902_3037139382,© All rights reserved
735602,3451469502,Sarcophagidae_Sarcophaga_carnaria_1834005_3451469502,© All rights reserved
736068,3898983501,Sarcophagidae_Sarcophaga_carnaria_2671743_3898983501,© All rights reserved
736069,3898983501,Sarcophagidae_Sarcophaga_carnaria_2671744_3898983501,© All rights reserved
738350,4009733799,Sarcophagidae_Miltogramma_aurifrons_675961_4009733799,http://creativecommons.org/licenses/by-nc/4.0/
738610,3455614801,Sarcophagidae_Miltogramma_germari_3216574_3455614801,http://creativecommons.org/licenses/by-nc/4.0/
741721,1976408151,Sarcophagidae_Miltogramma_germari_123060_1976408151,http://creativecommons.org/licenses/by-nc-nd/4.0/
741722,1976408151,Sarcophagidae_Miltogramma_germari_123061_1976408151,http://creativecommons.org/licenses/by-nc-nd/4.0/
742525,1970438146,Sarcophagidae_Nyctia_halterata_114997_1970438146,http://creativecommons.org/licenses/by-nc-sa/4.0/
747073,3431514876,Sarcophagidae_Sarcophaga_carnaria_2404903_3431514876,© all rights reserved
747428,3712668381,Sarcophagidae_Wohlfahrtia_vigil_474975_3712668381,http://creativecommons.org/licenses/by-nc/4.0/
747946,1318472825,Sarcophagidae_Wohlfahrtia_magnifica_719037_1318472825,Usage Conditions Apply
748650,3303527916,Sarcophagidae_Sarcophaga_carnaria_1669982_3303527916,http://creativecommons.org/licenses/by/4.0/
748784,3858986403,Sarcophagidae_Wohlfahrtia_bella_1268036_3858986403,http://creativecommons.org/licenses/by-nc/4.0/
751382,3923551599,Sarcophagidae_Nyctia_halterata_646282_3923551599,http://creativecommons.org/licenses/by-nc/4.0/
752708,3873680589,Sarcophagidae_Sarcophaga_carnaria_592005_3873680589,http://creativecommons.org/licenses/by/4.0/
752709,3873680589,Sarcophagidae_Sarcophaga_carnaria_592006_3873680589,http://creativecommons.org/licenses/by/4.0/
756430,3905260825,Sarcophagidae_Sarcophaga_sinuata_3380148_3905260825,http://creativecommons.org/licenses/by-nc-nd/4.0/
756431,3905260825,Sarcophagidae_Sarcophaga_sinuata_3380149_3905260825,http://creativecommons.org/licenses/by-nc-nd/4.0/
756432,3905260825,Sarcophagidae_Sarcophaga_sinuata_3380150_3905260825,http://creativecommons.org/licenses/by-nc-nd/4.0/
756433,3905260825,Sarcophagidae_Sarcophaga_sinuata_3380151_3905260825,http://creativecommons.org/licenses/by-nc-nd/4.0/
756434,3905260825,Sarcophagidae_Sarcophaga_sinuata_3380152_3905260825,http://creativecommons.org/licenses/by-nc-nd/4.0/
763029,3014050447,Sarcophagidae_Sarcophaga_haemorrhoa_2330711_3014050447,http://creativecommons.org/licenses/by-nc/4.0/
763030,3014050447,Sarcophagidae_Sarcophaga_haemorrhoa_2330712_3014050447,http://creativecommons.org/licenses/by-nc/4.0/
763031,3014050447,Sarcophagidae_Sarcophaga_haemorrhoa_2330713_3014050447,http://creativecommons.org/licenses/by-nc/4.0/
763032,3014050447,Sarcophagidae_Sarcophaga_haemorrhoa_2330714_3014050447,http://creativecommons.org/licenses/by-nc/4.0/
763033,3014050447,Sarcophagidae_Sarcophaga_haemorrhoa_2330715_3014050447,http://creativecommons.org/licenses/by-nc/4.0/
763034,3014050447,Sarcophagidae_Sarcophaga_haemorrhoa_2330716_3014050447,http://creativecommons.org/licenses/by-nc/4.0/
763035,3014050447,Sarcophagidae_Sarcophaga_haemorrhoa_2330717_3014050447,http://creativecommons.org/licenses/by-nc/4.0/
763036,3014050447,Sarcophagidae_Sarcophaga_haemorrhoa_2330718_3014050447,http://creativecommons.org/licenses/by-nc/4.0/
763037,3014050447,Sarcophagidae_Sarcophaga_haemorrhoa_2330719_3014050447,http://creativecommons.org/licenses/by-nc/4.0/
763844,3050027505,Sarcophagidae_Taxigramma_elegantula_1649205_3050027505,© all rights reserved
763886,1123735839,Sarcophagidae_Sarcophaga_carnaria_2765651_1123735839,© all rights reserved
764081,3880042774,Sarcophagidae_Sarcophaga_carnaria_594896_3880042774,© all rights reserved
764082,3880042774,Sarcophagidae_Sarcophaga_carnaria_594897_3880042774,© all rights reserved
764407,3432495494,Sarcophagidae_Sarcophaga_carnaria_337570_3432495494,© all rights reserved
764581,3880018379,Sarcophagidae_Sarcophaga_carnaria_3353371_3880018379,© all rights reserved
771899,1969037629,Sarcophagidae_Miltogramma_germari_802523_1969037629,http://creativecommons.org/licenses/by-nc-nd/4.0/
772809,1977014252,Sarcophagidae_Nyctia_halterata_815237_1977014252,http://creativecommons.org/licenses/by-nc-nd/4.0/
773513,1900999191,Sarcophagidae_Sarcophaga_carnaria_1462740_1900999191,© All rights reserved
773970,2408625574,Sarcophagidae_Ravinia_pernix_154031_2408625574,http://creativecommons.org/licenses/by/4.0/
773971,2408625574,Sarcophagidae_Ravinia_pernix_154032_2408625574,http://creativecommons.org/licenses/by/4.0/
774546,2247943077,Sarcophagidae_Sarcophaga_carnaria_828069_2247943077,© All rights reserved
774565,3807692514,Sarcophagidae_Sarcophaga_carnaria_1936338_3807692514,© All rights reserved
774716,3320422430,Sarcophagidae_Sarcophaga_variegata_3053919_3320422430,http://creativecommons.org/licenses/by/4.0/
774717,3320422430,Sarcophagidae_Sarcophaga_variegata_3053920_3320422430,http://creativecommons.org/licenses/by/4.0/
774741,2006141130,Sarcophagidae_Sarcophaga_carnaria_133246_2006141130,© All rights reserved
775900,1961988936,Sarcophagidae_Miltogramma_punctata_2171100_1961988936,http://creativecommons.org/licenses/by-nc-nd/4.0/
776317,1976354592,Sarcophagidae_Miltogramma_germari_2881396_1976354592,http://creativecommons.org/licenses/by-nc-nd/4.0/
785620,3825403768,Sarcophagidae_Miltogramma_germari_2633766_3825403768,http://creativecommons.org/licenses/by-nc-nd/4.0/
793121,2836595762,Sarcophagidae_Miltogramma_germari_1596839_2836595762,http://creativecommons.org/licenses/by-nc/4.0/
795428,1965462697,Sarcophagidae_Nyctia_halterata_106675_1965462697,http://creativecommons.org/licenses/by-nc-nd/4.0/
795429,1965462697,Sarcophagidae_Nyctia_halterata_106676_1965462697,http://creativecommons.org/licenses/by-nc-nd/4.0/
804926,3718334491,Sarcophagidae_Nyctia_halterata_1865447_3718334491,http://creativecommons.org/licenses/by-nc-nd/4.0/
804927,3718334491,Sarcophagidae_Nyctia_halterata_1865448_3718334491,http://creativecommons.org/licenses/by-nc-nd/4.0/
804928,3718334491,Sarcophagidae_Nyctia_halterata_1865449_3718334491,http://creativecommons.org/licenses/by-nc-nd/4.0/
809873,2252374994,Sarcophagidae_Sarcophaga_carnaria_2211787_2252374994,© All rights reserved
810244,3451459376,Sarcophagidae_Sarcophaga_subvicina_455134_3451459376,© All rights reserved
810245,3451459376,Sarcophagidae_Sarcophaga_subvicina_455135_3451459376,© All rights reserved
812548,1952634492,Sarcophagidae_Miltogramma_germari_1467812_1952634492,http://creativecommons.org/licenses/by-nc-nd/4.0/
812549,1952634492,Sarcophagidae_Miltogramma_germari_1467813_1952634492,http://creativecommons.org/licenses/by-nc-nd/4.0/
812550,1952634492,Sarcophagidae_Miltogramma_germari_1467814_1952634492,http://creativecommons.org/licenses/by-nc-nd/4.0/
812551,1952634492,Sarcophagidae_Miltogramma_germari_1467815_1952634492,http://creativecommons.org/licenses/by-nc-nd/4.0/
812552,1952634492,Sarcophagidae_Miltogramma_germari_1467816_1952634492,http://creativecommons.org/licenses/by-nc-nd/4.0/
826792,1976460067,Sarcophagidae_Nyctia_halterata_2881567_1976460067,http://creativecommons.org/licenses/by-nc-nd/4.0/
828488,2836910001,Sarcophagidae_Oebalia_minuta_2976980_2836910001,http://creativecommons.org/licenses/by-nc-nd/4.0/
828489,2836910001,Sarcophagidae_Oebalia_minuta_2976981_2836910001,http://creativecommons.org/licenses/by-nc-nd/4.0/
832749,1959584461,Sarcophagidae_Miltogramma_germari_99353_1959584461,http://creativecommons.org/licenses/by-nc-nd/4.0/
832750,1959584461,Sarcophagidae_Miltogramma_germari_99354_1959584461,http://creativecommons.org/licenses/by-nc-nd/4.0/
832751,1959584461,Sarcophagidae_Miltogramma_germari_99355_1959584461,http://creativecommons.org/licenses/by-nc-nd/4.0/
832752,1959584461,Sarcophagidae_Miltogramma_germari_99356_1959584461,http://creativecommons.org/licenses/by-nc-nd/4.0/
832753,1959584461,Sarcophagidae_Miltogramma_germari_99357_1959584461,http://creativecommons.org/licenses/by-nc-nd/4.0/
840486,1974961117,Sarcophagidae_Oebalia_minuta_1500571_1974961117,http://creativecommons.org/licenses/by-nc-nd/4.0/
840487,1974961117,Sarcophagidae_Oebalia_minuta_1500572_1974961117,http://creativecommons.org/licenses/by-nc-nd/4.0/
840488,1974961117,Sarcophagidae_Oebalia_minuta_1500573_1974961117,http://creativecommons.org/licenses/by-nc-nd/4.0/
840489,1974961117,Sarcophagidae_Oebalia_minuta_1500574_1974961117,http://creativecommons.org/licenses/by-nc-nd/4.0/
840490,1974961117,Sarcophagidae_Oebalia_minuta_1500575_1974961117,http://creativecommons.org/licenses/by-nc-nd/4.0/
851306,1973090326,Sarcophagidae_Miltogramma_germari_2877221_1973090326,http://creativecommons.org/licenses/by-nc-nd/4.0/
851307,1973090326,Sarcophagidae_Miltogramma_germari_2877222_1973090326,http://creativecommons.org/licenses/by-nc-nd/4.0/
857242,1952524962,Sarcophagidae_Senotainia_conica_1467582_1952524962,http://creativecommons.org/licenses/by-nc-nd/4.0/
857243,1952524962,Sarcophagidae_Senotainia_conica_1467583_1952524962,http://creativecommons.org/licenses/by-nc-nd/4.0/
857244,1952524962,Sarcophagidae_Senotainia_conica_1467584_1952524962,http://creativecommons.org/licenses/by-nc-nd/4.0/
857245,1952524962,Sarcophagidae_Senotainia_conica_1467585_1952524962,http://creativecommons.org/licenses/by-nc-nd/4.0/
857246,1952524962,Sarcophagidae_Senotainia_conica_1467586_1952524962,http://creativecommons.org/licenses/by-nc-nd/4.0/
857700,1959196266,Sarcophagidae_Miltogramma_germari_1477762_1959196266,http://creativecommons.org/licenses/by-nc-nd/4.0/
857701,1959196266,Sarcophagidae_Miltogramma_germari_1477763_1959196266,http://creativecommons.org/licenses/by-nc-nd/4.0/
858772,2840087486,Sarcophagidae_Miltogramma_germari_913894_2840087486,http://creativecommons.org/licenses/by-nc-nd/4.0/
860773,3730122413,Sarcophagidae_Nyctia_halterata_3284341_3730122413,http://creativecommons.org/licenses/by-nc-nd/4.0/
867446,1976982550,Sarcophagidae_Nyctia_halterata_124517_1976982550,http://creativecommons.org/licenses/by-nc-nd/4.0/
867447,1976982550,Sarcophagidae_Nyctia_halterata_124518_1976982550,http://creativecommons.org/licenses/by-nc-nd/4.0/
886818,3807887538,Sarcophagidae_Sarcophaga_carnaria_3316356_3807887538,© All rights reserved
887086,3807829309,Sarcophagidae_Sarcophaga_carnaria_1247290_3807829309,http://creativecommons.org/licenses/by-nc-sa/4.0/
887323,3807881422,Sarcophagidae_Sarcophaga_carnaria_558355_3807881422,© All rights reserved
890005,3825108578,Sarcophagidae_Nyctia_halterata_3323665_3825108578,http://creativecommons.org/licenses/by-nc-nd/4.0/
897495,1952690183,Sarcophagidae_Miltogramma_punctata_779300_1952690183,http://creativecommons.org/licenses/by-nc-nd/4.0/
897496,1952690183,Sarcophagidae_Miltogramma_punctata_779301_1952690183,http://creativecommons.org/licenses/by-nc-nd/4.0/
897497,1952690183,Sarcophagidae_Miltogramma_punctata_779302_1952690183,http://creativecommons.org/licenses/by-nc-nd/4.0/
897498,1952690183,Sarcophagidae_Miltogramma_punctata_779303_1952690183,http://creativecommons.org/licenses/by-nc-nd/4.0/
897499,1952690183,Sarcophagidae_Miltogramma_punctata_779304_1952690183,http://creativecommons.org/licenses/by-nc-nd/4.0/
902140,3721767783,Sarcophagidae_Nyctia_halterata_499071_3721767783,http://creativecommons.org/licenses/by-nc-nd/4.0/
905640,1957938629,Sarcophagidae_Nyctia_halterata_1476139_1957938629,http://creativecommons.org/licenses/by-nc-nd/4.0/
909778,3822496083,Sarcophagidae_Phrosinella_nasuta_559162_3822496083,http://creativecommons.org/licenses/by-nc-nd/4.0/
909779,3822496083,Sarcophagidae_Phrosinella_nasuta_559163_3822496083,http://creativecommons.org/licenses/by-nc-nd/4.0/
912912,3451483480,Sarcophagidae_Sarcophaga_carnaria_2523155_3451483480,© All rights reserved
912913,3451483480,Sarcophagidae_Sarcophaga_carnaria_2523156_3451483480,© All rights reserved
912982,3303516473,Sarcophagidae_Sarcophaga_carnaria_2360046_3303516473,http://creativecommons.org/licenses/by/4.0/
913065,2405942529,Sarcophagidae_Sarcophaga_carnaria_1532285_2405942529,© All rights reserved
913570,2336398179,Sarcophagidae_Sarcophaga_carnaria_2217195_2336398179,© All rights reserved
915041,1967975009,Sarcophagidae_Nyctia_halterata_110710_1967975009,http://creativecommons.org/licenses/by-nc-nd/4.0/
915042,1967975009,Sarcophagidae_Nyctia_halterata_110711_1967975009,http://creativecommons.org/licenses/by-nc-nd/4.0/
916088,1953285523,Sarcophagidae_Oebalia_minuta_1469155_1953285523,http://creativecommons.org/licenses/by-nc-nd/4.0/
916089,1953285523,Sarcophagidae_Oebalia_minuta_1469156_1953285523,http://creativecommons.org/licenses/by-nc-nd/4.0/
917427,3822507921,Sarcophagidae_Nyctia_halterata_3317202_3822507921,http://creativecommons.org/licenses/by-nc-nd/4.0/
921355,1957655419,Sarcophagidae_Miltogramma_germari_96198_1957655419,http://creativecommons.org/licenses/by-nc-nd/4.0/
921356,1957655419,Sarcophagidae_Miltogramma_germari_96199_1957655419,http://creativecommons.org/licenses/by-nc-nd/4.0/
938571,3825520278,Sarcophagidae_Nyctia_halterata_3324908_3825520278,http://creativecommons.org/licenses/by-nc-nd/4.0/
946891,1969912910,Sarcophagidae_Miltogramma_germari_804608_1969912910,http://creativecommons.org/licenses/by-nc-nd/4.0/
946892,1969912910,Sarcophagidae_Miltogramma_germari_804609_1969912910,http://creativecommons.org/licenses/by-nc-nd/4.0/
949176,1972949253,Sarcophagidae_Miltogramma_germari_118208_1972949253,http://creativecommons.org/licenses/by-nc-nd/4.0/
954566,1969390038,Sarcophagidae_Miltogramma_germari_1491716_1969390038,http://creativecommons.org/licenses/by-nc-nd/4.0/
954567,1969390038,Sarcophagidae_Miltogramma_germari_1491717_1969390038,http://creativecommons.org/licenses/by-nc-nd/4.0/
954568,1969390038,Sarcophagidae_Miltogramma_germari_1491718_1969390038,http://creativecommons.org/licenses/by-nc-nd/4.0/
960495,1969573136,Sarcophagidae_Miltogramma_germari_2871606_1969573136,http://creativecommons.org/licenses/by-nc/4.0/
960496,1969573136,Sarcophagidae_Miltogramma_germari_2871607_1969573136,http://creativecommons.org/licenses/by-nc/4.0/
960497,1969573136,Sarcophagidae_Miltogramma_germari_2871608_1969573136,http://creativecommons.org/licenses/by-nc/4.0/
960498,1969573136,Sarcophagidae_Miltogramma_germari_2871609_1969573136,http://creativecommons.org/licenses/by-nc/4.0/
960499,1969573136,Sarcophagidae_Miltogramma_germari_2871610_1969573136,http://creativecommons.org/licenses/by-nc/4.0/
960500,1969573136,Sarcophagidae_Miltogramma_germari_2871611_1969573136,http://creativecommons.org/licenses/by-nc/4.0/
964366,1969391602,Sarcophagidae_Macronychia_polyodon_112570_1969391602,http://creativecommons.org/licenses/by-nc-nd/4.0/
964367,1969391602,Sarcophagidae_Macronychia_polyodon_112571_1969391602,http://creativecommons.org/licenses/by-nc-nd/4.0/
965041,3724276684,Sarcophagidae_Sarcophaga_vagans_508508_3724276684,http://creativecommons.org/licenses/by-nc-nd/4.0/
965042,3724276684,Sarcophagidae_Sarcophaga_vagans_508509_3724276684,http://creativecommons.org/licenses/by-nc-nd/4.0/
965043,3724276684,Sarcophagidae_Sarcophaga_vagans_508510_3724276684,http://creativecommons.org/licenses/by-nc-nd/4.0/
965044,3724276684,Sarcophagidae_Sarcophaga_vagans_508511_3724276684,http://creativecommons.org/licenses/by-nc-nd/4.0/
965045,3724276684,Sarcophagidae_Sarcophaga_vagans_508512_3724276684,http://creativecommons.org/licenses/by-nc-nd/4.0/
965046,3724276684,Sarcophagidae_Sarcophaga_vagans_508513_3724276684,http://creativecommons.org/licenses/by-nc-nd/4.0/
973889,1976479761,Sarcophagidae_Miltogramma_germari_123231_1976479761,http://creativecommons.org/licenses/by-nc/4.0/
973890,1976479761,Sarcophagidae_Miltogramma_germari_123232_1976479761,http://creativecommons.org/licenses/by-nc/4.0/
973891,1976479761,Sarcophagidae_Miltogramma_germari_123233_1976479761,http://creativecommons.org/licenses/by-nc/4.0/
973892,1976479761,Sarcophagidae_Miltogramma_germari_123234_1976479761,http://creativecommons.org/licenses/by-nc/4.0/
980899,1959331229,Sarcophagidae_Blaesoxipha_plumicornis_1478001_1959331229,http://creativecommons.org/licenses/by-nc-nd/4.0/
980900,1959331229,Sarcophagidae_Blaesoxipha_plumicornis_1478002_1959331229,http://creativecommons.org/licenses/by-nc-nd/4.0/
980901,1959331229,Sarcophagidae_Blaesoxipha_plumicornis_1478003_1959331229,http://creativecommons.org/licenses/by-nc-nd/4.0/
984141,3822435933,Sarcophagidae_Nyctia_halterata_1936876_3822435933,http://creativecommons.org/licenses/by-nc-nd/4.0/
991453,1963190322,Sarcophagidae_Brachicoma_devia_794566_1963190322,http://creativecommons.org/licenses/by-nc-nd/4.0/
991454,1963190322,Sarcophagidae_Brachicoma_devia_794567_1963190322,http://creativecommons.org/licenses/by-nc-nd/4.0/
994628,3997115273,Sarcophagidae_Sarcophaga_subvicina_672431_3997115273,http://creativecommons.org/licenses/by-nc-nd/4.0/
996830,2816501478,Sarcophagidae_Sarcophaga_carnaria_896460_2816501478,http://creativecommons.org/licenses/by-nc-sa/4.0/
996918,3310097361,Sarcophagidae_Sarcophaga_carnaria_2361857_3310097361,© All rights reserved
997012,3327192321,Sarcophagidae_Sarcophaga_carnaria_299049_3327192321,© All rights reserved
997181,3862054322,Sarcophagidae_Sarcophaga_carnaria_1965689_3862054322,http://creativecommons.org/licenses/by-sa/4.0/
997182,3862054322,Sarcophagidae_Sarcophaga_carnaria_1965690_3862054322,http://creativecommons.org/licenses/by-sa/4.0/
997239,3386699407,Sarcophagidae_Sarcophaga_carnaria_3083674_3386699407,http://creativecommons.org/licenses/by/4.0/
997766,3856379100,Sarcophagidae_Sarcophaga_carnaria_1949995_3856379100,© all rights reserved
1000948,3715856100,Sarcophagidae_Nyctia_halterata_2544425_3715856100,http://creativecommons.org/licenses/by-nc-nd/4.0/
1004182,1968471193,Sarcophagidae_Metopia_argyrocephala_2179325_1968471193,http://creativecommons.org/licenses/by-nc-nd/4.0/
1004183,1968471193,Sarcophagidae_Metopia_argyrocephala_2179326_1968471193,http://creativecommons.org/licenses/by-nc-nd/4.0/
1004184,1968471193,Sarcophagidae_Metopia_argyrocephala_2179327_1968471193,http://creativecommons.org/licenses/by-nc-nd/4.0/
1004185,1968471193,Sarcophagidae_Metopia_argyrocephala_2179328_1968471193,http://creativecommons.org/licenses/by-nc-nd/4.0/
1004186,1968471193,Sarcophagidae_Metopia_argyrocephala_2179329_1968471193,http://creativecommons.org/licenses/by-nc-nd/4.0/
1004187,1968471193,Sarcophagidae_Metopia_argyrocephala_2179330_1968471193,http://creativecommons.org/licenses/by-nc-nd/4.0/
1004188,1968471193,Sarcophagidae_Metopia_argyrocephala_2179331_1968471193,http://creativecommons.org/licenses/by-nc-nd/4.0/
1010553,3994210754,Sarcophagidae_Protomiltogramma_fasciata_2731544_3994210754,http://creativecommons.org/licenses/by-nc/4.0/
1011566,3712485308,Sarcophagidae_Wohlfahrtia_vigil_1163992_3712485308,http://creativecommons.org/licenses/by-nc/4.0/
1011929,3902017270,Sarcophagidae_Sarcophaga_aratrix_2672118_3902017270,http://creativecommons.org/licenses/by-nc/4.0/
1011930,3902017270,Sarcophagidae_Sarcophaga_aratrix_2672119_3902017270,http://creativecommons.org/licenses/by-nc/4.0/
1011931,3902017270,Sarcophagidae_Sarcophaga_aratrix_2672120_3902017270,http://creativecommons.org/licenses/by-nc/4.0/
1012507,3327706468,Sarcophagidae_Sarcophaga_variegata_2367741_3327706468,http://creativecommons.org/licenses/by-nc/4.0/
1012508,3327706468,Sarcophagidae_Sarcophaga_variegata_2367742_3327706468,http://creativecommons.org/licenses/by-nc/4.0/
1012509,3327706468,Sarcophagidae_Sarcophaga_variegata_2367743_3327706468,http://creativecommons.org/licenses/by-nc/4.0/
1012510,3327706468,Sarcophagidae_Sarcophaga_variegata_2367744_3327706468,http://creativecommons.org/licenses/by-nc/4.0/
1012511,3327706468,Sarcophagidae_Sarcophaga_variegata_2367745_3327706468,http://creativecommons.org/licenses/by-nc/4.0/
1012512,3327706468,Sarcophagidae_Sarcophaga_variegata_2367746_3327706468,http://creativecommons.org/licenses/by-nc/4.0/
1012513,3327706468,Sarcophagidae_Sarcophaga_variegata_2367747_3327706468,http://creativecommons.org/licenses/by-nc/4.0/
1012514,3327706468,Sarcophagidae_Sarcophaga_variegata_2367748_3327706468,http://creativecommons.org/licenses/by-nc/4.0/
1012515,3327706468,Sarcophagidae_Sarcophaga_variegata_2367749_3327706468,http://creativecommons.org/licenses/by-nc/4.0/
1012516,3327706468,Sarcophagidae_Sarcophaga_variegata_2367750_3327706468,http://creativecommons.org/licenses/by-nc/4.0/
1012517,3327706468,Sarcophagidae_Sarcophaga_variegata_2367751_3327706468,http://creativecommons.org/licenses/by-nc/4.0/
1012518,3327706468,Sarcophagidae_Sarcophaga_variegata_2367752_3327706468,http://creativecommons.org/licenses/by-nc/4.0/
1012519,3327706468,Sarcophagidae_Sarcophaga_variegata_2367753_3327706468,http://creativecommons.org/licenses/by-nc/4.0/
1012520,3327706468,Sarcophagidae_Sarcophaga_variegata_2367754_3327706468,http://creativecommons.org/licenses/by-nc/4.0/
1012960,3859943126,Sarcophagidae_Miltogramma_aurifrons_1961707_3859943126,http://creativecommons.org/licenses/by-nc/4.0/
1013797,3712727302,Sarcophagidae_Wohlfahrtia_vigil_3233741_3712727302,http://creativecommons.org/licenses/by-nc/4.0/
1013798,3712727302,Sarcophagidae_Wohlfahrtia_vigil_3233742_3712727302,http://creativecommons.org/licenses/by-nc/4.0/
1022815,1955115704,Sarcophagidae_Miltogramma_germari_2850227_1955115704,http://creativecommons.org/licenses/by-nc-nd/4.0/
1026187,3704631427,Sarcophagidae_Agria_affinis_2541585_3704631427,http://creativecommons.org/licenses/by/4.0/
1026326,3704634253,Sarcophagidae_Sarcophaga_carnaria_2541620_3704634253,http://creativecommons.org/licenses/by/4.0/
1026327,3704634253,Sarcophagidae_Sarcophaga_carnaria_2541621_3704634253,http://creativecommons.org/licenses/by/4.0/
1026328,3704634253,Sarcophagidae_Sarcophaga_carnaria_2541622_3704634253,http://creativecommons.org/licenses/by/4.0/
1026462,3753312019,Sarcophagidae_Sarcophaga_variegata_1232503_3753312019,http://creativecommons.org/licenses/by/4.0/
1026622,3704634803,Sarcophagidae_Metopia_argyrocephala_3231669_3704634803,http://creativecommons.org/licenses/by/4.0/
1026623,3704634803,Sarcophagidae_Metopia_argyrocephala_3231670_3704634803,http://creativecommons.org/licenses/by/4.0/
1026675,3704628675,Sarcophagidae_Macronychia_polyodon_3231601_3704628675,http://creativecommons.org/licenses/by/4.0/
1026676,3704628675,Sarcophagidae_Macronychia_polyodon_3231602_3704628675,http://creativecommons.org/licenses/by/4.0/
1026677,3704628675,Sarcophagidae_Macronychia_polyodon_3231603_3704628675,http://creativecommons.org/licenses/by/4.0/
1026678,3704628675,Sarcophagidae_Macronychia_polyodon_3231604_3704628675,http://creativecommons.org/licenses/by/4.0/
1026693,3797751380,Sarcophagidae_Sarcophaga_variegata_2623909_3797751380,http://creativecommons.org/licenses/by/4.0/
1026694,3797751380,Sarcophagidae_Sarcophaga_variegata_2623910_3797751380,http://creativecommons.org/licenses/by/4.0/
1026797,3704631724,Sarcophagidae_Amobia_signata_2541587_3704631724,http://creativecommons.org/licenses/by/4.0/
1026798,3704631724,Sarcophagidae_Amobia_signata_2541588_3704631724,http://creativecommons.org/licenses/by/4.0/
1027085,3421875094,Sarcophagidae_Sarcophaga_haemorrhoa_335991_3421875094,http://creativecommons.org/licenses/by/4.0/
1027239,3128515804,Sarcophagidae_Sarcophaga_subvicina_978603_3128515804,http://creativecommons.org/licenses/by/4.0/
1027240,3128515804,Sarcophagidae_Sarcophaga_subvicina_978604_3128515804,http://creativecommons.org/licenses/by/4.0/
1030460,3384657780,Sarcophagidae_Sarcophaga_variegata_322632_3384657780,http://creativecommons.org/licenses/by-nc/4.0/
1030461,3384657780,Sarcophagidae_Sarcophaga_variegata_322633_3384657780,http://creativecommons.org/licenses/by-nc/4.0/
1030462,3384657780,Sarcophagidae_Sarcophaga_variegata_322634_3384657780,http://creativecommons.org/licenses/by-nc/4.0/
1030463,3384657780,Sarcophagidae_Sarcophaga_variegata_322635_3384657780,http://creativecommons.org/licenses/by-nc/4.0/
1030464,3384657780,Sarcophagidae_Sarcophaga_variegata_322636_3384657780,http://creativecommons.org/licenses/by-nc/4.0/
1030465,3384657780,Sarcophagidae_Sarcophaga_variegata_322637_3384657780,http://creativecommons.org/licenses/by-nc/4.0/
1032724,3456635643,Sarcophagidae_Nyctia_halterata_1841937_3456635643,http://creativecommons.org/licenses/by-nc/4.0/
1032725,3456635643,Sarcophagidae_Nyctia_halterata_1841938_3456635643,http://creativecommons.org/licenses/by-nc/4.0/
1033179,3451412452,Sarcophagidae_Sarcophaga_carnaria_3213238_3451412452,© All rights reserved
1033372,3338602401,Sarcophagidae_Sarcophaga_carnaria_2380268_3338602401,© All rights reserved
1033387,3428889437,Sarcophagidae_Sarcophaga_carnaria_3094125_3428889437,© All rights reserved
1033388,3428889437,Sarcophagidae_Sarcophaga_carnaria_3094126_3428889437,© All rights reserved
1033389,3428889437,Sarcophagidae_Sarcophaga_carnaria_3094127_3428889437,© All rights reserved
1034554,2999037036,Sarcophagidae_Nyctia_halterata_1637595_2999037036,http://creativecommons.org/licenses/by-nc/4.0/
1034555,2999037036,Sarcophagidae_Nyctia_halterata_1637596_2999037036,http://creativecommons.org/licenses/by-nc/4.0/
1034556,2999037036,Sarcophagidae_Nyctia_halterata_1637597_2999037036,http://creativecommons.org/licenses/by-nc/4.0/
1035303,3923544498,Sarcophagidae_Nyctia_halterata_646264_3923544498,http://creativecommons.org/licenses/by/4.0/
1035304,3923544498,Sarcophagidae_Nyctia_halterata_646265_3923544498,http://creativecommons.org/licenses/by/4.0/
1035305,3923544498,Sarcophagidae_Nyctia_halterata_646266_3923544498,http://creativecommons.org/licenses/by/4.0/
1035306,3923544498,Sarcophagidae_Nyctia_halterata_646267_3923544498,http://creativecommons.org/licenses/by/4.0/
1035307,3923544498,Sarcophagidae_Nyctia_halterata_646268_3923544498,http://creativecommons.org/licenses/by/4.0/
1045092,3860753622,Sarcophagidae_Nyctia_halterata_1965286_3860753622,http://creativecommons.org/licenses/by-nc/4.0/
1045093,3860753622,Sarcophagidae_Nyctia_halterata_1965287_3860753622,http://creativecommons.org/licenses/by-nc/4.0/
1045094,3860753622,Sarcophagidae_Nyctia_halterata_1965288_3860753622,http://creativecommons.org/licenses/by-nc/4.0/
1045095,3860753622,Sarcophagidae_Nyctia_halterata_1965289_3860753622,http://creativecommons.org/licenses/by-nc/4.0/
1045096,3860753622,Sarcophagidae_Nyctia_halterata_1965290_3860753622,http://creativecommons.org/licenses/by-nc/4.0/
1047168,1839327772,Sarcophagidae_Sarcophaga_vagans_2140952_1839327772,http://creativecommons.org/licenses/by/4.0/
1051247,3456146489,Sarcophagidae_Nyctia_halterata_1839727_3456146489,http://creativecommons.org/licenses/by-nc/4.0/
1060921,3449038492,Sarcophagidae_Sarcophaga_aratrix_3213215_3449038492,http://creativecommons.org/licenses/by-nc/4.0/
1060957,3449064132,Sarcophagidae_Sarcophaga_caerulescens_3213218_3449064132,http://creativecommons.org/licenses/by-nc/4.0/
1061426,3332722333,Sarcophagidae_Sarcophaga_carnaria_303638_3332722333,© All rights reserved
1062558,3864235499,Sarcophagidae_Sarcophaga_carnaria_1965831_3864235499,© All rights reserved
1062559,3864235499,Sarcophagidae_Sarcophaga_carnaria_1965832_3864235499,© All rights reserved
1063206,2826114379,Sarcophagidae_Sarcophaga_carnaria_899410_2826114379,© All rights reserved
1063340,3310046378,Sarcophagidae_Sarcophaga_carnaria_293426_3310046378,http://creativecommons.org/licenses/by/4.0/
1063341,3310046378,Sarcophagidae_Sarcophaga_carnaria_293427_3310046378,http://creativecommons.org/licenses/by/4.0/
1063424,2384018595,Sarcophagidae_Sarcophaga_carnaria_150568_2384018595,http://creativecommons.org/licenses/by-nc-sa/4.0/
1063425,2384018595,Sarcophagidae_Sarcophaga_carnaria_150569_2384018595,http://creativecommons.org/licenses/by-nc-sa/4.0/
