id,gbifID,file_name,license
160,4014865654,Scathophagidae_Americina_vittatum_2056884_4014865654,http://creativecommons.org/licenses/by-nc/4.0/
161,4014865654,Scathophagidae_Americina_vittatum_2056885_4014865654,http://creativecommons.org/licenses/by-nc/4.0/
162,4014865654,Scathophagidae_Americina_vittatum_2056886_4014865654,http://creativecommons.org/licenses/by-nc/4.0/
163,4014865654,Scathophagidae_Americina_vittatum_2056887_4014865654,http://creativecommons.org/licenses/by-nc/4.0/
1200,2237487370,Scathophagidae_Scathophaga_stercoraria_2203273_2237487370,http://creativecommons.org/licenses/by-nc/4.0/
1755,3859414352,Scathophagidae_Americina_vittatum_1270051_3859414352,http://creativecommons.org/licenses/by-nc/4.0/
1756,3859414352,Scathophagidae_Americina_vittatum_1270052_3859414352,http://creativecommons.org/licenses/by-nc/4.0/
3191,3113468478,Scathophagidae_Norellisoma_spinimanum_3044427_3113468478,http://creativecommons.org/licenses/by-nc/4.0/
3192,3113468478,Scathophagidae_Norellisoma_spinimanum_3044428_3113468478,http://creativecommons.org/licenses/by-nc/4.0/
3237,3456062514,Scathophagidae_Cordilura_albipes_2528262_3456062514,http://creativecommons.org/licenses/by-nc/4.0/
3238,3456062514,Scathophagidae_Cordilura_albipes_2528263_3456062514,http://creativecommons.org/licenses/by-nc/4.0/
3468,3456578183,Scathophagidae_Americina_vittatum_1841603_3456578183,http://creativecommons.org/licenses/by-nc/4.0/
3469,3456578183,Scathophagidae_Americina_vittatum_1841604_3456578183,http://creativecommons.org/licenses/by-nc/4.0/
3471,3456578183,Scathophagidae_Americina_vittatum_1841606_3456578183,http://creativecommons.org/licenses/by-nc/4.0/
5268,3355368461,Scathophagidae_Scathophaga_stercoraria_1694719_3355368461,http://creativecommons.org/licenses/by-nc/4.0/
6070,3324053350,Scathophagidae_Norellisoma_suilla_2365636_3324053350,© All rights reserved
6071,3324053350,Scathophagidae_Norellisoma_suilla_2365637_3324053350,© All rights reserved
6072,3324053350,Scathophagidae_Norellisoma_suilla_2365638_3324053350,© All rights reserved
6073,3324053350,Scathophagidae_Norellisoma_suilla_2365639_3324053350,© All rights reserved
6360,3893231387,Scathophagidae_Norellisoma_suilla_1982263_3893231387,© All rights reserved
6529,3898872674,Scathophagidae_Norellisoma_suilla_1293173_3898872674,© All rights reserved
6547,3921205561,Scathophagidae_Scathophaga_furcata_1333639_3921205561,© All rights reserved
7004,1883103734,Scathophagidae_Norellisoma_spinimanum_2838586_1883103734,© All rights reserved
7019,2627064133,Scathophagidae_Scathophaga_inquinata_2949511_2627064133,© All rights reserved
7020,2627064133,Scathophagidae_Scathophaga_inquinata_2949512_2627064133,© All rights reserved
7021,2627064133,Scathophagidae_Scathophaga_inquinata_2949513_2627064133,© All rights reserved
9412,3892590506,Scathophagidae_Americina_vittatum_603384_3892590506,http://creativecommons.org/licenses/by-nc/4.0/
9413,3892590506,Scathophagidae_Americina_vittatum_603385_3892590506,http://creativecommons.org/licenses/by-nc/4.0/
9414,3892590506,Scathophagidae_Americina_vittatum_603386_3892590506,http://creativecommons.org/licenses/by-nc/4.0/
9415,3892590506,Scathophagidae_Americina_vittatum_603387_3892590506,http://creativecommons.org/licenses/by-nc/4.0/
9685,2988455715,Scathophagidae_Americina_vittatum_1635902_2988455715,http://creativecommons.org/licenses/by-nc/4.0/
9686,2988455715,Scathophagidae_Americina_vittatum_1635903_2988455715,http://creativecommons.org/licenses/by-nc/4.0/
9688,2988455715,Scathophagidae_Americina_vittatum_1635905_2988455715,http://creativecommons.org/licenses/by-nc/4.0/
9689,2988455715,Scathophagidae_Americina_vittatum_1635906_2988455715,http://creativecommons.org/licenses/by-nc/4.0/
9690,2988455715,Scathophagidae_Americina_vittatum_1635907_2988455715,http://creativecommons.org/licenses/by-nc/4.0/
9746,3109297079,Scathophagidae_Norellia_spinipes_973549_3109297079,http://creativecommons.org/licenses/by/4.0/
9747,3109297079,Scathophagidae_Norellia_spinipes_973550_3109297079,http://creativecommons.org/licenses/by/4.0/
9748,3109297079,Scathophagidae_Norellia_spinipes_973551_3109297079,http://creativecommons.org/licenses/by/4.0/
9749,3109297079,Scathophagidae_Norellia_spinipes_973552_3109297079,http://creativecommons.org/licenses/by/4.0/
10330,3079725193,Scathophagidae_Scathophaga_stercoraria_3036218_3079725193,http://creativecommons.org/licenses/by-nc/4.0/
12950,3466153883,Scathophagidae_Americina_vittatum_466526_3466153883,http://creativecommons.org/licenses/by-nc/4.0/
12951,3466153883,Scathophagidae_Americina_vittatum_466527_3466153883,http://creativecommons.org/licenses/by-nc/4.0/
12952,3466153883,Scathophagidae_Americina_vittatum_466528_3466153883,http://creativecommons.org/licenses/by-nc/4.0/
12953,3466153883,Scathophagidae_Americina_vittatum_466529_3466153883,http://creativecommons.org/licenses/by-nc/4.0/
12954,3466153883,Scathophagidae_Americina_vittatum_466530_3466153883,http://creativecommons.org/licenses/by-nc/4.0/
12955,3466153883,Scathophagidae_Americina_vittatum_466531_3466153883,http://creativecommons.org/licenses/by-nc/4.0/
12957,3466153883,Scathophagidae_Americina_vittatum_466533_3466153883,http://creativecommons.org/licenses/by-nc/4.0/
12958,3466153883,Scathophagidae_Americina_vittatum_466534_3466153883,http://creativecommons.org/licenses/by-nc/4.0/
13152,1988350974,Scathophagidae_Norellisoma_spinimanum_2194872_1988350974,http://creativecommons.org/licenses/by/4.0/
13153,1988350974,Scathophagidae_Norellisoma_spinimanum_2194873_1988350974,http://creativecommons.org/licenses/by/4.0/
13157,1988350974,Scathophagidae_Norellisoma_spinimanum_2194877_1988350974,http://creativecommons.org/licenses/by/4.0/
15181,2992688558,Scathophagidae_Americina_vittatum_1636881_2992688558,http://creativecommons.org/licenses/by-nc/4.0/
15182,2992688558,Scathophagidae_Americina_vittatum_1636882_2992688558,http://creativecommons.org/licenses/by-nc/4.0/
15183,2992688558,Scathophagidae_Americina_vittatum_1636883_2992688558,http://creativecommons.org/licenses/by-nc/4.0/
15184,2992688558,Scathophagidae_Americina_vittatum_1636884_2992688558,http://creativecommons.org/licenses/by-nc/4.0/
15185,2992688558,Scathophagidae_Americina_vittatum_1636885_2992688558,http://creativecommons.org/licenses/by-nc/4.0/
15704,3310083358,Scathophagidae_Cordilura_ciliata_3052057_3310083358,© All rights reserved
15705,3310083358,Scathophagidae_Cordilura_ciliata_3052058_3310083358,© All rights reserved
15889,2556748614,Scathophagidae_Scathophaga_furcata_168634_2556748614,© All rights reserved
15890,2556748614,Scathophagidae_Scathophaga_furcata_168635_2556748614,© All rights reserved
16017,2410966351,Scathophagidae_Scathophaga_inquinata_2913189_2410966351,http://creativecommons.org/licenses/by-nc-sa/4.0/
16018,2410966351,Scathophagidae_Scathophaga_inquinata_2913190_2410966351,http://creativecommons.org/licenses/by-nc-sa/4.0/
16046,3345041486,Scathophagidae_Norellisoma_suilla_313952_3345041486,© All rights reserved
16047,3345041486,Scathophagidae_Norellisoma_suilla_313953_3345041486,© All rights reserved
16048,3345041486,Scathophagidae_Norellisoma_suilla_313954_3345041486,© All rights reserved
16194,3412086321,Scathophagidae_Norellisoma_suilla_1022048_3412086321,© All rights reserved
18161,3873801290,Scathophagidae_Americina_vittatum_3351187_3873801290,http://creativecommons.org/licenses/by-nc/4.0/
18162,3873801290,Scathophagidae_Americina_vittatum_3351188_3873801290,http://creativecommons.org/licenses/by-nc/4.0/
18698,3772619396,Scathophagidae_Scathophaga_furcata_1928649_3772619396,http://creativecommons.org/licenses/by-nc/4.0/
20619,1703151393,Scathophagidae_Scathophaga_stercoraria_2812726_1703151393,http://creativecommons.org/licenses/by-nc/4.0/
23779,3874200301,Scathophagidae_Americina_vittatum_2661983_3874200301,http://creativecommons.org/licenses/by-nc/4.0/
23780,3874200301,Scathophagidae_Americina_vittatum_2661984_3874200301,http://creativecommons.org/licenses/by-nc/4.0/
23781,3874200301,Scathophagidae_Americina_vittatum_2661985_3874200301,http://creativecommons.org/licenses/by-nc/4.0/
23870,3903535994,Scathophagidae_Scathophaga_furcata_3371069_3903535994,http://creativecommons.org/licenses/by-nc/4.0/
23871,3903535994,Scathophagidae_Scathophaga_furcata_3371070_3903535994,http://creativecommons.org/licenses/by-nc/4.0/
24584,2402288950,Scathophagidae_Scathophaga_furcata_842750_2402288950,© All rights reserved
24585,2402288950,Scathophagidae_Scathophaga_furcata_842751_2402288950,© All rights reserved
24724,2860807410,Scathophagidae_Scathophaga_furcata_1621425_2860807410,© All rights reserved
24725,2860807410,Scathophagidae_Scathophaga_furcata_1621426_2860807410,© All rights reserved
24946,2400956721,Scathophagidae_Cordilura_albipes_1531035_2400956721,http://creativecommons.org/licenses/by-nc-sa/4.0/
24947,2400956721,Scathophagidae_Cordilura_albipes_1531036_2400956721,http://creativecommons.org/licenses/by-nc-sa/4.0/
25016,2401464871,Scathophagidae_Norellisoma_spinimanum_2220242_2401464871,© All rights reserved
25017,2401464871,Scathophagidae_Norellisoma_spinimanum_2220243_2401464871,© All rights reserved
25018,2401464871,Scathophagidae_Norellisoma_spinimanum_2220244_2401464871,© All rights reserved
25019,2401464871,Scathophagidae_Norellisoma_spinimanum_2220245_2401464871,© All rights reserved
25024,2401808378,Scathophagidae_Norellisoma_spinimanum_1531282_2401808378,© All rights reserved
25025,2401808378,Scathophagidae_Norellisoma_spinimanum_1531283_2401808378,© All rights reserved
25366,3979115360,Scathophagidae_Cordilura_ciliata_2035933_3979115360,© All rights reserved
25367,3979115360,Scathophagidae_Cordilura_ciliata_2035934_3979115360,© All rights reserved
25536,1987615433,Scathophagidae_Microprosopa_pallidicauda_816762_1987615433,http://creativecommons.org/licenses/by/4.0/
25537,1987615433,Scathophagidae_Microprosopa_pallidicauda_816763_1987615433,http://creativecommons.org/licenses/by/4.0/
25538,1987615433,Scathophagidae_Microprosopa_pallidicauda_816764_1987615433,http://creativecommons.org/licenses/by/4.0/
25543,1824927380,Scathophagidae_Norellisoma_suilla_2125343_1824927380,© All rights reserved
25544,1824927380,Scathophagidae_Norellisoma_suilla_2125344_1824927380,© All rights reserved
25545,1824927380,Scathophagidae_Norellisoma_suilla_2125345_1824927380,© All rights reserved
25546,1824927380,Scathophagidae_Norellisoma_suilla_2125346_1824927380,© All rights reserved
25625,1481231048,Scathophagidae_Norellisoma_spinimanum_49716_1481231048,© all rights reserved
26375,3355086591,Scathophagidae_Americina_vittatum_1004909_3355086591,http://creativecommons.org/licenses/by-nc/4.0/
26376,3355086591,Scathophagidae_Americina_vittatum_1004910_3355086591,http://creativecommons.org/licenses/by-nc/4.0/
27343,4006583600,Scathophagidae_Cordilura_ciliata_2051917_4006583600,http://creativecommons.org/licenses/by-nc/4.0/
27344,4006583600,Scathophagidae_Cordilura_ciliata_2051918_4006583600,http://creativecommons.org/licenses/by-nc/4.0/
27345,4006583600,Scathophagidae_Cordilura_ciliata_2051919_4006583600,http://creativecommons.org/licenses/by-nc/4.0/
28424,2988598671,Scathophagidae_Norellisoma_spinimanum_947956_2988598671,http://creativecommons.org/licenses/by-sa/4.0/
28425,2988598671,Scathophagidae_Norellisoma_spinimanum_947957_2988598671,http://creativecommons.org/licenses/by-sa/4.0/
28451,3070686227,Scathophagidae_Norellia_spinipes_2344712_3070686227,http://creativecommons.org/licenses/by/4.0/
29198,3355354567,Scathophagidae_Americina_vittatum_3074601_3355354567,http://creativecommons.org/licenses/by-nc/4.0/
29618,3892327483,Scathophagidae_Americina_vittatum_1980329_3892327483,http://creativecommons.org/licenses/by-nc/4.0/
29619,3892327483,Scathophagidae_Americina_vittatum_1980330_3892327483,http://creativecommons.org/licenses/by-nc/4.0/
29620,3892327483,Scathophagidae_Americina_vittatum_1980331_3892327483,http://creativecommons.org/licenses/by-nc/4.0/
29621,3892327483,Scathophagidae_Americina_vittatum_1980332_3892327483,http://creativecommons.org/licenses/by-nc/4.0/
29699,2988591755,Scathophagidae_Americina_vittatum_1636352_2988591755,http://creativecommons.org/licenses/by-nc/4.0/
29700,2988591755,Scathophagidae_Americina_vittatum_1636353_2988591755,http://creativecommons.org/licenses/by-nc/4.0/
29701,2988591755,Scathophagidae_Americina_vittatum_1636354_2988591755,http://creativecommons.org/licenses/by-nc/4.0/
30073,3961361338,Scathophagidae_Scathophaga_furcata_3412087_3961361338,http://creativecommons.org/licenses/by-nc/4.0/
30074,3961361338,Scathophagidae_Scathophaga_furcata_3412088_3961361338,http://creativecommons.org/licenses/by-nc/4.0/
30483,3118372915,Scathophagidae_Scathophaga_stercoraria_2355309_3118372915,http://creativecommons.org/licenses/by-nc/4.0/
32057,2651112401,Scathophagidae_Norellia_spinipes_199865_2651112401,© all rights reserved
32136,1459058500,Scathophagidae_Scathophaga_spurca_2115972_1459058500,© all rights reserved
32179,2866237838,Scathophagidae_Megaphthalma_pallida_245651_2866237838,© all rights reserved
32433,3857465880,Scathophagidae_Scathophaga_stercoraria_3331024_3857465880,© all rights reserved
32625,2848066408,Scathophagidae_Cordilura_ciliata_2303825_2848066408,© all rights reserved
32626,2848066408,Scathophagidae_Cordilura_ciliata_2303826_2848066408,© all rights reserved
34018,1951446500,Scathophagidae_Americina_media_1466366_1951446500,http://creativecommons.org/licenses/by-nc-nd/4.0/
34019,1951446500,Scathophagidae_Americina_media_1466367_1951446500,http://creativecommons.org/licenses/by-nc-nd/4.0/
34020,1951446500,Scathophagidae_Americina_media_1466368_1951446500,http://creativecommons.org/licenses/by-nc-nd/4.0/
35405,1972988945,Scathophagidae_Cordilura_albilabris_809104_1972988945,http://creativecommons.org/licenses/by-nc-nd/4.0/
35508,3728529238,Scathophagidae_Scathophaga_stercoraria_3279375_3728529238,http://creativecommons.org/licenses/by-nc-nd/4.0/
36356,2833554097,Scathophagidae_Trichopalpus_fraternus_2280230_2833554097,http://creativecommons.org/licenses/by-nc-nd/4.0/
36357,2833554097,Scathophagidae_Trichopalpus_fraternus_2280231_2833554097,http://creativecommons.org/licenses/by-nc-nd/4.0/
36358,2833554097,Scathophagidae_Trichopalpus_fraternus_2280232_2833554097,http://creativecommons.org/licenses/by-nc-nd/4.0/
36359,2833554097,Scathophagidae_Trichopalpus_fraternus_2280233_2833554097,http://creativecommons.org/licenses/by-nc-nd/4.0/
36360,2833554097,Scathophagidae_Trichopalpus_fraternus_2280234_2833554097,http://creativecommons.org/licenses/by-nc-nd/4.0/
36475,3733095585,Scathophagidae_Norellisoma_spinimanum_541194_3733095585,http://creativecommons.org/licenses/by-nc-nd/4.0/
36867,1955807573,Scathophagidae_Cordilura_albipes_784576_1955807573,http://creativecommons.org/licenses/by-nc-nd/4.0/
36868,1955807573,Scathophagidae_Cordilura_albipes_784577_1955807573,http://creativecommons.org/licenses/by-nc-nd/4.0/
37159,1459248961,Scathophagidae_Cleigastra_tibiella_1426747_1459248961,© all rights reserved
37160,1459248961,Scathophagidae_Cleigastra_tibiella_1426748_1459248961,© all rights reserved
37161,1459248961,Scathophagidae_Cleigastra_tibiella_1426749_1459248961,© all rights reserved
37289,3430127469,Scathophagidae_Scathophaga_spurca_336429_3430127469,© all rights reserved
37329,1036628677,Scathophagidae_Scathophaga_spurca_1383402_1036628677,© all rights reserved
37330,1036628677,Scathophagidae_Scathophaga_spurca_1383403_1036628677,© all rights reserved
37436,2247418718,Scathophagidae_Spaziphora_hydromyzina_2205580_2247418718,© all rights reserved
38036,2872960399,Scathophagidae_Scathophaga_inquinata_3005452_2872960399,© All rights reserved
38042,2407567499,Scathophagidae_Scathophaga_inquinata_153788_2407567499,© All rights reserved
38043,2407567499,Scathophagidae_Scathophaga_inquinata_153789_2407567499,© All rights reserved
38044,2407567499,Scathophagidae_Scathophaga_inquinata_153790_2407567499,© All rights reserved
38045,2407567499,Scathophagidae_Scathophaga_inquinata_153791_2407567499,© All rights reserved
38048,3987914406,Scathophagidae_Norellisoma_suilla_2728861_3987914406,© All rights reserved
38049,3987914406,Scathophagidae_Norellisoma_suilla_2728862_3987914406,© All rights reserved
38602,3912331322,Scathophagidae_Americina_vittatum_2015726_3912331322,http://creativecommons.org/licenses/by-nc/4.0/
38604,3912331322,Scathophagidae_Americina_vittatum_2015728_3912331322,http://creativecommons.org/licenses/by-nc/4.0/
39126,3961307359,Scathophagidae_Scathophaga_furcata_2032006_3961307359,http://creativecommons.org/licenses/by-nc/4.0/
39127,3961307359,Scathophagidae_Scathophaga_furcata_2032007_3961307359,http://creativecommons.org/licenses/by-nc/4.0/
39128,3961307359,Scathophagidae_Scathophaga_furcata_2032008_3961307359,http://creativecommons.org/licenses/by-nc/4.0/
40502,3307294086,Scathophagidae_Scathophaga_stercoraria_1670801_3307294086,http://creativecommons.org/licenses/by/4.0/
40611,3947820291,Scathophagidae_Scathophaga_furcata_652586_3947820291,http://creativecommons.org/licenses/by-nc/4.0/
40612,3947820291,Scathophagidae_Scathophaga_furcata_652587_3947820291,http://creativecommons.org/licenses/by-nc/4.0/
40613,3947820291,Scathophagidae_Scathophaga_furcata_652588_3947820291,http://creativecommons.org/licenses/by-nc/4.0/
40614,3947820291,Scathophagidae_Scathophaga_furcata_652589_3947820291,http://creativecommons.org/licenses/by-nc/4.0/
40899,3961097452,Scathophagidae_Scathophaga_furcata_2031070_3961097452,http://creativecommons.org/licenses/by-nc/4.0/
40900,3961097452,Scathophagidae_Scathophaga_furcata_2031071_3961097452,http://creativecommons.org/licenses/by-nc/4.0/
40901,3961097452,Scathophagidae_Scathophaga_furcata_2031072_3961097452,http://creativecommons.org/licenses/by-nc/4.0/
41227,2397494941,Scathophagidae_Scathophaga_stercoraria_150835_2397494941,http://creativecommons.org/licenses/by/4.0/
42451,2596082332,Scathophagidae_Scathophaga_stercoraria_874677_2596082332,http://creativecommons.org/licenses/by-nc/4.0/
42904,3915495466,Scathophagidae_Norellia_spinipes_2017766_3915495466,http://creativecommons.org/licenses/by-nc/4.0/
42905,3915495466,Scathophagidae_Norellia_spinipes_2017767_3915495466,http://creativecommons.org/licenses/by-nc/4.0/
43362,2331899957,Scathophagidae_Scathophaga_stercoraria_2907399_2331899957,http://creativecommons.org/licenses/by-nc/4.0/
43424,3018063886,Scathophagidae_Cordilura_albipes_1642141_3018063886,http://creativecommons.org/licenses/by-nc/4.0/
44849,3384282827,Scathophagidae_Americina_vittatum_1010641_3384282827,http://creativecommons.org/licenses/by-nc/4.0/
44850,3384282827,Scathophagidae_Americina_vittatum_1010642_3384282827,http://creativecommons.org/licenses/by-nc/4.0/
44851,3384282827,Scathophagidae_Americina_vittatum_1010643_3384282827,http://creativecommons.org/licenses/by-nc/4.0/
49407,3912096492,Scathophagidae_Norellia_spinipes_2704562_3912096492,http://creativecommons.org/licenses/by-nc/4.0/
49408,3912096492,Scathophagidae_Norellia_spinipes_2704563_3912096492,http://creativecommons.org/licenses/by-nc/4.0/
49409,3912096492,Scathophagidae_Norellia_spinipes_2704564_3912096492,http://creativecommons.org/licenses/by-nc/4.0/
49410,3912096492,Scathophagidae_Norellia_spinipes_2704565_3912096492,http://creativecommons.org/licenses/by-nc/4.0/
51202,3384962284,Scathophagidae_Scathophaga_stercoraria_2392144_3384962284,http://creativecommons.org/licenses/by-nc/4.0/
51918,4013015413,Scathophagidae_Cordilura_pudica_1367398_4013015413,© All rights reserved
51919,4013015413,Scathophagidae_Cordilura_pudica_1367399_4013015413,© All rights reserved
51920,4013015413,Scathophagidae_Cordilura_pudica_1367400_4013015413,© All rights reserved
51921,4013015413,Scathophagidae_Cordilura_pudica_1367401_4013015413,© All rights reserved
52009,2403928287,Scathophagidae_Cordilura_pudica_2220824_2403928287,http://creativecommons.org/licenses/by-nc-sa/4.0/
53281,3961478429,Scathophagidae_Scathophaga_furcata_3412624_3961478429,http://creativecommons.org/licenses/by-nc/4.0/
53282,3961478429,Scathophagidae_Scathophaga_furcata_3412625_3961478429,http://creativecommons.org/licenses/by-nc/4.0/
53283,3961478429,Scathophagidae_Scathophaga_furcata_3412626_3961478429,http://creativecommons.org/licenses/by-nc/4.0/
54311,3302108486,Scathophagidae_Norellisoma_spinimanum_979749_3302108486,http://creativecommons.org/licenses/by-nc/4.0/
55202,3067883643,Scathophagidae_Scathophaga_stercoraria_274116_3067883643,http://creativecommons.org/licenses/by-nc/4.0/
55706,3415694820,Scathophagidae_Americina_vittatum_333898_3415694820,http://creativecommons.org/licenses/by-nc/4.0/
55746,3759189321,Scathophagidae_Scathophaga_furcata_1233111_3759189321,http://creativecommons.org/licenses/by-nc/4.0/
57190,3302284868,Scathophagidae_Americina_vittatum_290439_3302284868,http://creativecommons.org/licenses/by/4.0/
57191,3302284868,Scathophagidae_Americina_vittatum_290440_3302284868,http://creativecommons.org/licenses/by/4.0/
57192,3302284868,Scathophagidae_Americina_vittatum_290441_3302284868,http://creativecommons.org/licenses/by/4.0/
58800,1211190891,Scathophagidae_Americina_vittatum_2078091_1211190891,
58801,1211190891,Scathophagidae_Americina_vittatum_2078092_1211190891,http://creativecommons.org/licenses/by-nc-sa/3.0/
58802,1211190891,Scathophagidae_Americina_vittatum_2078093_1211190891,
58803,1211190891,Scathophagidae_Americina_vittatum_2078094_1211190891,http://creativecommons.org/licenses/by-nc-sa/3.0/
58804,1211190891,Scathophagidae_Americina_vittatum_2078095_1211190891,
58805,1211190891,Scathophagidae_Americina_vittatum_2078096_1211190891,http://creativecommons.org/licenses/by-nc-sa/3.0/
58807,1211190891,Scathophagidae_Americina_vittatum_2078098_1211190891,
58808,1211190891,Scathophagidae_Americina_vittatum_2078099_1211190891,http://creativecommons.org/licenses/by-nc-sa/3.0/
58809,1211190891,Scathophagidae_Americina_vittatum_2078100_1211190891,
58832,3004331909,Scathophagidae_Scathophaga_stercoraria_2328215_3004331909,http://creativecommons.org/licenses/by-sa/4.0/
59482,3068133776,Scathophagidae_Pogonota_barbata_964687_3068133776,http://creativecommons.org/licenses/by-nc/4.0/
59483,3068133776,Scathophagidae_Pogonota_barbata_964688_3068133776,http://creativecommons.org/licenses/by-nc/4.0/
59496,3456655207,Scathophagidae_Americina_vittatum_462652_3456655207,http://creativecommons.org/licenses/by-nc/4.0/
59497,3456655207,Scathophagidae_Americina_vittatum_462653_3456655207,http://creativecommons.org/licenses/by-nc/4.0/
59498,3456655207,Scathophagidae_Americina_vittatum_462654_3456655207,http://creativecommons.org/licenses/by-nc/4.0/
59499,3456655207,Scathophagidae_Americina_vittatum_462655_3456655207,http://creativecommons.org/licenses/by-nc/4.0/
59915,3112365276,Scathophagidae_Scathophaga_stercoraria_283887_3112365276,http://creativecommons.org/licenses/by-nc/4.0/
60582,2641420322,Scathophagidae_Scathophaga_stercoraria_2957554_2641420322,http://creativecommons.org/licenses/by/4.0/
60638,4011662581,Scathophagidae_Scathophaga_stercoraria_1366704_4011662581,http://creativecommons.org/licenses/by-nc/4.0/
60876,2874045999,Scathophagidae_Cordilura_ciliata_2316528_2874045999,http://creativecommons.org/licenses/by-nc/4.0/
62226,3759416337,Scathophagidae_Norellisoma_spinimanum_1233743_3759416337,http://creativecommons.org/licenses/by-nc/4.0/
63899,3923231712,Scathophagidae_Cordilura_albipes_2023208_3923231712,http://creativecommons.org/licenses/by-nc/4.0/
67665,2468296415,Scathophagidae_Scathophaga_furcata_2232866_2468296415,© all rights reserved
67938,931898201,Scathophagidae_Norellia_spinipes_2067509_931898201,© all rights reserved
67939,931898201,Scathophagidae_Norellia_spinipes_2067510_931898201,© all rights reserved
68257,4006123304,Scathophagidae_Scathophaga_stercoraria_2741597_4006123304,© all rights reserved
68261,1132466770,Scathophagidae_Cordilura_albipes_7029_1132466770,© all rights reserved
68462,3880535546,Scathophagidae_Hydromyza_livens_3353730_3880535546,© all rights reserved
70964,3859500231,Scathophagidae_Americina_vittatum_2648882_3859500231,http://creativecommons.org/licenses/by-nc/4.0/
70965,3859500231,Scathophagidae_Americina_vittatum_2648883_3859500231,http://creativecommons.org/licenses/by-nc/4.0/
70966,3859500231,Scathophagidae_Americina_vittatum_2648884_3859500231,http://creativecommons.org/licenses/by-nc/4.0/
71187,3067863296,Scathophagidae_Scathophaga_stercoraria_1652748_3067863296,http://creativecommons.org/licenses/by-nc/4.0/
73236,3994305545,Scathophagidae_Americina_vittatum_1352666_3994305545,http://creativecommons.org/licenses/by-nc/4.0/
73237,3994305545,Scathophagidae_Americina_vittatum_1352667_3994305545,http://creativecommons.org/licenses/by-nc/4.0/
74716,3963646658,Scathophagidae_Americina_paridis_3414225_3963646658,http://creativecommons.org/licenses/by-nc/4.0/
74717,3963646658,Scathophagidae_Americina_paridis_3414226_3963646658,http://creativecommons.org/licenses/by-nc/4.0/
74718,3963646658,Scathophagidae_Americina_paridis_3414227_3963646658,http://creativecommons.org/licenses/by-nc/4.0/
74719,3963646658,Scathophagidae_Americina_paridis_3414228_3963646658,http://creativecommons.org/licenses/by-nc/4.0/
74821,3985620796,Scathophagidae_Americina_vittatum_658375_3985620796,http://creativecommons.org/licenses/by-nc/4.0/
74822,3985620796,Scathophagidae_Americina_vittatum_658376_3985620796,http://creativecommons.org/licenses/by-nc/4.0/
74823,3985620796,Scathophagidae_Americina_vittatum_658377_3985620796,http://creativecommons.org/licenses/by-nc/4.0/
74824,3985620796,Scathophagidae_Americina_vittatum_658378_3985620796,http://creativecommons.org/licenses/by-nc/4.0/
75223,2634084422,Scathophagidae_Cleigastra_flavipes_2955585_2634084422,http://creativecommons.org/licenses/by-nc/4.0/
75859,3079757181,Scathophagidae_Scathophaga_stercoraria_967809_3079757181,http://creativecommons.org/licenses/by-nc/4.0/
77436,2569636158,Scathophagidae_Scathophaga_calida_871890_2569636158,© All rights reserved
77437,2569636158,Scathophagidae_Scathophaga_calida_871891_2569636158,© All rights reserved
77622,2400378597,Scathophagidae_Scathophaga_furcata_842311_2400378597,http://creativecommons.org/licenses/by-nc-sa/4.0/
77635,3451613305,Scathophagidae_Norellisoma_suilla_3213473_3451613305,© All rights reserved
77636,3451613305,Scathophagidae_Norellisoma_suilla_3213474_3451613305,© All rights reserved
77637,3451613305,Scathophagidae_Norellisoma_suilla_3213475_3451613305,© All rights reserved
77887,1430919399,Scathophagidae_Scathophaga_furcata_735091_1430919399,© all rights reserved
78503,4005934718,Scathophagidae_Scathophaga_inquinata_1362560_4005934718,© all rights reserved
78504,4005934718,Scathophagidae_Scathophaga_inquinata_1362561_4005934718,© all rights reserved
80786,1821073708,Scathophagidae_Trichopalpus_punctipes_1435502_1821073708,© all rights reserved
81686,3759907232,Scathophagidae_Norellisoma_spinimanum_546519_3759907232,http://creativecommons.org/licenses/by-nc/4.0/
81687,3759907232,Scathophagidae_Norellisoma_spinimanum_546520_3759907232,http://creativecommons.org/licenses/by-nc/4.0/
81689,3759907232,Scathophagidae_Norellisoma_spinimanum_546522_3759907232,http://creativecommons.org/licenses/by-nc/4.0/
83134,2981075478,Scathophagidae_Americina_vittatum_2324332_2981075478,http://creativecommons.org/licenses/by-nc/4.0/
83135,2981075478,Scathophagidae_Americina_vittatum_2324333_2981075478,http://creativecommons.org/licenses/by-nc/4.0/
83136,2981075478,Scathophagidae_Americina_vittatum_2324334_2981075478,http://creativecommons.org/licenses/by-nc/4.0/
83137,2981075478,Scathophagidae_Americina_vittatum_2324335_2981075478,http://creativecommons.org/licenses/by-nc/4.0/
83138,2981075478,Scathophagidae_Americina_vittatum_2324336_2981075478,http://creativecommons.org/licenses/by-nc/4.0/
89011,3961090397,Scathophagidae_Scathophaga_lutaria_2720889_3961090397,http://creativecommons.org/licenses/by-nc/4.0/
89012,3961090397,Scathophagidae_Scathophaga_lutaria_2720890_3961090397,http://creativecommons.org/licenses/by-nc/4.0/
90055,3314230552,Scathophagidae_Americina_vittatum_1672462_3314230552,http://creativecommons.org/licenses/by-nc/4.0/
90056,3314230552,Scathophagidae_Americina_vittatum_1672463_3314230552,http://creativecommons.org/licenses/by-nc/4.0/
90057,3314230552,Scathophagidae_Americina_vittatum_1672464_3314230552,http://creativecommons.org/licenses/by-nc/4.0/
90575,2603282763,Scathophagidae_Cordilura_albipes_185981_2603282763,http://creativecommons.org/licenses/by-nc/4.0/
92325,2422828202,Scathophagidae_Scathophaga_stercoraria_155774_2422828202,http://creativecommons.org/licenses/by/4.0/
94831,4006548567,Scathophagidae_Americina_vittatum_674446_4006548567,http://creativecommons.org/licenses/by-nc/4.0/
97696,3873601465,Scathophagidae_Americina_vittatum_1280745_3873601465,http://creativecommons.org/licenses/by-nc/4.0/
97697,3873601465,Scathophagidae_Americina_vittatum_1280746_3873601465,http://creativecommons.org/licenses/by-nc/4.0/
97698,3873601465,Scathophagidae_Americina_vittatum_1280747_3873601465,http://creativecommons.org/licenses/by-nc/4.0/
98469,4006685558,Scathophagidae_Americina_vittatum_2052365_4006685558,http://creativecommons.org/licenses/by-nc/4.0/
99215,3097150527,Scathophagidae_Scathophaga_stercoraria_1660602_3097150527,http://creativecommons.org/licenses/by-nc/4.0/
105810,3314173523,Scathophagidae_Americina_vittatum_983622_3314173523,http://creativecommons.org/licenses/by-nc/4.0/
105811,3314173523,Scathophagidae_Americina_vittatum_983623_3314173523,http://creativecommons.org/licenses/by-nc/4.0/
105812,3314173523,Scathophagidae_Americina_vittatum_983624_3314173523,http://creativecommons.org/licenses/by-nc/4.0/
105813,3314173523,Scathophagidae_Americina_vittatum_983625_3314173523,http://creativecommons.org/licenses/by-nc/4.0/
106130,3785063551,Scathophagidae_Americina_vittatum_556135_3785063551,http://creativecommons.org/licenses/by/4.0/
106132,3785063551,Scathophagidae_Americina_vittatum_556137_3785063551,http://creativecommons.org/licenses/by/4.0/
106695,3874149815,Scathophagidae_Americina_vittatum_594230_3874149815,http://creativecommons.org/licenses/by-nc/4.0/
106696,3874149815,Scathophagidae_Americina_vittatum_594231_3874149815,http://creativecommons.org/licenses/by-nc/4.0/
108600,3465992922,Scathophagidae_Americina_vittatum_3224372_3465992922,http://creativecommons.org/licenses/by-nc/4.0/
108601,3465992922,Scathophagidae_Americina_vittatum_3224373_3465992922,http://creativecommons.org/licenses/by-nc/4.0/
108602,3465992922,Scathophagidae_Americina_vittatum_3224374_3465992922,http://creativecommons.org/licenses/by-nc/4.0/
108603,3465992922,Scathophagidae_Americina_vittatum_3224375_3465992922,http://creativecommons.org/licenses/by-nc/4.0/
108915,3915449548,Scathophagidae_Americina_vittatum_2017481_3915449548,http://creativecommons.org/licenses/by-nc/4.0/
108917,3915449548,Scathophagidae_Americina_vittatum_2017483_3915449548,http://creativecommons.org/licenses/by-nc/4.0/
108918,3915449548,Scathophagidae_Americina_vittatum_2017484_3915449548,http://creativecommons.org/licenses/by-nc/4.0/
108919,3915449548,Scathophagidae_Americina_vittatum_2017485_3915449548,http://creativecommons.org/licenses/by-nc/4.0/
110764,3124804690,Scathophagidae_Norellisoma_spinimanum_1666677_3124804690,http://creativecommons.org/licenses/by-nc/4.0/
110765,3124804690,Scathophagidae_Norellisoma_spinimanum_1666678_3124804690,http://creativecommons.org/licenses/by-nc/4.0/
110766,3124804690,Scathophagidae_Norellisoma_spinimanum_1666679_3124804690,http://creativecommons.org/licenses/by-nc/4.0/
110767,3124804690,Scathophagidae_Norellisoma_spinimanum_1666680_3124804690,http://creativecommons.org/licenses/by-nc/4.0/
111011,2988576496,Scathophagidae_Norellisoma_spinimanum_1636310_2988576496,http://creativecommons.org/licenses/by-sa/4.0/
111012,2988576496,Scathophagidae_Norellisoma_spinimanum_1636311_2988576496,http://creativecommons.org/licenses/by-sa/4.0/
111430,3760029247,Scathophagidae_Scathophaga_stercoraria_1235735_3760029247,http://creativecommons.org/licenses/by-nc/4.0/
112243,3988476075,Scathophagidae_Cordilura_albilabris_3419235_3988476075,http://creativecommons.org/licenses/by-nc/4.0/
112405,3960996414,Scathophagidae_Scathophaga_lutaria_652826_3960996414,http://creativecommons.org/licenses/by-nc/4.0/
112406,3960996414,Scathophagidae_Scathophaga_lutaria_652827_3960996414,http://creativecommons.org/licenses/by-nc/4.0/
112407,3960996414,Scathophagidae_Scathophaga_lutaria_652828_3960996414,http://creativecommons.org/licenses/by-nc/4.0/
112408,3960996414,Scathophagidae_Scathophaga_lutaria_652829_3960996414,http://creativecommons.org/licenses/by-nc/4.0/
114705,3384421838,Scathophagidae_Norellisoma_spinimanum_2389571_3384421838,http://creativecommons.org/licenses/by-nc/4.0/
115431,3994302522,Scathophagidae_Americina_vittatum_2731949_3994302522,http://creativecommons.org/licenses/by/4.0/
115432,3994302522,Scathophagidae_Americina_vittatum_2731950_3994302522,http://creativecommons.org/licenses/by/4.0/
115525,3455224377,Scathophagidae_Cordilura_albilabris_3214130_3455224377,http://creativecommons.org/licenses/by-nc/4.0/
115526,3455224377,Scathophagidae_Cordilura_albilabris_3214131_3455224377,http://creativecommons.org/licenses/by-nc/4.0/
117746,3325482065,Scathophagidae_Scathophaga_stercoraria_2365707_3325482065,http://creativecommons.org/licenses/by-nc/4.0/
118627,3773500066,Scathophagidae_Scathophaga_stercoraria_1241206_3773500066,http://creativecommons.org/licenses/by-nc/4.0/
119548,2634102323,Scathophagidae_Norellisoma_spinimanum_197332_2634102323,http://creativecommons.org/licenses/by-nc/4.0/
119702,3333179359,Scathophagidae_Americina_vittatum_304567_3333179359,http://creativecommons.org/licenses/by-nc/4.0/
119703,3333179359,Scathophagidae_Americina_vittatum_304568_3333179359,http://creativecommons.org/licenses/by-nc/4.0/
119705,3333179359,Scathophagidae_Americina_vittatum_304570_3333179359,http://creativecommons.org/licenses/by-nc/4.0/
119706,3333179359,Scathophagidae_Americina_vittatum_304571_3333179359,http://creativecommons.org/licenses/by-nc/4.0/
119707,3333179359,Scathophagidae_Americina_vittatum_304572_3333179359,http://creativecommons.org/licenses/by-nc/4.0/
119708,3333179359,Scathophagidae_Americina_vittatum_304573_3333179359,http://creativecommons.org/licenses/by-nc/4.0/
121191,3915446675,Scathophagidae_Cordilura_albilabris_639650_3915446675,http://creativecommons.org/licenses/by/4.0/
122276,3905654622,Scathophagidae_Norellisoma_spinimanum_1313219_3905654622,http://creativecommons.org/licenses/by-nc-nd/4.0/
123195,1974464075,Scathophagidae_Cleigastra_fasciata_2189455_1974464075,http://creativecommons.org/licenses/by-nc-nd/4.0/
123581,3729846009,Scathophagidae_Cordilura_albipes_2592504_3729846009,http://creativecommons.org/licenses/by-nc-nd/4.0/
123582,3729846009,Scathophagidae_Cordilura_albipes_2592505_3729846009,http://creativecommons.org/licenses/by-nc-nd/4.0/
124428,2402849898,Scathophagidae_Scathophaga_inquinata_1531532_2402849898,http://creativecommons.org/licenses/by-nc-sa/4.0/
124429,2402849898,Scathophagidae_Scathophaga_inquinata_1531533_2402849898,http://creativecommons.org/licenses/by-nc-sa/4.0/
124462,1822753759,Scathophagidae_Scathophaga_inquinata_747162_1822753759,© All rights reserved
124463,1822753759,Scathophagidae_Scathophaga_inquinata_747163_1822753759,© All rights reserved
125909,3466340715,Scathophagidae_Americina_paridis_1846531_3466340715,http://creativecommons.org/licenses/by-nc/4.0/
125910,3466340715,Scathophagidae_Americina_paridis_1846532_3466340715,http://creativecommons.org/licenses/by-nc/4.0/
125911,3466340715,Scathophagidae_Americina_paridis_1846533_3466340715,http://creativecommons.org/licenses/by-nc/4.0/
127587,2002067782,Scathophagidae_Megaphthalma_pallida_2891117_2002067782,http://creativecommons.org/licenses/by-nc-sa/4.0/
128227,3329813431,Scathophagidae_Americina_vittatum_991309_3329813431,© All rights reserved
128256,3764801313,Scathophagidae_Cleigastra_apicalis_1238022_3764801313,© All rights reserved
128257,3764801313,Scathophagidae_Cleigastra_apicalis_1238023_3764801313,© All rights reserved
128330,3879049473,Scathophagidae_Cordilura_ciliata_2662144_3879049473,© All rights reserved
128331,3879049473,Scathophagidae_Cordilura_ciliata_2662145_3879049473,© All rights reserved
128469,2410905756,Scathophagidae_Norellisoma_spinimanum_844549_2410905756,http://creativecommons.org/licenses/by-nc-sa/4.0/
128571,2391104945,Scathophagidae_Norellisoma_suilla_150583_2391104945,© All rights reserved
128572,2391104945,Scathophagidae_Norellisoma_suilla_150584_2391104945,© All rights reserved
128573,2391104945,Scathophagidae_Norellisoma_suilla_150585_2391104945,© All rights reserved
128574,3921282555,Scathophagidae_Norellisoma_suilla_3402905_3921282555,© All rights reserved
128575,3921282555,Scathophagidae_Norellisoma_suilla_3402906_3921282555,© All rights reserved
128902,1482766091,Scathophagidae_Scathophaga_inquinata_1429586_1482766091,© all rights reserved
129570,3013214536,Scathophagidae_Cordilura_rufipes_2329851_3013214536,© all rights reserved
129571,3013214536,Scathophagidae_Cordilura_rufipes_2329852_3013214536,© all rights reserved
129705,1432326137,Scathophagidae_Cordilura_albipes_1424588_1432326137,© all rights reserved
129706,1432326137,Scathophagidae_Cordilura_albipes_1424589_1432326137,© all rights reserved
129994,2994279894,Scathophagidae_Cordilura_albipes_2327372_2994279894,© all rights reserved
130062,1801830566,Scathophagidae_Norellia_spinipes_2123491_1801830566,© all rights reserved
130159,1123507760,Scathophagidae_Cordilura_albipes_2765596_1123507760,© all rights reserved
130160,1123507760,Scathophagidae_Cordilura_albipes_2765597_1123507760,© all rights reserved
130161,1123507760,Scathophagidae_Cordilura_albipes_2765598_1123507760,© all rights reserved
130816,1459879906,Scathophagidae_Norellia_spinipes_739264_1459879906,© all rights reserved
130817,1459879906,Scathophagidae_Norellia_spinipes_739265_1459879906,© all rights reserved
130818,1459879906,Scathophagidae_Norellia_spinipes_739266_1459879906,© all rights reserved
131009,3856849896,Scathophagidae_Cordilura_rufipes_1261160_3856849896,© all rights reserved
131010,3856849896,Scathophagidae_Cordilura_rufipes_1261161_3856849896,© all rights reserved
131116,1995120880,Scathophagidae_Trichopalpus_punctipes_823016_1995120880,© all rights reserved
131117,1995120880,Scathophagidae_Trichopalpus_punctipes_823017_1995120880,© all rights reserved
131148,1670029990,Scathophagidae_Cordilura_albipes_2121905_1670029990,© all rights reserved
131281,1050214730,Scathophagidae_Scathophaga_inquinata_4155_1050214730,© all rights reserved
131922,3857114529,Scathophagidae_Cordilura_albipes_572247_3857114529,© all rights reserved
131923,3857114529,Scathophagidae_Cordilura_albipes_572248_3857114529,© all rights reserved
132407,1474960695,Scathophagidae_Norellia_spinipes_49684_1474960695,© all rights reserved
132408,1474960695,Scathophagidae_Norellia_spinipes_49685_1474960695,© all rights reserved
132409,1474960695,Scathophagidae_Norellia_spinipes_49686_1474960695,© all rights reserved
132536,2809482753,Scathophagidae_Norellia_spinipes_2271491_2809482753,© all rights reserved
132537,2809482753,Scathophagidae_Norellia_spinipes_2271492_2809482753,© all rights reserved
133111,2433331585,Scathophagidae_Norellia_spinipes_849864_2433331585,© all rights reserved
133112,2433331585,Scathophagidae_Norellia_spinipes_849865_2433331585,© all rights reserved
133113,2433331585,Scathophagidae_Norellia_spinipes_849866_2433331585,© all rights reserved
133404,3431952447,Scathophagidae_Americina_vittatum_2405121_3431952447,© all rights reserved
133479,2809669833,Scathophagidae_Norellisoma_spinimanum_2961873_2809669833,© all rights reserved
133480,2809669833,Scathophagidae_Norellisoma_spinimanum_2961874_2809669833,© all rights reserved
133644,3768190327,Scathophagidae_Scathophaga_inquinata_2616951_3768190327,© all rights reserved
133645,3768190327,Scathophagidae_Scathophaga_inquinata_2616952_3768190327,© all rights reserved
133646,3768190327,Scathophagidae_Scathophaga_inquinata_2616953_3768190327,© all rights reserved
133647,3768190327,Scathophagidae_Scathophaga_inquinata_2616954_3768190327,© all rights reserved
133648,3768190327,Scathophagidae_Scathophaga_inquinata_2616955_3768190327,© all rights reserved
133651,1460247504,Scathophagidae_Norellia_spinipes_2807327_1460247504,© all rights reserved
133652,1460247504,Scathophagidae_Norellia_spinipes_2807328_1460247504,© all rights reserved
134082,3857657761,Scathophagidae_Cordilura_albipes_572607_3857657761,© all rights reserved
134083,3857657761,Scathophagidae_Cordilura_albipes_572608_3857657761,© all rights reserved
134084,3857657761,Scathophagidae_Cordilura_albipes_572609_3857657761,© all rights reserved
134085,3857657761,Scathophagidae_Cordilura_albipes_572610_3857657761,© all rights reserved
134647,1432327803,Scathophagidae_Megaphthalmoides_unilineatus_2113922_1432327803,© all rights reserved
134648,1432327803,Scathophagidae_Megaphthalmoides_unilineatus_2113923_1432327803,© all rights reserved
134880,2272596963,Scathophagidae_Scathophaga_inquinata_2903325_2272596963,© all rights reserved
134929,3992933364,Scathophagidae_Scatomyza_scybalaria_662937_3992933364,© all rights reserved
134930,3992933364,Scathophagidae_Scatomyza_scybalaria_662938_3992933364,© all rights reserved
134931,3992933364,Scathophagidae_Scatomyza_scybalaria_662939_3992933364,© all rights reserved
134932,3992933364,Scathophagidae_Scatomyza_scybalaria_662940_3992933364,© all rights reserved
134962,1460401074,Scathophagidae_Cordilura_ciliata_2118255_1460401074,© all rights reserved
135120,1884558136,Scathophagidae_Hydromyza_livens_1461155_1884558136,© all rights reserved
135187,1459357019,Scathophagidae_Cordilura_albipes_1426913_1459357019,© all rights reserved
135709,1478154650,Scathophagidae_Scathophaga_spurca_2808348_1478154650,© all rights reserved
135710,1478154650,Scathophagidae_Scathophaga_spurca_2808349_1478154650,© all rights reserved
135739,931826251,Scathophagidae_Norellisoma_spinimanum_2757051_931826251,© all rights reserved
135742,1493189494,Scathophagidae_Norellia_spinipes_740906_1493189494,© all rights reserved
135778,4013910646,Scathophagidae_Scathophaga_furcata_2746632_4013910646,© all rights reserved
135779,4013910646,Scathophagidae_Scathophaga_furcata_2746633_4013910646,© all rights reserved
135797,1884508450,Scathophagidae_Pogonota_barbata_772651_1884508450,© all rights reserved
136205,2273704687,Scathophagidae_Megaphthalmoides_unilineatus_2904189_2273704687,© all rights reserved
136281,1499807132,Scathophagidae_Scathophaga_inquinata_2808435_1499807132,© all rights reserved
136282,1499807132,Scathophagidae_Scathophaga_inquinata_2808436_1499807132,© all rights reserved
136349,3856612122,Scathophagidae_Cleigastra_apicalis_1261002_3856612122,© all rights reserved
136350,3856612122,Scathophagidae_Cleigastra_apicalis_1261003_3856612122,© all rights reserved
136351,3856612122,Scathophagidae_Cleigastra_apicalis_1261004_3856612122,© all rights reserved
136352,3856612122,Scathophagidae_Cleigastra_apicalis_1261005_3856612122,© all rights reserved
136503,3078552625,Scathophagidae_Scathophaga_furcata_966699_3078552625,© all rights reserved
136504,3078552625,Scathophagidae_Scathophaga_furcata_966700_3078552625,© all rights reserved
136746,1844845375,Scathophagidae_Norellia_spinipes_2141667_1844845375,© all rights reserved
136747,1844845375,Scathophagidae_Norellia_spinipes_2141668_1844845375,© all rights reserved
136748,1844845375,Scathophagidae_Norellia_spinipes_2141669_1844845375,© all rights reserved
136923,1460045307,Scathophagidae_Pogonota_barbata_739616_1460045307,© all rights reserved
136939,1430950095,Scathophagidae_Scathophaga_inquinata_2802599_1430950095,© all rights reserved
137010,3893754477,Scathophagidae_Americina_paridis_1982299_3893754477,© all rights reserved
137267,3964338957,Scathophagidae_Scathophaga_inquinata_656641_3964338957,© all rights reserved
137429,1458476353,Scathophagidae_Scathophaga_spurca_1426306_1458476353,© all rights reserved
137521,3857818700,Scathophagidae_Cordilura_ciliata_1950955_3857818700,© all rights reserved
137609,1461069395,Scathophagidae_Micropselapha_filiformis_49495_1461069395,© all rights reserved
137610,1461069395,Scathophagidae_Micropselapha_filiformis_49496_1461069395,© all rights reserved
137611,1461069395,Scathophagidae_Micropselapha_filiformis_49497_1461069395,© all rights reserved
137875,3430314996,Scathophagidae_Cleigastra_flavipes_2404295_3430314996,© all rights reserved
137983,3856770879,Scathophagidae_Scathophaga_inquinata_572039_3856770879,© all rights reserved
138141,1459400972,Scathophagidae_Norellisoma_spinimanum_2805909_1459400972,© all rights reserved
138508,3776591420,Scathophagidae_Scathophaga_spurca_552839_3776591420,© all rights reserved
138509,3776591420,Scathophagidae_Scathophaga_spurca_552840_3776591420,© all rights reserved
138510,3776591420,Scathophagidae_Scathophaga_spurca_552841_3776591420,© all rights reserved
138645,1455768934,Scathophagidae_Trichopalpus_fraternus_737388_1455768934,© all rights reserved
138646,1455768934,Scathophagidae_Trichopalpus_fraternus_737389_1455768934,© all rights reserved
138971,1995277148,Scathophagidae_Scathophaga_spurca_823081_1995277148,© all rights reserved
138972,1995277148,Scathophagidae_Scathophaga_spurca_823082_1995277148,© all rights reserved
139259,1884326127,Scathophagidae_Cordilura_albipes_81645_1884326127,© all rights reserved
139260,1884326127,Scathophagidae_Cordilura_albipes_81646_1884326127,© all rights reserved
139329,3768931103,Scathophagidae_Scathophaga_inquinata_2617113_3768931103,© all rights reserved
139507,4006108042,Scathophagidae_Norellisoma_spinimanum_674212_4006108042,© all rights reserved
139508,4006108042,Scathophagidae_Norellisoma_spinimanum_674213_4006108042,© all rights reserved
139639,2604818582,Scathophagidae_Microprosopa_pallidicauda_1565569_2604818582,© all rights reserved
139841,2979830645,Scathophagidae_Scathophaga_spurca_1633685_2979830645,© all rights reserved
139867,1671130279,Scathophagidae_Cordilura_albipes_1433135_1671130279,© all rights reserved
140779,1890223906,Scathophagidae_Cordilura_ciliata_82324_1890223906,© all rights reserved
140780,1890223906,Scathophagidae_Cordilura_ciliata_82325_1890223906,© all rights reserved
140781,1890223906,Scathophagidae_Cordilura_ciliata_82326_1890223906,© all rights reserved
140926,1460278295,Scathophagidae_Cordilura_albipes_48747_1460278295,© all rights reserved
140927,1460278295,Scathophagidae_Cordilura_albipes_48748_1460278295,© all rights reserved
141195,1499936211,Scathophagidae_Spaziphora_hydromyzina_49793_1499936211,© all rights reserved
141196,1499936211,Scathophagidae_Spaziphora_hydromyzina_49794_1499936211,© all rights reserved
141327,2604020569,Scathophagidae_Scathophaga_spurca_1565546_2604020569,© all rights reserved
141328,2604020569,Scathophagidae_Scathophaga_spurca_1565547_2604020569,© all rights reserved
141379,2872519398,Scathophagidae_Scathophaga_inquinata_2315083_2872519398,© all rights reserved
141530,3433586857,Scathophagidae_Cordilura_albipes_338164_3433586857,© all rights reserved
141568,1502664451,Scathophagidae_Norellia_spinipes_1429826_1502664451,© all rights reserved
141569,1502664451,Scathophagidae_Norellia_spinipes_1429827_1502664451,© all rights reserved
141671,1434067990,Scathophagidae_Norellia_spinipes_45235_1434067990,© all rights reserved
141672,1434067990,Scathophagidae_Norellia_spinipes_45236_1434067990,© all rights reserved
142048,3920116147,Scathophagidae_Scathophaga_spurca_1333534_3920116147,© all rights reserved
142087,3769405395,Scathophagidae_Cordilura_ciliata_549611_3769405395,© all rights reserved
142088,2247509077,Scathophagidae_Coniosternum_decipiens_2895799_2247509077,© all rights reserved
142089,2247509077,Scathophagidae_Coniosternum_decipiens_2895800_2247509077,© all rights reserved
142090,2247509077,Scathophagidae_Coniosternum_decipiens_2895801_2247509077,© all rights reserved
142564,1460476691,Scathophagidae_Cordilura_albipes_49222_1460476691,© all rights reserved
142725,1670223846,Scathophagidae_Norellisoma_spinimanum_2811554_1670223846,© all rights reserved
142852,1037137544,Scathophagidae_Megaphthalma_pallida_694980_1037137544,© all rights reserved
142900,2847772044,Scathophagidae_Trichopalpus_fraternus_235536_2847772044,© all rights reserved
142901,2847772044,Scathophagidae_Trichopalpus_fraternus_235537_2847772044,© all rights reserved
143889,3964498480,Scathophagidae_Scathophaga_inquinata_2724481_3964498480,© all rights reserved
144057,3857318717,Scathophagidae_Scathophaga_inquinata_572396_3857318717,© all rights reserved
144120,3431718439,Scathophagidae_Scathophaga_spurca_3095339_3431718439,© all rights reserved
144154,1485108807,Scathophagidae_Norellia_spinipes_1429594_1485108807,© all rights reserved
144248,1801739008,Scathophagidae_Cordilura_albipes_1434140_1801739008,© all rights reserved
144735,2533114039,Scathophagidae_Cordilura_albipes_2924967_2533114039,© all rights reserved
144860,2464402517,Scathophagidae_Megaphthalma_pallida_1543263_2464402517,© all rights reserved
144914,1460304175,Scathophagidae_Pogonota_barbata_1428704_1460304175,© all rights reserved
145182,1132482501,Scathophagidae_Cordilura_albipes_7039_1132482501,© all rights reserved
145258,1460005503,Scathophagidae_Scathophaga_inquinata_48311_1460005503,© all rights reserved
145295,931869523,Scathophagidae_Norellia_spinipes_2067480_931869523,© all rights reserved
145307,1037073536,Scathophagidae_Scathophaga_inquinata_694964_1037073536,© all rights reserved
145308,1037073536,Scathophagidae_Scathophaga_inquinata_694965_1037073536,© all rights reserved
145381,1460576341,Scathophagidae_Cordilura_rufipes_2118591_1460576341,© all rights reserved
145607,2979736389,Scathophagidae_Scathophaga_spurca_1633667_2979736389,© all rights reserved
145608,2979736389,Scathophagidae_Scathophaga_spurca_1633668_2979736389,© all rights reserved
145609,2979736389,Scathophagidae_Scathophaga_spurca_1633669_2979736389,© all rights reserved
145754,3432724207,Scathophagidae_Scathophaga_inquinata_1716399_3432724207,© all rights reserved
145960,1459882834,Scathophagidae_Cordilura_rufipes_47969_1459882834,© all rights reserved
145961,1459882834,Scathophagidae_Cordilura_rufipes_47970_1459882834,© all rights reserved
146016,1671031263,Scathophagidae_Scathophaga_furcata_53547_1671031263,© all rights reserved
146017,1671031263,Scathophagidae_Scathophaga_furcata_53548_1671031263,© all rights reserved
146018,1671031263,Scathophagidae_Scathophaga_furcata_53549_1671031263,© all rights reserved
146019,1671031263,Scathophagidae_Scathophaga_furcata_53550_1671031263,© all rights reserved
146179,1960136600,Scathophagidae_Scathophaga_stercoraria_2169024_1960136600,http://creativecommons.org/licenses/by-nc-nd/4.0/
146708,3996148029,Scathophagidae_Hydromyza_livens_2046297_3996148029,http://creativecommons.org/licenses/by/4.0/
147264,3728735426,Scathophagidae_Scathophaga_stercoraria_1899959_3728735426,http://creativecommons.org/licenses/by-nc-nd/4.0/
149251,3824179245,Scathophagidae_Micropselapha_filiformis_563320_3824179245,http://creativecommons.org/licenses/by-nc-nd/4.0/
149999,1977243464,Scathophagidae_Norellisoma_spinimanum_125105_1977243464,http://creativecommons.org/licenses/by-nc-nd/4.0/
150151,3412086330,Scathophagidae_Gimnomera_tarsea_1022049_3412086330,© All rights reserved
150152,3412086330,Scathophagidae_Gimnomera_tarsea_1022050_3412086330,© All rights reserved
150209,3414548430,Scathophagidae_Norellisoma_spinimanum_3090474_3414548430,http://creativecommons.org/licenses/by/4.0/
150449,2402086288,Scathophagidae_Scathophaga_calida_842702_2402086288,© All rights reserved
150450,2402086288,Scathophagidae_Scathophaga_calida_842703_2402086288,© All rights reserved
150451,2402086288,Scathophagidae_Scathophaga_calida_842704_2402086288,© All rights reserved
150815,2402957350,Scathophagidae_Ceratinostoma_ostiorum_152716_2402957350,© All rights reserved
150816,2402957350,Scathophagidae_Ceratinostoma_ostiorum_152717_2402957350,© All rights reserved
150817,2402957350,Scathophagidae_Ceratinostoma_ostiorum_152718_2402957350,© All rights reserved
150931,2406312189,Scathophagidae_Megaphthalmoides_unilineatus_843682_2406312189,© All rights reserved
150932,2406312189,Scathophagidae_Megaphthalmoides_unilineatus_843683_2406312189,© All rights reserved
150933,2406312189,Scathophagidae_Megaphthalmoides_unilineatus_843684_2406312189,© All rights reserved
151200,3309913497,Scathophagidae_Norellisoma_suilla_293369_3309913497,© All rights reserved
151334,2252341842,Scathophagidae_Cordilura_albipes_2902256_2252341842,http://creativecommons.org/licenses/by-sa/4.0/
151377,2409947750,Scathophagidae_Cleigastra_flavipes_2912941_2409947750,© All rights reserved
151378,2409947750,Scathophagidae_Cleigastra_flavipes_2912942_2409947750,© All rights reserved
151379,2409947750,Scathophagidae_Cleigastra_flavipes_2912943_2409947750,© All rights reserved
151828,1670830614,Scathophagidae_Megaphthalma_pallida_744490_1670830614,© all rights reserved
152297,1955144539,Scathophagidae_Hydromyza_livens_1471348_1955144539,http://creativecommons.org/licenses/by-nc-sa/4.0/
152688,1959292832,Scathophagidae_Norellisoma_spinimanum_2167211_1959292832,http://creativecommons.org/licenses/by-nc-nd/4.0/
153542,1953788042,Scathophagidae_Norellia_spinipes_781250_1953788042,http://creativecommons.org/licenses/by-nc-nd/4.0/
153543,1953788042,Scathophagidae_Norellia_spinipes_781251_1953788042,http://creativecommons.org/licenses/by-nc-nd/4.0/
153544,1953788042,Scathophagidae_Norellia_spinipes_781252_1953788042,http://creativecommons.org/licenses/by-nc-nd/4.0/
153545,1953788042,Scathophagidae_Norellia_spinipes_781253_1953788042,http://creativecommons.org/licenses/by-nc-nd/4.0/
153546,1953788042,Scathophagidae_Norellia_spinipes_781254_1953788042,http://creativecommons.org/licenses/by-nc-nd/4.0/
154115,3731098890,Scathophagidae_Cordilura_albipes_2598765_3731098890,http://creativecommons.org/licenses/by-nc-nd/4.0/
154116,3731098890,Scathophagidae_Cordilura_albipes_2598766_3731098890,http://creativecommons.org/licenses/by-nc-nd/4.0/
154669,2843025977,Scathophagidae_Norellisoma_spinimanum_229782_2843025977,http://creativecommons.org/licenses/by-nc-nd/4.0/
154683,1965203327,Scathophagidae_Norellisoma_spinimanum_2174253_1965203327,http://creativecommons.org/licenses/by-nc-nd/4.0/
155181,2838273254,Scathophagidae_Hydromyza_livens_221610_2838273254,http://creativecommons.org/licenses/by-nc/4.0/
155182,2838273254,Scathophagidae_Hydromyza_livens_221611_2838273254,http://creativecommons.org/licenses/by-nc/4.0/
155183,2838273254,Scathophagidae_Hydromyza_livens_221612_2838273254,http://creativecommons.org/licenses/by-nc/4.0/
155184,2838273254,Scathophagidae_Hydromyza_livens_221613_2838273254,http://creativecommons.org/licenses/by-nc/4.0/
155493,1967164620,Scathophagidae_Acerocnema_macrocera_2868922_1967164620,http://creativecommons.org/licenses/by-nc-nd/4.0/
156345,2407456802,Scathophagidae_Scathophaga_lutaria_153753_2407456802,© All rights reserved
156346,2407456802,Scathophagidae_Scathophaga_lutaria_153754_2407456802,© All rights reserved
156347,2407456802,Scathophagidae_Scathophaga_lutaria_153755_2407456802,© All rights reserved
156458,3451512452,Scathophagidae_Cordilura_albipes_455171_3451512452,© All rights reserved
156638,1901012743,Scathophagidae_Norellisoma_suilla_1462754_1901012743,© All rights reserved
156657,3864354446,Scathophagidae_Scathophaga_furcata_1276802_3864354446,© All rights reserved
156658,3864354446,Scathophagidae_Scathophaga_furcata_1276803_3864354446,© All rights reserved
156715,2556790611,Scathophagidae_Norellisoma_suilla_2927023_2556790611,© All rights reserved
156880,3987854326,Scathophagidae_Norellisoma_suilla_2038885_3987854326,© All rights reserved
156881,3987854326,Scathophagidae_Norellisoma_suilla_2038886_3987854326,© All rights reserved
156888,2981404330,Scathophagidae_Scathophaga_stercoraria_946199_2981404330,© All rights reserved
157642,3726609450,Scathophagidae_Norellisoma_spinimanum_514204_3726609450,http://creativecommons.org/licenses/by-nc-nd/4.0/
158133,1960151840,Scathophagidae_Trichopalpus_fraternus_791150_1960151840,http://creativecommons.org/licenses/by-nc-nd/4.0/
158134,1960151840,Scathophagidae_Trichopalpus_fraternus_791151_1960151840,http://creativecommons.org/licenses/by-nc-nd/4.0/
161634,3921261478,Scathophagidae_Microprosopa_pallidicauda_644974_3921261478,© All rights reserved
161635,3921261478,Scathophagidae_Microprosopa_pallidicauda_644975_3921261478,© All rights reserved
161636,3921261478,Scathophagidae_Microprosopa_pallidicauda_644976_3921261478,© All rights reserved
162071,2409960747,Scathophagidae_Norellisoma_suilla_154327_2409960747,© All rights reserved
162072,2409960747,Scathophagidae_Norellisoma_suilla_154328_2409960747,© All rights reserved
162073,2409960747,Scathophagidae_Norellisoma_suilla_154329_2409960747,© All rights reserved
162420,2403304518,Scathophagidae_Scathophaga_furcata_2220700_2403304518,http://creativecommons.org/licenses/by-nc-sa/4.0/
162438,3820125332,Scathophagidae_Cordilura_ciliata_1936579_3820125332,© All rights reserved
162570,3335740301,Scathophagidae_Scathophaga_furcata_308195_3335740301,© All rights reserved
162854,2399053935,Scathophagidae_Scathophaga_lutaria_841974_2399053935,© All rights reserved
162855,2399053935,Scathophagidae_Scathophaga_lutaria_841975_2399053935,© All rights reserved
163461,1933117099,Scathophagidae_Pogonota_barbata_85229_1933117099,http://creativecommons.org/licenses/by-nc-sa/4.0/
163708,3027870325,Scathophagidae_Cordilura_ciliata_1642961_3027870325,© All rights reserved
164367,3720500818,Scathophagidae_Scathophaga_stercoraria_2559222_3720500818,http://creativecommons.org/licenses/by-nc-nd/4.0/
164374,3730640621,Scathophagidae_Scathophaga_stercoraria_1906999_3730640621,http://creativecommons.org/licenses/by-nc-nd/4.0/
164591,1957765337,Scathophagidae_Scathophaga_inquinata_787096_1957765337,http://creativecommons.org/licenses/by-nc-nd/4.0/
164592,1957765337,Scathophagidae_Scathophaga_inquinata_787097_1957765337,http://creativecommons.org/licenses/by-nc-nd/4.0/
164593,1957765337,Scathophagidae_Scathophaga_inquinata_787098_1957765337,http://creativecommons.org/licenses/by-nc-nd/4.0/
165172,2841412973,Scathophagidae_Norellisoma_spinimanum_1604378_2841412973,http://creativecommons.org/licenses/by-nc/4.0/
165173,2834613334,Scathophagidae_Norellisoma_spinimanum_2974167_2834613334,http://creativecommons.org/licenses/by-nc-nd/4.0/
167525,3907321754,Scathophagidae_Scathophaga_stercoraria_2011955_3907321754,http://creativecommons.org/licenses/by-nc-nd/4.0/
169544,1953270781,Scathophagidae_Scathophaga_furcata_1469105_1953270781,http://creativecommons.org/licenses/by-nc-nd/4.0/
169545,1953270781,Scathophagidae_Scathophaga_furcata_1469106_1953270781,http://creativecommons.org/licenses/by-nc-nd/4.0/
169546,1953270781,Scathophagidae_Scathophaga_furcata_1469107_1953270781,http://creativecommons.org/licenses/by-nc-nd/4.0/
171078,3731685698,Scathophagidae_Scathophaga_stercoraria_1223653_3731685698,http://creativecommons.org/licenses/by-nc-nd/4.0/
171333,1953634351,Scathophagidae_Cleigastra_apicalis_2848796_1953634351,http://creativecommons.org/licenses/by-nc-nd/4.0/
172485,2979928380,Scathophagidae_Cleigastra_fasciata_945238_2979928380,© all rights reserved
172503,1485617761,Scathophagidae_Norellia_spinipes_740869_1485617761,© all rights reserved
172783,1460572911,Scathophagidae_Norellia_spinipes_1429236_1460572911,© all rights reserved
172912,2865967434,Scathophagidae_Scathophaga_furcata_3003990_2865967434,© all rights reserved
172932,1433369997,Scathophagidae_Cordilura_ciliata_2803801_1433369997,© all rights reserved
172994,1135565758,Scathophagidae_Scathophaga_spurca_698654_1135565758,© all rights reserved
172995,1135565758,Scathophagidae_Scathophaga_spurca_698655_1135565758,© all rights reserved
173340,2285785876,Scathophagidae_Megaphthalmoides_unilineatus_2905174_2285785876,© all rights reserved
173708,1459359414,Scathophagidae_Scathophaga_furcata_2116322_1459359414,© all rights reserved
173709,1459359414,Scathophagidae_Scathophaga_furcata_2116323_1459359414,© all rights reserved
174883,3996670716,Scathophagidae_Scathophaga_stercoraria_670764_3996670716,http://creativecommons.org/licenses/by-nc-nd/4.0/
174983,1972495855,Scathophagidae_Norellisoma_spinimanum_2875837_1972495855,http://creativecommons.org/licenses/by-nc-nd/4.0/
174984,1972495855,Scathophagidae_Norellisoma_spinimanum_2875838_1972495855,http://creativecommons.org/licenses/by-nc-nd/4.0/
176104,3384815469,Scathophagidae_Norellisoma_spinimanum_323339_3384815469,http://creativecommons.org/licenses/by-nc/4.0/
176105,3384815469,Scathophagidae_Norellisoma_spinimanum_323340_3384815469,http://creativecommons.org/licenses/by-nc/4.0/
176110,3384815469,Scathophagidae_Norellisoma_spinimanum_323345_3384815469,http://creativecommons.org/licenses/by-nc/4.0/
176111,3384815469,Scathophagidae_Norellisoma_spinimanum_323346_3384815469,http://creativecommons.org/licenses/by-nc/4.0/
176112,3384815469,Scathophagidae_Norellisoma_spinimanum_323347_3384815469,http://creativecommons.org/licenses/by-nc/4.0/
176113,3384815469,Scathophagidae_Norellisoma_spinimanum_323348_3384815469,http://creativecommons.org/licenses/by-nc/4.0/
176114,3384815469,Scathophagidae_Norellisoma_spinimanum_323349_3384815469,http://creativecommons.org/licenses/by-nc/4.0/
176117,3384815469,Scathophagidae_Norellisoma_spinimanum_323352_3384815469,http://creativecommons.org/licenses/by-nc/4.0/
176118,3384815469,Scathophagidae_Norellisoma_spinimanum_323353_3384815469,http://creativecommons.org/licenses/by-nc/4.0/
176119,3384815469,Scathophagidae_Norellisoma_spinimanum_323354_3384815469,http://creativecommons.org/licenses/by-nc/4.0/
176120,3384815469,Scathophagidae_Norellisoma_spinimanum_323355_3384815469,http://creativecommons.org/licenses/by-nc/4.0/
176123,3384815469,Scathophagidae_Norellisoma_spinimanum_323358_3384815469,http://creativecommons.org/licenses/by-nc/4.0/
178578,2405622163,Scathophagidae_Cordilura_ciliata_843533_2405622163,http://creativecommons.org/licenses/by-nc-sa/4.0/
178579,2405622163,Scathophagidae_Cordilura_ciliata_843534_2405622163,http://creativecommons.org/licenses/by-nc-sa/4.0/
178580,2405622163,Scathophagidae_Cordilura_ciliata_843535_2405622163,http://creativecommons.org/licenses/by-nc-sa/4.0/
179033,2848773312,Scathophagidae_Cordilura_albipes_1614689_2848773312,© All rights reserved
179034,2848773312,Scathophagidae_Cordilura_albipes_1614690_2848773312,© All rights reserved
179412,2355009734,Scathophagidae_Cordilura_albipes_1528738_2355009734,© All rights reserved
179436,2399986697,Scathophagidae_Scathophaga_inquinata_2219895_2399986697,http://creativecommons.org/licenses/by-nc-sa/4.0/
179603,3979046307,Scathophagidae_Cordilura_ciliata_1346714_3979046307,http://creativecommons.org/licenses/by/4.0/
179661,3329785456,Scathophagidae_Americina_vittatum_991283_3329785456,© All rights reserved
179662,3329785456,Scathophagidae_Americina_vittatum_991284_3329785456,© All rights reserved
179663,3329785456,Scathophagidae_Americina_vittatum_991285_3329785456,© All rights reserved
179710,1937545715,Scathophagidae_Megaphthalma_pallida_2154211_1937545715,http://creativecommons.org/licenses/by-nc-sa/4.0/
179711,1937545715,Scathophagidae_Megaphthalma_pallida_2154212_1937545715,http://creativecommons.org/licenses/by-nc-sa/4.0/
179924,3393078401,Scathophagidae_Scathophaga_furcata_1016856_3393078401,© All rights reserved
179925,3393078401,Scathophagidae_Scathophaga_furcata_1016857_3393078401,© All rights reserved
181336,2856767025,Scathophagidae_Cordilura_albilabris_2999992_2856767025,http://creativecommons.org/licenses/by-nc/4.0/
181337,2856767025,Scathophagidae_Cordilura_albilabris_2999993_2856767025,http://creativecommons.org/licenses/by-nc/4.0/
182340,3456622642,Scathophagidae_Cordilura_albilabris_1841860_3456622642,http://creativecommons.org/licenses/by-nc/4.0/
182341,3456622642,Scathophagidae_Cordilura_albilabris_1841861_3456622642,http://creativecommons.org/licenses/by-nc/4.0/
183435,2985163413,Scathophagidae_Norellisoma_suilla_2325138_2985163413,© All rights reserved
183436,2985163413,Scathophagidae_Norellisoma_suilla_2325139_2985163413,© All rights reserved
183437,2985163413,Scathophagidae_Norellisoma_suilla_2325140_2985163413,© All rights reserved
183438,2985163413,Scathophagidae_Norellisoma_suilla_2325141_2985163413,© All rights reserved
183439,2985163413,Scathophagidae_Norellisoma_suilla_2325142_2985163413,© All rights reserved
183832,2313628774,Scathophagidae_Scathophaga_stercoraria_2216344_2313628774,© All rights reserved
184587,2621959037,Scathophagidae_Scathophaga_lutaria_189413_2621959037,
184650,3859624910,Scathophagidae_Americina_paridis_3340510_3859624910,http://creativecommons.org/licenses/by/4.0/
185885,3355022552,Scathophagidae_Hydromyza_livens_2382519_3355022552,http://creativecommons.org/licenses/by-nc/4.0/
185886,3355022552,Scathophagidae_Hydromyza_livens_2382520_3355022552,http://creativecommons.org/licenses/by-nc/4.0/
185888,3860264349,Scathophagidae_Hydromyza_livens_584894_3860264349,http://creativecommons.org/licenses/by-nc/4.0/
185889,3860264349,Scathophagidae_Hydromyza_livens_584895_3860264349,http://creativecommons.org/licenses/by-nc/4.0/
185890,3860264349,Scathophagidae_Hydromyza_livens_584896_3860264349,http://creativecommons.org/licenses/by-nc/4.0/
185891,3860264349,Scathophagidae_Hydromyza_livens_584897_3860264349,http://creativecommons.org/licenses/by-nc/4.0/
185892,3860264349,Scathophagidae_Hydromyza_livens_584898_3860264349,http://creativecommons.org/licenses/by-nc/4.0/
186079,4022100368,Scathophagidae_Cleigastra_apicalis_3440758_4022100368,http://creativecommons.org/licenses/by-nc/4.0/
186551,3456462220,Scathophagidae_Norellisoma_spinimanum_1151608_3456462220,http://creativecommons.org/licenses/by-nc/4.0/
186552,3456462220,Scathophagidae_Norellisoma_spinimanum_1151609_3456462220,http://creativecommons.org/licenses/by-nc/4.0/
187369,2826235868,Scathophagidae_Cordilura_albipes_2277648_2826235868,http://creativecommons.org/licenses/by-nc/4.0/
187370,2826235868,Scathophagidae_Cordilura_albipes_2277649_2826235868,http://creativecommons.org/licenses/by-nc/4.0/
187371,2826235868,Scathophagidae_Cordilura_albipes_2277650_2826235868,http://creativecommons.org/licenses/by-nc/4.0/
187372,2826235868,Scathophagidae_Cordilura_albipes_2277651_2826235868,http://creativecommons.org/licenses/by-nc/4.0/
187373,2826235868,Scathophagidae_Cordilura_albipes_2277652_2826235868,http://creativecommons.org/licenses/by-nc/4.0/
187374,2826235868,Scathophagidae_Cordilura_albipes_2277653_2826235868,http://creativecommons.org/licenses/by-nc/4.0/
187693,3857009267,Scathophagidae_Norellisoma_spinimanum_1950373_3857009267,© all rights reserved
187715,1461037229,Scathophagidae_Norellia_spinipes_740647_1461037229,© all rights reserved
187716,1461037229,Scathophagidae_Norellia_spinipes_740648_1461037229,© all rights reserved
187717,1461037229,Scathophagidae_Norellia_spinipes_740649_1461037229,© all rights reserved
188210,3466113811,Scathophagidae_Americina_vittatum_1845800_3466113811,http://creativecommons.org/licenses/by-nc/4.0/
188882,3859971506,Scathophagidae_Scathophaga_stercoraria_583539_3859971506,http://creativecommons.org/licenses/by-nc/4.0/
189475,3961119339,Scathophagidae_Norellisoma_suilla_1341731_3961119339,http://creativecommons.org/licenses/by-nc-nd/4.0/
189558,2273269725,Scathophagidae_Americina_vittatum_2213419_2273269725,http://creativecommons.org/licenses/by-nc/4.0/
189559,2273269725,Scathophagidae_Americina_vittatum_2213420_2273269725,http://creativecommons.org/licenses/by-nc/4.0/
189959,3963751333,Scathophagidae_Scathophaga_stercoraria_1344946_3963751333,http://creativecommons.org/licenses/by-nc/4.0/
191312,3451492348,Scathophagidae_Scathophaga_lutaria_1144578_3451492348,© All rights reserved
191313,3451492348,Scathophagidae_Scathophaga_lutaria_1144579_3451492348,© All rights reserved
191314,3451492348,Scathophagidae_Scathophaga_lutaria_1144580_3451492348,© All rights reserved
191359,2416776582,Scathophagidae_Cordilura_albipes_2913579_2416776582,© All rights reserved
191360,2416776582,Scathophagidae_Cordilura_albipes_2913580_2416776582,© All rights reserved
191375,1843987027,Scathophagidae_Cordilura_ciliata_2141438_1843987027,http://creativecommons.org/licenses/by-nc-sa/4.0/
191518,3382364316,Scathophagidae_Cordilura_albipes_1008199_3382364316,© All rights reserved
191519,3382364316,Scathophagidae_Cordilura_albipes_1008200_3382364316,© All rights reserved
191604,2863596362,Scathophagidae_Norellisoma_suilla_2312663_2863596362,© All rights reserved
191605,2863596362,Scathophagidae_Norellisoma_suilla_2312664_2863596362,© All rights reserved
191606,2863596362,Scathophagidae_Norellisoma_suilla_2312665_2863596362,© All rights reserved
191632,2468751778,Scathophagidae_Cleigastra_flavipes_855332_2468751778,© All rights reserved
191633,2468751778,Scathophagidae_Cleigastra_flavipes_855333_2468751778,© All rights reserved
191634,2468751778,Scathophagidae_Cleigastra_flavipes_855334_2468751778,© All rights reserved
192278,2411029299,Scathophagidae_Cordilura_ciliata_844576_2411029299,http://creativecommons.org/licenses/by-nc-sa/4.0/
192677,2556775623,Scathophagidae_Norellisoma_suilla_168636_2556775623,© All rights reserved
193022,3759636995,Scathophagidae_Norellia_spinipes_545622_3759636995,http://creativecommons.org/licenses/by-nc/4.0/
193023,3759636995,Scathophagidae_Norellia_spinipes_545623_3759636995,http://creativecommons.org/licenses/by-nc/4.0/
193024,3759636995,Scathophagidae_Norellia_spinipes_545624_3759636995,http://creativecommons.org/licenses/by-nc/4.0/
193025,3759636995,Scathophagidae_Norellia_spinipes_545625_3759636995,http://creativecommons.org/licenses/by-nc/4.0/
194885,2856768041,Scathophagidae_Norellisoma_spinimanum_2309831_2856768041,http://creativecommons.org/licenses/by-nc/4.0/
195602,3915318358,Scathophagidae_Norellia_spinipes_1327279_3915318358,http://creativecommons.org/licenses/by-nc/4.0/
196264,1975187973,Scathophagidae_Norellisoma_spinimanum_2189933_1975187973,http://creativecommons.org/licenses/by-nc-nd/4.0/
196265,1975187973,Scathophagidae_Norellisoma_spinimanum_2189934_1975187973,http://creativecommons.org/licenses/by-nc-nd/4.0/
196266,1975187973,Scathophagidae_Norellisoma_spinimanum_2189935_1975187973,http://creativecommons.org/licenses/by-nc-nd/4.0/
196706,2836774292,Scathophagidae_Norellisoma_spinimanum_2976607_2836774292,http://creativecommons.org/licenses/by-nc-nd/4.0/
197118,1970962472,Scathophagidae_Acerocnema_macrocera_2874487_1970962472,http://creativecommons.org/licenses/by-nc-nd/4.0/
198517,3717862430,Scathophagidae_Norellisoma_spinimanum_484567_3717862430,http://creativecommons.org/licenses/by-nc/4.0/
199250,2842735394,Scathophagidae_Cordilura_ciliata_2297121_2842735394,http://creativecommons.org/licenses/by-nc-nd/4.0/
199385,1956646770,Scathophagidae_Norellisoma_suilla_1473830_1956646770,http://creativecommons.org/licenses/by-nc-nd/4.0/
199386,1956646770,Scathophagidae_Norellisoma_suilla_1473831_1956646770,http://creativecommons.org/licenses/by-nc-nd/4.0/
199387,1956646770,Scathophagidae_Norellisoma_suilla_1473832_1956646770,http://creativecommons.org/licenses/by-nc-nd/4.0/
201499,3302265203,Scathophagidae_Americina_vittatum_1668704_3302265203,http://creativecommons.org/licenses/by/4.0/
201500,3302265203,Scathophagidae_Americina_vittatum_1668705_3302265203,http://creativecommons.org/licenses/by/4.0/
201501,3302265203,Scathophagidae_Americina_vittatum_1668706_3302265203,http://creativecommons.org/licenses/by/4.0/
201555,2234810031,Scathophagidae_Scathophaga_stercoraria_134386_2234810031,http://creativecommons.org/licenses/by-nc/4.0/
201708,3415736815,Scathophagidae_Americina_vittatum_1023853_3415736815,http://creativecommons.org/licenses/by-nc/4.0/
201709,3415736815,Scathophagidae_Americina_vittatum_1023854_3415736815,http://creativecommons.org/licenses/by-nc/4.0/
203202,3447715543,Scathophagidae_Gimnomera_tarsea_1143671_3447715543,http://creativecommons.org/licenses/by-nc/4.0/
203335,3447733756,Scathophagidae_Scathophaga_inquinata_1833189_3447733756,http://creativecommons.org/licenses/by-sa/4.0/
203377,3447734487,Scathophagidae_Cordilura_albilabris_3212471_3447734487,http://creativecommons.org/licenses/by-sa/4.0/
203378,3447734486,Scathophagidae_Cordilura_albilabris_2522270_3447734486,http://creativecommons.org/licenses/by-sa/4.0/
203476,3447736749,Scathophagidae_Scathophaga_furcata_1833217_3447736749,http://creativecommons.org/licenses/by-sa/4.0/
203477,3447736759,Scathophagidae_Cordilura_rufimana_2522296_3447736759,http://creativecommons.org/licenses/by-sa/4.0/
203478,3447736760,Scathophagidae_Pogonota_caudata_454372_3447736760,http://creativecommons.org/licenses/by-sa/4.0/
203479,3447736757,Scathophagidae_Pogonota_caudata_1143757_3447736757,http://creativecommons.org/licenses/by-sa/4.0/
203480,3447736765,Scathophagidae_Cordilura_pudica_454373_3447736765,http://creativecommons.org/licenses/by-sa/4.0/
203481,3447736769,Scathophagidae_Cordilura_rufimana_3212499_3447736769,http://creativecommons.org/licenses/by-sa/4.0/
203482,3447736772,Scathophagidae_Cordilura_rufimana_2522297_3447736772,http://creativecommons.org/licenses/by-sa/4.0/
203483,3447736781,Scathophagidae_Cordilura_albipes_2522298_3447736781,http://creativecommons.org/licenses/by-sa/4.0/
203484,3447736815,Scathophagidae_Cordilura_pudica_1143760_3447736815,http://creativecommons.org/licenses/by-sa/4.0/
203485,3447736783,Scathophagidae_Cordilura_ciliata_454374_3447736783,http://creativecommons.org/licenses/by-sa/4.0/
203670,3447757091,Scathophagidae_Gimnomera_hirta_454432_3447757091,http://creativecommons.org/licenses/by-sa/4.0/
203672,3447757112,Scathophagidae_Pogonota_barbata_3212561_3447757112,http://creativecommons.org/licenses/by-sa/4.0/
203673,3447757118,Scathophagidae_Pogonota_barbata_454433_3447757118,http://creativecommons.org/licenses/by-sa/4.0/
203679,3447757195,Scathophagidae_Pogonota_barbata_454434_3447757195,http://creativecommons.org/licenses/by-sa/4.0/
203680,3447757208,Scathophagidae_Megaphthalmoides_unilineatus_454436_3447757208,http://creativecommons.org/licenses/by-sa/4.0/
203737,3447768109,Scathophagidae_Cleigastra_katmaiensis_1833313_3447768109,http://creativecommons.org/licenses/by-sa/4.0/
203744,3447777673,Scathophagidae_Cleigastra_cryophila_2522397_3447777673,http://creativecommons.org/licenses/by-sa/4.0/
203851,931947118,Scathophagidae_Cordilura_rufipes_3447078_931947118,© all rights reserved
203860,1460114132,Scathophagidae_Cordilura_albilabris_2807203_1460114132,© all rights reserved
204367,1460641381,Scathophagidae_Scathophaga_pictipennis_49450_1460641381,© all rights reserved
204368,1460641381,Scathophagidae_Scathophaga_pictipennis_49451_1460641381,© all rights reserved
204369,1460641381,Scathophagidae_Scathophaga_pictipennis_49452_1460641381,© all rights reserved
204432,1458574899,Scathophagidae_Scathophaga_spurca_737800_1458574899,© all rights reserved
204433,1458574899,Scathophagidae_Scathophaga_spurca_737801_1458574899,© all rights reserved
204434,1458574899,Scathophagidae_Scathophaga_spurca_737802_1458574899,© all rights reserved
204469,2847673352,Scathophagidae_Hydromyza_livens_1614283_2847673352,© all rights reserved
204470,2847673352,Scathophagidae_Hydromyza_livens_1614284_2847673352,© all rights reserved
204590,1460470029,Scathophagidae_Scathophaga_stercoraria_2807909_1460470029,© all rights reserved
205102,1459085344,Scathophagidae_Megaphthalma_pallida_2805559_1459085344,© all rights reserved
205103,1459085344,Scathophagidae_Megaphthalma_pallida_2805560_1459085344,© all rights reserved
205104,1459085344,Scathophagidae_Megaphthalma_pallida_2805561_1459085344,© all rights reserved
205473,3966039534,Scathophagidae_Scathophaga_calida_2724552_3966039534,© All rights reserved
208317,2626118896,Scathophagidae_Scathophaga_furcata_2947910_2626118896,http://creativecommons.org/licenses/by/4.0/
209237,3858940800,Scathophagidae_Americina_vittatum_1957107_3858940800,http://creativecommons.org/licenses/by-nc/4.0/
210064,1847059315,Scathophagidae_Scathophaga_stercoraria_2834987_1847059315,
211714,2467893586,Scathophagidae_Scathophaga_furcata_1543937_2467893586,© All rights reserved
211725,2405282880,Scathophagidae_Megaphthalma_pallida_2911796_2405282880,http://creativecommons.org/licenses/by-nc-sa/4.0/
211726,2405282880,Scathophagidae_Megaphthalma_pallida_2911797_2405282880,http://creativecommons.org/licenses/by-nc-sa/4.0/
211763,2467858862,Scathophagidae_Scathophaga_furcata_164915_2467858862,© All rights reserved
212078,3447839830,Scathophagidae_Norellia_tipularia_1833368_3447839830,http://creativecommons.org/licenses/by-sa/4.0/
212161,3448661824,Scathophagidae_Norellia_tipularia_3213016_3448661824,http://creativecommons.org/licenses/by-sa/4.0/
212162,3448685031,Scathophagidae_Norellia_tipularia_454914_3448685031,http://creativecommons.org/licenses/by-sa/4.0/
213197,2842457745,Scathophagidae_Scathophaga_litorea_2986959_2842457745,http://creativecommons.org/licenses/by-nc-nd/4.0/
213198,2842457745,Scathophagidae_Scathophaga_litorea_2986960_2842457745,http://creativecommons.org/licenses/by-nc-nd/4.0/
213199,2842457745,Scathophagidae_Scathophaga_litorea_2986961_2842457745,http://creativecommons.org/licenses/by-nc-nd/4.0/
213659,1957180065,Scathophagidae_Norellisoma_spinimanum_2163645_1957180065,http://creativecommons.org/licenses/by-nc-nd/4.0/
213661,1957180065,Scathophagidae_Norellisoma_spinimanum_2163647_1957180065,http://creativecommons.org/licenses/by-nc-nd/4.0/
213959,3727612176,Scathophagidae_Hydromyza_livens_1896711_3727612176,http://creativecommons.org/licenses/by-nc-nd/4.0/
214866,1976763616,Scathophagidae_Cordilura_albilabris_123927_1976763616,http://creativecommons.org/licenses/by-nc-nd/4.0/
215170,2832250779,Scathophagidae_Micropselapha_filiformis_1590188_2832250779,http://creativecommons.org/publicdomain/zero/1.0/
215171,2832250779,Scathophagidae_Micropselapha_filiformis_1590189_2832250779,http://creativecommons.org/publicdomain/zero/1.0/
215172,2832250779,Scathophagidae_Micropselapha_filiformis_1590190_2832250779,http://creativecommons.org/publicdomain/zero/1.0/
215173,2832250779,Scathophagidae_Micropselapha_filiformis_1590191_2832250779,http://creativecommons.org/publicdomain/zero/1.0/
215504,2842890941,Scathophagidae_Cordilura_ciliata_2297434_2842890941,http://creativecommons.org/licenses/by-nc-nd/4.0/
215505,2842890941,Scathophagidae_Cordilura_ciliata_2297435_2842890941,http://creativecommons.org/licenses/by-nc-nd/4.0/
215687,1957159464,Scathophagidae_Hydromyza_livens_1474313_1957159464,http://creativecommons.org/licenses/by-nc-sa/4.0/
216925,2842146750,Scathophagidae_Hydromyza_livens_227509_2842146750,http://creativecommons.org/licenses/by-nc-sa/4.0/
216926,2842146750,Scathophagidae_Hydromyza_livens_227510_2842146750,http://creativecommons.org/licenses/by-nc-sa/4.0/
217003,3823003348,Scathophagidae_Scathophaga_stercoraria_3318550_3823003348,http://creativecommons.org/licenses/by-nc-nd/4.0/
217545,3732783994,Scathophagidae_Scathophaga_stercoraria_540231_3732783994,http://creativecommons.org/licenses/by-nc-nd/4.0/
218637,3725470731,Scathophagidae_Scathophaga_stercoraria_1887948_3725470731,http://creativecommons.org/licenses/by-nc-nd/4.0/
218776,3995206810,Scathophagidae_Hydromyza_livens_3423131_3995206810,http://creativecommons.org/licenses/by-nc-nd/4.0/
220270,1965906225,Scathophagidae_Cordilura_albilabris_1486871_1965906225,http://creativecommons.org/licenses/by-nc-nd/4.0/
220363,1953973601,Scathophagidae_Norellia_spinipes_2159209_1953973601,http://creativecommons.org/licenses/by-nc-nd/4.0/
220563,3730603110,Scathophagidae_Scathophaga_stercoraria_3286850_3730603110,http://creativecommons.org/licenses/by-nc-nd/4.0/
223161,1036657712,Scathophagidae_Scathophaga_spurca_2762324_1036657712,© all rights reserved
223278,3856578723,Scathophagidae_Micropselapha_filiformis_3330469_3856578723,© all rights reserved
223522,2847928698,Scathophagidae_Norellia_spinipes_235650_2847928698,© all rights reserved
223523,2847928698,Scathophagidae_Norellia_spinipes_235651_2847928698,© all rights reserved
223524,2847928698,Scathophagidae_Norellia_spinipes_235652_2847928698,© all rights reserved
223546,3447932260,Scathophagidae_Scathophaga_spurca_2522510_3447932260,http://creativecommons.org/licenses/by-sa/4.0/
223566,3447931136,Scathophagidae_Cleigastra_apicalis_3212689_3447931136,http://creativecommons.org/licenses/by-sa/4.0/
223622,3447928993,Scathophagidae_Scathophaga_spurca_1143943_3447928993,http://creativecommons.org/licenses/by-sa/4.0/
223637,3448136257,Scathophagidae_Cordilura_ciliata_1144071_3448136257,http://creativecommons.org/licenses/by-sa/4.0/
223785,1459592356,Scathophagidae_Cordilura_albipes_1427124_1459592356,© all rights reserved
224333,1955774685,Scathophagidae_Cordilura_albipes_2162226_1955774685,http://creativecommons.org/publicdomain/zero/1.0/
225394,1972578733,Scathophagidae_Cordilura_ciliata_808105_1972578733,http://creativecommons.org/licenses/by-nc-nd/4.0/
227520,3907266441,Scathophagidae_Hydromyza_livens_2701523_3907266441,http://creativecommons.org/licenses/by-nc-nd/4.0/
227987,1972416539,Scathophagidae_Trichopalpus_fraternus_807810_1972416539,http://creativecommons.org/licenses/by-nc-nd/4.0/
228225,2834546946,Scathophagidae_Ceratinostoma_ostiorum_2283455_2834546946,http://creativecommons.org/licenses/by-nc-nd/4.0/
228226,2834546946,Scathophagidae_Ceratinostoma_ostiorum_2283456_2834546946,http://creativecommons.org/licenses/by-nc-nd/4.0/
228227,2834546946,Scathophagidae_Ceratinostoma_ostiorum_2283457_2834546946,http://creativecommons.org/licenses/by-nc-nd/4.0/
230135,1966785146,Scathophagidae_Cleigastra_apicalis_109805_1966785146,http://creativecommons.org/licenses/by-nc/4.0/
230465,2882506371,Scathophagidae_Scathophaga_inquinata_1626670_2882506371,© All rights reserved
230466,2882506371,Scathophagidae_Scathophaga_inquinata_1626671_2882506371,© All rights reserved
230495,1901016386,Scathophagidae_Cordilura_albipes_2841993_1901016386,© All rights reserved
230496,1901016386,Scathophagidae_Cordilura_albipes_2841994_1901016386,© All rights reserved
230794,3332661500,Scathophagidae_Norellisoma_spinimanum_2372096_3332661500,© All rights reserved
231104,3313446483,Scathophagidae_Americina_vittatum_983282_3313446483,© All rights reserved
231105,3313446483,Scathophagidae_Americina_vittatum_983283_3313446483,© All rights reserved
232170,3717433931,Scathophagidae_Hydromyza_livens_482455_3717433931,http://creativecommons.org/licenses/by-nc-nd/4.0/
233111,1955193027,Scathophagidae_Americina_media_2160580_1955193027,http://creativecommons.org/licenses/by-nc/4.0/
233112,1955193027,Scathophagidae_Americina_media_2160581_1955193027,http://creativecommons.org/licenses/by-nc/4.0/
233113,1955193027,Scathophagidae_Americina_media_2160582_1955193027,http://creativecommons.org/licenses/by-nc/4.0/
233733,3722409001,Scathophagidae_Scathophaga_stercoraria_1881872_3722409001,http://creativecommons.org/publicdomain/zero/1.0/
233956,2840383547,Scathophagidae_Trichopalpus_punctipes_223880_2840383547,http://creativecommons.org/licenses/by-nc-nd/4.0/
233957,2840383547,Scathophagidae_Trichopalpus_punctipes_223881_2840383547,http://creativecommons.org/licenses/by-nc-nd/4.0/
234286,1966510277,Scathophagidae_Scathophaga_stercoraria_799948_1966510277,http://creativecommons.org/licenses/by-nc-nd/4.0/
234538,2840025781,Scathophagidae_Scathophaga_furcata_913840_2840025781,http://creativecommons.org/licenses/by-nc-nd/4.0/
234539,2840025781,Scathophagidae_Scathophaga_furcata_913841_2840025781,http://creativecommons.org/licenses/by-nc-nd/4.0/
235390,2842735607,Scathophagidae_Norellisoma_spinimanum_229160_2842735607,http://creativecommons.org/licenses/by-nc-nd/4.0/
236006,3862095391,Scathophagidae_Norellisoma_suilla_2655044_3862095391,© All rights reserved
236278,1987598961,Scathophagidae_Cordilura_albipes_1505385_1987598961,http://creativecommons.org/licenses/by/4.0/
236279,1987598961,Scathophagidae_Cordilura_albipes_1505386_1987598961,http://creativecommons.org/licenses/by/4.0/
236280,1987598961,Scathophagidae_Cordilura_albipes_1505387_1987598961,http://creativecommons.org/licenses/by/4.0/
236281,2408525693,Scathophagidae_Cordilura_albipes_844146_2408525693,© All rights reserved
236286,3091476474,Scathophagidae_Scathophaga_furcata_3038447_3091476474,© All rights reserved
236287,3091476474,Scathophagidae_Scathophaga_furcata_3038448_3091476474,© All rights reserved
236711,2838471374,Scathophagidae_Hydromyza_livens_2290099_2838471374,http://creativecommons.org/licenses/by-nc-sa/4.0/
236712,2838471374,Scathophagidae_Hydromyza_livens_2290100_2838471374,http://creativecommons.org/licenses/by-nc-sa/4.0/
238095,2833471103,Scathophagidae_Norellisoma_spinimanum_2970667_2833471103,http://creativecommons.org/licenses/by-nc-nd/4.0/
238680,3996310420,Scathophagidae_Hydromyza_livens_2736947_3996310420,http://creativecommons.org/licenses/by-nc-nd/4.0/
238699,3720297646,Scathophagidae_Scathophaga_stercoraria_490520_3720297646,http://creativecommons.org/licenses/by-nc-nd/4.0/
239133,1970633968,Scathophagidae_Trichopalpus_fraternus_2873855_1970633968,http://creativecommons.org/licenses/by-nc-nd/4.0/
239134,1970633968,Scathophagidae_Trichopalpus_fraternus_2873856_1970633968,http://creativecommons.org/licenses/by-nc-nd/4.0/
239383,1962396274,Scathophagidae_Scathophaga_stercoraria_1482106_1962396274,http://creativecommons.org/licenses/by-nc-nd/4.0/
239829,3996227176,Scathophagidae_Hydromyza_livens_2736626_3996227176,http://creativecommons.org/licenses/by-nc-nd/4.0/
239830,3996227176,Scathophagidae_Hydromyza_livens_2736627_3996227176,http://creativecommons.org/licenses/by-nc-nd/4.0/
239831,3996227176,Scathophagidae_Hydromyza_livens_2736628_3996227176,http://creativecommons.org/licenses/by-nc-nd/4.0/
239954,1959359068,Scathophagidae_Norellisoma_spinimanum_2167337_1959359068,http://creativecommons.org/licenses/by-nc-nd/4.0/
240086,2845212900,Scathophagidae_Norellia_spinipes_2302529_2845212900,http://creativecommons.org/licenses/by-nc/4.0/
240087,2845212900,Scathophagidae_Norellia_spinipes_2302530_2845212900,http://creativecommons.org/licenses/by-nc/4.0/
240712,2832817030,Scathophagidae_Cleigastra_fasciata_901495_2832817030,http://creativecommons.org/licenses/by-nc-nd/4.0/
240713,2832817030,Scathophagidae_Cleigastra_fasciata_901496_2832817030,http://creativecommons.org/licenses/by-nc-nd/4.0/
240714,2832817030,Scathophagidae_Cleigastra_fasciata_901497_2832817030,http://creativecommons.org/licenses/by-nc-nd/4.0/
241058,1959240293,Scathophagidae_Norellisoma_spinimanum_1477845_1959240293,http://creativecommons.org/licenses/by-nc-nd/4.0/
241260,3732329013,Scathophagidae_Scathophaga_stercoraria_2605255_3732329013,http://creativecommons.org/licenses/by-nc-nd/4.0/
241646,2835187773,Scathophagidae_Scathophaga_stercoraria_216387_2835187773,http://creativecommons.org/licenses/by-nc-nd/4.0/
242442,3906521539,Scathophagidae_Hydromyza_livens_3387640_3906521539,http://creativecommons.org/licenses/by-nc-nd/4.0/
242567,1970276415,Scathophagidae_Cordilura_albilabris_2873217_1970276415,http://creativecommons.org/licenses/by-nc-nd/4.0/
242568,1970276415,Scathophagidae_Cordilura_albilabris_2873218_1970276415,http://creativecommons.org/licenses/by-nc-nd/4.0/
242569,1970276415,Scathophagidae_Cordilura_albilabris_2873219_1970276415,http://creativecommons.org/licenses/by-nc-nd/4.0/
242593,1958224320,Scathophagidae_Norellisoma_spinimanum_2855829_1958224320,http://creativecommons.org/publicdomain/zero/1.0/
242594,1958224320,Scathophagidae_Norellisoma_spinimanum_2855830_1958224320,http://creativecommons.org/publicdomain/zero/1.0/
243215,3996722109,Scathophagidae_Hydromyza_livens_3428586_3996722109,http://creativecommons.org/licenses/by-nc-nd/4.0/
243609,1970383308,Scathophagidae_Cordilura_albipes_2873389_1970383308,http://creativecommons.org/licenses/by-nc-nd/4.0/
243610,1970383308,Scathophagidae_Cordilura_albipes_2873390_1970383308,http://creativecommons.org/licenses/by-nc-nd/4.0/
243711,2842290464,Scathophagidae_Cordilura_ciliata_1606950_2842290464,http://creativecommons.org/licenses/by-nc-nd/4.0/
244394,3721344622,Scathophagidae_Scathophaga_stercoraria_2563760_3721344622,http://creativecommons.org/licenses/by-nc-nd/4.0/
246215,1959720136,Scathophagidae_Cordilura_albilabris_790241_1959720136,http://creativecommons.org/licenses/by-nc-nd/4.0/
246216,1959720136,Scathophagidae_Cordilura_albilabris_790242_1959720136,http://creativecommons.org/licenses/by-nc-nd/4.0/
246217,1959720136,Scathophagidae_Cordilura_albilabris_790243_1959720136,http://creativecommons.org/licenses/by-nc-nd/4.0/
246620,1964323551,Scathophagidae_Scathophaga_furcata_2862892_1964323551,http://creativecommons.org/licenses/by-nc-nd/4.0/
246621,1964323551,Scathophagidae_Scathophaga_furcata_2862893_1964323551,http://creativecommons.org/licenses/by-nc-nd/4.0/
246622,1964323551,Scathophagidae_Scathophaga_furcata_2862894_1964323551,http://creativecommons.org/licenses/by-nc-nd/4.0/
247188,3907581170,Scathophagidae_Scathophaga_stercoraria_2013243_3907581170,http://creativecommons.org/licenses/by-nc-nd/4.0/
247267,3721479284,Scathophagidae_Scathophaga_stercoraria_1185765_3721479284,http://creativecommons.org/licenses/by-nc-nd/4.0/
247824,1972499368,Scathophagidae_Norellisoma_spinimanum_1496236_1972499368,http://creativecommons.org/licenses/by-nc-nd/4.0/
250413,1973627957,Scathophagidae_Trichopalpus_punctipes_119473_1973627957,http://creativecommons.org/licenses/by-nc-nd/4.0/
250414,1973627957,Scathophagidae_Trichopalpus_punctipes_119474_1973627957,http://creativecommons.org/licenses/by-nc-nd/4.0/
250415,1973627957,Scathophagidae_Trichopalpus_punctipes_119475_1973627957,http://creativecommons.org/licenses/by-nc-nd/4.0/
250416,1973627957,Scathophagidae_Trichopalpus_punctipes_119476_1973627957,http://creativecommons.org/licenses/by-nc-nd/4.0/
250417,1973627957,Scathophagidae_Trichopalpus_punctipes_119477_1973627957,http://creativecommons.org/licenses/by-nc-nd/4.0/
250885,3731925404,Scathophagidae_Scathophaga_stercoraria_2603315_3731925404,http://creativecommons.org/licenses/by-nc-nd/4.0/
251774,1974803073,Scathophagidae_Scathophaga_furcata_2189697_1974803073,http://creativecommons.org/licenses/by-nc-nd/4.0/
252602,3722261127,Scathophagidae_Scathophaga_stercoraria_1880871_3722261127,http://creativecommons.org/licenses/by-nc/4.0/
252753,2842363847,Scathophagidae_Scathophaga_stercoraria_2296173_2842363847,http://creativecommons.org/licenses/by-nd/4.0/
253089,1954599821,Scathophagidae_Scathophaga_inquinata_1470358_1954599821,http://creativecommons.org/licenses/by-nc-nd/4.0/
253090,1954599821,Scathophagidae_Scathophaga_inquinata_1470359_1954599821,http://creativecommons.org/licenses/by-nc-nd/4.0/
253155,2842262866,Scathophagidae_Ceratinostoma_ostiorum_1606871_2842262866,http://creativecommons.org/licenses/by-nc-nd/4.0/
253156,2842262866,Scathophagidae_Ceratinostoma_ostiorum_1606872_2842262866,http://creativecommons.org/licenses/by-nc-nd/4.0/
253449,2834702240,Scathophagidae_Scathophaga_stercoraria_2974394_2834702240,http://creativecommons.org/licenses/by-nc-nd/4.0/
253749,3448537394,Scathophagidae_Pogonota_barbata_2522770_3448537394,http://creativecommons.org/licenses/by-sa/4.0/
253752,3448595595,Scathophagidae_Megaphthalma_pallida_454853_3448595595,http://creativecommons.org/licenses/by-sa/4.0/
253824,3447971165,Scathophagidae_Cleigastra_apicalis_454616_3447971165,http://creativecommons.org/licenses/by-sa/4.0/
253837,3447904281,Scathophagidae_Scathophaga_furcata_454554_3447904281,http://creativecommons.org/licenses/by-sa/4.0/
253841,3448130754,Scathophagidae_Scathophaga_spurca_1833542_3448130754,http://creativecommons.org/licenses/by-sa/4.0/
253917,2994082580,Scathophagidae_Scathophaga_stercoraria_1637508_2994082580,© all rights reserved
253932,1459863815,Scathophagidae_Scathophaga_stercoraria_2117127_1459863815,© all rights reserved
254122,2847752107,Scathophagidae_Hydromyza_livens_2303633_2847752107,© all rights reserved
256235,3712602507,Scathophagidae_Norellisoma_spinimanum_2543343_3712602507,http://creativecommons.org/licenses/by-nc/4.0/
256237,3712602507,Scathophagidae_Norellisoma_spinimanum_2543345_3712602507,http://creativecommons.org/licenses/by-nc/4.0/
258111,3915258735,Scathophagidae_Americina_vittatum_2706225_3915258735,http://creativecommons.org/licenses/by-nc/4.0/
258112,3915258735,Scathophagidae_Americina_vittatum_2706226_3915258735,http://creativecommons.org/licenses/by-nc/4.0/
258113,3915258735,Scathophagidae_Americina_vittatum_2706227_3915258735,http://creativecommons.org/licenses/by-nc/4.0/
258161,2859953294,Scathophagidae_Scathophaga_stercoraria_3000637_2859953294,http://creativecommons.org/licenses/by-nc/4.0/
259346,3059159627,Scathophagidae_Americina_vittatum_272104_3059159627,http://creativecommons.org/licenses/by-nc/4.0/
262392,1668866546,Scathophagidae_Scathophaga_stercoraria_743778_1668866546,http://creativecommons.org/licenses/by-nc/4.0/
262999,3873057353,Scathophagidae_Americina_paridis_1967255_3873057353,http://creativecommons.org/licenses/by-nc/4.0/
263036,1670792436,Scathophagidae_Scathophaga_spurca_53389_1670792436,© all rights reserved
263037,1670792436,Scathophagidae_Scathophaga_spurca_53390_1670792436,© all rights reserved
263470,2272804952,Scathophagidae_Scathophaga_inquinata_2903427_2272804952,© all rights reserved
263471,2272804952,Scathophagidae_Scathophaga_inquinata_2903428_2272804952,© all rights reserved
263510,1675285176,Scathophagidae_Scathophaga_furcata_1433193_1675285176,© all rights reserved
263511,1675285176,Scathophagidae_Scathophaga_furcata_1433194_1675285176,© all rights reserved
263512,1675285176,Scathophagidae_Scathophaga_furcata_1433195_1675285176,© all rights reserved
263549,3430933924,Scathophagidae_Norellia_spinipes_1026528_3430933924,© all rights reserved
263550,3430933924,Scathophagidae_Norellia_spinipes_1026529_3430933924,© all rights reserved
263551,3430933924,Scathophagidae_Norellia_spinipes_1026530_3430933924,© all rights reserved
263552,3430933924,Scathophagidae_Norellia_spinipes_1026531_3430933924,© all rights reserved
264110,2848268156,Scathophagidae_Hydromyza_livens_1614595_2848268156,© all rights reserved
264111,2848268156,Scathophagidae_Hydromyza_livens_1614596_2848268156,© all rights reserved
264112,2848268156,Scathophagidae_Hydromyza_livens_1614597_2848268156,© all rights reserved
264136,1433828521,Scathophagidae_Scathophaga_furcata_1425101_1433828521,© all rights reserved
264138,931966795,Scathophagidae_Norellia_spinipes_1378181_931966795,© all rights reserved
264546,2809393262,Scathophagidae_Scathophaga_inquinata_2961702_2809393262,© all rights reserved
264846,2273706403,Scathophagidae_Megaphthalma_pallida_1524701_2273706403,© all rights reserved
265276,3096592746,Scathophagidae_Scathophaga_inquinata_3040048_3096592746,© all rights reserved
265277,3096592746,Scathophagidae_Scathophaga_inquinata_3040049_3096592746,© all rights reserved
265431,1459083079,Scathophagidae_Scathophaga_spurca_1426649_1459083079,© all rights reserved
265432,1459083079,Scathophagidae_Scathophaga_spurca_1426650_1459083079,© all rights reserved
265433,1459083079,Scathophagidae_Scathophaga_spurca_1426651_1459083079,© all rights reserved
265503,2245646920,Scathophagidae_Scathophaga_furcata_2895546_2245646920,© all rights reserved
265504,2245646920,Scathophagidae_Scathophaga_furcata_2895547_2245646920,© all rights reserved
265830,3768476954,Scathophagidae_Hydromyza_livens_1238438_3768476954,© all rights reserved
266060,1460577142,Scathophagidae_Hydromyza_livens_2118602_1460577142,© all rights reserved
266588,2847679429,Scathophagidae_Hydromyza_livens_2303600_2847679429,© all rights reserved
266589,2847679429,Scathophagidae_Hydromyza_livens_2303601_2847679429,© all rights reserved
266590,2847679429,Scathophagidae_Hydromyza_livens_2303602_2847679429,© all rights reserved
266591,2847679429,Scathophagidae_Hydromyza_livens_2303603_2847679429,© all rights reserved
267045,1460000311,Scathophagidae_Norellia_spinipes_1428193_1460000311,© all rights reserved
267672,1669950074,Scathophagidae_Cordilura_albipes_2811382_1669950074,© all rights reserved
267673,1669950074,Scathophagidae_Cordilura_albipes_2811383_1669950074,© all rights reserved
267947,2593023684,Scathophagidae_Cleigastra_flavipes_2942445_2593023684,© all rights reserved
268146,2564335174,Scathophagidae_Cordilura_albipes_871834_2564335174,© all rights reserved
268147,2564335174,Scathophagidae_Cordilura_albipes_871835_2564335174,© all rights reserved
268287,1801960865,Scathophagidae_Megaphthalma_pallida_2813265_1801960865,© all rights reserved
268288,1801960865,Scathophagidae_Megaphthalma_pallida_2813266_1801960865,© all rights reserved
268421,1432967160,Scathophagidae_Scathophaga_spurca_2803640_1432967160,© all rights reserved
268422,1432967160,Scathophagidae_Scathophaga_spurca_2803641_1432967160,© all rights reserved
268426,1058461245,Scathophagidae_Cordilura_ciliata_2763714_1058461245,© all rights reserved
268621,2853178364,Scathophagidae_Norellia_spinipes_930444_2853178364,© all rights reserved
268622,2853178364,Scathophagidae_Norellia_spinipes_930445_2853178364,© all rights reserved
269003,3050247433,Scathophagidae_Cleigastra_flavipes_961009_3050247433,© all rights reserved
269004,3050247433,Scathophagidae_Cleigastra_flavipes_961010_3050247433,© all rights reserved
269231,1670960255,Scathophagidae_Norellia_spinipes_744579_1670960255,© all rights reserved
269232,1670960255,Scathophagidae_Norellia_spinipes_744580_1670960255,© all rights reserved
269337,2848089992,Scathophagidae_Hydromyza_livens_926014_2848089992,© all rights reserved
269338,2848089992,Scathophagidae_Hydromyza_livens_926015_2848089992,© all rights reserved
269339,2848089992,Scathophagidae_Hydromyza_livens_926016_2848089992,© all rights reserved
269403,1460549650,Scathophagidae_Cleigastra_flavipes_740476_1460549650,© all rights reserved
270527,1915417377,Scathophagidae_Norellia_spinipes_1463653_1915417377,© all rights reserved
270810,2815705375,Scathophagidae_Cleigastra_flavipes_205993_2815705375,© all rights reserved
270811,2815705375,Scathophagidae_Cleigastra_flavipes_205994_2815705375,© all rights reserved
270812,2815705375,Scathophagidae_Cleigastra_flavipes_205995_2815705375,© all rights reserved
270813,2815705375,Scathophagidae_Cleigastra_flavipes_205996_2815705375,© all rights reserved
270814,2815705375,Scathophagidae_Cleigastra_flavipes_205997_2815705375,© all rights reserved
270968,3891357604,Scathophagidae_Hydromyza_livens_3360416_3891357604,© all rights reserved
271162,1459999216,Scathophagidae_Norellia_spinipes_2117522_1459999216,© all rights reserved
271163,3964432496,Scathophagidae_Scathophaga_spurca_2724435_3964432496,© all rights reserved
271207,1460596213,Scathophagidae_Megaphthalmoides_unilineatus_2118630_1460596213,© all rights reserved
271208,1433917484,Scathophagidae_Norellia_spinipes_2803899_1433917484,© all rights reserved
271604,1432370210,Scathophagidae_Megaphthalmoides_unilineatus_2113963_1432370210,© all rights reserved
271652,1458604733,Scathophagidae_Scathophaga_spurca_1426406_1458604733,© all rights reserved
272100,1995042612,Scathophagidae_Scathophaga_inquinata_1511612_1995042612,© all rights reserved
272244,1037137652,Scathophagidae_Scathophaga_inquinata_694981_1037137652,© all rights reserved
272419,1062255798,Scathophagidae_Scathophaga_spurca_5129_1062255798,© all rights reserved
272640,1493227654,Scathophagidae_Hydromyza_livens_1429622_1493227654,© all rights reserved
272641,1493227654,Scathophagidae_Hydromyza_livens_1429623_1493227654,© all rights reserved
272677,3767244356,Scathophagidae_Scathophaga_furcata_3307412_3767244356,© all rights reserved
272727,1036587219,Scathophagidae_Cordilura_albipes_2072747_1036587219,© all rights reserved
272728,1036587219,Scathophagidae_Cordilura_albipes_2072748_1036587219,© all rights reserved
272757,3891260594,Scathophagidae_Hydromyza_livens_601837_3891260594,© all rights reserved
272833,1461205372,Scathophagidae_Norellia_spinipes_1429416_1461205372,© all rights reserved
273104,1428533896,Scathophagidae_Cordilura_ciliata_2802423_1428533896,© all rights reserved
273322,1915309168,Scathophagidae_Norellisoma_spinimanum_84458_1915309168,© all rights reserved
273525,1430065843,Scathophagidae_Norellia_spinipes_1423912_1430065843,© all rights reserved
273717,1459742653,Scathophagidae_Cordilura_ciliata_2806431_1459742653,© all rights reserved
273719,1460438414,Scathophagidae_Norellia_spinipes_740329_1460438414,© all rights reserved
273875,1430796002,Scathophagidae_Scathophaga_furcata_44015_1430796002,© all rights reserved
274010,1459373940,Scathophagidae_Megaphthalma_pallida_2116375_1459373940,© all rights reserved
274011,1459373940,Scathophagidae_Megaphthalma_pallida_2116376_1459373940,© all rights reserved
274055,1670941703,Scathophagidae_Megaphthalmoides_unilineatus_2122404_1670941703,© all rights reserved
274056,1670941703,Scathophagidae_Megaphthalmoides_unilineatus_2122405_1670941703,© all rights reserved
274158,1460242274,Scathophagidae_Norellia_spinipes_2117822_1460242274,© all rights reserved
274159,1460242274,Scathophagidae_Norellia_spinipes_2117823_1460242274,© all rights reserved
274749,1460271328,Scathophagidae_Norellisoma_spinimanum_48706_1460271328,© all rights reserved
274921,1432832010,Scathophagidae_Scathophaga_spurca_2803591_1432832010,© all rights reserved
274944,1434155380,Scathophagidae_Cordilura_ciliata_736401_1434155380,© all rights reserved
275337,931967334,Scathophagidae_Micropselapha_filiformis_1378182_931967334,© all rights reserved
275338,931967334,Scathophagidae_Micropselapha_filiformis_1378183_931967334,© all rights reserved
275339,931967334,Scathophagidae_Micropselapha_filiformis_1378184_931967334,© all rights reserved
275340,931967334,Scathophagidae_Micropselapha_filiformis_1378185_931967334,© all rights reserved
275896,1460602753,Scathophagidae_Delina_nigrita_49444_1460602753,© all rights reserved
275903,1459839177,Scathophagidae_Scathophaga_inquinata_1427721_1459839177,© all rights reserved
275904,1459839177,Scathophagidae_Scathophaga_inquinata_1427722_1459839177,© all rights reserved
276503,2837381227,Scathophagidae_Scathophaga_stercoraria_2978254_2837381227,http://creativecommons.org/licenses/by-nc-nd/4.0/
278303,3729530239,Scathophagidae_Scathophaga_stercoraria_2591352_3729530239,http://creativecommons.org/licenses/by-sa/4.0/
278901,3718846983,Scathophagidae_Cordilura_albipes_1177201_3718846983,http://creativecommons.org/licenses/by-nc-nd/4.0/
279162,1952343354,Scathophagidae_Scathophaga_stercoraria_778515_1952343354,http://creativecommons.org/licenses/by-nc/4.0/
279293,2844029729,Scathophagidae_Cleigastra_apicalis_231464_2844029729,http://creativecommons.org/licenses/by-nc-nd/4.0/
279817,1973086735,Scathophagidae_Trichopalpus_fraternus_2187017_1973086735,http://creativecommons.org/licenses/by-nc-nd/4.0/
279818,1973086735,Scathophagidae_Trichopalpus_fraternus_2187018_1973086735,http://creativecommons.org/licenses/by-nc-nd/4.0/
279819,1973086735,Scathophagidae_Trichopalpus_fraternus_2187019_1973086735,http://creativecommons.org/licenses/by-nc-nd/4.0/
279820,1973086735,Scathophagidae_Trichopalpus_fraternus_2187020_1973086735,http://creativecommons.org/licenses/by-nc-nd/4.0/
279821,1973086735,Scathophagidae_Trichopalpus_fraternus_2187021_1973086735,http://creativecommons.org/licenses/by-nc-nd/4.0/
280270,2837402065,Scathophagidae_Cleigastra_fasciata_2287795_2837402065,http://creativecommons.org/licenses/by-nc-nd/4.0/
280271,2837402065,Scathophagidae_Cleigastra_fasciata_2287796_2837402065,http://creativecommons.org/licenses/by-nc-nd/4.0/
280272,2837402065,Scathophagidae_Cleigastra_fasciata_2287797_2837402065,http://creativecommons.org/licenses/by-nc-nd/4.0/
280345,1962025099,Scathophagidae_Scathophaga_stercoraria_793479_1962025099,http://creativecommons.org/licenses/by-nc-nd/4.0/
280740,3807895467,Scathophagidae_Norellisoma_suilla_3316358_3807895467,© All rights reserved
280801,2401363361,Scathophagidae_Norellisoma_suilla_152336_2401363361,http://creativecommons.org/licenses/by-nc-sa/4.0/
280829,3018226483,Scathophagidae_Cordilura_pudica_954445_3018226483,© All rights reserved
280859,2407060780,Scathophagidae_Scathophaga_furcata_843845_2407060780,http://creativecommons.org/licenses/by-nc-sa/4.0/
281270,2333321372,Scathophagidae_Norellisoma_spinimanum_2907758_2333321372,© All rights reserved
281271,2333321372,Scathophagidae_Norellisoma_spinimanum_2907759_2333321372,© All rights reserved
281579,1950983464,Scathophagidae_Scathophaga_furcata_777566_1950983464,http://creativecommons.org/licenses/by-nc-nd/4.0/
281580,1950983464,Scathophagidae_Scathophaga_furcata_777567_1950983464,http://creativecommons.org/licenses/by-nc-nd/4.0/
283122,3721954841,Scathophagidae_Hydromyza_livens_2568172_3721954841,http://creativecommons.org/licenses/by-nc-nd/4.0/
283123,3721954841,Scathophagidae_Hydromyza_livens_2568173_3721954841,http://creativecommons.org/licenses/by-nc-nd/4.0/
284752,2834580419,Scathophagidae_Scathophaga_litorea_905944_2834580419,http://creativecommons.org/licenses/by-nc-nd/4.0/
284753,2834580419,Scathophagidae_Scathophaga_litorea_905945_2834580419,http://creativecommons.org/licenses/by-nc-nd/4.0/
284777,2842375745,Scathophagidae_Hydromyza_livens_2296211_2842375745,http://creativecommons.org/licenses/by-nc-sa/4.0/
284839,2843660524,Scathophagidae_Hydromyza_livens_2298827_2843660524,http://creativecommons.org/licenses/by-nc-sa/4.0/
284840,2843660524,Scathophagidae_Hydromyza_livens_2298828_2843660524,http://creativecommons.org/licenses/by-nc-sa/4.0/
284966,3719075228,Scathophagidae_Scathophaga_stercoraria_488407_3719075228,http://creativecommons.org/licenses/by-nc-nd/4.0/
285406,2839591808,Scathophagidae_Cordilura_albipes_2981814_2839591808,http://creativecommons.org/licenses/by-nc/4.0/
285558,1995051433,Scathophagidae_Scathophaga_inquinata_2200653_1995051433,© all rights reserved
285559,1995051433,Scathophagidae_Scathophaga_inquinata_2200654_1995051433,© all rights reserved
285665,2005124259,Scathophagidae_Cordilura_albipes_1511771_2005124259,© all rights reserved
285666,2005124259,Scathophagidae_Cordilura_albipes_1511772_2005124259,© all rights reserved
286879,2988494732,Scathophagidae_Americina_vittatum_3016235_2988494732,http://creativecommons.org/licenses/by-nc/4.0/
286880,2988494732,Scathophagidae_Americina_vittatum_3016236_2988494732,http://creativecommons.org/licenses/by-nc/4.0/
286881,2988494732,Scathophagidae_Americina_vittatum_3016237_2988494732,http://creativecommons.org/licenses/by-nc/4.0/
287640,2422827889,Scathophagidae_Ceratinostoma_ostiorum_155771_2422827889,http://creativecommons.org/licenses/by-nc/4.0/
289008,3302266717,Scathophagidae_Scathophaga_stercoraria_2358708_3302266717,http://creativecommons.org/licenses/by-nc/4.0/
290136,2851307374,Scathophagidae_Cordilura_ciliata_1618585_2851307374,http://creativecommons.org/licenses/by-nc/4.0/
290137,2851307374,Scathophagidae_Cordilura_ciliata_1618586_2851307374,http://creativecommons.org/licenses/by-nc/4.0/
290750,3721597818,Scathophagidae_Scathophaga_stercoraria_497789_3721597818,http://creativecommons.org/licenses/by-nc-nd/4.0/
291001,3997497491,Scathophagidae_Hydromyza_livens_673643_3997497491,http://creativecommons.org/licenses/by-nc-nd/4.0/
291290,2834035484,Scathophagidae_Scathophaga_stercoraria_2281454_2834035484,http://creativecommons.org/licenses/by-nc-nd/4.0/
291930,1955813809,Scathophagidae_Cleigastra_apicalis_94014_1955813809,http://creativecommons.org/licenses/by-nc-nd/4.0/
293202,1955083428,Scathophagidae_Cordilura_ciliata_782484_1955083428,http://creativecommons.org/licenses/by-nc-nd/4.0/
293545,3732142888,Scathophagidae_Hydromyza_livens_1225884_3732142888,http://creativecommons.org/licenses/by-nc-nd/4.0/
295614,1952079146,Scathophagidae_Scathophaga_stercoraria_778134_1952079146,http://creativecommons.org/licenses/by/4.0/
297048,1958482151,Scathophagidae_Scathophaga_furcata_1477035_1958482151,http://creativecommons.org/licenses/by-nc-nd/4.0/
297049,1958482151,Scathophagidae_Scathophaga_furcata_1477036_1958482151,http://creativecommons.org/licenses/by-nc-nd/4.0/
297050,1958482151,Scathophagidae_Scathophaga_furcata_1477037_1958482151,http://creativecommons.org/licenses/by-nc-nd/4.0/
297848,1972373640,Scathophagidae_Cordilura_ciliata_807735_1972373640,http://creativecommons.org/licenses/by-nc-nd/4.0/
298162,1958515848,Scathophagidae_Norellia_spinipes_1477053_1958515848,http://creativecommons.org/licenses/by-nc/4.0/
298163,1958515848,Scathophagidae_Norellia_spinipes_1477054_1958515848,http://creativecommons.org/licenses/by-nc/4.0/
298501,1958064177,Scathophagidae_Cleigastra_apicalis_787832_1958064177,http://creativecommons.org/licenses/by-nc-nd/4.0/
298851,3732648992,Scathophagidae_Hydromyza_livens_2606775_3732648992,http://creativecommons.org/licenses/by-nc-nd/4.0/
298902,1123506885,Scathophagidae_Megaphthalma_pallida_698157_1123506885,© all rights reserved
298967,1132498324,Scathophagidae_Cordilura_albipes_7048_1132498324,© all rights reserved
298968,1132498324,Scathophagidae_Cordilura_albipes_7049_1132498324,© all rights reserved
299381,3860042812,Scathophagidae_Americina_vittatum_3342386_3860042812,http://creativecommons.org/licenses/by-nc/4.0/
299382,3860042812,Scathophagidae_Americina_vittatum_3342387_3860042812,http://creativecommons.org/licenses/by-nc/4.0/
299383,3860042812,Scathophagidae_Americina_vittatum_3342388_3860042812,http://creativecommons.org/licenses/by-nc/4.0/
299384,3860042812,Scathophagidae_Americina_vittatum_3342389_3860042812,http://creativecommons.org/licenses/by-nc/4.0/
299385,3860042812,Scathophagidae_Americina_vittatum_3342390_3860042812,http://creativecommons.org/licenses/by-nc/4.0/
300724,3727269589,Scathophagidae_Hydromyza_livens_2584873_3727269589,http://creativecommons.org/licenses/by-nc-nd/4.0/
302101,2843587320,Scathophagidae_Cordilura_albilabris_230851_2843587320,http://creativecommons.org/licenses/by-nc-nd/4.0/
302102,2843587320,Scathophagidae_Cordilura_albilabris_230852_2843587320,http://creativecommons.org/licenses/by-nc-nd/4.0/
302206,3732327150,Scathophagidae_Hydromyza_livens_2605242_3732327150,http://creativecommons.org/licenses/by-nc-nd/4.0/
302630,1955237281,Scathophagidae_Spaziphora_hydromyzina_2850574_1955237281,http://creativecommons.org/licenses/by-nc-nd/4.0/
302809,2834625427,Scathophagidae_Hydromyza_livens_215627_2834625427,http://creativecommons.org/licenses/by-nc-sa/4.0/
303364,3827336746,Scathophagidae_Hydromyza_livens_2638725_3827336746,http://creativecommons.org/publicdomain/zero/1.0/
303783,2838311903,Scathophagidae_Hydromyza_livens_2980314_2838311903,http://creativecommons.org/licenses/by-nc-sa/4.0/
303784,2838311903,Scathophagidae_Hydromyza_livens_2980315_2838311903,http://creativecommons.org/licenses/by-nc-sa/4.0/
303836,1969902082,Scathophagidae_Scathophaga_litorea_113820_1969902082,http://creativecommons.org/licenses/by-nc-nd/4.0/
303837,1969902082,Scathophagidae_Scathophaga_litorea_113821_1969902082,http://creativecommons.org/licenses/by-nc-nd/4.0/
304081,2446325347,Scathophagidae_Scathophaga_litorea_1541714_2446325347,http://creativecommons.org/licenses/by/4.0/
304082,2446325347,Scathophagidae_Scathophaga_litorea_1541715_2446325347,http://creativecommons.org/licenses/by/4.0/
304083,2446325347,Scathophagidae_Scathophaga_litorea_1541716_2446325347,http://creativecommons.org/licenses/by/4.0/
304084,2446325347,Scathophagidae_Scathophaga_litorea_1541717_2446325347,http://creativecommons.org/licenses/by/4.0/
304094,3091030307,Scathophagidae_Scathophaga_furcata_279616_3091030307,http://creativecommons.org/licenses/by/4.0/
304095,3091030307,Scathophagidae_Scathophaga_furcata_279617_3091030307,http://creativecommons.org/licenses/by/4.0/
304214,3720982448,Scathophagidae_Scathophaga_stercoraria_1182610_3720982448,http://creativecommons.org/licenses/by-nc-nd/4.0/
304528,3822871322,Scathophagidae_Scathophaga_litorea_2627881_3822871322,http://creativecommons.org/licenses/by-nc-nd/4.0/
304529,3822871322,Scathophagidae_Scathophaga_litorea_2627882_3822871322,http://creativecommons.org/licenses/by-nc-nd/4.0/
304530,3822871322,Scathophagidae_Scathophaga_litorea_2627883_3822871322,http://creativecommons.org/licenses/by-nc-nd/4.0/
304531,3822871322,Scathophagidae_Scathophaga_litorea_2627884_3822871322,http://creativecommons.org/licenses/by-nc-nd/4.0/
304640,1952563760,Scathophagidae_Norellisoma_spinimanum_779009_1952563760,http://creativecommons.org/licenses/by-nc-sa/4.0/
305892,3997439124,Scathophagidae_Scathophaga_stercoraria_3431127_3997439124,http://creativecommons.org/licenses/by-nc-nd/4.0/
306043,1969744420,Scathophagidae_Cordilura_albilabris_113428_1969744420,http://creativecommons.org/licenses/by-nc-nd/4.0/
306044,2837178737,Scathophagidae_Spaziphora_hydromyzina_2977710_2837178737,http://creativecommons.org/licenses/by-nc-nd/4.0/
306045,2837178737,Scathophagidae_Spaziphora_hydromyzina_2977711_2837178737,http://creativecommons.org/licenses/by-nc-nd/4.0/
306046,2837178737,Scathophagidae_Spaziphora_hydromyzina_2977712_2837178737,http://creativecommons.org/licenses/by-nc-nd/4.0/
306047,2837178737,Scathophagidae_Spaziphora_hydromyzina_2977713_2837178737,http://creativecommons.org/licenses/by-nc-nd/4.0/
307145,3997397525,Scathophagidae_Hydromyza_livens_2050575_3997397525,http://creativecommons.org/licenses/by-nc-nd/4.0/
307431,1969172766,Scathophagidae_Norellisoma_spinimanum_2180438_1969172766,http://creativecommons.org/licenses/by-nc-nd/4.0/
307587,1955065732,Scathophagidae_Cordilura_albilabris_2850100_1955065732,http://creativecommons.org/licenses/by-nc-nd/4.0/
308173,2841927874,Scathophagidae_Scathophaga_stercoraria_2294843_2841927874,http://creativecommons.org/licenses/by-nc-nd/4.0/
308290,1433135629,Scathophagidae_Norellia_spinipes_1424947_1433135629,© all rights reserved
308291,1433135629,Scathophagidae_Norellia_spinipes_1424948_1433135629,© all rights reserved
308855,3039344992,Scathophagidae_Norellisoma_spinimanum_1647132_3039344992,http://creativecommons.org/licenses/by-nc/4.0/
309746,1821035385,Scathophagidae_Scathophaga_furcata_746946_1821035385,© all rights reserved
309747,1821035385,Scathophagidae_Scathophaga_furcata_746947_1821035385,© all rights reserved
309748,1821035385,Scathophagidae_Scathophaga_furcata_746948_1821035385,© all rights reserved
310884,3823522804,Scathophagidae_Cleigastra_apicalis_1939881_3823522804,http://creativecommons.org/licenses/by-nc-nd/4.0/
311473,1964372376,Scathophagidae_Scathophaga_stercoraria_2172801_1964372376,http://creativecommons.org/licenses/by/4.0/
314230,1824614359,Scathophagidae_Scathophaga_inquinata_1436026_1824614359,© All rights reserved
314566,1844201647,Scathophagidae_Scathophaga_furcata_763813_1844201647,© All rights reserved
314755,3866382390,Scathophagidae_Pogonota_caudata_3346354_3866382390,© All rights reserved
314756,3866382390,Scathophagidae_Pogonota_caudata_3346355_3866382390,© All rights reserved
314757,3866382390,Scathophagidae_Pogonota_caudata_3346356_3866382390,© All rights reserved
314809,2556638130,Scathophagidae_Scathophaga_furcata_858960_2556638130,© All rights reserved
314810,2556638130,Scathophagidae_Scathophaga_furcata_858961_2556638130,© All rights reserved
314811,2556638130,Scathophagidae_Scathophaga_furcata_858962_2556638130,© All rights reserved
314819,2401828978,Scathophagidae_Cordilura_ciliata_152473_2401828978,http://creativecommons.org/licenses/by/4.0/
314820,2401828978,Scathophagidae_Cordilura_ciliata_152474_2401828978,http://creativecommons.org/licenses/by/4.0/
314821,2401828978,Scathophagidae_Cordilura_ciliata_152475_2401828978,http://creativecommons.org/licenses/by/4.0/
314893,3451440484,Scathophagidae_Gimnomera_tarsea_455110_3451440484,© All rights reserved
314894,3451440484,Scathophagidae_Gimnomera_tarsea_455111_3451440484,© All rights reserved
315229,1825468750,Scathophagidae_Cordilura_ciliata_56553_1825468750,© All rights reserved
315230,1825468750,Scathophagidae_Cordilura_ciliata_56554_1825468750,© All rights reserved
315266,3303148502,Scathophagidae_Megaphthalmoides_unilineatus_1669768_3303148502,© All rights reserved
315267,3303148502,Scathophagidae_Megaphthalmoides_unilineatus_1669769_3303148502,© All rights reserved
315268,3303148502,Scathophagidae_Megaphthalmoides_unilineatus_1669770_3303148502,© All rights reserved
315269,3303148502,Scathophagidae_Megaphthalmoides_unilineatus_1669771_3303148502,© All rights reserved
315385,2411378854,Scathophagidae_Scathophaga_inquinata_154651_2411378854,http://creativecommons.org/licenses/by-nc-sa/4.0/
315566,1807024250,Scathophagidae_Cordilura_picipes_2124496_1807024250,© all rights reserved
315567,1807024250,Scathophagidae_Cordilura_picipes_2124497_1807024250,© all rights reserved
315568,1807024250,Scathophagidae_Cordilura_picipes_2124498_1807024250,© all rights reserved
315569,1807024250,Scathophagidae_Cordilura_picipes_2124499_1807024250,© all rights reserved
315570,1807024250,Scathophagidae_Cordilura_picipes_2124500_1807024250,© all rights reserved
315623,3434443468,Scathophagidae_Scathophaga_inquinata_2406433_3434443468,© all rights reserved
315733,1884691213,Scathophagidae_Hydromyza_livens_772781_1884691213,© all rights reserved
315734,1884691213,Scathophagidae_Hydromyza_livens_772782_1884691213,© all rights reserved
315976,1987598061,Scathophagidae_Microprosopa_pallidicauda_2194306_1987598061,http://creativecommons.org/licenses/by/4.0/
316013,2403375567,Scathophagidae_Cordilura_ciliata_152799_2403375567,http://creativecommons.org/licenses/by-nc-sa/4.0/
316014,2403375567,Scathophagidae_Cordilura_ciliata_152800_2403375567,http://creativecommons.org/licenses/by-nc-sa/4.0/
316109,2405412531,Scathophagidae_Cordilura_ustulata_1532165_2405412531,© All rights reserved
316110,2405412531,Scathophagidae_Cordilura_ustulata_1532166_2405412531,© All rights reserved
316111,2405412531,Scathophagidae_Cordilura_ustulata_1532167_2405412531,© All rights reserved
316112,2405412531,Scathophagidae_Cordilura_ustulata_1532168_2405412531,© All rights reserved
316121,2411566921,Scathophagidae_Cordilura_pudica_2913292_2411566921,© All rights reserved
316122,2411566921,Scathophagidae_Cordilura_pudica_2913293_2411566921,© All rights reserved
316123,2411566921,Scathophagidae_Cordilura_pudica_2913294_2411566921,© All rights reserved
316124,2411566921,Scathophagidae_Cordilura_pudica_2913295_2411566921,© All rights reserved
316149,3970201355,Scathophagidae_Cleigastra_apicalis_658187_3970201355,© All rights reserved
316165,2410821536,Scathophagidae_Megaphthalmoides_unilineatus_2913153_2410821536,http://creativecommons.org/licenses/by-nc-sa/4.0/
316418,2401943764,Scathophagidae_Scathophaga_calida_842680_2401943764,© All rights reserved
316419,2401943764,Scathophagidae_Scathophaga_calida_842681_2401943764,© All rights reserved
316420,2401943764,Scathophagidae_Scathophaga_calida_842682_2401943764,© All rights reserved
316422,3862187337,Scathophagidae_Scathophaga_furcata_587559_3862187337,© All rights reserved
316856,3966461523,Scathophagidae_Americina_vittatum_657143_3966461523,http://creativecommons.org/licenses/by-nc/4.0/
320318,3717452067,Scathophagidae_Hydromyza_livens_1171801_3717452067,http://creativecommons.org/licenses/by-nc-nd/4.0/
320431,2844086309,Scathophagidae_Norellia_spinipes_1610440_2844086309,http://creativecommons.org/licenses/by-nc-nd/4.0/
320432,2844086309,Scathophagidae_Norellia_spinipes_1610441_2844086309,http://creativecommons.org/licenses/by-nc-nd/4.0/
320652,1953555550,Scathophagidae_Norellia_spinipes_1469725_1953555550,http://creativecommons.org/licenses/by-nc-nd/4.0/
320975,3447876136,Scathophagidae_Megaphthalma_pallida_1833384_3447876136,http://creativecommons.org/licenses/by-sa/4.0/
320999,2446321892,Scathophagidae_Scathophaga_litorea_2230527_2446321892,http://creativecommons.org/licenses/by/4.0/
321000,2446321892,Scathophagidae_Scathophaga_litorea_2230528_2446321892,http://creativecommons.org/licenses/by/4.0/
321001,2446321892,Scathophagidae_Scathophaga_litorea_2230529_2446321892,http://creativecommons.org/licenses/by/4.0/
321002,2446321892,Scathophagidae_Scathophaga_litorea_2230530_2446321892,http://creativecommons.org/licenses/by/4.0/
321196,3905393159,Scathophagidae_Scathophaga_stercoraria_1311749_3905393159,http://creativecommons.org/licenses/by-nc-nd/4.0/
321320,1972544457,Scathophagidae_Cordilura_albilabris_1496326_1972544457,http://creativecommons.org/licenses/by/4.0/
321321,1972544457,Scathophagidae_Cordilura_albilabris_1496327_1972544457,http://creativecommons.org/licenses/by/4.0/
321686,2836429539,Scathophagidae_Norellisoma_suilla_217526_2836429539,http://creativecommons.org/licenses/by-nc-nd/4.0/
321687,2836429539,Scathophagidae_Norellisoma_suilla_217527_2836429539,http://creativecommons.org/licenses/by-nc-nd/4.0/
321688,2836429539,Scathophagidae_Norellisoma_suilla_217528_2836429539,http://creativecommons.org/licenses/by-nc-nd/4.0/
322188,3719766222,Scathophagidae_Scathophaga_stercoraria_1178414_3719766222,http://creativecommons.org/licenses/by-nc-nd/4.0/
322763,3996821467,Scathophagidae_Scathophaga_stercoraria_1359667_3996821467,http://creativecommons.org/licenses/by-nc-nd/4.0/
323736,2840026060,Scathophagidae_Cleigastra_fasciata_1602484_2840026060,http://creativecommons.org/licenses/by-nc-nd/4.0/
323988,2836805796,Scathophagidae_Trichopalpus_fraternus_2286208_2836805796,http://creativecommons.org/licenses/by-nc-nd/4.0/
323989,2836805796,Scathophagidae_Trichopalpus_fraternus_2286209_2836805796,http://creativecommons.org/licenses/by-nc-nd/4.0/
323993,3727988577,Scathophagidae_Cordilura_albipes_2587229_3727988577,http://creativecommons.org/licenses/by-nc-nd/4.0/
324063,3729010285,Scathophagidae_Cordilura_albipes_1900631_3729010285,http://creativecommons.org/licenses/by-nc-nd/4.0/
325575,3768205366,Scathophagidae_Scathophaga_litorea_2616959_3768205366,© all rights reserved
326332,1952772575,Scathophagidae_Hydromyza_livens_1468074_1952772575,http://creativecommons.org/licenses/by-nc/4.0/
327263,1955784626,Scathophagidae_Scathophaga_furcata_2852192_1955784626,http://creativecommons.org/licenses/by-nc/4.0/
327264,1955784626,Scathophagidae_Scathophaga_furcata_2852193_1955784626,http://creativecommons.org/licenses/by-nc/4.0/
327574,2844748657,Scathophagidae_Hydromyza_livens_2301283_2844748657,http://creativecommons.org/licenses/by-nc-sa/4.0/
328018,1960284362,Scathophagidae_Norellia_spinipes_1479827_1960284362,http://creativecommons.org/licenses/by-nc-nd/4.0/
328019,1960284362,Scathophagidae_Norellia_spinipes_1479828_1960284362,http://creativecommons.org/licenses/by-nc-nd/4.0/
328089,3719204143,Scathophagidae_Hydromyza_livens_488547_3719204143,http://creativecommons.org/licenses/by-nc-sa/4.0/
328540,2842000534,Scathophagidae_Hydromyza_livens_2985668_2842000534,http://creativecommons.org/licenses/by-nc-nd/4.0/
329086,3731470521,Scathophagidae_Scathophaga_stercoraria_2600897_3731470521,http://creativecommons.org/licenses/by-nc-nd/4.0/
329591,3997088432,Scathophagidae_Hydromyza_livens_1360623_3997088432,http://creativecommons.org/licenses/by-nc/4.0/
329832,3448554692,Scathophagidae_Trichopalpus_fraternus_2522793_3448554692,http://creativecommons.org/licenses/by-sa/4.0/
329886,3448395875,Scathophagidae_Scathophaga_spurca_3212894_3448395875,http://creativecommons.org/licenses/by-sa/4.0/
329888,3448533317,Scathophagidae_Scathophaga_spurca_3212912_3448533317,http://creativecommons.org/licenses/by-sa/4.0/
329914,3447926957,Scathophagidae_Pogonota_barbata_3212683_3447926957,http://creativecommons.org/licenses/by-nc/4.0/
329933,3447808196,Scathophagidae_Conisternum_tinctinerve_2522403_3447808196,http://creativecommons.org/licenses/by-sa/4.0/
329946,3448256445,Scathophagidae_Cordilura_ciliata_2522707_3448256445,http://creativecommons.org/licenses/by-sa/4.0/
329965,3448269721,Scathophagidae_Cordilura_albipes_3212872_3448269721,http://creativecommons.org/licenses/by-sa/4.0/
330471,2408557564,Scathophagidae_Americina_vittatum_2221906_2408557564,© All rights reserved
335028,1019549740,Scathophagidae_Norellisoma_suilla_2070826_1019549740,http://creativecommons.org/licenses/by-nc-nd/4.0/
335029,1019549740,Scathophagidae_Norellisoma_suilla_2070827_1019549740,http://creativecommons.org/licenses/by-nc-nd/4.0/
335030,1019549740,Scathophagidae_Norellisoma_suilla_2070828_1019549740,http://creativecommons.org/licenses/by-nc-nd/4.0/
335031,1019549740,Scathophagidae_Norellisoma_suilla_2070829_1019549740,http://creativecommons.org/licenses/by-nc-nd/4.0/
335032,1019549740,Scathophagidae_Norellisoma_suilla_2070830_1019549740,http://creativecommons.org/licenses/by-nc-nd/4.0/
335033,1019549721,Scathophagidae_Scatomyza_scybalaria_1381523_1019549721,http://creativecommons.org/licenses/by-nc-nd/4.0/
335034,1019549721,Scathophagidae_Scatomyza_scybalaria_1381524_1019549721,http://creativecommons.org/licenses/by-nc-nd/4.0/
335035,1019549721,Scathophagidae_Scatomyza_scybalaria_1381525_1019549721,http://creativecommons.org/licenses/by-nc-nd/4.0/
335036,1019549721,Scathophagidae_Scatomyza_scybalaria_1381526_1019549721,http://creativecommons.org/licenses/by-nc-nd/4.0/
335041,1019549778,Scathophagidae_Scatomyza_scybalaria_2760490_1019549778,http://creativecommons.org/licenses/by-nc-nd/4.0/
335042,1019549778,Scathophagidae_Scatomyza_scybalaria_2760491_1019549778,http://creativecommons.org/licenses/by-nc-nd/4.0/
335043,1019549778,Scathophagidae_Scatomyza_scybalaria_2760492_1019549778,http://creativecommons.org/licenses/by-nc-nd/4.0/
335068,1019549725,Scathophagidae_Scathophaga_lutaria_692989_1019549725,http://creativecommons.org/licenses/by-nc-nd/4.0/
335069,1019549725,Scathophagidae_Scathophaga_lutaria_692990_1019549725,http://creativecommons.org/licenses/by-nc-nd/4.0/
335070,1019549725,Scathophagidae_Scathophaga_lutaria_692991_1019549725,http://creativecommons.org/licenses/by-nc-nd/4.0/
335071,1019549767,Scathophagidae_Scathophaga_lutaria_1381555_1019549767,http://creativecommons.org/licenses/by-nc-nd/4.0/
335072,1019549767,Scathophagidae_Scathophaga_lutaria_1381556_1019549767,http://creativecommons.org/licenses/by-nc-nd/4.0/
335073,1019549767,Scathophagidae_Scathophaga_lutaria_1381557_1019549767,http://creativecommons.org/licenses/by-nc-nd/4.0/
335074,1019549742,Scathophagidae_Scathophaga_lutaria_1714_1019549742,http://creativecommons.org/licenses/by-nc-nd/4.0/
335075,1019549742,Scathophagidae_Scathophaga_lutaria_1715_1019549742,http://creativecommons.org/licenses/by-nc-nd/4.0/
335076,1019549742,Scathophagidae_Scathophaga_lutaria_1716_1019549742,http://creativecommons.org/licenses/by-nc-nd/4.0/
335081,1019549782,Scathophagidae_Scathophaga_lutaria_2760493_1019549782,http://creativecommons.org/licenses/by-nc-nd/4.0/
335082,1019549782,Scathophagidae_Scathophaga_lutaria_2760494_1019549782,http://creativecommons.org/licenses/by-nc-nd/4.0/
335083,1019549782,Scathophagidae_Scathophaga_lutaria_2760495_1019549782,http://creativecommons.org/licenses/by-nc-nd/4.0/
335084,1019549758,Scathophagidae_Scathophaga_litorea_1381548_1019549758,http://creativecommons.org/licenses/by-nc-nd/4.0/
335085,1019549758,Scathophagidae_Scathophaga_litorea_1381549_1019549758,http://creativecommons.org/licenses/by-nc-nd/4.0/
335086,1019549758,Scathophagidae_Scathophaga_litorea_1381550_1019549758,http://creativecommons.org/licenses/by-nc-nd/4.0/
335087,1019549735,Scathophagidae_Scathophaga_litorea_1381533_1019549735,http://creativecommons.org/licenses/by-nc-nd/4.0/
335088,1019549735,Scathophagidae_Scathophaga_litorea_1381534_1019549735,http://creativecommons.org/licenses/by-nc-nd/4.0/
335089,1019549735,Scathophagidae_Scathophaga_litorea_1381535_1019549735,http://creativecommons.org/licenses/by-nc-nd/4.0/
335090,1019549735,Scathophagidae_Scathophaga_litorea_1381536_1019549735,http://creativecommons.org/licenses/by-nc-nd/4.0/
335091,1019549723,Scathophagidae_Scathophaga_inquinata_2760443_1019549723,http://creativecommons.org/licenses/by-nc-nd/4.0/
335092,1019549723,Scathophagidae_Scathophaga_inquinata_2760444_1019549723,http://creativecommons.org/licenses/by-nc-nd/4.0/
335093,1019549723,Scathophagidae_Scathophaga_inquinata_2760445_1019549723,http://creativecommons.org/licenses/by-nc-nd/4.0/
335094,1019549723,Scathophagidae_Scathophaga_inquinata_2760446_1019549723,http://creativecommons.org/licenses/by-nc-nd/4.0/
335095,1019549723,Scathophagidae_Scathophaga_inquinata_2760447_1019549723,http://creativecommons.org/licenses/by-nc-nd/4.0/
335099,1019549732,Scathophagidae_Scathophaga_inquinata_2760451_1019549732,http://creativecommons.org/licenses/by-nc-nd/4.0/
335100,1019549732,Scathophagidae_Scathophaga_inquinata_2760452_1019549732,http://creativecommons.org/licenses/by-nc-nd/4.0/
335101,1019549732,Scathophagidae_Scathophaga_inquinata_2760453_1019549732,http://creativecommons.org/licenses/by-nc-nd/4.0/
335102,1019549732,Scathophagidae_Scathophaga_inquinata_2760454_1019549732,http://creativecommons.org/licenses/by-nc-nd/4.0/
335103,1019549732,Scathophagidae_Scathophaga_inquinata_2760455_1019549732,http://creativecommons.org/licenses/by-nc-nd/4.0/
335104,1019549732,Scathophagidae_Scathophaga_inquinata_2760456_1019549732,http://creativecommons.org/licenses/by-nc-nd/4.0/
335105,1019549732,Scathophagidae_Scathophaga_inquinata_2760457_1019549732,http://creativecommons.org/licenses/by-nc-nd/4.0/
335110,1019549750,Scathophagidae_Norellisoma_incisa_2760469_1019549750,http://creativecommons.org/licenses/by-nc-nd/4.0/
335111,1019549750,Scathophagidae_Norellisoma_incisa_2760470_1019549750,http://creativecommons.org/licenses/by-nc-nd/4.0/
335112,1019549750,Scathophagidae_Norellisoma_incisa_2760471_1019549750,http://creativecommons.org/licenses/by-nc-nd/4.0/
335113,1019549750,Scathophagidae_Norellisoma_incisa_2760472_1019549750,http://creativecommons.org/licenses/by-nc-nd/4.0/
335114,1019549750,Scathophagidae_Norellisoma_incisa_2760473_1019549750,http://creativecommons.org/licenses/by-nc-nd/4.0/
335115,1019549748,Scathophagidae_Americina_vittatum_693004_1019549748,http://creativecommons.org/licenses/by-nc-nd/4.0/
335116,1019549748,Scathophagidae_Americina_vittatum_693005_1019549748,http://creativecommons.org/licenses/by-nc-nd/4.0/
335117,1019549748,Scathophagidae_Americina_vittatum_693006_1019549748,http://creativecommons.org/licenses/by-nc-nd/4.0/
335118,1019549748,Scathophagidae_Americina_vittatum_693007_1019549748,http://creativecommons.org/licenses/by-nc-nd/4.0/
335119,1019549748,Scathophagidae_Americina_vittatum_693008_1019549748,http://creativecommons.org/licenses/by-nc-nd/4.0/
335120,1019549764,Scathophagidae_Gimnomera_tarsea_2760479_1019549764,http://creativecommons.org/licenses/by-nc-nd/4.0/
335121,1019549764,Scathophagidae_Gimnomera_tarsea_2760480_1019549764,http://creativecommons.org/licenses/by-nc-nd/4.0/
335122,1019549764,Scathophagidae_Gimnomera_tarsea_2760481_1019549764,http://creativecommons.org/licenses/by-nc-nd/4.0/
335127,1019549697,Scathophagidae_Gimnomera_tarsea_2760426_1019549697,http://creativecommons.org/licenses/by-nc-nd/4.0/
335128,1019549697,Scathophagidae_Gimnomera_tarsea_2760427_1019549697,http://creativecommons.org/licenses/by-nc-nd/4.0/
335129,1019549697,Scathophagidae_Gimnomera_tarsea_2760428_1019549697,http://creativecommons.org/licenses/by-nc-nd/4.0/
335133,1019549704,Scathophagidae_Norellisoma_striolatum_2070790_1019549704,http://creativecommons.org/licenses/by-nc-nd/4.0/
335134,1019549704,Scathophagidae_Norellisoma_striolatum_2070791_1019549704,http://creativecommons.org/licenses/by-nc-nd/4.0/
335135,1019549704,Scathophagidae_Norellisoma_striolatum_2070792_1019549704,http://creativecommons.org/licenses/by-nc-nd/4.0/
335136,1019549704,Scathophagidae_Norellisoma_striolatum_2070793_1019549704,http://creativecommons.org/licenses/by-nc-nd/4.0/
335137,1019549704,Scathophagidae_Norellisoma_striolatum_2070794_1019549704,http://creativecommons.org/licenses/by-nc-nd/4.0/
335138,1019549704,Scathophagidae_Norellisoma_striolatum_2070795_1019549704,http://creativecommons.org/licenses/by-nc-nd/4.0/
335212,1019549720,Scathophagidae_Scathophaga_stercoraria_692987_1019549720,http://creativecommons.org/licenses/by-nc-nd/4.0/
335227,1019549788,Scathophagidae_Scathophaga_furcata_1739_1019549788,http://creativecommons.org/licenses/by-nc-nd/4.0/
335228,1019549788,Scathophagidae_Scathophaga_furcata_1740_1019549788,http://creativecommons.org/licenses/by-nc-nd/4.0/
335229,1019549788,Scathophagidae_Scathophaga_furcata_1741_1019549788,http://creativecommons.org/licenses/by-nc-nd/4.0/
335230,1019549788,Scathophagidae_Scathophaga_furcata_1742_1019549788,http://creativecommons.org/licenses/by-nc-nd/4.0/
335231,1019549788,Scathophagidae_Scathophaga_furcata_1743_1019549788,http://creativecommons.org/licenses/by-nc-nd/4.0/
335232,1019549731,Scathophagidae_Norellisoma_suilla_2070817_1019549731,http://creativecommons.org/licenses/by-nc-nd/4.0/
335233,1019549731,Scathophagidae_Norellisoma_suilla_2070818_1019549731,http://creativecommons.org/licenses/by-nc-nd/4.0/
335234,1019549731,Scathophagidae_Norellisoma_suilla_2070819_1019549731,http://creativecommons.org/licenses/by-nc-nd/4.0/
335235,1019549731,Scathophagidae_Norellisoma_suilla_2070820_1019549731,http://creativecommons.org/licenses/by-nc-nd/4.0/
335236,1019549731,Scathophagidae_Norellisoma_suilla_2070821_1019549731,http://creativecommons.org/licenses/by-nc-nd/4.0/
335237,1019549731,Scathophagidae_Norellisoma_suilla_2070822_1019549731,http://creativecommons.org/licenses/by-nc-nd/4.0/
335300,1019549708,Scathophagidae_Norellisoma_striolatum_1381508_1019549708,http://creativecommons.org/licenses/by-nc-nd/4.0/
335301,1019549708,Scathophagidae_Norellisoma_striolatum_1381509_1019549708,http://creativecommons.org/licenses/by-nc-nd/4.0/
335302,1019549708,Scathophagidae_Norellisoma_striolatum_1381510_1019549708,http://creativecommons.org/licenses/by-nc-nd/4.0/
335303,1019549708,Scathophagidae_Norellisoma_striolatum_1381511_1019549708,http://creativecommons.org/licenses/by-nc-nd/4.0/
335304,1019549708,Scathophagidae_Norellisoma_striolatum_1381512_1019549708,http://creativecommons.org/licenses/by-nc-nd/4.0/
335305,1019549708,Scathophagidae_Norellisoma_striolatum_1381513_1019549708,http://creativecommons.org/licenses/by-nc-nd/4.0/
335306,1019549708,Scathophagidae_Norellisoma_striolatum_1381514_1019549708,http://creativecommons.org/licenses/by-nc-nd/4.0/
335307,1019549722,Scathophagidae_Norellia_spinipes_2070807_1019549722,http://creativecommons.org/licenses/by-nc-nd/4.0/
335308,1019549722,Scathophagidae_Norellia_spinipes_2070808_1019549722,http://creativecommons.org/licenses/by-nc-nd/4.0/
335309,1019549722,Scathophagidae_Norellia_spinipes_2070809_1019549722,http://creativecommons.org/licenses/by-nc-nd/4.0/
335310,1019549722,Scathophagidae_Norellia_spinipes_2070810_1019549722,http://creativecommons.org/licenses/by-nc-nd/4.0/
335311,1019549722,Scathophagidae_Norellia_spinipes_2070811_1019549722,http://creativecommons.org/licenses/by-nc-nd/4.0/
335316,1019549698,Scathophagidae_Norellia_spinipes_1674_1019549698,http://creativecommons.org/licenses/by-nc-nd/4.0/
335317,1019549698,Scathophagidae_Norellia_spinipes_1675_1019549698,http://creativecommons.org/licenses/by-nc-nd/4.0/
335318,1019549698,Scathophagidae_Norellia_spinipes_1676_1019549698,http://creativecommons.org/licenses/by-nc-nd/4.0/
335319,1019549698,Scathophagidae_Norellia_spinipes_1677_1019549698,http://creativecommons.org/licenses/by-nc-nd/4.0/
335320,1019549698,Scathophagidae_Norellia_spinipes_1678_1019549698,http://creativecommons.org/licenses/by-nc-nd/4.0/
335325,1019549709,Scathophagidae_Norellisoma_spinimanum_2070796_1019549709,http://creativecommons.org/licenses/by-nc-nd/4.0/
335326,1019549709,Scathophagidae_Norellisoma_spinimanum_2070797_1019549709,http://creativecommons.org/licenses/by-nc-nd/4.0/
335327,1019549709,Scathophagidae_Norellisoma_spinimanum_2070798_1019549709,http://creativecommons.org/licenses/by-nc-nd/4.0/
335332,1019549736,Scathophagidae_Norellisoma_spinimanum_2070823_1019549736,http://creativecommons.org/licenses/by-nc-nd/4.0/
335333,1019549736,Scathophagidae_Norellisoma_spinimanum_2070824_1019549736,http://creativecommons.org/licenses/by-nc-nd/4.0/
335337,1019549718,Scathophagidae_Cordilura_rufipes_2070802_1019549718,http://creativecommons.org/licenses/by-nc-nd/4.0/
335338,1019549718,Scathophagidae_Cordilura_rufipes_2070803_1019549718,http://creativecommons.org/licenses/by-nc-nd/4.0/
335339,1019549718,Scathophagidae_Cordilura_rufipes_2070804_1019549718,http://creativecommons.org/licenses/by-nc-nd/4.0/
335340,1019549718,Scathophagidae_Cordilura_rufipes_2070805_1019549718,http://creativecommons.org/licenses/by-nc-nd/4.0/
335341,1019549718,Scathophagidae_Cordilura_rufipes_2070806_1019549718,http://creativecommons.org/licenses/by-nc-nd/4.0/
335344,1019549747,Scathophagidae_Cordilura_rufimana_1717_1019549747,http://creativecommons.org/licenses/by-nc-nd/4.0/
335345,1019549747,Scathophagidae_Cordilura_rufimana_1718_1019549747,http://creativecommons.org/licenses/by-nc-nd/4.0/
335346,1019549747,Scathophagidae_Cordilura_rufimana_1719_1019549747,http://creativecommons.org/licenses/by-nc-nd/4.0/
335347,1019549747,Scathophagidae_Cordilura_rufimana_1720_1019549747,http://creativecommons.org/licenses/by-nc-nd/4.0/
335348,1019549747,Scathophagidae_Cordilura_rufimana_1721_1019549747,http://creativecommons.org/licenses/by-nc-nd/4.0/
335349,1019549747,Scathophagidae_Cordilura_rufimana_1722_1019549747,http://creativecommons.org/licenses/by-nc-nd/4.0/
335350,1019549734,Scathophagidae_Trichopalpus_punctipes_692992_1019549734,http://creativecommons.org/licenses/by-nc-nd/4.0/
335351,1019549734,Scathophagidae_Trichopalpus_punctipes_692993_1019549734,http://creativecommons.org/licenses/by-nc-nd/4.0/
335352,1019549734,Scathophagidae_Trichopalpus_punctipes_692994_1019549734,http://creativecommons.org/licenses/by-nc-nd/4.0/
335353,1019549734,Scathophagidae_Trichopalpus_punctipes_692995_1019549734,http://creativecommons.org/licenses/by-nc-nd/4.0/
335354,1019549734,Scathophagidae_Trichopalpus_punctipes_692996_1019549734,http://creativecommons.org/licenses/by-nc-nd/4.0/
335355,1019549715,Scathophagidae_Cordilura_pudica_1689_1019549715,http://creativecommons.org/licenses/by-nc-nd/4.0/
335356,1019549715,Scathophagidae_Cordilura_pudica_1690_1019549715,http://creativecommons.org/licenses/by-nc-nd/4.0/
335357,1019549715,Scathophagidae_Cordilura_pudica_1691_1019549715,http://creativecommons.org/licenses/by-nc-nd/4.0/
335358,1019549715,Scathophagidae_Cordilura_pudica_1692_1019549715,http://creativecommons.org/licenses/by-nc-nd/4.0/
335359,1019549715,Scathophagidae_Cordilura_pudica_1693_1019549715,http://creativecommons.org/licenses/by-nc-nd/4.0/
336729,1019549682,Scathophagidae_Spaziphora_hydromyzina_2070770_1019549682,http://creativecommons.org/licenses/by-nc-nd/4.0/
336730,1019549682,Scathophagidae_Spaziphora_hydromyzina_2070771_1019549682,http://creativecommons.org/licenses/by-nc-nd/4.0/
336731,1019549682,Scathophagidae_Spaziphora_hydromyzina_2070772_1019549682,http://creativecommons.org/licenses/by-nc-nd/4.0/
336732,1019549693,Scathophagidae_Spaziphora_hydromyzina_1671_1019549693,http://creativecommons.org/licenses/by-nc-nd/4.0/
336733,1019549693,Scathophagidae_Spaziphora_hydromyzina_1672_1019549693,http://creativecommons.org/licenses/by-nc-nd/4.0/
336734,1019549693,Scathophagidae_Spaziphora_hydromyzina_1673_1019549693,http://creativecommons.org/licenses/by-nc-nd/4.0/
336739,1019549710,Scathophagidae_Trichopalpus_fraternus_1685_1019549710,http://creativecommons.org/licenses/by-nc-nd/4.0/
336740,1019549710,Scathophagidae_Trichopalpus_fraternus_1686_1019549710,http://creativecommons.org/licenses/by-nc-nd/4.0/
336741,1019549710,Scathophagidae_Trichopalpus_fraternus_1687_1019549710,http://creativecommons.org/licenses/by-nc-nd/4.0/
336742,1019549710,Scathophagidae_Trichopalpus_fraternus_1688_1019549710,http://creativecommons.org/licenses/by-nc-nd/4.0/
336743,1019549685,Scathophagidae_Trichopalpus_fraternus_692957_1019549685,http://creativecommons.org/licenses/by-nc-nd/4.0/
336744,1019549685,Scathophagidae_Trichopalpus_fraternus_692958_1019549685,http://creativecommons.org/licenses/by-nc-nd/4.0/
336745,1019549685,Scathophagidae_Trichopalpus_fraternus_692959_1019549685,http://creativecommons.org/licenses/by-nc-nd/4.0/
336746,1019549685,Scathophagidae_Trichopalpus_fraternus_692960_1019549685,http://creativecommons.org/licenses/by-nc-nd/4.0/
336747,1019549685,Scathophagidae_Trichopalpus_fraternus_692961_1019549685,http://creativecommons.org/licenses/by-nc-nd/4.0/
336748,1019549685,Scathophagidae_Trichopalpus_fraternus_692962_1019549685,http://creativecommons.org/licenses/by-nc-nd/4.0/
336749,1019549685,Scathophagidae_Trichopalpus_fraternus_692963_1019549685,http://creativecommons.org/licenses/by-nc-nd/4.0/
336750,1019549678,Scathophagidae_Hydromyza_livens_2070767_1019549678,http://creativecommons.org/licenses/by-nc-nd/4.0/
336751,1019549678,Scathophagidae_Hydromyza_livens_2070768_1019549678,http://creativecommons.org/licenses/by-nc-nd/4.0/
336752,1019549678,Scathophagidae_Hydromyza_livens_2070769_1019549678,http://creativecommons.org/licenses/by-nc-nd/4.0/
336753,1019549737,Scathophagidae_Trichopalpus_punctipes_2760458_1019549737,http://creativecommons.org/licenses/by-nc-nd/4.0/
336754,1019549737,Scathophagidae_Trichopalpus_punctipes_2760459_1019549737,http://creativecommons.org/licenses/by-nc-nd/4.0/
336755,1019549737,Scathophagidae_Trichopalpus_punctipes_2760460_1019549737,http://creativecommons.org/licenses/by-nc-nd/4.0/
336756,1019549737,Scathophagidae_Trichopalpus_punctipes_2760461_1019549737,http://creativecommons.org/licenses/by-nc-nd/4.0/
336757,1019549689,Scathophagidae_Cordilura_ciliata_1666_1019549689,http://creativecommons.org/licenses/by-nc-nd/4.0/
336758,1019549689,Scathophagidae_Cordilura_ciliata_1667_1019549689,http://creativecommons.org/licenses/by-nc-nd/4.0/
336759,1019549689,Scathophagidae_Cordilura_ciliata_1668_1019549689,http://creativecommons.org/licenses/by-nc-nd/4.0/
336760,1019549689,Scathophagidae_Cordilura_ciliata_1669_1019549689,http://creativecommons.org/licenses/by-nc-nd/4.0/
336761,1019549689,Scathophagidae_Cordilura_ciliata_1670_1019549689,http://creativecommons.org/licenses/by-nc-nd/4.0/
336766,1019549705,Scathophagidae_Cleigastra_apicalis_2760431_1019549705,http://creativecommons.org/licenses/by-nc-nd/4.0/
336767,1019549705,Scathophagidae_Cleigastra_apicalis_2760432_1019549705,http://creativecommons.org/licenses/by-nc-nd/4.0/
336768,1019549705,Scathophagidae_Cleigastra_apicalis_2760433_1019549705,http://creativecommons.org/licenses/by-nc-nd/4.0/
336769,1019549705,Scathophagidae_Cleigastra_apicalis_2760434_1019549705,http://creativecommons.org/licenses/by-nc-nd/4.0/
336770,1019549705,Scathophagidae_Cleigastra_apicalis_2760435_1019549705,http://creativecommons.org/licenses/by-nc-nd/4.0/
336771,1019549683,Scathophagidae_Cordilura_albipes_2760413_1019549683,http://creativecommons.org/licenses/by-nc-nd/4.0/
336772,1019549683,Scathophagidae_Cordilura_albipes_2760414_1019549683,http://creativecommons.org/licenses/by-nc-nd/4.0/
336773,1019549683,Scathophagidae_Cordilura_albipes_2760415_1019549683,http://creativecommons.org/licenses/by-nc-nd/4.0/
336774,1019549675,Scathophagidae_Cordilura_albipes_1658_1019549675,http://creativecommons.org/licenses/by-nc-nd/4.0/
336775,1019549675,Scathophagidae_Cordilura_albipes_1659_1019549675,http://creativecommons.org/licenses/by-nc-nd/4.0/
336776,1019549675,Scathophagidae_Cordilura_albipes_1660_1019549675,http://creativecommons.org/licenses/by-nc-nd/4.0/
336777,1019549690,Scathophagidae_Cleigastra_flavipes_1381494_1019549690,http://creativecommons.org/licenses/by-nc-nd/4.0/
336778,1019549690,Scathophagidae_Cleigastra_flavipes_1381495_1019549690,http://creativecommons.org/licenses/by-nc-nd/4.0/
336779,1019549690,Scathophagidae_Cleigastra_flavipes_1381496_1019549690,http://creativecommons.org/licenses/by-nc-nd/4.0/
336780,1019549733,Scathophagidae_Cleigastra_fasciata_1706_1019549733,http://creativecommons.org/licenses/by-nc-nd/4.0/
336781,1019549733,Scathophagidae_Cleigastra_fasciata_1707_1019549733,http://creativecommons.org/licenses/by-nc-nd/4.0/
336782,1019549733,Scathophagidae_Cleigastra_fasciata_1708_1019549733,http://creativecommons.org/licenses/by-nc-nd/4.0/
336783,1019549733,Scathophagidae_Cleigastra_fasciata_1709_1019549733,http://creativecommons.org/licenses/by-nc-nd/4.0/
336784,1019549733,Scathophagidae_Cleigastra_fasciata_1710_1019549733,http://creativecommons.org/licenses/by-nc-nd/4.0/
336785,1019549717,Scathophagidae_Cordilura_ciliata_1381518_1019549717,http://creativecommons.org/licenses/by-nc-nd/4.0/
336786,1019549717,Scathophagidae_Cordilura_ciliata_1381519_1019549717,http://creativecommons.org/licenses/by-nc-nd/4.0/
336787,1019549717,Scathophagidae_Cordilura_ciliata_1381520_1019549717,http://creativecommons.org/licenses/by-nc-nd/4.0/
336788,1019549717,Scathophagidae_Cordilura_ciliata_1381521_1019549717,http://creativecommons.org/licenses/by-nc-nd/4.0/
336789,1019549717,Scathophagidae_Cordilura_ciliata_1381522_1019549717,http://creativecommons.org/licenses/by-nc-nd/4.0/
336804,1019549674,Scathophagidae_Delina_nigrita_2760407_1019549674,http://creativecommons.org/licenses/by-nc-nd/4.0/
336805,1019549674,Scathophagidae_Delina_nigrita_2760408_1019549674,http://creativecommons.org/licenses/by-nc-nd/4.0/
336806,1019549674,Scathophagidae_Delina_nigrita_2760409_1019549674,http://creativecommons.org/licenses/by-nc-nd/4.0/
336807,1019549738,Scathophagidae_Delina_nigrita_1711_1019549738,http://creativecommons.org/licenses/by-nc-nd/4.0/
336808,1019549738,Scathophagidae_Delina_nigrita_1712_1019549738,http://creativecommons.org/licenses/by-nc-nd/4.0/
336809,1019549738,Scathophagidae_Delina_nigrita_1713_1019549738,http://creativecommons.org/licenses/by-nc-nd/4.0/
336814,1019549727,Scathophagidae_Cordilura_picipes_2070812_1019549727,http://creativecommons.org/licenses/by-nc-nd/4.0/
336815,1019549727,Scathophagidae_Cordilura_picipes_2070813_1019549727,http://creativecommons.org/licenses/by-nc-nd/4.0/
336816,1019549727,Scathophagidae_Cordilura_picipes_2070814_1019549727,http://creativecommons.org/licenses/by-nc-nd/4.0/
336817,1019549727,Scathophagidae_Cordilura_picipes_2070815_1019549727,http://creativecommons.org/licenses/by-nc-nd/4.0/
336818,1019549727,Scathophagidae_Cordilura_picipes_2070816_1019549727,http://creativecommons.org/licenses/by-nc-nd/4.0/
336819,1019549755,Scathophagidae_Cordilura_picipes_2760474_1019549755,http://creativecommons.org/licenses/by-nc-nd/4.0/
336820,1019549755,Scathophagidae_Cordilura_picipes_2760475_1019549755,http://creativecommons.org/licenses/by-nc-nd/4.0/
336821,1019549755,Scathophagidae_Cordilura_picipes_2760476_1019549755,http://creativecommons.org/licenses/by-nc-nd/4.0/
336822,1019549755,Scathophagidae_Cordilura_picipes_2760477_1019549755,http://creativecommons.org/licenses/by-nc-nd/4.0/
336823,1019549755,Scathophagidae_Cordilura_picipes_2760478_1019549755,http://creativecommons.org/licenses/by-nc-nd/4.0/
337107,1019549662,Scathophagidae_Cordilura_albipes_692936_1019549662,http://creativecommons.org/licenses/by-nc-nd/4.0/
337108,1019549662,Scathophagidae_Cordilura_albipes_692937_1019549662,http://creativecommons.org/licenses/by-nc-nd/4.0/
337109,1019549662,Scathophagidae_Cordilura_albipes_692938_1019549662,http://creativecommons.org/licenses/by-nc-nd/4.0/
337110,1019549706,Scathophagidae_Cordilura_albilabris_1682_1019549706,http://creativecommons.org/licenses/by-nc-nd/4.0/
337111,1019549706,Scathophagidae_Cordilura_albilabris_1683_1019549706,http://creativecommons.org/licenses/by-nc-nd/4.0/
337112,1019549706,Scathophagidae_Cordilura_albilabris_1684_1019549706,http://creativecommons.org/licenses/by-nc-nd/4.0/
337116,1019549679,Scathophagidae_Cordilura_albilabris_2760410_1019549679,http://creativecommons.org/licenses/by-nc-nd/4.0/
337117,1019549679,Scathophagidae_Cordilura_albilabris_2760411_1019549679,http://creativecommons.org/licenses/by-nc-nd/4.0/
337118,1019549679,Scathophagidae_Cordilura_albilabris_2760412_1019549679,http://creativecommons.org/licenses/by-nc-nd/4.0/
337484,1019549684,Scathophagidae_Microprosopa_haemorrhoidalis_1661_1019549684,http://creativecommons.org/licenses/by-nc-nd/4.0/
337485,1019549684,Scathophagidae_Microprosopa_haemorrhoidalis_1662_1019549684,http://creativecommons.org/licenses/by-nc-nd/4.0/
337486,1019549684,Scathophagidae_Microprosopa_haemorrhoidalis_1663_1019549684,http://creativecommons.org/licenses/by-nc-nd/4.0/
337487,1019549684,Scathophagidae_Microprosopa_haemorrhoidalis_1664_1019549684,http://creativecommons.org/licenses/by-nc-nd/4.0/
337488,1019549684,Scathophagidae_Microprosopa_haemorrhoidalis_1665_1019549684,http://creativecommons.org/licenses/by-nc-nd/4.0/
337606,1265037619,Scathophagidae_Norellia_tipularia_10151_1265037619,http://creativecommons.org/licenses/by-nc-nd/4.0/
337607,1265037619,Scathophagidae_Norellia_tipularia_10152_1265037619,http://creativecommons.org/licenses/by-nc-nd/4.0/
340359,1474413529,Scathophagidae_Scathophaga_furcata_2808320_1474413529,© all rights reserved
340636,1844790768,Scathophagidae_Norellia_spinipes_2141662_1844790768,© all rights reserved
341119,3314472552,Scathophagidae_Americina_vittatum_294766_3314472552,http://creativecommons.org/licenses/by-nc/4.0/
342643,2001333162,Scathophagidae_Scathophaga_furcata_2891089_2001333162,http://creativecommons.org/licenses/by-nc-sa/4.0/
342731,2423338688,Scathophagidae_Norellisoma_suilla_1536294_2423338688,© All rights reserved
342886,2404557204,Scathophagidae_Scathophaga_litorea_843277_2404557204,© All rights reserved
342887,2404557204,Scathophagidae_Scathophaga_litorea_843278_2404557204,© All rights reserved
342888,2404557204,Scathophagidae_Scathophaga_litorea_843279_2404557204,© All rights reserved
342889,2404557204,Scathophagidae_Scathophaga_litorea_843280_2404557204,© All rights reserved
342910,4011015351,Scathophagidae_Norellisoma_suilla_2744545_4011015351,http://creativecommons.org/licenses/by/4.0/
344203,3873476909,Scathophagidae_Americina_vittatum_3349575_3873476909,http://creativecommons.org/licenses/by-nc/4.0/
344204,3873476909,Scathophagidae_Americina_vittatum_3349576_3873476909,http://creativecommons.org/licenses/by-nc/4.0/
344205,3873476909,Scathophagidae_Americina_vittatum_3349577_3873476909,http://creativecommons.org/licenses/by-nc/4.0/
344207,3873476909,Scathophagidae_Americina_vittatum_3349579_3873476909,http://creativecommons.org/licenses/by-nc/4.0/
344208,3873476909,Scathophagidae_Americina_vittatum_3349580_3873476909,http://creativecommons.org/licenses/by-nc/4.0/
344413,3859934172,Scathophagidae_Americina_paridis_2650894_3859934172,http://creativecommons.org/licenses/by-nc/4.0/
344416,3355161963,Scathophagidae_Cordilura_albilabris_315219_3355161963,http://creativecommons.org/licenses/by/4.0/
345291,3466070583,Scathophagidae_Cordilura_albipes_466166_3466070583,http://creativecommons.org/licenses/by-nc/4.0/
345292,3466070583,Scathophagidae_Cordilura_albipes_466167_3466070583,http://creativecommons.org/licenses/by-nc/4.0/
345293,3466070583,Scathophagidae_Cordilura_albipes_466168_3466070583,http://creativecommons.org/licenses/by-nc/4.0/
345362,3784925179,Scathophagidae_Norellisoma_spinimanum_555749_3784925179,http://creativecommons.org/licenses/by-nc/4.0/
347006,1959965036,Scathophagidae_Scatomyza_scybalaria_790837_1959965036,http://creativecommons.org/licenses/by-nc-nd/4.0/
347007,1959965036,Scathophagidae_Scatomyza_scybalaria_790838_1959965036,http://creativecommons.org/licenses/by-nc-nd/4.0/
347209,3727886113,Scathophagidae_Scathophaga_stercoraria_1208240_3727886113,http://creativecommons.org/licenses/by-nc-nd/4.0/
347888,1953736855,Scathophagidae_Norellia_spinipes_781228_1953736855,http://creativecommons.org/licenses/by-nc-nd/4.0/
348735,3997339564,Scathophagidae_Scathophaga_stercoraria_1361521_3997339564,http://creativecommons.org/licenses/by-nc-nd/4.0/
348862,3720583669,Scathophagidae_Scathophaga_stercoraria_2559544_3720583669,http://creativecommons.org/licenses/by-nc-nd/4.0/
349190,3731598883,Scathophagidae_Scathophaga_stercoraria_534382_3731598883,http://creativecommons.org/licenses/by-nc-nd/4.0/
350382,3456910673,Scathophagidae_Scathophaga_stercoraria_1153647_3456910673,http://creativecommons.org/licenses/by-nc/4.0/
353077,3759839713,Scathophagidae_Americina_vittatum_2613838_3759839713,http://creativecommons.org/licenses/by-nc/4.0/
354950,1432488010,Scathophagidae_Pogonota_barbata_735840_1432488010,© all rights reserved
354983,2994232354,Scathophagidae_Cordilura_ustulata_2327367_2994232354,© all rights reserved
354984,2994232354,Scathophagidae_Cordilura_ustulata_2327368_2994232354,© all rights reserved
356087,3731590768,Scathophagidae_Scathophaga_stercoraria_3292441_3731590768,http://creativecommons.org/licenses/by-nc-nd/4.0/
356920,1955069357,Scathophagidae_Hydromyza_livens_782438_1955069357,http://creativecommons.org/licenses/by-nc/4.0/
357769,1955512472,Scathophagidae_Americina_media_1472412_1955512472,http://creativecommons.org/licenses/by-nc-nd/4.0/
357770,1955512472,Scathophagidae_Americina_media_1472413_1955512472,http://creativecommons.org/licenses/by-nc-nd/4.0/
360449,3822607715,Scathophagidae_Scathophaga_stercoraria_1248541_3822607715,http://creativecommons.org/licenses/by-nc-nd/4.0/
360571,1959886846,Scathophagidae_Trichopalpus_fraternus_1479215_1959886846,http://creativecommons.org/licenses/by-nc-nd/4.0/
360572,1959886846,Scathophagidae_Trichopalpus_fraternus_1479216_1959886846,http://creativecommons.org/licenses/by-nc-nd/4.0/
360573,1959886846,Scathophagidae_Trichopalpus_fraternus_1479217_1959886846,http://creativecommons.org/licenses/by-nc-nd/4.0/
360574,1959886846,Scathophagidae_Trichopalpus_fraternus_1479218_1959886846,http://creativecommons.org/licenses/by-nc-nd/4.0/
363295,2833529361,Scathophagidae_Scathophaga_litorea_2970748_2833529361,http://creativecommons.org/licenses/by-nc-nd/4.0/
363296,2833529361,Scathophagidae_Scathophaga_litorea_2970749_2833529361,http://creativecommons.org/licenses/by-nc-nd/4.0/
363481,1262374232,Scathophagidae_Scathophaga_furcata_9776_1262374232,http://creativecommons.org/licenses/by/4.0/
363482,1262374232,Scathophagidae_Scathophaga_furcata_9777_1262374232,http://creativecommons.org/licenses/by/4.0/
363483,1262374232,Scathophagidae_Scathophaga_furcata_9778_1262374232,http://creativecommons.org/licenses/by/4.0/
363484,1262374232,Scathophagidae_Scathophaga_furcata_9779_1262374232,http://creativecommons.org/licenses/by/4.0/
365694,2992797533,Scathophagidae_Americina_vittatum_948812_2992797533,http://creativecommons.org/licenses/by-nc/4.0/
365696,2992797533,Scathophagidae_Americina_vittatum_948814_2992797533,http://creativecommons.org/licenses/by-nc/4.0/
365697,2992797533,Scathophagidae_Americina_vittatum_948815_2992797533,http://creativecommons.org/licenses/by-nc/4.0/
366856,3720648078,Scathophagidae_Hydromyza_livens_3250126_3720648078,http://creativecommons.org/licenses/by-nc-nd/4.0/
366857,3720648078,Scathophagidae_Hydromyza_livens_3250127_3720648078,http://creativecommons.org/licenses/by-nc-nd/4.0/
366875,3904047042,Scathophagidae_Ceratinostoma_ostiorum_1992961_3904047042,http://creativecommons.org/licenses/by-nc-nd/4.0/
367091,1966184580,Scathophagidae_Hydromyza_livens_108249_1966184580,http://creativecommons.org/licenses/by-nc-nd/4.0/
367114,1960235493,Scathophagidae_Norellia_spinipes_2169163_1960235493,http://creativecommons.org/licenses/by-nc-nd/4.0/
368038,3906776258,Scathophagidae_Hydromyza_livens_3389067_3906776258,http://creativecommons.org/licenses/by-nc-nd/4.0/
369050,3058744623,Scathophagidae_Norellia_tipularia_2339369_3058744623,http://creativecommons.org/licenses/by-nc/4.0/
369051,3058744623,Scathophagidae_Norellia_tipularia_2339370_3058744623,http://creativecommons.org/licenses/by-nc/4.0/
369159,3321138775,Scathophagidae_Scathophaga_stercoraria_986723_3321138775,http://creativecommons.org/licenses/by-nc/4.0/
369320,3398659708,Scathophagidae_Americina_vittatum_327212_3398659708,http://creativecommons.org/licenses/by-nc/4.0/
369321,3398659708,Scathophagidae_Americina_vittatum_327213_3398659708,http://creativecommons.org/licenses/by-nc/4.0/
369462,3014083640,Scathophagidae_Hydromyza_livens_3021153_3014083640,http://creativecommons.org/licenses/by-nc/4.0/
369463,3014083640,Scathophagidae_Hydromyza_livens_3021154_3014083640,http://creativecommons.org/licenses/by-nc/4.0/
371378,3302558768,Scathophagidae_Americina_vittatum_2359758_3302558768,http://creativecommons.org/licenses/by/4.0/
371379,3302558768,Scathophagidae_Americina_vittatum_2359759_3302558768,http://creativecommons.org/licenses/by/4.0/
371380,3302558768,Scathophagidae_Americina_vittatum_2359760_3302558768,http://creativecommons.org/licenses/by/4.0/
371381,3302558768,Scathophagidae_Americina_vittatum_2359761_3302558768,http://creativecommons.org/licenses/by/4.0/
372885,3090789919,Scathophagidae_Scathophaga_stercoraria_1657907_3090789919,http://creativecommons.org/licenses/by-nc/4.0/
373090,1965223836,Scathophagidae_Norellisoma_spinimanum_106070_1965223836,http://creativecommons.org/licenses/by-nc-nd/4.0/
374340,1957545865,Scathophagidae_Hydromyza_livens_2164412_1957545865,http://creativecommons.org/licenses/by-nc-nd/4.0/
374341,1957545865,Scathophagidae_Hydromyza_livens_2164413_1957545865,http://creativecommons.org/licenses/by-nc-nd/4.0/
374862,2844790114,Scathophagidae_Scathophaga_litorea_2301461_2844790114,http://creativecommons.org/licenses/by-nc-nd/4.0/
375998,3722557563,Scathophagidae_Scathophaga_stercoraria_1193466_3722557563,http://creativecommons.org/licenses/by-nc-nd/4.0/
376982,3905567770,Scathophagidae_Norellisoma_spinimanum_2691473_3905567770,http://creativecommons.org/licenses/by-nc-nd/4.0/
377148,3906889122,Scathophagidae_Scathophaga_stercoraria_3389744_3906889122,http://creativecommons.org/licenses/by-nc-nd/4.0/
377176,3721777618,Scathophagidae_Scathophaga_stercoraria_2566869_3721777618,http://creativecommons.org/licenses/by-nc-nd/4.0/
378899,2843086681,Scathophagidae_Trichopalpus_fraternus_2988419_2843086681,http://creativecommons.org/licenses/by-nc-nd/4.0/
379214,1970312439,Scathophagidae_Cordilura_albipes_805493_1970312439,http://creativecommons.org/licenses/by-nc-nd/4.0/
379378,1965470572,Scathophagidae_Hydromyza_livens_797389_1965470572,http://creativecommons.org/licenses/by-nc-nd/4.0/
380006,1977027591,Scathophagidae_Ceratinostoma_ostiorum_815279_1977027591,http://creativecommons.org/licenses/by-nc-nd/4.0/
380007,1977027591,Scathophagidae_Ceratinostoma_ostiorum_815280_1977027591,http://creativecommons.org/licenses/by-nc-nd/4.0/
380311,1955057920,Scathophagidae_Hydromyza_livens_2850086_1955057920,http://creativecommons.org/licenses/by-nc-sa/4.0/
380653,3725786901,Scathophagidae_Scathophaga_stercoraria_1199697_3725786901,http://creativecommons.org/licenses/by-nc-nd/4.0/
380756,1959172601,Scathophagidae_Spaziphora_hydromyzina_2856961_1959172601,http://creativecommons.org/publicdomain/zero/1.0/
382412,2842400650,Scathophagidae_Norellisoma_spinimanum_1607341_2842400650,http://creativecommons.org/licenses/by-nc-nd/4.0/
382413,2842400650,Scathophagidae_Norellisoma_spinimanum_1607342_2842400650,http://creativecommons.org/licenses/by-nc-nd/4.0/
382893,3995578720,Scathophagidae_Hydromyza_livens_1355204_3995578720,http://creativecommons.org/licenses/by-nc-sa/4.0/
382894,3995578720,Scathophagidae_Hydromyza_livens_1355205_3995578720,http://creativecommons.org/licenses/by-nc-sa/4.0/
383008,3730642706,Scathophagidae_Scathophaga_stercoraria_2596310_3730642706,http://creativecommons.org/licenses/by-nc-nd/4.0/
383450,1966164551,Scathophagidae_Scathophaga_stercoraria_798939_1966164551,http://creativecommons.org/licenses/by-nc-nd/4.0/
384922,3715622568,Scathophagidae_Cordilura_albipes_1855070_3715622568,http://creativecommons.org/licenses/by-nc-nd/4.0/
385445,3825551804,Scathophagidae_Scathophaga_stercoraria_2634269_3825551804,http://creativecommons.org/licenses/by-nc-nd/4.0/
385906,3466241630,Scathophagidae_Scathophaga_stercoraria_2535275_3466241630,http://creativecommons.org/licenses/by-nc/4.0/
386893,3398776719,Scathophagidae_Americina_vittatum_1706719_3398776719,http://creativecommons.org/licenses/by-nc/4.0/
386894,3398776719,Scathophagidae_Americina_vittatum_1706720_3398776719,http://creativecommons.org/licenses/by-nc/4.0/
386895,3398776719,Scathophagidae_Americina_vittatum_1706721_3398776719,http://creativecommons.org/licenses/by-nc/4.0/
386896,3398776719,Scathophagidae_Americina_vittatum_1706722_3398776719,http://creativecommons.org/licenses/by-nc/4.0/
388474,3859937336,Scathophagidae_Scathophaga_stercoraria_2650905_3859937336,http://creativecommons.org/licenses/by-nc/4.0/
388851,3730874489,Scathophagidae_Scathophaga_stercoraria_2597542_3730874489,http://creativecommons.org/licenses/by-nc-nd/4.0/
390097,3995842843,Scathophagidae_Hydromyza_livens_1356138_3995842843,http://creativecommons.org/licenses/by-nc-nd/4.0/
390113,1961792970,Scathophagidae_Norellia_spinipes_2861008_1961792970,http://creativecommons.org/licenses/by-nc-nd/4.0/
390114,1961792970,Scathophagidae_Norellia_spinipes_2861009_1961792970,http://creativecommons.org/licenses/by-nc-nd/4.0/
391340,3329922388,Scathophagidae_Americina_vittatum_2369797_3329922388,© All rights reserved
391342,3329922388,Scathophagidae_Americina_vittatum_2369799_3329922388,© All rights reserved
391349,1824320279,Scathophagidae_Scathophaga_furcata_1435975_1824320279,© All rights reserved
391360,2400279683,Scathophagidae_Norellisoma_suilla_1530900_2400279683,http://creativecommons.org/licenses/by-nc-sa/4.0/
392134,2842083403,Scathophagidae_Hydromyza_livens_227314_2842083403,http://creativecommons.org/licenses/by-nc-sa/4.0/
392135,2842083403,Scathophagidae_Hydromyza_livens_227315_2842083403,http://creativecommons.org/licenses/by-nc-sa/4.0/
393754,2843213435,Scathophagidae_Trichopalpus_fraternus_2298094_2843213435,http://creativecommons.org/licenses/by/4.0/
395329,3717159095,Scathophagidae_Hydromyza_livens_1170308_3717159095,http://creativecommons.org/licenses/by-nc-nd/4.0/
395330,3717159095,Scathophagidae_Hydromyza_livens_1170309_3717159095,http://creativecommons.org/licenses/by-nc-nd/4.0/
395921,1805366677,Scathophagidae_Hydromyza_livens_746146_1805366677,http://creativecommons.org/licenses/by-nc/4.0/
397184,3302321088,Scathophagidae_Americina_vittatum_980435_3302321088,http://creativecommons.org/licenses/by/4.0/
397185,3302321088,Scathophagidae_Americina_vittatum_980436_3302321088,http://creativecommons.org/licenses/by/4.0/
397186,3302321088,Scathophagidae_Americina_vittatum_980437_3302321088,http://creativecommons.org/licenses/by/4.0/
398462,1430497666,Scathophagidae_Scathophaga_inquinata_2802579_1430497666,© all rights reserved
398818,2402689266,Scathophagidae_Cleigastra_apicalis_2220541_2402689266,http://creativecommons.org/licenses/by-nc-sa/4.0/
399530,1977520903,Scathophagidae_Scathophaga_stercoraria_816184_1977520903,http://creativecommons.org/licenses/by-nc-sa/4.0/
400751,1974053886,Scathophagidae_Cordilura_albipes_1499597_1974053886,http://creativecommons.org/licenses/by-nc-nd/4.0/
401964,3824429741,Scathophagidae_Acerocnema_macrocera_3322236_3824429741,http://creativecommons.org/licenses/by-nc-nd/4.0/
401965,3824429741,Scathophagidae_Acerocnema_macrocera_3322237_3824429741,http://creativecommons.org/licenses/by-nc-nd/4.0/
402842,1956648530,Scathophagidae_Cordilura_ciliata_2162997_1956648530,http://creativecommons.org/licenses/by-nc-nd/4.0/
403193,3990897442,Scathophagidae_Spaziphora_hydromyzina_2040266_3990897442,© All rights reserved
403219,2528938676,Scathophagidae_Scathophaga_furcata_2924542_2528938676,© All rights reserved
403220,2528938676,Scathophagidae_Scathophaga_furcata_2924543_2528938676,© All rights reserved
403263,3303507452,Scathophagidae_Norellisoma_spinimanum_291695_3303507452,© All rights reserved
403264,3303507452,Scathophagidae_Norellisoma_spinimanum_291696_3303507452,© All rights reserved
403265,3866336351,Scathophagidae_Scathophaga_furcata_587743_3866336351,© All rights reserved
403359,2399636648,Scathophagidae_Scathophaga_inquinata_842112_2399636648,© All rights reserved
403401,2825889464,Scathophagidae_Norellisoma_spinimanum_2967538_2825889464,© All rights reserved
403652,3303119337,Scathophagidae_Norellisoma_suilla_981271_3303119337,© All rights reserved
403653,3303119337,Scathophagidae_Norellisoma_suilla_981272_3303119337,© All rights reserved
403695,3500536411,Scathophagidae_Hydromyza_livens_1851365_3500536411,http://creativecommons.org/licenses/by/4.0/
403742,3419566385,Scathophagidae_Norellisoma_suilla_1714692_3419566385,http://creativecommons.org/licenses/by/4.0/
403743,3419566385,Scathophagidae_Norellisoma_suilla_1714693_3419566385,http://creativecommons.org/licenses/by/4.0/
403892,1459638889,Scathophagidae_Cordilura_ciliata_2806181_1459638889,© all rights reserved
404121,2001230312,Scathophagidae_Cleigastra_apicalis_1511730_2001230312,http://creativecommons.org/licenses/by-nc-sa/4.0/
404620,1431740103,Scathophagidae_Megaphthalma_pallida_2802868_1431740103,© all rights reserved
413114,3859937476,Scathophagidae_Americina_vittata_2650911_3859937476,http://creativecommons.org/licenses/by-nc/4.0/
413601,3923331619,Scathophagidae_Cordilura_albilabris_3403496_3923331619,http://creativecommons.org/licenses/by-nc/4.0/
415041,3966748529,Scathophagidae_Americina_vittatum_3415916_3966748529,http://creativecommons.org/licenses/by-nc/4.0/
415042,3966748529,Scathophagidae_Americina_vittatum_3415917_3966748529,http://creativecommons.org/licenses/by-nc/4.0/
415043,3966748529,Scathophagidae_Americina_vittatum_3415918_3966748529,http://creativecommons.org/licenses/by-nc/4.0/
415044,3966748529,Scathophagidae_Americina_vittatum_3415919_3966748529,http://creativecommons.org/licenses/by-nc/4.0/
415684,2350427079,Scathophagidae_Norellisoma_spinimanum_2908192_2350427079,http://creativecommons.org/licenses/by-nc/4.0/
415685,2350427079,Scathophagidae_Norellisoma_spinimanum_2908193_2350427079,http://creativecommons.org/licenses/by-nc/4.0/
415686,2350427079,Scathophagidae_Norellisoma_spinimanum_2908194_2350427079,http://creativecommons.org/licenses/by-nc/4.0/
416124,1880655774,Scathophagidae_Scathophaga_stercoraria_79778_1880655774,http://creativecommons.org/licenses/by-nc/4.0/
416957,3031957204,Scathophagidae_Hydromyza_livens_3025512_3031957204,http://creativecommons.org/licenses/by-nc/4.0/
417613,3743190438,Scathophagidae_Scathophaga_stercoraria_2609343_3743190438,http://creativecommons.org/licenses/by-nc/4.0/
418817,3915491761,Scathophagidae_Americina_vittatum_1328366_3915491761,http://creativecommons.org/licenses/by-nc/4.0/
418818,3915491761,Scathophagidae_Americina_vittatum_1328367_3915491761,http://creativecommons.org/licenses/by-nc/4.0/
418819,3915491761,Scathophagidae_Americina_vittatum_1328368_3915491761,http://creativecommons.org/licenses/by-nc/4.0/
418837,1460368201,Scathophagidae_Hydromyza_livens_1428849_1460368201,© all rights reserved
419808,3067685916,Scathophagidae_Americina_vittatum_2341921_3067685916,http://creativecommons.org/licenses/by-nc/4.0/
420512,3858521916,Scathophagidae_Americina_paridis_576719_3858521916,http://creativecommons.org/licenses/by-nc/4.0/
420513,3858521916,Scathophagidae_Americina_paridis_576720_3858521916,http://creativecommons.org/licenses/by-nc/4.0/
420514,3858521916,Scathophagidae_Americina_paridis_576721_3858521916,http://creativecommons.org/licenses/by-nc/4.0/
421821,4018175721,Scathophagidae_Americina_vittatum_3438750_4018175721,http://creativecommons.org/licenses/by-nc/4.0/
421822,4018175721,Scathophagidae_Americina_vittatum_3438751_4018175721,http://creativecommons.org/licenses/by-nc/4.0/
423562,3712431955,Scathophagidae_Norellia_spinipes_474282_3712431955,http://creativecommons.org/licenses/by-nc/4.0/
423563,3712431955,Scathophagidae_Norellia_spinipes_474283_3712431955,http://creativecommons.org/licenses/by-nc/4.0/
423564,3712431955,Scathophagidae_Norellia_spinipes_474284_3712431955,http://creativecommons.org/licenses/by-nc/4.0/
423565,3712431955,Scathophagidae_Norellia_spinipes_474285_3712431955,http://creativecommons.org/licenses/by-nc/4.0/
423944,3988755088,Scathophagidae_Scathophaga_furcata_2730057_3988755088,http://creativecommons.org/licenses/by-nc/4.0/
423945,3988755088,Scathophagidae_Scathophaga_furcata_2730058_3988755088,http://creativecommons.org/licenses/by-nc/4.0/
423946,3988755088,Scathophagidae_Scathophaga_furcata_2730059_3988755088,http://creativecommons.org/licenses/by-nc/4.0/
424162,2865903576,Scathophagidae_Scathophaga_spurca_935661_2865903576,© all rights reserved
424174,1459586548,Scathophagidae_Scathophaga_spurca_2116542_1459586548,© all rights reserved
424175,1459586548,Scathophagidae_Scathophaga_spurca_2116543_1459586548,© all rights reserved
425165,3966891338,Scathophagidae_Scathophaga_lutaria_1346659_3966891338,http://creativecommons.org/licenses/by-nc/4.0/
425166,3966891338,Scathophagidae_Scathophaga_lutaria_1346660_3966891338,http://creativecommons.org/licenses/by-nc/4.0/
425167,3966891338,Scathophagidae_Scathophaga_lutaria_1346661_3966891338,http://creativecommons.org/licenses/by-nc/4.0/
425168,3966891338,Scathophagidae_Scathophaga_lutaria_1346662_3966891338,http://creativecommons.org/licenses/by-nc/4.0/
425169,3966891338,Scathophagidae_Scathophaga_lutaria_1346663_3966891338,http://creativecommons.org/licenses/by-nc/4.0/
426489,3384351848,Scathophagidae_Cordilura_albilabris_1011052_3384351848,http://creativecommons.org/licenses/by/4.0/
428786,3031874385,Scathophagidae_Cordilura_ciliata_1645187_3031874385,http://creativecommons.org/licenses/by-nc/4.0/
429432,1977380641,Scathophagidae_Norellisoma_spinimanum_2883646_1977380641,http://creativecommons.org/licenses/by-nc/4.0/
429544,2837982247,Scathophagidae_Norellia_spinipes_2289087_2837982247,http://creativecommons.org/licenses/by-nc-nd/4.0/
429730,1976611876,Scathophagidae_Coniosternum_decipiens_123551_1976611876,http://creativecommons.org/licenses/by-nc-nd/4.0/
430286,1965218181,Scathophagidae_Norellisoma_spinimanum_1485273_1965218181,http://creativecommons.org/licenses/by-nc-nd/4.0/
430932,3729088299,Scathophagidae_Scathophaga_furcata_1900827_3729088299,http://creativecommons.org/licenses/by-nc-nd/4.0/
430933,3729088299,Scathophagidae_Scathophaga_furcata_1900828_3729088299,http://creativecommons.org/licenses/by-nc-nd/4.0/
431372,2001302585,Scathophagidae_Leptopa_filiformis_2891086_2001302585,http://creativecommons.org/licenses/by-nc-sa/4.0/
431375,2002468869,Scathophagidae_Scathophaga_spurca_132755_2002468869,http://creativecommons.org/licenses/by-nc-sa/4.0/
431378,2001182387,Scathophagidae_Spaziphora_hydromyzina_132718_2001182387,http://creativecommons.org/licenses/by-nc-sa/4.0/
431381,2000833814,Scathophagidae_Scathophaga_inquinata_1511712_2000833814,http://creativecommons.org/licenses/by-nc-sa/4.0/
431396,2002468787,Scathophagidae_Scathophaga_spurca_2891118_2002468787,http://creativecommons.org/licenses/by-nc-sa/4.0/
431404,2001464150,Scathophagidae_Cordilura_albipes_823125_2001464150,http://creativecommons.org/licenses/by-nc-sa/4.0/
432803,1835773100,Scathophagidae_Scathophaga_furcata_71129_1835773100,© all rights reserved
433188,2271994730,Scathophagidae_Scathophaga_furcata_1523674_2271994730,© all rights reserved
433272,3948203912,Scathophagidae_Leptopa_filiformis_1341005_3948203912,http://creativecommons.org/licenses/by-nc/4.0/
433275,3447819042,Scathophagidae_Norellisoma_suilla_454497_3447819042,http://creativecommons.org/licenses/by-sa/4.0/
433311,3448833161,Scathophagidae_Micropselapha_filiformis_3213108_3448833161,http://creativecommons.org/licenses/by-sa/4.0/
433356,3448990427,Scathophagidae_Norellia_tipularia_2523019_3448990427,http://creativecommons.org/licenses/by-sa/4.0/
433724,1966928399,Scathophagidae_Norellisoma_spinimanum_2868717_1966928399,http://creativecommons.org/licenses/by-nc/4.0/
433725,1966928399,Scathophagidae_Norellisoma_spinimanum_2868718_1966928399,http://creativecommons.org/licenses/by-nc/4.0/
434298,2840772990,Scathophagidae_Norellisoma_spinimanum_2983031_2840772990,http://creativecommons.org/licenses/by-nc-nd/4.0/
434299,2840772990,Scathophagidae_Norellisoma_spinimanum_2983032_2840772990,http://creativecommons.org/licenses/by-nc-nd/4.0/
434943,1976695230,Scathophagidae_Trichopalpus_fraternus_814452_1976695230,http://creativecommons.org/licenses/by-nc-nd/4.0/
434944,1976695230,Scathophagidae_Trichopalpus_fraternus_814453_1976695230,http://creativecommons.org/licenses/by-nc-nd/4.0/
434945,1976695230,Scathophagidae_Trichopalpus_fraternus_814454_1976695230,http://creativecommons.org/licenses/by-nc-nd/4.0/
434946,1976695230,Scathophagidae_Trichopalpus_fraternus_814455_1976695230,http://creativecommons.org/licenses/by-nc-nd/4.0/
434947,1976695230,Scathophagidae_Trichopalpus_fraternus_814456_1976695230,http://creativecommons.org/licenses/by-nc-nd/4.0/
434948,1976695230,Scathophagidae_Trichopalpus_fraternus_814457_1976695230,http://creativecommons.org/licenses/by-nc-nd/4.0/
434949,1976695230,Scathophagidae_Trichopalpus_fraternus_814458_1976695230,http://creativecommons.org/licenses/by-nc-nd/4.0/
436656,1969233281,Scathophagidae_Hydromyza_livens_2180577_1969233281,http://creativecommons.org/publicdomain/zero/1.0/
437393,1958418956,Scathophagidae_Scathophaga_furcata_2856168_1958418956,http://creativecommons.org/licenses/by-nc-nd/4.0/
437394,1958418956,Scathophagidae_Scathophaga_furcata_2856169_1958418956,http://creativecommons.org/licenses/by-nc-nd/4.0/
437423,1955749929,Scathophagidae_Cordilura_albilabris_784410_1955749929,http://creativecommons.org/licenses/by-nc-nd/4.0/
437427,2838741055,Scathophagidae_Hydromyza_livens_2981067_2838741055,http://creativecommons.org/licenses/by-nc-nd/4.0/
437740,1974270825,Scathophagidae_Micropselapha_filiformis_811623_1974270825,http://creativecommons.org/licenses/by-nc-nd/4.0/
437741,1974270825,Scathophagidae_Micropselapha_filiformis_811624_1974270825,http://creativecommons.org/licenses/by-nc-nd/4.0/
437824,1958205565,Scathophagidae_Cordilura_albipes_2855810_1958205565,http://creativecommons.org/licenses/by-nc-nd/4.0/
438366,1957869565,Scathophagidae_Norellisoma_spinimanum_2855002_1957869565,http://creativecommons.org/licenses/by-nc-nd/4.0/
438368,1957869565,Scathophagidae_Norellisoma_spinimanum_2855004_1957869565,http://creativecommons.org/licenses/by-nc-nd/4.0/
438369,1957869565,Scathophagidae_Norellisoma_spinimanum_2855005_1957869565,http://creativecommons.org/licenses/by-nc-nd/4.0/
439019,1958321690,Scathophagidae_Norellisoma_spinimanum_1476852_1958321690,http://creativecommons.org/licenses/by-nc-nd/4.0/
439828,2844954344,Scathophagidae_Norellisoma_spinimanum_233909_2844954344,http://creativecommons.org/licenses/by-nc-nd/4.0/
439829,2844954344,Scathophagidae_Norellisoma_spinimanum_233910_2844954344,http://creativecommons.org/licenses/by-nc-nd/4.0/
442144,1899626799,Scathophagidae_Norellisoma_spinimanum_1462412_1899626799,http://creativecommons.org/licenses/by-nc-sa/4.0/
442151,3329774515,Scathophagidae_Cordilura_ciliata_301316_3329774515,© All rights reserved
442152,3329774515,Scathophagidae_Cordilura_ciliata_301317_3329774515,© All rights reserved
442153,3329774515,Scathophagidae_Cordilura_ciliata_301318_3329774515,© All rights reserved
442324,3310107357,Scathophagidae_Cordilura_ciliata_293468_3310107357,http://creativecommons.org/licenses/by/4.0/
442387,2403293181,Scathophagidae_Scathophaga_furcata_842998_2403293181,© All rights reserved
442688,3451588502,Scathophagidae_Acanthocnema_nigrimanus_3213436_3451588502,© All rights reserved
442689,3451588502,Scathophagidae_Acanthocnema_nigrimanus_3213437_3451588502,© All rights reserved
442690,3451588502,Scathophagidae_Acanthocnema_nigrimanus_3213438_3451588502,© All rights reserved
442691,3451588502,Scathophagidae_Acanthocnema_nigrimanus_3213439_3451588502,© All rights reserved
442692,3451588502,Scathophagidae_Acanthocnema_nigrimanus_3213440_3451588502,© All rights reserved
442693,3451588502,Scathophagidae_Acanthocnema_nigrimanus_3213441_3451588502,© All rights reserved
442948,3878864324,Scathophagidae_Norellisoma_suilla_594543_3878864324,© All rights reserved
443015,2416735059,Scathophagidae_Cordilura_ciliata_2222910_2416735059,© All rights reserved
443016,2416735059,Scathophagidae_Cordilura_ciliata_2222911_2416735059,© All rights reserved
443035,3353240394,Scathophagidae_Norellisoma_suilla_1692720_3353240394,© All rights reserved
443036,3353240394,Scathophagidae_Norellisoma_suilla_1692721_3353240394,© All rights reserved
443921,3725504595,Scathophagidae_Scathophaga_stercoraria_2577364_3725504595,http://creativecommons.org/licenses/by-nd/4.0/
444607,3995283802,Scathophagidae_Hydromyza_livens_666199_3995283802,http://creativecommons.org/licenses/by-nc-nd/4.0/
444608,3995283802,Scathophagidae_Hydromyza_livens_666200_3995283802,http://creativecommons.org/licenses/by-nc-nd/4.0/
444683,3997338406,Scathophagidae_Hydromyza_livens_673145_3997338406,http://creativecommons.org/licenses/by-nc-nd/4.0/
446252,1974323229,Scathophagidae_Cleigastra_apicalis_2189278_1974323229,http://creativecommons.org/licenses/by-nc-nd/4.0/
446258,1952362719,Scathophagidae_Norellisoma_spinimanum_1467249_1952362719,http://creativecommons.org/licenses/by-nc-nd/4.0/
446869,1965753049,Scathophagidae_Cordilura_albilabris_797997_1965753049,http://creativecommons.org/licenses/by-nc/4.0/
446870,1965753049,Scathophagidae_Cordilura_albilabris_797998_1965753049,http://creativecommons.org/licenses/by-nc/4.0/
446964,1961619553,Scathophagidae_Scathophaga_stercoraria_2860783_1961619553,http://creativecommons.org/licenses/by-nc-nd/4.0/
447126,2834487222,Scathophagidae_Hydromyza_livens_2973864_2834487222,http://creativecommons.org/licenses/by-nc-sa/4.0/
447127,2834487222,Scathophagidae_Hydromyza_livens_2973865_2834487222,http://creativecommons.org/licenses/by-nc-sa/4.0/
447289,1957983429,Scathophagidae_Hydromyza_livens_97005_1957983429,http://creativecommons.org/licenses/by-nc-sa/4.0/
448370,1969448678,Scathophagidae_Scathophaga_litorea_803520_1969448678,http://creativecommons.org/licenses/by-nc-nd/4.0/
448371,1969448678,Scathophagidae_Scathophaga_litorea_803521_1969448678,http://creativecommons.org/licenses/by-nc-nd/4.0/
448372,1969448678,Scathophagidae_Scathophaga_litorea_803522_1969448678,http://creativecommons.org/licenses/by-nc-nd/4.0/
448654,1976948847,Scathophagidae_Coniosternum_decipiens_815109_1976948847,http://creativecommons.org/licenses/by-nc-nd/4.0/
449308,3995990026,Scathophagidae_Hydromyza_livens_2735768_3995990026,http://creativecommons.org/licenses/by-nc-nd/4.0/
449933,3822664673,Scathophagidae_Ceratinostoma_ostiorum_1937833_3822664673,http://creativecommons.org/licenses/by-nc-nd/4.0/
449934,3822664673,Scathophagidae_Ceratinostoma_ostiorum_1937834_3822664673,http://creativecommons.org/licenses/by-nc-nd/4.0/
450257,2836673972,Scathophagidae_Cleigastra_fasciata_1596927_2836673972,http://creativecommons.org/licenses/by-nc-nd/4.0/
450258,2836673972,Scathophagidae_Cleigastra_fasciata_1596928_2836673972,http://creativecommons.org/licenses/by-nc-nd/4.0/
450297,3822982445,Scathophagidae_Scathophaga_stercoraria_1938525_3822982445,http://creativecommons.org/licenses/by-nc-nd/4.0/
450970,1960753731,Scathophagidae_Cordilura_ciliata_2169371_1960753731,http://creativecommons.org/licenses/by-nc-nd/4.0/
450971,1960753731,Scathophagidae_Cordilura_ciliata_2169372_1960753731,http://creativecommons.org/licenses/by-nc-nd/4.0/
450972,1960753731,Scathophagidae_Cordilura_ciliata_2169373_1960753731,http://creativecommons.org/licenses/by-nc-nd/4.0/
451060,1959030091,Scathophagidae_Norellisoma_spinimanum_98399_1959030091,http://creativecommons.org/licenses/by-nc-nd/4.0/
451825,1933202960,Scathophagidae_Scathophaga_inquinata_1464460_1933202960,http://creativecommons.org/licenses/by-nc-sa/4.0/
451927,3451442460,Scathophagidae_Cordilura_albipes_1144513_3451442460,© All rights reserved
452031,3451607311,Scathophagidae_Scathophaga_furcata_3213466_3451607311,© All rights reserved
452032,3451607311,Scathophagidae_Scathophaga_furcata_3213467_3451607311,© All rights reserved
452033,3451607311,Scathophagidae_Scathophaga_furcata_3213468_3451607311,© All rights reserved
452052,3862158380,Scathophagidae_Cordilura_ciliata_1276641_3862158380,© All rights reserved
452080,2901403312,Scathophagidae_Scathophaga_furcata_2318646_2901403312,© All rights reserved
452673,3718531790,Scathophagidae_Scathophaga_stercoraria_2555400_3718531790,http://creativecommons.org/licenses/by-nc-nd/4.0/
453444,2842178108,Scathophagidae_Norellisoma_spinimanum_1606643_2842178108,http://creativecommons.org/licenses/by-nc-nd/4.0/
454517,1965219472,Scathophagidae_Norellisoma_spinimanum_796767_1965219472,http://creativecommons.org/licenses/by-nc-nd/4.0/
455178,3717466937,Scathophagidae_Hydromyza_livens_1861665_3717466937,http://creativecommons.org/licenses/by-nc-nd/4.0/
457008,3727420752,Scathophagidae_Scathophaga_stercoraria_3275986_3727420752,http://creativecommons.org/licenses/by-nc-nd/4.0/
457546,2843300675,Scathophagidae_Hydromyza_livens_920621_2843300675,http://creativecommons.org/licenses/by-nc-sa/4.0/
457547,2843300675,Scathophagidae_Hydromyza_livens_920622_2843300675,http://creativecommons.org/licenses/by-nc-sa/4.0/
459309,2833122855,Scathophagidae_Cordilura_albipes_901745_2833122855,http://creativecommons.org/licenses/by-nc/4.0/
460987,3398829676,Scathophagidae_Scathophaga_stercoraria_2396402_3398829676,http://creativecommons.org/licenses/by-nc/4.0/
461390,2248664116,Scathophagidae_Cleigastra_apicalis_828284_2248664116,http://creativecommons.org/licenses/by-nc-sa/4.0/
461523,1062041964,Scathophagidae_Scathophaga_stercoraria_2074270_1062041964,© all rights reserved
461578,2447435192,Scathophagidae_Scathophaga_furcata_162669_2447435192,© all rights reserved
461619,1431198115,Scathophagidae_Norellia_spinipes_2802629_1431198115,© all rights reserved
462639,3705542448,Scathophagidae_Norellisoma_spinimanum_2542133_3705542448,http://creativecommons.org/licenses/by-nc/4.0/
464361,2542744487,Scathophagidae_Scathophaga_stercoraria_857315_2542744487,
464408,1847059295,Scathophagidae_Scathophaga_stercoraria_767411_1847059295,
464833,1847059350,Scathophagidae_Scathophaga_stercoraria_2145054_1847059350,
465538,1847059271,Scathophagidae_Scathophaga_stercoraria_76251_1847059271,
465970,1847059267,Scathophagidae_Scathophaga_stercoraria_76250_1847059267,
465983,1847044763,Scathophagidae_Scathophaga_stercoraria_76099_1847044763,
466818,2837165580,Scathophagidae_Scathophaga_stercoraria_909398_2837165580,http://creativecommons.org/licenses/by-nc/4.0/
468321,1952382970,Scathophagidae_Scathophaga_furcata_2156262_1952382970,http://creativecommons.org/licenses/by-nc-nd/4.0/
468322,1952382970,Scathophagidae_Scathophaga_furcata_2156263_1952382970,http://creativecommons.org/licenses/by-nc-nd/4.0/
468336,1976991378,Scathophagidae_Cordilura_ciliata_2192818_1976991378,http://creativecommons.org/licenses/by-nc-nd/4.0/
468337,1976991378,Scathophagidae_Cordilura_ciliata_2192819_1976991378,http://creativecommons.org/licenses/by-nc-nd/4.0/
469395,3825394000,Scathophagidae_Cordilura_albilabris_1255146_3825394000,http://creativecommons.org/licenses/by-nc-nd/4.0/
469596,3822492164,Scathophagidae_Scathophaga_stercoraria_1248086_3822492164,http://creativecommons.org/licenses/by-nc-sa/4.0/
471931,3822611136,Scathophagidae_Scathophaga_stercoraria_2627212_3822611136,http://creativecommons.org/licenses/by-nc-nd/4.0/
473589,3904953319,Scathophagidae_Hydromyza_livens_620542_3904953319,http://creativecommons.org/licenses/by-nc-nd/4.0/
473590,3904953319,Scathophagidae_Hydromyza_livens_620543_3904953319,http://creativecommons.org/licenses/by-nc-nd/4.0/
473639,1957584904,Scathophagidae_Hydromyza_livens_96025_1957584904,http://creativecommons.org/licenses/by-nc-sa/4.0/
473839,1952017934,Scathophagidae_Scathophaga_lutaria_2155804_1952017934,http://creativecommons.org/licenses/by-nc-nd/4.0/
474166,3729367782,Scathophagidae_Scathophaga_stercoraria_3281510_3729367782,http://creativecommons.org/licenses/by-nc-nd/4.0/
475439,3961101374,Scathophagidae_Scathophaga_furcata_1341621_3961101374,http://creativecommons.org/licenses/by/4.0/
475440,3961101374,Scathophagidae_Scathophaga_furcata_1341622_3961101374,http://creativecommons.org/licenses/by/4.0/
475441,3961101374,Scathophagidae_Scathophaga_furcata_1341623_3961101374,http://creativecommons.org/licenses/by/4.0/
475442,3961101374,Scathophagidae_Scathophaga_furcata_1341624_3961101374,http://creativecommons.org/licenses/by/4.0/
475443,3961101374,Scathophagidae_Scathophaga_furcata_1341625_3961101374,http://creativecommons.org/licenses/by/4.0/
475518,3960975360,Scathophagidae_Scathophaga_furcata_2030558_3960975360,http://creativecommons.org/licenses/by-nc/4.0/
475519,3960975360,Scathophagidae_Scathophaga_furcata_2030559_3960975360,http://creativecommons.org/licenses/by-nc/4.0/
475520,3960975360,Scathophagidae_Scathophaga_furcata_2030560_3960975360,http://creativecommons.org/licenses/by-nc/4.0/
475866,3061589481,Scathophagidae_Norellia_spinipes_962695_3061589481,http://creativecommons.org/licenses/by-nc/4.0/
481878,4022298328,Scathophagidae_Cleigastra_apicalis_2751205_4022298328,http://creativecommons.org/licenses/by-nc/4.0/
483378,2248664260,Scathophagidae_Microprosopa_frigida_828301_2248664260,http://creativecommons.org/licenses/by-nc-sa/4.0/
484035,1952223653,Scathophagidae_Hydromyza_livens_87704_1952223653,http://creativecommons.org/licenses/by-nc/4.0/
484921,2843136364,Scathophagidae_Hydromyza_livens_2297929_2843136364,http://creativecommons.org/licenses/by-nc-sa/4.0/
485348,2837052014,Scathophagidae_Hydromyza_livens_2286818_2837052014,http://creativecommons.org/licenses/by-nc/4.0/
486745,1951980939,Scathophagidae_Americina_media_778052_1951980939,http://creativecommons.org/licenses/by-nc-nd/4.0/
486746,1951980939,Scathophagidae_Americina_media_778053_1951980939,http://creativecommons.org/licenses/by-nc-nd/4.0/
486747,1951980939,Scathophagidae_Americina_media_778054_1951980939,http://creativecommons.org/licenses/by-nc-nd/4.0/
487244,1954850054,Scathophagidae_Cordilura_ciliata_91449_1954850054,http://creativecommons.org/licenses/by-nc/4.0/
487245,1954850054,Scathophagidae_Cordilura_ciliata_91450_1954850054,http://creativecommons.org/licenses/by-nc/4.0/
487919,3731344950,Scathophagidae_Scathophaga_stercoraria_3291100_3731344950,http://creativecommons.org/licenses/by-nc/4.0/
488384,1972836172,Scathophagidae_Hydromyza_livens_117915_1972836172,http://creativecommons.org/licenses/by-nc/4.0/
488936,1971015031,Scathophagidae_Scathophaga_litorea_1494958_1971015031,http://creativecommons.org/licenses/by-nc-nd/4.0/
488937,1971015031,Scathophagidae_Scathophaga_litorea_1494959_1971015031,http://creativecommons.org/licenses/by-nc-nd/4.0/
489298,1972329308,Scathophagidae_Trichopalpus_fraternus_2185358_1972329308,http://creativecommons.org/licenses/by-nc-nd/4.0/
489543,2843688795,Scathophagidae_Norellisoma_spinimanum_2298860_2843688795,http://creativecommons.org/licenses/by-nc-nd/4.0/
490502,1960294345,Scathophagidae_Norellia_spinipes_2859076_1960294345,http://creativecommons.org/licenses/by-nc-nd/4.0/
491197,3718493939,Scathophagidae_Scathophaga_stercoraria_487157_3718493939,http://creativecommons.org/licenses/by-nc-nd/4.0/
491201,1952475744,Scathophagidae_Cleigastra_apicalis_88162_1952475744,http://creativecommons.org/licenses/by/4.0/
491618,2834382004,Scathophagidae_Hydromyza_livens_905351_2834382004,http://creativecommons.org/licenses/by-nc-sa/4.0/
492884,1970602921,Scathophagidae_Cleigastra_apicalis_2873799_1970602921,http://creativecommons.org/licenses/by-nc-nd/4.0/
492885,1970602921,Scathophagidae_Cleigastra_apicalis_2873800_1970602921,http://creativecommons.org/licenses/by-nc-nd/4.0/
493355,1955545237,Scathophagidae_Americina_media_1472504_1955545237,http://creativecommons.org/licenses/by-nc-nd/4.0/
493356,1955545237,Scathophagidae_Americina_media_1472505_1955545237,http://creativecommons.org/licenses/by-nc-nd/4.0/
493405,3731400033,Scathophagidae_Scathophaga_stercoraria_3291426_3731400033,http://creativecommons.org/licenses/by-nc-nd/4.0/
493905,3730795951,Scathophagidae_Hydromyza_livens_3288037_3730795951,http://creativecommons.org/licenses/by-nc-nd/4.0/
493915,3730238558,Scathophagidae_Scathophaga_stercoraria_1904855_3730238558,http://creativecommons.org/licenses/by-nc-nd/4.0/
495167,3718134258,Scathophagidae_Scathophaga_stercoraria_1175077_3718134258,http://creativecommons.org/licenses/by-nc-nd/4.0/
495688,2844074505,Scathophagidae_Scathophaga_stercoraria_1610411_2844074505,http://creativecommons.org/licenses/by-nc-nd/4.0/
496858,2841896702,Scathophagidae_Hydromyza_livens_2294778_2841896702,http://creativecommons.org/licenses/by-nc-sa/4.0/
496859,2841896702,Scathophagidae_Hydromyza_livens_2294779_2841896702,http://creativecommons.org/licenses/by-nc-sa/4.0/
496860,2841896702,Scathophagidae_Hydromyza_livens_2294780_2841896702,http://creativecommons.org/licenses/by-nc-sa/4.0/
498036,1038350622,Scathophagidae_Scathophaga_stercoraria_2073137_1038350622,© all rights reserved
498108,1431244829,Scathophagidae_Cordilura_ciliata_2113260_1431244829,© all rights reserved
498114,2808967500,Scathophagidae_Scathophaga_inquinata_203096_2808967500,© all rights reserved
498368,2246150519,Scathophagidae_Cordilura_albipes_2895578_2246150519,© all rights reserved
498451,2409268503,Scathophagidae_Norellisoma_suilla_844299_2409268503,http://creativecommons.org/licenses/by-nc-sa/4.0/
498452,2409268503,Scathophagidae_Norellisoma_suilla_844300_2409268503,http://creativecommons.org/licenses/by-nc-sa/4.0/
498623,3451506320,Scathophagidae_Scathophaga_furcata_1834053_3451506320,© All rights reserved
498624,3451506320,Scathophagidae_Scathophaga_furcata_1834054_3451506320,© All rights reserved
498911,3332668417,Scathophagidae_Leptopa_filiformis_1682012_3332668417,© All rights reserved
498912,3332668417,Scathophagidae_Leptopa_filiformis_1682013_3332668417,© All rights reserved
498913,3332668417,Scathophagidae_Leptopa_filiformis_1682014_3332668417,© All rights reserved
498984,3816499509,Scathophagidae_Norellisoma_suilla_1936431_3816499509,© All rights reserved
498985,3816499509,Scathophagidae_Norellisoma_suilla_1936432_3816499509,© All rights reserved
499153,1431615362,Scathophagidae_Cordilura_ciliata_1424137_1431615362,© all rights reserved
499154,1431615362,Scathophagidae_Cordilura_ciliata_1424138_1431615362,© all rights reserved
499195,1460071271,Scathophagidae_Megaphthalma_pallida_48386_1460071271,© all rights reserved
499302,1135565417,Scathophagidae_Norellisoma_spinimanum_2076595_1135565417,© all rights reserved
499303,1135565417,Scathophagidae_Norellisoma_spinimanum_2076596_1135565417,© all rights reserved
499408,1670063034,Scathophagidae_Americina_paridis_53013_1670063034,© all rights reserved
499732,2872198391,Scathophagidae_Cordilura_ciliata_3005233_2872198391,© all rights reserved
499750,1900913642,Scathophagidae_Hydromyza_livens_2841906_1900913642,© all rights reserved
499787,3964548412,Scathophagidae_Scathophaga_inquinata_3414626_3964548412,© all rights reserved
499788,3964548412,Scathophagidae_Scathophaga_inquinata_3414627_3964548412,© all rights reserved
499874,1847897334,Scathophagidae_Norellia_spinipes_1458003_1847897334,© all rights reserved
499988,1058461943,Scathophagidae_Norellia_spinipes_2763716_1058461943,© all rights reserved
500018,3430535165,Scathophagidae_Norellisoma_spinimanum_1026342_3430535165,© all rights reserved
500019,3430535165,Scathophagidae_Norellisoma_spinimanum_1026343_3430535165,© all rights reserved
500038,2422106363,Scathophagidae_Scathophaga_furcata_1534143_2422106363,© all rights reserved
500039,2422106363,Scathophagidae_Scathophaga_furcata_1534144_2422106363,© all rights reserved
500176,1460323202,Scathophagidae_Cordilura_ciliata_2807593_1460323202,© all rights reserved
500514,1432435768,Scathophagidae_Megaphthalma_pallida_2113998_1432435768,© all rights reserved
500515,1432435768,Scathophagidae_Megaphthalma_pallida_2113999_1432435768,© all rights reserved
500806,1433792938,Scathophagidae_Scathophaga_furcata_2803880_1433792938,© all rights reserved
501032,3431677710,Scathophagidae_Megaphthalma_pallida_337188_3431677710,© all rights reserved
501033,3431677710,Scathophagidae_Megaphthalma_pallida_337189_3431677710,© all rights reserved
501123,3431652096,Scathophagidae_Scathophaga_inquinata_337182_3431652096,© all rights reserved
501183,3857659385,Scathophagidae_Cleigastra_flavipes_3331146_3857659385,© all rights reserved
501888,1801911694,Scathophagidae_Cordilura_albipes_54782_1801911694,© all rights reserved
501889,1801911694,Scathophagidae_Cordilura_albipes_54783_1801911694,© all rights reserved
501890,1801911694,Scathophagidae_Cordilura_albipes_54784_1801911694,© all rights reserved
503890,3058725808,Scathophagidae_Norellia_spinipes_1649558_3058725808,http://creativecommons.org/licenses/by-nc/4.0/
503891,3058725808,Scathophagidae_Norellia_spinipes_1649559_3058725808,http://creativecommons.org/licenses/by-nc/4.0/
503892,3058725808,Scathophagidae_Norellia_spinipes_1649560_3058725808,http://creativecommons.org/licenses/by-nc/4.0/
503893,3058725808,Scathophagidae_Norellia_spinipes_1649561_3058725808,http://creativecommons.org/licenses/by-nc/4.0/
503894,3058725808,Scathophagidae_Norellia_spinipes_1649562_3058725808,http://creativecommons.org/licenses/by-nc/4.0/
503895,3058725808,Scathophagidae_Norellia_spinipes_1649563_3058725808,http://creativecommons.org/licenses/by-nc/4.0/
504290,2999032317,Scathophagidae_Norellia_tipularia_3017720_2999032317,http://creativecommons.org/licenses/by-nc/4.0/
504291,2999032317,Scathophagidae_Norellia_tipularia_3017721_2999032317,http://creativecommons.org/licenses/by-nc/4.0/
505426,3857344561,Scathophagidae_Norellisoma_spinimanum_1261466_3857344561,© all rights reserved
505678,1036782957,Scathophagidae_Scathophaga_inquinata_2762355_1036782957,© all rights reserved
505862,1460096250,Scathophagidae_Cordilura_ciliata_2807186_1460096250,© all rights reserved
505889,1499688995,Scathophagidae_Scathophaga_furcata_2118951_1499688995,© all rights reserved
506053,4013586818,Scathophagidae_Cordilura_ciliata_2746571_4013586818,© all rights reserved
506226,2872393452,Scathophagidae_Scathophaga_spurca_3005247_2872393452,© all rights reserved
506648,1669876758,Scathophagidae_Cordilura_albipes_52882_1669876758,© all rights reserved
506649,1669876758,Scathophagidae_Cordilura_albipes_52883_1669876758,© all rights reserved
506870,2542186602,Scathophagidae_Cordilura_rufipes_166778_2542186602,© all rights reserved
507382,2272652808,Scathophagidae_Scathophaga_inquinata_144985_2272652808,© all rights reserved
507383,2272652808,Scathophagidae_Scathophaga_inquinata_144986_2272652808,© all rights reserved
507422,1459718061,Scathophagidae_Cordilura_ciliata_47586_1459718061,© all rights reserved
507572,1432055263,Scathophagidae_Megaphthalmoides_unilineatus_735547_1432055263,© all rights reserved
507573,1432055263,Scathophagidae_Megaphthalmoides_unilineatus_735548_1432055263,© all rights reserved
507593,1884576993,Scathophagidae_Hydromyza_livens_2150458_1884576993,© all rights reserved
507594,1884576993,Scathophagidae_Hydromyza_livens_2150459_1884576993,© all rights reserved
507601,3767601279,Scathophagidae_Cordilura_albipes_549295_3767601279,© all rights reserved
507638,2808153586,Scathophagidae_Spaziphora_hydromyzina_893046_2808153586,© all rights reserved
507644,1433296445,Scathophagidae_Norellisoma_spinimanum_736211_1433296445,© all rights reserved
507645,1433296445,Scathophagidae_Norellisoma_spinimanum_736212_1433296445,© all rights reserved
507844,2425958738,Scathophagidae_Scathophaga_spurca_2225254_2425958738,© all rights reserved
508023,3964367606,Scathophagidae_Scathophaga_inquinata_2724413_3964367606,© all rights reserved
508024,3964367606,Scathophagidae_Scathophaga_inquinata_2724414_3964367606,© all rights reserved
508143,2001056224,Scathophagidae_Conisternum_tinctinerve_132714_2001056224,http://creativecommons.org/licenses/by-nc-sa/4.0/
508147,2001082888,Scathophagidae_Norellisoma_spinimanum_132715_2001082888,http://creativecommons.org/licenses/by-nc-sa/4.0/
508149,2001086646,Scathophagidae_Cordilura_ciliata_823110_2001086646,http://creativecommons.org/licenses/by-nc-sa/4.0/
508253,3993448374,Scathophagidae_Norellia_spinipes_2730466_3993448374,© all rights reserved
508430,3432461036,Scathophagidae_Scathophaga_inquinata_337548_3432461036,© all rights reserved
508463,1432055235,Scathophagidae_Megaphthalma_pallida_44512_1432055235,© all rights reserved
508602,2272357458,Scathophagidae_Norellia_spinipes_2212811_2272357458,© all rights reserved
508603,2272357458,Scathophagidae_Norellia_spinipes_2212812_2272357458,© all rights reserved
509555,3892379843,Scathophagidae_Scathophaga_stercoraria_3361004_3892379843,http://creativecommons.org/licenses/by-nc/4.0/
512864,3302269681,Scathophagidae_Americina_vittatum_980235_3302269681,http://creativecommons.org/licenses/by-nc/4.0/
512865,3302269681,Scathophagidae_Americina_vittatum_980236_3302269681,http://creativecommons.org/licenses/by-nc/4.0/
512866,3302269681,Scathophagidae_Americina_vittatum_980237_3302269681,http://creativecommons.org/licenses/by-nc/4.0/
512867,3302269681,Scathophagidae_Americina_vittatum_980238_3302269681,http://creativecommons.org/licenses/by-nc/4.0/
512868,3302269681,Scathophagidae_Americina_vittatum_980239_3302269681,http://creativecommons.org/licenses/by-nc/4.0/
512869,3302269681,Scathophagidae_Americina_vittatum_980240_3302269681,http://creativecommons.org/licenses/by-nc/4.0/
514332,3915390531,Scathophagidae_Norellia_spinipes_3397106_3915390531,http://creativecommons.org/licenses/by-nc/4.0/
514333,3915390531,Scathophagidae_Norellia_spinipes_3397107_3915390531,http://creativecommons.org/licenses/by-nc/4.0/
514334,3915390531,Scathophagidae_Norellia_spinipes_3397108_3915390531,http://creativecommons.org/licenses/by-nc/4.0/
514335,3915390531,Scathophagidae_Norellia_spinipes_3397109_3915390531,http://creativecommons.org/licenses/by-nc/4.0/
514846,2980863080,Scathophagidae_Scathophaga_stercoraria_945669_2980863080,http://creativecommons.org/licenses/by-nc/4.0/
516552,2963886423,Scathophagidae_Hydromyza_livens_252462_2963886423,http://creativecommons.org/licenses/by-nc/4.0/
516553,2963886423,Scathophagidae_Hydromyza_livens_252463_2963886423,http://creativecommons.org/licenses/by-nc/4.0/
516554,2963886423,Scathophagidae_Hydromyza_livens_252464_2963886423,http://creativecommons.org/licenses/by-nc/4.0/
518394,3039428076,Scathophagidae_Cleigastra_flavipes_2337061_3039428076,http://creativecommons.org/licenses/by-nc/4.0/
518395,3039428076,Scathophagidae_Cleigastra_flavipes_2337062_3039428076,http://creativecommons.org/licenses/by-nc/4.0/
518396,3039428076,Scathophagidae_Cleigastra_flavipes_2337063_3039428076,http://creativecommons.org/licenses/by-nc/4.0/
519603,3858166593,Scathophagidae_Scathophaga_stercoraria_1264072_3858166593,http://creativecommons.org/licenses/by-nc/4.0/
520283,3773121987,Scathophagidae_Scathophaga_stercoraria_1929799_3773121987,http://creativecommons.org/licenses/by-nc/4.0/
521224,3872963867,Scathophagidae_Americina_vittatum_1966636_3872963867,http://creativecommons.org/licenses/by-nc/4.0/
522263,3881480099,Scathophagidae_Scathophaga_furcata_1975328_3881480099,http://creativecommons.org/licenses/by-nc/4.0/
522699,2862371818,Scathophagidae_Scathophaga_stercoraria_3002120_2862371818,http://creativecommons.org/licenses/by-nc/4.0/
525673,2517950449,Scathophagidae_Americina_vittatum_2233279_2517950449,http://creativecommons.org/licenses/by-nc/4.0/
526927,2834273243,Scathophagidae_Cordilura_albilabris_214469_2834273243,http://creativecommons.org/licenses/by-nc-nd/4.0/
527209,1970181181,Scathophagidae_Hydromyza_livens_2873001_1970181181,http://creativecommons.org/licenses/by-nc/4.0/
529122,2842892071,Scathophagidae_Hydromyza_livens_2988029_2842892071,http://creativecommons.org/licenses/by-nc-sa/4.0/
529123,2842892071,Scathophagidae_Hydromyza_livens_2988030_2842892071,http://creativecommons.org/licenses/by-nc-sa/4.0/
529865,2840831586,Scathophagidae_Trichopalpus_punctipes_914840_2840831586,http://creativecommons.org/licenses/by-nc-nd/4.0/
529866,2840831586,Scathophagidae_Trichopalpus_punctipes_914841_2840831586,http://creativecommons.org/licenses/by-nc-nd/4.0/
529867,2840831586,Scathophagidae_Trichopalpus_punctipes_914842_2840831586,http://creativecommons.org/licenses/by-nc-nd/4.0/
530134,1963646987,Scathophagidae_Scathophaga_stercoraria_2862533_1963646987,http://creativecommons.org/licenses/by-nc-nd/4.0/
531658,2988484755,Scathophagidae_Americina_vittatum_2325948_2988484755,http://creativecommons.org/licenses/by-nc/4.0/
531659,2988484755,Scathophagidae_Americina_vittatum_2325949_2988484755,http://creativecommons.org/licenses/by-nc/4.0/
531660,2988484755,Scathophagidae_Americina_vittatum_2325950_2988484755,http://creativecommons.org/licenses/by-nc/4.0/
531661,2988484755,Scathophagidae_Americina_vittatum_2325951_2988484755,http://creativecommons.org/licenses/by-nc/4.0/
532983,3858939823,Scathophagidae_Americina_vittatum_578815_3858939823,http://creativecommons.org/licenses/by/4.0/
533996,2620037923,Scathophagidae_Scathophaga_stercoraria_188908_2620037923,http://creativecommons.org/licenses/by-nc/4.0/
534354,2980997567,Scathophagidae_Scathophaga_furcata_3014482_2980997567,http://creativecommons.org/licenses/by-nc/4.0/
534355,2980997567,Scathophagidae_Scathophaga_furcata_3014483_2980997567,http://creativecommons.org/licenses/by-nc/4.0/
534356,2980997567,Scathophagidae_Scathophaga_furcata_3014484_2980997567,http://creativecommons.org/licenses/by-nc/4.0/
534357,2980997567,Scathophagidae_Scathophaga_furcata_3014485_2980997567,http://creativecommons.org/licenses/by-nc/4.0/
534358,2980997567,Scathophagidae_Scathophaga_furcata_3014486_2980997567,http://creativecommons.org/licenses/by-nc/4.0/
534359,2980997567,Scathophagidae_Scathophaga_furcata_3014487_2980997567,http://creativecommons.org/licenses/by-nc/4.0/
534360,2980997567,Scathophagidae_Scathophaga_furcata_3014488_2980997567,http://creativecommons.org/licenses/by-nc/4.0/
534361,2980997567,Scathophagidae_Scathophaga_furcata_3014489_2980997567,http://creativecommons.org/licenses/by-nc/4.0/
534362,2980997567,Scathophagidae_Scathophaga_furcata_3014490_2980997567,http://creativecommons.org/licenses/by-nc/4.0/
536138,1836589043,Scathophagidae_Scathophaga_furcata_1450932_1836589043,http://creativecommons.org/licenses/by/4.0/
537453,3327961525,Scathophagidae_Americina_vittatum_300362_3327961525,http://creativecommons.org/licenses/by-nc/4.0/
537454,3327961525,Scathophagidae_Americina_vittatum_300363_3327961525,http://creativecommons.org/licenses/by-nc/4.0/
537455,3327961525,Scathophagidae_Americina_vittatum_300364_3327961525,http://creativecommons.org/licenses/by-nc/4.0/
540350,3398970736,Scathophagidae_Americina_vittatum_1707454_3398970736,http://creativecommons.org/licenses/by-nc/4.0/
540351,3398970736,Scathophagidae_Americina_vittatum_1707455_3398970736,http://creativecommons.org/licenses/by-nc/4.0/
540352,3398970736,Scathophagidae_Americina_vittatum_1707456_3398970736,http://creativecommons.org/licenses/by-nc/4.0/
541351,2802795475,Scathophagidae_Scathophaga_stercoraria_2269156_2802795475,http://creativecommons.org/licenses/by-nc/4.0/
543081,3912010066,Scathophagidae_Americina_paridis_1324796_3912010066,http://creativecommons.org/licenses/by-nc/4.0/
544829,3961332359,Scathophagidae_Scathophaga_furcata_654196_3961332359,http://creativecommons.org/licenses/by-nc/4.0/
544830,3961332359,Scathophagidae_Scathophaga_furcata_654197_3961332359,http://creativecommons.org/licenses/by-nc/4.0/
549472,3355040553,Scathophagidae_Americina_vittatum_3073002_3355040553,http://creativecommons.org/licenses/by-nc/4.0/
550137,3384652526,Scathophagidae_Norellisoma_spinimanum_2390694_3384652526,http://creativecommons.org/licenses/by-nc/4.0/
551618,3892693138,Scathophagidae_Hydromyza_livens_603873_3892693138,http://creativecommons.org/licenses/by-nc/4.0/
551973,3416019142,Scathophagidae_Scathophaga_stercoraria_1025056_3416019142,http://creativecommons.org/licenses/by-nc/4.0/
554153,3764478796,Scathophagidae_Cordilura_albilabris_1237713_3764478796,http://creativecommons.org/licenses/by-nc/4.0/
554620,2988579711,Scathophagidae_Americina_vittatum_258023_2988579711,http://creativecommons.org/licenses/by-nc/4.0/
554621,2988579711,Scathophagidae_Americina_vittatum_258024_2988579711,http://creativecommons.org/licenses/by-nc/4.0/
554622,2988579711,Scathophagidae_Americina_vittatum_258025_2988579711,http://creativecommons.org/licenses/by-nc/4.0/
554623,2988579711,Scathophagidae_Americina_vittatum_258026_2988579711,http://creativecommons.org/licenses/by-nc/4.0/
556555,3759721828,Scathophagidae_Norellia_spinipes_545918_3759721828,http://creativecommons.org/licenses/by-nc/4.0/
558675,3961019086,Scathophagidae_Norellia_spinipes_3410658_3961019086,http://creativecommons.org/licenses/by-nc/4.0/
559650,3764432270,Scathophagidae_Norellisoma_spinimanum_2616249_3764432270,http://creativecommons.org/licenses/by/4.0/
560759,3961206373,Scathophagidae_Scathophaga_furcata_1342034_3961206373,http://creativecommons.org/licenses/by/4.0/
560760,3961206373,Scathophagidae_Scathophaga_furcata_1342035_3961206373,http://creativecommons.org/licenses/by/4.0/
560761,3961206373,Scathophagidae_Scathophaga_furcata_1342036_3961206373,http://creativecommons.org/licenses/by/4.0/
561517,3859877762,Scathophagidae_Americina_paridis_3341583_3859877762,http://creativecommons.org/licenses/by-nc/4.0/
561518,3859877762,Scathophagidae_Americina_paridis_3341584_3859877762,http://creativecommons.org/licenses/by-nc/4.0/
563756,1052577169,Scathophagidae_Scathophaga_furcata_1384026_1052577169,http://creativecommons.org/licenses/by/4.0/
563757,1052577169,Scathophagidae_Scathophaga_furcata_1384027_1052577169,http://creativecommons.org/licenses/by/4.0/
563758,1052577169,Scathophagidae_Scathophaga_furcata_1384028_1052577169,http://creativecommons.org/licenses/by/4.0/
563759,1052577169,Scathophagidae_Scathophaga_furcata_1384029_1052577169,http://creativecommons.org/licenses/by/4.0/
563973,3384656840,Scathophagidae_Scathophaga_stercoraria_1012576_3384656840,http://creativecommons.org/licenses/by-nc/4.0/
564346,3391662889,Scathophagidae_Scathophaga_furcata_1016504_3391662889,http://creativecommons.org/licenses/by-nc/4.0/
564347,3391662889,Scathophagidae_Scathophaga_furcata_1016505_3391662889,http://creativecommons.org/licenses/by-nc/4.0/
564348,3391662889,Scathophagidae_Scathophaga_furcata_1016506_3391662889,http://creativecommons.org/licenses/by-nc/4.0/
564349,3391662889,Scathophagidae_Scathophaga_furcata_1016507_3391662889,http://creativecommons.org/licenses/by-nc/4.0/
564956,3456136140,Scathophagidae_Norellisoma_spinimanum_460470_3456136140,http://creativecommons.org/licenses/by-nc/4.0/
564958,3456136140,Scathophagidae_Norellisoma_spinimanum_460472_3456136140,http://creativecommons.org/licenses/by-nc/4.0/
567135,2883076537,Scathophagidae_Scathophaga_stercoraria_3007281_2883076537,http://creativecommons.org/licenses/by-nc/4.0/
569716,2626178697,Scathophagidae_Scathophaga_stercoraria_2948262_2626178697,http://creativecommons.org/licenses/by-nc/4.0/
570189,3859135473,Scathophagidae_Scathophaga_stercoraria_579695_3859135473,http://creativecommons.org/licenses/by-nc/4.0/
570612,3915440751,Scathophagidae_Americina_vittatum_3397421_3915440751,http://creativecommons.org/licenses/by-nc/4.0/
570613,3915440751,Scathophagidae_Americina_vittatum_3397422_3915440751,http://creativecommons.org/licenses/by-nc/4.0/
570614,3915440751,Scathophagidae_Americina_vittatum_3397423_3915440751,http://creativecommons.org/licenses/by-nc/4.0/
571153,3874110809,Scathophagidae_Americina_vittatum_1283085_3874110809,http://creativecommons.org/licenses/by-nc/4.0/
571154,3874110809,Scathophagidae_Americina_vittatum_1283086_3874110809,http://creativecommons.org/licenses/by-nc/4.0/
573928,1836572075,Scathophagidae_Scathophaga_furcata_2829910_1836572075,http://creativecommons.org/licenses/by/4.0/
573929,1836572075,Scathophagidae_Scathophaga_furcata_2829911_1836572075,http://creativecommons.org/licenses/by/4.0/
573930,1836572075,Scathophagidae_Scathophaga_furcata_2829912_1836572075,http://creativecommons.org/licenses/by/4.0/
575278,3456423715,Scathophagidae_Americina_vittatum_1840971_3456423715,http://creativecommons.org/licenses/by-nc/4.0/
575279,3456423715,Scathophagidae_Americina_vittatum_1840972_3456423715,http://creativecommons.org/licenses/by-nc/4.0/
575280,3456423715,Scathophagidae_Americina_vittatum_1840973_3456423715,http://creativecommons.org/licenses/by-nc/4.0/
575281,3456423715,Scathophagidae_Americina_vittatum_1840974_3456423715,http://creativecommons.org/licenses/by-nc/4.0/
576379,3772584478,Scathophagidae_Scathophaga_stercoraria_3308357_3772584478,http://creativecommons.org/licenses/by-nc/4.0/
577305,3355252254,Scathophagidae_Cordilura_albilabris_3074199_3355252254,http://creativecommons.org/licenses/by-nc/4.0/
577306,3355252254,Scathophagidae_Cordilura_albilabris_3074200_3355252254,http://creativecommons.org/licenses/by-nc/4.0/
581092,3355243576,Scathophagidae_Cordilura_albilabris_1005551_3355243576,http://creativecommons.org/licenses/by/4.0/
581496,2856703649,Scathophagidae_Scathophaga_stercoraria_931462_2856703649,http://creativecommons.org/licenses/by-nc/4.0/
584044,3355530544,Scathophagidae_Americina_vittatum_316903_3355530544,http://creativecommons.org/licenses/by-nc/4.0/
584045,3355530544,Scathophagidae_Americina_vittatum_316904_3355530544,http://creativecommons.org/licenses/by-nc/4.0/
584046,3355530544,Scathophagidae_Americina_vittatum_316905_3355530544,http://creativecommons.org/licenses/by-nc/4.0/
584047,3355530544,Scathophagidae_Americina_vittatum_316906_3355530544,http://creativecommons.org/licenses/by-nc/4.0/
585653,3466219872,Scathophagidae_Americina_vittatum_1156417_3466219872,http://creativecommons.org/licenses/by-nc/4.0/
585654,3466219872,Scathophagidae_Americina_vittatum_1156418_3466219872,http://creativecommons.org/licenses/by-nc/4.0/
585656,3466219872,Scathophagidae_Americina_vittatum_1156420_3466219872,http://creativecommons.org/licenses/by-nc/4.0/
585657,3466219872,Scathophagidae_Americina_vittatum_1156421_3466219872,http://creativecommons.org/licenses/by-nc/4.0/
585967,3333149251,Scathophagidae_Scathophaga_stercoraria_2372827_3333149251,http://creativecommons.org/licenses/by-nc/4.0/
587945,3773348173,Scathophagidae_Scathophaga_stercoraria_552022_3773348173,http://creativecommons.org/licenses/by-nc/4.0/
591186,3961262487,Scathophagidae_Scathophaga_lutaria_3411729_3961262487,http://creativecommons.org/licenses/by-nc/4.0/
594544,3383881216,Scathophagidae_Scathophaga_stercoraria_318604_3383881216,http://creativecommons.org/licenses/by-nc/4.0/
595146,3966721544,Scathophagidae_Americina_vittatum_2035642_3966721544,http://creativecommons.org/licenses/by-nc/4.0/
599941,3117748606,Scathophagidae_Scathophaga_stercoraria_976403_3117748606,http://creativecommons.org/licenses/by/4.0/
600956,3330516329,Scathophagidae_Scathophaga_stercoraria_1680496_3330516329,http://creativecommons.org/licenses/by/4.0/
601382,3947672816,Scathophagidae_Americina_vittatum_2719681_3947672816,http://creativecommons.org/licenses/by-nc/4.0/
601383,3947672816,Scathophagidae_Americina_vittatum_2719682_3947672816,http://creativecommons.org/licenses/by-nc/4.0/
601384,3947672816,Scathophagidae_Americina_vittatum_2719683_3947672816,http://creativecommons.org/licenses/by-nc/4.0/
602166,2244324215,Scathophagidae_Scathophaga_stercoraria_827742_2244324215,http://creativecommons.org/licenses/by-nc/4.0/
602716,3881690537,Scathophagidae_Hydromyza_livens_1976207_3881690537,http://creativecommons.org/licenses/by-nc/4.0/
603653,3873077130,Scathophagidae_Norellisoma_spinimanum_1967355_3873077130,http://creativecommons.org/licenses/by-nc/4.0/
604131,3070353978,Scathophagidae_Scathophaga_stercoraria_1654033_3070353978,http://creativecommons.org/licenses/by-nc/4.0/
604517,3344000837,Scathophagidae_Scathophaga_stercoraria_1692159_3344000837,http://creativecommons.org/licenses/by-nc/4.0/
607581,3889109684,Scathophagidae_Cordilura_albilabris_3359534_3889109684,http://creativecommons.org/licenses/by-nc/4.0/
607582,3889109684,Scathophagidae_Cordilura_albilabris_3359535_3889109684,http://creativecommons.org/licenses/by-nc/4.0/
607583,3889109684,Scathophagidae_Cordilura_albilabris_3359536_3889109684,http://creativecommons.org/licenses/by-nc/4.0/
610477,3698417379,Scathophagidae_Scathophaga_stercoraria_2541441_3698417379,http://creativecommons.org/licenses/by-nc/4.0/
610483,3963664332,Scathophagidae_Scathophaga_furcata_2724181_3963664332,http://creativecommons.org/licenses/by-nc/4.0/
611946,3915496489,Scathophagidae_Norellia_spinipes_2707800_3915496489,http://creativecommons.org/licenses/by/4.0/
613320,3079707780,Scathophagidae_Scathophaga_stercoraria_967593_3079707780,http://creativecommons.org/licenses/by/4.0/
614709,3961145362,Scathophagidae_Scathophaga_furcata_1341899_3961145362,http://creativecommons.org/licenses/by-nc/4.0/
614710,3961145362,Scathophagidae_Scathophaga_furcata_1341900_3961145362,http://creativecommons.org/licenses/by-nc/4.0/
615367,3456073623,Scathophagidae_Americina_vittatum_1149847_3456073623,http://creativecommons.org/licenses/by-nc/4.0/
615368,3456073623,Scathophagidae_Americina_vittatum_1149848_3456073623,http://creativecommons.org/licenses/by-nc/4.0/
615369,3456073623,Scathophagidae_Americina_vittatum_1149849_3456073623,http://creativecommons.org/licenses/by-nc/4.0/
615370,3456073623,Scathophagidae_Americina_vittatum_1149850_3456073623,http://creativecommons.org/licenses/by-nc/4.0/
617112,4011706607,Scathophagidae_Scathophaga_stercoraria_3436394_4011706607,http://creativecommons.org/licenses/by-nc/4.0/
617875,2984483461,Scathophagidae_Americina_vittatum_256687_2984483461,http://creativecommons.org/licenses/by-nc/4.0/
617876,2984483461,Scathophagidae_Americina_vittatum_256688_2984483461,http://creativecommons.org/licenses/by-nc/4.0/
617877,2984483461,Scathophagidae_Americina_vittatum_256689_2984483461,http://creativecommons.org/licenses/by-nc/4.0/
617878,2984483461,Scathophagidae_Americina_vittatum_256690_2984483461,http://creativecommons.org/licenses/by-nc/4.0/
619719,2634171474,Scathophagidae_Scathophaga_stercoraria_2265470_2634171474,http://creativecommons.org/licenses/by-nc/4.0/
620370,3712551912,Scathophagidae_Scathophaga_stercoraria_1164203_3712551912,http://creativecommons.org/licenses/by-nc/4.0/
622432,3301835710,Scathophagidae_Norellisoma_spinimanum_1667193_3301835710,http://creativecommons.org/licenses/by-nc/4.0/
622529,3355198690,Scathophagidae_Hydromyza_livens_1694015_3355198690,http://creativecommons.org/licenses/by-nc/4.0/
624078,3112710455,Scathophagidae_Norellisoma_spinimanum_2352612_3112710455,http://creativecommons.org/licenses/by-nc/4.0/
624079,3112710455,Scathophagidae_Norellisoma_spinimanum_2352613_3112710455,http://creativecommons.org/licenses/by-nc/4.0/
624583,2988348727,Scathophagidae_Americina_vittatum_947166_2988348727,http://creativecommons.org/licenses/by-nc/4.0/
624584,2988348727,Scathophagidae_Americina_vittatum_947167_2988348727,http://creativecommons.org/licenses/by-nc/4.0/
624585,2988348727,Scathophagidae_Americina_vittatum_947168_2988348727,http://creativecommons.org/licenses/by-nc/4.0/
624586,2988348727,Scathophagidae_Americina_vittatum_947169_2988348727,http://creativecommons.org/licenses/by-nc/4.0/
626579,2429468701,Scathophagidae_Norellisoma_spinimanum_1537297_2429468701,http://creativecommons.org/licenses/by-nc/4.0/
627538,3465934815,Scathophagidae_Americina_vittatum_1155342_3465934815,http://creativecommons.org/licenses/by-nc/4.0/
627539,3465934815,Scathophagidae_Americina_vittatum_1155343_3465934815,http://creativecommons.org/licenses/by-nc/4.0/
628825,3873080248,Scathophagidae_Americina_vittatum_1278199_3873080248,http://creativecommons.org/licenses/by-nc/4.0/
628826,3873080248,Scathophagidae_Americina_vittatum_1278200_3873080248,http://creativecommons.org/licenses/by-nc/4.0/
629230,2826304583,Scathophagidae_Americina_vittatum_2968495_2826304583,http://creativecommons.org/licenses/by/4.0/
629231,2826304583,Scathophagidae_Americina_vittatum_2968496_2826304583,http://creativecommons.org/licenses/by/4.0/
629232,2826304583,Scathophagidae_Americina_vittatum_2968497_2826304583,http://creativecommons.org/licenses/by/4.0/
629233,2826304583,Scathophagidae_Americina_vittatum_2968498_2826304583,http://creativecommons.org/licenses/by/4.0/
629234,2826304583,Scathophagidae_Americina_vittatum_2968499_2826304583,http://creativecommons.org/licenses/by/4.0/
633056,3455795734,Scathophagidae_Americina_vittatum_3217369_3455795734,http://creativecommons.org/licenses/by-nc/4.0/
633229,2992833585,Scathophagidae_Norellisoma_spinimanum_3017454_2992833585,http://creativecommons.org/licenses/by-nc/4.0/
633231,2992833585,Scathophagidae_Norellisoma_spinimanum_3017456_2992833585,http://creativecommons.org/licenses/by-nc/4.0/
633899,3987916372,Scathophagidae_Norellisoma_suilla_2038896_3987916372,© All rights reserved
634498,2408347686,Scathophagidae_Scathophaga_furcata_153972_2408347686,http://creativecommons.org/licenses/by-nc-sa/4.0/
634516,3820094355,Scathophagidae_Cordilura_ciliata_1936569_3820094355,© All rights reserved
635997,3802741335,Scathophagidae_Norellisoma_spinimanum_3315946_3802741335,http://creativecommons.org/licenses/by-nc/4.0/
635998,3802741335,Scathophagidae_Norellisoma_spinimanum_3315947_3802741335,http://creativecommons.org/licenses/by-nc/4.0/
636588,1807302516,Scathophagidae_Scathophaga_stercoraria_1435437_1807302516,http://creativecommons.org/licenses/by-nc/4.0/
637167,3314404689,Scathophagidae_Scathophaga_stercoraria_984466_3314404689,http://creativecommons.org/licenses/by-nc/4.0/
637256,3858995887,Scathophagidae_Americina_vittatum_1957317_3858995887,http://creativecommons.org/licenses/by-nc/4.0/
637488,3874039912,Scathophagidae_Americina_vittatum_3352226_3874039912,http://creativecommons.org/licenses/by-nc/4.0/
637489,3874039912,Scathophagidae_Americina_vittatum_3352227_3874039912,http://creativecommons.org/licenses/by-nc/4.0/
637490,3874039912,Scathophagidae_Americina_vittatum_3352228_3874039912,http://creativecommons.org/licenses/by-nc/4.0/
638307,3451608489,Scathophagidae_Norellisoma_suilla_1144721_3451608489,© All rights reserved
638308,3451608489,Scathophagidae_Norellisoma_suilla_1144722_3451608489,© All rights reserved
638309,3451608489,Scathophagidae_Norellisoma_suilla_1144723_3451608489,© All rights reserved
638310,3451608489,Scathophagidae_Norellisoma_suilla_1144724_3451608489,© All rights reserved
638333,2831714383,Scathophagidae_Cordilura_ciliata_210726_2831714383,© All rights reserved
638334,2831714383,Scathophagidae_Cordilura_ciliata_210727_2831714383,© All rights reserved
638335,2831714383,Scathophagidae_Cordilura_ciliata_210728_2831714383,© All rights reserved
638336,2831714383,Scathophagidae_Cordilura_ciliata_210729_2831714383,© All rights reserved
638337,2831714383,Scathophagidae_Cordilura_ciliata_210730_2831714383,© All rights reserved
638339,2529099931,Scathophagidae_Norellia_tipularia_1545017_2529099931,© All rights reserved
638559,1430566685,Scathophagidae_Norellia_spinipes_1423943_1430566685,© all rights reserved
638560,1430566685,Scathophagidae_Norellia_spinipes_1423944_1430566685,© all rights reserved
638657,1961715607,Scathophagidae_Cordilura_albilabris_793200_1961715607,http://creativecommons.org/licenses/by-nc-nd/4.0/
639208,2834719731,Scathophagidae_Hydromyza_livens_1595031_2834719731,http://creativecommons.org/licenses/by-nc-sa/4.0/
639679,1976636444,Scathophagidae_Cordilura_ciliata_2191976_1976636444,http://creativecommons.org/licenses/by-nc-nd/4.0/
639680,1976636444,Scathophagidae_Cordilura_ciliata_2191977_1976636444,http://creativecommons.org/licenses/by-nc-nd/4.0/
640972,1970313029,Scathophagidae_Scathophaga_stercoraria_1493755_1970313029,http://creativecommons.org/licenses/by-nc-nd/4.0/
642806,2400539518,Scathophagidae_Scathophaga_stercoraria_2220034_2400539518,http://creativecommons.org/licenses/by/4.0/
643094,3451612305,Scathophagidae_Gimnomera_tarsea_2523273_3451612305,© All rights reserved
643095,3451612305,Scathophagidae_Gimnomera_tarsea_2523274_3451612305,© All rights reserved
643213,3309996443,Scathophagidae_Norellisoma_suilla_1671791_3309996443,© All rights reserved
643383,2579035485,Scathophagidae_Scathophaga_furcata_2941626_2579035485,© All rights reserved
643407,2405267170,Scathophagidae_Norellisoma_suilla_2911793_2405267170,http://creativecommons.org/licenses/by-nc-sa/4.0/
643408,2405267170,Scathophagidae_Norellisoma_suilla_2911794_2405267170,http://creativecommons.org/licenses/by-nc-sa/4.0/
643474,3856115528,Scathophagidae_Scathophaga_furcata_3330321_3856115528,http://creativecommons.org/licenses/by-nc-sa/4.0/
643475,3856115515,Scathophagidae_Pogonota_barbata_571759_3856115515,http://creativecommons.org/licenses/by-nc-sa/4.0/
643479,3856115610,Scathophagidae_Scathophaga_spurca_1260803_3856115610,http://creativecommons.org/licenses/by-nc-sa/4.0/
643493,1460409630,Scathophagidae_Cordilura_albipes_2807796_1460409630,© all rights reserved
644049,2410359627,Scathophagidae_Scathophaga_calida_2913053_2410359627,© All rights reserved
644050,2410359627,Scathophagidae_Scathophaga_calida_2913054_2410359627,© All rights reserved
644051,2410359627,Scathophagidae_Scathophaga_calida_2913055_2410359627,© All rights reserved
644128,2237382516,Scathophagidae_Scathophaga_furcata_2893279_2237382516,© All rights reserved
644129,2237382516,Scathophagidae_Scathophaga_furcata_2893280_2237382516,© All rights reserved
644130,2237382516,Scathophagidae_Scathophaga_furcata_2893281_2237382516,© All rights reserved
644131,2237382516,Scathophagidae_Scathophaga_furcata_2893282_2237382516,© All rights reserved
644137,3798215524,Scathophagidae_Norellia_tipularia_1245351_3798215524,© All rights reserved
644138,3798215524,Scathophagidae_Norellia_tipularia_1245352_3798215524,© All rights reserved
644139,3798215524,Scathophagidae_Norellia_tipularia_1245353_3798215524,© All rights reserved
644140,3798215524,Scathophagidae_Norellia_tipularia_1245354_3798215524,© All rights reserved
644141,3798215524,Scathophagidae_Norellia_tipularia_1245355_3798215524,© All rights reserved
644851,3499365798,Scathophagidae_Norellia_spinipes_1160620_3499365798,http://creativecommons.org/licenses/by-nc/4.0/
644852,3499365798,Scathophagidae_Norellia_spinipes_1160621_3499365798,http://creativecommons.org/licenses/by-nc/4.0/
644853,3499365798,Scathophagidae_Norellia_spinipes_1160622_3499365798,http://creativecommons.org/licenses/by-nc/4.0/
645178,3385186483,Scathophagidae_Scathophaga_stercoraria_2393189_3385186483,http://creativecommons.org/licenses/by-nc/4.0/
647388,1844236569,Scathophagidae_Cleigastra_apicalis_1452419_1844236569,http://creativecommons.org/licenses/by-nc-sa/4.0/
647458,3097907375,Scathophagidae_Scathophaga_furcata_2350661_3097907375,© All rights reserved
647459,3097907375,Scathophagidae_Scathophaga_furcata_2350662_3097907375,© All rights reserved
647460,3097907375,Scathophagidae_Scathophaga_furcata_2350663_3097907375,© All rights reserved
647486,3979043329,Scathophagidae_Cleigastra_flavipes_2035916_3979043329,© All rights reserved
647487,3979043329,Scathophagidae_Cleigastra_flavipes_2035917_3979043329,© All rights reserved
647706,3451625403,Scathophagidae_Scathophaga_inquinata_1144734_3451625403,© All rights reserved
647707,3451625403,Scathophagidae_Scathophaga_inquinata_1144735_3451625403,© All rights reserved
647708,3451625403,Scathophagidae_Scathophaga_inquinata_1144736_3451625403,© All rights reserved
647709,3451625403,Scathophagidae_Scathophaga_inquinata_1144737_3451625403,© All rights reserved
647812,2399774628,Scathophagidae_Scathophaga_calida_1530786_2399774628,http://creativecommons.org/licenses/by/4.0/
647813,2399774628,Scathophagidae_Scathophaga_calida_1530787_2399774628,http://creativecommons.org/licenses/by/4.0/
647872,2468067420,Scathophagidae_Norellisoma_suilla_165001_2468067420,© All rights reserved
648435,3846076377,Scathophagidae_Cordilura_ciliata_571724_3846076377,© All rights reserved
648642,2408553007,Scathophagidae_Norellisoma_spinimanum_844153_2408553007,© All rights reserved
648643,2408553007,Scathophagidae_Norellisoma_spinimanum_844154_2408553007,© All rights reserved
650365,2836166174,Scathophagidae_Trichopalpus_fraternus_2285312_2836166174,http://creativecommons.org/licenses/by-nc-nd/4.0/
650366,2836166174,Scathophagidae_Trichopalpus_fraternus_2285313_2836166174,http://creativecommons.org/licenses/by-nc-nd/4.0/
650845,2832761078,Scathophagidae_Hydromyza_livens_901454_2832761078,http://creativecommons.org/licenses/by-nc-nd/4.0/
651483,3822516880,Scathophagidae_Cordilura_albilabris_2626829_3822516880,http://creativecommons.org/licenses/by-nc-nd/4.0/
651884,3731805677,Scathophagidae_Scathophaga_stercoraria_1913581_3731805677,http://creativecommons.org/licenses/by-nc/4.0/
652743,1959049036,Scathophagidae_Scathophaga_stercoraria_2856772_1959049036,http://creativecommons.org/licenses/by-nc-nd/4.0/
653276,1960921771,Scathophagidae_Scathophaga_stercoraria_2859423_1960921771,http://creativecommons.org/licenses/by-nc-nd/4.0/
653991,3303251448,Scathophagidae_Cordilura_ciliata_981359_3303251448,© All rights reserved
654144,2247916804,Scathophagidae_Scathophaga_inquinata_2895836_2247916804,© All rights reserved
657260,3458629452,Scathophagidae_Scathophaga_apicalis_1844429_3458629452,http://creativecommons.org/licenses/by/4.0/
657261,3458629452,Scathophagidae_Scathophaga_apicalis_1844430_3458629452,http://creativecommons.org/licenses/by/4.0/
657262,3458629452,Scathophagidae_Scathophaga_apicalis_1844431_3458629452,http://creativecommons.org/licenses/by/4.0/
657503,3458676101,Scathophagidae_Coniosternum_nigripalpis_465159_3458676101,http://creativecommons.org/licenses/by/4.0/
657504,3458676101,Scathophagidae_Coniosternum_nigripalpis_465160_3458676101,http://creativecommons.org/licenses/by/4.0/
657505,3458676101,Scathophagidae_Coniosternum_nigripalpis_465161_3458676101,http://creativecommons.org/licenses/by/4.0/
658185,3947418992,Scathophagidae_Scathophaga_stercoraria_1339219_3947418992,http://creativecommons.org/licenses/by-nc/4.0/
661999,3717575130,Scathophagidae_Cordilura_albipes_2551528_3717575130,http://creativecommons.org/licenses/by-nc-nd/4.0/
662000,3717575130,Scathophagidae_Cordilura_albipes_2551529_3717575130,http://creativecommons.org/licenses/by-nc-nd/4.0/
662240,3995373453,Scathophagidae_Hydromyza_livens_2043693_3995373453,http://creativecommons.org/licenses/by-nc-nd/4.0/
662241,3995373453,Scathophagidae_Hydromyza_livens_2043694_3995373453,http://creativecommons.org/licenses/by-nc-nd/4.0/
662921,1959257631,Scathophagidae_Cordilura_albilabris_789266_1959257631,http://creativecommons.org/licenses/by-nc-nd/4.0/
663101,3728878813,Scathophagidae_Scathophaga_stercoraria_521938_3728878813,http://creativecommons.org/licenses/by-nc-nd/4.0/
664107,3031862407,Scathophagidae_Cleigastra_apicalis_3025009_3031862407,http://creativecommons.org/licenses/by-nc/4.0/
664487,3399186724,Scathophagidae_Americina_vittatum_3087861_3399186724,http://creativecommons.org/licenses/by-nc/4.0/
664488,3399186724,Scathophagidae_Americina_vittatum_3087862_3399186724,http://creativecommons.org/licenses/by-nc/4.0/
665423,3915331522,Scathophagidae_Norellisoma_spinimanum_3396702_3915331522,http://creativecommons.org/licenses/by-nc/4.0/
665424,3915331522,Scathophagidae_Norellisoma_spinimanum_3396703_3915331522,http://creativecommons.org/licenses/by-nc/4.0/
666115,2837204568,Scathophagidae_Scathophaga_stercoraria_909495_2837204568,http://creativecommons.org/licenses/by-nc-nd/4.0/
666839,3730273722,Scathophagidae_Scathophaga_stercoraria_3285075_3730273722,http://creativecommons.org/licenses/by-nc-nd/4.0/
669149,2843696952,Scathophagidae_Hydromyza_livens_1609937_2843696952,http://creativecommons.org/licenses/by-nc-sa/4.0/
669150,2843696952,Scathophagidae_Hydromyza_livens_1609938_2843696952,http://creativecommons.org/licenses/by-nc-sa/4.0/
669943,1973021058,Scathophagidae_Trichopalpus_fraternus_118439_1973021058,http://creativecommons.org/licenses/by-nc-nd/4.0/
669944,1973021058,Scathophagidae_Trichopalpus_fraternus_118440_1973021058,http://creativecommons.org/licenses/by-nc-nd/4.0/
669945,1973021058,Scathophagidae_Trichopalpus_fraternus_118441_1973021058,http://creativecommons.org/licenses/by-nc-nd/4.0/
669946,1973021058,Scathophagidae_Trichopalpus_fraternus_118442_1973021058,http://creativecommons.org/licenses/by-nc-nd/4.0/
670611,3904695468,Scathophagidae_Hydromyza_livens_2686317_3904695468,http://creativecommons.org/licenses/by-nc-nd/4.0/
671460,1959570866,Scathophagidae_Cordilura_albilabris_2857672_1959570866,http://creativecommons.org/licenses/by-nc-nd/4.0/
671461,1959570866,Scathophagidae_Cordilura_albilabris_2857673_1959570866,http://creativecommons.org/licenses/by-nc-nd/4.0/
671462,1959570866,Scathophagidae_Cordilura_albilabris_2857674_1959570866,http://creativecommons.org/licenses/by-nc-nd/4.0/
671596,1958917205,Scathophagidae_Trichopalpus_fraternus_98215_1958917205,http://creativecommons.org/licenses/by-nc/4.0/
671597,1958917205,Scathophagidae_Trichopalpus_fraternus_98216_1958917205,http://creativecommons.org/licenses/by-nc/4.0/
673608,1977292250,Scathophagidae_Norellisoma_spinimanum_1504351_1977292250,http://creativecommons.org/licenses/by-nc-nd/4.0/
673868,1972908786,Scathophagidae_Norellia_spinipes_808875_1972908786,http://creativecommons.org/licenses/by-nc-nd/4.0/
674905,2838120383,Scathophagidae_Scathophaga_litorea_2979841_2838120383,http://creativecommons.org/licenses/by-nc-nd/4.0/
674906,2838120383,Scathophagidae_Scathophaga_litorea_2979842_2838120383,http://creativecommons.org/licenses/by-nc-nd/4.0/
675031,3996783433,Scathophagidae_Hydromyza_livens_1359505_3996783433,http://creativecommons.org/licenses/by-nc-nd/4.0/
675360,2833708456,Scathophagidae_Scathophaga_stercoraria_2280438_2833708456,http://creativecommons.org/licenses/by-nc-nd/4.0/
676252,3727289048,Scathophagidae_Hydromyza_livens_517131_3727289048,http://creativecommons.org/licenses/by-nc-nd/4.0/
676308,2834141480,Scathophagidae_Hydromyza_livens_1593100_2834141480,http://creativecommons.org/licenses/by-nc-sa/4.0/
676309,2834141480,Scathophagidae_Hydromyza_livens_1593101_2834141480,http://creativecommons.org/licenses/by-nc-sa/4.0/
676690,1953586351,Scathophagidae_Scathophaga_stercoraria_90474_1953586351,http://creativecommons.org/licenses/by-nc-nd/4.0/
676925,2422108302,Scathophagidae_Scathophaga_spurca_1534147_2422108302,© all rights reserved
676926,2422108302,Scathophagidae_Scathophaga_spurca_1534148_2422108302,© all rights reserved
676927,2422108302,Scathophagidae_Scathophaga_spurca_1534149_2422108302,© all rights reserved
677075,2866230589,Scathophagidae_Cordilura_ciliata_935768_2866230589,© all rights reserved
677853,1123506813,Scathophagidae_Megaphthalmoides_unilineatus_1386685_1123506813,© all rights reserved
677854,1123506813,Scathophagidae_Megaphthalmoides_unilineatus_1386686_1123506813,© all rights reserved
677942,1459996801,Scathophagidae_Scathophaga_furcata_48286_1459996801,© all rights reserved
678321,3880010632,Scathophagidae_Cordilura_ciliata_2662404_3880010632,
678322,3880010632,Scathophagidae_Cordilura_ciliata_2662405_3880010632,
678818,3964384120,Scathophagidae_Scathophaga_spurca_2724420_3964384120,© all rights reserved
678819,3964384120,Scathophagidae_Scathophaga_spurca_2724421_3964384120,© all rights reserved
678822,1427699708,Scathophagidae_Scathophaga_spurca_734857_1427699708,© all rights reserved
678894,2816130318,Scathophagidae_Americina_paridis_1585558_2816130318,© all rights reserved
678945,2807928329,Scathophagidae_Scathophaga_inquinata_2270674_2807928329,© all rights reserved
679857,3355522841,Scathophagidae_Hydromyza_livens_1006810_3355522841,http://creativecommons.org/licenses/by-nc/4.0/
679858,3355522841,Scathophagidae_Hydromyza_livens_1006811_3355522841,http://creativecommons.org/licenses/by-nc/4.0/
680838,3858540381,Scathophagidae_Scathophaga_stercoraria_1955238_3858540381,http://creativecommons.org/licenses/by-nc/4.0/
681450,1455587585,Scathophagidae_Scathophaga_stercoraria_1425957_1455587585,http://creativecommons.org/licenses/by-nc-sa/4.0/
681800,3987880319,Scathophagidae_Cordilura_pudica_2728853_3987880319,© All rights reserved
681813,2858292335,Scathophagidae_Scathophaga_furcata_241674_2858292335,© All rights reserved
681814,2858292335,Scathophagidae_Scathophaga_furcata_241675_2858292335,© All rights reserved
681815,2858292335,Scathophagidae_Scathophaga_furcata_241676_2858292335,© All rights reserved
681816,2858292335,Scathophagidae_Scathophaga_furcata_241677_2858292335,© All rights reserved
681947,2406769940,Scathophagidae_Scathophaga_furcata_1532519_2406769940,http://creativecommons.org/licenses/by/4.0/
681948,2406769940,Scathophagidae_Scathophaga_furcata_1532520_2406769940,http://creativecommons.org/licenses/by/4.0/
683413,2834031573,Scathophagidae_Scathophaga_stercoraria_2281438_2834031573,http://creativecommons.org/licenses/by-nc-nd/4.0/
683521,3904298700,Scathophagidae_Scathophaga_stercoraria_1305149_3904298700,http://creativecommons.org/licenses/by-nc-nd/4.0/
683725,2842833804,Scathophagidae_Scathophaga_stercoraria_2297310_2842833804,http://creativecommons.org/licenses/by-nc-nd/4.0/
683821,2844757622,Scathophagidae_Norellisoma_spinimanum_233288_2844757622,http://creativecommons.org/licenses/by-nd/4.0/
685122,1967381734,Scathophagidae_Norellia_spinipes_801141_1967381734,http://creativecommons.org/licenses/by-nc/4.0/
685123,1967381734,Scathophagidae_Norellia_spinipes_801142_1967381734,http://creativecommons.org/licenses/by-nc/4.0/
685552,3720938140,Scathophagidae_Scathophaga_stercoraria_1182345_3720938140,http://creativecommons.org/licenses/by-nc-nd/4.0/
685815,1965275908,Scathophagidae_Norellisoma_spinimanum_1485487_1965275908,http://creativecommons.org/licenses/by-nc-nd/4.0/
686477,1959783623,Scathophagidae_Cordilura_albilabris_790425_1959783623,http://creativecommons.org/licenses/by-nc-nd/4.0/
690704,3915457002,Scathophagidae_Pogonota_barbata_1328146_3915457002,http://creativecommons.org/licenses/by-nc/4.0/
690705,3915457002,Scathophagidae_Pogonota_barbata_1328147_3915457002,http://creativecommons.org/licenses/by-nc/4.0/
691788,1571091356,Scathophagidae_Scathophaga_stercoraria_2808865_1571091356,http://creativecommons.org/licenses/by/4.0/
692211,2001934954,Scathophagidae_Conisternum_tinctinerve_1511750_2001934954,http://creativecommons.org/licenses/by-nc-sa/4.0/
692857,1968593649,Scathophagidae_Cordilura_albipes_2869672_1968593649,http://creativecommons.org/licenses/by-nc-nd/4.0/
694016,3724715929,Scathophagidae_Cordilura_albipes_508696_3724715929,http://creativecommons.org/licenses/by-nc-nd/4.0/
694343,3302308215,Scathophagidae_Americina_vittatum_2358858_3302308215,http://creativecommons.org/licenses/by/4.0/
694344,3302308215,Scathophagidae_Americina_vittatum_2358859_3302308215,http://creativecommons.org/licenses/by/4.0/
694345,3302308215,Scathophagidae_Americina_vittatum_2358860_3302308215,http://creativecommons.org/licenses/by/4.0/
694346,3302308215,Scathophagidae_Americina_vittatum_2358861_3302308215,http://creativecommons.org/licenses/by/4.0/
694347,3302308215,Scathophagidae_Americina_vittatum_2358862_3302308215,http://creativecommons.org/licenses/by/4.0/
694417,3961377378,Scathophagidae_Norellisoma_suilla_654462_3961377378,http://creativecommons.org/licenses/by-nc/4.0/
696191,3860668198,Scathophagidae_Americina_vittatum_586802_3860668198,http://creativecommons.org/licenses/by-nc/4.0/
696192,3860668198,Scathophagidae_Americina_vittatum_586803_3860668198,http://creativecommons.org/licenses/by-nc/4.0/
698213,4013093306,Scathophagidae_Cleigastra_flavipes_2746533_4013093306,© All rights reserved
698214,4013093306,Scathophagidae_Cleigastra_flavipes_2746534_4013093306,© All rights reserved
698215,4013093306,Scathophagidae_Cleigastra_flavipes_2746535_4013093306,© All rights reserved
698216,4013093306,Scathophagidae_Cleigastra_flavipes_2746536_4013093306,© All rights reserved
698217,4013093306,Scathophagidae_Cleigastra_flavipes_2746537_4013093306,© All rights reserved
698461,2273543898,Scathophagidae_Norellisoma_suilla_2904068_2273543898,© All rights reserved
698462,2273543898,Scathophagidae_Norellisoma_suilla_2904069_2273543898,© All rights reserved
699851,3730432843,Scathophagidae_Scathophaga_stercoraria_527655_3730432843,http://creativecommons.org/licenses/by-nc-nd/4.0/
700361,1968321796,Scathophagidae_Norellia_spinipes_801536_1968321796,http://creativecommons.org/licenses/by-nc-nd/4.0/
702348,1974768983,Scathophagidae_Norellia_spinipes_2189673_1974768983,http://creativecommons.org/licenses/by-nc-nd/4.0/
702426,2836338817,Scathophagidae_Norellisoma_spinimanum_2285565_2836338817,http://creativecommons.org/licenses/by-nc-nd/4.0/
702923,3995286511,Scathophagidae_Hydromyza_livens_666209_3995286511,http://creativecommons.org/licenses/by-nc-nd/4.0/
705614,932133432,Scathophagidae_Norellia_spinipes_1378256_932133432,© all rights reserved
705671,1433353367,Scathophagidae_Leptopa_filiformis_2114383_1433353367,© all rights reserved
705672,1433353367,Scathophagidae_Leptopa_filiformis_2114384_1433353367,© all rights reserved
705673,1433353367,Scathophagidae_Leptopa_filiformis_2114385_1433353367,© all rights reserved
705674,1433353367,Scathophagidae_Leptopa_filiformis_2114386_1433353367,© all rights reserved
706260,1958352133,Scathophagidae_Cleigastra_apicalis_2166221_1958352133,http://creativecommons.org/licenses/by-nc-nd/4.0/
706427,1957919492,Scathophagidae_Trichopalpus_fraternus_2855166_1957919492,http://creativecommons.org/licenses/by-nc-nd/4.0/
706428,1957919492,Scathophagidae_Trichopalpus_fraternus_2855167_1957919492,http://creativecommons.org/licenses/by-nc-nd/4.0/
706429,1957919492,Scathophagidae_Trichopalpus_fraternus_2855168_1957919492,http://creativecommons.org/licenses/by-nc-nd/4.0/
706430,1957919492,Scathophagidae_Trichopalpus_fraternus_2855169_1957919492,http://creativecommons.org/licenses/by-nc-nd/4.0/
706569,3822902303,Scathophagidae_Cordilura_albilabris_1938379_3822902303,http://creativecommons.org/licenses/by-nc-nd/4.0/
706664,2833425436,Scathophagidae_Cordilura_ciliata_1591268_2833425436,http://creativecommons.org/licenses/by-nc-nd/4.0/
707222,3995706543,Scathophagidae_Scathophaga_stercoraria_2044757_3995706543,http://creativecommons.org/licenses/by-nc-nd/4.0/
708960,1958520331,Scathophagidae_Norellia_spinipes_97922_1958520331,http://creativecommons.org/licenses/by-nc-nd/4.0/
709220,2841897783,Scathophagidae_Cordilura_ciliata_2294786_2841897783,http://creativecommons.org/licenses/by-nc-nd/4.0/
709430,1955680117,Scathophagidae_Cordilura_albilabris_2851886_1955680117,http://creativecommons.org/licenses/by-nc/4.0/
711095,3008474348,Scathophagidae_Scathophaga_stercoraria_3019596_3008474348,http://creativecommons.org/licenses/by-nc/4.0/
712564,1485108762,Scathophagidae_Norellisoma_spinimanum_1429591_1485108762,© all rights reserved
712565,1485108762,Scathophagidae_Norellisoma_spinimanum_1429592_1485108762,© all rights reserved
712921,1036619401,Scathophagidae_Scatomyza_scybalaria_1383400_1036619401,© all rights reserved
712922,1036619401,Scathophagidae_Scatomyza_scybalaria_1383401_1036619401,© all rights reserved
713647,2403075942,Scathophagidae_Pogonota_barbata_2911255_2403075942,http://creativecommons.org/licenses/by-nc-sa/4.0/
713648,2403075942,Scathophagidae_Pogonota_barbata_2911256_2403075942,http://creativecommons.org/licenses/by-nc-sa/4.0/
713830,2272454763,Scathophagidae_Norellisoma_spinimanum_144891_2272454763,© all rights reserved
713831,2272454763,Scathophagidae_Norellisoma_spinimanum_144892_2272454763,© all rights reserved
713950,2994239348,Scathophagidae_Americina_vittatum_2327369_2994239348,© all rights reserved
713951,2994239348,Scathophagidae_Americina_vittatum_2327370_2994239348,© all rights reserved
714895,1969448327,Scathophagidae_Ceratinostoma_ostiorum_1491872_1969448327,http://creativecommons.org/licenses/by-nc-nd/4.0/
714896,1969448327,Scathophagidae_Ceratinostoma_ostiorum_1491873_1969448327,http://creativecommons.org/licenses/by-nc-nd/4.0/
716459,3717374917,Scathophagidae_Hydromyza_livens_2550564_3717374917,http://creativecommons.org/licenses/by-nc-nd/4.0/
716766,2842239520,Scathophagidae_Hydromyza_livens_2295751_2842239520,http://creativecommons.org/licenses/by-nc-sa/4.0/
716767,2842239520,Scathophagidae_Hydromyza_livens_2295752_2842239520,http://creativecommons.org/licenses/by-nc-sa/4.0/
716803,3995269855,Scathophagidae_Scathophaga_stercoraria_2043329_3995269855,http://creativecommons.org/licenses/by-nc-nd/4.0/
716920,3720845913,Scathophagidae_Scathophaga_stercoraria_1181849_3720845913,http://creativecommons.org/licenses/by-nc-nd/4.0/
717313,1955357711,Scathophagidae_Trichopalpus_fraternus_92685_1955357711,http://creativecommons.org/licenses/by-nc-nd/4.0/
717431,1956944734,Scathophagidae_Norellisoma_spinimanum_2163244_1956944734,http://creativecommons.org/licenses/by-nc-nd/4.0/
717432,1956944734,Scathophagidae_Norellisoma_spinimanum_2163245_1956944734,http://creativecommons.org/licenses/by-nc-nd/4.0/
717433,1956944734,Scathophagidae_Norellisoma_spinimanum_2163246_1956944734,http://creativecommons.org/licenses/by-nc-nd/4.0/
717997,1969690331,Scathophagidae_Cordilura_albipes_804128_1969690331,http://creativecommons.org/licenses/by-nc-nd/4.0/
718455,2834253087,Scathophagidae_Norellisoma_spinimanum_2972976_2834253087,http://creativecommons.org/licenses/by-nc-nd/4.0/
719401,2833210297,Scathophagidae_Cordilura_albipes_2970176_2833210297,http://creativecommons.org/licenses/by-nc-nd/4.0/
719434,2838170511,Scathophagidae_Trichopalpus_fraternus_1600358_2838170511,http://creativecommons.org/licenses/by-nc-nd/4.0/
719706,1975928209,Scathophagidae_Norellisoma_spinimanum_2190572_1975928209,http://creativecommons.org/licenses/by-nc-nd/4.0/
719707,1975928209,Scathophagidae_Norellisoma_spinimanum_2190573_1975928209,http://creativecommons.org/licenses/by-nc-nd/4.0/
719708,1975928209,Scathophagidae_Norellisoma_spinimanum_2190574_1975928209,http://creativecommons.org/licenses/by-nc-nd/4.0/
719709,1973727912,Scathophagidae_Hydromyza_livens_2878269_1973727912,http://creativecommons.org/licenses/by-nc/4.0/
723066,1957393629,Scathophagidae_Hydromyza_livens_95624_1957393629,http://creativecommons.org/licenses/by-nc-nd/4.0/
723067,1957393629,Scathophagidae_Hydromyza_livens_95625_1957393629,http://creativecommons.org/licenses/by-nc-nd/4.0/
723068,1957393629,Scathophagidae_Hydromyza_livens_95626_1957393629,http://creativecommons.org/licenses/by-nc-nd/4.0/
723649,3731758425,Scathophagidae_Scathophaga_stercoraria_535211_3731758425,http://creativecommons.org/licenses/by-nc-nd/4.0/
723662,1961384173,Scathophagidae_Hydromyza_livens_792611_1961384173,http://creativecommons.org/licenses/by/4.0/
723867,2836864200,Scathophagidae_Cordilura_albipes_2286352_2836864200,http://creativecommons.org/licenses/by-nc-nd/4.0/
724033,3723224240,Scathophagidae_Scathophaga_stercoraria_507296_3723224240,http://creativecommons.org/licenses/by-nc-nd/4.0/
725103,1953572556,Scathophagidae_Norellisoma_spinimanum_1469758_1953572556,http://creativecommons.org/licenses/by-nc-nd/4.0/
725444,2834695454,Scathophagidae_Hydromyza_livens_1594981_2834695454,http://creativecommons.org/licenses/by-nc-sa/4.0/
725445,2834695454,Scathophagidae_Hydromyza_livens_1594982_2834695454,http://creativecommons.org/licenses/by-nc-sa/4.0/
725488,1953779649,Scathophagidae_Norellia_spinipes_2848908_1953779649,http://creativecommons.org/licenses/by-nc-nd/4.0/
725489,1953779649,Scathophagidae_Norellia_spinipes_2848909_1953779649,http://creativecommons.org/licenses/by-nc-nd/4.0/
725490,1953779649,Scathophagidae_Norellia_spinipes_2848910_1953779649,http://creativecommons.org/licenses/by-nc-nd/4.0/
725753,2836827184,Scathophagidae_Cordilura_albipes_2286249_2836827184,http://creativecommons.org/licenses/by-nc-nd/4.0/
725763,1965221764,Scathophagidae_Norellisoma_spinimanum_2174452_1965221764,http://creativecommons.org/licenses/by-nc-nd/4.0/
726154,1969598096,Scathophagidae_Cordilura_albipes_803920_1969598096,http://creativecommons.org/licenses/by/4.0/
726178,1970336077,Scathophagidae_Delina_nigrita_114757_1970336077,http://creativecommons.org/licenses/by-nc-nd/4.0/
726179,1970336077,Scathophagidae_Delina_nigrita_114758_1970336077,http://creativecommons.org/licenses/by-nc-nd/4.0/
726180,1970336077,Scathophagidae_Delina_nigrita_114759_1970336077,http://creativecommons.org/licenses/by-nc-nd/4.0/
726181,1970336077,Scathophagidae_Delina_nigrita_114760_1970336077,http://creativecommons.org/licenses/by-nc-nd/4.0/
726182,1970336077,Scathophagidae_Delina_nigrita_114761_1970336077,http://creativecommons.org/licenses/by-nc-nd/4.0/
726183,1970336077,Scathophagidae_Delina_nigrita_114762_1970336077,http://creativecommons.org/licenses/by-nc-nd/4.0/
726184,1970336077,Scathophagidae_Delina_nigrita_114763_1970336077,http://creativecommons.org/licenses/by-nc-nd/4.0/
726185,1970336077,Scathophagidae_Delina_nigrita_114764_1970336077,http://creativecommons.org/licenses/by-nc-nd/4.0/
726805,1954700899,Scathophagidae_Scathophaga_lutaria_781784_1954700899,http://creativecommons.org/licenses/by-nc-nd/4.0/
726896,1951589471,Scathophagidae_Scathophaga_furcata_1466414_1951589471,http://creativecommons.org/licenses/by-nc-nd/4.0/
726897,1951589471,Scathophagidae_Scathophaga_furcata_1466415_1951589471,http://creativecommons.org/licenses/by-nc-nd/4.0/
727575,2843480128,Scathophagidae_Scathophaga_litorea_2298571_2843480128,http://creativecommons.org/licenses/by-nc-nd/4.0/
727576,2843480128,Scathophagidae_Scathophaga_litorea_2298572_2843480128,http://creativecommons.org/licenses/by-nc-nd/4.0/
727577,2843480128,Scathophagidae_Scathophaga_litorea_2298573_2843480128,http://creativecommons.org/licenses/by-nc-nd/4.0/
728087,1965200484,Scathophagidae_Norellisoma_spinimanum_2864378_1965200484,http://creativecommons.org/licenses/by-nc-nd/4.0/
728250,2834622324,Scathophagidae_Hydromyza_livens_2283662_2834622324,http://creativecommons.org/licenses/by-nc-nd/4.0/
728403,3825400061,Scathophagidae_Ceratinostoma_ostiorum_1255189_3825400061,http://creativecommons.org/licenses/by-nc-nd/4.0/
728813,3995033749,Scathophagidae_Hydromyza_livens_2732392_3995033749,http://creativecommons.org/licenses/by/4.0/
728814,3995033749,Scathophagidae_Hydromyza_livens_2732393_3995033749,http://creativecommons.org/licenses/by/4.0/
729214,2844509061,Scathophagidae_Cordilura_albilabris_1611421_2844509061,http://creativecommons.org/licenses/by-nc-nd/4.0/
729215,2844509061,Scathophagidae_Cordilura_albilabris_1611422_2844509061,http://creativecommons.org/licenses/by-nc-nd/4.0/
730331,2834779802,Scathophagidae_Trichopalpus_fraternus_1595128_2834779802,http://creativecommons.org/licenses/by-nc-nd/4.0/
730332,2834779802,Scathophagidae_Trichopalpus_fraternus_1595129_2834779802,http://creativecommons.org/licenses/by-nc-nd/4.0/
730631,3722569382,Scathophagidae_Scathophaga_stercoraria_2572467_3722569382,http://creativecommons.org/licenses/by-nc-nd/4.0/
730923,2841438802,Scathophagidae_Norellisoma_spinimanum_915872_2841438802,http://creativecommons.org/licenses/by/4.0/
733076,1972292366,Scathophagidae_Trichopalpus_fraternus_807621_1972292366,http://creativecommons.org/licenses/by-nc-nd/4.0/
733077,1972292366,Scathophagidae_Trichopalpus_fraternus_807622_1972292366,http://creativecommons.org/licenses/by-nc-nd/4.0/
734184,1957081219,Scathophagidae_Norellisoma_spinimanum_2853327_1957081219,http://creativecommons.org/licenses/by-nc-nd/4.0/
734185,1957081219,Scathophagidae_Norellisoma_spinimanum_2853328_1957081219,http://creativecommons.org/licenses/by-nc-nd/4.0/
734196,1965596845,Scathophagidae_Cordilura_albilabris_106895_1965596845,http://creativecommons.org/licenses/by-nc-nd/4.0/
734197,1965596845,Scathophagidae_Cordilura_albilabris_106896_1965596845,http://creativecommons.org/licenses/by-nc-nd/4.0/
734198,1965596845,Scathophagidae_Cordilura_albilabris_106897_1965596845,http://creativecommons.org/licenses/by-nc-nd/4.0/
734199,1965596845,Scathophagidae_Cordilura_albilabris_106898_1965596845,http://creativecommons.org/licenses/by-nc-nd/4.0/
734535,1973021156,Scathophagidae_Trichopalpus_fraternus_2877024_1973021156,http://creativecommons.org/licenses/by-nc-nd/4.0/
734536,1973021156,Scathophagidae_Trichopalpus_fraternus_2877025_1973021156,http://creativecommons.org/licenses/by-nc-nd/4.0/
734537,1973021156,Scathophagidae_Trichopalpus_fraternus_2877026_1973021156,http://creativecommons.org/licenses/by-nc-nd/4.0/
734538,1973021156,Scathophagidae_Trichopalpus_fraternus_2877027_1973021156,http://creativecommons.org/licenses/by-nc-nd/4.0/
734684,2844670360,Scathophagidae_Cordilura_albilabris_2301015_2844670360,http://creativecommons.org/licenses/by-nc-nd/4.0/
735356,3465422390,Scathophagidae_Norellisoma_suilla_1155149_3465422390,© All rights reserved
735357,3465422390,Scathophagidae_Norellisoma_suilla_1155150_3465422390,© All rights reserved
735988,2416901160,Scathophagidae_Scathophaga_inquinata_845026_2416901160,© All rights reserved
735989,2416901160,Scathophagidae_Scathophaga_inquinata_845027_2416901160,© All rights reserved
737046,3355465586,Scathophagidae_Americina_vittatum_2384740_3355465586,http://creativecommons.org/licenses/by/4.0/
737047,3355465586,Scathophagidae_Americina_vittatum_2384741_3355465586,http://creativecommons.org/licenses/by/4.0/
737960,3892451561,Scathophagidae_Hydromyza_livens_1981017_3892451561,http://creativecommons.org/licenses/by-nc/4.0/
739152,3720716275,Scathophagidae_Cordilura_albipes_3250460_3720716275,http://creativecommons.org/licenses/by-nc-nd/4.0/
739153,3720716275,Scathophagidae_Cordilura_albipes_3250461_3720716275,http://creativecommons.org/licenses/by-nc-nd/4.0/
739638,1973901037,Scathophagidae_Scathophaga_stercoraria_810862_1973901037,http://creativecommons.org/licenses/by-nc-nd/4.0/
739992,3825675304,Scathophagidae_Micropselapha_filiformis_566765_3825675304,http://creativecommons.org/licenses/by-nc/4.0/
741790,3996184087,Scathophagidae_Scathophaga_stercoraria_1357306_3996184087,http://creativecommons.org/licenses/by-nc-nd/4.0/
742006,2833666458,Scathophagidae_Norellisoma_spinimanum_2280390_2833666458,http://creativecommons.org/licenses/by-nc-nd/4.0/
743206,3826253395,Scathophagidae_Ceratinostoma_ostiorum_2635973_3826253395,http://creativecommons.org/licenses/by-nc-nd/4.0/
743207,3826253395,Scathophagidae_Ceratinostoma_ostiorum_2635974_3826253395,http://creativecommons.org/licenses/by-nc-nd/4.0/
743208,3826253395,Scathophagidae_Ceratinostoma_ostiorum_2635975_3826253395,http://creativecommons.org/licenses/by-nc-nd/4.0/
743300,1960039237,Scathophagidae_Cordilura_albilabris_790967_1960039237,http://creativecommons.org/licenses/by-nc-nd/4.0/
743520,1965212905,Scathophagidae_Norellisoma_spinimanum_105962_1965212905,http://creativecommons.org/licenses/by-nc-nd/4.0/
747110,1460468705,Scathophagidae_Scathophaga_furcata_1429078_1460468705,© all rights reserved
747111,1460468705,Scathophagidae_Scathophaga_furcata_1429079_1460468705,© all rights reserved
747112,1460468705,Scathophagidae_Scathophaga_furcata_1429080_1460468705,© all rights reserved
747233,1460256309,Scathophagidae_Norellia_spinipes_1428504_1460256309,© all rights reserved
748034,2408738554,Scathophagidae_Scathophaga_inquinata_2221946_2408738554,http://creativecommons.org/licenses/by-nc-sa/4.0/
748103,1823745682,Scathophagidae_Cordilura_albipes_2125177_1823745682,http://creativecommons.org/licenses/by-nc-sa/4.0/
748249,3451569515,Scathophagidae_Scathophaga_stercoraria_1834101_3451569515,© All rights reserved
748378,3757521320,Scathophagidae_Norellisoma_suilla_1232530_3757521320,© All rights reserved
749005,3468838528,Scathophagidae_Norellisoma_suilla_468243_3468838528,http://creativecommons.org/licenses/by-nc/4.0/
749006,3468838528,Scathophagidae_Norellisoma_suilla_468244_3468838528,http://creativecommons.org/licenses/by-nc/4.0/
749007,3468838528,Scathophagidae_Norellisoma_suilla_468245_3468838528,http://creativecommons.org/licenses/by-nc/4.0/
749008,3468838528,Scathophagidae_Norellisoma_suilla_468246_3468838528,http://creativecommons.org/licenses/by-nc/4.0/
749316,3059080090,Scathophagidae_Spaziphora_hydromyzina_1650531_3059080090,http://creativecommons.org/licenses/by-nc/4.0/
751246,3448838554,Scathophagidae_Cordilura_albipes_454983_3448838554,http://creativecommons.org/licenses/by-sa/4.0/
752213,3456621843,Scathophagidae_Americina_vittatum_3221047_3456621843,http://creativecommons.org/licenses/by-nc/4.0/
752582,3415428347,Scathophagidae_Scathophaga_stercoraria_3090976_3415428347,http://creativecommons.org/licenses/by-nc/4.0/
752625,2626373208,Scathophagidae_Scathophaga_stercoraria_2948794_2626373208,http://creativecommons.org/licenses/by-nc/4.0/
754070,1977027292,Scathophagidae_Scathophaga_litorea_2882960_1977027292,http://creativecommons.org/licenses/by-nc-nd/4.0/
754071,1977027292,Scathophagidae_Scathophaga_litorea_2882961_1977027292,http://creativecommons.org/licenses/by-nc-nd/4.0/
754072,1977027292,Scathophagidae_Scathophaga_litorea_2882962_1977027292,http://creativecommons.org/licenses/by-nc-nd/4.0/
754073,1977027292,Scathophagidae_Scathophaga_litorea_2882963_1977027292,http://creativecommons.org/licenses/by-nc-nd/4.0/
754074,1977027292,Scathophagidae_Scathophaga_litorea_2882964_1977027292,http://creativecommons.org/licenses/by-nc-nd/4.0/
754119,3730918466,Scathophagidae_Scathophaga_stercoraria_1908649_3730918466,http://creativecommons.org/licenses/by-nc-nd/4.0/
755293,2838311891,Scathophagidae_Norellisoma_spinimanum_221722_2838311891,http://creativecommons.org/licenses/by-nc-nd/4.0/
755903,1969488269,Scathophagidae_Scathophaga_litorea_803615_1969488269,http://creativecommons.org/licenses/by-nc-nd/4.0/
756382,2834105662,Scathophagidae_Norellisoma_spinimanum_2972330_2834105662,http://creativecommons.org/licenses/by-nc-nd/4.0/
756385,2834105662,Scathophagidae_Norellisoma_spinimanum_2972333_2834105662,http://creativecommons.org/licenses/by-nc-nd/4.0/
756386,2834105662,Scathophagidae_Norellisoma_spinimanum_2972334_2834105662,http://creativecommons.org/licenses/by-nc-nd/4.0/
756722,3730862020,Scathophagidae_Scathophaga_stercoraria_1218992_3730862020,http://creativecommons.org/licenses/by-nc/4.0/
756784,2837214872,Scathophagidae_Scathophaga_stercoraria_219151_2837214872,http://creativecommons.org/licenses/by/4.0/
758064,1955883297,Scathophagidae_Cleigastra_apicalis_2162508_1955883297,http://creativecommons.org/licenses/by-nc-nd/4.0/
758351,3996729572,Scathophagidae_Hydromyza_livens_671068_3996729572,http://creativecommons.org/licenses/by-nc-nd/4.0/
758367,1959209614,Scathophagidae_Trichopalpus_fraternus_2857000_1959209614,http://creativecommons.org/licenses/by-nc-nd/4.0/
758368,1959209614,Scathophagidae_Trichopalpus_fraternus_2857001_1959209614,http://creativecommons.org/licenses/by-nc-nd/4.0/
758369,1959209614,Scathophagidae_Trichopalpus_fraternus_2857002_1959209614,http://creativecommons.org/licenses/by-nc-nd/4.0/
758430,3728089646,Scathophagidae_Hydromyza_livens_2587499_3728089646,http://creativecommons.org/licenses/by-nc-nd/4.0/
758448,3726906902,Scathophagidae_Scathophaga_stercoraria_1894050_3726906902,http://creativecommons.org/licenses/by-nc-nd/4.0/
758476,2834193908,Scathophagidae_Cordilura_albilabris_2972729_2834193908,http://creativecommons.org/licenses/by/4.0/
758862,2842419345,Scathophagidae_Cordilura_ciliata_2296310_2842419345,http://creativecommons.org/licenses/by-nc-nd/4.0/
758863,2842419345,Scathophagidae_Cordilura_ciliata_2296311_2842419345,http://creativecommons.org/licenses/by-nc-nd/4.0/
758864,2842419345,Scathophagidae_Cordilura_ciliata_2296312_2842419345,http://creativecommons.org/licenses/by-nc-nd/4.0/
761334,2837848625,Scathophagidae_Gimnomera_tarsea_2979157_2837848625,http://creativecommons.org/licenses/by-nc-nd/4.0/
761335,2837848625,Scathophagidae_Gimnomera_tarsea_2979158_2837848625,http://creativecommons.org/licenses/by-nc-nd/4.0/
762175,3730392070,Scathophagidae_Cordilura_albipes_1905615_3730392070,http://creativecommons.org/licenses/by-nc-nd/4.0/
763878,2271446019,Scathophagidae_Scathophaga_inquinata_1523621_2271446019,© all rights reserved
764529,2808944003,Scathophagidae_Norellisoma_spinimanum_2271216_2808944003,© all rights reserved
765590,3997256531,Scathophagidae_Hydromyza_livens_2740306_3997256531,http://creativecommons.org/licenses/by-nc-nd/4.0/
766601,1965378439,Scathophagidae_Norellisoma_spinimanum_106484_1965378439,http://creativecommons.org/licenses/by-nc-nd/4.0/
767820,3718081788,Scathophagidae_Hydromyza_livens_485598_3718081788,http://creativecommons.org/licenses/by-nc-nd/4.0/
767821,3718081788,Scathophagidae_Hydromyza_livens_485599_3718081788,http://creativecommons.org/licenses/by-nc-nd/4.0/
768080,2839005702,Scathophagidae_Hydromyza_livens_1601677_2839005702,http://creativecommons.org/licenses/by-nc-nd/4.0/
769045,1958376430,Scathophagidae_Trichopalpus_punctipes_2856095_1958376430,http://creativecommons.org/licenses/by-nc-nd/4.0/
770062,2842573554,Scathophagidae_Cleigastra_fasciata_919054_2842573554,http://creativecommons.org/licenses/by-nc-nd/4.0/
770063,2842573554,Scathophagidae_Cleigastra_fasciata_919055_2842573554,http://creativecommons.org/licenses/by-nc-nd/4.0/
770443,3997304284,Scathophagidae_Hydromyza_livens_2050322_3997304284,http://creativecommons.org/licenses/by-nc-nd/4.0/
771372,1956646911,Scathophagidae_Cordilura_ciliata_2852849_1956646911,http://creativecommons.org/licenses/by-nc-nd/4.0/
771373,1956646911,Scathophagidae_Cordilura_ciliata_2852850_1956646911,http://creativecommons.org/licenses/by-nc-nd/4.0/
771374,1956646911,Scathophagidae_Cordilura_ciliata_2852851_1956646911,http://creativecommons.org/licenses/by-nc-nd/4.0/
771577,1977204735,Scathophagidae_Trichopalpus_fraternus_2193286_1977204735,http://creativecommons.org/licenses/by-nc-nd/4.0/
772387,1965213511,Scathophagidae_Norellisoma_spinimanum_2864609_1965213511,http://creativecommons.org/licenses/by-nc-nd/4.0/
772543,1965689267,Scathophagidae_Trichopalpus_fraternus_797868_1965689267,http://creativecommons.org/licenses/by-nc-nd/4.0/
772677,1965231767,Scathophagidae_Norellisoma_spinimanum_1485386_1965231767,http://creativecommons.org/licenses/by-nc-nd/4.0/
773508,2815143451,Scathophagidae_Cordilura_ciliata_896091_2815143451,© All rights reserved
773509,2815143451,Scathophagidae_Cordilura_ciliata_896092_2815143451,© All rights reserved
773951,3411929428,Scathophagidae_Scathophaga_furcata_3090426_3411929428,© All rights reserved
774076,4003115328,Scathophagidae_Cordilura_pudica_674169_4003115328,© All rights reserved
774366,3927131473,Scathophagidae_Scathophaga_furcata_2716892_3927131473,© All rights reserved
774367,3927131473,Scathophagidae_Scathophaga_furcata_2716893_3927131473,© All rights reserved
774477,3313476473,Scathophagidae_Cordilura_ciliata_2361924_3313476473,http://creativecommons.org/licenses/by/4.0/
775976,3826035291,Scathophagidae_Scathophaga_stercoraria_1256946_3826035291,http://creativecommons.org/licenses/by-nc-nd/4.0/
777021,3905263185,Scathophagidae_Hydromyza_livens_1310922_3905263185,http://creativecommons.org/licenses/by-nc/4.0/
777070,2842239042,Scathophagidae_Cordilura_albilabris_1606795_2842239042,http://creativecommons.org/licenses/by-nc-nd/4.0/
779559,2834141394,Scathophagidae_Cordilura_albilabris_904285_2834141394,http://creativecommons.org/licenses/by-nc/4.0/
781017,1973995826,Scathophagidae_Norellisoma_spinimanum_120367_1973995826,http://creativecommons.org/licenses/by-nc-nd/4.0/
781688,1975442868,Scathophagidae_Trichopalpus_fraternus_121641_1975442868,http://creativecommons.org/licenses/by-nc-nd/4.0/
781689,1975442868,Scathophagidae_Trichopalpus_fraternus_121642_1975442868,http://creativecommons.org/licenses/by-nc-nd/4.0/
781690,1975442868,Scathophagidae_Trichopalpus_fraternus_121643_1975442868,http://creativecommons.org/licenses/by-nc-nd/4.0/
781691,1975442868,Scathophagidae_Trichopalpus_fraternus_121644_1975442868,http://creativecommons.org/licenses/by-nc-nd/4.0/
781898,3997423964,Scathophagidae_Scathophaga_stercoraria_3431073_3997423964,http://creativecommons.org/licenses/by-nc-nd/4.0/
783563,3819974321,Scathophagidae_Scathophaga_furcata_1936540_3819974321,© All rights reserved
783575,2404174580,Scathophagidae_Cordilura_aberrans_2220872_2404174580,© All rights reserved
783576,2404174580,Scathophagidae_Cordilura_aberrans_2220873_2404174580,© All rights reserved
783577,2404174580,Scathophagidae_Cordilura_aberrans_2220874_2404174580,© All rights reserved
783578,2404174580,Scathophagidae_Cordilura_aberrans_2220875_2404174580,© All rights reserved
783579,2404174580,Scathophagidae_Cordilura_aberrans_2220876_2404174580,© All rights reserved
784973,3907526841,Scathophagidae_Norellisoma_spinimanum_1323790_3907526841,http://creativecommons.org/licenses/by-nc-nd/4.0/
785266,3907324326,Scathophagidae_Scathophaga_stercoraria_634273_3907324326,http://creativecommons.org/licenses/by-nc-sa/4.0/
785454,3906501532,Scathophagidae_Scathophaga_stercoraria_629651_3906501532,http://creativecommons.org/licenses/by-nc-nd/4.0/
785727,1961866663,Scathophagidae_Norellia_spinipes_102625_1961866663,http://creativecommons.org/licenses/by-nc-nd/4.0/
785728,1961866663,Scathophagidae_Norellia_spinipes_102626_1961866663,http://creativecommons.org/licenses/by-nc-nd/4.0/
785729,1961866663,Scathophagidae_Norellia_spinipes_102627_1961866663,http://creativecommons.org/licenses/by-nc-nd/4.0/
787740,3720757808,Scathophagidae_Scathophaga_stercoraria_1181407_3720757808,http://creativecommons.org/licenses/by-nc-nd/4.0/
787943,1972740886,Scathophagidae_Scathophaga_litorea_808372_1972740886,http://creativecommons.org/licenses/by-nc-nd/4.0/
787944,1972740886,Scathophagidae_Scathophaga_litorea_808373_1972740886,http://creativecommons.org/licenses/by-nc-nd/4.0/
789176,1965747116,Scathophagidae_Cordilura_ciliata_2865999_1965747116,http://creativecommons.org/licenses/by-nc-nd/4.0/
789177,1965747116,Scathophagidae_Cordilura_ciliata_2866000_1965747116,http://creativecommons.org/licenses/by-nc-nd/4.0/
789949,1953555658,Scathophagidae_Norellia_spinipes_781059_1953555658,http://creativecommons.org/licenses/by-nc-nd/4.0/
790459,1962513980,Scathophagidae_Scathophaga_stercoraria_1482178_1962513980,http://creativecommons.org/licenses/by-nc-nd/4.0/
790783,1955098569,Scathophagidae_Hydromyza_livens_2160336_1955098569,http://creativecommons.org/licenses/by-nc-nd/4.0/
791701,2840881284,Scathophagidae_Cleigastra_fasciata_914906_2840881284,http://creativecommons.org/licenses/by-nc-nd/4.0/
791702,2840881284,Scathophagidae_Cleigastra_fasciata_914907_2840881284,http://creativecommons.org/licenses/by-nc-nd/4.0/
791703,2840881284,Scathophagidae_Cleigastra_fasciata_914908_2840881284,http://creativecommons.org/licenses/by-nc-nd/4.0/
791704,2840881284,Scathophagidae_Cleigastra_fasciata_914909_2840881284,http://creativecommons.org/licenses/by-nc-nd/4.0/
791713,1970306671,Scathophagidae_Cordilura_albipes_1493730_1970306671,http://creativecommons.org/licenses/by-nc-nd/4.0/
791714,1970306671,Scathophagidae_Cordilura_albipes_1493731_1970306671,http://creativecommons.org/licenses/by-nc-nd/4.0/
791715,1970306671,Scathophagidae_Cordilura_albipes_1493732_1970306671,http://creativecommons.org/licenses/by-nc-nd/4.0/
791716,1970306671,Scathophagidae_Cordilura_albipes_1493733_1970306671,http://creativecommons.org/licenses/by-nc-nd/4.0/
791717,1970306671,Scathophagidae_Cordilura_albipes_1493734_1970306671,http://creativecommons.org/licenses/by-nc-nd/4.0/
792465,1965567152,Scathophagidae_Hydromyza_livens_1486158_1965567152,http://creativecommons.org/publicdomain/zero/1.0/
793575,3906500821,Scathophagidae_Scathophaga_stercoraria_629646_3906500821,http://creativecommons.org/licenses/by-nc-sa/4.0/
794314,2839937603,Scathophagidae_Cleigastra_apicalis_2291534_2839937603,http://creativecommons.org/licenses/by-nc-nd/4.0/
794737,1959240595,Scathophagidae_Norellisoma_spinimanum_1477849_1959240595,http://creativecommons.org/licenses/by-nc-nd/4.0/
795120,1976797074,Scathophagidae_Coniosternum_decipiens_124037_1976797074,http://creativecommons.org/licenses/by-nc-nd/4.0/
795521,3906399690,Scathophagidae_Hydromyza_livens_629080_3906399690,http://creativecommons.org/licenses/by-nc-nd/4.0/
798252,3722570516,Scathophagidae_Scathophaga_stercoraria_3262779_3722570516,http://creativecommons.org/licenses/by-nc/4.0/
798340,1952527629,Scathophagidae_Trichopalpus_punctipes_88283_1952527629,http://creativecommons.org/licenses/by-nc-nd/4.0/
798341,1952527629,Scathophagidae_Trichopalpus_punctipes_88284_1952527629,http://creativecommons.org/licenses/by-nc-nd/4.0/
798342,1952527629,Scathophagidae_Trichopalpus_punctipes_88285_1952527629,http://creativecommons.org/licenses/by-nc-nd/4.0/
798343,1952527629,Scathophagidae_Trichopalpus_punctipes_88286_1952527629,http://creativecommons.org/licenses/by-nc-nd/4.0/
799193,1974337653,Scathophagidae_Norellisoma_spinimanum_2879444_1974337653,http://creativecommons.org/licenses/by-nc-nd/4.0/
799210,3825143328,Scathophagidae_Scathophaga_furcata_1254386_3825143328,http://creativecommons.org/licenses/by-nc-nd/4.0/
799412,3716221210,Scathophagidae_Norellia_spinipes_1855824_3716221210,http://creativecommons.org/licenses/by-nc-nd/4.0/
799413,3716221210,Scathophagidae_Norellia_spinipes_1855825_3716221210,http://creativecommons.org/licenses/by-nc-nd/4.0/
800297,1959900733,Scathophagidae_Cleigastra_apicalis_2858428_1959900733,http://creativecommons.org/licenses/by-nc-nd/4.0/
800298,1959900733,Scathophagidae_Cleigastra_apicalis_2858429_1959900733,http://creativecommons.org/licenses/by-nc-nd/4.0/
800384,3906761968,Scathophagidae_Scathophaga_stercoraria_1319635_3906761968,http://creativecommons.org/licenses/by-nc-nd/4.0/
800591,1951766919,Scathophagidae_Scathophaga_stercoraria_777843_1951766919,http://creativecommons.org/licenses/by-nc-sa/4.0/
800696,3825444003,Scathophagidae_Cordilura_albipes_566290_3825444003,http://creativecommons.org/licenses/by-nc-nd/4.0/
801171,1974522125,Scathophagidae_Acerocnema_macrocera_2879691_1974522125,http://creativecommons.org/licenses/by-nc-nd/4.0/
801363,2840290273,Scathophagidae_Norellia_spinipes_2291811_2840290273,http://creativecommons.org/licenses/by-nc-nd/4.0/
801929,1965231656,Scathophagidae_Norellisoma_spinimanum_2864745_1965231656,http://creativecommons.org/licenses/by-nc-nd/4.0/
802438,3715687662,Scathophagidae_Cordilura_albipes_2544265_3715687662,http://creativecommons.org/licenses/by-nc-nd/4.0/
802793,1974644055,Scathophagidae_Scathophaga_stercoraria_812043_1974644055,http://creativecommons.org/licenses/by/4.0/
803074,3731522006,Scathophagidae_Scathophaga_stercoraria_3292062_3731522006,http://creativecommons.org/licenses/by-nc-nd/4.0/
803077,2838031095,Scathophagidae_Scathophaga_furcata_221018_2838031095,http://creativecommons.org/licenses/by-nc-nd/4.0/
803078,2838031095,Scathophagidae_Scathophaga_furcata_221019_2838031095,http://creativecommons.org/licenses/by-nc-nd/4.0/
803973,2834119096,Scathophagidae_Cleigastra_apicalis_213771_2834119096,http://creativecommons.org/licenses/by/4.0/
803980,2833267892,Scathophagidae_Cordilura_albipes_1590975_2833267892,http://creativecommons.org/licenses/by-nc/4.0/
804204,3725990145,Scathophagidae_Hydromyza_livens_2579188_3725990145,http://creativecommons.org/licenses/by-nc-nd/4.0/
804206,3725990145,Scathophagidae_Hydromyza_livens_2579190_3725990145,http://creativecommons.org/licenses/by-nc-nd/4.0/
804690,1956870095,Scathophagidae_Norellisoma_spinimanum_785404_1956870095,http://creativecommons.org/licenses/by-nc-nd/4.0/
804691,1956870095,Scathophagidae_Norellisoma_spinimanum_785405_1956870095,http://creativecommons.org/licenses/by-nc-nd/4.0/
805756,1970336095,Scathophagidae_Cleigastra_apicalis_114765_1970336095,http://creativecommons.org/licenses/by-nc-nd/4.0/
805757,1970336095,Scathophagidae_Cleigastra_apicalis_114766_1970336095,http://creativecommons.org/licenses/by-nc-nd/4.0/
805758,1970336095,Scathophagidae_Cleigastra_apicalis_114767_1970336095,http://creativecommons.org/licenses/by-nc-nd/4.0/
805759,1970336095,Scathophagidae_Cleigastra_apicalis_114768_1970336095,http://creativecommons.org/licenses/by-nc-nd/4.0/
805777,2833309817,Scathophagidae_Trichopalpus_fraternus_902077_2833309817,http://creativecommons.org/licenses/by-nc-nd/4.0/
805778,2833309817,Scathophagidae_Trichopalpus_fraternus_902078_2833309817,http://creativecommons.org/licenses/by-nc-nd/4.0/
806208,3822585044,Scathophagidae_Cleigastra_apicalis_1248437_3822585044,http://creativecommons.org/licenses/by-nc-nd/4.0/
806878,1958221884,Scathophagidae_Norellisoma_spinimanum_788110_1958221884,http://creativecommons.org/licenses/by-nc-nd/4.0/
807170,1952510281,Scathophagidae_Cleigastra_apicalis_778869_1952510281,http://creativecommons.org/licenses/by-nc-nd/4.0/
807171,1952510281,Scathophagidae_Cleigastra_apicalis_778870_1952510281,http://creativecommons.org/licenses/by-nc-nd/4.0/
807313,3720294835,Scathophagidae_Scathophaga_stercoraria_1869066_3720294835,http://creativecommons.org/licenses/by-nc-nd/4.0/
807333,1962758337,Scathophagidae_Hydromyza_livens_2861839_1962758337,http://creativecommons.org/publicdomain/zero/1.0/
807334,1962758337,Scathophagidae_Hydromyza_livens_2861840_1962758337,http://creativecommons.org/publicdomain/zero/1.0/
807335,1962758337,Scathophagidae_Hydromyza_livens_2861841_1962758337,http://creativecommons.org/publicdomain/zero/1.0/
807337,1960992416,Scathophagidae_Norellisoma_spinimanum_2169585_1960992416,http://creativecommons.org/licenses/by-nc-nd/4.0/
807339,1960992416,Scathophagidae_Norellisoma_spinimanum_2169587_1960992416,http://creativecommons.org/licenses/by-nc-nd/4.0/
807479,2842254649,Scathophagidae_Trichopalpus_fraternus_1606844_2842254649,http://creativecommons.org/licenses/by-nc-nd/4.0/
808175,1965881102,Scathophagidae_Americina_media_2175923_1965881102,http://creativecommons.org/licenses/by-nc/4.0/
808176,1965881102,Scathophagidae_Americina_media_2175924_1965881102,http://creativecommons.org/licenses/by-nc/4.0/
808177,1965881102,Scathophagidae_Americina_media_2175925_1965881102,http://creativecommons.org/licenses/by-nc/4.0/
808178,1965881102,Scathophagidae_Americina_media_2175926_1965881102,http://creativecommons.org/licenses/by-nc/4.0/
808179,1965881102,Scathophagidae_Americina_media_2175927_1965881102,http://creativecommons.org/licenses/by-nc/4.0/
808180,1965881102,Scathophagidae_Americina_media_2175928_1965881102,http://creativecommons.org/licenses/by-nc/4.0/
808181,1965881102,Scathophagidae_Americina_media_2175929_1965881102,http://creativecommons.org/licenses/by-nc/4.0/
808182,1965881102,Scathophagidae_Americina_media_2175930_1965881102,http://creativecommons.org/licenses/by-nc/4.0/
808183,1965881102,Scathophagidae_Americina_media_2175931_1965881102,http://creativecommons.org/licenses/by-nc/4.0/
808184,1965881102,Scathophagidae_Americina_media_2175932_1965881102,http://creativecommons.org/licenses/by-nc/4.0/
808185,1965881102,Scathophagidae_Americina_media_2175933_1965881102,http://creativecommons.org/licenses/by-nc/4.0/
808186,1965881102,Scathophagidae_Americina_media_2175934_1965881102,http://creativecommons.org/licenses/by-nc/4.0/
808187,1965881102,Scathophagidae_Americina_media_2175935_1965881102,http://creativecommons.org/licenses/by-nc/4.0/
808370,2840015811,Scathophagidae_Cordilura_albipes_2982134_2840015811,http://creativecommons.org/licenses/by-nc/4.0/
808463,3730600008,Scathophagidae_Scathophaga_stercoraria_1906733_3730600008,http://creativecommons.org/licenses/by-nc-nd/4.0/
808637,3729280496,Scathophagidae_Scathophaga_stercoraria_523032_3729280496,http://creativecommons.org/licenses/by-nc-nd/4.0/
809176,2844684824,Scathophagidae_Hydromyza_livens_2301072_2844684824,http://creativecommons.org/licenses/by-nc-sa/4.0/
809177,2844684824,Scathophagidae_Hydromyza_livens_2301073_2844684824,http://creativecommons.org/licenses/by-nc-sa/4.0/
809574,3752444887,Scathophagidae_Microprosopa_frigida_3301755_3752444887,http://creativecommons.org/licenses/by-sa/4.0/
809575,3752444888,Scathophagidae_Americina_media_543563_3752444888,http://creativecommons.org/licenses/by-sa/4.0/
809576,3752444897,Scathophagidae_Delina_sellatum_543564_3752444897,http://creativecommons.org/licenses/by-sa/4.0/
809577,3752445484,Scathophagidae_Cleigastra_abdominalis_2611060_3752445484,http://creativecommons.org/licenses/by-sa/4.0/
809578,3752445485,Scathophagidae_Cleigastra_abdominalis_3301756_3752445485,http://creativecommons.org/licenses/by-sa/4.0/
809580,3752445565,Scathophagidae_Hydromyza_livens_2611061_3752445565,http://creativecommons.org/licenses/by-sa/4.0/
809582,3752445624,Scathophagidae_Microprosopa_haemorrhoidalis_3301757_3752445624,http://creativecommons.org/licenses/by-sa/4.0/
809583,3752445517,Scathophagidae_Gimnomera_dorsata_543565_3752445517,http://creativecommons.org/licenses/by-sa/4.0/
809584,3752445648,Scathophagidae_Microprosopa_paveli_543566_3752445648,http://creativecommons.org/licenses/by-sa/4.0/
809585,3752445497,Scathophagidae_Cordilura_hyalinipennis_1921968_3752445497,http://creativecommons.org/licenses/by-sa/4.0/
809586,3752445679,Scathophagidae_Pogonota_immunda_3301758_3752445679,http://creativecommons.org/licenses/by-sa/4.0/
809587,3752445650,Scathophagidae_Microprosopa_paveli_2611063_3752445650,http://creativecommons.org/licenses/by-sa/4.0/
809588,3752445622,Scathophagidae_Microprosopa_haemorrhoidalis_1921971_3752445622,http://creativecommons.org/licenses/by-sa/4.0/
809589,3752445614,Scathophagidae_Microprosopa_lineata_2611062_3752445614,http://creativecommons.org/licenses/by-sa/4.0/
809590,3752445703,Scathophagidae_Scathophaga_apicalis_1921974_3752445703,http://creativecommons.org/licenses/by-sa/4.0/
809592,3752445677,Scathophagidae_Cleigastra_pilosa_1921972_3752445677,http://creativecommons.org/licenses/by-sa/4.0/
809593,3752445738,Scathophagidae_Scathophaga_lutaria_543568_3752445738,http://creativecommons.org/licenses/by-sa/4.0/
809594,3752445714,Scathophagidae_Scathophaga_incola_3301759_3752445714,http://creativecommons.org/licenses/by-sa/4.0/
809595,3752445710,Scathophagidae_Pogonota_sahlbergi_543567_3752445710,http://creativecommons.org/licenses/by-sa/4.0/
809596,3752445777,Scathophagidae_Staegeria_kunzei_2611065_3752445777,http://creativecommons.org/licenses/by-sa/4.0/
809597,3752445744,Scathophagidae_Scathophaga_incola_1921975_3752445744,http://creativecommons.org/licenses/by-sa/4.0/
809598,3752445804,Scathophagidae_Trichopalpus_obscurellus_3301760_3752445804,http://creativecommons.org/licenses/by-sa/4.0/
809599,3752445799,Scathophagidae_Conisternum_tinctinerve_1921976_3752445799,http://creativecommons.org/licenses/by-sa/4.0/
809600,3752445775,Scathophagidae_Scathophaga_lutaria_1232473_3752445775,http://creativecommons.org/licenses/by-sa/4.0/
809601,3752445768,Scathophagidae_Scathophaga_pictipennis_2611064_3752445768,http://creativecommons.org/licenses/by-sa/4.0/
809602,3752445816,Scathophagidae_Cordilura_picticornis_1921977_3752445816,http://creativecommons.org/licenses/by-sa/4.0/
809603,3752445806,Scathophagidae_Cordilura_atrata_1232474_3752445806,http://creativecommons.org/licenses/by-sa/4.0/
809956,2247989633,Scathophagidae_Scathophaga_furcata_2895860_2247989633,© All rights reserved
809957,2247989633,Scathophagidae_Scathophaga_furcata_2895861_2247989633,© All rights reserved
810107,2540393729,Scathophagidae_Scathophaga_furcata_856806_2540393729,http://creativecommons.org/licenses/by-nc-sa/4.0/
810158,2468756946,Scathophagidae_Trichopalpus_punctipes_2232886_2468756946,© All rights reserved
810159,2468756946,Scathophagidae_Trichopalpus_punctipes_2232887_2468756946,© All rights reserved
810160,2468756946,Scathophagidae_Trichopalpus_punctipes_2232888_2468756946,© All rights reserved
811788,3728952049,Scathophagidae_Cordilura_albipes_3280418_3728952049,http://creativecommons.org/licenses/by-nc-nd/4.0/
811898,1966872090,Scathophagidae_Norellisoma_spinimanum_109947_1966872090,http://creativecommons.org/licenses/by-nc-nd/4.0/
812650,3826970020,Scathophagidae_Scathophaga_stercoraria_3328451_3826970020,http://creativecommons.org/licenses/by-nc-nd/4.0/
812761,1966711641,Scathophagidae_Coniosternum_decipiens_2868263_1966711641,http://creativecommons.org/licenses/by-nc-nd/4.0/
812762,1966711641,Scathophagidae_Coniosternum_decipiens_2868264_1966711641,http://creativecommons.org/licenses/by-nc-nd/4.0/
812797,3903921538,Scathophagidae_Cordilura_albilabris_1992097_3903921538,http://creativecommons.org/licenses/by-nc-nd/4.0/
812798,3903921538,Scathophagidae_Cordilura_albilabris_1992098_3903921538,http://creativecommons.org/licenses/by-nc-nd/4.0/
812931,1951014920,Scathophagidae_Norellia_spinipes_2845309_1951014920,http://creativecommons.org/licenses/by/4.0/
814404,1968683426,Scathophagidae_Scathophaga_stercoraria_1490431_1968683426,http://creativecommons.org/licenses/by-nc-nd/4.0/
815100,3720263153,Scathophagidae_Cordilura_albipes_1179444_3720263153,http://creativecommons.org/licenses/by-nc-nd/4.0/
815572,3825688194,Scathophagidae_Scathophaga_stercoraria_1255971_3825688194,http://creativecommons.org/licenses/by-nc-nd/4.0/
816471,3904043553,Scathophagidae_Norellisoma_spinimanum_614781_3904043553,http://creativecommons.org/licenses/by-nc-nd/4.0/
817836,3996783779,Scathophagidae_Hydromyza_livens_3428844_3996783779,http://creativecommons.org/licenses/by-nc-nd/4.0/
818860,3722546450,Scathophagidae_Scathophaga_stercoraria_3262637_3722546450,http://creativecommons.org/licenses/by-nc-nd/4.0/
819465,1965378456,Scathophagidae_Norellisoma_spinimanum_2865139_1965378456,http://creativecommons.org/licenses/by-nc-nd/4.0/
820562,1966808424,Scathophagidae_Cleigastra_apicalis_109835_1966808424,http://creativecommons.org/licenses/by-nc-nd/4.0/
820563,1966808424,Scathophagidae_Cleigastra_apicalis_109836_1966808424,http://creativecommons.org/licenses/by-nc-nd/4.0/
821031,1964952120,Scathophagidae_Scathophaga_stercoraria_2863740_1964952120,http://creativecommons.org/licenses/by-nc-nd/4.0/
821227,1952745689,Scathophagidae_Cordilura_ciliata_2157075_1952745689,http://creativecommons.org/licenses/by-nc-nd/4.0/
821357,1975188219,Scathophagidae_Trichopalpus_fraternus_1500693_1975188219,http://creativecommons.org/licenses/by-nc-nd/4.0/
821358,1975188219,Scathophagidae_Trichopalpus_fraternus_1500694_1975188219,http://creativecommons.org/licenses/by-nc-nd/4.0/
821359,1975188219,Scathophagidae_Trichopalpus_fraternus_1500695_1975188219,http://creativecommons.org/licenses/by-nc-nd/4.0/
822150,1977553302,Scathophagidae_Acerocnema_macrocera_125560_1977553302,http://creativecommons.org/licenses/by-nc-nd/4.0/
822151,1977553302,Scathophagidae_Acerocnema_macrocera_125561_1977553302,http://creativecommons.org/licenses/by-nc-nd/4.0/
823021,2833867377,Scathophagidae_Cordilura_albilabris_903228_2833867377,http://creativecommons.org/licenses/by-nc-nd/4.0/
824199,1966934657,Scathophagidae_Trichopalpus_fraternus_2178426_1966934657,http://creativecommons.org/licenses/by-nc-nd/4.0/
824200,1966934657,Scathophagidae_Trichopalpus_fraternus_2178427_1966934657,http://creativecommons.org/licenses/by-nc-nd/4.0/
824201,1966934657,Scathophagidae_Trichopalpus_fraternus_2178428_1966934657,http://creativecommons.org/licenses/by-nc-nd/4.0/
824202,1966934657,Scathophagidae_Trichopalpus_fraternus_2178429_1966934657,http://creativecommons.org/licenses/by-nc-nd/4.0/
824203,1966934657,Scathophagidae_Trichopalpus_fraternus_2178430_1966934657,http://creativecommons.org/licenses/by-nc-nd/4.0/
825124,3996713114,Scathophagidae_Scathophaga_stercoraria_670969_3996713114,http://creativecommons.org/licenses/by-nc-nd/4.0/
825415,1965213125,Scathophagidae_Norellisoma_spinimanum_105963_1965213125,http://creativecommons.org/licenses/by-nc-nd/4.0/
825597,3721374320,Scathophagidae_Scathophaga_stercoraria_1184973_3721374320,http://creativecommons.org/licenses/by-nc-nd/4.0/
826696,1975202982,Scathophagidae_Norellisoma_spinimanum_812416_1975202982,http://creativecommons.org/licenses/by-nc-nd/4.0/
826788,1958352929,Scathophagidae_Norellisoma_spinimanum_788342_1958352929,http://creativecommons.org/licenses/by-nc-nd/4.0/
828726,1953245643,Scathophagidae_Norellisoma_liturata_780432_1953245643,http://creativecommons.org/licenses/by-nc-nd/4.0/
828727,1953245643,Scathophagidae_Norellisoma_liturata_780433_1953245643,http://creativecommons.org/licenses/by-nc-nd/4.0/
828967,3995538835,Scathophagidae_Scathophaga_stercoraria_3424390_3995538835,http://creativecommons.org/licenses/by-nc-nd/4.0/
829159,3997025945,Scathophagidae_Scathophaga_stercoraria_1360375_3997025945,http://creativecommons.org/licenses/by-nc/4.0/
831662,1961777937,Scathophagidae_Norellia_spinipes_102563_1961777937,http://creativecommons.org/licenses/by-nc-nd/4.0/
831990,1963584155,Scathophagidae_Norellia_spinipes_1483242_1963584155,http://creativecommons.org/publicdomain/zero/1.0/
831991,1963584155,Scathophagidae_Norellia_spinipes_1483243_1963584155,http://creativecommons.org/publicdomain/zero/1.0/
832102,1955395120,Scathophagidae_Hydromyza_livens_783320_1955395120,http://creativecommons.org/licenses/by-nc-nd/4.0/
833349,3730872759,Scathophagidae_Scathophaga_stercoraria_1219060_3730872759,http://creativecommons.org/licenses/by-nc/4.0/
834336,2833897242,Scathophagidae_Cordilura_albilabris_212932_2833897242,http://creativecommons.org/licenses/by-nc-nd/4.0/
835714,1956135984,Scathophagidae_Scathophaga_stercoraria_1473617_1956135984,http://creativecommons.org/licenses/by-nc-nd/4.0/
836949,1953479006,Scathophagidae_Norellisoma_spinimanum_2158705_1953479006,http://creativecommons.org/licenses/by-nc-nd/4.0/
837549,2845548559,Scathophagidae_Gimnomera_tarsea_235132_2845548559,http://creativecommons.org/licenses/by-nc-nd/4.0/
837550,2845548559,Scathophagidae_Gimnomera_tarsea_235133_2845548559,http://creativecommons.org/licenses/by-nc-nd/4.0/
837551,2845548559,Scathophagidae_Gimnomera_tarsea_235134_2845548559,http://creativecommons.org/licenses/by-nc-nd/4.0/
837552,2845548559,Scathophagidae_Gimnomera_tarsea_235135_2845548559,http://creativecommons.org/licenses/by-nc-nd/4.0/
837553,2845548559,Scathophagidae_Gimnomera_tarsea_235136_2845548559,http://creativecommons.org/licenses/by-nc-nd/4.0/
837554,2845548559,Scathophagidae_Gimnomera_tarsea_235137_2845548559,http://creativecommons.org/licenses/by-nc-nd/4.0/
837555,2845548559,Scathophagidae_Gimnomera_tarsea_235138_2845548559,http://creativecommons.org/licenses/by-nc-nd/4.0/
837886,2837066068,Scathophagidae_Hydromyza_livens_1597903_2837066068,http://creativecommons.org/licenses/by-nc-sa/4.0/
839192,3824612458,Scathophagidae_Cleigastra_apicalis_564605_3824612458,http://creativecommons.org/licenses/by-nc-nd/4.0/
839340,2834155233,Scathophagidae_Cordilura_albilabris_2281997_2834155233,http://creativecommons.org/licenses/by-nc-nd/4.0/
839418,3996511895,Scathophagidae_Hydromyza_livens_2047552_3996511895,http://creativecommons.org/licenses/by-nc-nd/4.0/
840067,1955497676,Scathophagidae_Americina_media_93135_1955497676,http://creativecommons.org/licenses/by-nc-nd/4.0/
842332,1965102123,Scathophagidae_Scathophaga_stercoraria_105505_1965102123,http://creativecommons.org/licenses/by-nc-nd/4.0/
843002,1955703422,Scathophagidae_Cordilura_ciliata_2851946_1955703422,http://creativecommons.org/licenses/by-nc-nd/4.0/
843003,1955703422,Scathophagidae_Cordilura_ciliata_2851947_1955703422,http://creativecommons.org/licenses/by-nc-nd/4.0/
843681,2834298249,Scathophagidae_Cordilura_albilabris_2282635_2834298249,http://creativecommons.org/licenses/by-nc-nd/4.0/
844538,1968946574,Scathophagidae_Norellisoma_spinimanum_2180051_1968946574,http://creativecommons.org/licenses/by-nc/4.0/
844539,1968946574,Scathophagidae_Norellisoma_spinimanum_2180052_1968946574,http://creativecommons.org/licenses/by-nc/4.0/
844935,3995540149,Scathophagidae_Hydromyza_livens_667024_3995540149,http://creativecommons.org/licenses/by-nc-nd/4.0/
844936,3995540149,Scathophagidae_Hydromyza_livens_667025_3995540149,http://creativecommons.org/licenses/by-nc-nd/4.0/
845976,2842940912,Scathophagidae_Norellisoma_spinimanum_1608627_2842940912,http://creativecommons.org/licenses/by-nc-nd/4.0/
846698,1951970990,Scathophagidae_Scathophaga_furcata_1466775_1951970990,http://creativecommons.org/licenses/by-nc/4.0/
846933,3827249333,Scathophagidae_Scathophaga_stercoraria_2638462_3827249333,http://creativecommons.org/licenses/by-nc-nd/4.0/
847329,1958252073,Scathophagidae_Norellisoma_spinimanum_97564_1958252073,http://creativecommons.org/licenses/by-nc-nd/4.0/
847330,1958252073,Scathophagidae_Norellisoma_spinimanum_97565_1958252073,http://creativecommons.org/licenses/by-nc-nd/4.0/
849048,1955701089,Scathophagidae_Scathophaga_furcata_784209_1955701089,http://creativecommons.org/licenses/by-nc-nd/4.0/
851431,2840689014,Scathophagidae_Hydromyza_livens_2292370_2840689014,http://creativecommons.org/licenses/by-nc-sa/4.0/
851432,2840689014,Scathophagidae_Hydromyza_livens_2292371_2840689014,http://creativecommons.org/licenses/by-nc-sa/4.0/
851433,2840689014,Scathophagidae_Hydromyza_livens_2292372_2840689014,http://creativecommons.org/licenses/by-nc-sa/4.0/
851468,1965224411,Scathophagidae_Norellisoma_spinimanum_106081_1965224411,http://creativecommons.org/licenses/by-nc-nd/4.0/
851896,1971898615,Scathophagidae_Scathophaga_furcata_2875034_1971898615,http://creativecommons.org/licenses/by-nc-nd/4.0/
851897,1971898615,Scathophagidae_Scathophaga_furcata_2875035_1971898615,http://creativecommons.org/licenses/by-nc-nd/4.0/
851898,1971898615,Scathophagidae_Scathophaga_furcata_2875036_1971898615,http://creativecommons.org/licenses/by-nc-nd/4.0/
851899,1971898615,Scathophagidae_Scathophaga_furcata_2875037_1971898615,http://creativecommons.org/licenses/by-nc-nd/4.0/
851938,1964005450,Scathophagidae_Norellia_spinipes_2862602_1964005450,http://creativecommons.org/licenses/by-nc-sa/4.0/
851939,1964005450,Scathophagidae_Norellia_spinipes_2862603_1964005450,http://creativecommons.org/licenses/by-nc-sa/4.0/
851940,1964005450,Scathophagidae_Norellia_spinipes_2862604_1964005450,http://creativecommons.org/licenses/by-nc-sa/4.0/
851941,1964005450,Scathophagidae_Norellia_spinipes_2862605_1964005450,http://creativecommons.org/licenses/by-nc-sa/4.0/
853277,2834176706,Scathophagidae_Hydromyza_livens_904442_2834176706,http://creativecommons.org/publicdomain/zero/1.0/
853709,2842214396,Scathophagidae_Norellisoma_spinimanum_1606739_2842214396,http://creativecommons.org/licenses/by-nc-nd/4.0/
854416,3995559450,Scathophagidae_Hydromyza_livens_667067_3995559450,http://creativecommons.org/licenses/by-nc-nd/4.0/
855124,1958138336,Scathophagidae_Scathophaga_furcata_97374_1958138336,http://creativecommons.org/licenses/by-nc-nd/4.0/
855125,1958138336,Scathophagidae_Scathophaga_furcata_97375_1958138336,http://creativecommons.org/licenses/by-nc-nd/4.0/
855126,1958138336,Scathophagidae_Scathophaga_furcata_97376_1958138336,http://creativecommons.org/licenses/by-nc-nd/4.0/
855127,1958138336,Scathophagidae_Scathophaga_furcata_97377_1958138336,http://creativecommons.org/licenses/by-nc-nd/4.0/
855128,1958138336,Scathophagidae_Scathophaga_furcata_97378_1958138336,http://creativecommons.org/licenses/by-nc-nd/4.0/
855436,3720385946,Scathophagidae_Cordilura_albipes_1179833_3720385946,http://creativecommons.org/licenses/by-nc/4.0/
855437,3720385946,Scathophagidae_Cordilura_albipes_1179834_3720385946,http://creativecommons.org/licenses/by-nc/4.0/
855643,1966969118,Scathophagidae_Coniosternum_decipiens_2178474_1966969118,http://creativecommons.org/licenses/by-nc-nd/4.0/
856408,2843916331,Scathophagidae_Ceratinostoma_ostiorum_2299167_2843916331,http://creativecommons.org/licenses/by-nc-nd/4.0/
856409,2843916331,Scathophagidae_Ceratinostoma_ostiorum_2299168_2843916331,http://creativecommons.org/licenses/by-nc-nd/4.0/
856410,2843916331,Scathophagidae_Ceratinostoma_ostiorum_2299169_2843916331,http://creativecommons.org/licenses/by-nc-nd/4.0/
856411,2843916331,Scathophagidae_Ceratinostoma_ostiorum_2299170_2843916331,http://creativecommons.org/licenses/by-nc-nd/4.0/
856412,2843916331,Scathophagidae_Ceratinostoma_ostiorum_2299171_2843916331,http://creativecommons.org/licenses/by-nc-nd/4.0/
856413,2843916331,Scathophagidae_Ceratinostoma_ostiorum_2299172_2843916331,http://creativecommons.org/licenses/by-nc-nd/4.0/
857365,3724886985,Scathophagidae_Cordilura_albipes_1197847_3724886985,http://creativecommons.org/licenses/by-nc-nd/4.0/
857676,3996245834,Scathophagidae_Hydromyza_livens_3426881_3996245834,http://creativecommons.org/licenses/by/4.0/
857779,3822771334,Scathophagidae_Scathophaga_stercoraria_560134_3822771334,http://creativecommons.org/licenses/by-nc-nd/4.0/
858574,1965219520,Scathophagidae_Norellisoma_spinimanum_106024_1965219520,http://creativecommons.org/licenses/by-nc-nd/4.0/
858969,1957975200,Scathophagidae_Hydromyza_livens_2165448_1957975200,http://creativecommons.org/licenses/by-nc-sa/4.0/
858970,1957975200,Scathophagidae_Hydromyza_livens_2165449_1957975200,http://creativecommons.org/licenses/by-nc-sa/4.0/
859286,1974044188,Scathophagidae_Norellia_spinipes_1499577_1974044188,http://creativecommons.org/licenses/by-nc-nd/4.0/
859287,1974044188,Scathophagidae_Norellia_spinipes_1499578_1974044188,http://creativecommons.org/licenses/by-nc-nd/4.0/
859685,1969362629,Scathophagidae_Micropselapha_filiformis_1491638_1969362629,http://creativecommons.org/licenses/by-nc-nd/4.0/
859907,3726376292,Scathophagidae_Hydromyza_livens_513134_3726376292,http://creativecommons.org/licenses/by-nc-nd/4.0/
859908,3726376292,Scathophagidae_Hydromyza_livens_513135_3726376292,http://creativecommons.org/licenses/by-nc-nd/4.0/
860187,3727634753,Scathophagidae_Hydromyza_livens_1896777_3727634753,http://creativecommons.org/licenses/by-nc-nd/4.0/
860284,3730379693,Scathophagidae_Hydromyza_livens_2594878_3730379693,http://creativecommons.org/licenses/by-nc-nd/4.0/
860335,3731325557,Scathophagidae_Scathophaga_stercoraria_1221650_3731325557,http://creativecommons.org/licenses/by-nc-nd/4.0/
860442,3995561814,Scathophagidae_Hydromyza_livens_2044237_3995561814,http://creativecommons.org/licenses/by-nc-nd/4.0/
861119,1975896008,Scathophagidae_Coniosternum_decipiens_2880598_1975896008,http://creativecommons.org/licenses/by-nc-nd/4.0/
861591,3723127292,Scathophagidae_Scathophaga_stercoraria_3265253_3723127292,http://creativecommons.org/licenses/by-nc-nd/4.0/
862364,2834365634,Scathophagidae_Hydromyza_livens_905268_2834365634,http://creativecommons.org/licenses/by-sa/4.0/
863606,1973608249,Scathophagidae_Trichopalpus_fraternus_2187711_1973608249,http://creativecommons.org/licenses/by-nc-nd/4.0/
864005,1953868991,Scathophagidae_Ceratinostoma_ostiorum_2159171_1953868991,http://creativecommons.org/licenses/by-nc-nd/4.0/
864006,1953868991,Scathophagidae_Ceratinostoma_ostiorum_2159172_1953868991,http://creativecommons.org/licenses/by-nc-nd/4.0/
864007,1953868991,Scathophagidae_Ceratinostoma_ostiorum_2159173_1953868991,http://creativecommons.org/licenses/by-nc-nd/4.0/
864008,1953868991,Scathophagidae_Ceratinostoma_ostiorum_2159174_1953868991,http://creativecommons.org/licenses/by-nc-nd/4.0/
864009,1953868991,Scathophagidae_Ceratinostoma_ostiorum_2159175_1953868991,http://creativecommons.org/licenses/by-nc-nd/4.0/
866334,1977522611,Scathophagidae_Acerocnema_macrocera_2883822_1977522611,http://creativecommons.org/licenses/by-nc-nd/4.0/
866997,2834582261,Scathophagidae_Trichopalpus_fraternus_2283543_2834582261,http://creativecommons.org/licenses/by-nc-nd/4.0/
867864,1951697157,Scathophagidae_Norellisoma_suilla_2155497_1951697157,http://creativecommons.org/licenses/by-nc-nd/4.0/
867865,1951697157,Scathophagidae_Norellisoma_suilla_2155498_1951697157,http://creativecommons.org/licenses/by-nc-nd/4.0/
868572,2842759683,Scathophagidae_Hydromyza_livens_229213_2842759683,http://creativecommons.org/licenses/by-nc-sa/4.0/
868631,1976549833,Scathophagidae_Hydromyza_livens_2191780_1976549833,http://creativecommons.org/licenses/by-nc-nd/4.0/
869227,1976467615,Scathophagidae_Trichopalpus_punctipes_123187_1976467615,http://creativecommons.org/licenses/by-nc-nd/4.0/
869228,1976467615,Scathophagidae_Trichopalpus_punctipes_123188_1976467615,http://creativecommons.org/licenses/by-nc-nd/4.0/
869229,1976467615,Scathophagidae_Trichopalpus_punctipes_123189_1976467615,http://creativecommons.org/licenses/by-nc-nd/4.0/
869230,1976467615,Scathophagidae_Trichopalpus_punctipes_123190_1976467615,http://creativecommons.org/licenses/by-nc-nd/4.0/
870436,1976472750,Scathophagidae_Norellisoma_spinimanum_813921_1976472750,http://creativecommons.org/licenses/by-nc-nd/4.0/
870625,3731489713,Scathophagidae_Scathophaga_stercoraria_1222554_3731489713,http://creativecommons.org/licenses/by-nc-nd/4.0/
871014,1965120292,Scathophagidae_Scathophaga_stercoraria_1484835_1965120292,http://creativecommons.org/licenses/by-nc-nd/4.0/
871288,1976461417,Scathophagidae_Hydromyza_livens_2881570_1976461417,http://creativecommons.org/licenses/by-nc-nd/4.0/
871432,1959308991,Scathophagidae_Norellisoma_spinimanum_1477948_1959308991,http://creativecommons.org/licenses/by-nc-nd/4.0/
871434,1959308991,Scathophagidae_Norellisoma_spinimanum_1477950_1959308991,http://creativecommons.org/licenses/by-nc-nd/4.0/
871435,1959308991,Scathophagidae_Norellisoma_spinimanum_1477951_1959308991,http://creativecommons.org/licenses/by-nc-nd/4.0/
874991,3725670271,Scathophagidae_Scathophaga_stercoraria_2577868_3725670271,http://creativecommons.org/licenses/by-nc-nd/4.0/
875285,3721813201,Scathophagidae_Hydromyza_livens_1877621_3721813201,http://creativecommons.org/licenses/by-nc-nd/4.0/
875286,3721813201,Scathophagidae_Hydromyza_livens_1877622_3721813201,http://creativecommons.org/licenses/by-nc-nd/4.0/
875879,2841195966,Scathophagidae_Scathophaga_stercoraria_1603893_2841195966,http://creativecommons.org/licenses/by-nc-sa/4.0/
876150,2838299407,Scathophagidae_Trichopalpus_fraternus_2289805_2838299407,http://creativecommons.org/licenses/by-nc-nd/4.0/
876210,3995206773,Scathophagidae_Hydromyza_livens_2043027_3995206773,http://creativecommons.org/licenses/by-nd/4.0/
877811,1950966481,Scathophagidae_Scathophaga_furcata_777555_1950966481,http://creativecommons.org/licenses/by-nc-nd/4.0/
878747,2841234419,Scathophagidae_Cordilura_albipes_2983683_2841234419,http://creativecommons.org/licenses/by-nc-nd/4.0/
878748,2841234419,Scathophagidae_Cordilura_albipes_2983684_2841234419,http://creativecommons.org/licenses/by-nc-nd/4.0/
878749,2841234419,Scathophagidae_Cordilura_albipes_2983685_2841234419,http://creativecommons.org/licenses/by-nc-nd/4.0/
878998,2833407657,Scathophagidae_Trichopalpus_fraternus_1591245_2833407657,http://creativecommons.org/licenses/by-nc-nd/4.0/
878999,2833407657,Scathophagidae_Trichopalpus_fraternus_1591246_2833407657,http://creativecommons.org/licenses/by-nc-nd/4.0/
879392,3732665046,Scathophagidae_Scathophaga_stercoraria_1917805_3732665046,http://creativecommons.org/licenses/by-nc-nd/4.0/
879412,2838201219,Scathophagidae_Trichopalpus_fraternus_1600427_2838201219,http://creativecommons.org/licenses/by-nc-nd/4.0/
879592,3904358157,Scathophagidae_Trichopalpus_fraternus_3374847_3904358157,http://creativecommons.org/licenses/by-nc-nd/4.0/
879593,3904358157,Scathophagidae_Trichopalpus_fraternus_3374848_3904358157,http://creativecommons.org/licenses/by-nc-nd/4.0/
880055,1959900705,Scathophagidae_Cleigastra_apicalis_2168531_1959900705,http://creativecommons.org/licenses/by-nc-nd/4.0/
880210,3721907134,Scathophagidae_Scathophaga_stercoraria_1188921_3721907134,http://creativecommons.org/licenses/by-nc-nd/4.0/
880636,3823786174,Scathophagidae_Norellisoma_spinimanum_3320547_3823786174,http://creativecommons.org/licenses/by-nc-nd/4.0/
881542,2838154461,Scathophagidae_Hydromyza_livens_2289426_2838154461,http://creativecommons.org/licenses/by-nc-nd/4.0/
881797,3904672460,Scathophagidae_Norellisoma_spinimanum_618847_3904672460,http://creativecommons.org/licenses/by-nc-nd/4.0/
882377,2844926012,Scathophagidae_Cordilura_ciliata_924153_2844926012,http://creativecommons.org/licenses/by-nc-nd/4.0/
884313,1977211117,Scathophagidae_Coniosternum_decipiens_125037_1977211117,http://creativecommons.org/licenses/by-nc/4.0/
884689,3995492834,Scathophagidae_Scathophaga_stercoraria_2044018_3995492834,http://creativecommons.org/licenses/by-nc-nd/4.0/
886280,3721410173,Scathophagidae_Scathophaga_stercoraria_2564183_3721410173,http://creativecommons.org/licenses/by-nc-sa/4.0/
886540,1977295882,Scathophagidae_Norellisoma_spinimanum_815876_1977295882,http://creativecommons.org/licenses/by-nc-nd/4.0/
886566,2845508386,Scathophagidae_Trichopalpus_fraternus_2993618_2845508386,http://creativecommons.org/licenses/by-nc-nd/4.0/
886797,3329785301,Scathophagidae_Pogonota_caudata_301323_3329785301,© All rights reserved
886798,3329785301,Scathophagidae_Pogonota_caudata_301324_3329785301,© All rights reserved
886799,3329785301,Scathophagidae_Pogonota_caudata_301325_3329785301,© All rights reserved
886800,3329785301,Scathophagidae_Pogonota_caudata_301326_3329785301,© All rights reserved
886801,3329785301,Scathophagidae_Pogonota_caudata_301327_3329785301,© All rights reserved
886802,3329785301,Scathophagidae_Pogonota_caudata_301328_3329785301,© All rights reserved
886803,3329785301,Scathophagidae_Pogonota_caudata_301329_3329785301,© All rights reserved
886947,3303429704,Scathophagidae_Scathophaga_furcata_2360006_3303429704,© All rights reserved
887030,3080140316,Scathophagidae_Scathophaga_furcata_1656850_3080140316,© All rights reserved
887031,3080140316,Scathophagidae_Scathophaga_furcata_1656851_3080140316,© All rights reserved
887032,3080140316,Scathophagidae_Scathophaga_furcata_1656852_3080140316,© All rights reserved
887033,3080140316,Scathophagidae_Scathophaga_furcata_1656853_3080140316,© All rights reserved
887297,2406487185,Scathophagidae_Scathophaga_furcata_153493_2406487185,http://creativecommons.org/licenses/by-nc-sa/4.0/
887355,3303204631,Scathophagidae_Cleigastra_apicalis_2359862_3303204631,http://creativecommons.org/licenses/by-nc-sa/4.0/
887356,3303204631,Scathophagidae_Cleigastra_apicalis_2359863_3303204631,http://creativecommons.org/licenses/by-nc-sa/4.0/
887357,3303204631,Scathophagidae_Cleigastra_apicalis_2359864_3303204631,http://creativecommons.org/licenses/by-nc-sa/4.0/
888132,1958203300,Scathophagidae_Cordilura_albilabris_2855803_1958203300,http://creativecommons.org/licenses/by-nc-nd/4.0/
888700,3826719313,Scathophagidae_Scathophaga_stercoraria_569185_3826719313,http://creativecommons.org/licenses/by-nc-nd/4.0/
889576,1976805939,Scathophagidae_Cordilura_albipes_124081_1976805939,http://creativecommons.org/licenses/by-nc/4.0/
889657,2844830349,Scathophagidae_Norellisoma_spinimanum_2301605_2844830349,http://creativecommons.org/licenses/by-nc-nd/4.0/
890480,3721745710,Scathophagidae_Scathophaga_stercoraria_1187693_3721745710,http://creativecommons.org/licenses/by-nc-nd/4.0/
890705,3825639003,Scathophagidae_Micropselapha_filiformis_1255860_3825639003,http://creativecommons.org/licenses/by-nc-nd/4.0/
890706,3825639003,Scathophagidae_Micropselapha_filiformis_1255861_3825639003,http://creativecommons.org/licenses/by-nc-nd/4.0/
891590,1969658727,Scathophagidae_Norellisoma_spinimanum_2871833_1969658727,http://creativecommons.org/licenses/by-nc-nd/4.0/
891991,1954440050,Scathophagidae_Norellia_spinipes_781527_1954440050,http://creativecommons.org/licenses/by-nc-nd/4.0/
891992,1954440050,Scathophagidae_Norellia_spinipes_781528_1954440050,http://creativecommons.org/licenses/by-nc-nd/4.0/
892690,3822932397,Scathophagidae_Scathophaga_stercoraria_2628016_3822932397,http://creativecommons.org/licenses/by-nc-nd/4.0/
893081,2837137911,Scathophagidae_Trichopalpus_fraternus_2287066_2837137911,http://creativecommons.org/licenses/by-nc-nd/4.0/
893082,2837137911,Scathophagidae_Trichopalpus_fraternus_2287067_2837137911,http://creativecommons.org/licenses/by-nc-nd/4.0/
893352,1975645608,Scathophagidae_Scathophaga_stercoraria_1500944_1975645608,http://creativecommons.org/licenses/by-nc/4.0/
894096,2840378269,Scathophagidae_Coniosternum_decipiens_223873_2840378269,http://creativecommons.org/licenses/by-nc-nd/4.0/
895196,3996428240,Scathophagidae_Hydromyza_livens_2737395_3996428240,http://creativecommons.org/licenses/by-nc-nd/4.0/
897170,1955355881,Scathophagidae_Hydromyza_livens_783198_1955355881,http://creativecommons.org/licenses/by-nc-sa/4.0/
897171,1955355881,Scathophagidae_Hydromyza_livens_783199_1955355881,http://creativecommons.org/licenses/by-nc-sa/4.0/
897427,3903901727,Scathophagidae_Norellisoma_spinimanum_613787_3903901727,http://creativecommons.org/licenses/by-nc-nd/4.0/
897429,3903901727,Scathophagidae_Norellisoma_spinimanum_613789_3903901727,http://creativecommons.org/licenses/by-nc-nd/4.0/
897826,3727916515,Scathophagidae_Acerocnema_macrocera_1208335_3727916515,http://creativecommons.org/licenses/by-nc-nd/4.0/
897827,3727916515,Scathophagidae_Acerocnema_macrocera_1208336_3727916515,http://creativecommons.org/licenses/by-nc-nd/4.0/
898900,2836479377,Scathophagidae_Cordilura_albilabris_217588_2836479377,http://creativecommons.org/licenses/by-nc-nd/4.0/
900064,1961032387,Scathophagidae_Trichopalpus_fraternus_2169650_1961032387,http://creativecommons.org/licenses/by-nc-nd/4.0/
900766,1960713844,Scathophagidae_Spaziphora_hydromyzina_2859217_1960713844,http://creativecommons.org/licenses/by-nc/4.0/
900767,1960713844,Scathophagidae_Spaziphora_hydromyzina_2859218_1960713844,http://creativecommons.org/licenses/by-nc/4.0/
902016,2844270209,Scathophagidae_Norellisoma_spinimanum_922158_2844270209,http://creativecommons.org/licenses/by/4.0/
904213,2839946958,Scathophagidae_Norellisoma_suilla_913791_2839946958,http://creativecommons.org/licenses/by-nc-nd/4.0/
904214,2839946958,Scathophagidae_Norellisoma_suilla_913792_2839946958,http://creativecommons.org/licenses/by-nc-nd/4.0/
905314,1955645624,Scathophagidae_Norellisoma_spinimanum_2161874_1955645624,http://creativecommons.org/licenses/by-nc-nd/4.0/
906342,1967138301,Scathophagidae_Scathophaga_litorea_801021_1967138301,http://creativecommons.org/licenses/by-nc-nd/4.0/
906343,1967138301,Scathophagidae_Scathophaga_litorea_801022_1967138301,http://creativecommons.org/licenses/by-nc-nd/4.0/
906344,1967138301,Scathophagidae_Scathophaga_litorea_801023_1967138301,http://creativecommons.org/licenses/by-nc-nd/4.0/
906496,3825671985,Scathophagidae_Scathophaga_stercoraria_1255938_3825671985,http://creativecommons.org/licenses/by-nc-nd/4.0/
906975,1953526688,Scathophagidae_Scathophaga_furcata_1469660_1953526688,http://creativecommons.org/licenses/by-nc-nd/4.0/
908351,3720286916,Scathophagidae_Scathophaga_stercoraria_2558445_3720286916,http://creativecommons.org/licenses/by-nc-nd/4.0/
910425,1957975253,Scathophagidae_Hydromyza_livens_787597_1957975253,http://creativecommons.org/licenses/by-nc-sa/4.0/
910941,3827475036,Scathophagidae_Scathophaga_stercoraria_3329979_3827475036,http://creativecommons.org/licenses/by-nc-nd/4.0/
911070,1966711449,Scathophagidae_Americina_media_109686_1966711449,http://creativecommons.org/licenses/by-nc-nd/4.0/
911218,1960255514,Scathophagidae_Trichopalpus_fraternus_2859057_1960255514,http://creativecommons.org/licenses/by-nc-nd/4.0/
911309,3719997294,Scathophagidae_Scathophaga_stercoraria_1178797_3719997294,http://creativecommons.org/licenses/by-nc-nd/4.0/
912168,2833092961,Scathophagidae_Trichopalpus_fraternus_211355_2833092961,http://creativecommons.org/licenses/by-nc-nd/4.0/
912985,2410124853,Scathophagidae_Cordilura_ciliata_154372_2410124853,http://creativecommons.org/licenses/by-nc-sa/4.0/
913059,2405851441,Scathophagidae_Cordilura_albipes_2911914_2405851441,© All rights reserved
913150,1823801723,Scathophagidae_Cordilura_ciliata_1435886_1823801723,http://creativecommons.org/licenses/by-nc-sa/4.0/
913230,3408484346,Scathophagidae_Norellisoma_suilla_332065_3408484346,http://creativecommons.org/licenses/by/4.0/
913550,3893250388,Scathophagidae_Norellisoma_spinimanum_3362518_3893250388,© All rights reserved
913590,4020687370,Scathophagidae_Norellisoma_suilla_682268_4020687370,http://creativecommons.org/licenses/by/4.0/
913620,3431122661,Scathophagidae_Hydromyza_livens_336916_3431122661,© all rights reserved
914369,2834304718,Scathophagidae_Hydromyza_livens_1593778_2834304718,http://creativecommons.org/licenses/by-nc-sa/4.0/
914370,2834304718,Scathophagidae_Hydromyza_livens_1593779_2834304718,http://creativecommons.org/licenses/by-nc-sa/4.0/
914747,3730542729,Scathophagidae_Hydromyza_livens_528268_3730542729,http://creativecommons.org/licenses/by-nc-nd/4.0/
914748,3730542729,Scathophagidae_Hydromyza_livens_528269_3730542729,http://creativecommons.org/licenses/by-nc-nd/4.0/
914750,3730542729,Scathophagidae_Hydromyza_livens_528271_3730542729,http://creativecommons.org/licenses/by-nc-nd/4.0/
914751,3730542729,Scathophagidae_Hydromyza_livens_528272_3730542729,http://creativecommons.org/licenses/by-nc-nd/4.0/
915818,2833224286,Scathophagidae_Hydromyza_livens_1590893_2833224286,http://creativecommons.org/licenses/by-nc-nd/4.0/
915819,2833224286,Scathophagidae_Hydromyza_livens_1590894_2833224286,http://creativecommons.org/licenses/by-nc-nd/4.0/
915980,1972870948,Scathophagidae_Hydromyza_livens_2876571_1972870948,http://creativecommons.org/licenses/by-nc/4.0/
917481,1965406212,Scathophagidae_Norellisoma_spinimanum_797285_1965406212,http://creativecommons.org/licenses/by-nc-nd/4.0/
917840,2845245691,Scathophagidae_Hydromyza_livens_924828_2845245691,http://creativecommons.org/licenses/by-nc-sa/4.0/
917841,2845245691,Scathophagidae_Hydromyza_livens_924829_2845245691,http://creativecommons.org/licenses/by-nc-sa/4.0/
918458,2842556191,Scathophagidae_Norellisoma_spinimanum_2987212_2842556191,http://creativecommons.org/licenses/by-nc-nd/4.0/
919712,1955404626,Scathophagidae_Trichopalpus_punctipes_2161112_1955404626,http://creativecommons.org/licenses/by-nc-nd/4.0/
919862,2832882520,Scathophagidae_Cleigastra_fasciata_1590529_2832882520,http://creativecommons.org/licenses/by-nc-nd/4.0/
920389,2841507764,Scathophagidae_Cordilura_ciliata_225762_2841507764,http://creativecommons.org/licenses/by-nc-nd/4.0/
920766,1963457184,Scathophagidae_Scathophaga_stercoraria_2172312_1963457184,http://creativecommons.org/licenses/by-nc-nd/4.0/
921157,3730198281,Scathophagidae_Scathophaga_stercoraria_526428_3730198281,http://creativecommons.org/licenses/by-nc-nd/4.0/
921805,3996490877,Scathophagidae_Scathophaga_stercoraria_2737587_3996490877,http://creativecommons.org/licenses/by-nc-nd/4.0/
922367,3873090487,Scathophagidae_Americina_vittatum_1967446_3873090487,http://creativecommons.org/licenses/by-nc/4.0/
922368,3873090487,Scathophagidae_Americina_vittatum_1967447_3873090487,http://creativecommons.org/licenses/by-nc/4.0/
922748,1990526760,Scathophagidae_Scathophaga_stercoraria_2890511_1990526760,http://creativecommons.org/licenses/by-nc/4.0/
923639,3888745953,Scathophagidae_Hydromyza_livens_2666913_3888745953,http://creativecommons.org/licenses/by-nc/4.0/
924616,2988522836,Scathophagidae_Norellia_spinipes_947732_2988522836,http://creativecommons.org/licenses/by-nc/4.0/
924880,2405275709,Scathophagidae_Cordilura_picipes_843469_2405275709,© All rights reserved
924952,3866376342,Scathophagidae_Cordilura_ciliata_3346353_3866376342,© All rights reserved
924953,2981517458,Scathophagidae_Scathophaga_furcata_1634630_2981517458,© All rights reserved
925066,2815334871,Scathophagidae_Scathophaga_stercoraria_2964414_2815334871,© All rights reserved
925433,1975975181,Scathophagidae_Cordilura_albipes_2880764_1975975181,http://creativecommons.org/licenses/by-nc-nd/4.0/
925434,1975975181,Scathophagidae_Cordilura_albipes_2880765_1975975181,http://creativecommons.org/licenses/by-nc-nd/4.0/
925435,1975975181,Scathophagidae_Cordilura_albipes_2880766_1975975181,http://creativecommons.org/licenses/by-nc-nd/4.0/
925436,1975975181,Scathophagidae_Cordilura_albipes_2880767_1975975181,http://creativecommons.org/licenses/by-nc-nd/4.0/
925535,3730161420,Scathophagidae_Hydromyza_livens_526244_3730161420,http://creativecommons.org/licenses/by-nc-nd/4.0/
926425,1977027486,Scathophagidae_Ceratinostoma_ostiorum_2882967_1977027486,http://creativecommons.org/licenses/by-nc-nd/4.0/
926426,1977027486,Scathophagidae_Ceratinostoma_ostiorum_2882968_1977027486,http://creativecommons.org/licenses/by-nc-nd/4.0/
926427,1977027486,Scathophagidae_Ceratinostoma_ostiorum_2882969_1977027486,http://creativecommons.org/licenses/by-nc-nd/4.0/
926428,1977027486,Scathophagidae_Ceratinostoma_ostiorum_2882970_1977027486,http://creativecommons.org/licenses/by-nc-nd/4.0/
926429,1977027486,Scathophagidae_Ceratinostoma_ostiorum_2882971_1977027486,http://creativecommons.org/licenses/by-nc-nd/4.0/
926430,1977027486,Scathophagidae_Ceratinostoma_ostiorum_2882972_1977027486,http://creativecommons.org/licenses/by-nc-nd/4.0/
926564,1952499129,Scathophagidae_Scathophaga_furcata_2156519_1952499129,http://creativecommons.org/licenses/by-nc-nd/4.0/
928120,1974297184,Scathophagidae_Norellisoma_spinimanum_2189253_1974297184,http://creativecommons.org/licenses/by-nc-nd/4.0/
928121,1974297184,Scathophagidae_Norellisoma_spinimanum_2189254_1974297184,http://creativecommons.org/licenses/by-nc-nd/4.0/
930504,1972661064,Scathophagidae_Trichopalpus_fraternus_808221_1972661064,http://creativecommons.org/licenses/by-nc-nd/4.0/
930615,2835411455,Scathophagidae_Norellia_spinipes_1595825_2835411455,http://creativecommons.org/licenses/by-nc/4.0/
930616,2835411455,Scathophagidae_Norellia_spinipes_1595826_2835411455,http://creativecommons.org/licenses/by-nc/4.0/
930690,3715445651,Scathophagidae_Scathophaga_litorea_2544076_3715445651,http://creativecommons.org/licenses/by-nc-nd/4.0/
930691,3715445651,Scathophagidae_Scathophaga_litorea_2544077_3715445651,http://creativecommons.org/licenses/by-nc-nd/4.0/
930692,3715445651,Scathophagidae_Scathophaga_litorea_2544078_3715445651,http://creativecommons.org/licenses/by-nc-nd/4.0/
930706,2834485180,Scathophagidae_Hydromyza_livens_215255_2834485180,http://creativecommons.org/licenses/by-nc-sa/4.0/
930707,2834485180,Scathophagidae_Hydromyza_livens_215256_2834485180,http://creativecommons.org/licenses/by-nc-sa/4.0/
931340,1971008088,Scathophagidae_Norellia_spinipes_806673_1971008088,http://creativecommons.org/licenses/by-nc-nd/4.0/
931341,1971008088,Scathophagidae_Norellia_spinipes_806674_1971008088,http://creativecommons.org/licenses/by-nc-nd/4.0/
931724,3721339840,Scathophagidae_Scathophaga_stercoraria_3253942_3721339840,http://creativecommons.org/licenses/by-nc-nd/4.0/
932719,1953367529,Scathophagidae_Norellisoma_spinimanum_2848278_1953367529,http://creativecommons.org/licenses/by-nc/4.0/
933330,2840264029,Scathophagidae_Norellia_spinipes_2291783_2840264029,http://creativecommons.org/licenses/by-nc-nd/4.0/
933331,2840264029,Scathophagidae_Norellia_spinipes_2291784_2840264029,http://creativecommons.org/licenses/by-nc-nd/4.0/
933644,1960222027,Scathophagidae_Norellisoma_spinimanum_1479780_1960222027,http://creativecommons.org/licenses/by-nc-nd/4.0/
933659,3732870366,Scathophagidae_Scathophaga_stercoraria_540574_3732870366,http://creativecommons.org/licenses/by-nc/4.0/
933917,2841378932,Scathophagidae_Scathophaga_stercoraria_2293415_2841378932,http://creativecommons.org/licenses/by-nc-nd/4.0/
934009,1965206221,Scathophagidae_Norellisoma_spinimanum_2864480_1965206221,http://creativecommons.org/licenses/by-nc-nd/4.0/
934316,2841525901,Scathophagidae_Hydromyza_livens_2293759_2841525901,http://creativecommons.org/licenses/by-nc-nd/4.0/
934317,2841525901,Scathophagidae_Hydromyza_livens_2293760_2841525901,http://creativecommons.org/licenses/by-nc-nd/4.0/
934318,2841525901,Scathophagidae_Hydromyza_livens_2293761_2841525901,http://creativecommons.org/licenses/by-nc-nd/4.0/
934686,3730344623,Scathophagidae_Scathophaga_stercoraria_2594703_3730344623,http://creativecommons.org/licenses/by-nc-nd/4.0/
937176,1970385896,Scathophagidae_Cordilura_albipes_2183240_1970385896,http://creativecommons.org/licenses/by-nc-nd/4.0/
937790,2834393477,Scathophagidae_Hydromyza_livens_1594108_2834393477,http://creativecommons.org/licenses/by-nc/4.0/
939367,2843997574,Scathophagidae_Trichopalpus_fraternus_921658_2843997574,http://creativecommons.org/licenses/by-nc-nd/4.0/
939368,2843997574,Scathophagidae_Trichopalpus_fraternus_921659_2843997574,http://creativecommons.org/licenses/by-nc-nd/4.0/
940128,1977337231,Scathophagidae_Norellisoma_spinimanum_815954_1977337231,http://creativecommons.org/licenses/by-nc-nd/4.0/
940393,2844904512,Scathophagidae_Cordilura_albilabris_1612605_2844904512,http://creativecommons.org/licenses/by-nc-nd/4.0/
940403,3995157296,Scathophagidae_Scathophaga_stercoraria_2042793_3995157296,http://creativecommons.org/licenses/by-nc-nd/4.0/
940460,1973796063,Scathophagidae_Hydromyza_livens_1498916_1973796063,http://creativecommons.org/licenses/by-nc/4.0/
940787,1952564519,Scathophagidae_Hydromyza_livens_2846619_1952564519,http://creativecommons.org/licenses/by-nc-nd/4.0/
940788,1952564519,Scathophagidae_Hydromyza_livens_2846620_1952564519,http://creativecommons.org/licenses/by-nc-nd/4.0/
940960,1957801043,Scathophagidae_Cordilura_albipes_787175_1957801043,http://creativecommons.org/licenses/by-nc-nd/4.0/
943353,1977047070,Scathophagidae_Norellisoma_spinimanum_124678_1977047070,http://creativecommons.org/licenses/by-nc-nd/4.0/
943506,2833970536,Scathophagidae_Hydromyza_livens_2281196_2833970536,http://creativecommons.org/licenses/by-nc-sa/4.0/
944080,2834178259,Scathophagidae_Hydromyza_livens_904455_2834178259,http://creativecommons.org/licenses/by-nc-sa/4.0/
944409,3825410813,Scathophagidae_Micropselapha_filiformis_1944447_3825410813,http://creativecommons.org/publicdomain/zero/1.0/
944410,3825410813,Scathophagidae_Micropselapha_filiformis_1944448_3825410813,http://creativecommons.org/publicdomain/zero/1.0/
944543,1972852843,Scathophagidae_Cordilura_ciliata_2186317_1972852843,http://creativecommons.org/licenses/by-nc-nd/4.0/
945268,2834259385,Scathophagidae_Hydromyza_livens_904811_2834259385,http://creativecommons.org/licenses/by-nc-nd/4.0/
946622,3905619338,Scathophagidae_Hydromyza_livens_1313010_3905619338,http://creativecommons.org/licenses/by-nc-nd/4.0/
947361,1964494775,Scathophagidae_Scathophaga_stercoraria_795244_1964494775,http://creativecommons.org/licenses/by-nc-nd/4.0/
947660,3995672520,Scathophagidae_Hydromyza_livens_3424883_3995672520,http://creativecommons.org/licenses/by-nc-nd/4.0/
947855,3822428085,Scathophagidae_Scathophaga_stercoraria_1936838_3822428085,http://creativecommons.org/licenses/by-nc-nd/4.0/
948741,3729459907,Scathophagidae_Scathophaga_stercoraria_523597_3729459907,http://creativecommons.org/licenses/by-nc-nd/4.0/
948933,2842130108,Scathophagidae_Hydromyza_livens_227459_2842130108,http://creativecommons.org/licenses/by-nc-sa/4.0/
950457,1960882587,Scathophagidae_Scathophaga_stercoraria_100953_1960882587,http://creativecommons.org/licenses/by-nc-nd/4.0/
950883,3827187740,Scathophagidae_Scathophaga_stercoraria_1259680_3827187740,http://creativecommons.org/licenses/by-nc-nd/4.0/
951779,1974096148,Scathophagidae_Coniosternum_decipiens_120610_1974096148,http://creativecommons.org/licenses/by-nc-nd/4.0/
951968,1970739912,Scathophagidae_Scathophaga_furcata_115574_1970739912,http://creativecommons.org/licenses/by-nc-nd/4.0/
951969,1970739912,Scathophagidae_Scathophaga_furcata_115575_1970739912,http://creativecommons.org/licenses/by-nc-nd/4.0/
951970,1970739912,Scathophagidae_Scathophaga_furcata_115576_1970739912,http://creativecommons.org/licenses/by-nc-nd/4.0/
952419,2837529462,Scathophagidae_Cordilura_albilabris_2978589_2837529462,http://creativecommons.org/licenses/by-nc/4.0/
954701,3727920700,Scathophagidae_Hydromyza_livens_1897702_3727920700,http://creativecommons.org/licenses/by/4.0/
954855,2843176380,Scathophagidae_Cleigastra_fasciata_230118_2843176380,http://creativecommons.org/licenses/by-nc-nd/4.0/
954856,2843176380,Scathophagidae_Cleigastra_fasciata_230119_2843176380,http://creativecommons.org/licenses/by-nc-nd/4.0/
955224,3721647244,Scathophagidae_Scathophaga_stercoraria_3256193_3721647244,http://creativecommons.org/licenses/by-nc-nd/4.0/
955517,3731977845,Scathophagidae_Scathophaga_stercoraria_3294478_3731977845,http://creativecommons.org/licenses/by-nc-nd/4.0/
956007,1970413151,Scathophagidae_Cordilura_albilabris_2873470_1970413151,http://creativecommons.org/licenses/by-nc-nd/4.0/
956008,1970413151,Scathophagidae_Cordilura_albilabris_2873471_1970413151,http://creativecommons.org/licenses/by-nc-nd/4.0/
956187,1972613788,Scathophagidae_Scathophaga_litorea_808152_1972613788,http://creativecommons.org/licenses/by-nc-nd/4.0/
956188,1972613788,Scathophagidae_Scathophaga_litorea_808153_1972613788,http://creativecommons.org/licenses/by-nc-nd/4.0/
956324,1969429102,Scathophagidae_Cordilura_albilabris_1491840_1969429102,http://creativecommons.org/licenses/by-nc-nd/4.0/
956638,3827316370,Scathophagidae_Scathophaga_stercoraria_3329491_3827316370,http://creativecommons.org/licenses/by-nc-nd/4.0/
958344,3727494118,Scathophagidae_Scathophaga_stercoraria_1206900_3727494118,http://creativecommons.org/licenses/by-nc-nd/4.0/
959082,3732616176,Scathophagidae_Scathophaga_stercoraria_1917619_3732616176,http://creativecommons.org/licenses/by-nc-nd/4.0/
959661,2835070936,Scathophagidae_Scathophaga_stercoraria_1595495_2835070936,http://creativecommons.org/licenses/by-nc-nd/4.0/
960015,1965217148,Scathophagidae_Norellisoma_spinimanum_2864628_1965217148,http://creativecommons.org/licenses/by-nc-nd/4.0/
960415,1960148987,Scathophagidae_Norellisoma_spinimanum_2858931_1960148987,http://creativecommons.org/licenses/by-nc-nd/4.0/
960629,3725941153,Scathophagidae_Hydromyza_livens_2579017_3725941153,http://creativecommons.org/licenses/by-sa/4.0/
961824,1965746235,Scathophagidae_Hydromyza_livens_107223_1965746235,http://creativecommons.org/publicdomain/zero/1.0/
961965,1976695720,Scathophagidae_Norellisoma_suilla_123784_1976695720,http://creativecommons.org/licenses/by-nc-nd/4.0/
961966,1976695720,Scathophagidae_Norellisoma_suilla_123785_1976695720,http://creativecommons.org/licenses/by-nc-nd/4.0/
962196,3722729028,Scathophagidae_Hydromyza_livens_2573299_3722729028,http://creativecommons.org/licenses/by-nc-nd/4.0/
962474,1965206909,Scathophagidae_Norellisoma_spinimanum_1485153_1965206909,http://creativecommons.org/licenses/by-nc-nd/4.0/
963092,2838693860,Scathophagidae_Cordilura_albipes_2980977_2838693860,http://creativecommons.org/licenses/by-nc/4.0/
963446,2836761635,Scathophagidae_Cleigastra_fasciata_908328_2836761635,http://creativecommons.org/licenses/by-nc-nd/4.0/
965618,3822846015,Scathophagidae_Scathophaga_stercoraria_3318257_3822846015,http://creativecommons.org/licenses/by-nc-nd/4.0/
965930,1959308000,Scathophagidae_Trichopalpus_fraternus_2167227_1959308000,http://creativecommons.org/licenses/by-nc/4.0/
965931,1959308000,Scathophagidae_Trichopalpus_fraternus_2167228_1959308000,http://creativecommons.org/licenses/by-nc/4.0/
965932,1959308000,Scathophagidae_Trichopalpus_fraternus_2167229_1959308000,http://creativecommons.org/licenses/by-nc/4.0/
966895,1966247319,Scathophagidae_Cordilura_albilabris_108422_1966247319,http://creativecommons.org/licenses/by-nc-nd/4.0/
966896,1966247319,Scathophagidae_Cordilura_albilabris_108423_1966247319,http://creativecommons.org/licenses/by-nc-nd/4.0/
968033,3722084747,Scathophagidae_Scathophaga_stercoraria_2569151_3722084747,http://creativecommons.org/licenses/by-nc-nd/4.0/
968612,2837871065,Scathophagidae_Norellisoma_spinimanum_2288761_2837871065,http://creativecommons.org/licenses/by-nc-nd/4.0/
968920,3824332733,Scathophagidae_Norellisoma_spinimanum_2631251_3824332733,http://creativecommons.org/licenses/by-nc-nd/4.0/
969681,1966048100,Scathophagidae_Cordilura_ciliata_1487170_1966048100,http://creativecommons.org/licenses/by-nc-sa/4.0/
969682,1966048100,Scathophagidae_Cordilura_ciliata_1487171_1966048100,http://creativecommons.org/licenses/by-nc-sa/4.0/
970136,1957883466,Scathophagidae_Hydromyza_livens_96785_1957883466,http://creativecommons.org/licenses/by-nc-sa/4.0/
970137,1957883466,Scathophagidae_Hydromyza_livens_96786_1957883466,http://creativecommons.org/licenses/by-nc-sa/4.0/
970884,3731304881,Scathophagidae_Scathophaga_stercoraria_2599977_3731304881,http://creativecommons.org/licenses/by-nc-nd/4.0/
971591,2839416571,Scathophagidae_Scathophaga_stercoraria_1602061_2839416571,http://creativecommons.org/licenses/by-nc/4.0/
972004,1977354784,Scathophagidae_Micropselapha_filiformis_2193568_1977354784,http://creativecommons.org/licenses/by-nc-nd/4.0/
972005,1977354784,Scathophagidae_Micropselapha_filiformis_2193569_1977354784,http://creativecommons.org/licenses/by-nc-nd/4.0/
972006,1977354784,Scathophagidae_Micropselapha_filiformis_2193570_1977354784,http://creativecommons.org/licenses/by-nc-nd/4.0/
972017,2843678766,Scathophagidae_Cleigastra_apicalis_230966_2843678766,http://creativecommons.org/licenses/by-nc-nd/4.0/
972672,3903910870,Scathophagidae_Scathophaga_stercoraria_3371822_3903910870,http://creativecommons.org/licenses/by-nc/4.0/
974468,3717810359,Scathophagidae_Hydromyza_livens_2552700_3717810359,http://creativecommons.org/licenses/by-nc/4.0/
974973,1972536997,Scathophagidae_Norellisoma_spinimanum_1496302_1972536997,http://creativecommons.org/licenses/by-nc/4.0/
974974,1972536997,Scathophagidae_Norellisoma_spinimanum_1496303_1972536997,http://creativecommons.org/licenses/by-nc/4.0/
975297,1964898089,Scathophagidae_Scathophaga_stercoraria_1484327_1964898089,http://creativecommons.org/licenses/by-nc-nd/4.0/
975784,2841156033,Scathophagidae_Acerocnema_macrocera_2983507_2841156033,http://creativecommons.org/licenses/by-nc-nd/4.0/
975785,2841156033,Scathophagidae_Acerocnema_macrocera_2983508_2841156033,http://creativecommons.org/licenses/by-nc-nd/4.0/
976552,3725699864,Scathophagidae_Scathophaga_stercoraria_1888707_3725699864,http://creativecommons.org/licenses/by-nc/4.0/
977170,3823542763,Scathophagidae_Acerocnema_macrocera_2629505_3823542763,http://creativecommons.org/licenses/by-nc-nd/4.0/
979054,3731921939,Scathophagidae_Scathophaga_stercoraria_1914201_3731921939,http://creativecommons.org/licenses/by-nc-nd/4.0/
980153,1973727852,Scathophagidae_Hydromyza_livens_1498754_1973727852,http://creativecommons.org/licenses/by-nc/4.0/
980891,3825238259,Scathophagidae_Scathophaga_litorea_3323757_3825238259,http://creativecommons.org/licenses/by-nc-nd/4.0/
980892,3825238259,Scathophagidae_Scathophaga_litorea_3323758_3825238259,http://creativecommons.org/licenses/by-nc-nd/4.0/
980987,2838255781,Scathophagidae_Cordilura_albilabris_221530_2838255781,http://creativecommons.org/licenses/by-nc-nd/4.0/
980988,2838255781,Scathophagidae_Cordilura_albilabris_221531_2838255781,http://creativecommons.org/licenses/by-nc-nd/4.0/
981870,1966738978,Scathophagidae_Norellia_spinimana_800420_1966738978,http://creativecommons.org/licenses/by-nc-nd/4.0/
981871,1966738978,Scathophagidae_Norellia_spinimana_800421_1966738978,http://creativecommons.org/licenses/by-nc-nd/4.0/
981944,3732289285,Scathophagidae_Scathophaga_stercoraria_3296035_3732289285,http://creativecommons.org/licenses/by-nc-nd/4.0/
983765,3823164531,Scathophagidae_Cleigastra_apicalis_1249870_3823164531,http://creativecommons.org/licenses/by-nc-nd/4.0/
983971,1970404013,Scathophagidae_Cordilura_albipes_805684_1970404013,http://creativecommons.org/licenses/by-nc-nd/4.0/
983972,1970404013,Scathophagidae_Cordilura_albipes_805685_1970404013,http://creativecommons.org/licenses/by-nc-nd/4.0/
984151,1955496074,Scathophagidae_Americina_media_783646_1955496074,http://creativecommons.org/licenses/by-nc/4.0/
984152,1955496074,Scathophagidae_Americina_media_783647_1955496074,http://creativecommons.org/licenses/by-nc/4.0/
984153,1955496074,Scathophagidae_Americina_media_783648_1955496074,http://creativecommons.org/licenses/by-nc/4.0/
985263,2845568591,Scathophagidae_Cordilura_ciliata_2303214_2845568591,http://creativecommons.org/licenses/by-nc-nd/4.0/
985264,2845568591,Scathophagidae_Cordilura_ciliata_2303215_2845568591,http://creativecommons.org/licenses/by-nc-nd/4.0/
986316,3727052141,Scathophagidae_Hydromyza_livens_1894692_3727052141,http://creativecommons.org/licenses/by-nc-nd/4.0/
987002,3859569200,Scathophagidae_Americina_vittatum_3340270_3859569200,http://creativecommons.org/licenses/by-nc/4.0/
987255,3860531877,Scathophagidae_Americina_vittatum_2653667_3860531877,http://creativecommons.org/licenses/by-nc/4.0/
987264,3961221362,Scathophagidae_Scathophaga_furcata_1342098_3961221362,http://creativecommons.org/licenses/by-nc/4.0/
987265,3961221362,Scathophagidae_Scathophaga_furcata_1342099_3961221362,http://creativecommons.org/licenses/by-nc/4.0/
987266,3961221362,Scathophagidae_Scathophaga_furcata_1342100_3961221362,http://creativecommons.org/licenses/by-nc/4.0/
987267,3961221362,Scathophagidae_Scathophaga_furcata_1342101_3961221362,http://creativecommons.org/licenses/by-nc/4.0/
987268,3961221362,Scathophagidae_Scathophaga_furcata_1342102_3961221362,http://creativecommons.org/licenses/by-nc/4.0/
987269,3961221362,Scathophagidae_Scathophaga_furcata_1342103_3961221362,http://creativecommons.org/licenses/by-nc/4.0/
987270,3961221362,Scathophagidae_Scathophaga_furcata_1342104_3961221362,http://creativecommons.org/licenses/by-nc/4.0/
988374,2843707453,Scathophagidae_Trichopalpus_fraternus_921233_2843707453,http://creativecommons.org/licenses/by-nc-nd/4.0/
988517,1961298940,Scathophagidae_Cleigastra_apicalis_1480980_1961298940,http://creativecommons.org/licenses/by-nc-nd/4.0/
988518,1961298940,Scathophagidae_Cleigastra_apicalis_1480981_1961298940,http://creativecommons.org/licenses/by-nc-nd/4.0/
988579,1955711094,Scathophagidae_Cordilura_ciliata_2162029_1955711094,http://creativecommons.org/licenses/by-nc/4.0/
988580,1955711094,Scathophagidae_Cordilura_ciliata_2162030_1955711094,http://creativecommons.org/licenses/by-nc/4.0/
988581,1955711094,Scathophagidae_Cordilura_ciliata_2162031_1955711094,http://creativecommons.org/licenses/by-nc/4.0/
989428,3728428598,Scathophagidae_Hydromyza_livens_1209806_3728428598,http://creativecommons.org/licenses/by-nc-nd/4.0/
992166,1955071173,Scathophagidae_Cordilura_albilabris_91864_1955071173,http://creativecommons.org/licenses/by-nc-nd/4.0/
992590,3995325158,Scathophagidae_Scathophaga_stercoraria_1354366_3995325158,http://creativecommons.org/licenses/by-nc-nd/4.0/
994428,3822655018,Scathophagidae_Scathophaga_stercoraria_559815_3822655018,http://creativecommons.org/licenses/by-nc-nd/4.0/
994509,3729495765,Scathophagidae_Cordilura_albipes_1901975_3729495765,http://creativecommons.org/licenses/by-nc-nd/4.0/
994510,3729495765,Scathophagidae_Cordilura_albipes_1901976_3729495765,http://creativecommons.org/licenses/by-nc-nd/4.0/
995009,1956840776,Scathophagidae_Scathophaga_stercoraria_2852975_1956840776,http://creativecommons.org/licenses/by-nc/4.0/
995435,2834039524,Scathophagidae_Cordilura_albilabris_1592659_2834039524,http://creativecommons.org/licenses/by-nc-nd/4.0/
995874,3825933937,Scathophagidae_Norellisoma_spinimanum_3326064_3825933937,http://creativecommons.org/licenses/by-nc-sa/4.0/
995876,3825933937,Scathophagidae_Norellisoma_spinimanum_3326066_3825933937,http://creativecommons.org/licenses/by-nc-sa/4.0/
995877,3825933937,Scathophagidae_Norellisoma_spinimanum_3326067_3825933937,http://creativecommons.org/licenses/by-nc-sa/4.0/
995923,1957946094,Scathophagidae_Norellisoma_spinimanum_1476148_1957946094,http://creativecommons.org/licenses/by-nc-nd/4.0/
996344,1970633397,Scathophagidae_Cleigastra_apicalis_115352_1970633397,http://creativecommons.org/licenses/by-nc-nd/4.0/
996345,1970633397,Scathophagidae_Cleigastra_apicalis_115353_1970633397,http://creativecommons.org/licenses/by-nc-nd/4.0/
996346,1970633397,Scathophagidae_Cleigastra_apicalis_115354_1970633397,http://creativecommons.org/licenses/by-nc-nd/4.0/
997281,2815165588,Scathophagidae_Scathophaga_calida_896106_2815165588,http://creativecommons.org/licenses/by-nc-sa/4.0/
997282,2815165588,Scathophagidae_Scathophaga_calida_896107_2815165588,http://creativecommons.org/licenses/by-nc-sa/4.0/
997283,2815165588,Scathophagidae_Scathophaga_calida_896108_2815165588,http://creativecommons.org/licenses/by-nc-sa/4.0/
997358,1987630106,Scathophagidae_Cordilura_pudica_126116_1987630106,http://creativecommons.org/licenses/by/4.0/
997359,1987630106,Scathophagidae_Cordilura_pudica_126117_1987630106,http://creativecommons.org/licenses/by/4.0/
997360,1987630106,Scathophagidae_Cordilura_pudica_126118_1987630106,http://creativecommons.org/licenses/by/4.0/
997443,1036657828,Scathophagidae_Scathophaga_spurca_1383410_1036657828,© all rights reserved
997444,1036657828,Scathophagidae_Scathophaga_spurca_1383411_1036657828,© all rights reserved
997787,1670291246,Scathophagidae_Megaphthalmoides_unilineatus_2122087_1670291246,© all rights reserved
997972,3823104370,Scathophagidae_Scathophaga_stercoraria_1249741_3823104370,http://creativecommons.org/licenses/by-nc-nd/4.0/
998006,2834349258,Scathophagidae_Trichopalpus_fraternus_214737_2834349258,http://creativecommons.org/licenses/by-nc-nd/4.0/
998228,3716969906,Scathophagidae_Hydromyza_livens_2548395_3716969906,http://creativecommons.org/licenses/by-nc-nd/4.0/
998423,1952357877,Scathophagidae_Norellisoma_spinimanum_778540_1952357877,http://creativecommons.org/licenses/by-nc-nd/4.0/
998675,2833877365,Scathophagidae_Scathophaga_stercoraria_2971465_2833877365,http://creativecommons.org/licenses/by-nc-nd/4.0/
999502,2833802420,Scathophagidae_Scathophaga_stercoraria_2971203_2833802420,http://creativecommons.org/licenses/by-nc-nd/4.0/
999964,3827338747,Scathophagidae_Scathophaga_stercoraria_1260126_3827338747,http://creativecommons.org/licenses/by-nc-nd/4.0/
1000234,1965297113,Scathophagidae_Norellisoma_spinimanum_2864886_1965297113,http://creativecommons.org/licenses/by-nc-nd/4.0/
1000313,2840887104,Scathophagidae_Norellia_spinipes_2292591_2840887104,http://creativecommons.org/licenses/by-nc-nd/4.0/
1000584,3822810572,Scathophagidae_Scathophaga_stercoraria_2627765_3822810572,http://creativecommons.org/licenses/by-nc-sa/4.0/
1000858,2833285094,Scathophagidae_Scathophaga_furcata_902028_2833285094,http://creativecommons.org/licenses/by-nc-nd/4.0/
1000859,2833285094,Scathophagidae_Scathophaga_furcata_902029_2833285094,http://creativecommons.org/licenses/by-nc-nd/4.0/
1001089,1964508662,Scathophagidae_Scathophaga_stercoraria_1483724_1964508662,http://creativecommons.org/licenses/by-nc-nd/4.0/
1001260,1968800444,Scathophagidae_Norellisoma_spinimanum_2179811_1968800444,http://creativecommons.org/licenses/by-nc/4.0/
1001261,1968800444,Scathophagidae_Norellisoma_spinimanum_2179812_1968800444,http://creativecommons.org/licenses/by-nc/4.0/
1001531,2834393755,Scathophagidae_Cordilura_ciliata_905384_2834393755,http://creativecommons.org/licenses/by-nc-nd/4.0/
1002793,3822915201,Scathophagidae_Scathophaga_stercoraria_2627984_3822915201,http://creativecommons.org/licenses/by-nc-nd/4.0/
1002862,1960237189,Scathophagidae_Cordilura_albipes_1479792_1960237189,http://creativecommons.org/licenses/by-nc-nd/4.0/
1003239,3728844101,Scathophagidae_Scathophaga_stercoraria_2589564_3728844101,http://creativecommons.org/licenses/by-nc-nd/4.0/
1003305,2842739639,Scathophagidae_Hydromyza_livens_2987670_2842739639,http://creativecommons.org/licenses/by-nc-nd/4.0/
1004131,1953779838,Scathophagidae_Scathophaga_furcata_2848911_1953779838,http://creativecommons.org/licenses/by-nc-nd/4.0/
1004132,1953779838,Scathophagidae_Scathophaga_furcata_2848912_1953779838,http://creativecommons.org/licenses/by-nc-nd/4.0/
1004691,3731939802,Scathophagidae_Scathophaga_stercoraria_536154_3731939802,http://creativecommons.org/licenses/by-nc-nd/4.0/
1005124,2843276162,Scathophagidae_Trichopalpus_fraternus_2988778_2843276162,http://creativecommons.org/licenses/by-nc-nd/4.0/
1005479,3824754476,Scathophagidae_Scathophaga_stercoraria_1943181_3824754476,http://creativecommons.org/licenses/by-nc-sa/4.0/
1008425,1966103024,Scathophagidae_Cordilura_albilabris_2866654_1966103024,http://creativecommons.org/licenses/by-nc-nd/4.0/
1008426,1966103024,Scathophagidae_Cordilura_albilabris_2866655_1966103024,http://creativecommons.org/licenses/by-nc-nd/4.0/
1008427,1966103024,Scathophagidae_Cordilura_albilabris_2866656_1966103024,http://creativecommons.org/licenses/by-nc-nd/4.0/
1009048,1977324978,Scathophagidae_Coniosternum_decipiens_125270_1977324978,http://creativecommons.org/licenses/by-nc-nd/4.0/
1010265,1953615076,Scathophagidae_Norellisoma_spinimanum_1469832_1953615076,http://creativecommons.org/licenses/by-nc-nd/4.0/
1012801,3961466483,Scathophagidae_Americina_paridis_1343130_3961466483,http://creativecommons.org/licenses/by-nc/4.0/
1012802,3961466483,Scathophagidae_Americina_paridis_1343131_3961466483,http://creativecommons.org/licenses/by-nc/4.0/
1012803,3961466483,Scathophagidae_Americina_paridis_1343132_3961466483,http://creativecommons.org/licenses/by-nc/4.0/
1012804,3961466483,Scathophagidae_Americina_paridis_1343133_3961466483,http://creativecommons.org/licenses/by-nc/4.0/
1014695,3314496571,Scathophagidae_Americina_vittatum_1673363_3314496571,http://creativecommons.org/licenses/by/4.0/
1014696,3314496571,Scathophagidae_Americina_vittatum_1673364_3314496571,http://creativecommons.org/licenses/by/4.0/
1015144,2641522390,Scathophagidae_Scathophaga_stercoraria_1579051_2641522390,http://creativecommons.org/licenses/by-nc/4.0/
1018939,2842008684,Scathophagidae_Cordilura_albipes_2295065_2842008684,http://creativecommons.org/licenses/by-nc-nd/4.0/
1019004,1952327371,Scathophagidae_Scathophaga_furcata_1467182_1952327371,http://creativecommons.org/licenses/by-nc-nd/4.0/
1020267,2836516639,Scathophagidae_Cleigastra_fasciata_2285782_2836516639,http://creativecommons.org/licenses/by-nc-nd/4.0/
1020268,2836516639,Scathophagidae_Cleigastra_fasciata_2285783_2836516639,http://creativecommons.org/licenses/by-nc-nd/4.0/
1020269,2836516639,Scathophagidae_Cleigastra_fasciata_2285784_2836516639,http://creativecommons.org/licenses/by-nc-nd/4.0/
1021089,2840934797,Scathophagidae_Norellia_tipularia_2983222_2840934797,http://creativecommons.org/licenses/by-nc-nd/4.0/
1021657,3996473417,Scathophagidae_Scathophaga_stercoraria_3427690_3996473417,http://creativecommons.org/licenses/by-nc-nd/4.0/
1022473,1957536432,Scathophagidae_Cleigastra_apicalis_2164395_1957536432,http://creativecommons.org/licenses/by-nc-nd/4.0/
1022474,1957536432,Scathophagidae_Cleigastra_apicalis_2164396_1957536432,http://creativecommons.org/licenses/by-nc-nd/4.0/
1022475,1957536432,Scathophagidae_Cleigastra_apicalis_2164397_1957536432,http://creativecommons.org/licenses/by-nc-nd/4.0/
1022476,1957536432,Scathophagidae_Cleigastra_apicalis_2164398_1957536432,http://creativecommons.org/licenses/by-nc-nd/4.0/
1022498,1955747450,Scathophagidae_Cordilura_albipes_2162157_1955747450,http://creativecommons.org/licenses/by-nc-nd/4.0/
1022783,3822577756,Scathophagidae_Acerocnema_macrocera_1937475_3822577756,http://creativecommons.org/licenses/by-nc-nd/4.0/
1023012,2833218528,Scathophagidae_Scathophaga_stercoraria_2970204_2833218528,http://creativecommons.org/licenses/by-nc-nd/4.0/
1023250,3718211951,Scathophagidae_Scathophaga_stercoraria_1864996_3718211951,http://creativecommons.org/licenses/by-nc-nd/4.0/
1023873,3995668457,Scathophagidae_Scathophaga_stercoraria_2734703_3995668457,http://creativecommons.org/licenses/by-nc-nd/4.0/
1025078,3823247417,Scathophagidae_Norellisoma_spinimanum_1250055_3823247417,http://creativecommons.org/licenses/by-nc-nd/4.0/
1025193,3716680600,Scathophagidae_Scathophaga_stercoraria_3237029_3716680600,http://creativecommons.org/licenses/by-nc-nd/4.0/
1025903,2844570648,Scathophagidae_Norellisoma_spinimanum_922987_2844570648,http://creativecommons.org/licenses/by-nc-nd/4.0/
1025904,2844570648,Scathophagidae_Norellisoma_spinimanum_922988_2844570648,http://creativecommons.org/licenses/by-nc-nd/4.0/
1027032,3756154179,Scathophagidae_Scathophaga_stercoraria_3301807_3756154179,http://creativecommons.org/licenses/by-nc/4.0/
1027628,3303554626,Scathophagidae_Cordilura_albipes_291709_3303554626,http://creativecommons.org/licenses/by/4.0/
1028542,3355229597,Scathophagidae_Americina_vittatum_2383804_3355229597,http://creativecommons.org/licenses/by-nc/4.0/
1028543,3355229597,Scathophagidae_Americina_vittatum_2383805_3355229597,http://creativecommons.org/licenses/by-nc/4.0/
1028544,3355229597,Scathophagidae_Americina_vittatum_2383806_3355229597,http://creativecommons.org/licenses/by-nc/4.0/
1028545,3355229597,Scathophagidae_Americina_vittatum_2383807_3355229597,http://creativecommons.org/licenses/by-nc/4.0/
1029136,3925413635,Scathophagidae_Americina_vittatum_2026624_3925413635,http://creativecommons.org/licenses/by-nc/4.0/
1029137,3925413635,Scathophagidae_Americina_vittatum_2026625_3925413635,http://creativecommons.org/licenses/by-nc/4.0/
1031597,3398675942,Scathophagidae_Norellia_tipularia_2395554_3398675942,http://creativecommons.org/licenses/by-nc/4.0/
1031598,3398675942,Scathophagidae_Norellia_tipularia_2395555_3398675942,http://creativecommons.org/licenses/by-nc/4.0/
1031599,3398675942,Scathophagidae_Norellia_tipularia_2395556_3398675942,http://creativecommons.org/licenses/by-nc/4.0/
1031681,3873372051,Scathophagidae_Americina_vittatum_1968858_3873372051,http://creativecommons.org/licenses/by-nc/4.0/
1031682,3873372051,Scathophagidae_Americina_vittatum_1968859_3873372051,http://creativecommons.org/licenses/by-nc/4.0/
1035010,3802641773,Scathophagidae_Americina_vittatum_3315605_3802641773,http://creativecommons.org/licenses/by-nc/4.0/
1035011,3802641773,Scathophagidae_Americina_vittatum_3315606_3802641773,http://creativecommons.org/licenses/by-nc/4.0/
1035012,3802641773,Scathophagidae_Americina_vittatum_3315607_3802641773,http://creativecommons.org/licenses/by-nc/4.0/
1035013,3802641773,Scathophagidae_Americina_vittatum_3315608_3802641773,http://creativecommons.org/licenses/by-nc/4.0/
1036301,1959141141,Scathophagidae_Norellisoma_spinimanum_2856919_1959141141,http://creativecommons.org/licenses/by-nc-nd/4.0/
1036985,2836822353,Scathophagidae_Scathophaga_stercoraria_908485_2836822353,http://creativecommons.org/licenses/by/4.0/
1039498,1968513941,Scathophagidae_Cordilura_albipes_801724_1968513941,http://creativecommons.org/licenses/by-nc-nd/4.0/
1039499,1968513941,Scathophagidae_Cordilura_albipes_801725_1968513941,http://creativecommons.org/licenses/by-nc-nd/4.0/
1039822,1958293350,Scathophagidae_Scathophaga_furcata_2166106_1958293350,http://creativecommons.org/licenses/by-nc-nd/4.0/
1039910,1961242843,Scathophagidae_Scathophaga_stercoraria_2170075_1961242843,http://creativecommons.org/licenses/by/4.0/
1039968,1977012435,Scathophagidae_Spaziphora_hydromyzina_1503709_1977012435,http://creativecommons.org/licenses/by-nc-nd/4.0/
1044383,3008474371,Scathophagidae_Scathophaga_stercoraria_261197_3008474371,http://creativecommons.org/licenses/by-nc/4.0/
1045785,3860358422,Scathophagidae_Cordilura_albilabris_1274476_3860358422,http://creativecommons.org/licenses/by-nc/4.0/
1045786,3860358422,Scathophagidae_Cordilura_albilabris_1274477_3860358422,http://creativecommons.org/licenses/by-nc/4.0/
1047102,3447690759,Scathophagidae_Gimnomera_dorsata_1833090_3447690759,http://creativecommons.org/licenses/by-nc/4.0/
1047164,2446325405,Scathophagidae_Scathophaga_litorea_1541718_2446325405,http://creativecommons.org/licenses/by/4.0/
1047165,2446325405,Scathophagidae_Scathophaga_litorea_1541719_2446325405,http://creativecommons.org/licenses/by/4.0/
1047166,2446325405,Scathophagidae_Scathophaga_litorea_1541720_2446325405,http://creativecommons.org/licenses/by/4.0/
1047167,2446325405,Scathophagidae_Scathophaga_litorea_1541721_2446325405,http://creativecommons.org/licenses/by/4.0/
1047282,3385021492,Scathophagidae_Cordilura_albilabris_1014133_3385021492,http://creativecommons.org/licenses/by/4.0/
1049658,3858760165,Scathophagidae_Americina_vittatum_1267085_3858760165,http://creativecommons.org/licenses/by-nc/4.0/
1049659,3858760165,Scathophagidae_Americina_vittatum_1267086_3858760165,http://creativecommons.org/licenses/by-nc/4.0/
1049660,3858760165,Scathophagidae_Americina_vittatum_1267087_3858760165,http://creativecommons.org/licenses/by-nc/4.0/
1049661,3858760165,Scathophagidae_Americina_vittatum_1267088_3858760165,http://creativecommons.org/licenses/by-nc/4.0/
1049662,3858760165,Scathophagidae_Americina_vittatum_1267089_3858760165,http://creativecommons.org/licenses/by-nc/4.0/
1049663,3858760165,Scathophagidae_Americina_vittatum_1267090_3858760165,http://creativecommons.org/licenses/by-nc/4.0/
1049664,3858760165,Scathophagidae_Americina_vittatum_1267091_3858760165,http://creativecommons.org/licenses/by-nc/4.0/
1052766,3721459973,Scathophagidae_Scathophaga_stercoraria_3254801_3721459973,http://creativecommons.org/licenses/by/4.0/
1052979,3731193613,Scathophagidae_Scathophaga_stercoraria_1910275_3731193613,http://creativecommons.org/licenses/by-nc-nd/4.0/
1054804,1951905379,Scathophagidae_Trichopalpus_fraternus_777974_1951905379,http://creativecommons.org/licenses/by-nc-nd/4.0/
1056495,3729508717,Scathophagidae_Scathophaga_stercoraria_3281977_3729508717,http://creativecommons.org/licenses/by-nc-nd/4.0/
1056608,1953479043,Scathophagidae_Scathophaga_stercoraria_2848499_1953479043,http://creativecommons.org/licenses/by-nc-nd/4.0/
1056737,1966916601,Scathophagidae_Cordilura_albipes_1489367_1966916601,http://creativecommons.org/licenses/by/4.0/
1056738,1966916601,Scathophagidae_Cordilura_albipes_1489368_1966916601,http://creativecommons.org/licenses/by/4.0/
1057943,1970865838,Scathophagidae_Cordilura_albilabris_1494818_1970865838,http://creativecommons.org/licenses/by-nc-nd/4.0/
1058912,2844588005,Scathophagidae_Norellisoma_spinimanum_1611660_2844588005,http://creativecommons.org/licenses/by-nc-nd/4.0/
1060096,1956873480,Scathophagidae_Norellisoma_spinimanum_1473974_1956873480,http://creativecommons.org/licenses/by-nc-nd/4.0/
1060298,1954725408,Scathophagidae_Americina_media_2849477_1954725408,http://creativecommons.org/licenses/by-nc-nd/4.0/
1060299,1954725408,Scathophagidae_Americina_media_2849478_1954725408,http://creativecommons.org/licenses/by-nc-nd/4.0/
1060770,1459532078,Scathophagidae_Norellia_spinipes_1427075_1459532078,© all rights reserved
1060771,1459532078,Scathophagidae_Norellia_spinipes_1427076_1459532078,© all rights reserved
1060772,1459532078,Scathophagidae_Norellia_spinipes_1427077_1459532078,© all rights reserved
1060793,3856925944,Scathophagidae_Scathophaga_spurca_572145_3856925944,© all rights reserved
1060794,3856925944,Scathophagidae_Scathophaga_spurca_572146_3856925944,© all rights reserved
1060887,3448718566,Scathophagidae_Scathophaga_furcata_454945_3448718566,http://creativecommons.org/licenses/by-sa/4.0/
1060894,3448896309,Scathophagidae_Norellia_tipularia_1833874_3448896309,http://creativecommons.org/licenses/by-sa/4.0/
1060927,3448620100,Scathophagidae_Norellisoma_spinimanum_1144259_3448620100,http://creativecommons.org/licenses/by-sa/4.0/
1061133,3386682348,Scathophagidae_Cordilura_ciliata_325210_3386682348,© All rights reserved
1061294,4020699441,Scathophagidae_Norellisoma_suilla_2059679_4020699441,© All rights reserved
1061584,2412244202,Scathophagidae_Cordilura_ciliata_154859_2412244202,© All rights reserved
1061585,2412244202,Scathophagidae_Cordilura_ciliata_154860_2412244202,© All rights reserved
1061586,2412244202,Scathophagidae_Cordilura_ciliata_154861_2412244202,© All rights reserved
1061587,2412244202,Scathophagidae_Cordilura_ciliata_154862_2412244202,© All rights reserved
1061719,2403314199,Scathophagidae_Megaphthalma_pallida_2911337_2403314199,http://creativecommons.org/licenses/by-nc-sa/4.0/
1061720,2403314199,Scathophagidae_Megaphthalma_pallida_2911338_2403314199,http://creativecommons.org/licenses/by-nc-sa/4.0/
1061721,2403314199,Scathophagidae_Megaphthalma_pallida_2911339_2403314199,http://creativecommons.org/licenses/by-nc-sa/4.0/
1061864,2627693635,Scathophagidae_Scathophaga_furcata_881268_2627693635,© All rights reserved
1061865,2627693635,Scathophagidae_Scathophaga_furcata_881269_2627693635,© All rights reserved
1062295,3027804343,Scathophagidae_Scathophaga_inquinata_3023037_3027804343,© All rights reserved
1062631,3962752418,Scathophagidae_Cleigastra_fasciata_2722705_3962752418,© All rights reserved
1062632,3962752418,Scathophagidae_Cleigastra_fasciata_2722706_3962752418,© All rights reserved
1062700,3335635442,Scathophagidae_Norellisoma_suilla_3066829_3335635442,© All rights reserved
1063167,3428952349,Scathophagidae_Norellisoma_spinimanum_1714765_3428952349,© All rights reserved
1063257,2822996484,Scathophagidae_Scathophaga_furcata_207728_2822996484,http://creativecommons.org/licenses/by-nc-sa/4.0/
1063361,3400535360,Scathophagidae_Norellisoma_spinimanum_3088811_3400535360,© All rights reserved
