id,gbifID,file_name,license
4147,3858466622,Sepsidae_Nemopoda_nitidula_1954817_3858466622,http://creativecommons.org/licenses/by-nc/4.0/
4967,3013982570,Sepsidae_Sepsis_punctum_2330512_3013982570,http://creativecommons.org/licenses/by-nc/4.0/
7284,2409833071,Sepsidae_Orygma_luctuosum_2912925_2409833071,© All rights reserved
10952,3988653794,Sepsidae_Sepsis_punctum_3420097_3988653794,http://creativecommons.org/licenses/by-nc/4.0/
10953,3988653794,Sepsidae_Sepsis_punctum_3420098_3988653794,http://creativecommons.org/licenses/by-nc/4.0/
10954,3988653794,Sepsidae_Sepsis_punctum_3420099_3988653794,http://creativecommons.org/licenses/by-nc/4.0/
10955,3988653794,Sepsidae_Sepsis_punctum_3420100_3988653794,http://creativecommons.org/licenses/by-nc/4.0/
10956,3988653794,Sepsidae_Sepsis_punctum_3420101_3988653794,http://creativecommons.org/licenses/by-nc/4.0/
10957,3988653794,Sepsidae_Sepsis_punctum_3420102_3988653794,http://creativecommons.org/licenses/by-nc/4.0/
10958,3988653794,Sepsidae_Sepsis_punctum_3420103_3988653794,http://creativecommons.org/licenses/by-nc/4.0/
13422,2251842969,Sepsidae_Sepsis_punctum_2901498_2251842969,http://creativecommons.org/licenses/by-nc/4.0/
14209,1052586139,Sepsidae_Sepsis_lateralis_2762896_1052586139,http://creativecommons.org/licenses/by/4.0/
14210,1052586139,Sepsidae_Sepsis_lateralis_2762897_1052586139,http://creativecommons.org/licenses/by/4.0/
14211,1052586139,Sepsidae_Sepsis_lateralis_2762898_1052586139,http://creativecommons.org/licenses/by/4.0/
16173,3396906376,Sepsidae_Nemopoda_nitidula_1705640_3396906376,© All rights reserved
16175,3396906376,Sepsidae_Nemopoda_nitidula_1705642_3396906376,© All rights reserved
16177,3396906376,Sepsidae_Nemopoda_nitidula_1705644_3396906376,© All rights reserved
18963,1319507375,Sepsidae_Sepsis_violacea_719173_1319507375,Usage Conditions Apply
25494,2404676693,Sepsidae_Nemopoda_nitidula_153081_2404676693,http://creativecommons.org/licenses/by-nc-sa/4.0/
26656,2883063544,Sepsidae_Nemopoda_nitidula_2317120_2883063544,http://creativecommons.org/licenses/by/4.0/
26659,2883063544,Sepsidae_Nemopoda_nitidula_2317123_2883063544,http://creativecommons.org/licenses/by/4.0/
26660,2883063544,Sepsidae_Nemopoda_nitidula_2317124_2883063544,http://creativecommons.org/licenses/by/4.0/
26662,2883063544,Sepsidae_Nemopoda_nitidula_2317126_2883063544,http://creativecommons.org/licenses/by/4.0/
31788,2251609285,Sepsidae_Themira_arctica_833392_2251609285,http://creativecommons.org/licenses/by-nc/4.0/
32673,2272953074,Sepsidae_Nemopoda_nitidula_2903539_2272953074,© all rights reserved
33214,3825448091,Sepsidae_Themira_superba_1255432_3825448091,http://creativecommons.org/licenses/by-nc-nd/4.0/
33215,3825448091,Sepsidae_Themira_superba_1255433_3825448091,http://creativecommons.org/licenses/by-nc-nd/4.0/
33216,3825448091,Sepsidae_Themira_superba_1255434_3825448091,http://creativecommons.org/licenses/by-nc-nd/4.0/
33220,2838276754,Sepsidae_Sepsis_cynipsea_2289745_2838276754,http://creativecommons.org/licenses/by-nc-nd/4.0/
33221,2838276754,Sepsidae_Sepsis_cynipsea_2289746_2838276754,http://creativecommons.org/licenses/by-nc-nd/4.0/
33222,2838276754,Sepsidae_Sepsis_cynipsea_2289747_2838276754,http://creativecommons.org/licenses/by-nc-nd/4.0/
33666,3824223250,Sepsidae_Nemopoda_nitidula_1252356_3824223250,http://creativecommons.org/licenses/by-nc-nd/4.0/
33840,3727951936,Sepsidae_Nemopoda_nitidula_1897799_3727951936,http://creativecommons.org/licenses/by-nc-nd/4.0/
34816,3903972730,Sepsidae_Nemopoda_nitidula_1992452_3903972730,http://creativecommons.org/licenses/by-nc-nd/4.0/
34840,1976544757,Sepsidae_Sepsis_punctum_2191761_1976544757,http://creativecommons.org/licenses/by-nc-nd/4.0/
34923,3729464333,Sepsidae_Nemopoda_nitidula_3281845_3729464333,http://creativecommons.org/licenses/by-nc-nd/4.0/
34957,3719128886,Sepsidae_Sepsis_cynipsea_3246848_3719128886,http://creativecommons.org/licenses/by-nc-nd/4.0/
34958,3719128886,Sepsidae_Sepsis_cynipsea_3246849_3719128886,http://creativecommons.org/licenses/by-nc-nd/4.0/
35352,3717866811,Sepsidae_Sepsis_cynipsea_1863541_3717866811,http://creativecommons.org/licenses/by-nc-nd/4.0/
35353,3717866811,Sepsidae_Sepsis_cynipsea_1863542_3717866811,http://creativecommons.org/licenses/by-nc-nd/4.0/
35408,3725892508,Sepsidae_Saltella_sphondylii_1889489_3725892508,http://creativecommons.org/licenses/by-nc-nd/4.0/
35709,1972060196,Sepsidae_Themira_minor_116625_1972060196,http://creativecommons.org/licenses/by-nc-nd/4.0/
35710,1972060196,Sepsidae_Themira_minor_116626_1972060196,http://creativecommons.org/licenses/by-nc-nd/4.0/
35711,1972060196,Sepsidae_Themira_minor_116627_1972060196,http://creativecommons.org/licenses/by-nc-nd/4.0/
36580,1972144441,Sepsidae_Sepsis_punctum_807371_1972144441,http://creativecommons.org/licenses/by-nc-nd/4.0/
36581,1972144441,Sepsidae_Sepsis_punctum_807372_1972144441,http://creativecommons.org/licenses/by-nc-nd/4.0/
36928,3722016221,Sepsidae_Saltella_sphondylii_500921_3722016221,http://creativecommons.org/licenses/by-nc-nd/4.0/
36929,3722016221,Sepsidae_Saltella_sphondylii_500922_3722016221,http://creativecommons.org/licenses/by-nc-nd/4.0/
38032,3451609403,Sepsidae_Sepsis_violacea_2523272_3451609403,© All rights reserved
46551,1265746484,Sepsidae_Sepsis_pseudomonostigma_1391965_1265746484,http://creativecommons.org/licenses/by/4.0/
46552,1265746484,Sepsidae_Sepsis_pseudomonostigma_1391966_1265746484,http://creativecommons.org/licenses/by/4.0/
46553,1265746484,Sepsidae_Sepsis_pseudomonostigma_1391967_1265746484,http://creativecommons.org/licenses/by/4.0/
46554,1265746484,Sepsidae_Sepsis_pseudomonostigma_1391968_1265746484,http://creativecommons.org/licenses/by/4.0/
46555,1265746484,Sepsidae_Sepsis_pseudomonostigma_1391969_1265746484,http://creativecommons.org/licenses/by/4.0/
50036,2251833317,Sepsidae_Sepsis_punctum_833565_2251833317,http://creativecommons.org/licenses/by-nc/4.0/
50037,2251833317,Sepsidae_Sepsis_punctum_833566_2251833317,http://creativecommons.org/licenses/by-nc/4.0/
50038,2251833317,Sepsidae_Sepsis_punctum_833567_2251833317,http://creativecommons.org/licenses/by-nc/4.0/
50039,2251833317,Sepsidae_Sepsis_punctum_833568_2251833317,http://creativecommons.org/licenses/by-nc/4.0/
50040,2251833317,Sepsidae_Sepsis_punctum_833569_2251833317,http://creativecommons.org/licenses/by-nc/4.0/
50041,2251833317,Sepsidae_Sepsis_punctum_833570_2251833317,http://creativecommons.org/licenses/by-nc/4.0/
50042,2251833317,Sepsidae_Sepsis_punctum_833571_2251833317,http://creativecommons.org/licenses/by-nc/4.0/
50701,2234733137,Sepsidae_Sepsis_punctum_824718_2234733137,http://creativecommons.org/licenses/by-nc/4.0/
50712,3384589648,Sepsidae_Nemopoda_nitidula_1700831_3384589648,http://creativecommons.org/licenses/by-sa/4.0/
50714,3384589648,Sepsidae_Nemopoda_nitidula_1700833_3384589648,http://creativecommons.org/licenses/by-sa/4.0/
55799,3760170295,Sepsidae_Nemopoda_nitidula_1236090_3760170295,http://creativecommons.org/licenses/by-nc/4.0/
55800,3760170295,Sepsidae_Nemopoda_nitidula_1236091_3760170295,http://creativecommons.org/licenses/by-nc/4.0/
55801,3760170295,Sepsidae_Nemopoda_nitidula_1236092_3760170295,http://creativecommons.org/licenses/by-nc/4.0/
55802,3760170295,Sepsidae_Nemopoda_nitidula_1236093_3760170295,http://creativecommons.org/licenses/by-nc/4.0/
55804,3760170295,Sepsidae_Nemopoda_nitidula_1236095_3760170295,http://creativecommons.org/licenses/by-nc/4.0/
64784,2988348307,Sepsidae_Nemopoda_nitidula_257366_2988348307,http://creativecommons.org/licenses/by/4.0/
64785,2988348307,Sepsidae_Nemopoda_nitidula_257367_2988348307,http://creativecommons.org/licenses/by/4.0/
67347,2808841199,Sepsidae_Sepsis_punctum_203045_2808841199,© all rights reserved
67348,2808841199,Sepsidae_Sepsis_punctum_203046_2808841199,© all rights reserved
73745,1265746015,Sepsidae_Susanomira_caucasica_1391960_1265746015,http://creativecommons.org/licenses/by/4.0/
73746,1265746015,Sepsidae_Susanomira_caucasica_1391961_1265746015,http://creativecommons.org/licenses/by/4.0/
73747,1265746015,Sepsidae_Susanomira_caucasica_1391962_1265746015,http://creativecommons.org/licenses/by/4.0/
73748,1265746015,Sepsidae_Susanomira_caucasica_1391963_1265746015,http://creativecommons.org/licenses/by/4.0/
73749,1265746015,Sepsidae_Susanomira_caucasica_1391964_1265746015,http://creativecommons.org/licenses/by/4.0/
74632,2864777429,Sepsidae_Saltella_sphondylii_935312_2864777429,http://creativecommons.org/licenses/by-nc/4.0/
77280,2815336195,Sepsidae_Sepsis_fulgens_205840_2815336195,© All rights reserved
78407,2809301679,Sepsidae_Sepsis_punctum_203267_2809301679,© all rights reserved
78944,3823080496,Sepsidae_Sepsis_fulgens_2628326_3823080496,http://creativecommons.org/licenses/by/4.0/
78945,3823080496,Sepsidae_Sepsis_fulgens_2628327_3823080496,http://creativecommons.org/licenses/by/4.0/
79072,3721347333,Sepsidae_Nemopoda_nitidula_495969_3721347333,http://creativecommons.org/licenses/by-nc-nd/4.0/
79861,1965209508,Sepsidae_Saltella_sphondylii_105936_1965209508,http://creativecommons.org/licenses/by-nc-nd/4.0/
79962,2842949912,Sepsidae_Sepsis_punctum_919855_2842949912,http://creativecommons.org/licenses/by-nc-nd/4.0/
79963,2842949912,Sepsidae_Sepsis_punctum_919856_2842949912,http://creativecommons.org/licenses/by-nc-nd/4.0/
79974,3995227801,Sepsidae_Saltella_sphondylii_2043129_3995227801,http://creativecommons.org/licenses/by-nc-nd/4.0/
79975,3995227801,Sepsidae_Saltella_sphondylii_2043130_3995227801,http://creativecommons.org/licenses/by-nc-nd/4.0/
79976,3995227801,Sepsidae_Saltella_sphondylii_2043131_3995227801,http://creativecommons.org/licenses/by-nc-nd/4.0/
80696,3731421676,Sepsidae_Saltella_sphondylii_533413_3731421676,http://creativecommons.org/licenses/by-nc-nd/4.0/
84272,2611270508,Sepsidae_Sepsis_punctum_1567319_2611270508,http://creativecommons.org/licenses/by-nc/4.0/
84273,2611270508,Sepsidae_Sepsis_punctum_1567320_2611270508,http://creativecommons.org/licenses/by-nc/4.0/
91556,3985748079,Sepsidae_Orygma_luctuosum_659485_3985748079,http://creativecommons.org/licenses/by-nc/4.0/
91557,3985748079,Sepsidae_Orygma_luctuosum_659486_3985748079,http://creativecommons.org/licenses/by-nc/4.0/
91558,3985748079,Sepsidae_Orygma_luctuosum_659487_3985748079,http://creativecommons.org/licenses/by-nc/4.0/
91559,3985748079,Sepsidae_Orygma_luctuosum_659488_3985748079,http://creativecommons.org/licenses/by-nc/4.0/
91560,3985748079,Sepsidae_Orygma_luctuosum_659489_3985748079,http://creativecommons.org/licenses/by-nc/4.0/
103740,4006664587,Sepsidae_Nemopoda_nitidula_1363352_4006664587,http://creativecommons.org/licenses/by-nc/4.0/
103741,4006664587,Sepsidae_Nemopoda_nitidula_1363353_4006664587,http://creativecommons.org/licenses/by-nc/4.0/
106168,2576262138,Sepsidae_Sepsis_fulgens_873211_2576262138,http://creativecommons.org/licenses/by/4.0/
106169,2576262138,Sepsidae_Sepsis_fulgens_873212_2576262138,http://creativecommons.org/licenses/by/4.0/
106170,2576262138,Sepsidae_Sepsis_fulgens_873213_2576262138,http://creativecommons.org/licenses/by/4.0/
106171,2576262138,Sepsidae_Sepsis_fulgens_873214_2576262138,http://creativecommons.org/licenses/by/4.0/
107490,3903611050,Sepsidae_Sepsis_punctum_1991662_3903611050,http://creativecommons.org/licenses/by/4.0/
107491,3903611050,Sepsidae_Sepsis_punctum_1991663_3903611050,http://creativecommons.org/licenses/by/4.0/
107492,3903611050,Sepsidae_Sepsis_punctum_1991664_3903611050,http://creativecommons.org/licenses/by/4.0/
113787,3499425609,Sepsidae_Sepsis_punctum_3229713_3499425609,http://creativecommons.org/licenses/by-nc/4.0/
113788,3499425609,Sepsidae_Sepsis_punctum_3229714_3499425609,http://creativecommons.org/licenses/by-nc/4.0/
114306,2988446384,Sepsidae_Nemopoda_nitidula_3016071_2988446384,http://creativecommons.org/licenses/by-nc/4.0/
114307,2988446384,Sepsidae_Nemopoda_nitidula_3016072_2988446384,http://creativecommons.org/licenses/by-nc/4.0/
114308,2988446384,Sepsidae_Nemopoda_nitidula_3016073_2988446384,http://creativecommons.org/licenses/by-nc/4.0/
114310,2988446384,Sepsidae_Nemopoda_nitidula_3016075_2988446384,http://creativecommons.org/licenses/by-nc/4.0/
114311,2988446384,Sepsidae_Nemopoda_nitidula_3016076_2988446384,http://creativecommons.org/licenses/by-nc/4.0/
114312,2988446384,Sepsidae_Nemopoda_nitidula_3016077_2988446384,http://creativecommons.org/licenses/by-nc/4.0/
114315,2988446384,Sepsidae_Nemopoda_nitidula_3016080_2988446384,http://creativecommons.org/licenses/by-nc/4.0/
114319,2988446384,Sepsidae_Nemopoda_nitidula_3016084_2988446384,http://creativecommons.org/licenses/by-nc/4.0/
115090,3337761340,Sepsidae_Themira_pubera_310261_3337761340,http://creativecommons.org/licenses/by-nc/4.0/
118221,3873095640,Sepsidae_Nemopoda_nitidula_2656706_3873095640,http://creativecommons.org/licenses/by-nc/4.0/
119074,1265662364,Sepsidae_Zuskamira_inexpectata_703194_1265662364,http://creativecommons.org/licenses/by/4.0/
119075,1265662364,Sepsidae_Zuskamira_inexpectata_703195_1265662364,http://creativecommons.org/licenses/by/4.0/
119076,1265662364,Sepsidae_Zuskamira_inexpectata_703196_1265662364,http://creativecommons.org/licenses/by/4.0/
119077,1265662364,Sepsidae_Zuskamira_inexpectata_703197_1265662364,http://creativecommons.org/licenses/by/4.0/
121728,3825376164,Sepsidae_Nemopoda_nitidula_1944319_3825376164,http://creativecommons.org/licenses/by-nc-nd/4.0/
121741,3822467248,Sepsidae_Nemopoda_nitidula_1247983_3822467248,http://creativecommons.org/licenses/by-nc-nd/4.0/
121916,3904151287,Sepsidae_Nemopoda_nitidula_3373549_3904151287,http://creativecommons.org/licenses/by-nc-nd/4.0/
121967,2842075826,Sepsidae_Saltella_sphondylii_227278_2842075826,http://creativecommons.org/licenses/by-nc-nd/4.0/
123188,3723841761,Sepsidae_Saltella_sphondylii_2576189_3723841761,http://creativecommons.org/licenses/by-nc-nd/4.0/
123607,1964542260,Sepsidae_Sepsis_punctum_2862975_1964542260,http://creativecommons.org/licenses/by-nc/4.0/
124616,3013858339,Sepsidae_Sepsis_cynipsea_2329962_3013858339,http://creativecommons.org/licenses/by/4.0/
129908,1670625224,Sepsidae_Sepsis_punctum_53310_1670625224,© all rights reserved
130048,1036739981,Sepsidae_Sepsis_fulgens_2072811_1036739981,© all rights reserved
131425,3857057701,Sepsidae_Sepsis_fulgens_2639923_3857057701,© all rights reserved
131731,3768792545,Sepsidae_Sepsis_punctum_2617096_3768792545,© all rights reserved
131749,2246020155,Sepsidae_Themira_putris_827786_2246020155,© all rights reserved
131750,2246020155,Sepsidae_Themira_putris_827787_2246020155,© all rights reserved
132323,3899469379,Sepsidae_Sepsis_punctum_1293365_3899469379,© all rights reserved
132324,3899469379,Sepsidae_Sepsis_punctum_1293366_3899469379,© all rights reserved
132838,3078564015,Sepsidae_Sepsis_punctum_1655314_3078564015,© all rights reserved
133053,1065015955,Sepsidae_Sepsis_punctum_2763918_1065015955,© all rights reserved
133295,1433827479,Sepsidae_Themira_leachi_2114474_1433827479,© all rights reserved
135188,3049713090,Sepsidae_Themira_putris_2338899_3049713090,© all rights reserved
136587,931895885,Sepsidae_Themira_putris_2067489_931895885,© all rights reserved
136588,931895885,Sepsidae_Themira_putris_2067490_931895885,© all rights reserved
137303,1459336105,Sepsidae_Sepsis_punctum_47056_1459336105,© all rights reserved
137359,2247179793,Sepsidae_Sepsis_punctum_137420_2247179793,© all rights reserved
137437,1430494309,Sepsidae_Themira_nigricornis_44002_1430494309,© all rights reserved
137898,1459530498,Sepsidae_Sepsis_fulgens_738518_1459530498,© all rights reserved
137986,1123581069,Sepsidae_Sepsis_punctum_2076066_1123581069,© all rights reserved
139424,3899193839,Sepsidae_Sepsis_punctum_1293228_3899193839,© all rights reserved
139826,1821275307,Sepsidae_Themira_leachi_747024_1821275307,© all rights reserved
140782,2246154991,Sepsidae_Nemopoda_nitidula_1516295_2246154991,© all rights reserved
141182,3899280436,Sepsidae_Sepsis_punctum_1293267_3899280436,© all rights reserved
141183,3899280436,Sepsidae_Sepsis_punctum_1293268_3899280436,© all rights reserved
142056,2619769215,Sepsidae_Sepsis_punctum_878596_2619769215,© all rights reserved
142729,1458887080,Sepsidae_Sepsis_punctum_46674_1458887080,© all rights reserved
142730,1458887080,Sepsidae_Sepsis_punctum_46675_1458887080,© all rights reserved
143047,3856891312,Sepsidae_Sepsis_punctum_1261186_3856891312,© all rights reserved
143048,3856891312,Sepsidae_Sepsis_punctum_1261187_3856891312,© all rights reserved
143049,3856891312,Sepsidae_Sepsis_punctum_1261188_3856891312,© all rights reserved
144388,1459854434,Sepsidae_Sepsis_punctum_47855_1459854434,© all rights reserved
145449,3078009030,Sepsidae_Sepsis_punctum_2344872_3078009030,© all rights reserved
146263,3822543949,Sepsidae_Nemopoda_nitidula_3317336_3822543949,http://creativecommons.org/licenses/by-nc-nd/4.0/
146771,3717389207,Sepsidae_Saltella_sphondylii_1171500_3717389207,http://creativecommons.org/licenses/by-nc-nd/4.0/
147988,2838408039,Sepsidae_Sepsis_thoracica_912128_2838408039,http://creativecommons.org/licenses/by-nc-nd/4.0/
147989,2838408039,Sepsidae_Sepsis_thoracica_912129_2838408039,http://creativecommons.org/licenses/by-nc-nd/4.0/
147990,2838408039,Sepsidae_Sepsis_thoracica_912130_2838408039,http://creativecommons.org/licenses/by-nc-nd/4.0/
147991,2838408039,Sepsidae_Sepsis_thoracica_912131_2838408039,http://creativecommons.org/licenses/by-nc-nd/4.0/
148029,3721050496,Sepsidae_Nemopoda_nitidula_1182976_3721050496,http://creativecommons.org/licenses/by-nc-nd/4.0/
148355,3825383191,Sepsidae_Sepsis_punctum_566030_3825383191,http://creativecommons.org/licenses/by-nc-nd/4.0/
148426,3825356112,Sepsidae_Nemopoda_nitidula_2633550_3825356112,http://creativecommons.org/licenses/by-nc-nd/4.0/
148782,1972383800,Sepsidae_Nemopoda_nitidula_117109_1972383800,http://creativecommons.org/licenses/by/4.0/
149061,3721695789,Sepsidae_Nemopoda_nitidula_1187311_3721695789,http://creativecommons.org/licenses/by-nc/4.0/
149062,3721695789,Sepsidae_Nemopoda_nitidula_1187312_3721695789,http://creativecommons.org/licenses/by-nc/4.0/
149354,3721620177,Sepsidae_Themira_lucida_497984_3721620177,http://creativecommons.org/licenses/by-nc-nd/4.0/
149355,3721620177,Sepsidae_Themira_lucida_497985_3721620177,http://creativecommons.org/licenses/by-nc-nd/4.0/
149356,3721620177,Sepsidae_Themira_lucida_497986_3721620177,http://creativecommons.org/licenses/by-nc-nd/4.0/
149476,1970787742,Sepsidae_Sepsis_punctum_2874200_1970787742,http://creativecommons.org/licenses/by-nc-nd/4.0/
149477,1970787742,Sepsidae_Sepsis_punctum_2874201_1970787742,http://creativecommons.org/licenses/by-nc-nd/4.0/
150399,3335605409,Sepsidae_Nemopoda_nitidula_3066813_3335605409,© All rights reserved
150435,2411828783,Sepsidae_Nemopoda_nitidula_844776_2411828783,http://creativecommons.org/licenses/by-nc-sa/4.0/
151062,2411349221,Sepsidae_Nemopoda_nitidula_844661_2411349221,http://creativecommons.org/licenses/by-nc-sa/4.0/
151063,2411349221,Sepsidae_Nemopoda_nitidula_844662_2411349221,http://creativecommons.org/licenses/by-nc-sa/4.0/
151169,3864262464,Sepsidae_Themira_leachi_3346245_3864262464,© All rights reserved
151381,2332757495,Sepsidae_Sepsis_punctum_1528036_2332757495,© All rights reserved
151382,2332757495,Sepsidae_Sepsis_punctum_1528037_2332757495,© All rights reserved
152793,3821940816,Sepsidae_Sepsis_punctum_558613_3821940816,http://creativecommons.org/licenses/by-nc-nd/4.0/
152825,3717550366,Sepsidae_Nemopoda_nitidula_1862018_3717550366,http://creativecommons.org/licenses/by-nc-nd/4.0/
152826,3717550366,Sepsidae_Nemopoda_nitidula_1862019_3717550366,http://creativecommons.org/licenses/by-nc-nd/4.0/
153250,3726595040,Sepsidae_Sepsis_punctum_3272415_3726595040,http://creativecommons.org/licenses/by-nc-nd/4.0/
153251,3726595040,Sepsidae_Sepsis_punctum_3272416_3726595040,http://creativecommons.org/licenses/by-nc-nd/4.0/
153502,3995961287,Sepsidae_Saltella_sphondylii_668428_3995961287,http://creativecommons.org/licenses/by-nc-nd/4.0/
154526,3722237291,Sepsidae_Orygma_luctuosum_1880714_3722237291,http://creativecommons.org/licenses/by-nc/4.0/
154527,3722237291,Sepsidae_Orygma_luctuosum_1880715_3722237291,http://creativecommons.org/licenses/by-nc/4.0/
154528,3722237291,Sepsidae_Orygma_luctuosum_1880716_3722237291,http://creativecommons.org/licenses/by-nc/4.0/
154539,3825471914,Sepsidae_Sepsis_punctum_1255505_3825471914,http://creativecommons.org/licenses/by-nc-nd/4.0/
155163,3728976007,Sepsidae_Sepsis_fulgens_3280483_3728976007,http://creativecommons.org/licenses/by-nc-nd/4.0/
155164,3728976007,Sepsidae_Sepsis_fulgens_3280484_3728976007,http://creativecommons.org/licenses/by-nc-nd/4.0/
155165,3728976007,Sepsidae_Sepsis_fulgens_3280485_3728976007,http://creativecommons.org/licenses/by-nc-nd/4.0/
155166,3728976007,Sepsidae_Sepsis_fulgens_3280486_3728976007,http://creativecommons.org/licenses/by-nc-nd/4.0/
155167,3728976007,Sepsidae_Sepsis_fulgens_3280487_3728976007,http://creativecommons.org/licenses/by-nc-nd/4.0/
155168,3728976007,Sepsidae_Sepsis_fulgens_3280488_3728976007,http://creativecommons.org/licenses/by-nc-nd/4.0/
155169,3728976007,Sepsidae_Sepsis_fulgens_3280489_3728976007,http://creativecommons.org/licenses/by-nc-nd/4.0/
155170,3728976007,Sepsidae_Sepsis_fulgens_3280490_3728976007,http://creativecommons.org/licenses/by-nc-nd/4.0/
155171,3728976007,Sepsidae_Sepsis_fulgens_3280491_3728976007,http://creativecommons.org/licenses/by-nc-nd/4.0/
155172,3728976007,Sepsidae_Sepsis_fulgens_3280492_3728976007,http://creativecommons.org/licenses/by-nc-nd/4.0/
155209,2841638563,Sepsidae_Saltella_sphondylii_1605002_2841638563,http://creativecommons.org/licenses/by-nc-nd/4.0/
155627,2845193234,Sepsidae_Sepsis_punctum_924734_2845193234,http://creativecommons.org/licenses/by-nc/4.0/
155628,2845193234,Sepsidae_Sepsis_punctum_924735_2845193234,http://creativecommons.org/licenses/by-nc/4.0/
155629,2845193234,Sepsidae_Sepsis_punctum_924736_2845193234,http://creativecommons.org/licenses/by-nc/4.0/
155630,2845193234,Sepsidae_Sepsis_punctum_924737_2845193234,http://creativecommons.org/licenses/by-nc/4.0/
155631,2845193234,Sepsidae_Sepsis_punctum_924738_2845193234,http://creativecommons.org/licenses/by-nc/4.0/
155648,3722959404,Sepsidae_Nemopoda_nitidula_1195434_3722959404,http://creativecommons.org/licenses/by-nc-nd/4.0/
155711,3718470772,Sepsidae_Sepsis_thoracica_487068_3718470772,http://creativecommons.org/licenses/by-nc-nd/4.0/
155814,1960170898,Sepsidae_Themira_pubera_100538_1960170898,http://creativecommons.org/licenses/by-nc-nd/4.0/
155815,1960170898,Sepsidae_Themira_pubera_100539_1960170898,http://creativecommons.org/licenses/by-nc-nd/4.0/
155816,1960170898,Sepsidae_Themira_pubera_100540_1960170898,http://creativecommons.org/licenses/by-nc-nd/4.0/
155817,1960170898,Sepsidae_Themira_pubera_100541_1960170898,http://creativecommons.org/licenses/by-nc-nd/4.0/
156010,3822842316,Sepsidae_Nemopoda_nitidula_3318236_3822842316,http://creativecommons.org/licenses/by-nc-nd/4.0/
156612,3417250330,Sepsidae_Nemopoda_nitidula_2403756_3417250330,© All rights reserved
156846,3310027555,Sepsidae_Themira_pubera_983180_3310027555,© All rights reserved
156847,3310027555,Sepsidae_Themira_pubera_983181_3310027555,© All rights reserved
156848,3310027555,Sepsidae_Themira_pubera_983182_3310027555,© All rights reserved
156859,3451420488,Sepsidae_Sepsis_violacea_1833965_3451420488,© All rights reserved
157951,2844793733,Sepsidae_Saltella_sphondylii_2301473_2844793733,http://creativecommons.org/licenses/by/4.0/
158258,1973812969,Sepsidae_Themira_lucida_810634_1973812969,http://creativecommons.org/licenses/by-nc-nd/4.0/
158549,2840712557,Sepsidae_Orygma_luctuosum_1603239_2840712557,http://creativecommons.org/licenses/by-nc-nd/4.0/
158550,2840712557,Sepsidae_Orygma_luctuosum_1603240_2840712557,http://creativecommons.org/licenses/by-nc-nd/4.0/
158551,2840712557,Sepsidae_Orygma_luctuosum_1603241_2840712557,http://creativecommons.org/licenses/by-nc-nd/4.0/
158933,1952186011,Sepsidae_Sepsis_cynipsea_778260_1952186011,http://creativecommons.org/licenses/by-nc-nd/4.0/
158934,1952186011,Sepsidae_Sepsis_cynipsea_778261_1952186011,http://creativecommons.org/licenses/by-nc-nd/4.0/
158967,1951849674,Sepsidae_Sepsis_fulgens_777938_1951849674,http://creativecommons.org/licenses/by-nc-nd/4.0/
159362,3726775515,Sepsidae_Sepsis_fulgens_1204123_3726775515,http://creativecommons.org/licenses/by-nc-nd/4.0/
160608,1960690045,Sepsidae_Sepsis_punctum_791485_1960690045,http://creativecommons.org/licenses/by-nc-nd/4.0/
160609,1960690045,Sepsidae_Sepsis_punctum_791486_1960690045,http://creativecommons.org/licenses/by-nc-nd/4.0/
160725,3825473293,Sepsidae_Nemopoda_nitidula_2634084_3825473293,http://creativecommons.org/licenses/by-nc-nd/4.0/
160856,3726555636,Sepsidae_Nemopoda_nitidula_1203180_3726555636,http://creativecommons.org/licenses/by-nc-nd/4.0/
161242,3826396560,Sepsidae_Sepsis_punctum_568584_3826396560,http://creativecommons.org/licenses/by-nc/4.0/
161243,3826396560,Sepsidae_Sepsis_punctum_568585_3826396560,http://creativecommons.org/licenses/by-nc/4.0/
161433,3990965350,Sepsidae_Orygma_luctuosum_1351030_3990965350,© All rights reserved
162284,3309949514,Sepsidae_Nemopoda_nitidula_3051971_3309949514,© All rights reserved
162285,3866415410,Sepsidae_Sepsis_punctum_3346371_3866415410,© All rights reserved
162286,3866415410,Sepsidae_Sepsis_punctum_3346372_3866415410,© All rights reserved
162804,2408320514,Sepsidae_Sepsis_punctum_844093_2408320514,© All rights reserved
162805,2408320514,Sepsidae_Sepsis_punctum_844094_2408320514,© All rights reserved
162806,2408320514,Sepsidae_Sepsis_punctum_844095_2408320514,© All rights reserved
163194,3757151389,Sepsidae_Sepsis_violacea_543606_3757151389,© All rights reserved
163222,2986919363,Sepsidae_Sepsis_punctum_1635300_2986919363,© All rights reserved
163223,2986919363,Sepsidae_Sepsis_punctum_1635301_2986919363,© All rights reserved
163224,2986919363,Sepsidae_Sepsis_punctum_1635302_2986919363,© All rights reserved
163225,2986919363,Sepsidae_Sepsis_punctum_1635303_2986919363,© All rights reserved
163226,2986919363,Sepsidae_Sepsis_punctum_1635304_2986919363,© All rights reserved
163303,2404563657,Sepsidae_Sepsis_cynipsea_153039_2404563657,http://creativecommons.org/licenses/by-sa/4.0/
163465,3757355454,Sepsidae_Sepsis_punctum_3301819_3757355454,© All rights reserved
163466,3757355454,Sepsidae_Sepsis_punctum_3301820_3757355454,© All rights reserved
164281,3822494250,Sepsidae_Nemopoda_nitidula_3317154_3822494250,http://creativecommons.org/licenses/by-nc-nd/4.0/
164690,3717493350,Sepsidae_Saltella_sphondylii_1172020_3717493350,http://creativecommons.org/licenses/by-nc-nd/4.0/
165224,2838822975,Sepsidae_Sepsis_thoracica_222510_2838822975,http://creativecommons.org/licenses/by-nc/4.0/
165225,2838822975,Sepsidae_Sepsis_thoracica_222511_2838822975,http://creativecommons.org/licenses/by-nc/4.0/
165226,2838822975,Sepsidae_Sepsis_thoracica_222512_2838822975,http://creativecommons.org/licenses/by-nc/4.0/
165227,2838822975,Sepsidae_Sepsis_thoracica_222513_2838822975,http://creativecommons.org/licenses/by-nc/4.0/
165263,3826324513,Sepsidae_Sepsis_cynipsea_3326987_3826324513,http://creativecommons.org/licenses/by-nc/4.0/
165360,3825438119,Sepsidae_Sepsis_punctum_1255388_3825438119,http://creativecommons.org/licenses/by-nc-nd/4.0/
165892,3723487539,Sepsidae_Nemopoda_nitidula_1886279_3723487539,http://creativecommons.org/licenses/by-nc-nd/4.0/
166019,2842295195,Sepsidae_Nemopoda_nitidula_2295943_2842295195,http://creativecommons.org/licenses/by-nc-nd/4.0/
166020,2842295195,Sepsidae_Nemopoda_nitidula_2295944_2842295195,http://creativecommons.org/licenses/by-nc-nd/4.0/
166095,2842669835,Sepsidae_Saltella_sphondylii_2987495_2842669835,http://creativecommons.org/licenses/by-nc-nd/4.0/
166096,2842669835,Sepsidae_Saltella_sphondylii_2987496_2842669835,http://creativecommons.org/licenses/by-nc-nd/4.0/
166422,3730898207,Sepsidae_Nemopoda_nitidula_1908534_3730898207,http://creativecommons.org/licenses/by-nc-nd/4.0/
166423,3730898207,Sepsidae_Nemopoda_nitidula_1908535_3730898207,http://creativecommons.org/licenses/by-nc-nd/4.0/
167903,2837203300,Sepsidae_Themira_leachi_2977804_2837203300,http://creativecommons.org/licenses/by-nc-nd/4.0/
167904,2837203300,Sepsidae_Themira_leachi_2977805_2837203300,http://creativecommons.org/licenses/by-nc-nd/4.0/
167905,2837203300,Sepsidae_Themira_leachi_2977806_2837203300,http://creativecommons.org/licenses/by-nc-nd/4.0/
167906,2837203300,Sepsidae_Themira_leachi_2977807_2837203300,http://creativecommons.org/licenses/by-nc-nd/4.0/
167907,2837203300,Sepsidae_Themira_leachi_2977808_2837203300,http://creativecommons.org/licenses/by-nc-nd/4.0/
168650,2834458617,Sepsidae_Sepsis_thoracica_215164_2834458617,http://creativecommons.org/licenses/by-nc-nd/4.0/
168686,3729218005,Sepsidae_Nemopoda_nitidula_1901212_3729218005,http://creativecommons.org/licenses/by-nc-nd/4.0/
168716,3822455026,Sepsidae_Sepsis_punctum_1936972_3822455026,http://creativecommons.org/licenses/by-nc/4.0/
168717,3822455026,Sepsidae_Sepsis_punctum_1936973_3822455026,http://creativecommons.org/licenses/by-nc/4.0/
168718,3822455026,Sepsidae_Sepsis_punctum_1936974_3822455026,http://creativecommons.org/licenses/by-nc/4.0/
168887,1959474869,Sepsidae_Saltella_sphondylii_99120_1959474869,http://creativecommons.org/licenses/by-nc-nd/4.0/
168888,1959474869,Sepsidae_Saltella_sphondylii_99121_1959474869,http://creativecommons.org/licenses/by-nc-nd/4.0/
168889,1959474869,Sepsidae_Saltella_sphondylii_99122_1959474869,http://creativecommons.org/licenses/by-nc-nd/4.0/
169040,3822617889,Sepsidae_Sepsis_punctum_3317681_3822617889,http://creativecommons.org/licenses/by-nc-nd/4.0/
169793,3730095647,Sepsidae_Nemopoda_nitidula_1904164_3730095647,http://creativecommons.org/licenses/by-nc-sa/4.0/
170071,3718559501,Sepsidae_Sepsis_punctum_2555468_3718559501,http://creativecommons.org/licenses/by-nc-nd/4.0/
170072,3718559501,Sepsidae_Sepsis_punctum_2555469_3718559501,http://creativecommons.org/licenses/by-nc-nd/4.0/
170093,1976487475,Sepsidae_Saltella_sphondylii_813982_1976487475,http://creativecommons.org/licenses/by-nc/4.0/
170094,1976487475,Sepsidae_Saltella_sphondylii_813983_1976487475,http://creativecommons.org/licenses/by-nc/4.0/
170106,3822502268,Sepsidae_Sepsis_thoracica_2626764_3822502268,http://creativecommons.org/licenses/by-nc-nd/4.0/
170107,3822502268,Sepsidae_Sepsis_thoracica_2626765_3822502268,http://creativecommons.org/licenses/by-nc-nd/4.0/
170108,3822502268,Sepsidae_Sepsis_thoracica_2626766_3822502268,http://creativecommons.org/licenses/by-nc-nd/4.0/
170527,3825243170,Sepsidae_Sepsis_fulgens_1943687_3825243170,http://creativecommons.org/licenses/by-nc-nd/4.0/
170574,3822459181,Sepsidae_Sepsis_thoracica_2626574_3822459181,http://creativecommons.org/licenses/by-nc-nd/4.0/
170688,3826258357,Sepsidae_Sepsis_cynipsea_1257486_3826258357,http://creativecommons.org/licenses/by-nc-nd/4.0/
170689,3826258357,Sepsidae_Sepsis_cynipsea_1257487_3826258357,http://creativecommons.org/licenses/by-nc-nd/4.0/
170690,3826258357,Sepsidae_Sepsis_cynipsea_1257488_3826258357,http://creativecommons.org/licenses/by-nc-nd/4.0/
170691,3826258357,Sepsidae_Sepsis_cynipsea_1257489_3826258357,http://creativecommons.org/licenses/by-nc-nd/4.0/
170692,3826258357,Sepsidae_Sepsis_cynipsea_1257490_3826258357,http://creativecommons.org/licenses/by-nc-nd/4.0/
170786,3719832388,Sepsidae_Nemopoda_nitidula_2557438_3719832388,http://creativecommons.org/licenses/by-nc-nd/4.0/
171402,3720713800,Sepsidae_Nemopoda_nitidula_492227_3720713800,http://creativecommons.org/licenses/by-nc-nd/4.0/
172145,1970799461,Sepsidae_Sepsis_punctum_115713_1970799461,http://creativecommons.org/licenses/by-nc-nd/4.0/
173947,1461129262,Sepsidae_Nemopoda_nitidula_49509_1461129262,© all rights reserved
174374,3730536868,Sepsidae_Saltella_sphondylii_1906381_3730536868,http://creativecommons.org/licenses/by-nc-nd/4.0/
174948,1960136342,Sepsidae_Nemopoda_nitidula_791135_1960136342,http://creativecommons.org/licenses/by-nc-nd/4.0/
175558,2841964192,Sepsidae_Saltella_sphondylii_1605918_2841964192,http://creativecommons.org/licenses/by-nc-nd/4.0/
175621,3729798278,Sepsidae_Saltella_sphondylii_1903005_3729798278,http://creativecommons.org/licenses/by-nc-nd/4.0/
175622,3729798278,Sepsidae_Saltella_sphondylii_1903006_3729798278,http://creativecommons.org/licenses/by-nc-nd/4.0/
175837,3822458004,Sepsidae_Sepsis_punctum_1247948_3822458004,http://creativecommons.org/licenses/by-nc-nd/4.0/
175838,3822458004,Sepsidae_Sepsis_punctum_1247949_3822458004,http://creativecommons.org/licenses/by-nc-nd/4.0/
175839,3822458004,Sepsidae_Sepsis_punctum_1247950_3822458004,http://creativecommons.org/licenses/by-nc-nd/4.0/
175874,3826041759,Sepsidae_Nemopoda_nitidula_1946041_3826041759,http://creativecommons.org/licenses/by-nc-nd/4.0/
175931,2844796680,Sepsidae_Sepsis_punctum_1612280_2844796680,http://creativecommons.org/licenses/by-nc/4.0/
175932,2844796680,Sepsidae_Sepsis_punctum_1612281_2844796680,http://creativecommons.org/licenses/by-nc/4.0/
175971,3730951919,Sepsidae_Nemopoda_nitidula_1908848_3730951919,http://creativecommons.org/licenses/by-nc/4.0/
179183,2560910844,Sepsidae_Sepsis_fulgens_2248633_2560910844,© All rights reserved
179184,2560910844,Sepsidae_Sepsis_fulgens_2248634_2560910844,© All rights reserved
179475,3310052534,Sepsidae_Sepsis_punctum_983211_3310052534,© All rights reserved
179476,3310052534,Sepsidae_Sepsis_punctum_983212_3310052534,© All rights reserved
181747,2239019580,Sepsidae_Orygma_luctuosum_2894568_2239019580,http://creativecommons.org/licenses/by-nc/4.0/
184543,2621958007,Sepsidae_Sepsis_lateralis_879446_2621958007,
185403,3117820446,Sepsidae_Nemopoda_nitidula_3045174_3117820446,http://creativecommons.org/licenses/by-nc/4.0/
185404,3117820446,Sepsidae_Nemopoda_nitidula_3045175_3117820446,http://creativecommons.org/licenses/by-nc/4.0/
185405,3117820446,Sepsidae_Nemopoda_nitidula_3045176_3117820446,http://creativecommons.org/licenses/by-nc/4.0/
185407,3117820446,Sepsidae_Nemopoda_nitidula_3045178_3117820446,http://creativecommons.org/licenses/by-nc/4.0/
187763,1460253438,Sepsidae_Sepsis_punctum_1428488_1460253438,© all rights reserved
187764,1460253438,Sepsidae_Sepsis_punctum_1428489_1460253438,© all rights reserved
187790,2271698082,Sepsidae_Sepsis_punctum_835249_2271698082,© all rights reserved
187791,2271698082,Sepsidae_Sepsis_punctum_835250_2271698082,© all rights reserved
187792,2271698082,Sepsidae_Sepsis_punctum_835251_2271698082,© all rights reserved
187793,2271698082,Sepsidae_Sepsis_punctum_835252_2271698082,© all rights reserved
187882,3993136018,Sepsidae_Sepsis_punctum_2040363_3993136018,© all rights reserved
188203,3961271798,Sepsidae_Orygma_luctuosum_3411801_3961271798,http://creativecommons.org/licenses/by-nc/4.0/
188875,4009755794,Sepsidae_Sepsis_fulgens_3433764_4009755794,http://creativecommons.org/licenses/by-nc/4.0/
188876,4009755794,Sepsidae_Sepsis_fulgens_3433765_4009755794,http://creativecommons.org/licenses/by-nc/4.0/
189719,1272089760,Sepsidae_Sepsis_punctum_716275_1272089760,http://creativecommons.org/licenses/by-nc-sa/4.0/
189720,1272089760,Sepsidae_Sepsis_punctum_716276_1272089760,http://creativecommons.org/licenses/by-nc-sa/4.0/
189721,1272089760,Sepsidae_Sepsis_punctum_716277_1272089760,http://creativecommons.org/licenses/by-nc-sa/4.0/
190820,1935599875,Sepsidae_Sepsis_punctum_85691_1935599875,http://creativecommons.org/licenses/by/4.0/
190821,1935599875,Sepsidae_Sepsis_punctum_85692_1935599875,http://creativecommons.org/licenses/by/4.0/
190822,1935599875,Sepsidae_Sepsis_punctum_85693_1935599875,http://creativecommons.org/licenses/by/4.0/
191847,1265745203,Sepsidae_Sepsis_bicornuta_11972_1265745203,http://creativecommons.org/licenses/by/4.0/
191848,1265745203,Sepsidae_Sepsis_bicornuta_11973_1265745203,http://creativecommons.org/licenses/by/4.0/
191849,1265745203,Sepsidae_Sepsis_bicornuta_11974_1265745203,http://creativecommons.org/licenses/by/4.0/
191850,1265745203,Sepsidae_Sepsis_bicornuta_11975_1265745203,http://creativecommons.org/licenses/by/4.0/
192237,3451484303,Sepsidae_Sepsis_cynipsea_2523157_3451484303,© All rights reserved
192238,3451484303,Sepsidae_Sepsis_cynipsea_2523158_3451484303,© All rights reserved
192296,3417220336,Sepsidae_Sepsis_fulgens_1025625_3417220336,© All rights reserved
194580,1211981066,Sepsidae_Saltella_sphondylii_9006_1211981066,http://creativecommons.org/licenses/by-nc-sa/4.0/
195022,2596140257,Sepsidae_Sepsis_punctum_1563659_2596140257,http://creativecommons.org/licenses/by-nc/4.0/
196184,2844897554,Sepsidae_Saltella_sphondylii_2992294_2844897554,http://creativecommons.org/licenses/by-nc-nd/4.0/
196887,3718511010,Sepsidae_Saltella_sphondylii_1176432_3718511010,http://creativecommons.org/licenses/by-nc-nd/4.0/
196888,3718511010,Sepsidae_Saltella_sphondylii_1176433_3718511010,http://creativecommons.org/licenses/by-nc-nd/4.0/
197528,3719827159,Sepsidae_Nemopoda_nitidula_2557430_3719827159,http://creativecommons.org/licenses/by-nc-nd/4.0/
198861,1957338979,Sepsidae_Themira_annulipes_1474722_1957338979,http://creativecommons.org/licenses/by-nc-nd/4.0/
198862,1957338979,Sepsidae_Themira_annulipes_1474723_1957338979,http://creativecommons.org/licenses/by-nc-nd/4.0/
198863,1957338979,Sepsidae_Themira_annulipes_1474724_1957338979,http://creativecommons.org/licenses/by-nc-nd/4.0/
198877,3728016816,Sepsidae_Sepsis_thoracica_1897977_3728016816,http://creativecommons.org/licenses/by-nc/4.0/
203347,3447733977,Sepsidae_Themira_annulipes_1833193_3447733977,http://creativecommons.org/licenses/by-sa/4.0/
203486,3447736790,Sepsidae_Sepsis_punctum_2522299_3447736790,http://creativecommons.org/licenses/by-sa/4.0/
203487,3447736791,Sepsidae_Sepsis_punctum_3212500_3447736791,http://creativecommons.org/licenses/by-sa/4.0/
203671,3447757093,Sepsidae_Themira_pubera_1833278_3447757093,http://creativecommons.org/licenses/by-sa/4.0/
203742,3447773593,Sepsidae_Sepsis_fulgens_454460_3447773593,http://creativecommons.org/licenses/by-sa/4.0/
204370,1123153935,Sepsidae_Sepsis_punctum_6769_1123153935,© all rights reserved
204371,1123153935,Sepsidae_Sepsis_punctum_6770_1123153935,© all rights reserved
206097,2842646148,Sepsidae_Saltella_sphondylii_919229_2842646148,http://creativecommons.org/licenses/by-nc-nd/4.0/
206216,3822685432,Sepsidae_Sepsis_punctum_2627529_3822685432,http://creativecommons.org/licenses/by-nc/4.0/
206217,3822685432,Sepsidae_Sepsis_punctum_2627530_3822685432,http://creativecommons.org/licenses/by-nc/4.0/
206218,3822685432,Sepsidae_Sepsis_punctum_2627531_3822685432,http://creativecommons.org/licenses/by-nc/4.0/
206219,3822685432,Sepsidae_Sepsis_punctum_2627532_3822685432,http://creativecommons.org/licenses/by-nc/4.0/
206854,3727495478,Sepsidae_Themira_leachi_1206915_3727495478,http://creativecommons.org/licenses/by-nc/4.0/
207132,3727627596,Sepsidae_Nemopoda_nitidula_3276715_3727627596,http://creativecommons.org/licenses/by-nc-nd/4.0/
210020,1846935454,Sepsidae_Nemopoda_nitidula_75441_1846935454,
211572,3451520521,Sepsidae_Sepsis_flavimana_1144616_3451520521,© All rights reserved
212255,2837715699,Sepsidae_Sepsis_punctum_2288556_2837715699,http://creativecommons.org/licenses/by/4.0/
213613,3721969572,Sepsidae_Saltella_sphondylii_500580_3721969572,http://creativecommons.org/licenses/by-nc-nd/4.0/
213773,3721633760,Sepsidae_Saltella_sphondylii_1876237_3721633760,http://creativecommons.org/licenses/by-nc-nd/4.0/
213774,3721633760,Sepsidae_Saltella_sphondylii_1876238_3721633760,http://creativecommons.org/licenses/by-nc-nd/4.0/
213983,1971239954,Sepsidae_Sepsis_fulgens_2874713_1971239954,http://creativecommons.org/licenses/by-nc-sa/4.0/
213984,1971239954,Sepsidae_Sepsis_fulgens_2874714_1971239954,http://creativecommons.org/licenses/by-nc-sa/4.0/
214101,3826654398,Sepsidae_Sepsis_punctum_1258183_3826654398,http://creativecommons.org/licenses/by-nc-nd/4.0/
214115,1965574148,Sepsidae_Sepsis_fulgens_1486174_1965574148,http://creativecommons.org/licenses/by-nc-nd/4.0/
214116,1965574148,Sepsidae_Sepsis_fulgens_1486175_1965574148,http://creativecommons.org/licenses/by-nc-nd/4.0/
214117,1965574148,Sepsidae_Sepsis_fulgens_1486176_1965574148,http://creativecommons.org/licenses/by-nc-nd/4.0/
214118,1965574148,Sepsidae_Sepsis_fulgens_1486177_1965574148,http://creativecommons.org/licenses/by-nc-nd/4.0/
214119,1965574148,Sepsidae_Sepsis_fulgens_1486178_1965574148,http://creativecommons.org/licenses/by-nc-nd/4.0/
214120,1965574148,Sepsidae_Sepsis_fulgens_1486179_1965574148,http://creativecommons.org/licenses/by-nc-nd/4.0/
214121,1965574148,Sepsidae_Sepsis_fulgens_1486180_1965574148,http://creativecommons.org/licenses/by-nc-nd/4.0/
215279,3822473845,Sepsidae_Sepsis_fulgens_1248019_3822473845,http://creativecommons.org/licenses/by-nc-nd/4.0/
215280,3822473845,Sepsidae_Sepsis_fulgens_1248020_3822473845,http://creativecommons.org/licenses/by-nc-nd/4.0/
215281,3822473845,Sepsidae_Sepsis_fulgens_1248021_3822473845,http://creativecommons.org/licenses/by-nc-nd/4.0/
215282,3822473845,Sepsidae_Sepsis_fulgens_1248022_3822473845,http://creativecommons.org/licenses/by-nc-nd/4.0/
215477,3718126403,Sepsidae_Nemopoda_nitidula_3244325_3718126403,http://creativecommons.org/licenses/by-nc-nd/4.0/
215478,3718126403,Sepsidae_Nemopoda_nitidula_3244326_3718126403,http://creativecommons.org/licenses/by-nc-nd/4.0/
215862,3732956592,Sepsidae_Nemopoda_nitidula_1229743_3732956592,http://creativecommons.org/licenses/by-nc-nd/4.0/
216452,3726546895,Sepsidae_Saltella_sphondylii_2581850_3726546895,http://creativecommons.org/licenses/by-nc-nd/4.0/
216570,1964586225,Sepsidae_Sepsis_fulgens_2172956_1964586225,http://creativecommons.org/licenses/by-nc-nd/4.0/
216846,3720404302,Sepsidae_Saltella_sphondylii_3249167_3720404302,http://creativecommons.org/licenses/by-nc-nd/4.0/
216847,3720404302,Sepsidae_Saltella_sphondylii_3249168_3720404302,http://creativecommons.org/licenses/by-nc-nd/4.0/
216848,3720404302,Sepsidae_Saltella_sphondylii_3249169_3720404302,http://creativecommons.org/licenses/by-nc-nd/4.0/
216849,3720404302,Sepsidae_Saltella_sphondylii_3249170_3720404302,http://creativecommons.org/licenses/by-nc-nd/4.0/
216983,1957873860,Sepsidae_Themira_pubera_1475941_1957873860,http://creativecommons.org/licenses/by-nc/4.0/
216984,1957873860,Sepsidae_Themira_pubera_1475942_1957873860,http://creativecommons.org/licenses/by-nc/4.0/
216985,1957873860,Sepsidae_Themira_pubera_1475943_1957873860,http://creativecommons.org/licenses/by-nc/4.0/
216986,1957873860,Sepsidae_Themira_pubera_1475944_1957873860,http://creativecommons.org/licenses/by-nc/4.0/
217051,3722903181,Sepsidae_Sepsis_cynipsea_1884573_3722903181,http://creativecommons.org/licenses/by-nc-nd/4.0/
217052,3722903181,Sepsidae_Sepsis_cynipsea_1884574_3722903181,http://creativecommons.org/licenses/by-nc-nd/4.0/
217096,3717891290,Sepsidae_Saltella_sphondylii_1173936_3717891290,http://creativecommons.org/licenses/by-nc-nd/4.0/
217672,2842704639,Sepsidae_Saltella_sphondylii_919344_2842704639,http://creativecommons.org/licenses/by-nc-nd/4.0/
217952,3822652820,Sepsidae_Nemopoda_nitidula_2627378_3822652820,http://creativecommons.org/licenses/by-nc-nd/4.0/
217953,3822652820,Sepsidae_Nemopoda_nitidula_2627379_3822652820,http://creativecommons.org/licenses/by-nc-nd/4.0/
217955,3822652820,Sepsidae_Nemopoda_nitidula_2627381_3822652820,http://creativecommons.org/licenses/by-nc-nd/4.0/
218196,3822480966,Sepsidae_Sepsis_violacea_2626682_3822480966,http://creativecommons.org/licenses/by-nc-nd/4.0/
218197,3822480966,Sepsidae_Sepsis_violacea_2626683_3822480966,http://creativecommons.org/licenses/by-nc-nd/4.0/
218198,3822480966,Sepsidae_Sepsis_violacea_2626684_3822480966,http://creativecommons.org/licenses/by-nc-nd/4.0/
218568,2844832269,Sepsidae_Nemopoda_nitidula_923880_2844832269,http://creativecommons.org/licenses/by-nc-nd/4.0/
218857,1976665909,Sepsidae_Sepsis_punctum_814391_1976665909,http://creativecommons.org/licenses/by-nc-nd/4.0/
218858,1976665909,Sepsidae_Sepsis_punctum_814392_1976665909,http://creativecommons.org/licenses/by-nc-nd/4.0/
218915,3723361360,Sepsidae_Themira_leachi_507593_3723361360,http://creativecommons.org/licenses/by-nc-nd/4.0/
219522,3822748449,Sepsidae_Sepsis_punctum_1248978_3822748449,http://creativecommons.org/licenses/by-nc-nd/4.0/
219523,3822748449,Sepsidae_Sepsis_punctum_1248979_3822748449,http://creativecommons.org/licenses/by-nc-nd/4.0/
219719,3732598337,Sepsidae_Themira_superba_539376_3732598337,http://creativecommons.org/licenses/by-nc-nd/4.0/
219842,3726132765,Sepsidae_Sepsis_thoracica_511976_3726132765,http://creativecommons.org/licenses/by-nc-nd/4.0/
219843,3726132765,Sepsidae_Sepsis_thoracica_511977_3726132765,http://creativecommons.org/licenses/by-nc-nd/4.0/
220117,2839588430,Sepsidae_Sepsis_fulgens_913476_2839588430,http://creativecommons.org/licenses/by-nc-nd/4.0/
220209,3825329805,Sepsidae_Nemopoda_nitidula_1944072_3825329805,http://creativecommons.org/licenses/by-nc-nd/4.0/
221657,3915258936,Sepsidae_Nemopoda_nitidula_1326874_3915258936,http://creativecommons.org/licenses/by-nc/4.0/
221658,3915258936,Sepsidae_Nemopoda_nitidula_1326875_3915258936,http://creativecommons.org/licenses/by-nc/4.0/
222309,1024179957,Sepsidae_Sepsis_fulgens_2072649_1024179957,http://creativecommons.org/licenses/by-nc-sa/4.0/
222310,1024179957,Sepsidae_Sepsis_fulgens_2072650_1024179957,http://creativecommons.org/licenses/by-nc-sa/4.0/
224062,1950983354,Sepsidae_Sepsis_fulgens_2845297_1950983354,http://creativecommons.org/licenses/by-nc-nd/4.0/
224063,1950983354,Sepsidae_Sepsis_fulgens_2845298_1950983354,http://creativecommons.org/licenses/by-nc-nd/4.0/
224064,1950983354,Sepsidae_Sepsis_fulgens_2845299_1950983354,http://creativecommons.org/licenses/by-nc-nd/4.0/
224731,3823569383,Sepsidae_Nemopoda_nitidula_561958_3823569383,http://creativecommons.org/licenses/by-nc-nd/4.0/
224732,3823569383,Sepsidae_Nemopoda_nitidula_561959_3823569383,http://creativecommons.org/licenses/by-nc-nd/4.0/
224915,3726301991,Sepsidae_Nemopoda_nitidula_3271037_3726301991,http://creativecommons.org/licenses/by-nc-sa/4.0/
224916,3726301991,Sepsidae_Nemopoda_nitidula_3271038_3726301991,http://creativecommons.org/licenses/by-nc-sa/4.0/
224918,3716459990,Sepsidae_Nemopoda_nitidula_477376_3716459990,http://creativecommons.org/licenses/by-nc-nd/4.0/
225461,3825531026,Sepsidae_Nemopoda_nitidula_1944790_3825531026,http://creativecommons.org/licenses/by-nc-nd/4.0/
225463,3825531026,Sepsidae_Nemopoda_nitidula_1944792_3825531026,http://creativecommons.org/licenses/by-nc-nd/4.0/
225590,3726770800,Sepsidae_Nemopoda_nitidula_2582800_3726770800,http://creativecommons.org/licenses/by-nc-nd/4.0/
225591,3726770800,Sepsidae_Nemopoda_nitidula_2582801_3726770800,http://creativecommons.org/licenses/by-nc-nd/4.0/
225593,3726770800,Sepsidae_Nemopoda_nitidula_2582803_3726770800,http://creativecommons.org/licenses/by-nc-nd/4.0/
226471,3823987949,Sepsidae_Sepsis_punctum_1940880_3823987949,http://creativecommons.org/licenses/by-nc-nd/4.0/
226472,3823987949,Sepsidae_Sepsis_punctum_1940881_3823987949,http://creativecommons.org/licenses/by-nc-nd/4.0/
226825,1969471616,Sepsidae_Themira_lucida_2871345_1969471616,http://creativecommons.org/licenses/by-nc-nd/4.0/
227114,1972824270,Sepsidae_Nemopoda_nitidula_808592_1972824270,http://creativecommons.org/licenses/by-nc-nd/4.0/
227738,3717356735,Sepsidae_Saltella_sphondylii_1171315_3717356735,http://creativecommons.org/licenses/by-nc/4.0/
227897,3717194325,Sepsidae_Saltella_sphondylii_1170540_3717194325,http://creativecommons.org/licenses/by-nc-nd/4.0/
227898,3717194325,Sepsidae_Saltella_sphondylii_1170541_3717194325,http://creativecommons.org/licenses/by-nc-nd/4.0/
228048,3995591591,Sepsidae_Saltella_sphondylii_2044366_3995591591,http://creativecommons.org/licenses/by-nc-nd/4.0/
228138,3717092712,Sepsidae_Nemopoda_nitidula_2549102_3717092712,http://creativecommons.org/licenses/by-nc-nd/4.0/
228544,3717550021,Sepsidae_Nemopoda_nitidula_482987_3717550021,http://creativecommons.org/licenses/by-nc-nd/4.0/
228545,3717550021,Sepsidae_Nemopoda_nitidula_482988_3717550021,http://creativecommons.org/licenses/by-nc-nd/4.0/
228781,3822554191,Sepsidae_Sepsis_punctum_559428_3822554191,http://creativecommons.org/licenses/by-nc-nd/4.0/
229766,3822895309,Sepsidae_Nemopoda_nitidula_3318357_3822895309,http://creativecommons.org/licenses/by-nc-nd/4.0/
229784,1971898433,Sepsidae_Sepsis_punctum_1495335_1971898433,http://creativecommons.org/licenses/by-nc-nd/4.0/
229785,1971898433,Sepsidae_Sepsis_punctum_1495336_1971898433,http://creativecommons.org/licenses/by-nc-nd/4.0/
230385,3451450436,Sepsidae_Nemopoda_nitidula_2523125_3451450436,© All rights reserved
231850,2844701426,Sepsidae_Saltella_sphondylii_923402_2844701426,http://creativecommons.org/licenses/by-nc-nd/4.0/
231896,3822590086,Sepsidae_Nemopoda_nitidula_2627108_3822590086,http://creativecommons.org/licenses/by-nc-nd/4.0/
231944,3825271101,Sepsidae_Nemopoda_nitidula_1943818_3825271101,http://creativecommons.org/licenses/by-nc-nd/4.0/
232479,3715598833,Sepsidae_Sepsis_punctum_3234235_3715598833,http://creativecommons.org/licenses/by-nc-nd/4.0/
232650,1973038386,Sepsidae_Themira_minor_1497524_1973038386,http://creativecommons.org/licenses/by-nc-nd/4.0/
232651,1973038386,Sepsidae_Themira_minor_1497525_1973038386,http://creativecommons.org/licenses/by-nc-nd/4.0/
232652,1973038386,Sepsidae_Themira_minor_1497526_1973038386,http://creativecommons.org/licenses/by-nc-nd/4.0/
232653,1973038386,Sepsidae_Themira_minor_1497527_1973038386,http://creativecommons.org/licenses/by-nc-nd/4.0/
232694,3721425693,Sepsidae_Saltella_sphondylii_1185348_3721425693,http://creativecommons.org/licenses/by-nc-nd/4.0/
232695,3721425693,Sepsidae_Saltella_sphondylii_1185349_3721425693,http://creativecommons.org/licenses/by-nc-nd/4.0/
232696,3721425693,Sepsidae_Saltella_sphondylii_1185350_3721425693,http://creativecommons.org/licenses/by-nc-nd/4.0/
232865,3722194778,Sepsidae_Sepsis_fulgens_3260386_3722194778,http://creativecommons.org/licenses/by-nc-nd/4.0/
232866,3722194778,Sepsidae_Sepsis_fulgens_3260387_3722194778,http://creativecommons.org/licenses/by-nc-nd/4.0/
233803,1963256070,Sepsidae_Sepsis_punctum_2862360_1963256070,http://creativecommons.org/licenses/by/4.0/
234174,1975755660,Sepsidae_Sepsis_orthocnemis_1501062_1975755660,http://creativecommons.org/licenses/by-nc-nd/4.0/
234175,1975755660,Sepsidae_Sepsis_orthocnemis_1501063_1975755660,http://creativecommons.org/licenses/by-nc-nd/4.0/
234496,3722511892,Sepsidae_Nemopoda_nitidula_1193139_3722511892,http://creativecommons.org/licenses/by-nc-nd/4.0/
234589,3822610107,Sepsidae_Nemopoda_nitidula_559639_3822610107,http://creativecommons.org/licenses/by-nc-nd/4.0/
234895,3719929799,Sepsidae_Sepsis_fulgens_1178662_3719929799,http://creativecommons.org/licenses/by-nc-nd/4.0/
235557,3825289144,Sepsidae_Nemopoda_nitidula_2633245_3825289144,http://creativecommons.org/licenses/by-nc/4.0/
235603,3823334326,Sepsidae_Nemopoda_nitidula_1939447_3823334326,http://creativecommons.org/licenses/by-nc-nd/4.0/
235698,3996866564,Sepsidae_Saltella_sphondylii_2739091_3996866564,http://creativecommons.org/licenses/by-nc-nd/4.0/
237465,2842151548,Sepsidae_Nemopoda_nitidula_917758_2842151548,http://creativecommons.org/licenses/by-nc-nd/4.0/
237590,3824114929,Sepsidae_Sepsis_fulgens_2630686_3824114929,http://creativecommons.org/licenses/by-nc/4.0/
237591,3824114929,Sepsidae_Sepsis_fulgens_2630687_3824114929,http://creativecommons.org/licenses/by-nc/4.0/
237627,3996777542,Sepsidae_Saltella_sphondylii_671281_3996777542,http://creativecommons.org/licenses/by-nc-nd/4.0/
238968,3722461436,Sepsidae_Saltella_sphondylii_3262135_3722461436,http://creativecommons.org/licenses/by-nc-nd/4.0/
239045,3825400294,Sepsidae_Sepsis_punctum_3324475_3825400294,http://creativecommons.org/licenses/by-nc-nd/4.0/
239454,3825254289,Sepsidae_Sepsis_punctum_565479_3825254289,http://creativecommons.org/licenses/by-nc/4.0/
239455,3825254289,Sepsidae_Sepsis_punctum_565480_3825254289,http://creativecommons.org/licenses/by-nc/4.0/
239491,3719365295,Sepsidae_Sepsis_punctum_1177873_3719365295,http://creativecommons.org/licenses/by-nc-nd/4.0/
239547,1955646240,Sepsidae_Nemopoda_nitidula_2161875_1955646240,http://creativecommons.org/licenses/by-nc-nd/4.0/
239549,1955646240,Sepsidae_Nemopoda_nitidula_2161877_1955646240,http://creativecommons.org/licenses/by-nc-nd/4.0/
240166,1973165683,Sepsidae_Sepsis_punctum_2187255_1973165683,http://creativecommons.org/licenses/by-nc-nd/4.0/
240404,3729459579,Sepsidae_Nemopoda_nitidula_523592_3729459579,http://creativecommons.org/licenses/by-nc-nd/4.0/
240405,3729459579,Sepsidae_Nemopoda_nitidula_523593_3729459579,http://creativecommons.org/licenses/by-nc-nd/4.0/
240408,3729459579,Sepsidae_Nemopoda_nitidula_523596_3729459579,http://creativecommons.org/licenses/by-nc-nd/4.0/
241917,3824689703,Sepsidae_Nemopoda_nitidula_1943058_3824689703,http://creativecommons.org/licenses/by-nc-nd/4.0/
242217,3822624234,Sepsidae_Nemopoda_nitidula_1248600_3822624234,http://creativecommons.org/licenses/by-nc-nd/4.0/
242418,3727602829,Sepsidae_Nemopoda_nitidula_1207320_3727602829,http://creativecommons.org/licenses/by-nc-nd/4.0/
242984,1954030533,Sepsidae_Sepsis_punctum_1470118_1954030533,http://creativecommons.org/licenses/by-nc-nd/4.0/
242985,1954030533,Sepsidae_Sepsis_punctum_1470119_1954030533,http://creativecommons.org/licenses/by-nc-nd/4.0/
243229,3822602853,Sepsidae_Nemopoda_nitidula_3317627_3822602853,http://creativecommons.org/licenses/by-nc-nd/4.0/
243943,3823973448,Sepsidae_Sepsis_cynipsea_1251730_3823973448,http://creativecommons.org/licenses/by-nc/4.0/
244820,3729969717,Sepsidae_Sepsis_punctum_525349_3729969717,http://creativecommons.org/licenses/by-nc-nd/4.0/
244821,3729969717,Sepsidae_Sepsis_punctum_525350_3729969717,http://creativecommons.org/licenses/by-nc-nd/4.0/
244822,3729969717,Sepsidae_Sepsis_punctum_525351_3729969717,http://creativecommons.org/licenses/by-nc-nd/4.0/
244834,3722490007,Sepsidae_Saltella_sphondylii_504059_3722490007,http://creativecommons.org/licenses/by-nc-nd/4.0/
244861,3822434245,Sepsidae_Sepsis_punctum_1936866_3822434245,http://creativecommons.org/licenses/by-nc-nd/4.0/
244862,3822434245,Sepsidae_Sepsis_punctum_1936867_3822434245,http://creativecommons.org/licenses/by-nc-nd/4.0/
244863,3822434245,Sepsidae_Sepsis_punctum_1936868_3822434245,http://creativecommons.org/licenses/by-nc-nd/4.0/
244864,3822434245,Sepsidae_Sepsis_punctum_1936869_3822434245,http://creativecommons.org/licenses/by-nc-nd/4.0/
244989,3825406097,Sepsidae_Sepsis_punctum_1255218_3825406097,http://creativecommons.org/licenses/by-nc-nd/4.0/
245322,3825360296,Sepsidae_Nemopoda_nitidula_1255013_3825360296,http://creativecommons.org/licenses/by-nc-nd/4.0/
245487,3730077874,Sepsidae_Saltella_sphondylii_3284122_3730077874,http://creativecommons.org/licenses/by-nc-nd/4.0/
245978,3822709447,Sepsidae_Themira_lucida_1248908_3822709447,http://creativecommons.org/licenses/by-nc-nd/4.0/
245979,3822709447,Sepsidae_Themira_lucida_1248909_3822709447,http://creativecommons.org/licenses/by-nc-nd/4.0/
246176,3822459082,Sepsidae_Nemopoda_nitidula_2626570_3822459082,http://creativecommons.org/licenses/by-nc-nd/4.0/
246225,3825255127,Sepsidae_Nemopoda_nitidula_1943741_3825255127,http://creativecommons.org/licenses/by-nc-nd/4.0/
246778,3825423264,Sepsidae_Nemopoda_nitidula_1255308_3825423264,http://creativecommons.org/licenses/by-nc/4.0/
246942,2836925043,Sepsidae_Themira_minor_908751_2836925043,http://creativecommons.org/licenses/by-nc-nd/4.0/
246943,2836925043,Sepsidae_Themira_minor_908752_2836925043,http://creativecommons.org/licenses/by-nc-nd/4.0/
246944,2836925043,Sepsidae_Themira_minor_908753_2836925043,http://creativecommons.org/licenses/by-nc-nd/4.0/
247891,3995102810,Sepsidae_Saltella_sphondylii_3422727_3995102810,http://creativecommons.org/licenses/by-nc-nd/4.0/
247892,3995102810,Sepsidae_Saltella_sphondylii_3422728_3995102810,http://creativecommons.org/licenses/by-nc-nd/4.0/
250359,2838207991,Sepsidae_Sepsis_cynipsea_221425_2838207991,http://creativecommons.org/licenses/by-nc-nd/4.0/
250828,3730743171,Sepsidae_Saltella_sphondylii_1218343_3730743171,http://creativecommons.org/licenses/by-nc-nd/4.0/
252108,3727109048,Sepsidae_Sepsis_thoracica_1205498_3727109048,http://creativecommons.org/licenses/by-nc-nd/4.0/
252395,2834095111,Sepsidae_Saltella_sphondylii_904077_2834095111,http://creativecommons.org/licenses/by-nc-nd/4.0/
252787,3825321967,Sepsidae_Orygma_luctuosum_2633382_3825321967,http://creativecommons.org/licenses/by-nc-sa/4.0/
253048,3717574994,Sepsidae_Sepsis_cynipsea_483141_3717574994,http://creativecommons.org/licenses/by-nc-nd/4.0/
253049,3717574994,Sepsidae_Sepsis_cynipsea_483142_3717574994,http://creativecommons.org/licenses/by-nc-nd/4.0/
253886,2383026620,Sepsidae_Nemopoda_nitidula_150559_2383026620,© all rights reserved
255724,3013935646,Sepsidae_Saltella_sphondylii_262320_3013935646,http://creativecommons.org/licenses/by-nc/4.0/
261728,3008451431,Sepsidae_Sepsis_cynipsea_1639392_3008451431,http://creativecommons.org/licenses/by/4.0/
262102,2456572280,Sepsidae_Sepsis_lateralis_2922341_2456572280,http://creativecommons.org/licenses/by/4.0/
264812,1460432670,Sepsidae_Saltella_sphondylii_2807829_1460432670,© all rights reserved
264813,1460432670,Sepsidae_Saltella_sphondylii_2807830_1460432670,© all rights reserved
265329,2865969615,Sepsidae_Nemopoda_nitidula_1623881_2865969615,© all rights reserved
265331,2865969615,Sepsidae_Nemopoda_nitidula_1623883_2865969615,© all rights reserved
266525,1460469943,Sepsidae_Sepsis_punctum_1429089_1460469943,© all rights reserved
266975,2875688307,Sepsidae_Sepsis_punctum_248223_2875688307,© all rights reserved
268030,3429651047,Sepsidae_Sepsis_fulgens_3094243_3429651047,© all rights reserved
268031,3429651047,Sepsidae_Sepsis_fulgens_3094244_3429651047,© all rights reserved
268743,1051356703,Sepsidae_Nemopoda_nitidula_4163_1051356703,© all rights reserved
268927,1141985175,Sepsidae_Themira_annulipes_2766370_1141985175,© all rights reserved
268928,1141985175,Sepsidae_Themira_annulipes_2766371_1141985175,© all rights reserved
268929,1141985175,Sepsidae_Themira_annulipes_2766372_1141985175,© all rights reserved
268930,1141985175,Sepsidae_Themira_annulipes_2766373_1141985175,© all rights reserved
268931,1141985175,Sepsidae_Themira_annulipes_2766374_1141985175,© all rights reserved
270082,1458476356,Sepsidae_Sepsis_punctum_46536_1458476356,© all rights reserved
270291,2450093744,Sepsidae_Sepsis_punctum_1542133_2450093744,© all rights reserved
270292,2450093744,Sepsidae_Sepsis_punctum_1542134_2450093744,© all rights reserved
271275,1890189294,Sepsidae_Themira_annulipes_773125_1890189294,© all rights reserved
271729,2272257483,Sepsidae_Sepsis_punctum_144811_2272257483,© all rights reserved
271730,2272257483,Sepsidae_Sepsis_punctum_144812_2272257483,© all rights reserved
275580,3433418429,Sepsidae_Themira_putris_3096223_3433418429,© all rights reserved
275581,3433418429,Sepsidae_Themira_putris_3096224_3433418429,© all rights reserved
275582,3433418429,Sepsidae_Themira_putris_3096225_3433418429,© all rights reserved
275974,1884578815,Sepsidae_Nemopoda_nitidula_2150460_1884578815,© all rights reserved
276338,3728053501,Sepsidae_Sepsis_thoracica_3278019_3728053501,http://creativecommons.org/licenses/by-nc-nd/4.0/
276339,3728053501,Sepsidae_Sepsis_thoracica_3278020_3728053501,http://creativecommons.org/licenses/by-nc-nd/4.0/
276340,3728053501,Sepsidae_Sepsis_thoracica_3278021_3728053501,http://creativecommons.org/licenses/by-nc-nd/4.0/
276790,1973227646,Sepsidae_Sepsis_cynipsea_809776_1973227646,http://creativecommons.org/licenses/by/4.0/
276791,1973227646,Sepsidae_Sepsis_cynipsea_809777_1973227646,http://creativecommons.org/licenses/by/4.0/
276821,3721467245,Sepsidae_Saltella_sphondylii_496815_3721467245,http://creativecommons.org/licenses/by-nc-nd/4.0/
276851,2845625950,Sepsidae_Nemopoda_nitidula_925577_2845625950,http://creativecommons.org/licenses/by-nc-nd/4.0/
276915,1952498760,Sepsidae_Themira_lucida_2156515_1952498760,http://creativecommons.org/licenses/by-nc-nd/4.0/
277217,2836028183,Sepsidae_Nemopoda_nitidula_217033_2836028183,http://creativecommons.org/licenses/by-nc-nd/4.0/
277286,2843501797,Sepsidae_Themira_minor_2989203_2843501797,http://creativecommons.org/licenses/by-nc-nd/4.0/
277287,1965222122,Sepsidae_Saltella_sphondylii_1485322_1965222122,http://creativecommons.org/licenses/by-nc-nd/4.0/
277514,1959341026,Sepsidae_Nemopoda_nitidula_2167307_1959341026,http://creativecommons.org/licenses/by-nc-nd/4.0/
278112,3732865928,Sepsidae_Nemopoda_nitidula_2607800_3732865928,http://creativecommons.org/licenses/by-nc-nd/4.0/
278504,1965213259,Sepsidae_Saltella_sphondylii_2174380_1965213259,http://creativecommons.org/licenses/by-nc-nd/4.0/
278564,3718699783,Sepsidae_Nemopoda_nitidula_487731_3718699783,http://creativecommons.org/licenses/by-nc-nd/4.0/
278565,3718699783,Sepsidae_Nemopoda_nitidula_487732_3718699783,http://creativecommons.org/licenses/by-nc-nd/4.0/
280699,3451478449,Sepsidae_Sepsis_violacea_1834021_3451478449,© All rights reserved
281488,3717005522,Sepsidae_Nemopoda_nitidula_1169529_3717005522,http://creativecommons.org/licenses/by-nc-nd/4.0/
281891,3822435227,Sepsidae_Nemopoda_nitidula_2626441_3822435227,http://creativecommons.org/licenses/by-nc-nd/4.0/
281987,3722752539,Sepsidae_Nemopoda_nitidula_1194502_3722752539,http://creativecommons.org/licenses/by-nc-nd/4.0/
282066,3822433719,Sepsidae_Sepsis_punctum_1936861_3822433719,http://creativecommons.org/licenses/by-nc/4.0/
282067,3822433719,Sepsidae_Sepsis_punctum_1936862_3822433719,http://creativecommons.org/licenses/by-nc/4.0/
282148,3905553265,Sepsidae_Nemopoda_nitidula_2001807_3905553265,http://creativecommons.org/licenses/by-nc-nd/4.0/
284266,3825276936,Sepsidae_Sepsis_punctum_2633195_3825276936,http://creativecommons.org/licenses/by-nc-nd/4.0/
284267,3825276936,Sepsidae_Sepsis_punctum_2633196_3825276936,http://creativecommons.org/licenses/by-nc-nd/4.0/
284472,2842610586,Sepsidae_Sepsis_cynipsea_2296829_2842610586,http://creativecommons.org/licenses/by-nc/4.0/
284900,3719762778,Sepsidae_Sepsis_cynipsea_2557301_3719762778,http://creativecommons.org/licenses/by-nc-nd/4.0/
284901,3719762778,Sepsidae_Sepsis_cynipsea_2557302_3719762778,http://creativecommons.org/licenses/by-nc-nd/4.0/
286531,2633135337,Sepsidae_Nemopoda_nitidula_192860_2633135337,http://creativecommons.org/licenses/by-nc-sa/4.0/
291555,3822475941,Sepsidae_Sepsis_orthocnemis_559060_3822475941,http://creativecommons.org/licenses/by-nc-nd/4.0/
291556,3822475941,Sepsidae_Sepsis_orthocnemis_559061_3822475941,http://creativecommons.org/licenses/by-nc-nd/4.0/
291557,3822475941,Sepsidae_Sepsis_orthocnemis_559062_3822475941,http://creativecommons.org/licenses/by-nc-nd/4.0/
291994,3726132460,Sepsidae_Saltella_sphondylii_1890475_3726132460,http://creativecommons.org/licenses/by-nc-nd/4.0/
291995,3726132460,Sepsidae_Saltella_sphondylii_1890476_3726132460,http://creativecommons.org/licenses/by-nc-nd/4.0/
292447,3722395468,Sepsidae_Sepsis_orthocnemis_2571385_3722395468,http://creativecommons.org/licenses/by-nc-nd/4.0/
292448,3722395468,Sepsidae_Sepsis_orthocnemis_2571386_3722395468,http://creativecommons.org/licenses/by-nc-nd/4.0/
292515,3719542715,Sepsidae_Nemopoda_nitidula_488946_3719542715,http://creativecommons.org/licenses/by-nc-nd/4.0/
293265,1968714482,Sepsidae_Sepsis_violacea_2869846_1968714482,http://creativecommons.org/licenses/by-nc-nd/4.0/
293266,1968714482,Sepsidae_Sepsis_violacea_2869847_1968714482,http://creativecommons.org/licenses/by-nc-nd/4.0/
293267,1968714482,Sepsidae_Sepsis_violacea_2869848_1968714482,http://creativecommons.org/licenses/by-nc-nd/4.0/
293268,1968714482,Sepsidae_Sepsis_violacea_2869849_1968714482,http://creativecommons.org/licenses/by-nc-nd/4.0/
293269,1968714482,Sepsidae_Sepsis_violacea_2869850_1968714482,http://creativecommons.org/licenses/by-nc-nd/4.0/
293528,3730833087,Sepsidae_Nemopoda_nitidula_1908119_3730833087,http://creativecommons.org/licenses/by-nc-nd/4.0/
294379,2837747573,Sepsidae_Saltella_sphondylii_2979045_2837747573,http://creativecommons.org/licenses/by-nc-nd/4.0/
294942,3826235086,Sepsidae_Saltella_sphondylii_568252_3826235086,http://creativecommons.org/licenses/by-nc/4.0/
294988,3825403289,Sepsidae_Nemopoda_nitidula_1255207_3825403289,http://creativecommons.org/licenses/by-nc-nd/4.0/
296361,3730975674,Sepsidae_Saltella_sphondylii_1219687_3730975674,http://creativecommons.org/licenses/by-nc-nd/4.0/
296362,3730975674,Sepsidae_Saltella_sphondylii_1219688_3730975674,http://creativecommons.org/licenses/by-nc-nd/4.0/
296375,1961581469,Sepsidae_Saltella_sphondylii_2170699_1961581469,http://creativecommons.org/licenses/by-nc-nd/4.0/
296442,3825556087,Sepsidae_Sepsis_cynipsea_1255713_3825556087,http://creativecommons.org/licenses/by-nc-nd/4.0/
296443,3825556087,Sepsidae_Sepsis_cynipsea_1255714_3825556087,http://creativecommons.org/licenses/by-nc-nd/4.0/
296573,3824632438,Sepsidae_Nemopoda_nitidula_564677_3824632438,http://creativecommons.org/licenses/by-nc/4.0/
296823,3825315046,Sepsidae_Nemopoda_nitidula_3324128_3825315046,http://creativecommons.org/licenses/by-nc/4.0/
297010,3822470796,Sepsidae_Nemopoda_nitidula_2626617_3822470796,http://creativecommons.org/licenses/by-nc-nd/4.0/
297126,3825440226,Sepsidae_Nemopoda_nitidula_2633948_3825440226,http://creativecommons.org/licenses/by-nc-nd/4.0/
297252,3826844019,Sepsidae_Sepsis_fulgens_1947818_3826844019,http://creativecommons.org/licenses/by-nc-nd/4.0/
297253,3826844019,Sepsidae_Sepsis_fulgens_1947819_3826844019,http://creativecommons.org/licenses/by-nc-nd/4.0/
297357,3822993348,Sepsidae_Sepsis_punctum_1249469_3822993348,http://creativecommons.org/licenses/by-nc-nd/4.0/
297504,1952382980,Sepsidae_Nemopoda_nitidula_2846290_1952382980,http://creativecommons.org/licenses/by-nc-nd/4.0/
297832,3718809662,Sepsidae_Sepsis_orthocnemis_3246367_3718809662,http://creativecommons.org/licenses/by-nc/4.0/
297833,3718809662,Sepsidae_Sepsis_orthocnemis_3246368_3718809662,http://creativecommons.org/licenses/by-nc/4.0/
297969,1976580506,Sepsidae_Themira_minor_123482_1976580506,http://creativecommons.org/licenses/by-nc-nd/4.0/
297970,1976580506,Sepsidae_Themira_minor_123483_1976580506,http://creativecommons.org/licenses/by-nc-nd/4.0/
298054,2836336620,Sepsidae_Nemopoda_nitidula_2285563_2836336620,http://creativecommons.org/licenses/by-nc-nd/4.0/
298055,2836336620,Sepsidae_Nemopoda_nitidula_2285564_2836336620,http://creativecommons.org/licenses/by-nc-nd/4.0/
298093,3717671600,Sepsidae_Nemopoda_nitidula_1862625_3717671600,http://creativecommons.org/licenses/by-nc-nd/4.0/
298110,1976092518,Sepsidae_Sepsis_flavimana_813135_1976092518,http://creativecommons.org/licenses/by-nc-nd/4.0/
298111,1976092518,Sepsidae_Sepsis_flavimana_813136_1976092518,http://creativecommons.org/licenses/by-nc-nd/4.0/
298112,1976092518,Sepsidae_Sepsis_flavimana_813137_1976092518,http://creativecommons.org/licenses/by-nc-nd/4.0/
298113,1976092518,Sepsidae_Sepsis_flavimana_813138_1976092518,http://creativecommons.org/licenses/by-nc-nd/4.0/
300172,2835692647,Sepsidae_Nemopoda_nitidula_907145_2835692647,http://creativecommons.org/licenses/by-nc-nd/4.0/
300784,1968507491,Sepsidae_Sepsis_fulgens_2869588_1968507491,http://creativecommons.org/licenses/by-nc-nd/4.0/
301533,1956819092,Sepsidae_Sepsis_punctum_785334_1956819092,http://creativecommons.org/licenses/by-nc-nd/4.0/
301534,1956819092,Sepsidae_Sepsis_punctum_785335_1956819092,http://creativecommons.org/licenses/by-nc-nd/4.0/
301697,1952330665,Sepsidae_Nemopoda_nitidula_1467188_1952330665,http://creativecommons.org/licenses/by-nc-nd/4.0/
302717,1970800011,Sepsidae_Themira_leachi_2874234_1970800011,http://creativecommons.org/licenses/by-nc-nd/4.0/
302718,1970800011,Sepsidae_Themira_leachi_2874235_1970800011,http://creativecommons.org/licenses/by-nc-nd/4.0/
302719,1970800011,Sepsidae_Themira_leachi_2874236_1970800011,http://creativecommons.org/licenses/by-nc-nd/4.0/
302720,1970800011,Sepsidae_Themira_leachi_2874237_1970800011,http://creativecommons.org/licenses/by-nc-nd/4.0/
303196,3722014581,Sepsidae_Saltella_sphondylii_1879148_3722014581,http://creativecommons.org/licenses/by-nc-nd/4.0/
304451,3730853268,Sepsidae_Saltella_sphondylii_530033_3730853268,http://creativecommons.org/licenses/by-nc-nd/4.0/
304452,3730853268,Sepsidae_Saltella_sphondylii_530034_3730853268,http://creativecommons.org/licenses/by-nc-nd/4.0/
304770,1966852915,Sepsidae_Nemopoda_nitidula_2868557_1966852915,http://creativecommons.org/licenses/by-nc/4.0/
305370,3825402935,Sepsidae_Sepsis_punctum_2633752_3825402935,http://creativecommons.org/licenses/by-nc-nd/4.0/
305589,3732375078,Sepsidae_Saltella_sphondylii_538277_3732375078,http://creativecommons.org/licenses/by-nc-nd/4.0/
306432,3822608186,Sepsidae_Themira_minor_3317647_3822608186,http://creativecommons.org/licenses/by-nc-nd/4.0/
307120,3995173843,Sepsidae_Sepsis_punctum_2732950_3995173843,http://creativecommons.org/licenses/by-nc-nd/4.0/
307172,3722804840,Sepsidae_Nemopoda_nitidula_3264030_3722804840,http://creativecommons.org/licenses/by-nc-nd/4.0/
307173,3722804840,Sepsidae_Nemopoda_nitidula_3264031_3722804840,http://creativecommons.org/licenses/by-nc-nd/4.0/
307194,2845083659,Sepsidae_Saltella_sphondylii_234183_2845083659,http://creativecommons.org/licenses/by-nc-nd/4.0/
307222,3825347267,Sepsidae_Nemopoda_nitidula_3324264_3825347267,http://creativecommons.org/licenses/by-nc-nd/4.0/
307408,3716914636,Sepsidae_Nemopoda_nitidula_2548102_3716914636,http://creativecommons.org/licenses/by-nc-nd/4.0/
307623,3731372364,Sepsidae_Nemopoda_nitidula_3291252_3731372364,http://creativecommons.org/licenses/by-nc-nd/4.0/
307669,1977662966,Sepsidae_Sepsis_orthocnemis_1504861_1977662966,http://creativecommons.org/licenses/by-nc-nd/4.0/
307670,1977662966,Sepsidae_Sepsis_orthocnemis_1504862_1977662966,http://creativecommons.org/licenses/by-nc-nd/4.0/
308009,3721926666,Sepsidae_Nemopoda_nitidula_1878515_3721926666,http://creativecommons.org/licenses/by-nc-nd/4.0/
308010,3721926666,Sepsidae_Nemopoda_nitidula_1878516_3721926666,http://creativecommons.org/licenses/by-nc-nd/4.0/
309235,2250852863,Sepsidae_Themira_annulipes_140329_2250852863,http://creativecommons.org/licenses/by-nc-sa/4.0/
309997,3995954356,Sepsidae_Saltella_sphondylii_3425850_3995954356,http://creativecommons.org/licenses/by-nc-nd/4.0/
309998,3995954356,Sepsidae_Saltella_sphondylii_3425851_3995954356,http://creativecommons.org/licenses/by-nc-nd/4.0/
310043,2838213809,Sepsidae_Sepsis_punctum_221446_2838213809,http://creativecommons.org/licenses/by-nc-nd/4.0/
310344,2836235838,Sepsidae_Nemopoda_nitidula_1596421_2836235838,http://creativecommons.org/licenses/by-nc-nd/4.0/
313618,2814400567,Sepsidae_Sepsis_punctum_2964062_2814400567,http://creativecommons.org/licenses/by-nc/4.0/
314708,3862045452,Sepsidae_Nemopoda_nitidula_1276571_3862045452,© All rights reserved
314917,3422201307,Sepsidae_Orygma_luctuosum_1025658_3422201307,© All rights reserved
314918,3422201307,Sepsidae_Orygma_luctuosum_1025659_3422201307,© All rights reserved
314919,3422201307,Sepsidae_Orygma_luctuosum_1025660_3422201307,© All rights reserved
314920,3422201307,Sepsidae_Orygma_luctuosum_1025661_3422201307,© All rights reserved
314921,3422201307,Sepsidae_Orygma_luctuosum_1025662_3422201307,© All rights reserved
314922,3422201307,Sepsidae_Orygma_luctuosum_1025663_3422201307,© All rights reserved
316077,2401205901,Sepsidae_Sepsis_punctum_152296_2401205901,© All rights reserved
320319,3726804818,Sepsidae_Sepsis_violacea_515100_3726804818,http://creativecommons.org/licenses/by-nc-nd/4.0/
320970,3447816362,Sepsidae_Sepsis_punctum_1833347_3447816362,http://creativecommons.org/licenses/by-sa/4.0/
321053,3131301320,Sepsidae_Sepsis_cynipsea_978747_3131301320,http://creativecommons.org/licenses/by/4.0/
321286,3729413609,Sepsidae_Nemopoda_nitidula_3281654_3729413609,http://creativecommons.org/licenses/by-nc/4.0/
321436,3822431016,Sepsidae_Sepsis_orthocnemis_558879_3822431016,http://creativecommons.org/licenses/by-nc-nd/4.0/
321437,3822431016,Sepsidae_Sepsis_orthocnemis_558880_3822431016,http://creativecommons.org/licenses/by-nc-nd/4.0/
322050,3822528915,Sepsidae_Sepsis_thoracica_559309_3822528915,http://creativecommons.org/licenses/by-nc-nd/4.0/
322051,3822528915,Sepsidae_Sepsis_thoracica_559310_3822528915,http://creativecommons.org/licenses/by-nc-nd/4.0/
322260,1972270067,Sepsidae_Themira_superba_116938_1972270067,http://creativecommons.org/licenses/by-nc-nd/4.0/
322261,1972270067,Sepsidae_Themira_superba_116939_1972270067,http://creativecommons.org/licenses/by-nc-nd/4.0/
322312,3822472156,Sepsidae_Nemopoda_nitidula_559037_3822472156,http://creativecommons.org/licenses/by-nc/4.0/
322313,3822472156,Sepsidae_Nemopoda_nitidula_559038_3822472156,http://creativecommons.org/licenses/by-nc/4.0/
322315,3822472156,Sepsidae_Nemopoda_nitidula_559040_3822472156,http://creativecommons.org/licenses/by-nc/4.0/
322648,1974256225,Sepsidae_Sepsis_fulgens_2879321_1974256225,http://creativecommons.org/licenses/by-nc-nd/4.0/
322649,1974256225,Sepsidae_Sepsis_fulgens_2879322_1974256225,http://creativecommons.org/licenses/by-nc-nd/4.0/
322833,3822428290,Sepsidae_Nemopoda_nitidula_558864_3822428290,http://creativecommons.org/licenses/by/4.0/
322837,3822428290,Sepsidae_Nemopoda_nitidula_558868_3822428290,http://creativecommons.org/licenses/by/4.0/
322960,3822673290,Sepsidae_Sepsis_punctum_1937880_3822673290,http://creativecommons.org/licenses/by-nc-nd/4.0/
323492,1972630045,Sepsidae_Sepsis_punctum_808178_1972630045,http://creativecommons.org/licenses/by-nc/4.0/
323980,3904295457,Sepsidae_Nemopoda_nitidula_1994549_3904295457,http://creativecommons.org/licenses/by-nc-nd/4.0/
324983,1953369365,Sepsidae_Themira_pubera_2848289_1953369365,http://creativecommons.org/licenses/by-nc-nd/4.0/
324984,1953369365,Sepsidae_Themira_pubera_2848290_1953369365,http://creativecommons.org/licenses/by-nc-nd/4.0/
324985,1953369365,Sepsidae_Themira_pubera_2848291_1953369365,http://creativecommons.org/licenses/by-nc-nd/4.0/
324986,1953369365,Sepsidae_Themira_pubera_2848292_1953369365,http://creativecommons.org/licenses/by-nc-nd/4.0/
325284,3822612185,Sepsidae_Themira_minor_2627216_3822612185,http://creativecommons.org/licenses/by-nc-nd/4.0/
325334,3718587295,Sepsidae_Nemopoda_nitidula_3245876_3718587295,http://creativecommons.org/licenses/by-nc-nd/4.0/
325426,1459823016,Sepsidae_Nemopoda_nitidula_1427705_1459823016,© all rights reserved
326074,1952382335,Sepsidae_Nemopoda_nitidula_2156253_1952382335,http://creativecommons.org/licenses/by-nc-nd/4.0/
326088,3825255058,Sepsidae_Nemopoda_nitidula_565481_3825255058,http://creativecommons.org/licenses/by-nc-nd/4.0/
326089,3825255058,Sepsidae_Nemopoda_nitidula_565482_3825255058,http://creativecommons.org/licenses/by-nc-nd/4.0/
326091,3825255058,Sepsidae_Nemopoda_nitidula_565484_3825255058,http://creativecommons.org/licenses/by-nc-nd/4.0/
326092,3825255058,Sepsidae_Nemopoda_nitidula_565485_3825255058,http://creativecommons.org/licenses/by-nc-nd/4.0/
326509,3825237251,Sepsidae_Nemopoda_nitidula_565410_3825237251,http://creativecommons.org/licenses/by-nc/4.0/
326510,3825237251,Sepsidae_Nemopoda_nitidula_565411_3825237251,http://creativecommons.org/licenses/by-nc/4.0/
326511,3825237251,Sepsidae_Nemopoda_nitidula_565412_3825237251,http://creativecommons.org/licenses/by-nc/4.0/
326557,3822578016,Sepsidae_Themira_lucida_1937476_3822578016,http://creativecommons.org/licenses/by-nc-nd/4.0/
326558,3822578016,Sepsidae_Themira_lucida_1937477_3822578016,http://creativecommons.org/licenses/by-nc-nd/4.0/
326559,3822578016,Sepsidae_Themira_lucida_1937478_3822578016,http://creativecommons.org/licenses/by-nc-nd/4.0/
326821,3728430180,Sepsidae_Saltella_sphondylii_1209810_3728430180,http://creativecommons.org/licenses/by-nc-nd/4.0/
327040,1967363327,Sepsidae_Sepsis_cynipsea_2869042_1967363327,http://creativecommons.org/licenses/by-nc-nd/4.0/
327575,3825439762,Sepsidae_Sepsis_punctum_1255401_3825439762,http://creativecommons.org/licenses/by-nc-nd/4.0/
328267,3824424006,Sepsidae_Nemopoda_nitidula_2631543_3824424006,http://creativecommons.org/licenses/by-nc/4.0/
328761,1976952250,Sepsidae_Nemopoda_nitidula_2882760_1976952250,http://creativecommons.org/licenses/by/4.0/
329318,3826338455,Sepsidae_Sepsis_punctum_3327029_3826338455,http://creativecommons.org/licenses/by-nc/4.0/
329626,3823697800,Sepsidae_Sepsis_punctum_1251192_3823697800,http://creativecommons.org/licenses/by-nc-nd/4.0/
329627,3823697800,Sepsidae_Sepsis_punctum_1251193_3823697800,http://creativecommons.org/licenses/by-nc-nd/4.0/
329628,3823697800,Sepsidae_Sepsis_punctum_1251194_3823697800,http://creativecommons.org/licenses/by-nc-nd/4.0/
329629,3823697800,Sepsidae_Sepsis_punctum_1251195_3823697800,http://creativecommons.org/licenses/by-nc-nd/4.0/
329630,3823697800,Sepsidae_Sepsis_punctum_1251196_3823697800,http://creativecommons.org/licenses/by-nc-nd/4.0/
329631,3823697800,Sepsidae_Sepsis_punctum_1251197_3823697800,http://creativecommons.org/licenses/by-nc-nd/4.0/
329863,3447925073,Sepsidae_Sepsis_punctum_1833413_3447925073,http://creativecommons.org/licenses/by-sa/4.0/
329907,3449028286,Sepsidae_Nemopoda_nitidula_3213212_3449028286,http://creativecommons.org/licenses/by-nc/4.0/
329967,2250852924,Sepsidae_Themira_annulipes_2208409_2250852924,http://creativecommons.org/licenses/by-nc-sa/4.0/
329984,3864149504,Sepsidae_Sepsis_punctum_2655129_3864149504,© All rights reserved
330325,2382261193,Sepsidae_Nemopoda_nitidula_150533_2382261193,© All rights reserved
330326,2382261193,Sepsidae_Nemopoda_nitidula_150534_2382261193,© All rights reserved
330327,2382261193,Sepsidae_Nemopoda_nitidula_150535_2382261193,© All rights reserved
330442,3451574333,Sepsidae_Sepsis_violacea_1144685_3451574333,© All rights reserved
331146,2236733257,Sepsidae_Sepsis_cynipsea_2202843_2236733257,© All rights reserved
331147,2236733257,Sepsidae_Sepsis_cynipsea_2202844_2236733257,© All rights reserved
333072,1265038658,Sepsidae_Sepsis_lateralis_2769376_1265038658,http://creativecommons.org/licenses/by-nc-nd/4.0/
333073,1265038658,Sepsidae_Sepsis_lateralis_2769377_1265038658,http://creativecommons.org/licenses/by-nc-nd/4.0/
333074,1265038658,Sepsidae_Sepsis_lateralis_2769378_1265038658,http://creativecommons.org/licenses/by-nc-nd/4.0/
333075,1265038658,Sepsidae_Sepsis_lateralis_2769379_1265038658,http://creativecommons.org/licenses/by-nc-nd/4.0/
335362,1019549712,Sepsidae_Themira_pubera_1381515_1019549712,http://creativecommons.org/licenses/by-nc-nd/4.0/
335363,1019549712,Sepsidae_Themira_pubera_1381516_1019549712,http://creativecommons.org/licenses/by-nc-nd/4.0/
335364,1019549712,Sepsidae_Themira_pubera_1381517_1019549712,http://creativecommons.org/licenses/by-nc-nd/4.0/
335839,1019549932,Sepsidae_Orygma_luctuosum_693099_1019549932,http://creativecommons.org/licenses/by-nc-nd/4.0/
335840,1019549932,Sepsidae_Orygma_luctuosum_693100_1019549932,http://creativecommons.org/licenses/by-nc-nd/4.0/
335841,1019549932,Sepsidae_Orygma_luctuosum_693101_1019549932,http://creativecommons.org/licenses/by-nc-nd/4.0/
335842,1019549932,Sepsidae_Orygma_luctuosum_693102_1019549932,http://creativecommons.org/licenses/by-nc-nd/4.0/
335843,1019549932,Sepsidae_Orygma_luctuosum_693103_1019549932,http://creativecommons.org/licenses/by-nc-nd/4.0/
336810,1019549744,Sepsidae_Themira_pubera_1381537_1019549744,http://creativecommons.org/licenses/by-nc-nd/4.0/
336811,1019549744,Sepsidae_Themira_pubera_1381538_1019549744,http://creativecommons.org/licenses/by-nc-nd/4.0/
336812,1019549744,Sepsidae_Themira_pubera_1381539_1019549744,http://creativecommons.org/licenses/by-nc-nd/4.0/
336813,1019549744,Sepsidae_Themira_pubera_1381540_1019549744,http://creativecommons.org/licenses/by-nc-nd/4.0/
337237,1265037666,Sepsidae_Sepsis_cynipsea_1390087_1265037666,http://creativecommons.org/licenses/by-nc-nd/4.0/
337238,1265037679,Sepsidae_Sepsis_cynipsea_701421_1265037679,http://creativecommons.org/licenses/by-nc-nd/4.0/
337239,1265037653,Sepsidae_Sepsis_punctum_2079477_1265037653,http://creativecommons.org/licenses/by-nc-nd/4.0/
337407,1265037724,Sepsidae_Sepsis_flavimana_1390109_1265037724,http://creativecommons.org/licenses/by-nc-nd/4.0/
337526,1265037714,Sepsidae_Sepsis_violacea_701437_1265037714,http://creativecommons.org/licenses/by-nc-nd/4.0/
339383,1019550026,Sepsidae_Sepsis_punctum_1381715_1019550026,http://creativecommons.org/licenses/by-nc-nd/4.0/
339384,1019550026,Sepsidae_Sepsis_punctum_1381716_1019550026,http://creativecommons.org/licenses/by-nc-nd/4.0/
339385,1019550026,Sepsidae_Sepsis_punctum_1381717_1019550026,http://creativecommons.org/licenses/by-nc-nd/4.0/
339391,1019550000,Sepsidae_Sepsis_punctum_2760605_1019550000,http://creativecommons.org/licenses/by-nc-nd/4.0/
339392,1019550000,Sepsidae_Sepsis_punctum_2760606_1019550000,http://creativecommons.org/licenses/by-nc-nd/4.0/
339393,1019550000,Sepsidae_Sepsis_punctum_2760607_1019550000,http://creativecommons.org/licenses/by-nc-nd/4.0/
339398,1019549974,Sepsidae_Sepsis_punctum_1381668_1019549974,http://creativecommons.org/licenses/by-nc-nd/4.0/
339399,1019549974,Sepsidae_Sepsis_punctum_1381669_1019549974,http://creativecommons.org/licenses/by-nc-nd/4.0/
339400,1019549974,Sepsidae_Sepsis_punctum_1381670_1019549974,http://creativecommons.org/licenses/by-nc-nd/4.0/
339402,1019549954,Sepsidae_Sepsis_fulgens_1820_1019549954,http://creativecommons.org/licenses/by-nc-nd/4.0/
339403,1019549954,Sepsidae_Sepsis_fulgens_1821_1019549954,http://creativecommons.org/licenses/by-nc-nd/4.0/
339404,1019549954,Sepsidae_Sepsis_fulgens_1822_1019549954,http://creativecommons.org/licenses/by-nc-nd/4.0/
339405,1019550080,Sepsidae_Meroplius_minutus_1381751_1019550080,http://creativecommons.org/licenses/by-nc-nd/4.0/
339406,1019550080,Sepsidae_Meroplius_minutus_1381752_1019550080,http://creativecommons.org/licenses/by-nc-nd/4.0/
339407,1019550080,Sepsidae_Meroplius_minutus_1381753_1019550080,http://creativecommons.org/licenses/by-nc-nd/4.0/
339408,1019550054,Sepsidae_Themira_leachi_2071022_1019550054,http://creativecommons.org/licenses/by-nc-nd/4.0/
339409,1019550054,Sepsidae_Themira_leachi_2071023_1019550054,http://creativecommons.org/licenses/by-nc-nd/4.0/
339410,1019550054,Sepsidae_Themira_leachi_2071024_1019550054,http://creativecommons.org/licenses/by-nc-nd/4.0/
339411,1019550054,Sepsidae_Themira_leachi_2071025_1019550054,http://creativecommons.org/licenses/by-nc-nd/4.0/
339416,1019550031,Sepsidae_Sepsis_cynipsea_2071009_1019550031,http://creativecommons.org/licenses/by-nc-nd/4.0/
339417,1019550031,Sepsidae_Sepsis_cynipsea_2071010_1019550031,http://creativecommons.org/licenses/by-nc-nd/4.0/
339418,1019550031,Sepsidae_Sepsis_cynipsea_2071011_1019550031,http://creativecommons.org/licenses/by-nc-nd/4.0/
339419,1019550031,Sepsidae_Sepsis_cynipsea_2071012_1019550031,http://creativecommons.org/licenses/by-nc-nd/4.0/
339420,1019550031,Sepsidae_Sepsis_cynipsea_2071013_1019550031,http://creativecommons.org/licenses/by-nc-nd/4.0/
339425,1019550005,Sepsidae_Sepsis_orthocnemis_2760608_1019550005,http://creativecommons.org/licenses/by-nc-nd/4.0/
339426,1019550005,Sepsidae_Sepsis_orthocnemis_2760609_1019550005,http://creativecommons.org/licenses/by-nc-nd/4.0/
339427,1019550005,Sepsidae_Sepsis_orthocnemis_2760610_1019550005,http://creativecommons.org/licenses/by-nc-nd/4.0/
339430,1019549980,Sepsidae_Sepsis_flavimana_2760587_1019549980,http://creativecommons.org/licenses/by-nc-nd/4.0/
339438,1019550033,Sepsidae_Sepsis_cynipsea_1878_1019550033,http://creativecommons.org/licenses/by-nc-nd/4.0/
339439,1019550033,Sepsidae_Sepsis_cynipsea_1879_1019550033,http://creativecommons.org/licenses/by-nc-nd/4.0/
339442,1019549984,Sepsidae_Sepsis_cynipsea_2070972_1019549984,http://creativecommons.org/licenses/by-nc-nd/4.0/
339443,1019549984,Sepsidae_Sepsis_cynipsea_2070973_1019549984,http://creativecommons.org/licenses/by-nc-nd/4.0/
339444,1019549984,Sepsidae_Sepsis_cynipsea_2070974_1019549984,http://creativecommons.org/licenses/by-nc-nd/4.0/
339447,1019549960,Sepsidae_Sepsis_cynipsea_1381660_1019549960,http://creativecommons.org/licenses/by-nc-nd/4.0/
339448,1019549960,Sepsidae_Sepsis_cynipsea_1381661_1019549960,http://creativecommons.org/licenses/by-nc-nd/4.0/
339449,1019549960,Sepsidae_Sepsis_cynipsea_1381662_1019549960,http://creativecommons.org/licenses/by-nc-nd/4.0/
339452,1019549934,Sepsidae_Sepsis_fulgens_2070934_1019549934,http://creativecommons.org/licenses/by-nc-nd/4.0/
339454,1019549934,Sepsidae_Sepsis_fulgens_2070936_1019549934,http://creativecommons.org/licenses/by-nc-nd/4.0/
339455,1019550064,Sepsidae_Nemopoda_nitidula_2760642_1019550064,http://creativecommons.org/licenses/by-nc-nd/4.0/
339457,1019550064,Sepsidae_Nemopoda_nitidula_2760644_1019550064,http://creativecommons.org/licenses/by-nc-nd/4.0/
339463,1019550046,Sepsidae_Nemopoda_nitidula_2760636_1019550046,http://creativecommons.org/licenses/by-nc-nd/4.0/
339468,1019550015,Sepsidae_Nemopoda_nitidula_1867_1019550015,http://creativecommons.org/licenses/by-nc-nd/4.0/
339474,1019549990,Sepsidae_Sepsis_punctum_1848_1019549990,http://creativecommons.org/licenses/by-nc-nd/4.0/
339475,1019549990,Sepsidae_Sepsis_punctum_1849_1019549990,http://creativecommons.org/licenses/by-nc-nd/4.0/
339476,1019549990,Sepsidae_Sepsis_punctum_1850_1019549990,http://creativecommons.org/licenses/by-nc-nd/4.0/
339477,1019549990,Sepsidae_Sepsis_punctum_1851_1019549990,http://creativecommons.org/licenses/by-nc-nd/4.0/
339482,1019549965,Sepsidae_Sepsis_cynipsea_1381663_1019549965,http://creativecommons.org/licenses/by-nc-nd/4.0/
339483,1019549965,Sepsidae_Sepsis_cynipsea_1381664_1019549965,http://creativecommons.org/licenses/by-nc-nd/4.0/
339484,1019549965,Sepsidae_Sepsis_cynipsea_1381665_1019549965,http://creativecommons.org/licenses/by-nc-nd/4.0/
339498,1019549985,Sepsidae_Saltella_sphondylii_2760592_1019549985,http://creativecommons.org/licenses/by-nc-nd/4.0/
339499,1019549985,Sepsidae_Saltella_sphondylii_2760593_1019549985,http://creativecommons.org/licenses/by-nc-nd/4.0/
339500,1019549985,Sepsidae_Saltella_sphondylii_2760594_1019549985,http://creativecommons.org/licenses/by-nc-nd/4.0/
339501,1019549985,Sepsidae_Saltella_sphondylii_2760595_1019549985,http://creativecommons.org/licenses/by-nc-nd/4.0/
339502,1019549985,Sepsidae_Saltella_sphondylii_2760596_1019549985,http://creativecommons.org/licenses/by-nc-nd/4.0/
339529,1019550045,Sepsidae_Sepsis_violacea_2071017_1019550045,http://creativecommons.org/licenses/by-nc-nd/4.0/
339530,1019550045,Sepsidae_Sepsis_violacea_2071018_1019550045,http://creativecommons.org/licenses/by-nc-nd/4.0/
339531,1019550045,Sepsidae_Sepsis_violacea_2071019_1019550045,http://creativecommons.org/licenses/by-nc-nd/4.0/
339532,1019550045,Sepsidae_Sepsis_violacea_2071020_1019550045,http://creativecommons.org/licenses/by-nc-nd/4.0/
339533,1019550045,Sepsidae_Sepsis_violacea_2071021_1019550045,http://creativecommons.org/licenses/by-nc-nd/4.0/
339534,1019550012,Sepsidae_Themira_annulipes_1381700_1019550012,http://creativecommons.org/licenses/by-nc-nd/4.0/
339535,1019550012,Sepsidae_Themira_annulipes_1381701_1019550012,http://creativecommons.org/licenses/by-nc-nd/4.0/
339536,1019550012,Sepsidae_Themira_annulipes_1381702_1019550012,http://creativecommons.org/licenses/by-nc-nd/4.0/
339537,1019550012,Sepsidae_Themira_annulipes_1381703_1019550012,http://creativecommons.org/licenses/by-nc-nd/4.0/
339546,1019549988,Sepsidae_Sepsis_violacea_1381679_1019549988,http://creativecommons.org/licenses/by-nc-nd/4.0/
339547,1019549988,Sepsidae_Sepsis_violacea_1381680_1019549988,http://creativecommons.org/licenses/by-nc-nd/4.0/
339548,1019549988,Sepsidae_Sepsis_violacea_1381681_1019549988,http://creativecommons.org/licenses/by-nc-nd/4.0/
339553,1019550037,Sepsidae_Sepsis_violacea_2760629_1019550037,http://creativecommons.org/licenses/by-nc-nd/4.0/
339554,1019550037,Sepsidae_Sepsis_violacea_2760630_1019550037,http://creativecommons.org/licenses/by-nc-nd/4.0/
339555,1019550037,Sepsidae_Sepsis_violacea_2760631_1019550037,http://creativecommons.org/licenses/by-nc-nd/4.0/
339560,1019550014,Sepsidae_Sepsis_fulgens_2760611_1019550014,http://creativecommons.org/licenses/by-nc-nd/4.0/
339561,1019550014,Sepsidae_Sepsis_fulgens_2760612_1019550014,http://creativecommons.org/licenses/by-nc-nd/4.0/
339562,1019550014,Sepsidae_Sepsis_fulgens_2760613_1019550014,http://creativecommons.org/licenses/by-nc-nd/4.0/
339563,1019549989,Sepsidae_Sepsis_violacea_2070975_1019549989,http://creativecommons.org/licenses/by-nc-nd/4.0/
339564,1019549989,Sepsidae_Sepsis_violacea_2070976_1019549989,http://creativecommons.org/licenses/by-nc-nd/4.0/
339565,1019549989,Sepsidae_Sepsis_violacea_2070977_1019549989,http://creativecommons.org/licenses/by-nc-nd/4.0/
339566,1019549989,Sepsidae_Sepsis_violacea_2070978_1019549989,http://creativecommons.org/licenses/by-nc-nd/4.0/
339571,1019549963,Sepsidae_Meroplius_minutus_1826_1019549963,http://creativecommons.org/licenses/by-nc-nd/4.0/
339572,1019549963,Sepsidae_Meroplius_minutus_1827_1019549963,http://creativecommons.org/licenses/by-nc-nd/4.0/
339573,1019549963,Sepsidae_Meroplius_minutus_1828_1019549963,http://creativecommons.org/licenses/by-nc-nd/4.0/
339574,1019549963,Sepsidae_Meroplius_minutus_1829_1019549963,http://creativecommons.org/licenses/by-nc-nd/4.0/
339575,1019549963,Sepsidae_Meroplius_minutus_1830_1019549963,http://creativecommons.org/licenses/by-nc-nd/4.0/
339578,1019549939,Sepsidae_Sepsis_flavimana_2070937_1019549939,http://creativecommons.org/licenses/by-nc-nd/4.0/
339579,1019549939,Sepsidae_Sepsis_flavimana_2070938_1019549939,http://creativecommons.org/licenses/by-nc-nd/4.0/
339580,1019549939,Sepsidae_Sepsis_flavimana_2070939_1019549939,http://creativecommons.org/licenses/by-nc-nd/4.0/
339581,1019549939,Sepsidae_Sepsis_flavimana_2070940_1019549939,http://creativecommons.org/licenses/by-nc-nd/4.0/
339582,1019549939,Sepsidae_Sepsis_flavimana_2070941_1019549939,http://creativecommons.org/licenses/by-nc-nd/4.0/
339585,1019550061,Sepsidae_Sepsis_flavimana_693197_1019550061,http://creativecommons.org/licenses/by-nc-nd/4.0/
339586,1019550061,Sepsidae_Sepsis_flavimana_693198_1019550061,http://creativecommons.org/licenses/by-nc-nd/4.0/
339587,1019550061,Sepsidae_Sepsis_flavimana_693199_1019550061,http://creativecommons.org/licenses/by-nc-nd/4.0/
339588,1019550061,Sepsidae_Sepsis_flavimana_693200_1019550061,http://creativecommons.org/licenses/by-nc-nd/4.0/
339589,1019550061,Sepsidae_Sepsis_flavimana_693201_1019550061,http://creativecommons.org/licenses/by-nc-nd/4.0/
339592,1019550035,Sepsidae_Themira_putris_1381719_1019550035,http://creativecommons.org/licenses/by-nc-nd/4.0/
339593,1019550035,Sepsidae_Themira_putris_1381720_1019550035,http://creativecommons.org/licenses/by-nc-nd/4.0/
339599,1019550010,Sepsidae_Themira_putris_1862_1019550010,http://creativecommons.org/licenses/by-nc-nd/4.0/
339600,1019550010,Sepsidae_Themira_putris_1863_1019550010,http://creativecommons.org/licenses/by-nc-nd/4.0/
339601,1019550010,Sepsidae_Themira_putris_1864_1019550010,http://creativecommons.org/licenses/by-nc-nd/4.0/
339602,1019550010,Sepsidae_Themira_putris_1865_1019550010,http://creativecommons.org/licenses/by-nc-nd/4.0/
339603,1019549981,Sepsidae_Themira_putris_1842_1019549981,http://creativecommons.org/licenses/by-nc-nd/4.0/
339604,1019549981,Sepsidae_Themira_putris_1843_1019549981,http://creativecommons.org/licenses/by-nc-nd/4.0/
339605,1019549981,Sepsidae_Themira_putris_1844_1019549981,http://creativecommons.org/licenses/by-nc-nd/4.0/
339610,1019549958,Sepsidae_Sepsis_punctum_2760567_1019549958,http://creativecommons.org/licenses/by-nc-nd/4.0/
340060,1265037769,Sepsidae_Sepsis_lateralis_701463_1265037769,http://creativecommons.org/licenses/by-nc-nd/4.0/
340061,1265037769,Sepsidae_Sepsis_lateralis_701464_1265037769,http://creativecommons.org/licenses/by-nc-nd/4.0/
340062,1265037769,Sepsidae_Sepsis_lateralis_701465_1265037769,http://creativecommons.org/licenses/by-nc-nd/4.0/
340219,1265040382,Sepsidae_Sepsis_lateralis_702552_1265040382,http://creativecommons.org/licenses/by-nc-nd/4.0/
340220,1265040382,Sepsidae_Sepsis_lateralis_702553_1265040382,http://creativecommons.org/licenses/by-nc-nd/4.0/
340221,1265040382,Sepsidae_Sepsis_lateralis_702554_1265040382,http://creativecommons.org/licenses/by-nc-nd/4.0/
340222,1265040382,Sepsidae_Sepsis_lateralis_702555_1265040382,http://creativecommons.org/licenses/by-nc-nd/4.0/
340299,1265040335,Sepsidae_Sepsis_lateralis_2769980_1265040335,http://creativecommons.org/licenses/by-nc-nd/4.0/
340300,1265040335,Sepsidae_Sepsis_lateralis_2769981_1265040335,http://creativecommons.org/licenses/by-nc-nd/4.0/
346058,1970951083,Sepsidae_Sepsis_punctum_115959_1970951083,http://creativecommons.org/licenses/by-nc-nd/4.0/
346059,1970951083,Sepsidae_Sepsis_punctum_115960_1970951083,http://creativecommons.org/licenses/by-nc-nd/4.0/
346619,1959055133,Sepsidae_Sepsis_punctum_2856780_1959055133,http://creativecommons.org/publicdomain/zero/1.0/
346620,1959055133,Sepsidae_Sepsis_punctum_2856781_1959055133,http://creativecommons.org/publicdomain/zero/1.0/
346951,1975682243,Sepsidae_Sepsis_punctum_2190210_1975682243,http://creativecommons.org/licenses/by-nc-nd/4.0/
347045,3823192428,Sepsidae_Sepsis_punctum_1939002_3823192428,http://creativecommons.org/licenses/by-nc-nd/4.0/
347046,3823192428,Sepsidae_Sepsis_punctum_1939003_3823192428,http://creativecommons.org/licenses/by-nc-nd/4.0/
347047,3823192428,Sepsidae_Sepsis_punctum_1939004_3823192428,http://creativecommons.org/licenses/by-nc-nd/4.0/
347196,3826173301,Sepsidae_Nemopoda_nitidula_1257271_3826173301,http://creativecommons.org/licenses/by-nc-nd/4.0/
348333,3722561093,Sepsidae_Nemopoda_nitidula_3262720_3722561093,http://creativecommons.org/licenses/by-nc-nd/4.0/
348336,3722561093,Sepsidae_Nemopoda_nitidula_3262723_3722561093,http://creativecommons.org/licenses/by-nc-nd/4.0/
348633,3825281170,Sepsidae_Nemopoda_nitidula_3323964_3825281170,http://creativecommons.org/licenses/by-nc/4.0/
348634,3825281170,Sepsidae_Nemopoda_nitidula_3323965_3825281170,http://creativecommons.org/licenses/by-nc/4.0/
348952,3723631518,Sepsidae_Sepsis_orthocnemis_508066_3723631518,http://creativecommons.org/licenses/by-nc-nd/4.0/
348953,3723631518,Sepsidae_Sepsis_orthocnemis_508067_3723631518,http://creativecommons.org/licenses/by-nc-nd/4.0/
348954,3723631518,Sepsidae_Sepsis_orthocnemis_508068_3723631518,http://creativecommons.org/licenses/by-nc-nd/4.0/
348955,3723631518,Sepsidae_Sepsis_orthocnemis_508069_3723631518,http://creativecommons.org/licenses/by-nc-nd/4.0/
348956,3723631518,Sepsidae_Sepsis_orthocnemis_508070_3723631518,http://creativecommons.org/licenses/by-nc-nd/4.0/
349354,1966553436,Sepsidae_Nemopoda_nitidula_109340_1966553436,http://creativecommons.org/licenses/by-nc-nd/4.0/
349579,1952330351,Sepsidae_Sepsis_cynipsea_2846183_1952330351,http://creativecommons.org/licenses/by-nc-nd/4.0/
349580,1952330351,Sepsidae_Sepsis_cynipsea_2846184_1952330351,http://creativecommons.org/licenses/by-nc-nd/4.0/
350033,3722927327,Sepsidae_Nemopoda_nitidula_506289_3722927327,http://creativecommons.org/licenses/by-sa/4.0/
350185,3822536999,Sepsidae_Nemopoda_nitidula_1248273_3822536999,http://creativecommons.org/licenses/by/4.0/
350671,2802613247,Sepsidae_Nemopoda_nitidula_2958708_2802613247,http://creativecommons.org/licenses/by-nc/4.0/
350808,3712411506,Sepsidae_Sepsis_punctum_474210_3712411506,http://creativecommons.org/licenses/by-nc/4.0/
350809,3712411506,Sepsidae_Sepsis_punctum_474211_3712411506,http://creativecommons.org/licenses/by-nc/4.0/
354972,1458886145,Sepsidae_Sepsis_punctum_737860_1458886145,© all rights reserved
355256,1969889784,Sepsidae_Themira_superba_2182182_1969889784,http://creativecommons.org/licenses/by-nc-nd/4.0/
355257,1969889784,Sepsidae_Themira_superba_2182183_1969889784,http://creativecommons.org/licenses/by-nc-nd/4.0/
355258,1969889784,Sepsidae_Themira_superba_2182184_1969889784,http://creativecommons.org/licenses/by-nc-nd/4.0/
356218,3825858876,Sepsidae_Nemopoda_nitidula_1945484_3825858876,http://creativecommons.org/licenses/by-nc-nd/4.0/
356228,3904052546,Sepsidae_Themira_lucida_1993000_3904052546,http://creativecommons.org/licenses/by-nc-nd/4.0/
356229,3904052546,Sepsidae_Themira_lucida_1993001_3904052546,http://creativecommons.org/licenses/by-nc-nd/4.0/
357080,3716490388,Sepsidae_Sepsis_punctum_1167022_3716490388,http://creativecommons.org/licenses/by-nc-nd/4.0/
357081,3716490388,Sepsidae_Sepsis_punctum_1167023_3716490388,http://creativecommons.org/licenses/by-nc-nd/4.0/
357101,3730387889,Sepsidae_Saltella_sphondylii_3285675_3730387889,http://creativecommons.org/licenses/by-nc-nd/4.0/
357147,1965105716,Sepsidae_Sepsis_fulgens_796265_1965105716,http://creativecommons.org/licenses/by-nc-nd/4.0/
357401,3718269269,Sepsidae_Sepsis_fulgens_1865224_3718269269,http://creativecommons.org/licenses/by-nc-nd/4.0/
357494,3728018324,Sepsidae_Saltella_sphondylii_2587319_3728018324,http://creativecommons.org/licenses/by-nc-nd/4.0/
359873,1958928075,Sepsidae_Nemopoda_nitidula_1477405_1958928075,http://creativecommons.org/licenses/by-nc/4.0/
359910,3718819347,Sepsidae_Sepsis_thoracica_487961_3718819347,http://creativecommons.org/licenses/by-nc-nd/4.0/
361860,3722645775,Sepsidae_Saltella_sphondylii_3263153_3722645775,http://creativecommons.org/licenses/by-nc-nd/4.0/
362384,3715584956,Sepsidae_Sepsis_punctum_475611_3715584956,http://creativecommons.org/licenses/by-nc-nd/4.0/
362628,3823084543,Sepsidae_Sepsis_cynipsea_560761_3823084543,http://creativecommons.org/licenses/by-nc/4.0/
363059,1977661496,Sepsidae_Sepsis_orthocnemis_2883911_1977661496,http://creativecommons.org/licenses/by-nc-nd/4.0/
363060,1977661496,Sepsidae_Sepsis_orthocnemis_2883912_1977661496,http://creativecommons.org/licenses/by-nc-nd/4.0/
363118,1968189649,Sepsidae_Themira_annulipes_110788_1968189649,http://creativecommons.org/licenses/by-nc-nd/4.0/
366559,3720896560,Sepsidae_Saltella_sphondylii_493128_3720896560,http://creativecommons.org/licenses/by-nc-nd/4.0/
366560,3720896560,Sepsidae_Saltella_sphondylii_493129_3720896560,http://creativecommons.org/licenses/by-nc-nd/4.0/
366718,3825495286,Sepsidae_Sepsis_punctum_3324860_3825495286,http://creativecommons.org/licenses/by-nc/4.0/
366719,3825495286,Sepsidae_Sepsis_punctum_3324861_3825495286,http://creativecommons.org/licenses/by-nc/4.0/
367377,3822602184,Sepsidae_Nemopoda_nitidula_1248525_3822602184,http://creativecommons.org/licenses/by-nc-nd/4.0/
367407,3726926693,Sepsidae_Sepsis_punctum_1204733_3726926693,http://creativecommons.org/licenses/by-nc-nd/4.0/
367550,3825336168,Sepsidae_Nemopoda_nitidula_1944104_3825336168,http://creativecommons.org/licenses/by-nc-nd/4.0/
367689,3721650647,Sepsidae_Saltella_sphondylii_498207_3721650647,http://creativecommons.org/licenses/by-nc-nd/4.0/
367690,3721650647,Sepsidae_Saltella_sphondylii_498208_3721650647,http://creativecommons.org/licenses/by-nc-nd/4.0/
367691,3721650647,Sepsidae_Saltella_sphondylii_498209_3721650647,http://creativecommons.org/licenses/by-nc-nd/4.0/
367810,2845122489,Sepsidae_Themira_lucida_234289_2845122489,http://creativecommons.org/licenses/by-nc-nd/4.0/
367811,2845122489,Sepsidae_Themira_lucida_234290_2845122489,http://creativecommons.org/licenses/by-nc-nd/4.0/
367812,2845122489,Sepsidae_Themira_lucida_234291_2845122489,http://creativecommons.org/licenses/by-nc-nd/4.0/
368015,3822518745,Sepsidae_Sepsis_punctum_559255_3822518745,http://creativecommons.org/licenses/by-nc-nd/4.0/
373225,3730231579,Sepsidae_Nemopoda_nitidula_2594169_3730231579,http://creativecommons.org/licenses/by-nc-nd/4.0/
373604,3720505218,Sepsidae_Nemopoda_nitidula_1869777_3720505218,http://creativecommons.org/licenses/by-nc-nd/4.0/
373897,1965231585,Sepsidae_Saltella_sphondylii_106112_1965231585,http://creativecommons.org/licenses/by-nc-nd/4.0/
374683,1973071116,Sepsidae_Themira_biloba_118621_1973071116,http://creativecommons.org/licenses/by-nc-nd/4.0/
374684,1973071116,Sepsidae_Themira_biloba_118622_1973071116,http://creativecommons.org/licenses/by-nc-nd/4.0/
374685,1973071116,Sepsidae_Themira_biloba_118623_1973071116,http://creativecommons.org/licenses/by-nc-nd/4.0/
374686,1973071116,Sepsidae_Themira_biloba_118624_1973071116,http://creativecommons.org/licenses/by-nc-nd/4.0/
374687,1973071116,Sepsidae_Themira_biloba_118625_1973071116,http://creativecommons.org/licenses/by-nc-nd/4.0/
374688,1973071116,Sepsidae_Themira_biloba_118626_1973071116,http://creativecommons.org/licenses/by-nc-nd/4.0/
374689,1973071116,Sepsidae_Themira_biloba_118627_1973071116,http://creativecommons.org/licenses/by-nc-nd/4.0/
374690,1973071116,Sepsidae_Themira_biloba_118628_1973071116,http://creativecommons.org/licenses/by-nc-nd/4.0/
374691,1973071116,Sepsidae_Themira_biloba_118629_1973071116,http://creativecommons.org/licenses/by-nc-nd/4.0/
374692,1973071116,Sepsidae_Themira_biloba_118630_1973071116,http://creativecommons.org/licenses/by-nc-nd/4.0/
374750,3825228226,Sepsidae_Nemopoda_nitidula_1943624_3825228226,http://creativecommons.org/licenses/by-nc-nd/4.0/
374751,3825228226,Sepsidae_Nemopoda_nitidula_1943625_3825228226,http://creativecommons.org/licenses/by-nc-nd/4.0/
374752,3825228226,Sepsidae_Nemopoda_nitidula_1943626_3825228226,http://creativecommons.org/licenses/by-nc-nd/4.0/
374856,1977097010,Sepsidae_Nemopoda_nitidula_2883105_1977097010,http://creativecommons.org/licenses/by-nc/4.0/
374961,1964755872,Sepsidae_Orygma_luctuosum_2863338_1964755872,http://creativecommons.org/licenses/by-nc-sa/4.0/
375340,1975581330,Sepsidae_Sepsis_punctum_2190133_1975581330,http://creativecommons.org/licenses/by-nc/4.0/
375506,1976792954,Sepsidae_Themira_annulipes_1503088_1976792954,http://creativecommons.org/licenses/by-nc-nd/4.0/
375507,1976792954,Sepsidae_Themira_annulipes_1503089_1976792954,http://creativecommons.org/licenses/by-nc-nd/4.0/
375508,1976792954,Sepsidae_Themira_annulipes_1503090_1976792954,http://creativecommons.org/licenses/by-nc-nd/4.0/
375612,3825419944,Sepsidae_Sepsis_punctum_1255284_3825419944,http://creativecommons.org/licenses/by-nc-nd/4.0/
375613,3825419944,Sepsidae_Sepsis_punctum_1255285_3825419944,http://creativecommons.org/licenses/by-nc-nd/4.0/
375614,3825419944,Sepsidae_Sepsis_punctum_1255286_3825419944,http://creativecommons.org/licenses/by-nc-nd/4.0/
375615,3825419944,Sepsidae_Sepsis_punctum_1255287_3825419944,http://creativecommons.org/licenses/by-nc-nd/4.0/
376037,3719034796,Sepsidae_Sepsis_punctum_488348_3719034796,http://creativecommons.org/licenses/by-nc-nd/4.0/
376409,1970336075,Sepsidae_Themira_superba_2183152_1970336075,http://creativecommons.org/licenses/by-nc-nd/4.0/
376410,1970336075,Sepsidae_Themira_superba_2183153_1970336075,http://creativecommons.org/licenses/by-nc-nd/4.0/
376540,1976338742,Sepsidae_Sepsis_punctum_2191297_1976338742,http://creativecommons.org/licenses/by-nc-nd/4.0/
376842,3822453209,Sepsidae_Sepsis_violacea_2626542_3822453209,http://creativecommons.org/licenses/by-nc-nd/4.0/
376843,3822453209,Sepsidae_Sepsis_violacea_2626543_3822453209,http://creativecommons.org/licenses/by-nc-nd/4.0/
376844,3822453209,Sepsidae_Sepsis_violacea_2626544_3822453209,http://creativecommons.org/licenses/by-nc-nd/4.0/
377856,1965507295,Sepsidae_Sepsis_fulgens_2865444_1965507295,http://creativecommons.org/licenses/by-nc-nd/4.0/
377857,1965507295,Sepsidae_Sepsis_fulgens_2865445_1965507295,http://creativecommons.org/licenses/by-nc-nd/4.0/
377858,1965507295,Sepsidae_Sepsis_fulgens_2865446_1965507295,http://creativecommons.org/licenses/by-nc-nd/4.0/
378229,2842999515,Sepsidae_Sepsis_violacea_229750_2842999515,http://creativecommons.org/licenses/by-nc-nd/4.0/
378230,2842999515,Sepsidae_Sepsis_violacea_229751_2842999515,http://creativecommons.org/licenses/by-nc-nd/4.0/
378231,2842999515,Sepsidae_Sepsis_violacea_229752_2842999515,http://creativecommons.org/licenses/by-nc-nd/4.0/
378263,3717079979,Sepsidae_Nemopoda_nitidula_2549029_3717079979,http://creativecommons.org/licenses/by-nc-nd/4.0/
378328,1968498958,Sepsidae_Nemopoda_nitidula_801713_1968498958,http://creativecommons.org/licenses/by-nc-nd/4.0/
378625,3717953864,Sepsidae_Sepsis_cynipsea_1863964_3717953864,http://creativecommons.org/licenses/by-nc-nd/4.0/
378626,3717953864,Sepsidae_Sepsis_cynipsea_1863965_3717953864,http://creativecommons.org/licenses/by-nc-nd/4.0/
378627,3717953864,Sepsidae_Sepsis_cynipsea_1863966_3717953864,http://creativecommons.org/licenses/by-nc-nd/4.0/
378712,1967489300,Sepsidae_Sepsis_orthocnemis_2869099_1967489300,http://creativecommons.org/licenses/by-nc-nd/4.0/
379260,3726315046,Sepsidae_Themira_leachi_512839_3726315046,http://creativecommons.org/licenses/by-nc-nd/4.0/
379261,3726315046,Sepsidae_Themira_leachi_512840_3726315046,http://creativecommons.org/licenses/by-nc-nd/4.0/
379262,3726315046,Sepsidae_Themira_leachi_512841_3726315046,http://creativecommons.org/licenses/by-nc-nd/4.0/
379263,3726315046,Sepsidae_Themira_leachi_512842_3726315046,http://creativecommons.org/licenses/by-nc-nd/4.0/
379264,3726315046,Sepsidae_Themira_leachi_512843_3726315046,http://creativecommons.org/licenses/by-nc-nd/4.0/
379622,2845001666,Sepsidae_Sepsis_orthocnemis_2302103_2845001666,http://creativecommons.org/licenses/by-nc-nd/4.0/
379623,2845001666,Sepsidae_Sepsis_orthocnemis_2302104_2845001666,http://creativecommons.org/licenses/by-nc-nd/4.0/
379655,1953433087,Sepsidae_Nemopoda_nitidula_1469472_1953433087,http://creativecommons.org/licenses/by-nc-nd/4.0/
379656,1953433087,Sepsidae_Nemopoda_nitidula_1469473_1953433087,http://creativecommons.org/licenses/by-nc-nd/4.0/
379743,3730830643,Sepsidae_Sepsis_thoracica_1908098_3730830643,http://creativecommons.org/licenses/by-nc-nd/4.0/
380397,1969967763,Sepsidae_Saltella_sphondylii_1492994_1969967763,http://creativecommons.org/licenses/by-nc-nd/4.0/
381316,2845381794,Sepsidae_Sepsis_punctum_925103_2845381794,http://creativecommons.org/licenses/by-nc-nd/4.0/
381317,2845381794,Sepsidae_Sepsis_punctum_925104_2845381794,http://creativecommons.org/licenses/by-nc-nd/4.0/
381318,2845381794,Sepsidae_Sepsis_punctum_925105_2845381794,http://creativecommons.org/licenses/by-nc-nd/4.0/
381800,3905957138,Sepsidae_Nemopoda_nitidula_1315021_3905957138,http://creativecommons.org/licenses/by-nc-nd/4.0/
381962,3718193155,Sepsidae_Sepsis_thoracica_1864920_3718193155,http://creativecommons.org/licenses/by-nc-nd/4.0/
382349,3718015260,Sepsidae_Sepsis_punctum_1864233_3718015260,http://creativecommons.org/licenses/by-nc/4.0/
382350,3718015260,Sepsidae_Sepsis_punctum_1864234_3718015260,http://creativecommons.org/licenses/by-nc/4.0/
382914,3730683991,Sepsidae_Nemopoda_nitidula_3287371_3730683991,http://creativecommons.org/licenses/by-nc-nd/4.0/
383572,1976275866,Sepsidae_Sepsis_punctum_122786_1976275866,http://creativecommons.org/licenses/by-nc/4.0/
383573,1976275866,Sepsidae_Sepsis_punctum_122787_1976275866,http://creativecommons.org/licenses/by-nc/4.0/
383845,1976794792,Sepsidae_Nemopoda_nitidula_2882327_1976794792,http://creativecommons.org/licenses/by-nc-nd/4.0/
383868,3728817262,Sepsidae_Saltella_sphondylii_1210863_3728817262,http://creativecommons.org/licenses/by-nc-nd/4.0/
383869,3728817262,Sepsidae_Saltella_sphondylii_1210864_3728817262,http://creativecommons.org/licenses/by-nc-nd/4.0/
384126,2844107706,Sepsidae_Sepsis_cynipsea_1610479_2844107706,http://creativecommons.org/licenses/by-nc-nd/4.0/
384127,2844107706,Sepsidae_Sepsis_cynipsea_1610480_2844107706,http://creativecommons.org/licenses/by-nc-nd/4.0/
384509,3825395248,Sepsidae_Nemopoda_nitidula_1255161_3825395248,http://creativecommons.org/licenses/by-nc-nd/4.0/
385068,3822674120,Sepsidae_Nemopoda_nitidula_559919_3822674120,http://creativecommons.org/licenses/by-nc-nd/4.0/
385078,3719558025,Sepsidae_Sepsis_fulgens_1178072_3719558025,http://creativecommons.org/licenses/by-nc-nd/4.0/
385079,3719558025,Sepsidae_Sepsis_fulgens_1178073_3719558025,http://creativecommons.org/licenses/by-nc-nd/4.0/
387605,3070511841,Sepsidae_Nemopoda_nitidula_1654491_3070511841,http://creativecommons.org/licenses/by/4.0/
388689,1965406855,Sepsidae_Saltella_sphondylii_2865239_1965406855,http://creativecommons.org/licenses/by-nc-nd/4.0/
388945,3732374758,Sepsidae_Saltella_sphondylii_3296460_3732374758,http://creativecommons.org/licenses/by-nc-nd/4.0/
388946,3732374758,Sepsidae_Saltella_sphondylii_3296461_3732374758,http://creativecommons.org/licenses/by-nc-nd/4.0/
388947,3732374758,Sepsidae_Saltella_sphondylii_3296462_3732374758,http://creativecommons.org/licenses/by-nc-nd/4.0/
388948,3732374758,Sepsidae_Saltella_sphondylii_3296463_3732374758,http://creativecommons.org/licenses/by-nc-nd/4.0/
388949,3732374758,Sepsidae_Saltella_sphondylii_3296464_3732374758,http://creativecommons.org/licenses/by-nc-nd/4.0/
390705,1968892378,Sepsidae_Themira_biloba_111569_1968892378,http://creativecommons.org/licenses/by-nc-nd/4.0/
390706,1968892378,Sepsidae_Themira_biloba_111570_1968892378,http://creativecommons.org/licenses/by-nc-nd/4.0/
390707,1968892378,Sepsidae_Themira_biloba_111571_1968892378,http://creativecommons.org/licenses/by-nc-nd/4.0/
390715,3822534073,Sepsidae_Nemopoda_nitidula_1937335_3822534073,http://creativecommons.org/licenses/by-nc-nd/4.0/
391632,1973626686,Sepsidae_Themira_superba_2187770_1973626686,http://creativecommons.org/licenses/by-nc-nd/4.0/
391784,3727141677,Sepsidae_Saltella_sphondylii_516625_3727141677,http://creativecommons.org/licenses/by-nc/4.0/
392602,2842830239,Sepsidae_Sepsis_punctum_1608376_2842830239,http://creativecommons.org/licenses/by-nc-nd/4.0/
392603,2842830239,Sepsidae_Sepsis_punctum_1608377_2842830239,http://creativecommons.org/licenses/by-nc-nd/4.0/
394035,2840568704,Sepsidae_Saltella_sphondylii_224177_2840568704,http://creativecommons.org/licenses/by-nc-nd/4.0/
394476,3721212238,Sepsidae_Saltella_sphondylii_495001_3721212238,http://creativecommons.org/licenses/by-nc-nd/4.0/
394868,2844082268,Sepsidae_Themira_lucida_1610428_2844082268,http://creativecommons.org/licenses/by-nc-nd/4.0/
394869,2844082268,Sepsidae_Themira_lucida_1610429_2844082268,http://creativecommons.org/licenses/by-nc-nd/4.0/
395416,3822855472,Sepsidae_Themira_minor_1249175_3822855472,http://creativecommons.org/licenses/by-nc-nd/4.0/
395417,3822855472,Sepsidae_Themira_minor_1249176_3822855472,http://creativecommons.org/licenses/by-nc-nd/4.0/
397935,2248740739,Sepsidae_Nemopoda_nitidula_1516952_2248740739,http://creativecommons.org/licenses/by-nc-sa/4.0/
398187,3964568770,Sepsidae_Themira_annulipes_2724510_3964568770,© all rights reserved
398821,2410393983,Sepsidae_Themira_pubera_1533393_2410393983,© All rights reserved
398822,2410393983,Sepsidae_Themira_pubera_1533394_2410393983,© All rights reserved
399020,3904661914,Sepsidae_Themira_superba_1996802_3904661914,http://creativecommons.org/licenses/by-nc-nd/4.0/
399500,3826253436,Sepsidae_Sepsis_punctum_3326864_3826253436,http://creativecommons.org/licenses/by-nc-nd/4.0/
399525,3726318908,Sepsidae_Saltella_sphondylii_512872_3726318908,http://creativecommons.org/licenses/by-nc-nd/4.0/
399560,2837031215,Sepsidae_Sepsis_fulgens_2286752_2837031215,http://creativecommons.org/licenses/by-nc-nd/4.0/
399561,2837031215,Sepsidae_Sepsis_fulgens_2286753_2837031215,http://creativecommons.org/licenses/by-nc-nd/4.0/
399562,2837031215,Sepsidae_Sepsis_fulgens_2286754_2837031215,http://creativecommons.org/licenses/by-nc-nd/4.0/
399563,2837031215,Sepsidae_Sepsis_fulgens_2286755_2837031215,http://creativecommons.org/licenses/by-nc-nd/4.0/
400494,2834456867,Sepsidae_Sepsis_duplicata_215158_2834456867,http://creativecommons.org/licenses/by-nc-nd/4.0/
400495,2834456867,Sepsidae_Sepsis_duplicata_215159_2834456867,http://creativecommons.org/licenses/by-nc-nd/4.0/
400496,2834456867,Sepsidae_Sepsis_duplicata_215160_2834456867,http://creativecommons.org/licenses/by-nc-nd/4.0/
400497,2834456867,Sepsidae_Sepsis_duplicata_215161_2834456867,http://creativecommons.org/licenses/by-nc-nd/4.0/
400560,1976157775,Sepsidae_Sepsis_punctum_2190957_1976157775,http://creativecommons.org/licenses/by-nc-nd/4.0/
400561,1976157775,Sepsidae_Sepsis_punctum_2190958_1976157775,http://creativecommons.org/licenses/by-nc-nd/4.0/
401137,3720117711,Sepsidae_Sepsis_violacea_3248329_3720117711,http://creativecommons.org/licenses/by-nc-nd/4.0/
401138,3720117711,Sepsidae_Sepsis_violacea_3248330_3720117711,http://creativecommons.org/licenses/by-nc-nd/4.0/
401139,3720117711,Sepsidae_Sepsis_violacea_3248331_3720117711,http://creativecommons.org/licenses/by-nc-nd/4.0/
401140,3720117711,Sepsidae_Sepsis_violacea_3248332_3720117711,http://creativecommons.org/licenses/by-nc-nd/4.0/
401222,3826247241,Sepsidae_Sepsis_fulgens_1257453_3826247241,http://creativecommons.org/licenses/by-nc-nd/4.0/
401223,3826247241,Sepsidae_Sepsis_fulgens_1257454_3826247241,http://creativecommons.org/licenses/by-nc-nd/4.0/
401301,3825367300,Sepsidae_Nemopoda_nitidula_3324339_3825367300,http://creativecommons.org/licenses/by-nc-nd/4.0/
401432,3822457235,Sepsidae_Nemopoda_nitidula_1247946_3822457235,http://creativecommons.org/licenses/by-nc-nd/4.0/
401720,3826418361,Sepsidae_Sepsis_punctum_3327185_3826418361,http://creativecommons.org/licenses/by-nc-nd/4.0/
401875,2836988275,Sepsidae_Sepsis_punctum_1597690_2836988275,http://creativecommons.org/licenses/by-nc-nd/4.0/
401940,3822693521,Sepsidae_Themira_lucida_1248882_3822693521,http://creativecommons.org/licenses/by-nc-nd/4.0/
401941,3822693521,Sepsidae_Themira_lucida_1248883_3822693521,http://creativecommons.org/licenses/by-nc-nd/4.0/
401942,3822693521,Sepsidae_Themira_lucida_1248884_3822693521,http://creativecommons.org/licenses/by-nc-nd/4.0/
402499,1965506396,Sepsidae_Themira_annulipes_106749_1965506396,http://creativecommons.org/licenses/by-nc-nd/4.0/
402500,1965506396,Sepsidae_Themira_annulipes_106750_1965506396,http://creativecommons.org/licenses/by-nc-nd/4.0/
402635,3720752055,Sepsidae_Nemopoda_nitidula_492431_3720752055,http://creativecommons.org/licenses/by-nc-sa/4.0/
403770,2248737566,Sepsidae_Sepsis_violacea_828458_2248737566,http://creativecommons.org/licenses/by-nc-sa/4.0/
404393,2404656532,Sepsidae_Nemopoda_nitidula_153074_2404656532,© All rights reserved
404796,2842512324,Sepsidae_Sepsis_punctum_2987106_2842512324,http://creativecommons.org/licenses/by-nc-nd/4.0/
405822,3822587919,Sepsidae_Themira_minor_3317560_3822587919,http://creativecommons.org/licenses/by-nc-nd/4.0/
405823,3822587919,Sepsidae_Themira_minor_3317561_3822587919,http://creativecommons.org/licenses/by-nc-nd/4.0/
405824,3822587919,Sepsidae_Themira_minor_3317562_3822587919,http://creativecommons.org/licenses/by-nc-nd/4.0/
405825,3822587919,Sepsidae_Themira_minor_3317563_3822587919,http://creativecommons.org/licenses/by-nc-nd/4.0/
405826,3822587919,Sepsidae_Themira_minor_3317564_3822587919,http://creativecommons.org/licenses/by-nc-nd/4.0/
405827,3822587919,Sepsidae_Themira_minor_3317565_3822587919,http://creativecommons.org/licenses/by-nc-nd/4.0/
405923,1965055203,Sepsidae_Nemopoda_nitidula_796176_1965055203,http://creativecommons.org/licenses/by-nc-nd/4.0/
405933,1965222240,Sepsidae_Saltella_sphondylii_2174458_1965222240,http://creativecommons.org/licenses/by-nc-nd/4.0/
405996,2837464743,Sepsidae_Saltella_sphondylii_2978453_2837464743,http://creativecommons.org/licenses/by-nc-nd/4.0/
406309,2833951996,Sepsidae_Nemopoda_nitidula_1592355_2833951996,http://creativecommons.org/licenses/by-nc-nd/4.0/
407136,3732089456,Sepsidae_Saltella_sphondylii_1915051_3732089456,http://creativecommons.org/licenses/by-nc-nd/4.0/
411037,1088934707,Sepsidae_Sepsis_punctum_2074590_1088934707,http://creativecommons.org/licenses/by-nc-sa/4.0/
411070,1453325062,Sepsidae_Sepsis_punctum_2115171_1453325062,http://creativecommons.org/licenses/by-nc/4.0/
411071,1453325062,Sepsidae_Sepsis_punctum_2115172_1453325062,http://creativecommons.org/licenses/by-nc/4.0/
411400,1042823522,Sepsidae_Sepsis_fulgens_1383934_1042823522,http://creativecommons.org/licenses/by-nc-sa/4.0/
415793,1571099577,Sepsidae_Saltella_sphondylii_1430050_1571099577,http://creativecommons.org/licenses/by-nc/4.0/
415794,1571099577,Sepsidae_Saltella_sphondylii_1430051_1571099577,http://creativecommons.org/licenses/by-nc/4.0/
422282,1024178340,Sepsidae_Sepsis_punctum_2072648_1024178340,http://creativecommons.org/licenses/by-nc-sa/4.0/
426569,2456573386,Sepsidae_Sepsis_lateralis_1542831_2456573386,http://creativecommons.org/licenses/by/4.0/
428595,3455320337,Sepsidae_Saltella_sphondylii_1835602_3455320337,http://creativecommons.org/licenses/by-nc/4.0/
428596,3455320337,Sepsidae_Saltella_sphondylii_1835603_3455320337,http://creativecommons.org/licenses/by-nc/4.0/
430204,3730615120,Sepsidae_Saltella_sphondylii_2596154_3730615120,http://creativecommons.org/licenses/by-nc-nd/4.0/
430936,3731092022,Sepsidae_Nemopoda_nitidula_3289687_3731092022,http://creativecommons.org/licenses/by-nc-nd/4.0/
431096,3717171506,Sepsidae_Saltella_sphondylii_1860227_3717171506,http://creativecommons.org/licenses/by-nc-nd/4.0/
431097,3717171506,Sepsidae_Saltella_sphondylii_1860228_3717171506,http://creativecommons.org/licenses/by-nc-nd/4.0/
431347,3725860791,Sepsidae_Nemopoda_nitidula_1200016_3725860791,http://creativecommons.org/licenses/by-nc-nd/4.0/
433301,3448603534,Sepsidae_Sepsis_punctum_2522816_3448603534,http://creativecommons.org/licenses/by-sa/4.0/
433400,3890678441,Sepsidae_Nemopoda_nitidula_2669238_3890678441,© all rights reserved
433401,3890678441,Sepsidae_Nemopoda_nitidula_2669239_3890678441,© all rights reserved
433612,1975818932,Sepsidae_Sepsis_punctum_2880443_1975818932,http://creativecommons.org/licenses/by-nc-nd/4.0/
433613,1975818932,Sepsidae_Sepsis_punctum_2880444_1975818932,http://creativecommons.org/licenses/by-nc-nd/4.0/
433614,1975818932,Sepsidae_Sepsis_punctum_2880445_1975818932,http://creativecommons.org/licenses/by-nc-nd/4.0/
433722,1958146912,Sepsidae_Nemopoda_nitidula_2855699_1958146912,http://creativecommons.org/licenses/by-nc-nd/4.0/
433723,1958146912,Sepsidae_Nemopoda_nitidula_2855700_1958146912,http://creativecommons.org/licenses/by-nc-nd/4.0/
433847,3825600260,Sepsidae_Sepsis_cynipsea_3325083_3825600260,http://creativecommons.org/licenses/by-nc-nd/4.0/
434188,2841824610,Sepsidae_Saltella_sphondylii_1605527_2841824610,http://creativecommons.org/licenses/by-nc-nd/4.0/
434189,2841824610,Sepsidae_Saltella_sphondylii_1605528_2841824610,http://creativecommons.org/licenses/by-nc-nd/4.0/
434190,2841824610,Sepsidae_Saltella_sphondylii_1605529_2841824610,http://creativecommons.org/licenses/by-nc-nd/4.0/
435394,3732557791,Sepsidae_Saltella_sphondylii_3297356_3732557791,http://creativecommons.org/licenses/by-nc-nd/4.0/
435783,2834040751,Sepsidae_Saltella_sphondylii_903823_2834040751,http://creativecommons.org/licenses/by-nc-nd/4.0/
435978,1955610097,Sepsidae_Nemopoda_nitidula_2851767_1955610097,http://creativecommons.org/licenses/by-nc-nd/4.0/
435979,1955610097,Sepsidae_Nemopoda_nitidula_2851768_1955610097,http://creativecommons.org/licenses/by-nc-nd/4.0/
435980,1955610097,Sepsidae_Nemopoda_nitidula_2851769_1955610097,http://creativecommons.org/licenses/by-nc-nd/4.0/
436078,1959639170,Sepsidae_Saltella_sphondylii_2167886_1959639170,http://creativecommons.org/licenses/by-nc-nd/4.0/
436122,3729014854,Sepsidae_Sepsis_cynipsea_2589997_3729014854,http://creativecommons.org/licenses/by-nc-nd/4.0/
436123,3729014854,Sepsidae_Sepsis_cynipsea_2589998_3729014854,http://creativecommons.org/licenses/by-nc-nd/4.0/
436257,2837627254,Sepsidae_Sepsis_fulgens_1599190_2837627254,http://creativecommons.org/licenses/by-nc-nd/4.0/
436258,2837627254,Sepsidae_Sepsis_fulgens_1599191_2837627254,http://creativecommons.org/licenses/by-nc-nd/4.0/
436259,3727050456,Sepsidae_Nemopoda_nitidula_3274527_3727050456,http://creativecommons.org/licenses/by-nc-nd/4.0/
436260,3727050456,Sepsidae_Nemopoda_nitidula_3274528_3727050456,http://creativecommons.org/licenses/by-nc-nd/4.0/
437603,2839223542,Sepsidae_Sepsis_punctum_913195_2839223542,http://creativecommons.org/licenses/by-nc-nd/4.0/
437604,2839223542,Sepsidae_Sepsis_punctum_913196_2839223542,http://creativecommons.org/licenses/by-nc-nd/4.0/
437605,2839223542,Sepsidae_Sepsis_punctum_913197_2839223542,http://creativecommons.org/licenses/by-nc-nd/4.0/
437645,3717831869,Sepsidae_Sepsis_fulgens_1863365_3717831869,http://creativecommons.org/licenses/by-nc-nd/4.0/
437646,3717831869,Sepsidae_Sepsis_fulgens_1863366_3717831869,http://creativecommons.org/licenses/by-nc-nd/4.0/
438193,3822546945,Sepsidae_Sepsis_punctum_2626921_3822546945,http://creativecommons.org/licenses/by-nc-nd/4.0/
438545,1969766559,Sepsidae_Sepsis_punctum_1492567_1969766559,http://creativecommons.org/licenses/by/4.0/
438546,1969766559,Sepsidae_Sepsis_punctum_1492568_1969766559,http://creativecommons.org/licenses/by/4.0/
438631,1956682636,Sepsidae_Saltella_sphondylii_2163003_1956682636,http://creativecommons.org/licenses/by-nc-nd/4.0/
438632,1956682636,Sepsidae_Saltella_sphondylii_2163004_1956682636,http://creativecommons.org/licenses/by-nc-nd/4.0/
438995,2836019143,Sepsidae_Nemopoda_nitidula_907364_2836019143,http://creativecommons.org/licenses/by-nc-nd/4.0/
438996,2836019143,Sepsidae_Nemopoda_nitidula_907365_2836019143,http://creativecommons.org/licenses/by-nc-nd/4.0/
439725,2834310054,Sepsidae_Sepsis_cynipsea_1593812_2834310054,http://creativecommons.org/licenses/by-nc-nd/4.0/
439726,2834310054,Sepsidae_Sepsis_cynipsea_1593813_2834310054,http://creativecommons.org/licenses/by-nc-nd/4.0/
439965,3827019457,Sepsidae_Sepsis_cynipsea_570000_3827019457,http://creativecommons.org/licenses/by-nc-nd/4.0/
439966,3827019457,Sepsidae_Sepsis_cynipsea_570001_3827019457,http://creativecommons.org/licenses/by-nc-nd/4.0/
439967,3827019457,Sepsidae_Sepsis_cynipsea_570002_3827019457,http://creativecommons.org/licenses/by-nc-nd/4.0/
440235,3717459555,Sepsidae_Saltella_sphondylii_482568_3717459555,http://creativecommons.org/licenses/by-nc-nd/4.0/
440576,3726336393,Sepsidae_Saltella_sphondylii_2580824_3726336393,http://creativecommons.org/licenses/by-nc-nd/4.0/
441607,2844338322,Sepsidae_Sepsis_violacea_1610950_2844338322,http://creativecommons.org/licenses/by-nc-nd/4.0/
441608,2844338322,Sepsidae_Sepsis_violacea_1610951_2844338322,http://creativecommons.org/licenses/by-nc-nd/4.0/
441652,3722348786,Sepsidae_Saltella_sphondylii_3261402_3722348786,http://creativecommons.org/licenses/by-nc-nd/4.0/
441777,1954707081,Sepsidae_Sepsis_punctum_781789_1954707081,http://creativecommons.org/licenses/by-nc-nd/4.0/
441924,3727914282,Sepsidae_Nemopoda_nitidula_519207_3727914282,http://creativecommons.org/licenses/by-nc-sa/4.0/
441925,3727914282,Sepsidae_Nemopoda_nitidula_519208_3727914282,http://creativecommons.org/licenses/by-nc-sa/4.0/
443151,2407632781,Sepsidae_Sepsis_fulgens_1532714_2407632781,© All rights reserved
443539,3731524818,Sepsidae_Nemopoda_nitidula_1912049_3731524818,http://creativecommons.org/licenses/by-nc-nd/4.0/
443623,3822573051,Sepsidae_Nemopoda_nitidula_1248401_3822573051,http://creativecommons.org/licenses/by-nc-nd/4.0/
443731,1974463472,Sepsidae_Sepsis_punctum_2189454_1974463472,http://creativecommons.org/licenses/by-nc-nd/4.0/
445007,3719112073,Sepsidae_Sepsis_cynipsea_488437_3719112073,http://creativecommons.org/licenses/by-nc-nd/4.0/
445113,3728667207,Sepsidae_Nemopoda_nitidula_2589133_3728667207,http://creativecommons.org/licenses/by-nc-nd/4.0/
445365,3825378811,Sepsidae_Saltella_sphondylii_2633653_3825378811,http://creativecommons.org/licenses/by-nc-nd/4.0/
445369,3826256295,Sepsidae_Sepsis_fulgens_568306_3826256295,http://creativecommons.org/licenses/by-nc-nd/4.0/
445370,3826256295,Sepsidae_Sepsis_fulgens_568307_3826256295,http://creativecommons.org/licenses/by-nc-nd/4.0/
445371,3826256295,Sepsidae_Sepsis_fulgens_568308_3826256295,http://creativecommons.org/licenses/by-nc-nd/4.0/
445372,3826256295,Sepsidae_Sepsis_fulgens_568309_3826256295,http://creativecommons.org/licenses/by-nc-nd/4.0/
445654,3826748403,Sepsidae_Nemopoda_nitidula_1947584_3826748403,http://creativecommons.org/licenses/by-nc-nd/4.0/
446244,2842771889,Sepsidae_Nemopoda_nitidula_1608282_2842771889,http://creativecommons.org/licenses/by-nc-nd/4.0/
446974,1976799844,Sepsidae_Themira_minor_1503127_1976799844,http://creativecommons.org/licenses/by-nc-nd/4.0/
446975,1976799844,Sepsidae_Themira_minor_1503128_1976799844,http://creativecommons.org/licenses/by-nc-nd/4.0/
446981,3721793206,Sepsidae_Nemopoda_nitidula_3257352_3721793206,http://creativecommons.org/licenses/by-nc/4.0/
447081,1973023638,Sepsidae_Nemopoda_nitidula_809202_1973023638,http://creativecommons.org/licenses/by-nc/4.0/
447082,1973023638,Sepsidae_Nemopoda_nitidula_809203_1973023638,http://creativecommons.org/licenses/by-nc/4.0/
447083,1973023638,Sepsidae_Nemopoda_nitidula_809204_1973023638,http://creativecommons.org/licenses/by-nc/4.0/
448746,3722538472,Sepsidae_Nemopoda_nitidula_3262601_3722538472,http://creativecommons.org/licenses/by-nc-nd/4.0/
449029,3732777962,Sepsidae_Sepsis_punctum_2607383_3732777962,http://creativecommons.org/licenses/by-nc/4.0/
449496,3825358920,Sepsidae_Themira_minor_1944238_3825358920,http://creativecommons.org/licenses/by-nc-nd/4.0/
449497,3825358920,Sepsidae_Themira_minor_1944239_3825358920,http://creativecommons.org/licenses/by-nc-nd/4.0/
449844,3721555370,Sepsidae_Nemopoda_nitidula_1875657_3721555370,http://creativecommons.org/licenses/by-nc-nd/4.0/
449847,3721555370,Sepsidae_Nemopoda_nitidula_1875660_3721555370,http://creativecommons.org/licenses/by-nc-nd/4.0/
449886,3823395461,Sepsidae_Nemopoda_nitidula_3319668_3823395461,http://creativecommons.org/licenses/by-nc-nd/4.0/
451383,3727978116,Sepsidae_Sepsis_punctum_1208503_3727978116,http://creativecommons.org/licenses/by-nc-nd/4.0/
451753,2834982130,Sepsidae_Sepsis_punctum_1595403_2834982130,http://creativecommons.org/licenses/by-nc-nd/4.0/
452076,3780645497,Sepsidae_Nemopoda_nitidula_1241838_3780645497,© All rights reserved
452162,2400248747,Sepsidae_Sepsis_cynipsea_2910546_2400248747,http://creativecommons.org/licenses/by/4.0/
452163,2400248747,Sepsidae_Sepsis_cynipsea_2910547_2400248747,http://creativecommons.org/licenses/by/4.0/
452600,3822463942,Sepsidae_Sepsis_punctum_2626589_3822463942,http://creativecommons.org/licenses/by-nc-nd/4.0/
452651,1968732444,Sepsidae_Sepsis_punctum_1490519_1968732444,http://creativecommons.org/licenses/by-nc/4.0/
452652,1968732444,Sepsidae_Sepsis_punctum_1490520_1968732444,http://creativecommons.org/licenses/by-nc/4.0/
452812,3732840798,Sepsidae_Nemopoda_nitidula_1229334_3732840798,http://creativecommons.org/licenses/by-nc-nd/4.0/
452891,1968574002,Sepsidae_Themira_biloba_801793_1968574002,http://creativecommons.org/licenses/by-nc-nd/4.0/
452892,1968574002,Sepsidae_Themira_biloba_801794_1968574002,http://creativecommons.org/licenses/by-nc-nd/4.0/
453820,3722964608,Sepsidae_Themira_leachi_2574309_3722964608,http://creativecommons.org/licenses/by-nc-nd/4.0/
454910,3826627502,Sepsidae_Nemopoda_nitidula_2636748_3826627502,http://creativecommons.org/licenses/by-nc-nd/4.0/
454912,1976694983,Sepsidae_Themira_lucida_123778_1976694983,http://creativecommons.org/licenses/by-nc-nd/4.0/
456189,3825258168,Sepsidae_Nemopoda_nitidula_565508_3825258168,http://creativecommons.org/licenses/by-nc-nd/4.0/
456849,1972410946,Sepsidae_Sepsis_fulgens_1496039_1972410946,http://creativecommons.org/licenses/by-nc-nd/4.0/
456850,1972410946,Sepsidae_Sepsis_fulgens_1496040_1972410946,http://creativecommons.org/licenses/by-nc-nd/4.0/
456851,1972410946,Sepsidae_Sepsis_fulgens_1496041_1972410946,http://creativecommons.org/licenses/by-nc-nd/4.0/
457394,1966093366,Sepsidae_Sepsis_fulgens_798729_1966093366,http://creativecommons.org/licenses/by-nc-nd/4.0/
458033,1971903546,Sepsidae_Sepsis_orthocnemis_2875042_1971903546,http://creativecommons.org/licenses/by-nc-nd/4.0/
458034,1971903546,Sepsidae_Sepsis_orthocnemis_2875043_1971903546,http://creativecommons.org/licenses/by-nc-nd/4.0/
459154,3822436959,Sepsidae_Sepsis_punctum_1247844_3822436959,http://creativecommons.org/licenses/by-nc-nd/4.0/
459155,3822436959,Sepsidae_Sepsis_punctum_1247845_3822436959,http://creativecommons.org/licenses/by-nc-nd/4.0/
459156,3822436959,Sepsidae_Sepsis_punctum_1247846_3822436959,http://creativecommons.org/licenses/by-nc-nd/4.0/
459427,2833416107,Sepsidae_Sepsis_cynipsea_1591255_2833416107,http://creativecommons.org/licenses/by-nc-nd/4.0/
459500,3722339554,Sepsidae_Nemopoda_nitidula_1881477_3722339554,http://creativecommons.org/licenses/by-nc-nd/4.0/
460092,1965506283,Sepsidae_Sepsis_fulgens_106745_1965506283,http://creativecommons.org/licenses/by-nc-nd/4.0/
460314,3822888318,Sepsidae_Sepsis_punctum_1249264_3822888318,http://creativecommons.org/licenses/by-nc-nd/4.0/
460350,3716858004,Sepsidae_Nemopoda_nitidula_3237906_3716858004,http://creativecommons.org/licenses/by-nc-nd/4.0/
460596,1965201286,Sepsidae_Nemopoda_nitidula_105799_1965201286,http://creativecommons.org/licenses/by-nc-nd/4.0/
460647,1957141252,Sepsidae_Themira_superba_2163553_1957141252,http://creativecommons.org/licenses/by-nc-nd/4.0/
460648,1957141252,Sepsidae_Themira_superba_2163554_1957141252,http://creativecommons.org/licenses/by-nc-nd/4.0/
460649,1957141252,Sepsidae_Themira_superba_2163555_1957141252,http://creativecommons.org/licenses/by-nc-nd/4.0/
460650,1957141252,Sepsidae_Themira_superba_2163556_1957141252,http://creativecommons.org/licenses/by-nc-nd/4.0/
464298,1847061754,Sepsidae_Nemopoda_nitidula_2835020_1847061754,
464571,1846935482,Sepsidae_Nemopoda_nitidula_766558_1846935482,
465639,1847061744,Sepsidae_Nemopoda_nitidula_2145084_1847061744,
465886,1846935412,Sepsidae_Nemopoda_nitidula_2834114_1846935412,
466235,1968094543,Sepsidae_Sepsis_cynipsea_2179066_1968094543,http://creativecommons.org/licenses/by-nc-sa/4.0/
466236,1968094543,Sepsidae_Sepsis_cynipsea_2179067_1968094543,http://creativecommons.org/licenses/by-nc-sa/4.0/
466237,1968094543,Sepsidae_Sepsis_cynipsea_2179068_1968094543,http://creativecommons.org/licenses/by-nc-sa/4.0/
466238,1968094543,Sepsidae_Sepsis_cynipsea_2179069_1968094543,http://creativecommons.org/licenses/by-nc-sa/4.0/
466241,3826298371,Sepsidae_Themira_minor_1257568_3826298371,http://creativecommons.org/licenses/by-nc-nd/4.0/
466242,3826298371,Sepsidae_Themira_minor_1257569_3826298371,http://creativecommons.org/licenses/by-nc-nd/4.0/
466243,3826298371,Sepsidae_Themira_minor_1257570_3826298371,http://creativecommons.org/licenses/by-nc-nd/4.0/
466330,2844475002,Sepsidae_Nemopoda_nitidula_2990973_2844475002,http://creativecommons.org/licenses/by-nc-nd/4.0/
466331,2844475002,Sepsidae_Nemopoda_nitidula_2990974_2844475002,http://creativecommons.org/licenses/by-nc-nd/4.0/
467048,3822483841,Sepsidae_Sepsis_punctum_2626692_3822483841,http://creativecommons.org/licenses/by-nc-sa/4.0/
467271,1965650569,Sepsidae_Themira_annulipes_2865778_1965650569,http://creativecommons.org/licenses/by-nc-nd/4.0/
467272,1965650569,Sepsidae_Themira_annulipes_2865779_1965650569,http://creativecommons.org/licenses/by-nc-nd/4.0/
467928,2833311520,Sepsidae_Saltella_sphondylii_211683_2833311520,http://creativecommons.org/licenses/by-nc-nd/4.0/
467929,2833311520,Sepsidae_Saltella_sphondylii_211684_2833311520,http://creativecommons.org/licenses/by-nc-nd/4.0/
467930,2833311520,Sepsidae_Saltella_sphondylii_211685_2833311520,http://creativecommons.org/licenses/by-nc-nd/4.0/
467931,2833311520,Sepsidae_Saltella_sphondylii_211686_2833311520,http://creativecommons.org/licenses/by-nc-nd/4.0/
467932,2833311520,Sepsidae_Saltella_sphondylii_211687_2833311520,http://creativecommons.org/licenses/by-nc-nd/4.0/
468276,2842745139,Sepsidae_Sepsis_punctum_919481_2842745139,http://creativecommons.org/licenses/by-nc-nd/4.0/
468277,2842745139,Sepsidae_Sepsis_punctum_919482_2842745139,http://creativecommons.org/licenses/by-nc-nd/4.0/
468278,2842745139,Sepsidae_Sepsis_punctum_919483_2842745139,http://creativecommons.org/licenses/by-nc-nd/4.0/
468475,2838407984,Sepsidae_Sepsis_punctum_2980484_2838407984,http://creativecommons.org/licenses/by-nc-nd/4.0/
468761,3825425887,Sepsidae_Sepsis_punctum_3324616_3825425887,http://creativecommons.org/licenses/by-nc-nd/4.0/
468762,3825425887,Sepsidae_Sepsis_punctum_3324617_3825425887,http://creativecommons.org/licenses/by-nc-nd/4.0/
468782,1969280988,Sepsidae_Saltella_sphondylii_2870894_1969280988,http://creativecommons.org/licenses/by-nc-nd/4.0/
468783,1969280988,Sepsidae_Saltella_sphondylii_2870895_1969280988,http://creativecommons.org/licenses/by-nc-nd/4.0/
468784,1969280988,Sepsidae_Saltella_sphondylii_2870896_1969280988,http://creativecommons.org/licenses/by-nc-nd/4.0/
468785,1969280988,Sepsidae_Saltella_sphondylii_2870897_1969280988,http://creativecommons.org/licenses/by-nc-nd/4.0/
468806,3716202641,Sepsidae_Themira_pubera_3234995_3716202641,http://creativecommons.org/licenses/by-nc-nd/4.0/
468807,3716202641,Sepsidae_Themira_pubera_3234996_3716202641,http://creativecommons.org/licenses/by-nc-nd/4.0/
468877,3825783926,Sepsidae_Sepsis_punctum_567055_3825783926,http://creativecommons.org/licenses/by-nc-nd/4.0/
468878,3825783926,Sepsidae_Sepsis_punctum_567056_3825783926,http://creativecommons.org/licenses/by-nc-nd/4.0/
468879,3825783926,Sepsidae_Sepsis_punctum_567057_3825783926,http://creativecommons.org/licenses/by-nc-nd/4.0/
469150,1973021773,Sepsidae_Themira_minor_2877028_1973021773,http://creativecommons.org/licenses/by-nc-nd/4.0/
469151,1973021773,Sepsidae_Themira_minor_2877029_1973021773,http://creativecommons.org/licenses/by-nc-nd/4.0/
469474,2843777641,Sepsidae_Saltella_sphondylii_1610016_2843777641,http://creativecommons.org/licenses/by-nc-nd/4.0/
469910,1972660028,Sepsidae_Sepsis_punctum_117545_1972660028,http://creativecommons.org/licenses/by-nc/4.0/
470207,1952947257,Sepsidae_Saltella_sphondylii_89197_1952947257,http://creativecommons.org/licenses/by-nc-nd/4.0/
470233,1972835845,Sepsidae_Sepsis_punctum_808634_1972835845,http://creativecommons.org/licenses/by-nc-nd/4.0/
470234,1972835845,Sepsidae_Sepsis_punctum_808635_1972835845,http://creativecommons.org/licenses/by-nc-nd/4.0/
470771,1975975252,Sepsidae_Sepsis_cynipsea_2190669_1975975252,http://creativecommons.org/licenses/by-nc-nd/4.0/
470772,1975975252,Sepsidae_Sepsis_cynipsea_2190670_1975975252,http://creativecommons.org/licenses/by-nc-nd/4.0/
471030,3720610715,Sepsidae_Nemopoda_nitidula_1180694_3720610715,http://creativecommons.org/licenses/by-nc-nd/4.0/
471545,3995396708,Sepsidae_Saltella_sphondylii_666567_3995396708,http://creativecommons.org/licenses/by-nc/4.0/
473139,3823345362,Sepsidae_Sepsis_fulgens_3319501_3823345362,http://creativecommons.org/licenses/by-nc-nd/4.0/
473140,3823345362,Sepsidae_Sepsis_fulgens_3319502_3823345362,http://creativecommons.org/licenses/by-nc-nd/4.0/
473141,3823345362,Sepsidae_Sepsis_fulgens_3319503_3823345362,http://creativecommons.org/licenses/by-nc-nd/4.0/
473313,1974459927,Sepsidae_Sepsis_punctum_2189448_1974459927,http://creativecommons.org/licenses/by-nc-nd/4.0/
473777,3729741717,Sepsidae_Nemopoda_nitidula_2592105_3729741717,http://creativecommons.org/licenses/by-nc-sa/4.0/
474546,3728068875,Sepsidae_Nemopoda_nitidula_3278057_3728068875,http://creativecommons.org/licenses/by-nc-nd/4.0/
474623,2837278911,Sepsidae_Nemopoda_nitidula_2977965_2837278911,http://creativecommons.org/licenses/by-nc-nd/4.0/
474656,2833990567,Sepsidae_Saltella_sphondylii_2971861_2833990567,http://creativecommons.org/licenses/by-nc-nd/4.0/
480144,2611160075,Sepsidae_Nemopoda_nitidula_2946170_2611160075,http://creativecommons.org/licenses/by-nc/4.0/
480813,4022050421,Sepsidae_Nemopoda_nitidula_2750367_4022050421,http://creativecommons.org/licenses/by-nc/4.0/
481400,3321086802,Sepsidae_Sepsis_punctum_3054957_3321086802,http://creativecommons.org/licenses/by/4.0/
481401,3321086802,Sepsidae_Sepsis_punctum_3054958_3321086802,http://creativecommons.org/licenses/by/4.0/
483251,3013919234,Sepsidae_Sepsis_lateralis_262218_3013919234,http://creativecommons.org/licenses/by-nc/4.0/
483987,3823746815,Sepsidae_Sepsis_punctum_1940397_3823746815,http://creativecommons.org/licenses/by-nc-nd/4.0/
483988,3823746815,Sepsidae_Sepsis_punctum_1940398_3823746815,http://creativecommons.org/licenses/by-nc-nd/4.0/
484098,3728402235,Sepsidae_Nemopoda_nitidula_1209740_3728402235,http://creativecommons.org/licenses/by-nc-nd/4.0/
484100,3728402235,Sepsidae_Nemopoda_nitidula_1209742_3728402235,http://creativecommons.org/licenses/by-nc-nd/4.0/
484474,1974466563,Sepsidae_Sepsis_punctum_1500240_1974466563,http://creativecommons.org/licenses/by-nc-nd/4.0/
484527,3995711971,Sepsidae_Saltella_sphondylii_2734837_3995711971,http://creativecommons.org/licenses/by-nc-nd/4.0/
484528,3995711971,Sepsidae_Saltella_sphondylii_2734838_3995711971,http://creativecommons.org/licenses/by-nc-nd/4.0/
485031,3995230288,Sepsidae_Saltella_sphondylii_665936_3995230288,http://creativecommons.org/licenses/by-nc-nd/4.0/
485032,3995230288,Sepsidae_Saltella_sphondylii_665937_3995230288,http://creativecommons.org/licenses/by-nc-nd/4.0/
485033,3995230288,Sepsidae_Saltella_sphondylii_665938_3995230288,http://creativecommons.org/licenses/by-nc-nd/4.0/
485118,3995968229,Sepsidae_Saltella_sphondylii_2735694_3995968229,http://creativecommons.org/licenses/by-nc-nd/4.0/
485196,3822666961,Sepsidae_Nemopoda_nitidula_3317897_3822666961,http://creativecommons.org/licenses/by-nc-nd/4.0/
485943,2838172226,Sepsidae_Nemopoda_nitidula_1600369_2838172226,http://creativecommons.org/licenses/by-nc-nd/4.0/
486039,3822656657,Sepsidae_Nemopoda_nitidula_559825_3822656657,http://creativecommons.org/licenses/by-nc-nd/4.0/
486040,3822656657,Sepsidae_Nemopoda_nitidula_559826_3822656657,http://creativecommons.org/licenses/by-nc-nd/4.0/
486159,2836927596,Sepsidae_Saltella_sphondylii_908756_2836927596,http://creativecommons.org/licenses/by-nc-nd/4.0/
486235,3731347526,Sepsidae_Nemopoda_nitidula_1221770_3731347526,http://creativecommons.org/licenses/by-nc-nd/4.0/
486236,3731347526,Sepsidae_Nemopoda_nitidula_1221771_3731347526,http://creativecommons.org/licenses/by-nc-nd/4.0/
486604,3727028523,Sepsidae_Saltella_sphondylii_3274431_3727028523,http://creativecommons.org/licenses/by-nc/4.0/
486656,1971688422,Sepsidae_Sepsis_violacea_1495258_1971688422,http://creativecommons.org/licenses/by-nc-nd/4.0/
486657,1971688422,Sepsidae_Sepsis_violacea_1495259_1971688422,http://creativecommons.org/licenses/by-nc-nd/4.0/
486658,1971688422,Sepsidae_Sepsis_violacea_1495260_1971688422,http://creativecommons.org/licenses/by-nc-nd/4.0/
486659,1971688422,Sepsidae_Sepsis_violacea_1495261_1971688422,http://creativecommons.org/licenses/by-nc-nd/4.0/
486660,1971688422,Sepsidae_Sepsis_violacea_1495262_1971688422,http://creativecommons.org/licenses/by-nc-nd/4.0/
487185,3717820677,Sepsidae_Themira_leachi_1863305_3717820677,http://creativecommons.org/licenses/by-nc-nd/4.0/
487187,3822707500,Sepsidae_Sepsis_fulgens_3318030_3822707500,http://creativecommons.org/licenses/by-nc/4.0/
487188,3822707500,Sepsidae_Sepsis_fulgens_3318031_3822707500,http://creativecommons.org/licenses/by-nc/4.0/
487666,3731736181,Sepsidae_Saltella_sphondylii_535077_3731736181,http://creativecommons.org/licenses/by-nc-nd/4.0/
487937,1976580858,Sepsidae_Sepsis_fulgens_123491_1976580858,http://creativecommons.org/licenses/by-nc-nd/4.0/
488885,1975974993,Sepsidae_Sepsis_fulgens_2880750_1975974993,http://creativecommons.org/licenses/by-nc-nd/4.0/
488886,1975974993,Sepsidae_Sepsis_fulgens_2880751_1975974993,http://creativecommons.org/licenses/by-nc-nd/4.0/
489393,1975188499,Sepsidae_Nemopoda_nitidula_1500698_1975188499,http://creativecommons.org/licenses/by-nc-nd/4.0/
489395,1975188499,Sepsidae_Nemopoda_nitidula_1500700_1975188499,http://creativecommons.org/licenses/by-nc-nd/4.0/
489537,3825431176,Sepsidae_Nemopoda_nitidula_1944529_3825431176,http://creativecommons.org/licenses/by-nc-nd/4.0/
489589,3720372926,Sepsidae_Nemopoda_nitidula_490755_3720372926,http://creativecommons.org/licenses/by-nc-nd/4.0/
489590,3720372926,Sepsidae_Nemopoda_nitidula_490756_3720372926,http://creativecommons.org/licenses/by-nc-nd/4.0/
490143,3729964467,Sepsidae_Nemopoda_nitidula_1903600_3729964467,http://creativecommons.org/licenses/by/4.0/
490267,1952518250,Sepsidae_Sepsis_punctum_88262_1952518250,http://creativecommons.org/licenses/by-nc-nd/4.0/
490268,1952518250,Sepsidae_Sepsis_punctum_88263_1952518250,http://creativecommons.org/licenses/by-nc-nd/4.0/
490269,1952518250,Sepsidae_Sepsis_punctum_88264_1952518250,http://creativecommons.org/licenses/by-nc-nd/4.0/
491857,3725929804,Sepsidae_Saltella_sphondylii_1889660_3725929804,http://creativecommons.org/licenses/by-nc-nd/4.0/
493091,2843918895,Sepsidae_Sepsis_fulgens_231269_2843918895,http://creativecommons.org/licenses/by-nc-nd/4.0/
493092,2843918895,Sepsidae_Sepsis_fulgens_231270_2843918895,http://creativecommons.org/licenses/by-nc-nd/4.0/
493095,3723180534,Sepsidae_Nemopoda_nitidula_1885596_3723180534,http://creativecommons.org/licenses/by-nc-nd/4.0/
493367,3717329048,Sepsidae_Nemopoda_nitidula_2550331_3717329048,http://creativecommons.org/licenses/by-nc-nd/4.0/
493852,3723547490,Sepsidae_Nemopoda_nitidula_507958_3723547490,http://creativecommons.org/licenses/by-nc-nd/4.0/
493966,3731389347,Sepsidae_Saltella_sphondylii_2600448_3731389347,http://creativecommons.org/licenses/by-nc-nd/4.0/
494133,1965834553,Sepsidae_Saltella_sphondylii_798186_1965834553,http://creativecommons.org/licenses/by-nc-nd/4.0/
494530,3822656987,Sepsidae_Nemopoda_nitidula_1248721_3822656987,http://creativecommons.org/licenses/by-nc/4.0/
494606,3718013868,Sepsidae_Saltella_sphondylii_3243818_3718013868,http://creativecommons.org/licenses/by-nc-nd/4.0/
494946,3730693655,Sepsidae_Nemopoda_nitidula_1907284_3730693655,http://creativecommons.org/licenses/by-nc-nd/4.0/
494947,3730693655,Sepsidae_Nemopoda_nitidula_1907285_3730693655,http://creativecommons.org/licenses/by-nc-nd/4.0/
495456,2839087528,Sepsidae_Sepsis_punctum_2290906_2839087528,http://creativecommons.org/licenses/by-nc-nd/4.0/
495457,2839087528,Sepsidae_Sepsis_punctum_2290907_2839087528,http://creativecommons.org/licenses/by-nc-nd/4.0/
495458,2839087528,Sepsidae_Sepsis_punctum_2290908_2839087528,http://creativecommons.org/licenses/by-nc-nd/4.0/
496103,3824136442,Sepsidae_Sepsis_cynipsea_1941244_3824136442,http://creativecommons.org/licenses/by-nc/4.0/
497512,3822623178,Sepsidae_Nemopoda_nitidula_1937650_3822623178,http://creativecommons.org/licenses/by-nc/4.0/
497959,3429785768,Sepsidae_Themira_putris_1714948_3429785768,© all rights reserved
498596,2399754246,Sepsidae_Sepsis_punctum_842140_2399754246,© All rights reserved
499384,1224503391,Sepsidae_Pseudonemopoda_speiseri_2078329_1224503391,© all rights reserved
499385,1224503391,Sepsidae_Pseudonemopoda_speiseri_2078330_1224503391,© all rights reserved
499386,1224503391,Sepsidae_Pseudonemopoda_speiseri_2078331_1224503391,© all rights reserved
499565,2271539053,Sepsidae_Sepsis_punctum_2212683_2271539053,© all rights reserved
499566,2271539053,Sepsidae_Sepsis_punctum_2212684_2271539053,© all rights reserved
499567,2271539053,Sepsidae_Sepsis_punctum_2212685_2271539053,© all rights reserved
500073,3992959612,Sepsidae_Sepsis_punctum_3420394_3992959612,© all rights reserved
500074,3992959612,Sepsidae_Sepsis_punctum_3420395_3992959612,© all rights reserved
501116,1123364880,Sepsidae_Sepsis_fulgens_2075983_1123364880,© all rights reserved
501117,1123364880,Sepsidae_Sepsis_fulgens_2075984_1123364880,© all rights reserved
501118,1123364880,Sepsidae_Sepsis_fulgens_2075985_1123364880,© all rights reserved
505381,3766937204,Sepsidae_Nemopoda_nitidula_1927518_3766937204,© all rights reserved
506007,2247318314,Sepsidae_Sepsis_flavimana_2895743_2247318314,© all rights reserved
510015,3988543045,Sepsidae_Sepsis_punctum_1350219_3988543045,http://creativecommons.org/licenses/by-nc/4.0/
510016,3988543045,Sepsidae_Sepsis_punctum_1350220_3988543045,http://creativecommons.org/licenses/by-nc/4.0/
510017,3988543045,Sepsidae_Sepsis_punctum_1350221_3988543045,http://creativecommons.org/licenses/by-nc/4.0/
510018,3988543045,Sepsidae_Sepsis_punctum_1350222_3988543045,http://creativecommons.org/licenses/by-nc/4.0/
511369,2883145663,Sepsidae_Nemopoda_nitidula_939179_2883145663,http://creativecommons.org/licenses/by/4.0/
511370,2883145663,Sepsidae_Nemopoda_nitidula_939180_2883145663,http://creativecommons.org/licenses/by/4.0/
517744,2557731174,Sepsidae_Sepsis_fulgens_859258_2557731174,http://creativecommons.org/licenses/by-sa/4.0/
517745,2557731174,Sepsidae_Sepsis_fulgens_859259_2557731174,http://creativecommons.org/licenses/by-sa/4.0/
517746,2557731174,Sepsidae_Sepsis_fulgens_859260_2557731174,http://creativecommons.org/licenses/by-sa/4.0/
522288,3988590646,Sepsidae_Nemopoda_nitidula_662294_3988590646,http://creativecommons.org/licenses/by-nc/4.0/
522979,3031741995,Sepsidae_Sepsis_punctum_1644435_3031741995,http://creativecommons.org/licenses/by/4.0/
526785,2837245314,Sepsidae_Sepsis_thoracica_219239_2837245314,http://creativecommons.org/licenses/by-nc-nd/4.0/
526786,2837245314,Sepsidae_Sepsis_thoracica_219240_2837245314,http://creativecommons.org/licenses/by-nc-nd/4.0/
527958,3825272245,Sepsidae_Sepsis_punctum_1943823_3825272245,http://creativecommons.org/licenses/by-nc-nd/4.0/
528451,1968714549,Sepsidae_Sepsis_orthocnemis_2179690_1968714549,http://creativecommons.org/licenses/by-nc-nd/4.0/
528452,1968714549,Sepsidae_Sepsis_orthocnemis_2179691_1968714549,http://creativecommons.org/licenses/by-nc-nd/4.0/
528463,3824132022,Sepsidae_Nemopoda_nitidula_1941230_3824132022,http://creativecommons.org/licenses/by/4.0/
528956,3722694191,Sepsidae_Nemopoda_nitidula_505272_3722694191,http://creativecommons.org/licenses/by-nc-nd/4.0/
529170,1965067917,Sepsidae_Sepsis_violacea_796204_1965067917,http://creativecommons.org/licenses/by-nc-nd/4.0/
529171,1965067917,Sepsidae_Sepsis_violacea_796205_1965067917,http://creativecommons.org/licenses/by-nc-nd/4.0/
529172,1965067917,Sepsidae_Sepsis_violacea_796206_1965067917,http://creativecommons.org/licenses/by-nc-nd/4.0/
529173,1965067917,Sepsidae_Sepsis_violacea_796207_1965067917,http://creativecommons.org/licenses/by-nc-nd/4.0/
529310,3907530151,Sepsidae_Sepsis_cynipsea_635345_3907530151,http://creativecommons.org/licenses/by-nc-nd/4.0/
529311,3907530151,Sepsidae_Sepsis_cynipsea_635346_3907530151,http://creativecommons.org/licenses/by-nc-nd/4.0/
529312,3907530151,Sepsidae_Sepsis_cynipsea_635347_3907530151,http://creativecommons.org/licenses/by-nc-nd/4.0/
529313,3907530151,Sepsidae_Sepsis_cynipsea_635348_3907530151,http://creativecommons.org/licenses/by-nc-nd/4.0/
529314,3907530151,Sepsidae_Sepsis_cynipsea_635349_3907530151,http://creativecommons.org/licenses/by-nc-nd/4.0/
529315,3907530151,Sepsidae_Sepsis_cynipsea_635350_3907530151,http://creativecommons.org/licenses/by-nc-nd/4.0/
530299,1962151104,Sepsidae_Sepsis_punctum_2171197_1962151104,http://creativecommons.org/licenses/by-nc-sa/4.0/
530300,1962151104,Sepsidae_Sepsis_punctum_2171198_1962151104,http://creativecommons.org/licenses/by-nc-sa/4.0/
530827,2834289504,Sepsidae_Sepsis_punctum_1593749_2834289504,http://creativecommons.org/licenses/by-nc/4.0/
532607,2012987276,Sepsidae_Sepsis_punctum_133404_2012987276,http://creativecommons.org/licenses/by-sa/4.0/
538672,4011624167,Sepsidae_Nemopoda_nitidula_3435845_4011624167,http://creativecommons.org/licenses/by-nc/4.0/
541335,2883139651,Sepsidae_Nemopoda_nitidula_939147_2883139651,http://creativecommons.org/licenses/by/4.0/
541336,2883139651,Sepsidae_Nemopoda_nitidula_939148_2883139651,http://creativecommons.org/licenses/by/4.0/
543440,3455807733,Sepsidae_Sepsis_fulgens_1838100_3455807733,http://creativecommons.org/licenses/by-nc/4.0/
543441,3455807733,Sepsidae_Sepsis_fulgens_1838101_3455807733,http://creativecommons.org/licenses/by-nc/4.0/
543442,3455807733,Sepsidae_Sepsis_fulgens_1838102_3455807733,http://creativecommons.org/licenses/by-nc/4.0/
543443,3455807733,Sepsidae_Sepsis_fulgens_1838103_3455807733,http://creativecommons.org/licenses/by-nc/4.0/
543444,3455807733,Sepsidae_Sepsis_fulgens_1838104_3455807733,http://creativecommons.org/licenses/by-nc/4.0/
548842,2596051270,Sepsidae_Saltella_sphondylii_2252150_2596051270,http://creativecommons.org/licenses/by-nc/4.0/
555393,2988558380,Sepsidae_Nemopoda_nitidula_3016430_2988558380,http://creativecommons.org/licenses/by-nc/4.0/
555394,2988558380,Sepsidae_Nemopoda_nitidula_3016431_2988558380,http://creativecommons.org/licenses/by-nc/4.0/
555395,2988558380,Sepsidae_Nemopoda_nitidula_3016432_2988558380,http://creativecommons.org/licenses/by-nc/4.0/
555397,2988558380,Sepsidae_Nemopoda_nitidula_3016434_2988558380,http://creativecommons.org/licenses/by-nc/4.0/
555398,2988558380,Sepsidae_Nemopoda_nitidula_3016435_2988558380,http://creativecommons.org/licenses/by-nc/4.0/
561254,2988625339,Sepsidae_Nemopoda_nitidula_2326351_2988625339,http://creativecommons.org/licenses/by-nc/4.0/
561256,2988625339,Sepsidae_Nemopoda_nitidula_2326353_2988625339,http://creativecommons.org/licenses/by-nc/4.0/
561257,2988625339,Sepsidae_Nemopoda_nitidula_2326354_2988625339,http://creativecommons.org/licenses/by-nc/4.0/
561258,2988625339,Sepsidae_Nemopoda_nitidula_2326355_2988625339,http://creativecommons.org/licenses/by-nc/4.0/
562197,2397470800,Sepsidae_Nemopoda_nitidula_2218497_2397470800,http://creativecommons.org/licenses/by/4.0/
563072,3860632612,Sepsidae_Sepsis_fulgens_1964806_3860632612,http://creativecommons.org/licenses/by-nc/4.0/
567259,3764182613,Sepsidae_Nemopoda_nitidula_1237153_3764182613,http://creativecommons.org/licenses/by-nc/4.0/
567266,3764182613,Sepsidae_Nemopoda_nitidula_1237160_3764182613,http://creativecommons.org/licenses/by-nc/4.0/
567267,3764182613,Sepsidae_Nemopoda_nitidula_1237161_3764182613,http://creativecommons.org/licenses/by-nc/4.0/
567268,3764182613,Sepsidae_Nemopoda_nitidula_1237162_3764182613,http://creativecommons.org/licenses/by-nc/4.0/
567269,3764182613,Sepsidae_Nemopoda_nitidula_1237163_3764182613,http://creativecommons.org/licenses/by-nc/4.0/
567271,3764182613,Sepsidae_Nemopoda_nitidula_1237165_3764182613,http://creativecommons.org/licenses/by-nc/4.0/
573239,3013941601,Sepsidae_Saltella_sphondylii_2330416_3013941601,http://creativecommons.org/licenses/by-nc/4.0/
576677,3014066346,Sepsidae_Sepsis_cynipsea_2330763_3014066346,http://creativecommons.org/licenses/by/4.0/
577070,1584432652,Sepsidae_Sepsis_punctum_2809236_1584432652,http://creativecommons.org/licenses/by-nc/4.0/
577071,1584432652,Sepsidae_Sepsis_punctum_2809237_1584432652,http://creativecommons.org/licenses/by-nc/4.0/
577072,1584432652,Sepsidae_Sepsis_punctum_2809238_1584432652,http://creativecommons.org/licenses/by-nc/4.0/
577073,1584432652,Sepsidae_Sepsis_punctum_2809239_1584432652,http://creativecommons.org/licenses/by-nc/4.0/
577074,1584432652,Sepsidae_Sepsis_punctum_2809240_1584432652,http://creativecommons.org/licenses/by-nc/4.0/
577075,1584432652,Sepsidae_Sepsis_punctum_2809241_1584432652,http://creativecommons.org/licenses/by-nc/4.0/
577120,3961092839,Sepsidae_Orygma_luctuosum_1341574_3961092839,http://creativecommons.org/licenses/by-nc/4.0/
582077,3013875339,Sepsidae_Sepsis_fulgens_1640235_3013875339,http://creativecommons.org/licenses/by/4.0/
602122,2988313252,Sepsidae_Nemopoda_nitidula_947018_2988313252,http://creativecommons.org/licenses/by-nc/4.0/
605972,3013920334,Sepsidae_Sepsis_fulgens_2330315_3013920334,http://creativecommons.org/licenses/by/4.0/
605973,3013920334,Sepsidae_Sepsis_fulgens_2330316_3013920334,http://creativecommons.org/licenses/by/4.0/
613343,3384377331,Sepsidae_Themira_leachi_1011206_3384377331,http://creativecommons.org/licenses/by/4.0/
616169,3859606135,Sepsidae_Sepsis_fulgens_2649458_3859606135,http://creativecommons.org/licenses/by-nc/4.0/
616170,3859606135,Sepsidae_Sepsis_fulgens_2649459_3859606135,http://creativecommons.org/licenses/by-nc/4.0/
616171,3859606135,Sepsidae_Sepsis_fulgens_2649460_3859606135,http://creativecommons.org/licenses/by-nc/4.0/
616172,3859606135,Sepsidae_Sepsis_fulgens_2649461_3859606135,http://creativecommons.org/licenses/by-nc/4.0/
616173,3859606135,Sepsidae_Sepsis_fulgens_2649462_3859606135,http://creativecommons.org/licenses/by-nc/4.0/
616227,3784732469,Sepsidae_Nemopoda_nitidula_2622927_3784732469,http://creativecommons.org/licenses/by/4.0/
623031,3407936562,Sepsidae_Nemopoda_nitidula_1020744_3407936562,http://creativecommons.org/licenses/by-nc/4.0/
625370,2814332149,Sepsidae_Sepsis_punctum_2963833_2814332149,http://creativecommons.org/licenses/by-nc/4.0/
625371,2814332149,Sepsidae_Sepsis_punctum_2963834_2814332149,http://creativecommons.org/licenses/by-nc/4.0/
631712,3772916311,Sepsidae_Sepsis_punctum_3309060_3772916311,http://creativecommons.org/licenses/by/4.0/
634123,3323936421,Sepsidae_Sepsis_punctum_3055919_3323936421,© All rights reserved
635599,3399386302,Sepsidae_Nemopoda_nitidula_2398390_3399386302,http://creativecommons.org/licenses/by-nc/4.0/
635601,3399386302,Sepsidae_Nemopoda_nitidula_2398392_3399386302,http://creativecommons.org/licenses/by-nc/4.0/
635602,3399386302,Sepsidae_Nemopoda_nitidula_2398393_3399386302,http://creativecommons.org/licenses/by-nc/4.0/
635604,3399386302,Sepsidae_Nemopoda_nitidula_2398395_3399386302,http://creativecommons.org/licenses/by-nc/4.0/
637872,1227722624,Sepsidae_Sepsis_lateralis_9212_1227722624,http://creativecommons.org/licenses/by/4.0/
638658,1957143089,Sepsidae_Themira_superba_2163569_1957143089,http://creativecommons.org/licenses/by-nc-nd/4.0/
638659,1957143089,Sepsidae_Themira_superba_2163570_1957143089,http://creativecommons.org/licenses/by-nc-nd/4.0/
639809,3717353660,Sepsidae_Nemopoda_nitidula_482089_3717353660,http://creativecommons.org/licenses/by-nc/4.0/
639810,3717353660,Sepsidae_Nemopoda_nitidula_482090_3717353660,http://creativecommons.org/licenses/by-nc/4.0/
640036,2836495550,Sepsidae_Sepsis_cynipsea_907930_2836495550,http://creativecommons.org/licenses/by-nc-nd/4.0/
640980,3730445139,Sepsidae_Nemopoda_nitidula_1905900_3730445139,http://creativecommons.org/licenses/by/4.0/
641282,1957411563,Sepsidae_Sepsis_punctum_2164126_1957411563,http://creativecommons.org/licenses/by-nc-nd/4.0/
642213,3718722603,Sepsidae_Sepsis_fulgens_2555822_3718722603,http://creativecommons.org/licenses/by-nc-nd/4.0/
642214,3718722603,Sepsidae_Sepsis_fulgens_2555823_3718722603,http://creativecommons.org/licenses/by-nc-nd/4.0/
642433,3714780038,Sepsidae_Orygma_luctuosum_2543818_3714780038,http://creativecommons.org/licenses/by/4.0/
643612,2001463246,Sepsidae_Themira_pubera_823124_2001463246,http://creativecommons.org/licenses/by-nc-sa/4.0/
643794,3987873454,Sepsidae_Nemopoda_nitidula_661535_3987873454,© All rights reserved
647254,2633780346,Sepsidae_Nemopoda_nitidula_886566_2633780346,http://creativecommons.org/licenses/by-nc-sa/4.0/
647264,1415748624,Sepsidae_Themira_annulipes_2799648_1415748624,http://creativecommons.org/licenses/by-nc-sa/4.0/
647416,3451605439,Sepsidae_Themira_annulipes_2523270_3451605439,© All rights reserved
647573,2882435429,Sepsidae_Sepsis_punctum_1626654_2882435429,© All rights reserved
647574,2882435429,Sepsidae_Sepsis_punctum_1626655_2882435429,© All rights reserved
649824,3825321120,Sepsidae_Themira_lucida_3324157_3825321120,http://creativecommons.org/licenses/by-nc-nd/4.0/
649825,3825321120,Sepsidae_Themira_lucida_3324158_3825321120,http://creativecommons.org/licenses/by-nc-nd/4.0/
650610,1966884709,Sepsidae_Themira_annulipes_109975_1966884709,http://creativecommons.org/licenses/by-nc-nd/4.0/
650611,1966884709,Sepsidae_Themira_annulipes_109976_1966884709,http://creativecommons.org/licenses/by-nc-nd/4.0/
650612,1966884709,Sepsidae_Themira_annulipes_109977_1966884709,http://creativecommons.org/licenses/by-nc-nd/4.0/
651044,3822741351,Sepsidae_Nemopoda_nitidula_1248968_3822741351,http://creativecommons.org/licenses/by-nc-nd/4.0/
651212,3906593765,Sepsidae_Nemopoda_nitidula_3388056_3906593765,http://creativecommons.org/licenses/by-nc/4.0/
651567,3827115980,Sepsidae_Themira_superba_2638038_3827115980,http://creativecommons.org/licenses/by-nc-nd/4.0/
651568,3827115980,Sepsidae_Themira_superba_2638039_3827115980,http://creativecommons.org/licenses/by-nc-nd/4.0/
652087,2842122043,Sepsidae_Nemopoda_nitidula_2986008_2842122043,http://creativecommons.org/licenses/by-nc-nd/4.0/
653106,1955190366,Sepsidae_Sepsis_punctum_782774_1955190366,http://creativecommons.org/licenses/by-nc/4.0/
653107,1955190366,Sepsidae_Sepsis_punctum_782775_1955190366,http://creativecommons.org/licenses/by-nc/4.0/
653108,1955190366,Sepsidae_Sepsis_punctum_782776_1955190366,http://creativecommons.org/licenses/by-nc/4.0/
653572,3825330939,Sepsidae_Sepsis_cynipsea_1944074_3825330939,http://creativecommons.org/licenses/by-nc-nd/4.0/
653573,3825330939,Sepsidae_Sepsis_cynipsea_1944075_3825330939,http://creativecommons.org/licenses/by-nc-nd/4.0/
653574,3825330939,Sepsidae_Sepsis_cynipsea_1944076_3825330939,http://creativecommons.org/licenses/by-nc-nd/4.0/
653658,3822500202,Sepsidae_Sepsis_cynipsea_3317172_3822500202,http://creativecommons.org/licenses/by-nc-nd/4.0/
653659,3822500202,Sepsidae_Sepsis_cynipsea_3317173_3822500202,http://creativecommons.org/licenses/by-nc-nd/4.0/
653660,3822500202,Sepsidae_Sepsis_cynipsea_3317174_3822500202,http://creativecommons.org/licenses/by-nc-nd/4.0/
657108,3458602082,Sepsidae_Sepsis_lateralis_1844243_3458602082,http://creativecommons.org/licenses/by/4.0/
657392,3458655961,Sepsidae_Themira_superba_1154894_3458655961,http://creativecommons.org/licenses/by/4.0/
657393,3458655961,Sepsidae_Themira_superba_1154895_3458655961,http://creativecommons.org/licenses/by/4.0/
657394,3458655961,Sepsidae_Themira_superba_1154896_3458655961,http://creativecommons.org/licenses/by/4.0/
657422,3458661103,Sepsidae_Sepsis_lateralis_1154912_3458661103,http://creativecommons.org/licenses/by/4.0/
657423,3458661103,Sepsidae_Sepsis_lateralis_1154913_3458661103,http://creativecommons.org/licenses/by/4.0/
657424,3458661103,Sepsidae_Sepsis_lateralis_1154914_3458661103,http://creativecommons.org/licenses/by/4.0/
657451,3458663334,Sepsidae_Themira_nigricornis_3223669_3458663334,http://creativecommons.org/licenses/by/4.0/
657452,3458663334,Sepsidae_Themira_nigricornis_3223670_3458663334,http://creativecommons.org/licenses/by/4.0/
657453,3458663334,Sepsidae_Themira_nigricornis_3223671_3458663334,http://creativecommons.org/licenses/by/4.0/
659676,3724931893,Sepsidae_Sepsis_punctum_508806_3724931893,http://creativecommons.org/licenses/by-nc/4.0/
659720,3716588105,Sepsidae_Sepsis_punctum_1167482_3716588105,http://creativecommons.org/licenses/by-nc-nd/4.0/
659721,3716588105,Sepsidae_Sepsis_punctum_1167483_3716588105,http://creativecommons.org/licenses/by-nc-nd/4.0/
660046,3905494120,Sepsidae_Themira_superba_1312286_3905494120,http://creativecommons.org/licenses/by-nc-nd/4.0/
660047,3905494120,Sepsidae_Themira_superba_1312287_3905494120,http://creativecommons.org/licenses/by-nc-nd/4.0/
660409,3730753026,Sepsidae_Nemopoda_nitidula_1218393_3730753026,http://creativecommons.org/licenses/by-nc-nd/4.0/
660410,3730753026,Sepsidae_Nemopoda_nitidula_1218394_3730753026,http://creativecommons.org/licenses/by-nc-nd/4.0/
660411,3730753026,Sepsidae_Nemopoda_nitidula_1218395_3730753026,http://creativecommons.org/licenses/by-nc-nd/4.0/
661141,3826415373,Sepsidae_Sepsis_orthocnemis_3327179_3826415373,http://creativecommons.org/licenses/by-nc-nd/4.0/
661142,3826415373,Sepsidae_Sepsis_orthocnemis_3327180_3826415373,http://creativecommons.org/licenses/by-nc-nd/4.0/
661777,3825464041,Sepsidae_Nemopoda_nitidula_3324780_3825464041,http://creativecommons.org/licenses/by-nc-nd/4.0/
662682,1965209443,Sepsidae_Saltella_sphondylii_2174351_1965209443,http://creativecommons.org/licenses/by-nc-nd/4.0/
663351,1954174441,Sepsidae_Sepsis_fulgens_2849084_1954174441,http://creativecommons.org/licenses/by-nc-nd/4.0/
663352,1954174441,Sepsidae_Sepsis_fulgens_2849085_1954174441,http://creativecommons.org/licenses/by-nc-nd/4.0/
663366,3822577753,Sepsidae_Sepsis_cynipsea_3317499_3822577753,http://creativecommons.org/licenses/by-nc/4.0/
663619,2843697331,Sepsidae_Sepsis_fulgens_2989509_2843697331,http://creativecommons.org/licenses/by-nc-nd/4.0/
663620,2843697331,Sepsidae_Sepsis_fulgens_2989510_2843697331,http://creativecommons.org/licenses/by-nc-nd/4.0/
666162,3717151832,Sepsidae_Sepsis_thoracica_1860129_3717151832,http://creativecommons.org/licenses/by-nc-nd/4.0/
666163,3717151832,Sepsidae_Sepsis_thoracica_1860130_3717151832,http://creativecommons.org/licenses/by-nc-nd/4.0/
666164,3717151832,Sepsidae_Sepsis_thoracica_1860131_3717151832,http://creativecommons.org/licenses/by-nc-nd/4.0/
666228,3722355981,Sepsidae_Saltella_sphondylii_3261467_3722355981,http://creativecommons.org/licenses/by-sa/4.0/
666345,3823100452,Sepsidae_Sepsis_fulgens_2628367_3823100452,http://creativecommons.org/licenses/by-nc-nd/4.0/
666346,3823100452,Sepsidae_Sepsis_fulgens_2628368_3823100452,http://creativecommons.org/licenses/by-nc-nd/4.0/
666561,3822629975,Sepsidae_Nemopoda_nitidula_2627271_3822629975,http://creativecommons.org/licenses/by-nc-nd/4.0/
666684,3725857914,Sepsidae_Nemopoda_nitidula_3269086_3725857914,http://creativecommons.org/licenses/by-nc-nd/4.0/
666718,2838457326,Sepsidae_Saltella_sphondylii_2980546_2838457326,http://creativecommons.org/licenses/by-nc-nd/4.0/
666899,3822895399,Sepsidae_Sepsis_punctum_2627939_3822895399,http://creativecommons.org/licenses/by-nc-nd/4.0/
666955,2834991815,Sepsidae_Sepsis_punctum_1595414_2834991815,http://creativecommons.org/licenses/by-nc-nd/4.0/
666956,2834991815,Sepsidae_Sepsis_punctum_1595415_2834991815,http://creativecommons.org/licenses/by-nc-nd/4.0/
667081,1975794104,Sepsidae_Sepsis_cynipsea_2190348_1975794104,http://creativecommons.org/licenses/by-nc-nd/4.0/
667267,3822666111,Sepsidae_Nemopoda_nitidula_1248763_3822666111,http://creativecommons.org/licenses/by-nc-nd/4.0/
667387,2834302722,Sepsidae_Sepsis_thoracica_214584_2834302722,http://creativecommons.org/licenses/by-nc-nd/4.0/
667388,2834302722,Sepsidae_Sepsis_thoracica_214585_2834302722,http://creativecommons.org/licenses/by-nc-nd/4.0/
667389,2834302722,Sepsidae_Sepsis_thoracica_214586_2834302722,http://creativecommons.org/licenses/by-nc-nd/4.0/
667390,2834302722,Sepsidae_Sepsis_thoracica_214587_2834302722,http://creativecommons.org/licenses/by-nc-nd/4.0/
667391,2834302722,Sepsidae_Sepsis_thoracica_214588_2834302722,http://creativecommons.org/licenses/by-nc-nd/4.0/
667554,1955345344,Sepsidae_Sepsis_punctum_2850833_1955345344,http://creativecommons.org/licenses/by/4.0/
667631,3825416109,Sepsidae_Nemopoda_nitidula_1255256_3825416109,http://creativecommons.org/licenses/by-nc-nd/4.0/
668509,3824335236,Sepsidae_Nemopoda_nitidula_3321921_3824335236,http://creativecommons.org/licenses/by-nc-nd/4.0/
668977,1965569038,Sepsidae_Sepsis_fulgens_1486159_1965569038,http://creativecommons.org/licenses/by-nc-nd/4.0/
668978,1965569038,Sepsidae_Sepsis_fulgens_1486160_1965569038,http://creativecommons.org/licenses/by-nc-nd/4.0/
668979,1965569038,Sepsidae_Sepsis_fulgens_1486161_1965569038,http://creativecommons.org/licenses/by-nc-nd/4.0/
668980,1965569038,Sepsidae_Sepsis_fulgens_1486162_1965569038,http://creativecommons.org/licenses/by-nc-nd/4.0/
668981,1965569038,Sepsidae_Sepsis_fulgens_1486163_1965569038,http://creativecommons.org/licenses/by-nc-nd/4.0/
669741,1973591450,Sepsidae_Nemopoda_nitidula_2187652_1973591450,http://creativecommons.org/licenses/by-nc-nd/4.0/
669742,1973591450,Sepsidae_Nemopoda_nitidula_2187653_1973591450,http://creativecommons.org/licenses/by-nc-nd/4.0/
671590,3718408253,Sepsidae_Saltella_sphondylii_486904_3718408253,http://creativecommons.org/licenses/by-nc-nd/4.0/
671778,3905793485,Sepsidae_Nemopoda_nitidula_2003215_3905793485,http://creativecommons.org/licenses/by-nc-nd/4.0/
672704,3730970206,Sepsidae_Saltella_sphondylii_1908969_3730970206,http://creativecommons.org/licenses/by-nc-nd/4.0/
672819,1968798643,Sepsidae_Themira_biloba_111456_1968798643,http://creativecommons.org/licenses/by-nc-nd/4.0/
673470,3822972468,Sepsidae_Sepsis_fulgens_1249425_3822972468,http://creativecommons.org/licenses/by-nc-nd/4.0/
673471,3822972468,Sepsidae_Sepsis_fulgens_1249426_3822972468,http://creativecommons.org/licenses/by-nc-nd/4.0/
673472,3822972468,Sepsidae_Sepsis_fulgens_1249427_3822972468,http://creativecommons.org/licenses/by-nc-nd/4.0/
673473,3822972468,Sepsidae_Sepsis_fulgens_1249428_3822972468,http://creativecommons.org/licenses/by-nc-nd/4.0/
673822,1976499570,Sepsidae_Saltella_sphondylii_123296_1976499570,http://creativecommons.org/licenses/by-nc-nd/4.0/
673823,1976499570,Sepsidae_Saltella_sphondylii_123297_1976499570,http://creativecommons.org/licenses/by-nc-nd/4.0/
673824,1976499570,Sepsidae_Saltella_sphondylii_123298_1976499570,http://creativecommons.org/licenses/by-nc-nd/4.0/
673825,1976499570,Sepsidae_Saltella_sphondylii_123299_1976499570,http://creativecommons.org/licenses/by-nc-nd/4.0/
673851,3825355063,Sepsidae_Sepsis_violacea_1944215_3825355063,http://creativecommons.org/licenses/by-nc-nd/4.0/
673852,3825355063,Sepsidae_Sepsis_violacea_1944216_3825355063,http://creativecommons.org/licenses/by-nc-nd/4.0/
673853,3825355063,Sepsidae_Sepsis_violacea_1944217_3825355063,http://creativecommons.org/licenses/by-nc-nd/4.0/
674227,3724069472,Sepsidae_Themira_superba_508455_3724069472,http://creativecommons.org/licenses/by-nc-nd/4.0/
674228,3724069472,Sepsidae_Themira_superba_508456_3724069472,http://creativecommons.org/licenses/by-nc-nd/4.0/
674952,3826315357,Sepsidae_Sepsis_cynipsea_568426_3826315357,http://creativecommons.org/licenses/by-nc/4.0/
676571,1965406655,Sepsidae_Saltella_sphondylii_1485831_1965406655,http://creativecommons.org/licenses/by-nc-nd/4.0/
677793,3432191948,Sepsidae_Sepsis_punctum_1716122_3432191948,© all rights reserved
677794,3432191948,Sepsidae_Sepsis_punctum_1716123_3432191948,© all rights reserved
678077,2247319320,Sepsidae_Themira_annulipes_1516436_2247319320,© all rights reserved
679035,2604649017,Sepsidae_Sepsis_fulgens_1565563_2604649017,© all rights reserved
679036,2604649017,Sepsidae_Sepsis_fulgens_1565564_2604649017,© all rights reserved
679037,2604649017,Sepsidae_Sepsis_fulgens_1565565_2604649017,© all rights reserved
679099,1265655104,Sepsidae_Themira_biloba_11942_1265655104,http://creativecommons.org/licenses/by/4.0/
679100,1265655104,Sepsidae_Themira_biloba_11943_1265655104,http://creativecommons.org/licenses/by/4.0/
679101,1265655104,Sepsidae_Themira_biloba_11944_1265655104,http://creativecommons.org/licenses/by/4.0/
679102,1265655104,Sepsidae_Themira_biloba_11945_1265655104,http://creativecommons.org/licenses/by/4.0/
683021,3822444836,Sepsidae_Nemopoda_nitidula_3316909_3822444836,http://creativecommons.org/licenses/by-nc-nd/4.0/
683025,3718390530,Sepsidae_Nemopoda_nitidula_2554974_3718390530,http://creativecommons.org/licenses/by-nc-nd/4.0/
683192,2842047910,Sepsidae_Nemopoda_nitidula_2295192_2842047910,http://creativecommons.org/licenses/by-nc-nd/4.0/
683329,1950976071,Sepsidae_Sepsis_punctum_1466220_1950976071,http://creativecommons.org/licenses/by-nc/4.0/
683408,3905691886,Sepsidae_Nemopoda_nitidula_3382631_3905691886,http://creativecommons.org/licenses/by-nc-nd/4.0/
683409,3905691886,Sepsidae_Nemopoda_nitidula_3382632_3905691886,http://creativecommons.org/licenses/by-nc-nd/4.0/
683517,2842604299,Sepsidae_Saltella_sphondylii_1607910_2842604299,http://creativecommons.org/licenses/by-nc-nd/4.0/
684436,2845421383,Sepsidae_Sepsis_thoracica_234896_2845421383,http://creativecommons.org/licenses/by-nc/4.0/
684688,3723079317,Sepsidae_Sepsis_flavimana_2574727_3723079317,http://creativecommons.org/licenses/by-nc-nd/4.0/
684689,3723079317,Sepsidae_Sepsis_flavimana_2574728_3723079317,http://creativecommons.org/licenses/by-nc-nd/4.0/
685174,2841558487,Sepsidae_Themira_superba_2293830_2841558487,http://creativecommons.org/licenses/by-nc-nd/4.0/
685475,2838365611,Sepsidae_Sepsis_orthocnemis_2980405_2838365611,http://creativecommons.org/licenses/by-nc-nd/4.0/
685476,2838365611,Sepsidae_Sepsis_orthocnemis_2980406_2838365611,http://creativecommons.org/licenses/by-nc-nd/4.0/
685477,2838365611,Sepsidae_Sepsis_orthocnemis_2980407_2838365611,http://creativecommons.org/licenses/by-nc-nd/4.0/
685480,3822596927,Sepsidae_Nemopoda_nitidula_2627132_3822596927,http://creativecommons.org/licenses/by-nc-sa/4.0/
686506,3722270551,Sepsidae_Saltella_sphondylii_2570534_3722270551,http://creativecommons.org/licenses/by-nc-nd/4.0/
687385,1227769995,Sepsidae_Sepsis_punctum_1389087_1227769995,http://creativecommons.org/licenses/by-nc/4.0/
691776,2883175443,Sepsidae_Themira_annulipes_249201_2883175443,http://creativecommons.org/licenses/by/4.0/
691777,2883175443,Sepsidae_Themira_annulipes_249202_2883175443,http://creativecommons.org/licenses/by/4.0/
691778,2883175443,Sepsidae_Themira_annulipes_249203_2883175443,http://creativecommons.org/licenses/by/4.0/
691779,2883175443,Sepsidae_Themira_annulipes_249204_2883175443,http://creativecommons.org/licenses/by/4.0/
691780,2883175443,Sepsidae_Themira_annulipes_249205_2883175443,http://creativecommons.org/licenses/by/4.0/
691781,2883175443,Sepsidae_Themira_annulipes_249206_2883175443,http://creativecommons.org/licenses/by/4.0/
691782,2883175443,Sepsidae_Themira_annulipes_249207_2883175443,http://creativecommons.org/licenses/by/4.0/
691783,2883175443,Sepsidae_Themira_annulipes_249208_2883175443,http://creativecommons.org/licenses/by/4.0/
693559,3723062338,Sepsidae_Sepsis_punctum_2574680_3723062338,http://creativecommons.org/licenses/by/4.0/
699168,3725662653,Sepsidae_Nemopoda_nitidula_2577843_3725662653,http://creativecommons.org/licenses/by-nc-nd/4.0/
699722,3822456133,Sepsidae_Nemopoda_nitidula_1936979_3822456133,http://creativecommons.org/licenses/by-nc-nd/4.0/
700648,2843113680,Sepsidae_Orygma_luctuosum_2988467_2843113680,http://creativecommons.org/licenses/by-nc-nd/4.0/
700649,2843113680,Sepsidae_Orygma_luctuosum_2988468_2843113680,http://creativecommons.org/licenses/by-nc-nd/4.0/
700650,2843113680,Sepsidae_Orygma_luctuosum_2988469_2843113680,http://creativecommons.org/licenses/by-nc-nd/4.0/
700651,2843113680,Sepsidae_Orygma_luctuosum_2988470_2843113680,http://creativecommons.org/licenses/by-nc-nd/4.0/
700652,2843113680,Sepsidae_Orygma_luctuosum_2988471_2843113680,http://creativecommons.org/licenses/by-nc-nd/4.0/
700653,2843113680,Sepsidae_Orygma_luctuosum_2988472_2843113680,http://creativecommons.org/licenses/by-nc-nd/4.0/
700654,2843113680,Sepsidae_Orygma_luctuosum_2988473_2843113680,http://creativecommons.org/licenses/by-nc-nd/4.0/
700955,1958592426,Sepsidae_Sepsis_cynipsea_2856361_1958592426,http://creativecommons.org/licenses/by-nc-nd/4.0/
700956,1958592426,Sepsidae_Sepsis_cynipsea_2856362_1958592426,http://creativecommons.org/licenses/by-nc-nd/4.0/
700957,1958592426,Sepsidae_Sepsis_cynipsea_2856363_1958592426,http://creativecommons.org/licenses/by-nc-nd/4.0/
704834,3764194032,Sepsidae_Nemopoda_nitidula_3306451_3764194032,http://creativecommons.org/licenses/by-nc/4.0/
705655,2604642018,Sepsidae_Sepsis_punctum_876694_2604642018,© all rights reserved
705656,2604642018,Sepsidae_Sepsis_punctum_876695_2604642018,© all rights reserved
705657,2604642018,Sepsidae_Sepsis_punctum_876696_2604642018,© all rights reserved
707094,3826701211,Sepsidae_Themira_annulipes_2636898_3826701211,http://creativecommons.org/licenses/by-nc-nd/4.0/
707095,3826701211,Sepsidae_Themira_annulipes_2636899_3826701211,http://creativecommons.org/licenses/by-nc-nd/4.0/
707783,3722682526,Sepsidae_Sepsis_duplicata_3263383_3722682526,http://creativecommons.org/licenses/by-nc-nd/4.0/
707784,3722682526,Sepsidae_Sepsis_duplicata_3263384_3722682526,http://creativecommons.org/licenses/by-nc-nd/4.0/
707845,3717028812,Sepsidae_Nemopoda_nitidula_2548735_3717028812,http://creativecommons.org/licenses/by-nc-nd/4.0/
707855,3726456934,Sepsidae_Sepsis_punctum_1892074_3726456934,http://creativecommons.org/licenses/by-nc-nd/4.0/
707856,3726456934,Sepsidae_Sepsis_punctum_1892075_3726456934,http://creativecommons.org/licenses/by-nc-nd/4.0/
708473,1976487487,Sepsidae_Nemopoda_nitidula_2881643_1976487487,http://creativecommons.org/licenses/by-nc-nd/4.0/
708475,1976487487,Sepsidae_Nemopoda_nitidula_2881645_1976487487,http://creativecommons.org/licenses/by-nc-nd/4.0/
708897,1969774573,Sepsidae_Sepsis_punctum_1492604_1969774573,http://creativecommons.org/licenses/by-nc-nd/4.0/
709031,3721939847,Sepsidae_Nemopoda_nitidula_1878604_3721939847,http://creativecommons.org/licenses/by-nc/4.0/
709102,3726231040,Sepsidae_Sepsis_orthocnemis_1201681_3726231040,http://creativecommons.org/licenses/by-nc-nd/4.0/
709103,3726231040,Sepsidae_Sepsis_orthocnemis_1201682_3726231040,http://creativecommons.org/licenses/by-nc-nd/4.0/
709348,2832818641,Sepsidae_Themira_pubera_211139_2832818641,http://creativecommons.org/licenses/by-nc-nd/4.0/
709349,2832818641,Sepsidae_Themira_pubera_211140_2832818641,http://creativecommons.org/licenses/by-nc-nd/4.0/
709350,2832818641,Sepsidae_Themira_pubera_211141_2832818641,http://creativecommons.org/licenses/by-nc-nd/4.0/
709351,2832818641,Sepsidae_Themira_pubera_211142_2832818641,http://creativecommons.org/licenses/by-nc-nd/4.0/
709352,2832818641,Sepsidae_Themira_pubera_211143_2832818641,http://creativecommons.org/licenses/by-nc-nd/4.0/
709677,2834455203,Sepsidae_Sepsis_fulgens_2283182_2834455203,http://creativecommons.org/licenses/by-nc-nd/4.0/
709678,2834455203,Sepsidae_Sepsis_fulgens_2283183_2834455203,http://creativecommons.org/licenses/by-nc-nd/4.0/
709679,2834455203,Sepsidae_Sepsis_fulgens_2283184_2834455203,http://creativecommons.org/licenses/by-nc-nd/4.0/
709860,3825395245,Sepsidae_Sepsis_thoracica_2633728_3825395245,http://creativecommons.org/licenses/by-nc-nd/4.0/
710445,3330627130,Sepsidae_Sepsis_punctum_302363_3330627130,http://creativecommons.org/licenses/by-nc/4.0/
710446,3330627130,Sepsidae_Sepsis_punctum_302364_3330627130,http://creativecommons.org/licenses/by-nc/4.0/
710447,3330627130,Sepsidae_Sepsis_punctum_302365_3330627130,http://creativecommons.org/licenses/by-nc/4.0/
710448,3330627130,Sepsidae_Sepsis_punctum_302366_3330627130,http://creativecommons.org/licenses/by-nc/4.0/
710449,3330627130,Sepsidae_Sepsis_punctum_302367_3330627130,http://creativecommons.org/licenses/by-nc/4.0/
710450,3330627130,Sepsidae_Sepsis_punctum_302368_3330627130,http://creativecommons.org/licenses/by-nc/4.0/
713668,2403758253,Sepsidae_Nemopoda_nitidula_1531748_2403758253,http://creativecommons.org/licenses/by-nc-sa/4.0/
714016,3964436193,Sepsidae_Sepsis_punctum_1345096_3964436193,© all rights reserved
714017,3964436193,Sepsidae_Sepsis_punctum_1345097_3964436193,© all rights reserved
714081,1265607284,Sepsidae_Themira_paludosa_703117_1265607284,http://creativecommons.org/licenses/by/4.0/
714082,1265607284,Sepsidae_Themira_paludosa_703118_1265607284,http://creativecommons.org/licenses/by/4.0/
714083,1265607284,Sepsidae_Themira_paludosa_703119_1265607284,http://creativecommons.org/licenses/by/4.0/
714084,1265607284,Sepsidae_Themira_paludosa_703120_1265607284,http://creativecommons.org/licenses/by/4.0/
714085,1265607284,Sepsidae_Themira_paludosa_703121_1265607284,http://creativecommons.org/licenses/by/4.0/
714086,1265607284,Sepsidae_Themira_paludosa_703122_1265607284,http://creativecommons.org/licenses/by/4.0/
714476,3826224491,Sepsidae_Sepsis_fulgens_2635915_3826224491,http://creativecommons.org/licenses/by-nc/4.0/
714477,3826224491,Sepsidae_Sepsis_fulgens_2635916_3826224491,http://creativecommons.org/licenses/by-nc/4.0/
714601,3722796618,Sepsidae_Nemopoda_nitidula_1884081_3722796618,http://creativecommons.org/licenses/by-nc/4.0/
714602,3722796618,Sepsidae_Nemopoda_nitidula_1884082_3722796618,http://creativecommons.org/licenses/by-nc/4.0/
714782,3826678477,Sepsidae_Sepsis_punctum_569095_3826678477,http://creativecommons.org/licenses/by-nc/4.0/
714783,3826678477,Sepsidae_Sepsis_punctum_569096_3826678477,http://creativecommons.org/licenses/by-nc/4.0/
715225,1975794196,Sepsidae_Sepsis_orthocnemis_2880402_1975794196,http://creativecommons.org/licenses/by-nc-nd/4.0/
715226,1975794196,Sepsidae_Sepsis_orthocnemis_2880403_1975794196,http://creativecommons.org/licenses/by-nc-nd/4.0/
715820,3825965406,Sepsidae_Nemopoda_nitidula_567661_3825965406,http://creativecommons.org/licenses/by-nc-nd/4.0/
715930,2843210543,Sepsidae_Sepsis_punctum_230175_2843210543,http://creativecommons.org/licenses/by-nc-nd/4.0/
716478,2833348009,Sepsidae_Sepsis_orthocnemis_1591132_2833348009,http://creativecommons.org/licenses/by/4.0/
716479,2833348009,Sepsidae_Sepsis_orthocnemis_1591133_2833348009,http://creativecommons.org/licenses/by/4.0/
716718,3722818610,Sepsidae_Sepsis_fulgens_3264104_3722818610,http://creativecommons.org/licenses/by-nc-nd/4.0/
717263,3904127668,Sepsidae_Nemopoda_nitidula_615353_3904127668,http://creativecommons.org/licenses/by-nc-nd/4.0/
717648,1962519205,Sepsidae_Saltella_sphondylii_2171389_1962519205,http://creativecommons.org/licenses/by-nc-nd/4.0/
717649,1962519205,Sepsidae_Saltella_sphondylii_2171390_1962519205,http://creativecommons.org/licenses/by-nc-nd/4.0/
717650,1962519205,Sepsidae_Saltella_sphondylii_2171391_1962519205,http://creativecommons.org/licenses/by-nc-nd/4.0/
717651,1962519205,Sepsidae_Saltella_sphondylii_2171392_1962519205,http://creativecommons.org/licenses/by-nc-nd/4.0/
719593,1975187967,Sepsidae_Nemopoda_nitidula_812359_1975187967,http://creativecommons.org/licenses/by-nc-nd/4.0/
719594,1975187967,Sepsidae_Nemopoda_nitidula_812360_1975187967,http://creativecommons.org/licenses/by-nc-nd/4.0/
719990,3823385126,Sepsidae_Nemopoda_nitidula_1250528_3823385126,http://creativecommons.org/licenses/by-nc-nd/4.0/
720526,3721539477,Sepsidae_Saltella_sphondylii_1875535_3721539477,http://creativecommons.org/licenses/by-nc-nd/4.0/
720527,3721539477,Sepsidae_Saltella_sphondylii_1875536_3721539477,http://creativecommons.org/licenses/by-nc-nd/4.0/
720863,3728268980,Sepsidae_Sepsis_punctum_2588037_3728268980,http://creativecommons.org/licenses/by-nc-nd/4.0/
720864,3728268980,Sepsidae_Sepsis_punctum_2588038_3728268980,http://creativecommons.org/licenses/by-nc-nd/4.0/
721044,3825906202,Sepsidae_Nemopoda_nitidula_3325973_3825906202,http://creativecommons.org/licenses/by-nc-nd/4.0/
721209,1952931655,Sepsidae_Nemopoda_nitidula_89167_1952931655,http://creativecommons.org/licenses/by-nc-sa/4.0/
721218,3905073533,Sepsidae_Nemopoda_nitidula_1999180_3905073533,http://creativecommons.org/licenses/by-nc-nd/4.0/
721887,3825458211,Sepsidae_Nemopoda_nitidula_1255460_3825458211,http://creativecommons.org/licenses/by-nc-nd/4.0/
722051,2844831107,Sepsidae_Saltella_sphondylii_923861_2844831107,http://creativecommons.org/licenses/by-nc-nd/4.0/
722052,2844831107,Sepsidae_Saltella_sphondylii_923862_2844831107,http://creativecommons.org/licenses/by-nc-nd/4.0/
722442,3722298745,Sepsidae_Nemopoda_nitidula_2570737_3722298745,http://creativecommons.org/licenses/by-nc-nd/4.0/
722821,1957142783,Sepsidae_Themira_biloba_2163559_1957142783,http://creativecommons.org/licenses/by-nc-nd/4.0/
722822,1957142783,Sepsidae_Themira_biloba_2163560_1957142783,http://creativecommons.org/licenses/by-nc-nd/4.0/
723079,1959674910,Sepsidae_Saltella_sphondylii_2857871_1959674910,http://creativecommons.org/licenses/by-nc-nd/4.0/
723080,1959674910,Sepsidae_Saltella_sphondylii_2857872_1959674910,http://creativecommons.org/licenses/by-nc-nd/4.0/
723081,1959674910,Sepsidae_Saltella_sphondylii_2857873_1959674910,http://creativecommons.org/licenses/by-nc-nd/4.0/
723383,3730525863,Sepsidae_Saltella_sphondylii_528178_3730525863,http://creativecommons.org/licenses/by-nc-nd/4.0/
723584,1965340687,Sepsidae_Sepsis_cynipsea_2865033_1965340687,http://creativecommons.org/licenses/by-nc-nd/4.0/
723608,1965202716,Sepsidae_Themira_leachi_2864428_1965202716,http://creativecommons.org/licenses/by-nc-nd/4.0/
724374,3732902431,Sepsidae_Saltella_sphondylii_3298747_3732902431,http://creativecommons.org/licenses/by-nc-nd/4.0/
724514,2843315535,Sepsidae_Saltella_sphondylii_1609346_2843315535,http://creativecommons.org/licenses/by-nc-nd/4.0/
725447,3727978688,Sepsidae_Themira_lucida_519404_3727978688,http://creativecommons.org/licenses/by-nc/4.0/
725448,3727978688,Sepsidae_Themira_lucida_519405_3727978688,http://creativecommons.org/licenses/by-nc/4.0/
725450,3730432334,Sepsidae_Nemopoda_nitidula_527652_3730432334,http://creativecommons.org/licenses/by-nc-nd/4.0/
726314,3822433238,Sepsidae_Sepsis_violacea_2626434_3822433238,http://creativecommons.org/licenses/by/4.0/
726315,3822433238,Sepsidae_Sepsis_violacea_2626435_3822433238,http://creativecommons.org/licenses/by/4.0/
726901,1973664690,Sepsidae_Nemopoda_nitidula_119588_1973664690,http://creativecommons.org/licenses/by-nc-nd/4.0/
726902,1973664690,Sepsidae_Nemopoda_nitidula_119589_1973664690,http://creativecommons.org/licenses/by-nc-nd/4.0/
727120,2842598128,Sepsidae_Nemopoda_nitidula_228816_2842598128,http://creativecommons.org/licenses/by-nc-nd/4.0/
727329,3716530438,Sepsidae_Themira_lucida_1857015_3716530438,http://creativecommons.org/licenses/by-nc-nd/4.0/
727330,3716530438,Sepsidae_Themira_lucida_1857016_3716530438,http://creativecommons.org/licenses/by-nc-nd/4.0/
727546,3824655391,Sepsidae_Nemopoda_nitidula_2632359_3824655391,http://creativecommons.org/licenses/by-nc-nd/4.0/
727547,3824655391,Sepsidae_Nemopoda_nitidula_2632360_3824655391,http://creativecommons.org/licenses/by-nc-nd/4.0/
727565,3995322559,Sepsidae_Saltella_sphondylii_2733601_3995322559,http://creativecommons.org/licenses/by-nc-nd/4.0/
727933,3720122838,Sepsidae_Nemopoda_nitidula_489975_3720122838,http://creativecommons.org/licenses/by-nc-nd/4.0/
728639,3727361064,Sepsidae_Saltella_sphondylii_3275798_3727361064,http://creativecommons.org/licenses/by-nc-nd/4.0/
728944,3825256828,Sepsidae_Sepsis_cynipsea_1254543_3825256828,http://creativecommons.org/licenses/by-nc-nd/4.0/
728945,3825256828,Sepsidae_Sepsis_cynipsea_1254544_3825256828,http://creativecommons.org/licenses/by-nc-nd/4.0/
729178,3822488240,Sepsidae_Sepsis_punctum_1248062_3822488240,http://creativecommons.org/licenses/by-nc-nd/4.0/
729179,3822488240,Sepsidae_Sepsis_punctum_1248063_3822488240,http://creativecommons.org/licenses/by-nc-nd/4.0/
729682,3721523461,Sepsidae_Saltella_sphondylii_2564985_3721523461,http://creativecommons.org/licenses/by-nc/4.0/
729893,3732086882,Sepsidae_Nemopoda_nitidula_1915044_3732086882,http://creativecommons.org/licenses/by-nc-nd/4.0/
729894,3732086882,Sepsidae_Nemopoda_nitidula_1915045_3732086882,http://creativecommons.org/licenses/by-nc-nd/4.0/
730603,3827384318,Sepsidae_Nemopoda_nitidula_1260252_3827384318,http://creativecommons.org/licenses/by-nc-nd/4.0/
732043,3728285718,Sepsidae_Sepsis_punctum_1209451_3728285718,http://creativecommons.org/licenses/by-nc-nd/4.0/
732124,1952607905,Sepsidae_Sepsis_cynipsea_779119_1952607905,http://creativecommons.org/licenses/by-nc-nd/4.0/
732125,1952607905,Sepsidae_Sepsis_cynipsea_779120_1952607905,http://creativecommons.org/licenses/by-nc-nd/4.0/
732639,3825335723,Sepsidae_Sepsis_punctum_2633447_3825335723,http://creativecommons.org/licenses/by-nc-nd/4.0/
732640,3825335723,Sepsidae_Sepsis_punctum_2633448_3825335723,http://creativecommons.org/licenses/by-nc-nd/4.0/
732641,3825335723,Sepsidae_Sepsis_punctum_2633449_3825335723,http://creativecommons.org/licenses/by-nc-nd/4.0/
732830,3996117625,Sepsidae_Saltella_sphondylii_668917_3996117625,http://creativecommons.org/licenses/by-nc-nd/4.0/
732944,3718076420,Sepsidae_Nemopoda_nitidula_1864500_3718076420,http://creativecommons.org/licenses/by-nc-nd/4.0/
733219,3717574540,Sepsidae_Saltella_sphondylii_1862150_3717574540,http://creativecommons.org/licenses/by/4.0/
733295,3825258199,Sepsidae_Nemopoda_nitidula_3323855_3825258199,http://creativecommons.org/licenses/by-nc-nd/4.0/
733745,1975798996,Sepsidae_Nemopoda_nitidula_812763_1975798996,http://creativecommons.org/licenses/by-nc-nd/4.0/
734468,1974065356,Sepsidae_Nemopoda_nitidula_1499633_1974065356,http://creativecommons.org/licenses/by-nc-nd/4.0/
734469,1974065356,Sepsidae_Nemopoda_nitidula_1499634_1974065356,http://creativecommons.org/licenses/by-nc-nd/4.0/
734470,1974065356,Sepsidae_Nemopoda_nitidula_1499635_1974065356,http://creativecommons.org/licenses/by-nc-nd/4.0/
734907,2840386779,Sepsidae_Nemopoda_nitidula_223887_2840386779,http://creativecommons.org/licenses/by-nc-nd/4.0/
735081,1966593672,Sepsidae_Nemopoda_nitidula_800126_1966593672,http://creativecommons.org/licenses/by-nc/4.0/
735136,3822932529,Sepsidae_Themira_lucida_560470_3822932529,http://creativecommons.org/licenses/by-nc-nd/4.0/
735137,3822932529,Sepsidae_Themira_lucida_560471_3822932529,http://creativecommons.org/licenses/by-nc-nd/4.0/
735138,3822932529,Sepsidae_Themira_lucida_560472_3822932529,http://creativecommons.org/licenses/by-nc-nd/4.0/
738878,3904245723,Sepsidae_Nemopoda_nitidula_2683539_3904245723,http://creativecommons.org/licenses/by-nc-nd/4.0/
739080,3719578391,Sepsidae_Sepsis_cynipsea_3247371_3719578391,http://creativecommons.org/licenses/by-nc-nd/4.0/
739081,3719578391,Sepsidae_Sepsis_cynipsea_3247372_3719578391,http://creativecommons.org/licenses/by-nc-nd/4.0/
739082,3719578391,Sepsidae_Sepsis_cynipsea_3247373_3719578391,http://creativecommons.org/licenses/by-nc-nd/4.0/
739112,3726757346,Sepsidae_Nemopoda_nitidula_2582742_3726757346,http://creativecommons.org/licenses/by-nc-nd/4.0/
739354,3826384314,Sepsidae_Nemopoda_nitidula_3327114_3826384314,http://creativecommons.org/licenses/by-nc-nd/4.0/
740061,1975799169,Sepsidae_Sepsis_fulgens_2880420_1975799169,http://creativecommons.org/licenses/by-nc-nd/4.0/
740062,1975799169,Sepsidae_Sepsis_fulgens_2880421_1975799169,http://creativecommons.org/licenses/by-nc-nd/4.0/
740195,3718951980,Sepsidae_Saltella_sphondylii_488213_3718951980,http://creativecommons.org/licenses/by-nc-nd/4.0/
740196,3718951980,Sepsidae_Saltella_sphondylii_488214_3718951980,http://creativecommons.org/licenses/by-nc-nd/4.0/
740197,3718951980,Sepsidae_Saltella_sphondylii_488215_3718951980,http://creativecommons.org/licenses/by-nc-nd/4.0/
740208,3825476384,Sepsidae_Sepsis_thoracica_1944682_3825476384,http://creativecommons.org/licenses/by-nc-nd/4.0/
740636,2834297318,Sepsidae_Themira_lucida_2973155_2834297318,http://creativecommons.org/licenses/by-nc-nd/4.0/
740637,2834297318,Sepsidae_Themira_lucida_2973156_2834297318,http://creativecommons.org/licenses/by-nc-nd/4.0/
740638,2834297318,Sepsidae_Themira_lucida_2973157_2834297318,http://creativecommons.org/licenses/by-nc-nd/4.0/
740823,3825393283,Sepsidae_Nemopoda_nitidula_2633715_3825393283,http://creativecommons.org/licenses/by-nc-sa/4.0/
740966,3825772481,Sepsidae_Sepsis_fulgens_3325495_3825772481,http://creativecommons.org/licenses/by-nc/4.0/
740967,3825772481,Sepsidae_Sepsis_fulgens_3325496_3825772481,http://creativecommons.org/licenses/by-nc/4.0/
740968,3825772481,Sepsidae_Sepsis_fulgens_3325497_3825772481,http://creativecommons.org/licenses/by-nc/4.0/
740969,3825772481,Sepsidae_Sepsis_fulgens_3325498_3825772481,http://creativecommons.org/licenses/by-nc/4.0/
740978,3825233291,Sepsidae_Sepsis_punctum_565389_3825233291,http://creativecommons.org/licenses/by-nc/4.0/
740979,3825233291,Sepsidae_Sepsis_punctum_565390_3825233291,http://creativecommons.org/licenses/by-nc/4.0/
740980,3825233291,Sepsidae_Sepsis_punctum_565391_3825233291,http://creativecommons.org/licenses/by-nc/4.0/
741288,3904530475,Sepsidae_Nemopoda_nitidula_3375902_3904530475,http://creativecommons.org/licenses/by-sa/4.0/
743019,3827172802,Sepsidae_Nemopoda_nitidula_3329103_3827172802,http://creativecommons.org/licenses/by-nc-nd/4.0/
743048,1960188999,Sepsidae_Themira_pubera_791214_1960188999,http://creativecommons.org/licenses/by-nc-nd/4.0/
743049,1960188999,Sepsidae_Themira_pubera_791215_1960188999,http://creativecommons.org/licenses/by-nc-nd/4.0/
743130,1965438997,Sepsidae_Sepsis_punctum_797334_1965438997,http://creativecommons.org/licenses/by-nc-nd/4.0/
743239,3730882558,Sepsidae_Saltella_sphondylii_3288506_3730882558,http://creativecommons.org/licenses/by-nc-nd/4.0/
743406,3824301310,Sepsidae_Nemopoda_nitidula_563643_3824301310,http://creativecommons.org/licenses/by-nc-nd/4.0/
743610,3727585773,Sepsidae_Sepsis_fulgens_3276566_3727585773,http://creativecommons.org/licenses/by-nc-nd/4.0/
743611,3727585773,Sepsidae_Sepsis_fulgens_3276567_3727585773,http://creativecommons.org/licenses/by-nc-nd/4.0/
743612,3727585773,Sepsidae_Sepsis_fulgens_3276568_3727585773,http://creativecommons.org/licenses/by-nc-nd/4.0/
743730,1953478672,Sepsidae_Themira_lucida_780888_1953478672,http://creativecommons.org/licenses/by-nc-nd/4.0/
743861,3722150822,Sepsidae_Nemopoda_nitidula_1190621_3722150822,http://creativecommons.org/licenses/by-nc-nd/4.0/
744185,3722987749,Sepsidae_Sepsis_fulgens_3264780_3722987749,http://creativecommons.org/licenses/by-nc-nd/4.0/
744390,3822743331,Sepsidae_Sepsis_punctum_1248969_3822743331,http://creativecommons.org/licenses/by-nc-nd/4.0/
744593,3822506748,Sepsidae_Sepsis_punctum_559199_3822506748,http://creativecommons.org/licenses/by-nc-sa/4.0/
744594,3822506748,Sepsidae_Sepsis_punctum_559200_3822506748,http://creativecommons.org/licenses/by-nc-sa/4.0/
745172,3731589222,Sepsidae_Orygma_luctuosum_1912420_3731589222,http://creativecommons.org/licenses/by-nc-nd/4.0/
746337,1966264010,Sepsidae_Saltella_sphondylii_1487834_1966264010,http://creativecommons.org/licenses/by-nc-nd/4.0/
746991,3721820619,Sepsidae_Nemopoda_nitidula_2567171_3721820619,http://creativecommons.org/licenses/by-nc-nd/4.0/
748639,2252319791,Sepsidae_Themira_pubera_1522668_2252319791,© All rights reserved
748640,2252319791,Sepsidae_Themira_pubera_1522669_2252319791,© All rights reserved
748641,2252319791,Sepsidae_Themira_pubera_1522670_2252319791,© All rights reserved
754494,3825245172,Sepsidae_Nemopoda_nitidula_1254492_3825245172,http://creativecommons.org/licenses/by-nc-nd/4.0/
754890,2834631251,Sepsidae_Themira_leachi_1594823_2834631251,http://creativecommons.org/licenses/by-nc-nd/4.0/
755560,3726849784,Sepsidae_Nemopoda_nitidula_1204405_3726849784,http://creativecommons.org/licenses/by-nc-nd/4.0/
755819,3825291225,Sepsidae_Nemopoda_nitidula_1254681_3825291225,http://creativecommons.org/licenses/by-nc-nd/4.0/
756103,3822566719,Sepsidae_Themira_superba_3317441_3822566719,http://creativecommons.org/licenses/by-nc-nd/4.0/
756104,3822566719,Sepsidae_Themira_superba_3317442_3822566719,http://creativecommons.org/licenses/by-nc-nd/4.0/
756105,3822566719,Sepsidae_Themira_superba_3317443_3822566719,http://creativecommons.org/licenses/by-nc-nd/4.0/
756106,3822566719,Sepsidae_Themira_superba_3317444_3822566719,http://creativecommons.org/licenses/by-nc-nd/4.0/
756922,1965511455,Sepsidae_Saltella_sphondylii_1486045_1965511455,http://creativecommons.org/licenses/by-nc-nd/4.0/
757875,3716880453,Sepsidae_Saltella_sphondylii_1858778_3716880453,http://creativecommons.org/licenses/by-nc/4.0/
758100,1972060240,Sepsidae_Themira_lucida_116628_1972060240,http://creativecommons.org/licenses/by-nc-nd/4.0/
758101,1972060240,Sepsidae_Themira_lucida_116629_1972060240,http://creativecommons.org/licenses/by-nc-nd/4.0/
758102,1972060240,Sepsidae_Themira_lucida_116630_1972060240,http://creativecommons.org/licenses/by-nc-nd/4.0/
758584,3905029360,Sepsidae_Sepsis_orthocnemis_1309512_3905029360,http://creativecommons.org/licenses/by-nc/4.0/
758799,2841347686,Sepsidae_Nemopoda_nitidula_225388_2841347686,http://creativecommons.org/licenses/by-nc-nd/4.0/
758800,2841347686,Sepsidae_Nemopoda_nitidula_225389_2841347686,http://creativecommons.org/licenses/by-nc-nd/4.0/
759507,1973626487,Sepsidae_Themira_lucida_1498445_1973626487,http://creativecommons.org/licenses/by-nc-nd/4.0/
759508,1973626487,Sepsidae_Themira_lucida_1498446_1973626487,http://creativecommons.org/licenses/by-nc-nd/4.0/
760414,1972753997,Sepsidae_Nemopoda_nitidula_2186078_1972753997,http://creativecommons.org/licenses/by-nc/4.0/
761156,3826493940,Sepsidae_Sepsis_punctum_568736_3826493940,http://creativecommons.org/licenses/by-nc/4.0/
761220,3825576080,Sepsidae_Nemopoda_nitidula_1255755_3825576080,http://creativecommons.org/licenses/by-nc-nd/4.0/
761321,3726886997,Sepsidae_Nemopoda_nitidula_2583312_3726886997,http://creativecommons.org/licenses/by-nc-nd/4.0/
761553,3825256237,Sepsidae_Nemopoda_nitidula_565496_3825256237,http://creativecommons.org/licenses/by-nc-nd/4.0/
762160,2844548750,Sepsidae_Themira_lucida_232670_2844548750,http://creativecommons.org/licenses/by-nc-nd/4.0/
764091,1459266983,Sepsidae_Sepsis_punctum_738179_1459266983,© all rights reserved
764487,1995162110,Sepsidae_Sepsis_cynipsea_2200683_1995162110,© all rights reserved
764488,1995162110,Sepsidae_Sepsis_cynipsea_2200684_1995162110,© all rights reserved
765072,3822500168,Sepsidae_Nemopoda_nitidula_559173_3822500168,http://creativecommons.org/licenses/by-nc-nd/4.0/
765231,3825443717,Sepsidae_Nemopoda_nitidula_1255423_3825443717,http://creativecommons.org/licenses/by-nc-nd/4.0/
765462,3822716368,Sepsidae_Sepsis_punctum_1248922_3822716368,http://creativecommons.org/licenses/by-nc/4.0/
765463,3822716368,Sepsidae_Sepsis_punctum_1248923_3822716368,http://creativecommons.org/licenses/by-nc/4.0/
765464,3822716368,Sepsidae_Sepsis_punctum_1248924_3822716368,http://creativecommons.org/licenses/by-nc/4.0/
765465,3822716368,Sepsidae_Sepsis_punctum_1248925_3822716368,http://creativecommons.org/licenses/by-nc/4.0/
767349,1954935626,Sepsidae_Themira_annulipes_2849849_1954935626,http://creativecommons.org/licenses/by-nc-nd/4.0/
767350,1954935626,Sepsidae_Themira_annulipes_2849850_1954935626,http://creativecommons.org/licenses/by-nc-nd/4.0/
767351,1954935626,Sepsidae_Themira_annulipes_2849851_1954935626,http://creativecommons.org/licenses/by-nc-nd/4.0/
767352,1954935626,Sepsidae_Themira_annulipes_2849852_1954935626,http://creativecommons.org/licenses/by-nc-nd/4.0/
767525,3721483210,Sepsidae_Saltella_sphondylii_496932_3721483210,http://creativecommons.org/licenses/by-nc-nd/4.0/
767526,3721483210,Sepsidae_Saltella_sphondylii_496933_3721483210,http://creativecommons.org/licenses/by-nc-nd/4.0/
768048,3721193581,Sepsidae_Nemopoda_nitidula_3252942_3721193581,http://creativecommons.org/licenses/by-nc-nd/4.0/
768454,1967065378,Sepsidae_Nemopoda_nitidula_2868870_1967065378,http://creativecommons.org/licenses/by-nc-nd/4.0/
768481,3727055019,Sepsidae_Sepsis_thoracica_3274553_3727055019,http://creativecommons.org/licenses/by-nc-nd/4.0/
769608,1973563363,Sepsidae_Sepsis_thoracica_119188_1973563363,http://creativecommons.org/licenses/by-nc-nd/4.0/
769609,1973563363,Sepsidae_Sepsis_thoracica_119189_1973563363,http://creativecommons.org/licenses/by-nc-nd/4.0/
769610,1973563363,Sepsidae_Sepsis_thoracica_119190_1973563363,http://creativecommons.org/licenses/by-nc-nd/4.0/
770112,3725503507,Sepsidae_Themira_lucida_509505_3725503507,http://creativecommons.org/licenses/by-nc-nd/4.0/
770113,3725503507,Sepsidae_Themira_lucida_509506_3725503507,http://creativecommons.org/licenses/by-nc-nd/4.0/
770525,3825369828,Sepsidae_Nemopoda_nitidula_1255053_3825369828,http://creativecommons.org/licenses/by-nc-nd/4.0/
771322,2836574411,Sepsidae_Sepsis_punctum_217682_2836574411,http://creativecommons.org/licenses/by-nc/4.0/
771323,2836574411,Sepsidae_Sepsis_punctum_217683_2836574411,http://creativecommons.org/licenses/by-nc/4.0/
771324,2836574411,Sepsidae_Sepsis_punctum_217684_2836574411,http://creativecommons.org/licenses/by-nc/4.0/
771325,2836574411,Sepsidae_Sepsis_punctum_217685_2836574411,http://creativecommons.org/licenses/by-nc/4.0/
771326,2836574411,Sepsidae_Sepsis_punctum_217686_2836574411,http://creativecommons.org/licenses/by-nc/4.0/
771488,3826185307,Sepsidae_Sepsis_punctum_568113_3826185307,http://creativecommons.org/licenses/by-nc-nd/4.0/
773059,3825246761,Sepsidae_Themira_superba_1254499_3825246761,http://creativecommons.org/licenses/by-nc-nd/4.0/
773060,3825246761,Sepsidae_Themira_superba_1254500_3825246761,http://creativecommons.org/licenses/by-nc-nd/4.0/
773061,3825246761,Sepsidae_Themira_superba_1254501_3825246761,http://creativecommons.org/licenses/by-nc-nd/4.0/
775165,3825407926,Sepsidae_Sepsis_violacea_2633780_3825407926,http://creativecommons.org/licenses/by-nc/4.0/
775166,3825407926,Sepsidae_Sepsis_violacea_2633781_3825407926,http://creativecommons.org/licenses/by-nc/4.0/
776925,3732468061,Sepsidae_Saltella_sphondylii_538738_3732468061,http://creativecommons.org/licenses/by-nc-nd/4.0/
777048,3730651558,Sepsidae_Nemopoda_nitidula_2596361_3730651558,http://creativecommons.org/licenses/by-nc-nd/4.0/
777351,3822615255,Sepsidae_Nemopoda_nitidula_3317669_3822615255,http://creativecommons.org/licenses/by-nc-nd/4.0/
777352,3822615255,Sepsidae_Nemopoda_nitidula_3317670_3822615255,http://creativecommons.org/licenses/by-nc-nd/4.0/
778364,1957874218,Sepsidae_Themira_superba_96757_1957874218,http://creativecommons.org/licenses/by-nc/4.0/
778497,3825375180,Sepsidae_Nemopoda_nitidula_3324375_3825375180,http://creativecommons.org/licenses/by-nc-nd/4.0/
778618,1972439771,Sepsidae_Sepsis_punctum_2875730_1972439771,http://creativecommons.org/licenses/by-nc/4.0/
778619,1972439771,Sepsidae_Sepsis_punctum_2875731_1972439771,http://creativecommons.org/licenses/by-nc/4.0/
778620,1972439771,Sepsidae_Sepsis_punctum_2875732_1972439771,http://creativecommons.org/licenses/by-nc/4.0/
779963,1964922028,Sepsidae_Sepsis_fulgens_2173506_1964922028,http://creativecommons.org/licenses/by-nc-nd/4.0/
780872,1974059340,Sepsidae_Sepsis_punctum_2188899_1974059340,http://creativecommons.org/licenses/by-nc-nd/4.0/
780873,1974059340,Sepsidae_Sepsis_punctum_2188900_1974059340,http://creativecommons.org/licenses/by-nc-nd/4.0/
780874,1974059340,Sepsidae_Sepsis_punctum_2188901_1974059340,http://creativecommons.org/licenses/by-nc-nd/4.0/
780875,1974059340,Sepsidae_Sepsis_punctum_2188902_1974059340,http://creativecommons.org/licenses/by-nc-nd/4.0/
781032,1973070914,Sepsidae_Themira_superba_118619_1973070914,http://creativecommons.org/licenses/by-nc-nd/4.0/
781033,1973070914,Sepsidae_Themira_superba_118620_1973070914,http://creativecommons.org/licenses/by-nc-nd/4.0/
781331,3720880761,Sepsidae_Nemopoda_nitidula_1182025_3720880761,http://creativecommons.org/licenses/by-nc-nd/4.0/
781971,3729214253,Sepsidae_Nemopoda_nitidula_2590468_3729214253,http://creativecommons.org/licenses/by-nc-nd/4.0/
782013,3717352005,Sepsidae_Sepsis_thoracica_1861068_3717352005,http://creativecommons.org/licenses/by-nc-nd/4.0/
782498,3822530220,Sepsidae_Nemopoda_nitidula_1937323_3822530220,http://creativecommons.org/licenses/by-nc-nd/4.0/
782956,2833804549,Sepsidae_Sepsis_cynipsea_2280677_2833804549,http://creativecommons.org/licenses/by-nc-nd/4.0/
782957,2833804549,Sepsidae_Sepsis_cynipsea_2280678_2833804549,http://creativecommons.org/licenses/by-nc-nd/4.0/
783170,3720260955,Sepsidae_Nemopoda_nitidula_2558358_3720260955,http://creativecommons.org/licenses/by-nc-nd/4.0/
783352,1825053361,Sepsidae_Sepsis_punctum_2125362_1825053361,http://creativecommons.org/licenses/by-nc-sa/4.0/
783353,1825053361,Sepsidae_Sepsis_punctum_2125363_1825053361,http://creativecommons.org/licenses/by-nc-sa/4.0/
783354,1825053361,Sepsidae_Sepsis_punctum_2125364_1825053361,http://creativecommons.org/licenses/by-nc-sa/4.0/
783765,3822505294,Sepsidae_Nemopoda_nitidula_559194_3822505294,http://creativecommons.org/licenses/by-nc/4.0/
784279,2833384377,Sepsidae_Saltella_sphondylii_211850_2833384377,http://creativecommons.org/licenses/by-nc-nd/4.0/
785463,1972500866,Sepsidae_Themira_minor_2185608_1972500866,http://creativecommons.org/licenses/by-nc-nd/4.0/
785464,1972500866,Sepsidae_Themira_minor_2185609_1972500866,http://creativecommons.org/licenses/by-nc-nd/4.0/
785465,1972500866,Sepsidae_Themira_minor_2185610_1972500866,http://creativecommons.org/licenses/by-nc-nd/4.0/
785698,3728769362,Sepsidae_Nemopoda_nitidula_2589387_3728769362,http://creativecommons.org/licenses/by-nc-nd/4.0/
785833,2841864989,Sepsidae_Nemopoda_nitidula_226710_2841864989,http://creativecommons.org/licenses/by-nc-nd/4.0/
785834,2841864989,Sepsidae_Nemopoda_nitidula_226711_2841864989,http://creativecommons.org/licenses/by-nc-nd/4.0/
785836,2841864989,Sepsidae_Nemopoda_nitidula_226713_2841864989,http://creativecommons.org/licenses/by-nc-nd/4.0/
785837,2841864989,Sepsidae_Nemopoda_nitidula_226714_2841864989,http://creativecommons.org/licenses/by-nc-nd/4.0/
786160,1952498960,Sepsidae_Sepsis_violacea_88219_1952498960,http://creativecommons.org/licenses/by-nc-nd/4.0/
786479,3722355724,Sepsidae_Nemopoda_nitidula_3261463_3722355724,http://creativecommons.org/licenses/by-nc-nd/4.0/
787327,3825958303,Sepsidae_Nemopoda_nitidula_2635251_3825958303,http://creativecommons.org/licenses/by-nc-nd/4.0/
787550,1977269160,Sepsidae_Nemopoda_nitidula_815826_1977269160,http://creativecommons.org/licenses/by-nc-nd/4.0/
788161,3824124437,Sepsidae_Nemopoda_nitidula_2630715_3824124437,http://creativecommons.org/licenses/by-nc-nd/4.0/
788346,3719729280,Sepsidae_Nemopoda_nitidula_3247614_3719729280,http://creativecommons.org/licenses/by-nc-nd/4.0/
788649,3723491020,Sepsidae_Nemopoda_nitidula_1886298_3723491020,http://creativecommons.org/licenses/by-nc-nd/4.0/
788832,2834152541,Sepsidae_Sepsis_fulgens_1593150_2834152541,http://creativecommons.org/licenses/by-nc/4.0/
788833,2834152541,Sepsidae_Sepsis_fulgens_1593151_2834152541,http://creativecommons.org/licenses/by-nc/4.0/
788834,2834152541,Sepsidae_Sepsis_fulgens_1593152_2834152541,http://creativecommons.org/licenses/by-nc/4.0/
788835,2834152541,Sepsidae_Sepsis_fulgens_1593153_2834152541,http://creativecommons.org/licenses/by-nc/4.0/
789039,3716799607,Sepsidae_Saltella_sphondylii_1858428_3716799607,http://creativecommons.org/licenses/by/4.0/
789040,3716799607,Sepsidae_Saltella_sphondylii_1858429_3716799607,http://creativecommons.org/licenses/by/4.0/
789153,3728007896,Sepsidae_Orygma_luctuosum_519513_3728007896,http://creativecommons.org/licenses/by/4.0/
789154,3728007896,Sepsidae_Orygma_luctuosum_519514_3728007896,http://creativecommons.org/licenses/by/4.0/
789222,1972793272,Sepsidae_Nemopoda_nitidula_2186171_1972793272,http://creativecommons.org/licenses/by-nc-nd/4.0/
789224,1972793272,Sepsidae_Nemopoda_nitidula_2186173_1972793272,http://creativecommons.org/licenses/by-nc-nd/4.0/
789391,1975203982,Sepsidae_Nemopoda_nitidula_1500718_1975203982,http://creativecommons.org/licenses/by-nc-nd/4.0/
789479,3822623098,Sepsidae_Nemopoda_nitidula_2627248_3822623098,http://creativecommons.org/licenses/by-nc-nd/4.0/
789877,3822498853,Sepsidae_Sepsis_fulgens_1937158_3822498853,http://creativecommons.org/licenses/by-nc-nd/4.0/
789878,3822498853,Sepsidae_Sepsis_fulgens_1937159_3822498853,http://creativecommons.org/licenses/by-nc-nd/4.0/
789908,2845571886,Sepsidae_Sepsis_orthocnemis_2993717_2845571886,http://creativecommons.org/licenses/by-nc-nd/4.0/
789909,2845571886,Sepsidae_Sepsis_orthocnemis_2993718_2845571886,http://creativecommons.org/licenses/by-nc-nd/4.0/
789910,2845571886,Sepsidae_Sepsis_orthocnemis_2993719_2845571886,http://creativecommons.org/licenses/by-nc-nd/4.0/
790352,3905628094,Sepsidae_Nemopoda_nitidula_624439_3905628094,http://creativecommons.org/licenses/by-nc-nd/4.0/
790757,3717188852,Sepsidae_Saltella_sphondylii_3239685_3717188852,http://creativecommons.org/licenses/by-nc-nd/4.0/
791168,3717123129,Sepsidae_Saltella_sphondylii_480802_3717123129,http://creativecommons.org/licenses/by-nc/4.0/
791219,3822478861,Sepsidae_Nemopoda_nitidula_3317091_3822478861,http://creativecommons.org/licenses/by-nc-nd/4.0/
791221,3822478861,Sepsidae_Nemopoda_nitidula_3317093_3822478861,http://creativecommons.org/licenses/by-nc-nd/4.0/
791269,3822609228,Sepsidae_Sepsis_punctum_1937586_3822609228,http://creativecommons.org/licenses/by-nc-sa/4.0/
792494,3823975891,Sepsidae_Nemopoda_nitidula_562794_3823975891,http://creativecommons.org/licenses/by-nc-nd/4.0/
792495,3905897435,Sepsidae_Nemopoda_nitidula_2003822_3905897435,http://creativecommons.org/licenses/by-nc-nd/4.0/
792686,2842373690,Sepsidae_Nemopoda_nitidula_228181_2842373690,http://creativecommons.org/licenses/by-nc-nd/4.0/
792687,2842373690,Sepsidae_Nemopoda_nitidula_228182_2842373690,http://creativecommons.org/licenses/by-nc-nd/4.0/
792744,1973004429,Sepsidae_Nemopoda_nitidula_2186790_1973004429,http://creativecommons.org/licenses/by-nc/4.0/
793176,3995772781,Sepsidae_Saltella_sphondylii_3425227_3995772781,http://creativecommons.org/licenses/by-nc-nd/4.0/
793534,3725918665,Sepsidae_Saltella_sphondylii_511113_3725918665,http://creativecommons.org/licenses/by-nc-nd/4.0/
793680,2837414520,Sepsidae_Themira_lucida_1598705_2837414520,http://creativecommons.org/licenses/by-nc-nd/4.0/
793732,3825400114,Sepsidae_Nemopoda_nitidula_566104_3825400114,http://creativecommons.org/licenses/by-nc-nd/4.0/
793735,3825400114,Sepsidae_Nemopoda_nitidula_566107_3825400114,http://creativecommons.org/licenses/by-nc-nd/4.0/
793878,2837203299,Sepsidae_Themira_lucida_909493_2837203299,http://creativecommons.org/licenses/by-nc-nd/4.0/
794953,1965208233,Sepsidae_Saltella_sphondylii_2864542_1965208233,http://creativecommons.org/licenses/by-nc-nd/4.0/
795279,3716533522,Sepsidae_Nemopoda_nitidula_3236319_3716533522,http://creativecommons.org/licenses/by-nc-nd/4.0/
795798,3825897364,Sepsidae_Nemopoda_nitidula_1945677_3825897364,http://creativecommons.org/licenses/by-nc-nd/4.0/
795799,3825897364,Sepsidae_Nemopoda_nitidula_1945678_3825897364,http://creativecommons.org/licenses/by-nc-nd/4.0/
795962,3716723171,Sepsidae_Nemopoda_nitidula_478644_3716723171,http://creativecommons.org/licenses/by-nc-nd/4.0/
797124,3720454997,Sepsidae_Nemopoda_nitidula_3249353_3720454997,http://creativecommons.org/licenses/by-nc-nd/4.0/
797253,3822482640,Sepsidae_Nemopoda_nitidula_3317104_3822482640,http://creativecommons.org/licenses/by-nc-nd/4.0/
797360,3722596554,Sepsidae_Nemopoda_nitidula_3262910_3722596554,http://creativecommons.org/licenses/by-nc-nd/4.0/
797972,3718298752,Sepsidae_Sepsis_punctum_1175721_3718298752,http://creativecommons.org/licenses/by-nc-nd/4.0/
798046,3718269143,Sepsidae_Nemopoda_nitidula_2554542_3718269143,http://creativecommons.org/licenses/by-nc-sa/4.0/
798367,1959941405,Sepsidae_Sepsis_punctum_100165_1959941405,http://creativecommons.org/licenses/by-nc-nd/4.0/
798368,1959941405,Sepsidae_Sepsis_punctum_100166_1959941405,http://creativecommons.org/licenses/by-nc-nd/4.0/
798412,3822542187,Sepsidae_Nemopoda_nitidula_1937366_3822542187,http://creativecommons.org/licenses/by-nc-nd/4.0/
799300,3822895417,Sepsidae_Sepsis_punctum_3318358_3822895417,http://creativecommons.org/licenses/by-nc/4.0/
799301,3822895417,Sepsidae_Sepsis_punctum_3318359_3822895417,http://creativecommons.org/licenses/by-nc/4.0/
799302,3822895417,Sepsidae_Sepsis_punctum_3318360_3822895417,http://creativecommons.org/licenses/by-nc/4.0/
799303,3822895417,Sepsidae_Sepsis_punctum_3318361_3822895417,http://creativecommons.org/licenses/by-nc/4.0/
799318,3905713892,Sepsidae_Themira_leachi_1313547_3905713892,http://creativecommons.org/licenses/by-nc-nd/4.0/
799327,2842461300,Sepsidae_Nemopoda_nitidula_918757_2842461300,http://creativecommons.org/licenses/by-nc-nd/4.0/
799917,3825234257,Sepsidae_Nemopoda_nitidula_2633004_3825234257,http://creativecommons.org/licenses/by-nc-nd/4.0/
800069,1968260616,Sepsidae_Sepsis_punctum_2869344_1968260616,http://creativecommons.org/licenses/by-nc-nd/4.0/
800724,1958591888,Sepsidae_Sepsis_cynipsea_97997_1958591888,http://creativecommons.org/licenses/by-nc-nd/4.0/
800743,3727780812,Sepsidae_Nemopoda_nitidula_518856_3727780812,http://creativecommons.org/licenses/by-nc-nd/4.0/
800744,3727780812,Sepsidae_Nemopoda_nitidula_518857_3727780812,http://creativecommons.org/licenses/by-nc-nd/4.0/
801054,1970097562,Sepsidae_Sepsis_punctum_2182724_1970097562,http://creativecommons.org/licenses/by-nc-sa/4.0/
801082,1952525514,Sepsidae_Sepsis_orthocnemis_778911_1952525514,http://creativecommons.org/licenses/by-nc-nd/4.0/
801083,1952525514,Sepsidae_Sepsis_orthocnemis_778912_1952525514,http://creativecommons.org/licenses/by-nc-nd/4.0/
801084,1952525514,Sepsidae_Sepsis_orthocnemis_778913_1952525514,http://creativecommons.org/licenses/by-nc-nd/4.0/
801085,1952525514,Sepsidae_Sepsis_orthocnemis_778914_1952525514,http://creativecommons.org/licenses/by-nc-nd/4.0/
801301,2835760977,Sepsidae_Sepsis_punctum_2284908_2835760977,http://creativecommons.org/licenses/by-nc/4.0/
801302,2835760977,Sepsidae_Sepsis_punctum_2284909_2835760977,http://creativecommons.org/licenses/by-nc/4.0/
802359,3825377090,Sepsidae_Nemopoda_nitidula_1255082_3825377090,http://creativecommons.org/licenses/by-nc-nd/4.0/
802466,2839416618,Sepsidae_Sepsis_fulgens_2981651_2839416618,http://creativecommons.org/licenses/by-nc-nd/4.0/
802467,2839416618,Sepsidae_Sepsis_fulgens_2981652_2839416618,http://creativecommons.org/licenses/by-nc-nd/4.0/
802501,3724789495,Sepsidae_Saltella_sphondylii_3266886_3724789495,http://creativecommons.org/licenses/by-nc-nd/4.0/
802916,3825325224,Sepsidae_Nemopoda_nitidula_2633397_3825325224,http://creativecommons.org/licenses/by-nc-nd/4.0/
803117,3720552710,Sepsidae_Saltella_sphondylii_1180438_3720552710,http://creativecommons.org/licenses/by-nc-nd/4.0/
803118,3720552710,Sepsidae_Saltella_sphondylii_1180439_3720552710,http://creativecommons.org/licenses/by-nc-nd/4.0/
803119,3720552710,Sepsidae_Saltella_sphondylii_1180440_3720552710,http://creativecommons.org/licenses/by-nc-nd/4.0/
803340,1965378465,Sepsidae_Saltella_sphondylii_2865140_1965378465,http://creativecommons.org/licenses/by-nc-nd/4.0/
803414,3826398384,Sepsidae_Sepsis_punctum_1257768_3826398384,http://creativecommons.org/licenses/by-nc-nd/4.0/
803502,2834446884,Sepsidae_Themira_superba_2283155_2834446884,http://creativecommons.org/licenses/by-nc-nd/4.0/
803772,3995695344,Sepsidae_Saltella_sphondylii_2734768_3995695344,http://creativecommons.org/licenses/by-nc-nd/4.0/
804632,3825258848,Sepsidae_Sepsis_fulgens_565512_3825258848,http://creativecommons.org/licenses/by-nc-nd/4.0/
804633,3825258848,Sepsidae_Sepsis_fulgens_565513_3825258848,http://creativecommons.org/licenses/by-nc-nd/4.0/
804634,3825258848,Sepsidae_Sepsis_fulgens_565514_3825258848,http://creativecommons.org/licenses/by-nc-nd/4.0/
804822,3730179193,Sepsidae_Sepsis_punctum_1215361_3730179193,http://creativecommons.org/licenses/by-nc-nd/4.0/
805209,3721666101,Sepsidae_Nemopoda_nitidula_1876472_3721666101,http://creativecommons.org/licenses/by-nc-nd/4.0/
805444,1959852740,Sepsidae_Sepsis_punctum_2168423_1959852740,http://creativecommons.org/licenses/by-nc/4.0/
805577,1953961488,Sepsidae_Sepsis_fulgens_2159196_1953961488,http://creativecommons.org/licenses/by-nc-nd/4.0/
805578,1953961488,Sepsidae_Sepsis_fulgens_2159197_1953961488,http://creativecommons.org/licenses/by-nc-nd/4.0/
806492,3720771844,Sepsidae_Nemopoda_nitidula_1870879_3720771844,http://creativecommons.org/licenses/by-nc-nd/4.0/
806869,3903916088,Sepsidae_Nemopoda_nitidula_1302681_3903916088,http://creativecommons.org/licenses/by-nc-nd/4.0/
807147,3717410149,Sepsidae_Saltella_sphondylii_1171606_3717410149,http://creativecommons.org/licenses/by-nc-nd/4.0/
807240,1951729299,Sepsidae_Saltella_sphondylii_777804_1951729299,http://creativecommons.org/licenses/by-nc-nd/4.0/
807261,3825262100,Sepsidae_Nemopoda_nitidula_1254559_3825262100,http://creativecommons.org/licenses/by-nc-sa/4.0/
807657,3716903571,Sepsidae_Saltella_sphondylii_3238135_3716903571,http://creativecommons.org/licenses/by-nc-nd/4.0/
808859,1952099116,Sepsidae_Themira_annulipes_87545_1952099116,http://creativecommons.org/licenses/by-nc-nd/4.0/
808860,1952099116,Sepsidae_Themira_annulipes_87546_1952099116,http://creativecommons.org/licenses/by-nc-nd/4.0/
809250,1970335597,Sepsidae_Themira_lucida_805545_1970335597,http://creativecommons.org/licenses/by-nc-nd/4.0/
809251,1970335597,Sepsidae_Themira_lucida_805546_1970335597,http://creativecommons.org/licenses/by-nc-nd/4.0/
809425,2835017821,Sepsidae_Nemopoda_nitidula_906643_2835017821,http://creativecommons.org/licenses/by-nc-nd/4.0/
809695,3752432377,Sepsidae_Saltella_sphondylii_543500_3752432377,http://creativecommons.org/licenses/by-sa/4.0/
809696,3752432376,Sepsidae_Saltella_sphondylii_3301681_3752432376,http://creativecommons.org/licenses/by-sa/4.0/
809697,3752432382,Sepsidae_Themira_superba_1232417_3752432382,http://creativecommons.org/licenses/by-sa/4.0/
809698,3752432384,Sepsidae_Sepsis_duplicata_2610975_3752432384,http://creativecommons.org/licenses/by-sa/4.0/
809699,3752432387,Sepsidae_Sepsis_thoracica_1232418_3752432387,http://creativecommons.org/licenses/by-sa/4.0/
809700,3752432391,Sepsidae_Themira_minor_1232419_3752432391,http://creativecommons.org/licenses/by-sa/4.0/
809701,3752432394,Sepsidae_Themira_paludosa_3301682_3752432394,http://creativecommons.org/licenses/by-sa/4.0/
809702,3752432395,Sepsidae_Themira_paludosa_543501_3752432395,http://creativecommons.org/licenses/by-sa/4.0/
809703,3752432582,Sepsidae_Themira_malformans_2610976_3752432582,http://creativecommons.org/licenses/by-sa/4.0/
809704,3752432590,Sepsidae_Themira_minor_1921901_3752432590,http://creativecommons.org/licenses/by-sa/4.0/
809705,3752432632,Sepsidae_Themira_malformans_3301684_3752432632,http://creativecommons.org/licenses/by-sa/4.0/
809706,3752432600,Sepsidae_Themira_lucida_3301683_3752432600,http://creativecommons.org/licenses/by-sa/4.0/
809707,3752432591,Sepsidae_Themira_minor_2610977_3752432591,http://creativecommons.org/licenses/by-sa/4.0/
809708,3752432672,Sepsidae_Themira_lucida_2610979_3752432672,http://creativecommons.org/licenses/by-sa/4.0/
809709,3752432666,Sepsidae_Themira_leachi_1232420_3752432666,http://creativecommons.org/licenses/by-sa/4.0/
809710,3752432640,Sepsidae_Themira_leachi_2610978_3752432640,http://creativecommons.org/licenses/by-sa/4.0/
809711,3752432698,Sepsidae_Themira_gracilis_1232421_3752432698,http://creativecommons.org/licenses/by-sa/4.0/
809712,3752434652,Sepsidae_Themira_arctica_2610981_3752434652,http://creativecommons.org/licenses/by-sa/4.0/
809713,3752434638,Sepsidae_Themira_biloba_1921902_3752434638,http://creativecommons.org/licenses/by-sa/4.0/
809714,3752434635,Sepsidae_Themira_biloba_3301689_3752434635,http://creativecommons.org/licenses/by-sa/4.0/
809715,3752434632,Sepsidae_Themira_arctica_1232424_3752434632,http://creativecommons.org/licenses/by-sa/4.0/
811146,1968712712,Sepsidae_Sepsis_orthocnemis_2179689_1968712712,http://creativecommons.org/licenses/by-nc-nd/4.0/
811826,3732989380,Sepsidae_Nemopoda_nitidula_1919100_3732989380,http://creativecommons.org/licenses/by-nc-nd/4.0/
812134,3722169312,Sepsidae_Saltella_sphondylii_502003_3722169312,http://creativecommons.org/licenses/by-nc-nd/4.0/
812820,2843107935,Sepsidae_Nemopoda_nitidula_229954_2843107935,http://creativecommons.org/licenses/by-nc-nd/4.0/
812942,3727393330,Sepsidae_Nemopoda_nitidula_517540_3727393330,http://creativecommons.org/licenses/by-nc-nd/4.0/
813415,3825500199,Sepsidae_Nemopoda_nitidula_3324873_3825500199,http://creativecommons.org/licenses/by-nc-nd/4.0/
814067,3825374745,Sepsidae_Nemopoda_nitidula_565986_3825374745,http://creativecommons.org/licenses/by-nc-nd/4.0/
814894,2835259655,Sepsidae_Sepsis_fulgens_2975173_2835259655,http://creativecommons.org/licenses/by-nc-nd/4.0/
814895,2835259655,Sepsidae_Sepsis_fulgens_2975174_2835259655,http://creativecommons.org/licenses/by-nc-nd/4.0/
815172,3731743513,Sepsidae_Saltella_sphondylii_1913228_3731743513,http://creativecommons.org/licenses/by-nc-nd/4.0/
815260,1971688440,Sepsidae_Sepsis_flavimana_1495263_1971688440,http://creativecommons.org/licenses/by-nc-nd/4.0/
815261,1971688440,Sepsidae_Sepsis_flavimana_1495264_1971688440,http://creativecommons.org/licenses/by-nc-nd/4.0/
815632,3732062456,Sepsidae_Saltella_sphondylii_2603971_3732062456,http://creativecommons.org/licenses/by-nc/4.0/
815633,3732062456,Sepsidae_Saltella_sphondylii_2603972_3732062456,http://creativecommons.org/licenses/by-nc/4.0/
815634,3732062456,Sepsidae_Saltella_sphondylii_2603973_3732062456,http://creativecommons.org/licenses/by-nc/4.0/
816352,3822636060,Sepsidae_Nemopoda_nitidula_1248654_3822636060,http://creativecommons.org/licenses/by-nc-nd/4.0/
816460,3727394039,Sepsidae_Sepsis_fulgens_1895942_3727394039,http://creativecommons.org/licenses/by-nc-nd/4.0/
816461,3727394039,Sepsidae_Sepsis_fulgens_1895943_3727394039,http://creativecommons.org/licenses/by-nc-nd/4.0/
816462,3727394039,Sepsidae_Sepsis_fulgens_1895944_3727394039,http://creativecommons.org/licenses/by-nc-nd/4.0/
816743,2841824981,Sepsidae_Sepsis_fulgens_2294582_2841824981,http://creativecommons.org/licenses/by-nc-nd/4.0/
816744,2841824981,Sepsidae_Sepsis_fulgens_2294583_2841824981,http://creativecommons.org/licenses/by-nc-nd/4.0/
816745,2841824981,Sepsidae_Sepsis_fulgens_2294584_2841824981,http://creativecommons.org/licenses/by-nc-nd/4.0/
817580,1962864619,Sepsidae_Sepsis_punctum_103494_1962864619,http://creativecommons.org/licenses/by-nc-nd/4.0/
817581,1962864619,Sepsidae_Sepsis_punctum_103495_1962864619,http://creativecommons.org/licenses/by-nc-nd/4.0/
817582,1962864619,Sepsidae_Sepsis_punctum_103496_1962864619,http://creativecommons.org/licenses/by-nc-nd/4.0/
817721,3822611124,Sepsidae_Sepsis_punctum_559645_3822611124,http://creativecommons.org/licenses/by-nc-sa/4.0/
817722,3822611124,Sepsidae_Sepsis_punctum_559646_3822611124,http://creativecommons.org/licenses/by-nc-sa/4.0/
817793,1975578277,Sepsidae_Nemopoda_nitidula_2880202_1975578277,http://creativecommons.org/licenses/by-nc-nd/4.0/
817794,1975578277,Sepsidae_Nemopoda_nitidula_2880203_1975578277,http://creativecommons.org/licenses/by-nc-nd/4.0/
817930,3717874725,Sepsidae_Nemopoda_nitidula_484639_3717874725,http://creativecommons.org/licenses/by-nc-nd/4.0/
818116,3730631310,Sepsidae_Saltella_sphondylii_1906946_3730631310,http://creativecommons.org/licenses/by-nc/4.0/
818240,3825280028,Sepsidae_Nemopoda_nitidula_565613_3825280028,http://creativecommons.org/licenses/by-nc-nd/4.0/
819406,3729749994,Sepsidae_Saltella_sphondylii_2592135_3729749994,http://creativecommons.org/licenses/by-nc-nd/4.0/
819632,2833699377,Sepsidae_Sepsis_thoracica_2970996_2833699377,http://creativecommons.org/licenses/by-nc-nd/4.0/
819633,2833699377,Sepsidae_Sepsis_thoracica_2970997_2833699377,http://creativecommons.org/licenses/by-nc-nd/4.0/
819634,2833699377,Sepsidae_Sepsis_thoracica_2970998_2833699377,http://creativecommons.org/licenses/by-nc-nd/4.0/
819635,2833699377,Sepsidae_Sepsis_thoracica_2970999_2833699377,http://creativecommons.org/licenses/by-nc-nd/4.0/
819904,3822498262,Sepsidae_Nemopoda_nitidula_1248107_3822498262,http://creativecommons.org/licenses/by-nc-nd/4.0/
819990,3727316875,Sepsidae_Nemopoda_nitidula_3275624_3727316875,http://creativecommons.org/licenses/by-nc-nd/4.0/
819991,3727316875,Sepsidae_Nemopoda_nitidula_3275625_3727316875,http://creativecommons.org/licenses/by-nc-nd/4.0/
819992,3727316875,Sepsidae_Nemopoda_nitidula_3275626_3727316875,http://creativecommons.org/licenses/by-nc-nd/4.0/
820318,3726509022,Sepsidae_Saltella_sphondylii_3272014_3726509022,http://creativecommons.org/licenses/by-nc-nd/4.0/
820524,3729528170,Sepsidae_Nemopoda_nitidula_3282025_3729528170,http://creativecommons.org/licenses/by-nc-nd/4.0/
820788,3823298463,Sepsidae_Sepsis_punctum_2628841_3823298463,http://creativecommons.org/licenses/by-nc/4.0/
820789,3823298463,Sepsidae_Sepsis_punctum_2628842_3823298463,http://creativecommons.org/licenses/by-nc/4.0/
820898,1952330810,Sepsidae_Sepsis_orthocnemis_2846190_1952330810,http://creativecommons.org/licenses/by-nc-nd/4.0/
820899,1952330810,Sepsidae_Sepsis_orthocnemis_2846191_1952330810,http://creativecommons.org/licenses/by-nc-nd/4.0/
821286,1966848798,Sepsidae_Nemopoda_nitidula_2178231_1966848798,http://creativecommons.org/licenses/by-nc/4.0/
821589,3721695283,Sepsidae_Nemopoda_nitidula_498520_3721695283,http://creativecommons.org/licenses/by-nc/4.0/
821590,3721695283,Sepsidae_Nemopoda_nitidula_498521_3721695283,http://creativecommons.org/licenses/by-nc/4.0/
823190,1973659522,Sepsidae_Sepsis_punctum_2187877_1973659522,http://creativecommons.org/licenses/by-nc-nd/4.0/
823191,1973659522,Sepsidae_Sepsis_punctum_2187878_1973659522,http://creativecommons.org/licenses/by-nc-nd/4.0/
824132,3906325456,Sepsidae_Sepsis_orthocnemis_3386450_3906325456,http://creativecommons.org/licenses/by-nc/4.0/
824682,3824304361,Sepsidae_Nemopoda_nitidula_3321798_3824304361,http://creativecommons.org/licenses/by-nc-nd/4.0/
824951,2837482120,Sepsidae_Sepsis_punctum_2287986_2837482120,http://creativecommons.org/licenses/by-nc/4.0/
824952,2837482120,Sepsidae_Sepsis_punctum_2287987_2837482120,http://creativecommons.org/licenses/by-nc/4.0/
824953,2837482120,Sepsidae_Sepsis_punctum_2287988_2837482120,http://creativecommons.org/licenses/by-nc/4.0/
825103,1952634449,Sepsidae_Sepsis_orthocnemis_2846767_1952634449,http://creativecommons.org/licenses/by-nc-nd/4.0/
825104,1952634449,Sepsidae_Sepsis_orthocnemis_2846768_1952634449,http://creativecommons.org/licenses/by-nc-nd/4.0/
825391,2837716232,Sepsidae_Sepsis_violacea_1599407_2837716232,http://creativecommons.org/licenses/by-nc-nd/4.0/
825392,2837716232,Sepsidae_Sepsis_violacea_1599408_2837716232,http://creativecommons.org/licenses/by-nc-nd/4.0/
825393,2837716232,Sepsidae_Sepsis_violacea_1599409_2837716232,http://creativecommons.org/licenses/by-nc-nd/4.0/
825599,3722813347,Sepsidae_Sepsis_orthocnemis_1194819_3722813347,http://creativecommons.org/licenses/by-nc-nd/4.0/
825600,3722813347,Sepsidae_Sepsis_orthocnemis_1194820_3722813347,http://creativecommons.org/licenses/by-nc-nd/4.0/
825673,3730732659,Sepsidae_Nemopoda_nitidula_529339_3730732659,http://creativecommons.org/licenses/by-nc-nd/4.0/
826009,1975545362,Sepsidae_Sepsis_punctum_2190099_1975545362,http://creativecommons.org/licenses/by-nc-nd/4.0/
826108,3822617102,Sepsidae_Nemopoda_nitidula_1937609_3822617102,http://creativecommons.org/licenses/by-sa/4.0/
826374,3721269196,Sepsidae_Saltella_sphondylii_495398_3721269196,http://creativecommons.org/licenses/by-nc-nd/4.0/
827371,3730942590,Sepsidae_Nemopoda_nitidula_1908802_3730942590,http://creativecommons.org/licenses/by/4.0/
827372,3730942590,Sepsidae_Nemopoda_nitidula_1908803_3730942590,http://creativecommons.org/licenses/by/4.0/
827491,3825437222,Sepsidae_Sepsis_punctum_566249_3825437222,http://creativecommons.org/licenses/by-nc-nd/4.0/
828035,2836409288,Sepsidae_Sepsis_cynipsea_2976133_2836409288,http://creativecommons.org/licenses/by-nc-nd/4.0/
828036,2836409288,Sepsidae_Sepsis_cynipsea_2976134_2836409288,http://creativecommons.org/licenses/by-nc-nd/4.0/
828347,2838154191,Sepsidae_Sepsis_punctum_2289424_2838154191,http://creativecommons.org/licenses/by-nc-nd/4.0/
828348,2838154191,Sepsidae_Sepsis_punctum_2289425_2838154191,http://creativecommons.org/licenses/by-nc-nd/4.0/
828720,1968738100,Sepsidae_Themira_superba_1490549_1968738100,http://creativecommons.org/licenses/by-nc-nd/4.0/
828888,1953585700,Sepsidae_Nemopoda_nitidula_1469789_1953585700,http://creativecommons.org/licenses/by-nc-nd/4.0/
829002,3728171357,Sepsidae_Nemopoda_nitidula_3278355_3728171357,http://creativecommons.org/licenses/by-nc-nd/4.0/
830218,1966595708,Sepsidae_Nemopoda_nitidula_2177757_1966595708,http://creativecommons.org/licenses/by-nc-nd/4.0/
830273,2841184598,Sepsidae_Sepsis_cynipsea_915316_2841184598,http://creativecommons.org/licenses/by-nc-nd/4.0/
830514,3822484105,Sepsidae_Nemopoda_nitidula_1937102_3822484105,http://creativecommons.org/licenses/by-nc-nd/4.0/
830762,3732082089,Sepsidae_Nemopoda_nitidula_1915031_3732082089,http://creativecommons.org/licenses/by-nc-nd/4.0/
831037,3825287083,Sepsidae_Nemopoda_nitidula_2633233_3825287083,http://creativecommons.org/licenses/by-nc-nd/4.0/
831120,3825425079,Sepsidae_Nemopoda_nitidula_1944509_3825425079,http://creativecommons.org/licenses/by-sa/4.0/
831122,3825425079,Sepsidae_Nemopoda_nitidula_1944511_3825425079,http://creativecommons.org/licenses/by-sa/4.0/
831557,3728157679,Sepsidae_Sepsis_cynipsea_519965_3728157679,http://creativecommons.org/licenses/by-nc-nd/4.0/
831615,3722147379,Sepsidae_Nemopoda_nitidula_3260050_3722147379,http://creativecommons.org/licenses/by-nc-nd/4.0/
831897,2833625878,Sepsidae_Saltella_sphondylii_2970900_2833625878,http://creativecommons.org/licenses/by-nc/4.0/
832225,2834313239,Sepsidae_Nemopoda_nitidula_214623_2834313239,http://creativecommons.org/licenses/by-nc/4.0/
832228,2834313239,Sepsidae_Nemopoda_nitidula_214626_2834313239,http://creativecommons.org/licenses/by-nc/4.0/
832279,1970950828,Sepsidae_Sepsis_orthocnemis_806622_1970950828,http://creativecommons.org/licenses/by-nc-nd/4.0/
832280,1970950828,Sepsidae_Sepsis_orthocnemis_806623_1970950828,http://creativecommons.org/licenses/by-nc-nd/4.0/
832281,1965213535,Sepsidae_Saltella_sphondylii_105969_1965213535,http://creativecommons.org/licenses/by-nc-nd/4.0/
832417,3904267523,Sepsidae_Nemopoda_nitidula_616256_3904267523,http://creativecommons.org/licenses/by-nc-nd/4.0/
832535,1957969976,Sepsidae_Sepsis_punctum_787584_1957969976,http://creativecommons.org/licenses/by-nc-nd/4.0/
832536,1957969976,Sepsidae_Sepsis_punctum_787585_1957969976,http://creativecommons.org/licenses/by-nc-nd/4.0/
832616,1964324976,Sepsidae_Sepsis_punctum_795170_1964324976,http://creativecommons.org/licenses/by-nc-nd/4.0/
832617,1964324976,Sepsidae_Sepsis_punctum_795171_1964324976,http://creativecommons.org/licenses/by-nc-nd/4.0/
833320,3726153559,Sepsidae_Saltella_sphondylii_3270333_3726153559,http://creativecommons.org/licenses/by-nc-nd/4.0/
833480,3824424064,Sepsidae_Nemopoda_nitidula_1942131_3824424064,http://creativecommons.org/licenses/by-nc-nd/4.0/
833577,1973563131,Sepsidae_Sepsis_cynipsea_2187552_1973563131,http://creativecommons.org/licenses/by-nc-nd/4.0/
833578,1973563131,Sepsidae_Sepsis_cynipsea_2187553_1973563131,http://creativecommons.org/licenses/by-nc-nd/4.0/
833843,1959676740,Sepsidae_Saltella_sphondylii_1478697_1959676740,http://creativecommons.org/licenses/by-nc-nd/4.0/
833844,1959676740,Sepsidae_Saltella_sphondylii_1478698_1959676740,http://creativecommons.org/licenses/by-nc-nd/4.0/
833940,2834356237,Sepsidae_Saltella_sphondylii_214767_2834356237,http://creativecommons.org/licenses/by-nc-nd/4.0/
834458,3720410038,Sepsidae_Nemopoda_nitidula_1869406_3720410038,http://creativecommons.org/licenses/by-nc-nd/4.0/
835065,1953835659,Sepsidae_Sepsis_fulgens_2159126_1953835659,http://creativecommons.org/licenses/by-nc-nd/4.0/
835066,1953835659,Sepsidae_Sepsis_fulgens_2159127_1953835659,http://creativecommons.org/licenses/by-nc-nd/4.0/
835206,1956873509,Sepsidae_Nemopoda_nitidula_2853058_1956873509,http://creativecommons.org/licenses/by-nc-nd/4.0/
835228,3825570847,Sepsidae_Nemopoda_nitidula_1255735_3825570847,http://creativecommons.org/licenses/by-nc-nd/4.0/
836186,3827356281,Sepsidae_Nemopoda_nitidula_3329612_3827356281,http://creativecommons.org/licenses/by-nc-nd/4.0/
836525,3822653884,Sepsidae_Sepsis_cynipsea_3317828_3822653884,http://creativecommons.org/licenses/by-nc-nd/4.0/
836526,3822653884,Sepsidae_Sepsis_cynipsea_3317829_3822653884,http://creativecommons.org/licenses/by-nc-nd/4.0/
836531,1971861028,Sepsidae_Sepsis_flavimana_1495309_1971861028,http://creativecommons.org/licenses/by-nc-nd/4.0/
836532,1971861028,Sepsidae_Sepsis_flavimana_1495310_1971861028,http://creativecommons.org/licenses/by-nc-nd/4.0/
836533,1971861028,Sepsidae_Sepsis_flavimana_1495311_1971861028,http://creativecommons.org/licenses/by-nc-nd/4.0/
836534,1971861028,Sepsidae_Sepsis_flavimana_1495312_1971861028,http://creativecommons.org/licenses/by-nc-nd/4.0/
836535,1971861028,Sepsidae_Sepsis_flavimana_1495313_1971861028,http://creativecommons.org/licenses/by-nc-nd/4.0/
836623,3721943543,Sepsidae_Saltella_sphondylii_500388_3721943543,http://creativecommons.org/licenses/by-nc-nd/4.0/
836701,3822750377,Sepsidae_Sepsis_punctum_3318093_3822750377,http://creativecommons.org/licenses/by-nc-nd/4.0/
836832,3732908321,Sepsidae_Nemopoda_nitidula_2607945_3732908321,http://creativecommons.org/licenses/by-nc-nd/4.0/
836919,2839028902,Sepsidae_Sepsis_punctum_2981360_2839028902,http://creativecommons.org/licenses/by-nc-nd/4.0/
836935,2834853187,Sepsidae_Sepsis_fulgens_906470_2834853187,http://creativecommons.org/licenses/by-nc-nd/4.0/
836936,2834853187,Sepsidae_Sepsis_fulgens_906471_2834853187,http://creativecommons.org/licenses/by-nc-nd/4.0/
837697,1959474660,Sepsidae_Sepsis_punctum_2857472_1959474660,http://creativecommons.org/licenses/by-nc-nd/4.0/
837698,1959474660,Sepsidae_Sepsis_punctum_2857473_1959474660,http://creativecommons.org/licenses/by-nc-nd/4.0/
837930,3728852555,Sepsidae_Sepsis_fulgens_521875_3728852555,http://creativecommons.org/licenses/by-nc-nd/4.0/
837931,3728852555,Sepsidae_Sepsis_fulgens_521876_3728852555,http://creativecommons.org/licenses/by-nc-nd/4.0/
837932,3728852555,Sepsidae_Sepsis_fulgens_521877_3728852555,http://creativecommons.org/licenses/by-nc-nd/4.0/
837942,3717095897,Sepsidae_Saltella_sphondylii_480663_3717095897,http://creativecommons.org/licenses/by-nc-nd/4.0/
838376,3825247291,Sepsidae_Nemopoda_nitidula_565452_3825247291,http://creativecommons.org/licenses/by-nc-nd/4.0/
838473,3822554237,Sepsidae_Nemopoda_nitidula_1248321_3822554237,http://creativecommons.org/licenses/by-nc-nd/4.0/
839323,1965212083,Sepsidae_Saltella_sphondylii_1485215_1965212083,http://creativecommons.org/licenses/by-nc-nd/4.0/
840076,3823132396,Sepsidae_Sepsis_fulgens_560882_3823132396,http://creativecommons.org/licenses/by-nc-nd/4.0/
840077,3823132396,Sepsidae_Sepsis_fulgens_560883_3823132396,http://creativecommons.org/licenses/by-nc-nd/4.0/
840201,2841861728,Sepsidae_Nemopoda_nitidula_2294672_2841861728,http://creativecommons.org/licenses/by-nc-nd/4.0/
840613,1959962018,Sepsidae_Nemopoda_nitidula_2168708_1959962018,http://creativecommons.org/licenses/by-nc-nd/4.0/
840614,1959962018,Sepsidae_Nemopoda_nitidula_2168709_1959962018,http://creativecommons.org/licenses/by-nc-nd/4.0/
840934,3732990243,Sepsidae_Nemopoda_nitidula_1919105_3732990243,http://creativecommons.org/licenses/by-nc-nd/4.0/
841564,3717430795,Sepsidae_Sepsis_punctum_482436_3717430795,http://creativecommons.org/licenses/by-nc-nd/4.0/
841565,3717430795,Sepsidae_Sepsis_punctum_482437_3717430795,http://creativecommons.org/licenses/by-nc-nd/4.0/
842080,3720598397,Sepsidae_Nemopoda_nitidula_1870124_3720598397,http://creativecommons.org/licenses/by-nc-nd/4.0/
842288,1965406273,Sepsidae_Saltella_sphondylii_2174976_1965406273,http://creativecommons.org/licenses/by-nc-nd/4.0/
842614,1951849885,Sepsidae_Sepsis_cynipsea_87305_1951849885,http://creativecommons.org/licenses/by-nc-nd/4.0/
842791,1973819915,Sepsidae_Themira_superba_2878528_1973819915,http://creativecommons.org/licenses/by-nc-nd/4.0/
843194,3825382299,Sepsidae_Nemopoda_nitidula_2633667_3825382299,http://creativecommons.org/licenses/by-nc/4.0/
843195,3825382299,Sepsidae_Nemopoda_nitidula_2633668_3825382299,http://creativecommons.org/licenses/by-nc/4.0/
843350,1953478312,Sepsidae_Sepsis_flavimana_1469531_1953478312,http://creativecommons.org/licenses/by-nc-nd/4.0/
843351,1953478312,Sepsidae_Sepsis_flavimana_1469532_1953478312,http://creativecommons.org/licenses/by-nc-nd/4.0/
843352,1953478312,Sepsidae_Sepsis_flavimana_1469533_1953478312,http://creativecommons.org/licenses/by-nc-nd/4.0/
843353,1953478312,Sepsidae_Sepsis_flavimana_1469534_1953478312,http://creativecommons.org/licenses/by-nc-nd/4.0/
843354,1953478312,Sepsidae_Sepsis_flavimana_1469535_1953478312,http://creativecommons.org/licenses/by-nc-nd/4.0/
844002,3822659192,Sepsidae_Nemopoda_nitidula_1937806_3822659192,http://creativecommons.org/licenses/by-nc-nd/4.0/
844205,1967497385,Sepsidae_Sepsis_cynipsea_801192_1967497385,http://creativecommons.org/licenses/by-nc-nd/4.0/
844206,1967497385,Sepsidae_Sepsis_cynipsea_801193_1967497385,http://creativecommons.org/licenses/by-nc-nd/4.0/
844207,1967497385,Sepsidae_Sepsis_cynipsea_801194_1967497385,http://creativecommons.org/licenses/by-nc-nd/4.0/
844304,3905977591,Sepsidae_Nemopoda_nitidula_1315150_3905977591,http://creativecommons.org/licenses/by-nc-nd/4.0/
844667,1974938704,Sepsidae_Sepsis_flavimana_2189777_1974938704,http://creativecommons.org/licenses/by-nc-nd/4.0/
844668,1974938704,Sepsidae_Sepsis_flavimana_2189778_1974938704,http://creativecommons.org/licenses/by-nc-nd/4.0/
844669,1974938704,Sepsidae_Sepsis_flavimana_2189779_1974938704,http://creativecommons.org/licenses/by-nc-nd/4.0/
845025,2844517754,Sepsidae_Saltella_sphondylii_232568_2844517754,http://creativecommons.org/licenses/by-nc-nd/4.0/
845026,2844517754,Sepsidae_Saltella_sphondylii_232569_2844517754,http://creativecommons.org/licenses/by-nc-nd/4.0/
845027,2844517754,Sepsidae_Saltella_sphondylii_232570_2844517754,http://creativecommons.org/licenses/by-nc-nd/4.0/
845028,2844517754,Sepsidae_Saltella_sphondylii_232571_2844517754,http://creativecommons.org/licenses/by-nc-nd/4.0/
845029,2844517754,Sepsidae_Saltella_sphondylii_232572_2844517754,http://creativecommons.org/licenses/by-nc-nd/4.0/
846397,1962983828,Sepsidae_Sepsis_punctum_2862113_1962983828,http://creativecommons.org/licenses/by-nc-nd/4.0/
846639,3825341177,Sepsidae_Sepsis_punctum_2633482_3825341177,http://creativecommons.org/licenses/by-nc-nd/4.0/
846701,3825438975,Sepsidae_Nemopoda_nitidula_1255391_3825438975,http://creativecommons.org/licenses/by-nc-nd/4.0/
846704,3825438975,Sepsidae_Nemopoda_nitidula_1255394_3825438975,http://creativecommons.org/licenses/by-nc-nd/4.0/
846705,3825438975,Sepsidae_Nemopoda_nitidula_1255395_3825438975,http://creativecommons.org/licenses/by-nc-nd/4.0/
846706,3825438975,Sepsidae_Nemopoda_nitidula_1255396_3825438975,http://creativecommons.org/licenses/by-nc-nd/4.0/
846710,3825438975,Sepsidae_Nemopoda_nitidula_1255400_3825438975,http://creativecommons.org/licenses/by-nc-nd/4.0/
846773,1971835944,Sepsidae_Sepsis_punctum_116397_1971835944,http://creativecommons.org/licenses/by-nc/4.0/
847289,1954409992,Sepsidae_Sepsis_punctum_781511_1954409992,http://creativecommons.org/licenses/by-nc-nd/4.0/
847290,1954409992,Sepsidae_Sepsis_punctum_781512_1954409992,http://creativecommons.org/licenses/by-nc-nd/4.0/
847688,2842463456,Sepsidae_Sepsis_fulgens_228444_2842463456,http://creativecommons.org/licenses/by-nc/4.0/
847689,2842463456,Sepsidae_Sepsis_fulgens_228445_2842463456,http://creativecommons.org/licenses/by-nc/4.0/
847690,2842463456,Sepsidae_Sepsis_fulgens_228446_2842463456,http://creativecommons.org/licenses/by-nc/4.0/
847691,2842463456,Sepsidae_Sepsis_fulgens_228447_2842463456,http://creativecommons.org/licenses/by-nc/4.0/
847760,3822674757,Sepsidae_Themira_lucida_1248804_3822674757,http://creativecommons.org/licenses/by-nc-nd/4.0/
847761,3822674757,Sepsidae_Themira_lucida_1248805_3822674757,http://creativecommons.org/licenses/by-nc-nd/4.0/
847762,3822674757,Sepsidae_Themira_lucida_1248806_3822674757,http://creativecommons.org/licenses/by-nc-nd/4.0/
847834,3722964559,Sepsidae_Nemopoda_nitidula_2574308_3722964559,http://creativecommons.org/licenses/by-nc-nd/4.0/
848296,1954883628,Sepsidae_Sepsis_punctum_2159941_1954883628,http://creativecommons.org/licenses/by-nc-nd/4.0/
848490,3730154713,Sepsidae_Saltella_sphondylii_1904434_3730154713,http://creativecommons.org/licenses/by-nc-nd/4.0/
848491,3730154713,Sepsidae_Saltella_sphondylii_1904435_3730154713,http://creativecommons.org/licenses/by-nc-nd/4.0/
849547,3732936771,Sepsidae_Nemopoda_nitidula_2608031_3732936771,http://creativecommons.org/licenses/by-nc-nd/4.0/
849548,3732936771,Sepsidae_Nemopoda_nitidula_2608032_3732936771,http://creativecommons.org/licenses/by-nc-nd/4.0/
850226,3716949287,Sepsidae_Saltella_sphondylii_2548283_3716949287,http://creativecommons.org/licenses/by-nc-nd/4.0/
850493,3730462623,Sepsidae_Saltella_sphondylii_3286084_3730462623,http://creativecommons.org/licenses/by-nc-nd/4.0/
850494,3730462623,Sepsidae_Saltella_sphondylii_3286085_3730462623,http://creativecommons.org/licenses/by-nc-nd/4.0/
850495,3730462623,Sepsidae_Saltella_sphondylii_3286086_3730462623,http://creativecommons.org/licenses/by-nc-nd/4.0/
850496,3730462623,Sepsidae_Saltella_sphondylii_3286087_3730462623,http://creativecommons.org/licenses/by-nc-nd/4.0/
850497,3730462623,Sepsidae_Saltella_sphondylii_3286088_3730462623,http://creativecommons.org/licenses/by-nc-nd/4.0/
850498,3730462623,Sepsidae_Saltella_sphondylii_3286089_3730462623,http://creativecommons.org/licenses/by-nc-nd/4.0/
850499,3730462623,Sepsidae_Saltella_sphondylii_3286090_3730462623,http://creativecommons.org/licenses/by-nc-nd/4.0/
850500,3730462623,Sepsidae_Saltella_sphondylii_3286091_3730462623,http://creativecommons.org/licenses/by-nc-nd/4.0/
850937,3825236252,Sepsidae_Nemopoda_nitidula_565402_3825236252,http://creativecommons.org/licenses/by-nc-nd/4.0/
851630,2842382091,Sepsidae_Sepsis_punctum_228201_2842382091,http://creativecommons.org/licenses/by-nc-nd/4.0/
851631,2842382091,Sepsidae_Sepsis_punctum_228202_2842382091,http://creativecommons.org/licenses/by-nc-nd/4.0/
851655,1968447245,Sepsidae_Sepsis_thoracica_2869507_1968447245,http://creativecommons.org/licenses/by-nc-nd/4.0/
851656,1968447245,Sepsidae_Sepsis_thoracica_2869508_1968447245,http://creativecommons.org/licenses/by-nc-nd/4.0/
851731,3732987401,Sepsidae_Nemopoda_nitidula_3299022_3732987401,http://creativecommons.org/licenses/by-nc/4.0/
852045,2843300304,Sepsidae_Nemopoda_nitidula_230362_2843300304,http://creativecommons.org/licenses/by-nc-nd/4.0/
852232,3721470284,Sepsidae_Saltella_sphondylii_1875048_3721470284,http://creativecommons.org/licenses/by-nc-nd/4.0/
852342,3822616154,Sepsidae_Nemopoda_nitidula_2627230_3822616154,http://creativecommons.org/licenses/by-nc-nd/4.0/
852343,3822616154,Sepsidae_Nemopoda_nitidula_2627231_3822616154,http://creativecommons.org/licenses/by-nc-nd/4.0/
852534,3826115443,Sepsidae_Sepsis_cynipsea_3326479_3826115443,http://creativecommons.org/licenses/by-nc-nd/4.0/
852535,3826115443,Sepsidae_Sepsis_cynipsea_3326480_3826115443,http://creativecommons.org/licenses/by-nc-nd/4.0/
853306,1970951341,Sepsidae_Sepsis_flavimana_1494909_1970951341,http://creativecommons.org/licenses/by-nc-nd/4.0/
853351,1974029288,Sepsidae_Nemopoda_nitidula_811178_1974029288,http://creativecommons.org/licenses/by-nc-nd/4.0/
853765,3823821508,Sepsidae_Nemopoda_nitidula_562529_3823821508,http://creativecommons.org/licenses/by-nc-nd/4.0/
853767,3823821508,Sepsidae_Nemopoda_nitidula_562531_3823821508,http://creativecommons.org/licenses/by-nc-nd/4.0/
853825,1973658014,Sepsidae_Sepsis_punctum_2187874_1973658014,http://creativecommons.org/licenses/by-nc-nd/4.0/
854483,3720488433,Sepsidae_Nemopoda_nitidula_1180202_3720488433,http://creativecommons.org/licenses/by-nc-nd/4.0/
854594,2845350997,Sepsidae_Nemopoda_nitidula_1613555_2845350997,http://creativecommons.org/licenses/by-nc-nd/4.0/
855337,3822578173,Sepsidae_Nemopoda_nitidula_1248414_3822578173,http://creativecommons.org/licenses/by-nc-nd/4.0/
855338,3822578173,Sepsidae_Nemopoda_nitidula_1248415_3822578173,http://creativecommons.org/licenses/by-nc-nd/4.0/
855339,3822578173,Sepsidae_Nemopoda_nitidula_1248416_3822578173,http://creativecommons.org/licenses/by-nc-nd/4.0/
855512,3717073384,Sepsidae_Themira_leachi_1859699_3717073384,http://creativecommons.org/licenses/by-nc/4.0/
855606,1965649985,Sepsidae_Saltella_sphondylii_2865760_1965649985,http://creativecommons.org/licenses/by-nc-nd/4.0/
856268,3826953234,Sepsidae_Nemopoda_nitidula_1948145_3826953234,http://creativecommons.org/licenses/by-nc-nd/4.0/
856725,1972738499,Sepsidae_Themira_annulipes_2186051_1972738499,http://creativecommons.org/licenses/by-nc-nd/4.0/
856952,2840649909,Sepsidae_Sepsis_orthocnemis_1603167_2840649909,http://creativecommons.org/licenses/by-nc-nd/4.0/
856953,2840649909,Sepsidae_Sepsis_orthocnemis_1603168_2840649909,http://creativecommons.org/licenses/by-nc-nd/4.0/
856954,2840649909,Sepsidae_Sepsis_orthocnemis_1603169_2840649909,http://creativecommons.org/licenses/by-nc-nd/4.0/
858039,3822572213,Sepsidae_Sepsis_punctum_559513_3822572213,http://creativecommons.org/licenses/by-nc-nd/4.0/
858528,2840860567,Sepsidae_Themira_superba_1603432_2840860567,http://creativecommons.org/licenses/by-nc-nd/4.0/
858730,3823648154,Sepsidae_Sepsis_punctum_3320219_3823648154,http://creativecommons.org/licenses/by-nc-nd/4.0/
858869,1965202706,Sepsidae_Themira_leachi_2174236_1965202706,http://creativecommons.org/licenses/by-nc-nd/4.0/
859442,3721868614,Sepsidae_Saltella_sphondylii_499821_3721868614,http://creativecommons.org/licenses/by-nc-nd/4.0/
859719,1975256888,Sepsidae_Sepsis_punctum_121595_1975256888,http://creativecommons.org/licenses/by-nc-nd/4.0/
860558,1958781925,Sepsidae_Nemopoda_nitidula_2166705_1958781925,http://creativecommons.org/licenses/by-nc-nd/4.0/
861254,1952527276,Sepsidae_Sepsis_punctum_2156575_1952527276,http://creativecommons.org/licenses/by-nc-nd/4.0/
861255,1952527276,Sepsidae_Sepsis_punctum_2156576_1952527276,http://creativecommons.org/licenses/by-nc-nd/4.0/
861410,1959192940,Sepsidae_Sepsis_punctum_1477758_1959192940,http://creativecommons.org/licenses/by-nc-nd/4.0/
862183,3825448530,Sepsidae_Sepsis_orthocnemis_3324721_3825448530,http://creativecommons.org/licenses/by-nc-nd/4.0/
862184,3825448530,Sepsidae_Sepsis_orthocnemis_3324722_3825448530,http://creativecommons.org/licenses/by-nc-nd/4.0/
862582,3719645163,Sepsidae_Nemopoda_nitidula_1178199_3719645163,http://creativecommons.org/licenses/by-nc-nd/4.0/
862786,3997250955,Sepsidae_Saltella_sphondylii_2050141_3997250955,http://creativecommons.org/licenses/by-nc-nd/4.0/
862787,3997250955,Sepsidae_Saltella_sphondylii_2050142_3997250955,http://creativecommons.org/licenses/by-nc-nd/4.0/
863291,1964898203,Sepsidae_Sepsis_thoracica_105103_1964898203,http://creativecommons.org/licenses/by-nc-nd/4.0/
863292,1964898203,Sepsidae_Sepsis_thoracica_105104_1964898203,http://creativecommons.org/licenses/by-nc-nd/4.0/
864223,3825305219,Sepsidae_Nemopoda_nitidula_565705_3825305219,http://creativecommons.org/licenses/by-nc-nd/4.0/
864371,1954030345,Sepsidae_Sepsis_fulgens_2159235_1954030345,http://creativecommons.org/licenses/by-nc-nd/4.0/
864372,1954030345,Sepsidae_Sepsis_fulgens_2159236_1954030345,http://creativecommons.org/licenses/by-nc-nd/4.0/
864549,3825257813,Sepsidae_Sepsis_punctum_1254546_3825257813,http://creativecommons.org/licenses/by-nc-sa/4.0/
864550,3825257813,Sepsidae_Sepsis_punctum_1254547_3825257813,http://creativecommons.org/licenses/by-nc-sa/4.0/
864567,2844599373,Sepsidae_Saltella_sphondylii_1611690_2844599373,http://creativecommons.org/licenses/by-nc-nd/4.0/
864930,3826187526,Sepsidae_Nemopoda_nitidula_568120_3826187526,http://creativecommons.org/licenses/by-nc-nd/4.0/
864931,3826187526,Sepsidae_Nemopoda_nitidula_568121_3826187526,http://creativecommons.org/licenses/by-nc-nd/4.0/
864971,3722212537,Sepsidae_Nemopoda_nitidula_2570102_3722212537,http://creativecommons.org/licenses/by-nc/4.0/
864973,3722212537,Sepsidae_Nemopoda_nitidula_2570104_3722212537,http://creativecommons.org/licenses/by-nc/4.0/
864975,3823705398,Sepsidae_Nemopoda_nitidula_2629831_3823705398,http://creativecommons.org/licenses/by-nc-nd/4.0/
865847,1976487490,Sepsidae_Sepsis_fulgens_2191648_1976487490,http://creativecommons.org/licenses/by-nc-nd/4.0/
866968,3906418845,Sepsidae_Nemopoda_nitidula_3387012_3906418845,http://creativecommons.org/licenses/by-nc-nd/4.0/
867107,3731772210,Sepsidae_Saltella_sphondylii_2602484_3731772210,http://creativecommons.org/licenses/by-nc-nd/4.0/
867240,1965822036,Sepsidae_Sepsis_punctum_2866131_1965822036,http://creativecommons.org/licenses/by-nc-nd/4.0/
867241,1965822036,Sepsidae_Sepsis_punctum_2866132_1965822036,http://creativecommons.org/licenses/by-nc-nd/4.0/
867425,1952330523,Sepsidae_Sepsis_punctum_87857_1952330523,http://creativecommons.org/licenses/by-nc-nd/4.0/
867426,1952330523,Sepsidae_Sepsis_punctum_87858_1952330523,http://creativecommons.org/licenses/by-nc-nd/4.0/
869180,1954967601,Sepsidae_Sepsis_punctum_1470959_1954967601,http://creativecommons.org/licenses/by-nc/4.0/
869181,1954967601,Sepsidae_Sepsis_punctum_1470960_1954967601,http://creativecommons.org/licenses/by-nc/4.0/
869182,1954967601,Sepsidae_Sepsis_punctum_1470961_1954967601,http://creativecommons.org/licenses/by-nc/4.0/
869601,3825317210,Sepsidae_Sepsis_punctum_3324141_3825317210,http://creativecommons.org/licenses/by-nc-nd/4.0/
869911,3822492002,Sepsidae_Nemopoda_nitidula_1937138_3822492002,http://creativecommons.org/licenses/by-nc-nd/4.0/
870579,3719097158,Sepsidae_Saltella_sphondylii_1177525_3719097158,http://creativecommons.org/licenses/by-nc/4.0/
871050,3720572888,Sepsidae_Themira_nigricornis_3249828_3720572888,http://creativecommons.org/licenses/by-nc-nd/4.0/
871051,3720572888,Sepsidae_Themira_nigricornis_3249829_3720572888,http://creativecommons.org/licenses/by-nc-nd/4.0/
871052,3720572888,Sepsidae_Themira_nigricornis_3249830_3720572888,http://creativecommons.org/licenses/by-nc-nd/4.0/
871053,3720572888,Sepsidae_Themira_nigricornis_3249831_3720572888,http://creativecommons.org/licenses/by-nc-nd/4.0/
871054,3720572888,Sepsidae_Themira_nigricornis_3249832_3720572888,http://creativecommons.org/licenses/by-nc-nd/4.0/
871481,3717665656,Sepsidae_Nemopoda_nitidula_1172896_3717665656,http://creativecommons.org/licenses/by-nc-nd/4.0/
871483,3717665656,Sepsidae_Nemopoda_nitidula_1172898_3717665656,http://creativecommons.org/licenses/by-nc-nd/4.0/
871516,1964897750,Sepsidae_Sepsis_cynipsea_795837_1964897750,http://creativecommons.org/licenses/by-nc-nd/4.0/
871517,1964897750,Sepsidae_Sepsis_cynipsea_795838_1964897750,http://creativecommons.org/licenses/by-nc-nd/4.0/
871774,3731376446,Sepsidae_Nemopoda_nitidula_3291272_3731376446,http://creativecommons.org/licenses/by-nc-nd/4.0/
871910,1973602730,Sepsidae_Themira_lucida_1498354_1973602730,http://creativecommons.org/licenses/by-nc-nd/4.0/
871911,1973602730,Sepsidae_Themira_lucida_1498355_1973602730,http://creativecommons.org/licenses/by-nc-nd/4.0/
871912,1973602730,Sepsidae_Themira_lucida_1498356_1973602730,http://creativecommons.org/licenses/by-nc-nd/4.0/
871913,1973602730,Sepsidae_Themira_lucida_1498357_1973602730,http://creativecommons.org/licenses/by-nc-nd/4.0/
871914,1973602730,Sepsidae_Themira_lucida_1498358_1973602730,http://creativecommons.org/licenses/by-nc-nd/4.0/
872078,3822600113,Sepsidae_Nemopoda_nitidula_1248513_3822600113,http://creativecommons.org/licenses/by-nc-nd/4.0/
872412,1959204015,Sepsidae_Sepsis_punctum_2856986_1959204015,http://creativecommons.org/licenses/by-nc-nd/4.0/
872473,1976795182,Sepsidae_Sepsis_punctum_2192311_1976795182,http://creativecommons.org/licenses/by-nc-nd/4.0/
872560,2843302864,Sepsidae_Themira_annulipes_2298287_2843302864,http://creativecommons.org/licenses/by-nc-nd/4.0/
872561,2843302864,Sepsidae_Themira_annulipes_2298288_2843302864,http://creativecommons.org/licenses/by-nc-nd/4.0/
872562,2843302864,Sepsidae_Themira_annulipes_2298289_2843302864,http://creativecommons.org/licenses/by-nc-nd/4.0/
872563,2843302864,Sepsidae_Themira_annulipes_2298290_2843302864,http://creativecommons.org/licenses/by-nc-nd/4.0/
872738,1954961114,Sepsidae_Sepsis_punctum_91679_1954961114,http://creativecommons.org/licenses/by-nc-nd/4.0/
872912,3826578399,Sepsidae_Sepsis_punctum_1947185_3826578399,http://creativecommons.org/licenses/by-nc-nd/4.0/
873539,1966015544,Sepsidae_Sepsis_punctum_2176212_1966015544,http://creativecommons.org/licenses/by-nc/4.0/
873778,3717102942,Sepsidae_Sepsis_punctum_480711_3717102942,http://creativecommons.org/licenses/by-nc-nd/4.0/
874145,1975756149,Sepsidae_Sepsis_cynipsea_121922_1975756149,http://creativecommons.org/licenses/by-nc-nd/4.0/
874146,1975756149,Sepsidae_Sepsis_cynipsea_121923_1975756149,http://creativecommons.org/licenses/by-nc-nd/4.0/
874247,3825361978,Sepsidae_Sepsis_punctum_3324310_3825361978,http://creativecommons.org/licenses/by-nc-nd/4.0/
874388,3995036479,Sepsidae_Saltella_sphondylii_1353138_3995036479,http://creativecommons.org/licenses/by-nc-nd/4.0/
874389,3995036479,Sepsidae_Saltella_sphondylii_1353139_3995036479,http://creativecommons.org/licenses/by-nc-nd/4.0/
874390,3995036479,Sepsidae_Saltella_sphondylii_1353140_3995036479,http://creativecommons.org/licenses/by-nc-nd/4.0/
874400,1967363195,Sepsidae_Sepsis_punctum_1489699_1967363195,http://creativecommons.org/licenses/by-nc-nd/4.0/
875244,3718092958,Sepsidae_Sepsis_fulgens_1174898_3718092958,http://creativecommons.org/licenses/by-nc-nd/4.0/
875245,3718092958,Sepsidae_Sepsis_fulgens_1174899_3718092958,http://creativecommons.org/licenses/by-nc-nd/4.0/
875246,3718092958,Sepsidae_Sepsis_fulgens_1174900_3718092958,http://creativecommons.org/licenses/by-nc-nd/4.0/
875247,3718092958,Sepsidae_Sepsis_fulgens_1174901_3718092958,http://creativecommons.org/licenses/by-nc-nd/4.0/
875248,3718092958,Sepsidae_Sepsis_fulgens_1174902_3718092958,http://creativecommons.org/licenses/by-nc-nd/4.0/
875249,3718092958,Sepsidae_Sepsis_fulgens_1174903_3718092958,http://creativecommons.org/licenses/by-nc-nd/4.0/
875250,3718092958,Sepsidae_Sepsis_fulgens_1174904_3718092958,http://creativecommons.org/licenses/by-nc-nd/4.0/
875612,3723447373,Sepsidae_Nemopoda_nitidula_3265975_3723447373,http://creativecommons.org/licenses/by-nc-nd/4.0/
875654,3826511479,Sepsidae_Sepsis_punctum_2636504_3826511479,http://creativecommons.org/licenses/by-nc-nd/4.0/
876084,2842465451,Sepsidae_Themira_putris_1607537_2842465451,http://creativecommons.org/licenses/by-nc-nd/4.0/
876085,2842465451,Sepsidae_Themira_putris_1607538_2842465451,http://creativecommons.org/licenses/by-nc-nd/4.0/
876086,2842465451,Sepsidae_Themira_putris_1607539_2842465451,http://creativecommons.org/licenses/by-nc-nd/4.0/
876087,2842465451,Sepsidae_Themira_putris_1607540_2842465451,http://creativecommons.org/licenses/by-nc-nd/4.0/
876346,1966800213,Sepsidae_Nemopoda_nitidula_2178127_1966800213,http://creativecommons.org/licenses/by-nc/4.0/
876750,3721194505,Sepsidae_Saltella_sphondylii_1183765_3721194505,http://creativecommons.org/licenses/by-nc-nd/4.0/
876846,2834869300,Sepsidae_Sepsis_punctum_216043_2834869300,http://creativecommons.org/licenses/by-nc/4.0/
876847,2834869300,Sepsidae_Sepsis_punctum_216044_2834869300,http://creativecommons.org/licenses/by-nc/4.0/
876848,2834869300,Sepsidae_Sepsis_punctum_216045_2834869300,http://creativecommons.org/licenses/by-nc/4.0/
876849,2834869300,Sepsidae_Sepsis_punctum_216046_2834869300,http://creativecommons.org/licenses/by-nc/4.0/
876850,2834869300,Sepsidae_Sepsis_punctum_216047_2834869300,http://creativecommons.org/licenses/by-nc/4.0/
876891,3720085538,Sepsidae_Sepsis_punctum_489891_3720085538,http://creativecommons.org/licenses/by-nc-nd/4.0/
876892,3720085538,Sepsidae_Sepsis_punctum_489892_3720085538,http://creativecommons.org/licenses/by-nc-nd/4.0/
876893,3720085538,Sepsidae_Sepsis_punctum_489893_3720085538,http://creativecommons.org/licenses/by-nc-nd/4.0/
876894,3720085538,Sepsidae_Sepsis_punctum_489894_3720085538,http://creativecommons.org/licenses/by-nc-nd/4.0/
876895,3720085538,Sepsidae_Sepsis_punctum_489895_3720085538,http://creativecommons.org/licenses/by-nc-nd/4.0/
877326,1965010596,Sepsidae_Sepsis_thoracica_1484566_1965010596,http://creativecommons.org/licenses/by-nc-nd/4.0/
878388,2837549404,Sepsidae_Sepsis_cynipsea_1599001_2837549404,http://creativecommons.org/licenses/by-nc-nd/4.0/
878389,2837549404,Sepsidae_Sepsis_cynipsea_1599002_2837549404,http://creativecommons.org/licenses/by-nc-nd/4.0/
878573,1975793565,Sepsidae_Sepsis_fulgens_2190343_1975793565,http://creativecommons.org/licenses/by-nc-nd/4.0/
878626,3726549833,Sepsidae_Sepsis_thoracica_2581862_3726549833,http://creativecommons.org/licenses/by-nc-nd/4.0/
878627,3726549833,Sepsidae_Sepsis_thoracica_2581863_3726549833,http://creativecommons.org/licenses/by-nc-nd/4.0/
878964,3825350417,Sepsidae_Nemopoda_nitidula_565901_3825350417,http://creativecommons.org/licenses/by/4.0/
879712,3825423000,Sepsidae_Sepsis_punctum_3324595_3825423000,http://creativecommons.org/licenses/by-nc-nd/4.0/
879713,3825423000,Sepsidae_Sepsis_punctum_3324596_3825423000,http://creativecommons.org/licenses/by-nc-nd/4.0/
879714,3825423000,Sepsidae_Sepsis_punctum_3324597_3825423000,http://creativecommons.org/licenses/by-nc-nd/4.0/
879715,3825423000,Sepsidae_Sepsis_punctum_3324598_3825423000,http://creativecommons.org/licenses/by-nc-nd/4.0/
879716,3825423000,Sepsidae_Sepsis_punctum_3324599_3825423000,http://creativecommons.org/licenses/by-nc-nd/4.0/
879919,1965506421,Sepsidae_Sepsis_fulgens_2865428_1965506421,http://creativecommons.org/licenses/by-nc-nd/4.0/
880077,3824434588,Sepsidae_Nemopoda_nitidula_3322263_3824434588,http://creativecommons.org/licenses/by-nc-nd/4.0/
880294,3721432439,Sepsidae_Saltella_sphondylii_1874768_3721432439,http://creativecommons.org/licenses/by-nc-nd/4.0/
880295,3721432439,Sepsidae_Saltella_sphondylii_1874769_3721432439,http://creativecommons.org/licenses/by-nc-nd/4.0/
880722,1972934132,Sepsidae_Themira_leachi_118162_1972934132,http://creativecommons.org/licenses/by-nc-nd/4.0/
880723,1972934132,Sepsidae_Themira_leachi_118163_1972934132,http://creativecommons.org/licenses/by-nc-nd/4.0/
881165,3721666580,Sepsidae_Saltella_sphondylii_2566072_3721666580,http://creativecommons.org/licenses/by-nc-nd/4.0/
881209,3732256134,Sepsidae_Nemopoda_nitidula_1226498_3732256134,http://creativecommons.org/licenses/by-nc-nd/4.0/
881341,3822470164,Sepsidae_Nemopoda_nitidula_1937043_3822470164,http://creativecommons.org/licenses/by-nc-nd/4.0/
881450,3721935955,Sepsidae_Sepsis_punctum_2568019_3721935955,http://creativecommons.org/licenses/by-nc-nd/4.0/
881623,3823897658,Sepsidae_Nemopoda_nitidula_3320774_3823897658,http://creativecommons.org/licenses/by-nc-nd/4.0/
881858,1975928104,Sepsidae_Themira_leachi_1501360_1975928104,http://creativecommons.org/licenses/by-nc-nd/4.0/
882035,1972843615,Sepsidae_Nemopoda_nitidula_117928_1972843615,http://creativecommons.org/licenses/by-nc/4.0/
882161,3822462244,Sepsidae_Sepsis_punctum_1937012_3822462244,http://creativecommons.org/licenses/by-nc-nd/4.0/
882168,1956978508,Sepsidae_Nemopoda_nitidula_2853213_1956978508,http://creativecommons.org/licenses/by-nc-nd/4.0/
882188,3730095851,Sepsidae_Nemopoda_nitidula_3284198_3730095851,http://creativecommons.org/licenses/by-nc/4.0/
882564,3822830354,Sepsidae_Nemopoda_nitidula_2627802_3822830354,http://creativecommons.org/licenses/by-nc-sa/4.0/
883589,1965003405,Sepsidae_Sepsis_thoracica_2173720_1965003405,http://creativecommons.org/licenses/by-nc-nd/4.0/
883590,1965003405,Sepsidae_Sepsis_thoracica_2173721_1965003405,http://creativecommons.org/licenses/by-nc-nd/4.0/
883950,3732653293,Sepsidae_Sepsis_punctum_2606802_3732653293,http://creativecommons.org/licenses/by-nc-nd/4.0/
883951,3732653293,Sepsidae_Sepsis_punctum_2606803_3732653293,http://creativecommons.org/licenses/by-nc-nd/4.0/
883952,3732653293,Sepsidae_Sepsis_punctum_2606804_3732653293,http://creativecommons.org/licenses/by-nc-nd/4.0/
883953,3732653293,Sepsidae_Sepsis_punctum_2606805_3732653293,http://creativecommons.org/licenses/by-nc-nd/4.0/
883954,3732653293,Sepsidae_Sepsis_punctum_2606806_3732653293,http://creativecommons.org/licenses/by-nc-nd/4.0/
883955,3732653293,Sepsidae_Sepsis_punctum_2606807_3732653293,http://creativecommons.org/licenses/by-nc-nd/4.0/
884565,3824021461,Sepsidae_Nemopoda_nitidula_1251825_3824021461,http://creativecommons.org/licenses/by-nc-nd/4.0/
885194,3724844919,Sepsidae_Sepsis_punctum_1887170_3724844919,http://creativecommons.org/licenses/by-nc-nd/4.0/
885708,3718516404,Sepsidae_Sepsis_fulgens_2555359_3718516404,http://creativecommons.org/licenses/by/4.0/
886140,3824505241,Sepsidae_Nemopoda_nitidula_3322548_3824505241,http://creativecommons.org/licenses/by-nc-nd/4.0/
886141,3824505241,Sepsidae_Nemopoda_nitidula_3322549_3824505241,http://creativecommons.org/licenses/by-nc-nd/4.0/
886461,3825303955,Sepsidae_Nemopoda_nitidula_565696_3825303955,http://creativecommons.org/licenses/by-nc-nd/4.0/
886775,2833508639,Sepsidae_Sepsis_violacea_2970707_2833508639,http://creativecommons.org/licenses/by-nc-nd/4.0/
886776,2833508639,Sepsidae_Sepsis_violacea_2970708_2833508639,http://creativecommons.org/licenses/by-nc-nd/4.0/
886777,2833508639,Sepsidae_Sepsis_violacea_2970709_2833508639,http://creativecommons.org/licenses/by-nc-nd/4.0/
886778,2833508639,Sepsidae_Sepsis_violacea_2970710_2833508639,http://creativecommons.org/licenses/by-nc-nd/4.0/
886779,2833508639,Sepsidae_Sepsis_violacea_2970711_2833508639,http://creativecommons.org/licenses/by-nc-nd/4.0/
886966,1843990940,Sepsidae_Sepsis_fulgens_763788_1843990940,© All rights reserved
886967,1843990940,Sepsidae_Sepsis_fulgens_763789_1843990940,© All rights reserved
887011,2816574462,Sepsidae_Themira_pubera_2964751_2816574462,© All rights reserved
887012,2816574462,Sepsidae_Themira_pubera_2964752_2816574462,© All rights reserved
888061,3825327234,Sepsidae_Nemopoda_nitidula_1254864_3825327234,http://creativecommons.org/licenses/by-nc-nd/4.0/
888163,3717833427,Sepsidae_Nemopoda_nitidula_3243000_3717833427,http://creativecommons.org/licenses/by-nc-nd/4.0/
888523,3822525218,Sepsidae_Nemopoda_nitidula_2626862_3822525218,http://creativecommons.org/licenses/by-nc-nd/4.0/
888725,1967311615,Sepsidae_Sepsis_orthocnemis_1489686_1967311615,http://creativecommons.org/licenses/by-nc-nd/4.0/
888726,1967311615,Sepsidae_Sepsis_orthocnemis_1489687_1967311615,http://creativecommons.org/licenses/by-nc-nd/4.0/
888938,3825576167,Sepsidae_Themira_leachi_1944875_3825576167,http://creativecommons.org/licenses/by-nc-nd/4.0/
888939,3825576167,Sepsidae_Themira_leachi_1944876_3825576167,http://creativecommons.org/licenses/by-nc-nd/4.0/
888940,3825576167,Sepsidae_Themira_leachi_1944877_3825576167,http://creativecommons.org/licenses/by-nc-nd/4.0/
889092,2842245374,Sepsidae_Themira_lucida_1606813_2842245374,http://creativecommons.org/licenses/by-nc-nd/4.0/
889093,2842245374,Sepsidae_Themira_lucida_1606814_2842245374,http://creativecommons.org/licenses/by-nc-nd/4.0/
889146,1965046540,Sepsidae_Sepsis_cynipsea_105394_1965046540,http://creativecommons.org/licenses/by-nc-nd/4.0/
889147,1965046540,Sepsidae_Sepsis_cynipsea_105395_1965046540,http://creativecommons.org/licenses/by-nc-nd/4.0/
889148,1965046540,Sepsidae_Sepsis_cynipsea_105396_1965046540,http://creativecommons.org/licenses/by-nc-nd/4.0/
889819,3825298121,Sepsidae_Nemopoda_nitidula_2633284_3825298121,http://creativecommons.org/licenses/by-nc-nd/4.0/
889996,3730490186,Sepsidae_Nemopoda_nitidula_3286231_3730490186,http://creativecommons.org/licenses/by-nc-nd/4.0/
890834,3825457758,Sepsidae_Sepsis_punctum_1255457_3825457758,http://creativecommons.org/licenses/by-nc-nd/4.0/
891300,3826110550,Sepsidae_Nemopoda_nitidula_2635592_3826110550,http://creativecommons.org/licenses/by-nc-nd/4.0/
891602,1966302032,Sepsidae_Nemopoda_nitidula_2867201_1966302032,http://creativecommons.org/licenses/by-nc/4.0/
891820,3718138419,Sepsidae_Sepsis_punctum_3244373_3718138419,http://creativecommons.org/licenses/by-nc-nd/4.0/
892162,3825233973,Sepsidae_Sepsis_cynipsea_1943651_3825233973,http://creativecommons.org/licenses/by-nc-nd/4.0/
892163,3825233973,Sepsidae_Sepsis_cynipsea_1943652_3825233973,http://creativecommons.org/licenses/by-nc-nd/4.0/
892394,3822488189,Sepsidae_Nemopoda_nitidula_2626716_3822488189,http://creativecommons.org/licenses/by-nc-nd/4.0/
892687,3729641326,Sepsidae_Nemopoda_nitidula_2591733_3729641326,http://creativecommons.org/licenses/by-nc-nd/4.0/
892805,3825704178,Sepsidae_Saltella_sphondylii_1945103_3825704178,http://creativecommons.org/licenses/by-nc-nd/4.0/
892806,3825704178,Sepsidae_Saltella_sphondylii_1945104_3825704178,http://creativecommons.org/licenses/by-nc-nd/4.0/
892962,3826910012,Sepsidae_Sepsis_fulgens_3328296_3826910012,http://creativecommons.org/licenses/by-nc-nd/4.0/
893150,3822442243,Sepsidae_Nemopoda_nitidula_3316901_3822442243,http://creativecommons.org/licenses/by-nc-nd/4.0/
893476,2840692456,Sepsidae_Saltella_sphondylii_1603211_2840692456,http://creativecommons.org/licenses/by-nc-nd/4.0/
893517,3731578918,Sepsidae_Nemopoda_nitidula_1912363_3731578918,http://creativecommons.org/licenses/by-nc-nd/4.0/
893569,1958618759,Sepsidae_Sepsis_punctum_1477157_1958618759,http://creativecommons.org/licenses/by-nc-nd/4.0/
893570,1958618759,Sepsidae_Sepsis_punctum_1477158_1958618759,http://creativecommons.org/licenses/by-nc-nd/4.0/
893779,3731081072,Sepsidae_Nemopoda_nitidula_1909582_3731081072,http://creativecommons.org/licenses/by-nc-nd/4.0/
894245,3718205091,Sepsidae_Sepsis_punctum_486126_3718205091,http://creativecommons.org/licenses/by-nc-nd/4.0/
894270,1975266396,Sepsidae_Nemopoda_nitidula_121598_1975266396,http://creativecommons.org/licenses/by/4.0/
894957,3731589682,Sepsidae_Nemopoda_nitidula_1912428_3731589682,http://creativecommons.org/licenses/by-nc-nd/4.0/
896467,2843387791,Sepsidae_Nemopoda_nitidula_230555_2843387791,http://creativecommons.org/licenses/by-nc-nd/4.0/
896649,3731277856,Sepsidae_Saltella_sphondylii_3290699_3731277856,http://creativecommons.org/licenses/by-nc-nd/4.0/
897028,3825866466,Sepsidae_Nemopoda_nitidula_1256410_3825866466,http://creativecommons.org/licenses/by-nc-nd/4.0/
897029,3825866466,Sepsidae_Nemopoda_nitidula_1256411_3825866466,http://creativecommons.org/licenses/by-nc-nd/4.0/
897083,3822684325,Sepsidae_Sepsis_thoracica_2627524_3822684325,http://creativecommons.org/licenses/by-nc-nd/4.0/
897975,3823538401,Sepsidae_Sepsis_punctum_1939906_3823538401,http://creativecommons.org/licenses/by-nc-nd/4.0/
898276,3824440462,Sepsidae_Nemopoda_nitidula_1942197_3824440462,http://creativecommons.org/licenses/by-nc-nd/4.0/
898278,3824440462,Sepsidae_Nemopoda_nitidula_1942199_3824440462,http://creativecommons.org/licenses/by-nc-nd/4.0/
898279,3824440462,Sepsidae_Nemopoda_nitidula_1942200_3824440462,http://creativecommons.org/licenses/by-nc-nd/4.0/
899512,3728009335,Sepsidae_Sepsis_punctum_519515_3728009335,http://creativecommons.org/licenses/by-nc-nd/4.0/
899942,3825335713,Sepsidae_Nemopoda_nitidula_1944102_3825335713,http://creativecommons.org/licenses/by-nc-nd/4.0/
900364,3822621060,Sepsidae_Nemopoda_nitidula_559694_3822621060,http://creativecommons.org/licenses/by-nc-nd/4.0/
900376,3825294705,Sepsidae_Nemopoda_nitidula_1943911_3825294705,http://creativecommons.org/licenses/by-nc-nd/4.0/
901044,3825278701,Sepsidae_Sepsis_thoracica_565606_3825278701,http://creativecommons.org/licenses/by-nc-nd/4.0/
901045,3825278701,Sepsidae_Sepsis_thoracica_565607_3825278701,http://creativecommons.org/licenses/by-nc-nd/4.0/
901046,3825278701,Sepsidae_Sepsis_thoracica_565608_3825278701,http://creativecommons.org/licenses/by-nc-nd/4.0/
901184,3822569104,Sepsidae_Sepsis_punctum_559493_3822569104,http://creativecommons.org/licenses/by-nc-nd/4.0/
901185,3822569104,Sepsidae_Sepsis_punctum_559494_3822569104,http://creativecommons.org/licenses/by-nc-nd/4.0/
902375,1965323481,Sepsidae_Sepsis_fulgens_1485598_1965323481,http://creativecommons.org/licenses/by-nc-nd/4.0/
902376,1965323481,Sepsidae_Sepsis_fulgens_1485599_1965323481,http://creativecommons.org/licenses/by-nc-nd/4.0/
902377,1965323481,Sepsidae_Sepsis_fulgens_1485600_1965323481,http://creativecommons.org/licenses/by-nc-nd/4.0/
902378,1965323481,Sepsidae_Sepsis_fulgens_1485601_1965323481,http://creativecommons.org/licenses/by-nc-nd/4.0/
902777,3995265489,Sepsidae_Saltella_sphondylii_1354104_3995265489,http://creativecommons.org/licenses/by-nc-nd/4.0/
903036,3722707150,Sepsidae_Nemopoda_nitidula_505343_3722707150,http://creativecommons.org/licenses/by-nc-nd/4.0/
903226,2836605228,Sepsidae_Sepsis_cynipsea_908056_2836605228,http://creativecommons.org/licenses/by-nc-nd/4.0/
903227,2836605228,Sepsidae_Sepsis_cynipsea_908057_2836605228,http://creativecommons.org/licenses/by-nc-nd/4.0/
903228,2836605228,Sepsidae_Sepsis_cynipsea_908058_2836605228,http://creativecommons.org/licenses/by-nc-nd/4.0/
903267,1973021729,Sepsidae_Themira_biloba_118444_1973021729,http://creativecommons.org/licenses/by-nc-nd/4.0/
903268,1973021729,Sepsidae_Themira_biloba_118445_1973021729,http://creativecommons.org/licenses/by-nc-nd/4.0/
903269,1973021729,Sepsidae_Themira_biloba_118446_1973021729,http://creativecommons.org/licenses/by-nc-nd/4.0/
903270,1973021729,Sepsidae_Themira_biloba_118447_1973021729,http://creativecommons.org/licenses/by-nc-nd/4.0/
903271,1973021729,Sepsidae_Themira_biloba_118448_1973021729,http://creativecommons.org/licenses/by-nc-nd/4.0/
903272,1973021729,Sepsidae_Themira_biloba_118449_1973021729,http://creativecommons.org/licenses/by-nc-nd/4.0/
903273,1973021729,Sepsidae_Themira_biloba_118450_1973021729,http://creativecommons.org/licenses/by-nc-nd/4.0/
903389,3825256225,Sepsidae_Themira_lucida_1943751_3825256225,http://creativecommons.org/licenses/by-nc-nd/4.0/
903629,3732726695,Sepsidae_Sepsis_cynipsea_539991_3732726695,http://creativecommons.org/licenses/by-nc-nd/4.0/
904706,1968712164,Sepsidae_Sepsis_punctum_2869840_1968712164,http://creativecommons.org/licenses/by-nc-nd/4.0/
904707,1968712164,Sepsidae_Sepsis_punctum_2869841_1968712164,http://creativecommons.org/licenses/by-nc-nd/4.0/
904708,1968712164,Sepsidae_Sepsis_punctum_2869842_1968712164,http://creativecommons.org/licenses/by-nc-nd/4.0/
905261,1955583490,Sepsidae_Sepsis_flavimana_93378_1955583490,http://creativecommons.org/licenses/by-nc-nd/4.0/
905262,1955583490,Sepsidae_Sepsis_flavimana_93379_1955583490,http://creativecommons.org/licenses/by-nc-nd/4.0/
905263,1955583490,Sepsidae_Sepsis_flavimana_93380_1955583490,http://creativecommons.org/licenses/by-nc-nd/4.0/
905719,3727535339,Sepsidae_Nemopoda_nitidula_1896443_3727535339,http://creativecommons.org/licenses/by-nc-nd/4.0/
905728,2833727525,Sepsidae_Sepsis_thoracica_902826_2833727525,http://creativecommons.org/licenses/by-nc-nd/4.0/
905729,2833727525,Sepsidae_Sepsis_thoracica_902827_2833727525,http://creativecommons.org/licenses/by-nc-nd/4.0/
905730,2833727525,Sepsidae_Sepsis_thoracica_902828_2833727525,http://creativecommons.org/licenses/by-nc-nd/4.0/
905827,1965218443,Sepsidae_Saltella_sphondylii_2174416_1965218443,http://creativecommons.org/licenses/by-nc-nd/4.0/
905959,3731806199,Sepsidae_Nemopoda_nitidula_1913582_3731806199,http://creativecommons.org/licenses/by-nc-nd/4.0/
906025,1966808678,Sepsidae_Themira_lucida_800549_1966808678,http://creativecommons.org/licenses/by-nc-nd/4.0/
906026,1966808678,Sepsidae_Themira_lucida_800550_1966808678,http://creativecommons.org/licenses/by-nc-nd/4.0/
906089,3732872510,Sepsidae_Nemopoda_nitidula_2607826_3732872510,http://creativecommons.org/licenses/by-nc-nd/4.0/
906134,3728070074,Sepsidae_Sepsis_punctum_2587441_3728070074,http://creativecommons.org/licenses/by-nc-nd/4.0/
906220,3825271025,Sepsidae_Nemopoda_nitidula_1943816_3825271025,http://creativecommons.org/licenses/by-nc-nd/4.0/
906492,3822509078,Sepsidae_Nemopoda_nitidula_3317207_3822509078,http://creativecommons.org/licenses/by-nc-nd/4.0/
906944,2834288764,Sepsidae_Sepsis_orthocnemis_2973126_2834288764,http://creativecommons.org/licenses/by-nc-nd/4.0/
906945,2834288764,Sepsidae_Sepsis_orthocnemis_2973127_2834288764,http://creativecommons.org/licenses/by-nc-nd/4.0/
907337,3728304746,Sepsidae_Sepsis_thoracica_3278698_3728304746,http://creativecommons.org/licenses/by-nc/4.0/
907681,3822629098,Sepsidae_Nemopoda_nitidula_3317721_3822629098,http://creativecommons.org/licenses/by-nc-nd/4.0/
907683,3822629098,Sepsidae_Nemopoda_nitidula_3317723_3822629098,http://creativecommons.org/licenses/by-nc-nd/4.0/
908081,3728198888,Sepsidae_Sepsis_orthocnemis_1898481_3728198888,http://creativecommons.org/licenses/by-nc-nd/4.0/
908082,3728198888,Sepsidae_Sepsis_orthocnemis_1898482_3728198888,http://creativecommons.org/licenses/by-nc-nd/4.0/
908165,3730529416,Sepsidae_Saltella_sphondylii_2595668_3730529416,http://creativecommons.org/licenses/by-nc-nd/4.0/
908650,3825270212,Sepsidae_Sepsis_cynipsea_3323906_3825270212,http://creativecommons.org/licenses/by-nc-nd/4.0/
908651,3825270212,Sepsidae_Sepsis_cynipsea_3323907_3825270212,http://creativecommons.org/licenses/by-nc-nd/4.0/
908652,3825270212,Sepsidae_Sepsis_cynipsea_3323908_3825270212,http://creativecommons.org/licenses/by-nc-nd/4.0/
908653,3825270212,Sepsidae_Sepsis_cynipsea_3323909_3825270212,http://creativecommons.org/licenses/by-nc-nd/4.0/
908654,3825270212,Sepsidae_Sepsis_cynipsea_3323910_3825270212,http://creativecommons.org/licenses/by-nc-nd/4.0/
908664,2845169879,Sepsidae_Sepsis_punctum_2992923_2845169879,http://creativecommons.org/licenses/by-nc/4.0/
908665,2845169879,Sepsidae_Sepsis_punctum_2992924_2845169879,http://creativecommons.org/licenses/by-nc/4.0/
908889,3822673225,Sepsidae_Sepsis_fulgens_559909_3822673225,http://creativecommons.org/licenses/by-nc-nd/4.0/
908940,1957231125,Sepsidae_Nemopoda_nitidula_1474485_1957231125,http://creativecommons.org/licenses/by-nc-nd/4.0/
909038,3822428288,Sepsidae_Nemopoda_nitidula_1936840_3822428288,http://creativecommons.org/licenses/by-nc-nd/4.0/
909697,1968592307,Sepsidae_Themira_superba_2869671_1968592307,http://creativecommons.org/licenses/by-nc-nd/4.0/
909744,3716383562,Sepsidae_Themira_lucida_1166576_3716383562,http://creativecommons.org/licenses/by-nc-nd/4.0/
909745,3716383562,Sepsidae_Themira_lucida_1166577_3716383562,http://creativecommons.org/licenses/by-nc-nd/4.0/
909746,3716383562,Sepsidae_Themira_lucida_1166578_3716383562,http://creativecommons.org/licenses/by-nc-nd/4.0/
910040,1972269855,Sepsidae_Sepsis_flavimana_2185236_1972269855,http://creativecommons.org/licenses/by-nc-nd/4.0/
910041,1972269855,Sepsidae_Sepsis_flavimana_2185237_1972269855,http://creativecommons.org/licenses/by-nc-nd/4.0/
910042,1972269855,Sepsidae_Sepsis_flavimana_2185238_1972269855,http://creativecommons.org/licenses/by-nc-nd/4.0/
911494,3822662169,Sepsidae_Sepsis_punctum_559856_3822662169,http://creativecommons.org/licenses/by/4.0/
911713,1971689077,Sepsidae_Sepsis_fulgens_2874949_1971689077,http://creativecommons.org/licenses/by-nc-nd/4.0/
911714,1971689077,Sepsidae_Sepsis_fulgens_2874950_1971689077,http://creativecommons.org/licenses/by-nc-nd/4.0/
912760,1966158574,Sepsidae_Nemopoda_nitidula_2866818_1966158574,http://creativecommons.org/licenses/by-nc/4.0/
912901,2833402442,Sepsidae_Sepsis_violacea_2970522_2833402442,http://creativecommons.org/licenses/by-nc-nd/4.0/
912902,2833402442,Sepsidae_Sepsis_violacea_2970523_2833402442,http://creativecommons.org/licenses/by-nc-nd/4.0/
912903,2833402442,Sepsidae_Sepsis_violacea_2970524_2833402442,http://creativecommons.org/licenses/by-nc-nd/4.0/
913217,2408627821,Sepsidae_Themira_pubera_1532965_2408627821,© All rights reserved
913218,2408627821,Sepsidae_Themira_pubera_1532966_2408627821,© All rights reserved
913219,2408627821,Sepsidae_Themira_pubera_1532967_2408627821,© All rights reserved
913967,3716287703,Sepsidae_Nemopoda_nitidula_1166199_3716287703,http://creativecommons.org/licenses/by-nc-nd/4.0/
914429,1953835995,Sepsidae_Sepsis_fulgens_781281_1953835995,http://creativecommons.org/licenses/by-nc-nd/4.0/
914430,1953835995,Sepsidae_Sepsis_fulgens_781282_1953835995,http://creativecommons.org/licenses/by-nc-nd/4.0/
915014,3718079072,Sepsidae_Saltella_sphondylii_2553839_3718079072,http://creativecommons.org/licenses/by-nc-nd/4.0/
915015,3718079072,Sepsidae_Saltella_sphondylii_2553840_3718079072,http://creativecommons.org/licenses/by-nc-nd/4.0/
915016,3718079072,Sepsidae_Saltella_sphondylii_2553841_3718079072,http://creativecommons.org/licenses/by-nc-nd/4.0/
915017,3718079072,Sepsidae_Saltella_sphondylii_2553842_3718079072,http://creativecommons.org/licenses/by-nc-nd/4.0/
915018,3718079072,Sepsidae_Saltella_sphondylii_2553843_3718079072,http://creativecommons.org/licenses/by-nc-nd/4.0/
915040,1969280195,Sepsidae_Sepsis_punctum_2870892_1969280195,http://creativecommons.org/licenses/by-nc-nd/4.0/
915706,3717769805,Sepsidae_Nemopoda_nitidula_1863089_3717769805,http://creativecommons.org/licenses/by-nc-nd/4.0/
915857,3826255999,Sepsidae_Themira_minor_568303_3826255999,http://creativecommons.org/licenses/by-nc-nd/4.0/
915858,3826255999,Sepsidae_Themira_minor_568304_3826255999,http://creativecommons.org/licenses/by-nc-nd/4.0/
916104,3825315059,Sepsidae_Nemopoda_nitidula_2633342_3825315059,http://creativecommons.org/licenses/by-nc-nd/4.0/
916106,3825315059,Sepsidae_Nemopoda_nitidula_2633344_3825315059,http://creativecommons.org/licenses/by-nc-nd/4.0/
916311,1976473410,Sepsidae_Themira_superba_123207_1976473410,http://creativecommons.org/licenses/by-nc-nd/4.0/
916312,1976473410,Sepsidae_Themira_superba_123208_1976473410,http://creativecommons.org/licenses/by-nc-nd/4.0/
916313,1976473410,Sepsidae_Themira_superba_123209_1976473410,http://creativecommons.org/licenses/by-nc-nd/4.0/
916890,2837328574,Sepsidae_Saltella_sphondylii_219462_2837328574,http://creativecommons.org/licenses/by-nc-nd/4.0/
916891,2837328574,Sepsidae_Saltella_sphondylii_219463_2837328574,http://creativecommons.org/licenses/by-nc-nd/4.0/
917622,3726416012,Sepsidae_Sepsis_punctum_513329_3726416012,http://creativecommons.org/licenses/by-nc/4.0/
917623,3726416012,Sepsidae_Sepsis_punctum_513330_3726416012,http://creativecommons.org/licenses/by-nc/4.0/
917624,3726416012,Sepsidae_Sepsis_punctum_513331_3726416012,http://creativecommons.org/licenses/by-nc/4.0/
918066,1972060348,Sepsidae_Themira_lucida_2875190_1972060348,http://creativecommons.org/licenses/by-nc-nd/4.0/
918067,1972060348,Sepsidae_Themira_lucida_2875191_1972060348,http://creativecommons.org/licenses/by-nc-nd/4.0/
918116,3728378192,Sepsidae_Sepsis_thoracica_520624_3728378192,http://creativecommons.org/licenses/by-nc-nd/4.0/
918539,3723066055,Sepsidae_Nemopoda_nitidula_2574695_3723066055,http://creativecommons.org/licenses/by-nc-nd/4.0/
919120,1966104599,Sepsidae_Sepsis_punctum_1487333_1966104599,http://creativecommons.org/licenses/by-nc-nd/4.0/
919121,1966104599,Sepsidae_Sepsis_punctum_1487334_1966104599,http://creativecommons.org/licenses/by-nc-nd/4.0/
919122,1966104599,Sepsidae_Sepsis_punctum_1487335_1966104599,http://creativecommons.org/licenses/by-nc-nd/4.0/
919123,1966104599,Sepsidae_Sepsis_punctum_1487336_1966104599,http://creativecommons.org/licenses/by-nc-nd/4.0/
919435,3720531115,Sepsidae_Nemopoda_nitidula_1869878_3720531115,http://creativecommons.org/licenses/by-nc-nd/4.0/
919682,3822511931,Sepsidae_Sepsis_fulgens_559215_3822511931,http://creativecommons.org/licenses/by-nc-nd/4.0/
919683,3822511931,Sepsidae_Sepsis_fulgens_559216_3822511931,http://creativecommons.org/licenses/by-nc-nd/4.0/
919938,2833558014,Sepsidae_Sepsis_punctum_902487_2833558014,http://creativecommons.org/licenses/by-nc-nd/4.0/
919939,2833558014,Sepsidae_Sepsis_punctum_902488_2833558014,http://creativecommons.org/licenses/by-nc-nd/4.0/
919964,1966043399,Sepsidae_Saltella_sphondylii_1487154_1966043399,http://creativecommons.org/licenses/by-nc/4.0/
920242,3732755468,Sepsidae_Nemopoda_nitidula_540103_3732755468,http://creativecommons.org/licenses/by-nc-nd/4.0/
920244,3732755468,Sepsidae_Nemopoda_nitidula_540105_3732755468,http://creativecommons.org/licenses/by-nc-nd/4.0/
920568,1957683215,Sepsidae_Saltella_sphondylii_96260_1957683215,http://creativecommons.org/licenses/by-nc-nd/4.0/
921671,1970347649,Sepsidae_Nemopoda_nitidula_1493823_1970347649,http://creativecommons.org/licenses/by-nc-nd/4.0/
921672,1970347649,Sepsidae_Nemopoda_nitidula_1493824_1970347649,http://creativecommons.org/licenses/by-nc-nd/4.0/
921944,1968497616,Sepsidae_Sepsis_punctum_801710_1968497616,http://creativecommons.org/licenses/by-nc-nd/4.0/
924246,1986562627,Sepsidae_Saltella_sphondylii_816628_1986562627,http://creativecommons.org/licenses/by-nc/4.0/
925317,3721298506,Sepsidae_Nemopoda_nitidula_1873885_3721298506,http://creativecommons.org/licenses/by-nc-nd/4.0/
925669,3822563157,Sepsidae_Nemopoda_nitidula_1937428_3822563157,http://creativecommons.org/licenses/by-nc-nd/4.0/
926165,3822655902,Sepsidae_Sepsis_punctum_1937788_3822655902,http://creativecommons.org/licenses/by-nc-nd/4.0/
926166,3822655902,Sepsidae_Sepsis_punctum_1937789_3822655902,http://creativecommons.org/licenses/by-nc-nd/4.0/
926167,3822655902,Sepsidae_Sepsis_punctum_1937790_3822655902,http://creativecommons.org/licenses/by-nc-nd/4.0/
926493,3728481441,Sepsidae_Sepsis_orthocnemis_1899252_3728481441,http://creativecommons.org/licenses/by-nc-nd/4.0/
926494,3728481441,Sepsidae_Sepsis_orthocnemis_1899253_3728481441,http://creativecommons.org/licenses/by-nc-nd/4.0/
926633,3718354853,Sepsidae_Sepsis_thoracica_1175933_3718354853,http://creativecommons.org/licenses/by-nc-nd/4.0/
927033,3825506274,Sepsidae_Nemopoda_nitidula_3324883_3825506274,http://creativecommons.org/licenses/by-nc-nd/4.0/
927036,3825925415,Sepsidae_Themira_lucida_1256676_3825925415,http://creativecommons.org/licenses/by-nc/4.0/
927415,1974461733,Sepsidae_Sepsis_punctum_811874_1974461733,http://creativecommons.org/licenses/by-nc/4.0/
927914,3725722531,Sepsidae_Sepsis_violacea_510270_3725722531,http://creativecommons.org/licenses/by-nc-nd/4.0/
927915,3725722531,Sepsidae_Sepsis_violacea_510271_3725722531,http://creativecommons.org/licenses/by-nc-nd/4.0/
927916,3725722531,Sepsidae_Sepsis_violacea_510272_3725722531,http://creativecommons.org/licenses/by-nc-nd/4.0/
927917,3725722531,Sepsidae_Sepsis_violacea_510273_3725722531,http://creativecommons.org/licenses/by-nc-nd/4.0/
928572,2842951344,Sepsidae_Sepsis_orthocnemis_2297540_2842951344,http://creativecommons.org/licenses/by-nc-nd/4.0/
928573,2842951344,Sepsidae_Sepsis_orthocnemis_2297541_2842951344,http://creativecommons.org/licenses/by-nc-nd/4.0/
928605,3722011893,Sepsidae_Saltella_sphondylii_500897_3722011893,http://creativecommons.org/licenses/by-nc-nd/4.0/
928606,3825463203,Sepsidae_Sepsis_punctum_2634037_3825463203,http://creativecommons.org/licenses/by-nc-nd/4.0/
928607,3825463203,Sepsidae_Sepsis_punctum_2634038_3825463203,http://creativecommons.org/licenses/by-nc-nd/4.0/
928608,3825463203,Sepsidae_Sepsis_punctum_2634039_3825463203,http://creativecommons.org/licenses/by-nc-nd/4.0/
930419,2844685108,Sepsidae_Sepsis_fulgens_2991678_2844685108,http://creativecommons.org/licenses/by-nc-nd/4.0/
930420,2844685108,Sepsidae_Sepsis_fulgens_2991679_2844685108,http://creativecommons.org/licenses/by-nc-nd/4.0/
930421,2844685108,Sepsidae_Sepsis_fulgens_2991680_2844685108,http://creativecommons.org/licenses/by-nc-nd/4.0/
930539,3825313086,Sepsidae_Nemopoda_nitidula_1254777_3825313086,http://creativecommons.org/licenses/by-nc-nd/4.0/
930659,3825800304,Sepsidae_Nemopoda_nitidula_567092_3825800304,http://creativecommons.org/licenses/by-nc-nd/4.0/
930828,3823244622,Sepsidae_Nemopoda_nitidula_1250048_3823244622,http://creativecommons.org/publicdomain/zero/1.0/
931115,3826400286,Sepsidae_Sepsis_fulgens_1257771_3826400286,http://creativecommons.org/licenses/by-nc-nd/4.0/
931116,3826400286,Sepsidae_Sepsis_fulgens_1257772_3826400286,http://creativecommons.org/licenses/by-nc-nd/4.0/
931117,3826400286,Sepsidae_Sepsis_fulgens_1257773_3826400286,http://creativecommons.org/licenses/by-nc-nd/4.0/
931118,3826400286,Sepsidae_Sepsis_fulgens_1257774_3826400286,http://creativecommons.org/licenses/by-nc-nd/4.0/
931396,1965284826,Sepsidae_Sepsis_fulgens_796984_1965284826,http://creativecommons.org/licenses/by-nc-nd/4.0/
931397,1965284826,Sepsidae_Sepsis_fulgens_796985_1965284826,http://creativecommons.org/licenses/by-nc-nd/4.0/
931398,1965284826,Sepsidae_Sepsis_fulgens_796986_1965284826,http://creativecommons.org/licenses/by-nc-nd/4.0/
931399,1965284826,Sepsidae_Sepsis_fulgens_796987_1965284826,http://creativecommons.org/licenses/by-nc-nd/4.0/
931466,3826643814,Sepsidae_Sepsis_fulgens_1947341_3826643814,http://creativecommons.org/licenses/by-nc-nd/4.0/
931467,3826643814,Sepsidae_Sepsis_fulgens_1947342_3826643814,http://creativecommons.org/licenses/by-nc-nd/4.0/
931468,3826643814,Sepsidae_Sepsis_fulgens_1947343_3826643814,http://creativecommons.org/licenses/by-nc-nd/4.0/
931891,2843170880,Sepsidae_Sepsis_punctum_2988622_2843170880,http://creativecommons.org/licenses/by-nc-nd/4.0/
931892,2843170880,Sepsidae_Sepsis_punctum_2988623_2843170880,http://creativecommons.org/licenses/by-nc-nd/4.0/
932553,3718435772,Sepsidae_Sepsis_thoracica_1176194_3718435772,http://creativecommons.org/licenses/by-nc-nd/4.0/
932554,3718435772,Sepsidae_Sepsis_thoracica_1176195_3718435772,http://creativecommons.org/licenses/by-nc-nd/4.0/
933383,3719806748,Sepsidae_Nemopoda_nitidula_3247776_3719806748,http://creativecommons.org/licenses/by-nc-nd/4.0/
933384,3719806748,Sepsidae_Nemopoda_nitidula_3247777_3719806748,http://creativecommons.org/licenses/by-nc-nd/4.0/
933403,1971654992,Sepsidae_Themira_minor_1495228_1971654992,http://creativecommons.org/licenses/by-nc-nd/4.0/
933404,1971654992,Sepsidae_Themira_minor_1495229_1971654992,http://creativecommons.org/licenses/by-nc-nd/4.0/
933734,2845207167,Sepsidae_Xenosepsis_fukuharai_1613304_2845207167,http://creativecommons.org/licenses/by-nc-nd/4.0/
933735,2845207167,Sepsidae_Xenosepsis_fukuharai_1613305_2845207167,http://creativecommons.org/licenses/by-nc-nd/4.0/
933736,2845207167,Sepsidae_Xenosepsis_fukuharai_1613306_2845207167,http://creativecommons.org/licenses/by-nc-nd/4.0/
934010,2839938232,Sepsidae_Nemopoda_nitidula_1602392_2839938232,http://creativecommons.org/licenses/by-nc-nd/4.0/
934041,1976823737,Sepsidae_Themira_annulipes_814753_1976823737,http://creativecommons.org/licenses/by-nc-nd/4.0/
934042,1976823737,Sepsidae_Themira_annulipes_814754_1976823737,http://creativecommons.org/licenses/by-nc-nd/4.0/
934308,3822678920,Sepsidae_Sepsis_fulgens_1937914_3822678920,http://creativecommons.org/licenses/by-nc-nd/4.0/
935615,3722375615,Sepsidae_Nemopoda_nitidula_503358_3722375615,http://creativecommons.org/licenses/by-nc-nd/4.0/
935677,3718250890,Sepsidae_Sepsis_fulgens_1865152_3718250890,http://creativecommons.org/licenses/by-nc-nd/4.0/
935678,3718250890,Sepsidae_Sepsis_fulgens_1865153_3718250890,http://creativecommons.org/licenses/by-nc-nd/4.0/
935862,2842789187,Sepsidae_Sepsis_punctum_1608319_2842789187,http://creativecommons.org/licenses/by-nc-nd/4.0/
935972,3822517933,Sepsidae_Themira_minor_2626835_3822517933,http://creativecommons.org/licenses/by-nc-nd/4.0/
936199,3822653736,Sepsidae_Themira_leachi_559805_3822653736,http://creativecommons.org/licenses/by-nc-sa/4.0/
936200,3822653736,Sepsidae_Themira_leachi_559806_3822653736,http://creativecommons.org/licenses/by-nc-sa/4.0/
937059,3720781149,Sepsidae_Nemopoda_nitidula_1181528_3720781149,http://creativecommons.org/licenses/by-nc-nd/4.0/
937560,2837429855,Sepsidae_Nemopoda_nitidula_2978369_2837429855,http://creativecommons.org/licenses/by-nc-nd/4.0/
937562,2837429855,Sepsidae_Nemopoda_nitidula_2978371_2837429855,http://creativecommons.org/licenses/by-nc-nd/4.0/
937776,3731499896,Sepsidae_Nemopoda_nitidula_3291967_3731499896,http://creativecommons.org/licenses/by-nc/4.0/
937777,3731499896,Sepsidae_Nemopoda_nitidula_3291968_3731499896,http://creativecommons.org/licenses/by-nc/4.0/
938292,1974163099,Sepsidae_Nemopoda_nitidula_120726_1974163099,http://creativecommons.org/licenses/by-nc-nd/4.0/
938664,3726397086,Sepsidae_Nemopoda_nitidula_3271482_3726397086,http://creativecommons.org/licenses/by-nc/4.0/
938812,3822502243,Sepsidae_Sepsis_orthocnemis_1248123_3822502243,http://creativecommons.org/licenses/by-nc-nd/4.0/
938869,1968447279,Sepsidae_Sepsis_punctum_801649_1968447279,http://creativecommons.org/licenses/by-nc-nd/4.0/
938870,1968447279,Sepsidae_Sepsis_punctum_801650_1968447279,http://creativecommons.org/licenses/by-nc-nd/4.0/
939678,3822484896,Sepsidae_Sepsis_fulgens_3317113_3822484896,http://creativecommons.org/licenses/by-nc-nd/4.0/
939992,2833389998,Sepsidae_Nemopoda_nitidula_2970513_2833389998,http://creativecommons.org/licenses/by-nc-nd/4.0/
940105,1959561798,Sepsidae_Saltella_sphondylii_2167716_1959561798,http://creativecommons.org/publicdomain/zero/1.0/
941566,3904010272,Sepsidae_Saltella_sphondylii_1992703_3904010272,http://creativecommons.org/licenses/by-nc-nd/4.0/
941755,3822522216,Sepsidae_Nemopoda_nitidula_2626852_3822522216,http://creativecommons.org/licenses/by-nc-nd/4.0/
942221,1975879106,Sepsidae_Nemopoda_nitidula_2880567_1975879106,http://creativecommons.org/licenses/by-nc-nd/4.0/
942222,1975879106,Sepsidae_Nemopoda_nitidula_2880568_1975879106,http://creativecommons.org/licenses/by-nc-nd/4.0/
942314,1972035819,Sepsidae_Sepsis_fulgens_2875156_1972035819,http://creativecommons.org/licenses/by-nc-nd/4.0/
942315,1972035819,Sepsidae_Sepsis_fulgens_2875157_1972035819,http://creativecommons.org/licenses/by-nc-nd/4.0/
942344,2838694829,Sepsidae_Nemopoda_nitidula_222339_2838694829,http://creativecommons.org/licenses/by-nc-sa/4.0/
942398,2833855901,Sepsidae_Saltella_sphondylii_903179_2833855901,http://creativecommons.org/licenses/by/4.0/
942399,2833855901,Sepsidae_Saltella_sphondylii_903180_2833855901,http://creativecommons.org/licenses/by/4.0/
942784,3732608199,Sepsidae_Saltella_sphondylii_2606594_3732608199,http://creativecommons.org/licenses/by-nc-nd/4.0/
942950,3825354268,Sepsidae_Nemopoda_nitidula_2633538_3825354268,http://creativecommons.org/licenses/by-nc-nd/4.0/
943259,3825418178,Sepsidae_Nemopoda_nitidula_3324577_3825418178,http://creativecommons.org/licenses/by-nc-sa/4.0/
943740,3822678045,Sepsidae_Nemopoda_nitidula_559936_3822678045,http://creativecommons.org/licenses/by-nc-nd/4.0/
943936,1975928301,Sepsidae_Themira_leachi_812957_1975928301,http://creativecommons.org/licenses/by-nc-nd/4.0/
944412,3822571206,Sepsidae_Themira_minor_1248394_3822571206,http://creativecommons.org/licenses/by-nc-nd/4.0/
944413,3822571206,Sepsidae_Themira_minor_1248395_3822571206,http://creativecommons.org/licenses/by-nc-nd/4.0/
944414,3822571206,Sepsidae_Themira_minor_1248396_3822571206,http://creativecommons.org/licenses/by-nc-nd/4.0/
944415,3822571206,Sepsidae_Themira_minor_1248397_3822571206,http://creativecommons.org/licenses/by-nc-nd/4.0/
944723,1965017972,Sepsidae_Sepsis_thoracica_1484583_1965017972,http://creativecommons.org/licenses/by-nc-nd/4.0/
944724,1965017972,Sepsidae_Sepsis_thoracica_1484584_1965017972,http://creativecommons.org/licenses/by-nc-nd/4.0/
944737,3718997631,Sepsidae_Sepsis_fulgens_2556334_3718997631,http://creativecommons.org/licenses/by-nc/4.0/
944738,3718997631,Sepsidae_Sepsis_fulgens_2556335_3718997631,http://creativecommons.org/licenses/by-nc/4.0/
944739,3718997631,Sepsidae_Sepsis_fulgens_2556336_3718997631,http://creativecommons.org/licenses/by-nc/4.0/
945332,2838238557,Sepsidae_Sepsis_orthocnemis_1600488_2838238557,http://creativecommons.org/licenses/by-nc-nd/4.0/
945333,2838238557,Sepsidae_Sepsis_orthocnemis_1600489_2838238557,http://creativecommons.org/licenses/by-nc-nd/4.0/
945334,2838238557,Sepsidae_Sepsis_orthocnemis_1600490_2838238557,http://creativecommons.org/licenses/by-nc-nd/4.0/
945752,3822456138,Sepsidae_Nemopoda_nitidula_1936980_3822456138,http://creativecommons.org/licenses/by-nc-nd/4.0/
946053,3728725407,Sepsidae_Nemopoda_nitidula_521557_3728725407,http://creativecommons.org/licenses/by-nc-nd/4.0/
946239,2844793979,Sepsidae_Saltella_sphondylii_233414_2844793979,http://creativecommons.org/licenses/by-nc-nd/4.0/
946506,1952727897,Sepsidae_Sepsis_punctum_2846981_1952727897,http://creativecommons.org/licenses/by-nc/4.0/
946507,1952727897,Sepsidae_Sepsis_punctum_2846982_1952727897,http://creativecommons.org/licenses/by-nc/4.0/
946508,1952727897,Sepsidae_Sepsis_punctum_2846983_1952727897,http://creativecommons.org/licenses/by-nc/4.0/
946751,3826743938,Sepsidae_Sepsis_violacea_569242_3826743938,http://creativecommons.org/licenses/by-nc-nd/4.0/
947461,3825418918,Sepsidae_Sepsis_fulgens_1255278_3825418918,http://creativecommons.org/licenses/by-nc-nd/4.0/
947462,3825418918,Sepsidae_Sepsis_fulgens_1255279_3825418918,http://creativecommons.org/licenses/by-nc-nd/4.0/
948581,3720989933,Sepsidae_Nemopoda_nitidula_1872050_3720989933,http://creativecommons.org/licenses/by-nc-sa/4.0/
948968,3822602056,Sepsidae_Sepsis_violacea_3317623_3822602056,http://creativecommons.org/licenses/by-nc-nd/4.0/
949384,3723622105,Sepsidae_Sepsis_thoracica_1886479_3723622105,http://creativecommons.org/licenses/by-nc-nd/4.0/
949385,3723622105,Sepsidae_Sepsis_thoracica_1886480_3723622105,http://creativecommons.org/licenses/by-nc-nd/4.0/
949386,3723622105,Sepsidae_Sepsis_thoracica_1886481_3723622105,http://creativecommons.org/licenses/by-nc-nd/4.0/
949816,1952367008,Sepsidae_Sepsis_cynipsea_2156206_1952367008,http://creativecommons.org/licenses/by-nc-nd/4.0/
949819,2843479504,Sepsidae_Sepsis_thoracica_2989159_2843479504,http://creativecommons.org/licenses/by-nc-nd/4.0/
949820,2843479504,Sepsidae_Sepsis_thoracica_2989160_2843479504,http://creativecommons.org/licenses/by-nc-nd/4.0/
949821,2843479504,Sepsidae_Sepsis_thoracica_2989161_2843479504,http://creativecommons.org/licenses/by-nc-nd/4.0/
950187,3904321745,Sepsidae_Nemopoda_nitidula_1994704_3904321745,http://creativecommons.org/licenses/by-nc-nd/4.0/
950695,3825372773,Sepsidae_Sepsis_punctum_3324364_3825372773,http://creativecommons.org/licenses/by-nc-sa/4.0/
950696,3825372773,Sepsidae_Sepsis_punctum_3324365_3825372773,http://creativecommons.org/licenses/by-nc-sa/4.0/
950697,3825372773,Sepsidae_Sepsis_punctum_3324366_3825372773,http://creativecommons.org/licenses/by-nc-sa/4.0/
950698,3825372773,Sepsidae_Sepsis_punctum_3324367_3825372773,http://creativecommons.org/licenses/by-nc-sa/4.0/
950860,3822493215,Sepsidae_Nemopoda_nitidula_3317151_3822493215,http://creativecommons.org/licenses/by-nc-nd/4.0/
951295,3718275557,Sepsidae_Nemopoda_nitidula_3244927_3718275557,http://creativecommons.org/licenses/by-nc/4.0/
951308,3827156778,Sepsidae_Nemopoda_nitidula_2638171_3827156778,http://creativecommons.org/licenses/by-nc-nd/4.0/
951309,3827156778,Sepsidae_Nemopoda_nitidula_2638172_3827156778,http://creativecommons.org/licenses/by-nc-nd/4.0/
951430,3717449670,Sepsidae_Saltella_sphondylii_1861569_3717449670,http://creativecommons.org/licenses/by-nc-nd/4.0/
951431,3717449670,Sepsidae_Saltella_sphondylii_1861570_3717449670,http://creativecommons.org/licenses/by-nc-nd/4.0/
951434,3720506538,Sepsidae_Nemopoda_nitidula_2559256_3720506538,http://creativecommons.org/licenses/by-nc-nd/4.0/
951563,3822615195,Sepsidae_Nemopoda_nitidula_1937599_3822615195,http://creativecommons.org/licenses/by-nc-nd/4.0/
952082,1952565179,Sepsidae_Nemopoda_nitidula_1467668_1952565179,http://creativecommons.org/licenses/by-nc/4.0/
952959,1959316305,Sepsidae_Themira_putris_98810_1959316305,http://creativecommons.org/licenses/by-nc-nd/4.0/
953067,1975798955,Sepsidae_Nemopoda_nitidula_812761_1975798955,http://creativecommons.org/licenses/by-nc-nd/4.0/
953075,3722306228,Sepsidae_Sepsis_punctum_3261124_3722306228,http://creativecommons.org/licenses/by-nc-nd/4.0/
953416,1973009399,Sepsidae_Orygma_luctuosum_2876976_1973009399,http://creativecommons.org/licenses/by-nc-nd/4.0/
954140,1968784803,Sepsidae_Sepsis_punctum_2179785_1968784803,http://creativecommons.org/licenses/by-nc/4.0/
954141,1968784803,Sepsidae_Sepsis_punctum_2179786_1968784803,http://creativecommons.org/licenses/by-nc/4.0/
954142,1968784803,Sepsidae_Sepsis_punctum_2179787_1968784803,http://creativecommons.org/licenses/by-nc/4.0/
954143,1968784803,Sepsidae_Sepsis_punctum_2179788_1968784803,http://creativecommons.org/licenses/by-nc/4.0/
954144,1968784803,Sepsidae_Sepsis_punctum_2179789_1968784803,http://creativecommons.org/licenses/by-nc/4.0/
954145,1968784803,Sepsidae_Sepsis_punctum_2179790_1968784803,http://creativecommons.org/licenses/by-nc/4.0/
954146,1968784803,Sepsidae_Sepsis_punctum_2179791_1968784803,http://creativecommons.org/licenses/by-nc/4.0/
954201,3731360853,Sepsidae_Nemopoda_nitidula_3291196_3731360853,http://creativecommons.org/licenses/by-nc-nd/4.0/
955054,3826384533,Sepsidae_Sepsis_fulgens_1946860_3826384533,http://creativecommons.org/licenses/by-nc-nd/4.0/
955055,3826384533,Sepsidae_Sepsis_fulgens_1946861_3826384533,http://creativecommons.org/licenses/by-nc-nd/4.0/
955138,3822451784,Sepsidae_Sepsis_punctum_3316965_3822451784,http://creativecommons.org/licenses/by-nc-nd/4.0/
955170,3826285050,Sepsidae_Sepsis_violacea_1257547_3826285050,http://creativecommons.org/licenses/by-nc-nd/4.0/
955171,3826285050,Sepsidae_Sepsis_violacea_1257548_3826285050,http://creativecommons.org/licenses/by-nc-nd/4.0/
955271,3716844316,Sepsidae_Saltella_sphondylii_479285_3716844316,http://creativecommons.org/licenses/by-sa/4.0/
955327,3732230235,Sepsidae_Saltella_sphondylii_537509_3732230235,http://creativecommons.org/licenses/by-nc-nd/4.0/
955509,2842260148,Sepsidae_Sepsis_fulgens_2295824_2842260148,http://creativecommons.org/licenses/by-nc-nd/4.0/
955510,2842260148,Sepsidae_Sepsis_fulgens_2295825_2842260148,http://creativecommons.org/licenses/by-nc-nd/4.0/
955862,2833453358,Sepsidae_Themira_lucida_902344_2833453358,http://creativecommons.org/licenses/by-nc-nd/4.0/
955863,2833453358,Sepsidae_Themira_lucida_902345_2833453358,http://creativecommons.org/licenses/by-nc-nd/4.0/
956467,3723264553,Sepsidae_Nemopoda_nitidula_1196458_3723264553,http://creativecommons.org/licenses/by-nc-nd/4.0/
956613,3717811694,Sepsidae_Nemopoda_nitidula_1173571_3717811694,http://creativecommons.org/licenses/by-nc-nd/4.0/
957151,3825372103,Sepsidae_Nemopoda_nitidula_1255066_3825372103,http://creativecommons.org/licenses/by-nc-nd/4.0/
957464,3825330210,Sepsidae_Sepsis_punctum_3324188_3825330210,http://creativecommons.org/licenses/by-nc-nd/4.0/
957465,3825330210,Sepsidae_Sepsis_punctum_3324189_3825330210,http://creativecommons.org/licenses/by-nc-nd/4.0/
957466,3825330210,Sepsidae_Sepsis_punctum_3324190_3825330210,http://creativecommons.org/licenses/by-nc-nd/4.0/
959109,2843258666,Sepsidae_Themira_superba_2298191_2843258666,http://creativecommons.org/licenses/by-nc-nd/4.0/
959336,3722364339,Sepsidae_Nemopoda_nitidula_1192195_3722364339,http://creativecommons.org/licenses/by-nc-nd/4.0/
959337,3722364339,Sepsidae_Nemopoda_nitidula_1192196_3722364339,http://creativecommons.org/licenses/by-nc-nd/4.0/
959338,3722364339,Sepsidae_Nemopoda_nitidula_1192197_3722364339,http://creativecommons.org/licenses/by-nc-nd/4.0/
959417,3825427235,Sepsidae_Sepsis_orthocnemis_2633885_3825427235,http://creativecommons.org/licenses/by-nc-nd/4.0/
959480,2835010539,Sepsidae_Sepsis_punctum_216209_2835010539,http://creativecommons.org/licenses/by-nc-nd/4.0/
959481,2835010539,Sepsidae_Sepsis_punctum_216210_2835010539,http://creativecommons.org/licenses/by-nc-nd/4.0/
960260,3729807444,Sepsidae_Nemopoda_nitidula_2592362_3729807444,http://creativecommons.org/licenses/by-nc-nd/4.0/
960261,3729807444,Sepsidae_Nemopoda_nitidula_2592363_3729807444,http://creativecommons.org/licenses/by-nc-nd/4.0/
960262,3729807444,Sepsidae_Nemopoda_nitidula_2592364_3729807444,http://creativecommons.org/licenses/by-nc-nd/4.0/
960263,3729807444,Sepsidae_Nemopoda_nitidula_2592365_3729807444,http://creativecommons.org/licenses/by-nc-nd/4.0/
960264,3729807444,Sepsidae_Nemopoda_nitidula_2592366_3729807444,http://creativecommons.org/licenses/by-nc-nd/4.0/
960342,3996758364,Sepsidae_Saltella_sphondylii_1359378_3996758364,http://creativecommons.org/licenses/by-nc-nd/4.0/
961109,3903952530,Sepsidae_Themira_minor_2681624_3903952530,http://creativecommons.org/licenses/by-nc-nd/4.0/
961110,3903952530,Sepsidae_Themira_minor_2681625_3903952530,http://creativecommons.org/licenses/by-nc-nd/4.0/
961654,1967530384,Sepsidae_Sepsis_punctum_2178815_1967530384,http://creativecommons.org/licenses/by-nc/4.0/
961716,3822429020,Sepsidae_Sepsis_violacea_1936841_3822429020,http://creativecommons.org/licenses/by-nc-nd/4.0/
961717,3822429020,Sepsidae_Sepsis_violacea_1936842_3822429020,http://creativecommons.org/licenses/by-nc-nd/4.0/
961718,3822429020,Sepsidae_Sepsis_violacea_1936843_3822429020,http://creativecommons.org/licenses/by-nc-nd/4.0/
962255,1955404720,Sepsidae_Saltella_sphondylii_2161115_1955404720,http://creativecommons.org/licenses/by-nc-nd/4.0/
962738,3717399518,Sepsidae_Sepsis_punctum_1861311_3717399518,http://creativecommons.org/licenses/by-nc-nd/4.0/
962739,3717399518,Sepsidae_Sepsis_punctum_1861312_3717399518,http://creativecommons.org/licenses/by-nc-nd/4.0/
962740,3717399518,Sepsidae_Sepsis_punctum_1861313_3717399518,http://creativecommons.org/licenses/by-nc-nd/4.0/
962741,3717399518,Sepsidae_Sepsis_punctum_1861314_3717399518,http://creativecommons.org/licenses/by-nc-nd/4.0/
963533,3824415726,Sepsidae_Nemopoda_nitidula_1942096_3824415726,http://creativecommons.org/licenses/by-nc-nd/4.0/
963535,3824415726,Sepsidae_Nemopoda_nitidula_1942098_3824415726,http://creativecommons.org/licenses/by-nc-nd/4.0/
963672,1975799455,Sepsidae_Sepsis_cynipsea_1501159_1975799455,http://creativecommons.org/licenses/by-nc-nd/4.0/
963673,1975799455,Sepsidae_Sepsis_cynipsea_1501160_1975799455,http://creativecommons.org/licenses/by-nc-nd/4.0/
963838,3825476381,Sepsidae_Nemopoda_nitidula_3324815_3825476381,http://creativecommons.org/licenses/by-nc-nd/4.0/
963971,3824731118,Sepsidae_Nemopoda_nitidula_564932_3824731118,http://creativecommons.org/licenses/by-nc-nd/4.0/
964152,3822750537,Sepsidae_Sepsis_punctum_1938056_3822750537,http://creativecommons.org/licenses/by-nc-nd/4.0/
964979,1968578579,Sepsidae_Sepsis_punctum_2869653_1968578579,http://creativecommons.org/licenses/by-nc-sa/4.0/
964980,1968578579,Sepsidae_Sepsis_punctum_2869654_1968578579,http://creativecommons.org/licenses/by-nc-sa/4.0/
965199,3825506204,Sepsidae_Sepsis_punctum_1944736_3825506204,http://creativecommons.org/licenses/by-nc-nd/4.0/
965200,3825506204,Sepsidae_Sepsis_punctum_1944737_3825506204,http://creativecommons.org/licenses/by-nc-nd/4.0/
965201,3825506204,Sepsidae_Sepsis_punctum_1944738_3825506204,http://creativecommons.org/licenses/by-nc-nd/4.0/
965202,3825506204,Sepsidae_Sepsis_punctum_1944739_3825506204,http://creativecommons.org/licenses/by-nc-nd/4.0/
965203,3825506204,Sepsidae_Sepsis_punctum_1944740_3825506204,http://creativecommons.org/licenses/by-nc-nd/4.0/
965321,3717155772,Sepsidae_Nemopoda_nitidula_3239520_3717155772,http://creativecommons.org/licenses/by-nc-nd/4.0/
965382,3826162664,Sepsidae_Nemopoda_nitidula_1257229_3826162664,http://creativecommons.org/licenses/by-nc-nd/4.0/
965383,3826162664,Sepsidae_Nemopoda_nitidula_1257230_3826162664,http://creativecommons.org/licenses/by-nc-nd/4.0/
965524,1968921040,Sepsidae_Sepsis_orthocnemis_2870135_1968921040,http://creativecommons.org/licenses/by-nc-nd/4.0/
965809,3825228241,Sepsidae_Themira_minor_3323717_3825228241,http://creativecommons.org/licenses/by-nc-nd/4.0/
965810,3825228241,Sepsidae_Themira_minor_3323718_3825228241,http://creativecommons.org/licenses/by-nc-nd/4.0/
965811,3825228241,Sepsidae_Themira_minor_3323719_3825228241,http://creativecommons.org/licenses/by-nc-nd/4.0/
965812,3825228241,Sepsidae_Themira_minor_3323720_3825228241,http://creativecommons.org/licenses/by-nc-nd/4.0/
965813,3825228241,Sepsidae_Themira_minor_3323721_3825228241,http://creativecommons.org/licenses/by-nc-nd/4.0/
966048,1953832883,Sepsidae_Sepsis_fulgens_2848935_1953832883,http://creativecommons.org/licenses/by-nc-nd/4.0/
967846,2844980338,Sepsidae_Nemopoda_nitidula_1612793_2844980338,http://creativecommons.org/licenses/by-nc-nd/4.0/
968954,3906677828,Sepsidae_Nemopoda_nitidula_2008448_3906677828,http://creativecommons.org/licenses/by-nc-nd/4.0/
970224,1976438717,Sepsidae_Nemopoda_nitidula_813850_1976438717,http://creativecommons.org/licenses/by-nc-nd/4.0/
970495,1973153071,Sepsidae_Sepsis_punctum_809575_1973153071,http://creativecommons.org/licenses/by-nc/4.0/
970496,1973153071,Sepsidae_Sepsis_punctum_809576_1973153071,http://creativecommons.org/licenses/by-nc/4.0/
971765,3822603281,Sepsidae_Nemopoda_nitidula_559620_3822603281,http://creativecommons.org/licenses/by-nc-nd/4.0/
971863,2845503230,Sepsidae_Sepsis_punctum_1613845_2845503230,http://creativecommons.org/licenses/by-nc-nd/4.0/
971864,2845503230,Sepsidae_Sepsis_punctum_1613846_2845503230,http://creativecommons.org/licenses/by-nc-nd/4.0/
971865,2845503230,Sepsidae_Sepsis_punctum_1613847_2845503230,http://creativecommons.org/licenses/by-nc-nd/4.0/
972269,1973149480,Sepsidae_Sepsis_punctum_118823_1973149480,http://creativecommons.org/licenses/by-nc/4.0/
972270,1973149480,Sepsidae_Sepsis_punctum_118824_1973149480,http://creativecommons.org/licenses/by-nc/4.0/
972571,3822513236,Sepsidae_Nemopoda_nitidula_559219_3822513236,http://creativecommons.org/licenses/by/4.0/
972949,3717094833,Sepsidae_Saltella_sphondylii_3239166_3717094833,http://creativecommons.org/licenses/by-nc-nd/4.0/
973606,3822519276,Sepsidae_Nemopoda_nitidula_559261_3822519276,http://creativecommons.org/licenses/by-nc-nd/4.0/
973610,2845054476,Sepsidae_Orygma_luctuosum_234102_2845054476,http://creativecommons.org/licenses/by-nc-nd/4.0/
973637,3825446242,Sepsidae_Sepsis_punctum_1944596_3825446242,http://creativecommons.org/licenses/by-nc-nd/4.0/
973726,3722388564,Sepsidae_Nemopoda_nitidula_1881756_3722388564,http://creativecommons.org/licenses/by-nc-nd/4.0/
974338,2845325657,Sepsidae_Nemopoda_nitidula_1613521_2845325657,http://creativecommons.org/licenses/by-nc-nd/4.0/
974340,2845325657,Sepsidae_Nemopoda_nitidula_1613523_2845325657,http://creativecommons.org/licenses/by-nc-nd/4.0/
974740,3730500855,Sepsidae_Themira_nigricornis_3286274_3730500855,http://creativecommons.org/licenses/by-nc-nd/4.0/
974961,3825396868,Sepsidae_Themira_annulipes_566081_3825396868,http://creativecommons.org/licenses/by-nc-nd/4.0/
975458,2839043744,Sepsidae_Orygma_luctuosum_222749_2839043744,http://creativecommons.org/licenses/by-nc-nd/4.0/
975459,2839043744,Sepsidae_Orygma_luctuosum_222750_2839043744,http://creativecommons.org/licenses/by-nc-nd/4.0/
975460,2839043744,Sepsidae_Orygma_luctuosum_222751_2839043744,http://creativecommons.org/licenses/by-nc-nd/4.0/
975461,2839043744,Sepsidae_Orygma_luctuosum_222752_2839043744,http://creativecommons.org/licenses/by-nc-nd/4.0/
975462,2839043744,Sepsidae_Orygma_luctuosum_222753_2839043744,http://creativecommons.org/licenses/by-nc-nd/4.0/
975463,2839043744,Sepsidae_Orygma_luctuosum_222754_2839043744,http://creativecommons.org/licenses/by-nc-nd/4.0/
976843,1957993420,Sepsidae_Sepsis_punctum_1476247_1957993420,http://creativecommons.org/licenses/by-nc-nd/4.0/
976844,1957993420,Sepsidae_Sepsis_punctum_1476248_1957993420,http://creativecommons.org/licenses/by-nc-nd/4.0/
976845,1957993420,Sepsidae_Sepsis_punctum_1476249_1957993420,http://creativecommons.org/licenses/by-nc-nd/4.0/
976951,3825254194,Sepsidae_Nemopoda_nitidula_565476_3825254194,http://creativecommons.org/licenses/by-nc-nd/4.0/
977365,3731258700,Sepsidae_Nemopoda_nitidula_1221290_3731258700,http://creativecommons.org/licenses/by-nc-nd/4.0/
977454,3719778157,Sepsidae_Nemopoda_nitidula_1178429_3719778157,http://creativecommons.org/licenses/by-nc-nd/4.0/
977488,3728722773,Sepsidae_Nemopoda_nitidula_2589281_3728722773,http://creativecommons.org/licenses/by-nc-nd/4.0/
977864,3825889491,Sepsidae_Themira_superba_3325911_3825889491,http://creativecommons.org/licenses/by-nc-nd/4.0/
977865,3825889491,Sepsidae_Themira_superba_3325912_3825889491,http://creativecommons.org/licenses/by-nc-nd/4.0/
977866,3825889491,Sepsidae_Themira_superba_3325913_3825889491,http://creativecommons.org/licenses/by-nc-nd/4.0/
978412,3825386855,Sepsidae_Nemopoda_nitidula_566044_3825386855,http://creativecommons.org/licenses/by-nc-nd/4.0/
978413,3825386855,Sepsidae_Nemopoda_nitidula_566045_3825386855,http://creativecommons.org/licenses/by-nc-nd/4.0/
978878,3825441723,Sepsidae_Sepsis_punctum_1255409_3825441723,http://creativecommons.org/licenses/by-nc-nd/4.0/
978879,3825441723,Sepsidae_Sepsis_punctum_1255410_3825441723,http://creativecommons.org/licenses/by-nc-nd/4.0/
979255,2838832611,Sepsidae_Sepsis_cynipsea_2290659_2838832611,http://creativecommons.org/licenses/by-nc-nd/4.0/
979256,2838832611,Sepsidae_Sepsis_cynipsea_2290660_2838832611,http://creativecommons.org/licenses/by-nc-nd/4.0/
979257,2838832611,Sepsidae_Sepsis_cynipsea_2290661_2838832611,http://creativecommons.org/licenses/by-nc-nd/4.0/
979480,1971688654,Sepsidae_Sepsis_cynipsea_2874947_1971688654,http://creativecommons.org/licenses/by-nc-nd/4.0/
979481,1971688654,Sepsidae_Sepsis_cynipsea_2874948_1971688654,http://creativecommons.org/licenses/by-nc-nd/4.0/
979996,3825406734,Sepsidae_Sepsis_fulgens_3324504_3825406734,http://creativecommons.org/licenses/by-nc-nd/4.0/
979997,3825406734,Sepsidae_Sepsis_fulgens_3324505_3825406734,http://creativecommons.org/licenses/by-nc-nd/4.0/
980472,3728035637,Sepsidae_Sepsis_violacea_3277970_3728035637,http://creativecommons.org/licenses/by-nc-nd/4.0/
980473,3728035637,Sepsidae_Sepsis_violacea_3277971_3728035637,http://creativecommons.org/licenses/by-nc-nd/4.0/
980474,3728035637,Sepsidae_Sepsis_violacea_3277972_3728035637,http://creativecommons.org/licenses/by-nc-nd/4.0/
980475,3728035637,Sepsidae_Sepsis_violacea_3277973_3728035637,http://creativecommons.org/licenses/by-nc-nd/4.0/
981901,1969975654,Sepsidae_Sepsis_punctum_114007_1969975654,http://creativecommons.org/licenses/by-nc/4.0/
981902,1969975654,Sepsidae_Sepsis_punctum_114008_1969975654,http://creativecommons.org/licenses/by-nc/4.0/
982124,1960218142,Sepsidae_Sepsis_punctum_100624_1960218142,http://creativecommons.org/licenses/by-nc-nd/4.0/
982382,3719216691,Sepsidae_Nemopoda_nitidula_1177677_3719216691,http://creativecommons.org/licenses/by-nc-nd/4.0/
982521,3822432237,Sepsidae_Nemopoda_nitidula_1247833_3822432237,http://creativecommons.org/licenses/by-nc-nd/4.0/
982653,3905562981,Sepsidae_Nemopoda_nitidula_2001882_3905562981,http://creativecommons.org/licenses/by/4.0/
982654,3905562981,Sepsidae_Nemopoda_nitidula_2001883_3905562981,http://creativecommons.org/licenses/by/4.0/
982768,1972269895,Sepsidae_Themira_minor_1495802_1972269895,http://creativecommons.org/licenses/by-nc-nd/4.0/
982769,1972269895,Sepsidae_Themira_minor_1495803_1972269895,http://creativecommons.org/licenses/by-nc-nd/4.0/
982816,1975045805,Sepsidae_Themira_minor_121490_1975045805,http://creativecommons.org/licenses/by-nc-nd/4.0/
982817,1975045805,Sepsidae_Themira_minor_121491_1975045805,http://creativecommons.org/licenses/by-nc-nd/4.0/
982818,1975045805,Sepsidae_Themira_minor_121492_1975045805,http://creativecommons.org/licenses/by-nc-nd/4.0/
982819,1975045805,Sepsidae_Themira_minor_121493_1975045805,http://creativecommons.org/licenses/by-nc-nd/4.0/
983499,3722646628,Sepsidae_Nemopoda_nitidula_1883251_3722646628,http://creativecommons.org/licenses/by/4.0/
984203,1964897323,Sepsidae_Sepsis_punctum_1484324_1964897323,http://creativecommons.org/licenses/by/4.0/
984429,3825321830,Sepsidae_Sepsis_punctum_1944040_3825321830,http://creativecommons.org/licenses/by-nc-nd/4.0/
984859,3825329107,Sepsidae_Nemopoda_nitidula_1944069_3825329107,http://creativecommons.org/licenses/by-nc-nd/4.0/
985515,3717355264,Sepsidae_Sepsis_cynipsea_1861078_3717355264,http://creativecommons.org/licenses/by-nc-nd/4.0/
985516,3717355264,Sepsidae_Sepsis_cynipsea_1861079_3717355264,http://creativecommons.org/licenses/by-nc-nd/4.0/
985854,2845042623,Sepsidae_Nemopoda_nitidula_924450_2845042623,http://creativecommons.org/licenses/by/4.0/
986125,1965506515,Sepsidae_Saltella_sphondylii_2175185_1965506515,http://creativecommons.org/licenses/by-nc-nd/4.0/
986364,3825498274,Sepsidae_Sepsis_fulgens_3324869_3825498274,http://creativecommons.org/licenses/by-nc-nd/4.0/
986365,3825498274,Sepsidae_Sepsis_fulgens_3324870_3825498274,http://creativecommons.org/licenses/by-nc-nd/4.0/
986392,1968756001,Sepsidae_Themira_biloba_1490574_1968756001,http://creativecommons.org/licenses/by-nc-nd/4.0/
988181,3826670364,Sepsidae_Nemopoda_nitidula_1947398_3826670364,http://creativecommons.org/licenses/by-nc-nd/4.0/
988537,2845063330,Sepsidae_Saltella_sphondylii_2992686_2845063330,http://creativecommons.org/licenses/by-nc-nd/4.0/
988538,2845063330,Sepsidae_Saltella_sphondylii_2992687_2845063330,http://creativecommons.org/licenses/by-nc-nd/4.0/
990253,3718011360,Sepsidae_Nemopoda_nitidula_3243808_3718011360,http://creativecommons.org/licenses/by-nc-nd/4.0/
990445,3730239409,Sepsidae_Saltella_sphondylii_2594200_3730239409,http://creativecommons.org/licenses/by-nc-nd/4.0/
990550,3727561399,Sepsidae_Sepsis_thoracica_1896527_3727561399,http://creativecommons.org/licenses/by-nc-nd/4.0/
990551,3727561399,Sepsidae_Sepsis_thoracica_1896528_3727561399,http://creativecommons.org/licenses/by-nc-nd/4.0/
990792,3723716202,Sepsidae_Nemopoda_nitidula_3266382_3723716202,http://creativecommons.org/licenses/by-nc-nd/4.0/
990838,3822469197,Sepsidae_Nemopoda_nitidula_1247996_3822469197,http://creativecommons.org/licenses/by-nc-nd/4.0/
990870,3825450056,Sepsidae_Sepsis_punctum_566312_3825450056,http://creativecommons.org/licenses/by-nc-sa/4.0/
990871,3825450056,Sepsidae_Sepsis_punctum_566313_3825450056,http://creativecommons.org/licenses/by-nc-sa/4.0/
991375,3825343080,Sepsidae_Nemopoda_nitidula_2633490_3825343080,http://creativecommons.org/licenses/by-nc-nd/4.0/
992072,3826935520,Sepsidae_Nemopoda_nitidula_569753_3826935520,http://creativecommons.org/licenses/by-nc-nd/4.0/
993334,1976537022,Sepsidae_Nemopoda_nitidula_123350_1976537022,http://creativecommons.org/licenses/by-nc/4.0/
993349,3722434476,Sepsidae_Saltella_sphondylii_1192634_3722434476,http://creativecommons.org/licenses/by-nc-nd/4.0/
993350,3722434476,Sepsidae_Saltella_sphondylii_1192635_3722434476,http://creativecommons.org/licenses/by-nc-nd/4.0/
993711,3723634401,Sepsidae_Saltella_sphondylii_3266291_3723634401,http://creativecommons.org/licenses/by-nc-nd/4.0/
994226,3728047130,Sepsidae_Nemopoda_nitidula_519639_3728047130,http://creativecommons.org/licenses/by-nc-nd/4.0/
994227,3728047130,Sepsidae_Nemopoda_nitidula_519640_3728047130,http://creativecommons.org/licenses/by-nc-nd/4.0/
994229,3728047130,Sepsidae_Nemopoda_nitidula_519642_3728047130,http://creativecommons.org/licenses/by-nc-nd/4.0/
994750,1969121141,Sepsidae_Nemopoda_nitidula_2870469_1969121141,http://creativecommons.org/licenses/by-nc-nd/4.0/
994751,1969121141,Sepsidae_Nemopoda_nitidula_2870470_1969121141,http://creativecommons.org/licenses/by-nc-nd/4.0/
994752,1969121141,Sepsidae_Nemopoda_nitidula_2870471_1969121141,http://creativecommons.org/licenses/by-nc-nd/4.0/
995205,3730079473,Sepsidae_Saltella_sphondylii_1214848_3730079473,http://creativecommons.org/licenses/by-nc-nd/4.0/
995226,3825250875,Sepsidae_Sepsis_punctum_1943714_3825250875,http://creativecommons.org/licenses/by-nc-nd/4.0/
995227,3825250875,Sepsidae_Sepsis_punctum_1943715_3825250875,http://creativecommons.org/licenses/by-nc-nd/4.0/
995583,3720609665,Sepsidae_Saltella_sphondylii_2559659_3720609665,http://creativecommons.org/licenses/by-nc-nd/4.0/
997262,2398517479,Sepsidae_Sepsis_punctum_2219515_2398517479,http://creativecommons.org/licenses/by/4.0/
997263,2398517479,Sepsidae_Sepsis_punctum_2219516_2398517479,http://creativecommons.org/licenses/by/4.0/
997839,1459674398,Sepsidae_Sepsis_punctum_2806249_1459674398,© all rights reserved
998110,3822726986,Sepsidae_Sepsis_thoracica_2627627_3822726986,http://creativecommons.org/licenses/by-nc-nd/4.0/
998111,3822726986,Sepsidae_Sepsis_thoracica_2627628_3822726986,http://creativecommons.org/licenses/by-nc-nd/4.0/
998112,3822726986,Sepsidae_Sepsis_thoracica_2627629_3822726986,http://creativecommons.org/licenses/by-nc-nd/4.0/
998113,3822726986,Sepsidae_Sepsis_thoracica_2627630_3822726986,http://creativecommons.org/licenses/by-nc-nd/4.0/
998156,1974118787,Sepsidae_Themira_annulipes_2879184_1974118787,http://creativecommons.org/licenses/by-nc-nd/4.0/
998157,1974118787,Sepsidae_Themira_annulipes_2879185_1974118787,http://creativecommons.org/licenses/by-nc-nd/4.0/
998516,3726639613,Sepsidae_Sepsis_fulgens_3272667_3726639613,http://creativecommons.org/licenses/by-nc-nd/4.0/
998517,3726639613,Sepsidae_Sepsis_fulgens_3272668_3726639613,http://creativecommons.org/licenses/by-nc-nd/4.0/
998518,3726639613,Sepsidae_Sepsis_fulgens_3272669_3726639613,http://creativecommons.org/licenses/by-nc-nd/4.0/
998519,3726639613,Sepsidae_Sepsis_fulgens_3272670_3726639613,http://creativecommons.org/licenses/by-nc-nd/4.0/
998865,1959246563,Sepsidae_Nemopoda_nitidula_2167156_1959246563,http://creativecommons.org/licenses/by-nc-nd/4.0/
999109,3995061551,Sepsidae_Saltella_sphondylii_665147_3995061551,http://creativecommons.org/licenses/by-nc-nd/4.0/
999325,3823938947,Sepsidae_Themira_annulipes_1251666_3823938947,http://creativecommons.org/licenses/by-nc/4.0/
999326,3823938947,Sepsidae_Themira_annulipes_1251667_3823938947,http://creativecommons.org/licenses/by-nc/4.0/
1000018,1974057811,Sepsidae_Sepsis_cynipsea_2879086_1974057811,http://creativecommons.org/licenses/by-nc-nd/4.0/
1000019,1974057811,Sepsidae_Sepsis_cynipsea_2879087_1974057811,http://creativecommons.org/licenses/by-nc-nd/4.0/
1000519,2843517952,Sepsidae_Orygma_luctuosum_2989229_2843517952,http://creativecommons.org/licenses/by-nc-nd/4.0/
1000903,1970571601,Sepsidae_Sepsis_punctum_2873733_1970571601,http://creativecommons.org/licenses/by-nc-nd/4.0/
1001488,2844710674,Sepsidae_Saltella_sphondylii_923442_2844710674,http://creativecommons.org/licenses/by-nc-nd/4.0/
1001489,2844710674,Sepsidae_Saltella_sphondylii_923443_2844710674,http://creativecommons.org/licenses/by-nc-nd/4.0/
1001568,3728591167,Sepsidae_Sepsis_fulgens_3279524_3728591167,http://creativecommons.org/licenses/by-nc-nd/4.0/
1001569,3728591167,Sepsidae_Sepsis_fulgens_3279525_3728591167,http://creativecommons.org/licenses/by-nc-nd/4.0/
1001933,1966439915,Sepsidae_Nemopoda_nitidula_109029_1966439915,http://creativecommons.org/licenses/by-nc-nd/4.0/
1002101,3825324074,Sepsidae_Nemopoda_nitidula_565786_3825324074,http://creativecommons.org/licenses/by-nc-nd/4.0/
1002102,3825324074,Sepsidae_Nemopoda_nitidula_565787_3825324074,http://creativecommons.org/licenses/by-nc-nd/4.0/
1002186,3825230292,Sepsidae_Nemopoda_nitidula_2632992_3825230292,http://creativecommons.org/licenses/by-nc-nd/4.0/
1002298,3995237253,Sepsidae_Saltella_sphondylii_3423292_3995237253,http://creativecommons.org/licenses/by-nc-nd/4.0/
1002993,3826396317,Sepsidae_Sepsis_cynipsea_568583_3826396317,http://creativecommons.org/licenses/by-nc-nd/4.0/
1003429,3727609350,Sepsidae_Saltella_sphondylii_1896697_3727609350,http://creativecommons.org/licenses/by-nc-nd/4.0/
1003951,1964659249,Sepsidae_Orygma_luctuosum_104655_1964659249,http://creativecommons.org/licenses/by/4.0/
1004115,3729012381,Sepsidae_Nemopoda_nitidula_1211304_3729012381,http://creativecommons.org/licenses/by-nc-nd/4.0/
1004116,3729012381,Sepsidae_Nemopoda_nitidula_1211305_3729012381,http://creativecommons.org/licenses/by-nc-nd/4.0/
1004513,1952186182,Sepsidae_Sepsis_fulgens_87643_1952186182,http://creativecommons.org/licenses/by-nc-nd/4.0/
1004514,1952186182,Sepsidae_Sepsis_fulgens_87644_1952186182,http://creativecommons.org/licenses/by-nc-nd/4.0/
1005011,2844962997,Sepsidae_Sepsis_orthocnemis_2302015_2844962997,http://creativecommons.org/licenses/by-nc-nd/4.0/
1005012,2844962997,Sepsidae_Sepsis_orthocnemis_2302016_2844962997,http://creativecommons.org/licenses/by-nc-nd/4.0/
1005119,1973711403,Sepsidae_Saltella_sphondylii_1498723_1973711403,http://creativecommons.org/licenses/by-nc-nd/4.0/
1005120,1973711403,Sepsidae_Saltella_sphondylii_1498724_1973711403,http://creativecommons.org/licenses/by-nc-nd/4.0/
1005193,3716347702,Sepsidae_Themira_minor_1856271_3716347702,http://creativecommons.org/licenses/by-nc-nd/4.0/
1005194,3716347702,Sepsidae_Themira_minor_1856272_3716347702,http://creativecommons.org/licenses/by-nc-nd/4.0/
1005195,3716347702,Sepsidae_Themira_minor_1856273_3716347702,http://creativecommons.org/licenses/by-nc-nd/4.0/
1005683,2844664947,Sepsidae_Nemopoda_nitidula_1611893_2844664947,http://creativecommons.org/licenses/by-nc-nd/4.0/
1005990,3822572910,Sepsidae_Sepsis_punctum_3317470_3822572910,http://creativecommons.org/licenses/by-nc-nd/4.0/
1006016,3822648240,Sepsidae_Nemopoda_nitidula_3317810_3822648240,http://creativecommons.org/licenses/by-nc-nd/4.0/
1006702,1974059672,Sepsidae_Sepsis_punctum_811279_1974059672,http://creativecommons.org/licenses/by-nc-nd/4.0/
1006703,1974059672,Sepsidae_Sepsis_punctum_811280_1974059672,http://creativecommons.org/licenses/by-nc-nd/4.0/
1007961,3825488386,Sepsidae_Themira_lucida_1944707_3825488386,http://creativecommons.org/licenses/by-nc-nd/4.0/
1007962,3825488386,Sepsidae_Themira_lucida_1944708_3825488386,http://creativecommons.org/licenses/by-nc-nd/4.0/
1007988,3904929720,Sepsidae_Themira_superba_3378234_3904929720,http://creativecommons.org/licenses/by-nc-nd/4.0/
1008279,1972878441,Sepsidae_Nemopoda_nitidula_118021_1972878441,http://creativecommons.org/licenses/by-nc/4.0/
1008554,3825680906,Sepsidae_Sepsis_fulgens_3325258_3825680906,http://creativecommons.org/licenses/by-nc-nd/4.0/
1008789,3823672814,Sepsidae_Nemopoda_nitidula_3320272_3823672814,http://creativecommons.org/licenses/by-nc-sa/4.0/
1008790,3823672814,Sepsidae_Nemopoda_nitidula_3320273_3823672814,http://creativecommons.org/licenses/by-nc-sa/4.0/
1008793,3823672814,Sepsidae_Nemopoda_nitidula_3320276_3823672814,http://creativecommons.org/licenses/by-nc-sa/4.0/
1008794,3823672814,Sepsidae_Nemopoda_nitidula_3320277_3823672814,http://creativecommons.org/licenses/by-nc-sa/4.0/
1009386,3825565048,Sepsidae_Sepsis_punctum_2634289_3825565048,http://creativecommons.org/licenses/by-nc-nd/4.0/
1009506,1969157042,Sepsidae_Sepsis_punctum_2180412_1969157042,http://creativecommons.org/licenses/by-nc-nd/4.0/
1009507,1969157042,Sepsidae_Sepsis_punctum_2180413_1969157042,http://creativecommons.org/licenses/by-nc-nd/4.0/
1009508,1969157042,Sepsidae_Sepsis_punctum_2180414_1969157042,http://creativecommons.org/licenses/by-nc-nd/4.0/
1009509,1969157042,Sepsidae_Sepsis_punctum_2180415_1969157042,http://creativecommons.org/licenses/by-nc-nd/4.0/
1009510,1969157042,Sepsidae_Sepsis_punctum_2180416_1969157042,http://creativecommons.org/licenses/by-nc-nd/4.0/
1009511,1969157042,Sepsidae_Sepsis_punctum_2180417_1969157042,http://creativecommons.org/licenses/by-nc-nd/4.0/
1009512,1969157042,Sepsidae_Sepsis_punctum_2180418_1969157042,http://creativecommons.org/licenses/by-nc-nd/4.0/
1009513,1969157042,Sepsidae_Sepsis_punctum_2180419_1969157042,http://creativecommons.org/licenses/by-nc-nd/4.0/
1009514,1969157042,Sepsidae_Sepsis_punctum_2180420_1969157042,http://creativecommons.org/licenses/by-nc-nd/4.0/
1009787,3826613905,Sepsidae_Sepsis_punctum_568951_3826613905,http://creativecommons.org/licenses/by/4.0/
1009788,3826613905,Sepsidae_Sepsis_punctum_568952_3826613905,http://creativecommons.org/licenses/by/4.0/
1018390,3725689734,Sepsidae_Nemopoda_nitidula_1888673_3725689734,http://creativecommons.org/licenses/by-nc-nd/4.0/
1018635,2833758296,Sepsidae_Nemopoda_nitidula_212519_2833758296,http://creativecommons.org/licenses/by-nc-nd/4.0/
1018663,3822610209,Sepsidae_Nemopoda_nitidula_2627204_3822610209,http://creativecommons.org/licenses/by-nc-nd/4.0/
1018664,3822610209,Sepsidae_Nemopoda_nitidula_2627205_3822610209,http://creativecommons.org/licenses/by-nc-nd/4.0/
1018666,3822610209,Sepsidae_Nemopoda_nitidula_2627207_3822610209,http://creativecommons.org/licenses/by-nc-nd/4.0/
1018848,2836917208,Sepsidae_Themira_superba_218370_2836917208,http://creativecommons.org/licenses/by-nc-nd/4.0/
1020687,3822526088,Sepsidae_Nemopoda_nitidula_3317258_3822526088,http://creativecommons.org/licenses/by-nc-nd/4.0/
1020727,3720192017,Sepsidae_Nemopoda_nitidula_1179252_3720192017,http://creativecommons.org/licenses/by-nc-nd/4.0/
1021001,3825377142,Sepsidae_Sepsis_punctum_3324384_3825377142,http://creativecommons.org/licenses/by-nc-nd/4.0/
1021002,3825377142,Sepsidae_Sepsis_punctum_3324385_3825377142,http://creativecommons.org/licenses/by-nc-nd/4.0/
1021531,2844192030,Sepsidae_Sepsis_punctum_921997_2844192030,http://creativecommons.org/licenses/by-nc-nd/4.0/
1021532,2844192030,Sepsidae_Sepsis_punctum_921998_2844192030,http://creativecommons.org/licenses/by-nc-nd/4.0/
1022214,3730278048,Sepsidae_Saltella_sphondylii_526875_3730278048,http://creativecommons.org/licenses/by-nc-nd/4.0/
1022751,3825288729,Sepsidae_Themira_lucida_1254676_3825288729,http://creativecommons.org/licenses/by-nc-nd/4.0/
1022945,1955066213,Sepsidae_Sepsis_punctum_2850101_1955066213,http://creativecommons.org/licenses/by-nc-nd/4.0/
1022946,1955066213,Sepsidae_Sepsis_punctum_2850102_1955066213,http://creativecommons.org/licenses/by-nc-nd/4.0/
1023476,3719096436,Sepsidae_Nemopoda_nitidula_3246808_3719096436,http://creativecommons.org/licenses/by-nc-nd/4.0/
1024067,2837885142,Sepsidae_Sepsis_cynipsea_2979251_2837885142,http://creativecommons.org/licenses/by-nc-nd/4.0/
1024068,2837885142,Sepsidae_Sepsis_cynipsea_2979252_2837885142,http://creativecommons.org/licenses/by-nc-nd/4.0/
1024293,3823703149,Sepsidae_Sepsis_cynipsea_562267_3823703149,http://creativecommons.org/licenses/by-nc-nd/4.0/
1025160,3732817144,Sepsidae_Nemopoda_nitidula_540363_3732817144,http://creativecommons.org/licenses/by-nc/4.0/
1025161,3732817144,Sepsidae_Nemopoda_nitidula_540364_3732817144,http://creativecommons.org/licenses/by-nc/4.0/
1026938,3736098537,Sepsidae_Sepsis_cynipsea_541541_3736098537,http://creativecommons.org/licenses/by/4.0/
1026954,3328792890,Sepsidae_Sepsis_cynipsea_2369708_3328792890,http://creativecommons.org/licenses/by/4.0/
1027190,3126002344,Sepsidae_Nemopoda_nitidula_1666918_3126002344,http://creativecommons.org/licenses/by/4.0/
1036584,2843415930,Sepsidae_Saltella_sphondylii_1609526_2843415930,http://creativecommons.org/licenses/by-nc-nd/4.0/
1036853,1973143748,Sepsidae_Sepsis_punctum_809554_1973143748,http://creativecommons.org/licenses/by-nc-nd/4.0/
1037067,1967311131,Sepsidae_Sepsis_cynipsea_110452_1967311131,http://creativecommons.org/licenses/by-nc-nd/4.0/
1037068,1967311131,Sepsidae_Sepsis_cynipsea_110453_1967311131,http://creativecommons.org/licenses/by-nc-nd/4.0/
1037208,1959701831,Sepsidae_Sepsis_punctum_1478761_1959701831,http://creativecommons.org/licenses/by-nc-nd/4.0/
1037209,1959701831,Sepsidae_Sepsis_punctum_1478762_1959701831,http://creativecommons.org/licenses/by-nc-nd/4.0/
1037210,1959701831,Sepsidae_Sepsis_punctum_1478763_1959701831,http://creativecommons.org/licenses/by-nc-nd/4.0/
1037211,1959701831,Sepsidae_Sepsis_punctum_1478764_1959701831,http://creativecommons.org/licenses/by-nc-nd/4.0/
1038169,3731497756,Sepsidae_Saltella_sphondylii_1911903_3731497756,http://creativecommons.org/licenses/by-nc-nd/4.0/
1038266,3826310539,Sepsidae_Themira_lucida_1946708_3826310539,http://creativecommons.org/licenses/by-nc-nd/4.0/
1038267,3826310539,Sepsidae_Themira_lucida_1946709_3826310539,http://creativecommons.org/licenses/by-nc-nd/4.0/
1038274,3716933953,Sepsidae_Nemopoda_nitidula_1169151_3716933953,http://creativecommons.org/licenses/by-nc-nd/4.0/
1038488,3822947431,Sepsidae_Sepsis_punctum_2628060_3822947431,http://creativecommons.org/licenses/by-nc-nd/4.0/
1038489,3822947431,Sepsidae_Sepsis_punctum_2628061_3822947431,http://creativecommons.org/licenses/by-nc-nd/4.0/
1038891,3822797383,Sepsidae_Nemopoda_nitidula_1938144_3822797383,http://creativecommons.org/licenses/by-nc-nd/4.0/
1039365,2837189037,Sepsidae_Sepsis_cynipsea_2977743_2837189037,http://creativecommons.org/licenses/by-nc-nd/4.0/
1039842,2843391000,Sepsidae_Themira_annulipes_2298439_2843391000,http://creativecommons.org/licenses/by-nc-nd/4.0/
1040471,3904172506,Sepsidae_Nemopoda_nitidula_1304395_3904172506,http://creativecommons.org/licenses/by-nc-nd/4.0/
1041176,3822473298,Sepsidae_Nemopoda_nitidula_2626633_3822473298,http://creativecommons.org/licenses/by-nc-nd/4.0/
1041177,3822473298,Sepsidae_Nemopoda_nitidula_2626634_3822473298,http://creativecommons.org/licenses/by-nc-nd/4.0/
1041433,3722093679,Sepsidae_Saltella_sphondylii_1879649_3722093679,http://creativecommons.org/licenses/by-nc-nd/4.0/
1041434,3722093679,Sepsidae_Saltella_sphondylii_1879650_3722093679,http://creativecommons.org/licenses/by-nc-nd/4.0/
1041435,3722093679,Sepsidae_Saltella_sphondylii_1879651_3722093679,http://creativecommons.org/licenses/by-nc-nd/4.0/
1041829,2843870139,Sepsidae_Themira_superba_2299078_2843870139,http://creativecommons.org/licenses/by-nc-nd/4.0/
1041830,2843870139,Sepsidae_Themira_superba_2299079_2843870139,http://creativecommons.org/licenses/by-nc-nd/4.0/
1042237,2844071838,Sepsidae_Themira_lucida_2299400_2844071838,http://creativecommons.org/licenses/by-nc-nd/4.0/
1042238,2844071838,Sepsidae_Themira_lucida_2299401_2844071838,http://creativecommons.org/licenses/by-nc-nd/4.0/
1042239,2844071838,Sepsidae_Themira_lucida_2299402_2844071838,http://creativecommons.org/licenses/by-nc-nd/4.0/
1042342,2837970768,Sepsidae_Nemopoda_nitidula_2289046_2837970768,http://creativecommons.org/licenses/by-nc-nd/4.0/
1043480,2844195860,Sepsidae_Sepsis_flavimana_231712_2844195860,http://creativecommons.org/licenses/by-nc-nd/4.0/
1043481,2844195860,Sepsidae_Sepsis_flavimana_231713_2844195860,http://creativecommons.org/licenses/by-nc-nd/4.0/
1047148,1265607393,Sepsidae_Susanomira_caucasica_1391816_1265607393,http://creativecommons.org/licenses/by/4.0/
1047149,1265607393,Sepsidae_Susanomira_caucasica_1391817_1265607393,http://creativecommons.org/licenses/by/4.0/
1047150,1265607393,Sepsidae_Susanomira_caucasica_1391818_1265607393,http://creativecommons.org/licenses/by/4.0/
1047706,3860267617,Sepsidae_Themira_pubera_1274027_3860267617,http://creativecommons.org/publicdomain/zero/1.0/
1047707,3860267617,Sepsidae_Themira_pubera_1274028_3860267617,http://creativecommons.org/publicdomain/zero/1.0/
1047708,3860267617,Sepsidae_Themira_pubera_1274029_3860267617,http://creativecommons.org/publicdomain/zero/1.0/
1048378,2611315060,Sepsidae_Nemopoda_nitidula_188215_2611315060,http://creativecommons.org/licenses/by/4.0/
1048379,2611315060,Sepsidae_Nemopoda_nitidula_188216_2611315060,http://creativecommons.org/licenses/by/4.0/
1049109,3008390640,Sepsidae_Sepsis_fulgens_950879_3008390640,http://creativecommons.org/licenses/by-nc/4.0/
1049110,3008390640,Sepsidae_Sepsis_fulgens_950880_3008390640,http://creativecommons.org/licenses/by-nc/4.0/
1052880,1952186347,Sepsidae_Sepsis_orthocnemis_2155958_1952186347,http://creativecommons.org/licenses/by-nc-nd/4.0/
1052881,1952186347,Sepsidae_Sepsis_orthocnemis_2155959_1952186347,http://creativecommons.org/licenses/by-nc-nd/4.0/
1053153,3718640636,Sepsidae_Sepsis_fulgens_2555664_3718640636,http://creativecommons.org/licenses/by-nc-nd/4.0/
1053154,3718640636,Sepsidae_Sepsis_fulgens_2555665_3718640636,http://creativecommons.org/licenses/by-nc-nd/4.0/
1053155,3718640636,Sepsidae_Sepsis_fulgens_2555666_3718640636,http://creativecommons.org/licenses/by-nc-nd/4.0/
1053156,3718640636,Sepsidae_Sepsis_fulgens_2555667_3718640636,http://creativecommons.org/licenses/by-nc-nd/4.0/
1053321,1974963548,Sepsidae_Nemopoda_nitidula_1500600_1974963548,http://creativecommons.org/licenses/by-nc-sa/4.0/
1053322,1974963548,Sepsidae_Nemopoda_nitidula_1500601_1974963548,http://creativecommons.org/licenses/by-nc-sa/4.0/
1053384,3822668240,Sepsidae_Sepsis_punctum_1248771_3822668240,http://creativecommons.org/licenses/by-nc/4.0/
1053385,3822668240,Sepsidae_Sepsis_punctum_1248772_3822668240,http://creativecommons.org/licenses/by-nc/4.0/
1053386,3822668240,Sepsidae_Sepsis_punctum_1248773_3822668240,http://creativecommons.org/licenses/by-nc/4.0/
1053849,3728083636,Sepsidae_Sepsis_fulgens_1208839_3728083636,http://creativecommons.org/licenses/by-nc-nd/4.0/
1053850,3728083636,Sepsidae_Sepsis_fulgens_1208840_3728083636,http://creativecommons.org/licenses/by-nc-nd/4.0/
1053851,3728083636,Sepsidae_Sepsis_fulgens_1208841_3728083636,http://creativecommons.org/licenses/by-nc-nd/4.0/
1053852,3728083636,Sepsidae_Sepsis_fulgens_1208842_3728083636,http://creativecommons.org/licenses/by-nc-nd/4.0/
1053853,3728083636,Sepsidae_Sepsis_fulgens_1208843_3728083636,http://creativecommons.org/licenses/by-nc-nd/4.0/
1054450,2842532423,Sepsidae_Saltella_sphondylii_918926_2842532423,http://creativecommons.org/licenses/by-nc-nd/4.0/
1055134,2836375821,Sepsidae_Themira_minor_2976097_2836375821,http://creativecommons.org/licenses/by-nc-nd/4.0/
1055455,3731592786,Sepsidae_Nemopoda_nitidula_1223168_3731592786,http://creativecommons.org/licenses/by-nc-nd/4.0/
1055550,3826550128,Sepsidae_Nemopoda_nitidula_1947139_3826550128,http://creativecommons.org/licenses/by-nc-nd/4.0/
1056401,2839543026,Sepsidae_Themira_pubera_2291254_2839543026,http://creativecommons.org/licenses/by-nc-nd/4.0/
1056402,2839543026,Sepsidae_Themira_pubera_2291255_2839543026,http://creativecommons.org/licenses/by-nc-nd/4.0/
1056403,2839543026,Sepsidae_Themira_pubera_2291256_2839543026,http://creativecommons.org/licenses/by-nc-nd/4.0/
1056975,3732446140,Sepsidae_Nemopoda_nitidula_3296815_3732446140,http://creativecommons.org/licenses/by-nc-nd/4.0/
1057533,2835646636,Sepsidae_Themira_pubera_2284834_2835646636,http://creativecommons.org/licenses/by-nc-nd/4.0/
1057534,2835646636,Sepsidae_Themira_pubera_2284835_2835646636,http://creativecommons.org/licenses/by-nc-nd/4.0/
1058002,1973192698,Sepsidae_Themira_putris_2877478_1973192698,http://creativecommons.org/licenses/by-nc-nd/4.0/
1058003,1973192698,Sepsidae_Themira_putris_2877479_1973192698,http://creativecommons.org/licenses/by-nc-nd/4.0/
1058004,1973192698,Sepsidae_Themira_putris_2877480_1973192698,http://creativecommons.org/licenses/by-nc-nd/4.0/
1058005,1973192698,Sepsidae_Themira_putris_2877481_1973192698,http://creativecommons.org/licenses/by-nc-nd/4.0/
1058006,1973192698,Sepsidae_Themira_putris_2877482_1973192698,http://creativecommons.org/licenses/by-nc-nd/4.0/
1059127,3825395169,Sepsidae_Nemopoda_nitidula_2633727_3825395169,http://creativecommons.org/licenses/by-nc/4.0/
1059615,3825286118,Sepsidae_Nemopoda_nitidula_1254669_3825286118,http://creativecommons.org/licenses/by-nc-nd/4.0/
1059643,3722695858,Sepsidae_Nemopoda_nitidula_1194208_3722695858,http://creativecommons.org/licenses/by-nc-nd/4.0/
1059698,3720892949,Sepsidae_Nemopoda_nitidula_1871447_3720892949,http://creativecommons.org/licenses/by-nc-nd/4.0/
1059902,1957119679,Sepsidae_Sepsis_punctum_785699_1957119679,http://creativecommons.org/licenses/by-nc-nd/4.0/
1062145,3451598495,Sepsidae_Nemopoda_nitidula_1144707_3451598495,© All rights reserved
1063117,3451433435,Sepsidae_Sepsis_fulgens_2523098_3451433435,© All rights reserved
