id,gbifID,file_name,license
430,3915451523,Syrphidae_Merodon_albifrons_2707520_3915451523,http://creativecommons.org/licenses/by/4.0/
441,3858453907,Syrphidae_Scaeva_dignota_3335052_3858453907,http://creativecommons.org/licenses/by-nc/4.0/
858,1836626876,Syrphidae_Helophilus_lapponicus_2140063_1836626876,http://creativecommons.org/licenses/by-nc/4.0/
2514,2429216353,Syrphidae_Sphaerophoria_scripta_847727_2429216353,http://creativecommons.org/licenses/by-nc/4.0/
2961,1993780513,Syrphidae_Mesembrius_peregrinus_1511567_1993780513,http://creativecommons.org/licenses/by-nc-nd/4.0/
3906,3384337449,Syrphidae_Myolepta_obscura_1699625_3384337449,http://creativecommons.org/licenses/by/4.0/
3907,3384337449,Syrphidae_Myolepta_obscura_1699626_3384337449,http://creativecommons.org/licenses/by/4.0/
3908,3384337449,Syrphidae_Myolepta_obscura_1699627_3384337449,http://creativecommons.org/licenses/by/4.0/
3909,3384337449,Syrphidae_Myolepta_obscura_1699628_3384337449,http://creativecommons.org/licenses/by/4.0/
3910,3384337449,Syrphidae_Myolepta_obscura_1699629_3384337449,http://creativecommons.org/licenses/by/4.0/
3911,3384337449,Syrphidae_Myolepta_obscura_1699630_3384337449,http://creativecommons.org/licenses/by/4.0/
4453,3113393444,Syrphidae_Sphaerophoria_philantha_3044184_3113393444,http://creativecommons.org/licenses/by-nc/4.0/
5282,3859060722,Syrphidae_Helophilus_continuus_3337839_3859060722,http://creativecommons.org/licenses/by/4.0/
5377,2803080777,Syrphidae_Blera_fallax_892586_2803080777,http://creativecommons.org/licenses/by/4.0/
6035,3357260576,Syrphidae_Platycheirus_aeratus_1696510_3357260576,Usage Conditions Apply
6037,3357260576,Syrphidae_Platycheirus_aeratus_1696512_3357260576,Usage Conditions Apply
6062,3013652452,Syrphidae_Platycheirus_naso_951715_3013652452,© All rights reserved
6065,2398486015,Syrphidae_Epistrophe_flava_2910141_2398486015,© All rights reserved
6118,2398946622,Syrphidae_Melangyna_lucifera_2910271_2398946622,© All rights reserved
6418,2405334054,Syrphidae_Platycheirus_nielseni_153239_2405334054,© All rights reserved
6533,2403855116,Syrphidae_Chamaesyrphus_caledonica_2220811_2403855116,© All rights reserved
6691,1825661570,Syrphidae_Cheilosia_morio_56593_1825661570,© All rights reserved
6692,1825661570,Syrphidae_Cheilosia_morio_56594_1825661570,© All rights reserved
6695,2403678895,Syrphidae_Syrphus_ribesii_152850_2403678895,© All rights reserved
7057,1882967717,Syrphidae_Temnostoma_sericomyiaeforme_1459347_1882967717,© All rights reserved
7060,1882967717,Syrphidae_Temnostoma_sericomyiaeforme_1459350_1882967717,© All rights reserved
7209,1825039175,Syrphidae_Melangyna_arctica_56482_1825039175,© All rights reserved
7262,1824953015,Syrphidae_Melangyna_umbellatarum_1436067_1824953015,© All rights reserved
7383,3412079371,Syrphidae_Cheilosia_uviformis_2400229_3412079371,© All rights reserved
7960,3333311041,Syrphidae_Helophilus_trivittatus_995071_3333311041,http://creativecommons.org/licenses/by/4.0/
10473,3044836582,Syrphidae_Platycheirus_scutatus_960400_3044836582,http://creativecommons.org/licenses/by-nc/4.0/
11600,3333246040,Syrphidae_Spilomyia_diophthalma_1683080_3333246040,http://creativecommons.org/licenses/by-nc/4.0/
11784,3873034936,Syrphidae_Chrysotoxum_verralli_3347378_3873034936,http://creativecommons.org/licenses/by-nc/4.0/
12943,3384187620,Syrphidae_Chrysotoxum_intermedium_1010204_3384187620,http://creativecommons.org/licenses/by-nc/4.0/
13031,3456461424,Syrphidae_Syritta_flaviventris_1151590_3456461424,http://creativecommons.org/licenses/by-nc/4.0/
13664,3858897375,Syrphidae_Didea_intermedia_578653_3858897375,http://creativecommons.org/licenses/by-nc/4.0/
14199,3335311969,Syrphidae_Spilomyia_graciosa_3065687_3335311969,http://creativecommons.org/licenses/by-nc/4.0/
14200,3335311969,Syrphidae_Spilomyia_graciosa_3065688_3335311969,http://creativecommons.org/licenses/by-nc/4.0/
15003,4011584831,Syrphidae_Eumerus_latitarsis_2055351_4011584831,http://creativecommons.org/licenses/by-nc/4.0/
15293,3784781580,Syrphidae_Caliprobola_speciosa_1244477_3784781580,http://creativecommons.org/licenses/by-nc/4.0/
15731,2006178640,Syrphidae_Platycheirus_peltatus_823602_2006178640,http://creativecommons.org/licenses/by-nc-sa/4.0/
15776,2247944092,Syrphidae_Leucozona_lucorum_2895844_2247944092,© All rights reserved
15859,2006206588,Syrphidae_Eupeodes_nitens_2891543_2006206588,© All rights reserved
16198,2529199053,Syrphidae_Eupeodes_lundbecki_2233847_2529199053,© All rights reserved
16240,2429732388,Syrphidae_Parasyrphus_vittiger_1537627_2429732388,© All rights reserved
16406,3044758673,Syrphidae_Ceriana_vespiformis_270008_3044758673,http://creativecommons.org/licenses/by-nc/4.0/
16414,2265909817,Syrphidae_Eristalinus_megacephalus_2212160_2265909817,http://creativecommons.org/licenses/by-nc/4.0/
16483,3468731572,Syrphidae_Cheilosia_ranunculi_1157695_3468731572,http://creativecommons.org/licenses/by-nc/4.0/
16484,3468731572,Syrphidae_Cheilosia_ranunculi_1157696_3468731572,http://creativecommons.org/licenses/by-nc/4.0/
16661,3859391900,Syrphidae_Syritta_pipiens_3339303_3859391900,http://creativecommons.org/licenses/by-nc/4.0/
16889,3058781443,Syrphidae_Portevinia_maculata_3029719_3058781443,http://creativecommons.org/licenses/by-nc/4.0/
17581,3903061021,Syrphidae_Volucella_elegans_3368812_3903061021,http://creativecommons.org/licenses/by/4.0/
18057,2802665793,Syrphidae_Scaeva_pyrastri_1580140_2802665793,http://creativecommons.org/licenses/by-nc/4.0/
18452,2883220645,Syrphidae_Pipiza_austriaca_249298_2883220645,http://creativecommons.org/licenses/by-nc/4.0/
19021,3858310183,Syrphidae_Orthonevra_splendens_1954076_3858310183,http://creativecommons.org/licenses/by-nc/4.0/
19928,3985693412,Syrphidae_Ischiodon_scutellaris_658997_3985693412,http://creativecommons.org/licenses/by-nc/4.0/
20157,3912056444,Syrphidae_Eupeodes_nuba_1325045_3912056444,http://creativecommons.org/licenses/by-nc/4.0/
20175,2573956732,Syrphidae_Chalcosyrphus_nemorum_872429_2573956732,http://creativecommons.org/licenses/by-nc/4.0/
21280,3307468741,Syrphidae_Eupeodes_lapponicus_2361475_3307468741,http://creativecommons.org/licenses/by-nc/4.0/
21518,3355527011,Syrphidae_Sericomyia_bombiformis_316858_3355527011,http://creativecommons.org/licenses/by/4.0/
21802,3355530254,Syrphidae_Melangyna_labiatarum_2385168_3355530254,http://creativecommons.org/licenses/by/4.0/
21808,3355530254,Syrphidae_Melangyna_labiatarum_2385174_3355530254,http://creativecommons.org/licenses/by/4.0/
21971,3384392771,Syrphidae_Mallota_tricolor_1011270_3384392771,http://creativecommons.org/licenses/by-nc/4.0/
23274,3355045763,Syrphidae_Chrysotoxum_elegans_1693178_3355045763,http://creativecommons.org/licenses/by/4.0/
23737,3985651674,Syrphidae_Epistrophe_diaphana_3416377_3985651674,http://creativecommons.org/licenses/by-nc/4.0/
23847,3044570665,Syrphidae_Helophilus_groenlandicus_2337424_3044570665,http://creativecommons.org/licenses/by-nc/4.0/
24548,2398600414,Syrphidae_Sphaerophoria_laurae_151709_2398600414,© All rights reserved
24767,3080148516,Syrphidae_Cheilosia_morio_1656854_3080148516,© All rights reserved
24814,3329883515,Syrphidae_Meliscaeva_cinctella_991338_3329883515,http://creativecommons.org/licenses/by/4.0/
24817,3807806409,Syrphidae_Chalcosyrphus_piger_1936389_3807806409,© All rights reserved
24867,2407788906,Syrphidae_Platycheirus_clypeatus_2221691_2407788906,© All rights reserved
24967,2406492352,Syrphidae_Platycheirus_jaerensis_1532446_2406492352,© All rights reserved
25109,2410991442,Syrphidae_Platycheirus_groenlandicus_2222496_2410991442,© All rights reserved
25110,2410991442,Syrphidae_Platycheirus_groenlandicus_2222497_2410991442,© All rights reserved
25277,1825572513,Syrphidae_Cheilosia_gigantea_2125457_1825572513,© All rights reserved
25354,3924315552,Syrphidae_Platycheirus_immarginatus_646950_3924315552,© All rights reserved
25355,3924315552,Syrphidae_Platycheirus_immarginatus_646951_3924315552,© All rights reserved
25357,3924315552,Syrphidae_Platycheirus_immarginatus_646953_3924315552,© All rights reserved
25454,3440114472,Syrphidae_Cheilosia_longula_1717515_3440114472,© All rights reserved
25476,3332589415,Syrphidae_Melanostoma_scalare_1681979_3332589415,© All rights reserved
25492,4020652385,Syrphidae_Cheilosia_variabilis_2749818_4020652385,© All rights reserved
25618,3430508438,Syrphidae_Xylota_jakutorum_3094690_3430508438,© all rights reserved
26101,3802622903,Syrphidae_Scaeva_albomaculata_2625167_3802622903,http://creativecommons.org/licenses/by-nc/4.0/
26702,2619976866,Syrphidae_Melangyna_cincta_2256601_2619976866,http://creativecommons.org/licenses/by-nc/4.0/
26891,3743053379,Syrphidae_Syrphus_attenuatus_541689_3743053379,http://creativecommons.org/licenses/by-nc/4.0/
26892,3743053379,Syrphidae_Syrphus_attenuatus_541690_3743053379,http://creativecommons.org/licenses/by-nc/4.0/
26893,3743053379,Syrphidae_Syrphus_attenuatus_541691_3743053379,http://creativecommons.org/licenses/by-nc/4.0/
31276,3031617702,Syrphidae_Criorhina_asilica_265162_3031617702,http://creativecommons.org/licenses/by/4.0/
31775,2249087421,Syrphidae_Parasyrphus_relictus_138826_2249087421,http://creativecommons.org/licenses/by-nc-sa/4.0/
31776,2249087421,Syrphidae_Parasyrphus_relictus_138827_2249087421,http://creativecommons.org/licenses/by-nc-sa/4.0/
31789,2248864903,Syrphidae_Platycheirus_ciliger_1517625_2248864903,http://creativecommons.org/licenses/by-nc-sa/4.0/
31870,1459110281,Syrphidae_Sericomyia_superbiens_2116038_1459110281,© all rights reserved
31960,3777198416,Syrphidae_Cheilosia_frontalis_1241793_3777198416,© all rights reserved
32347,1460274786,Syrphidae_Microdon_mutabilis_739956_1460274786,© all rights reserved
32362,1123364236,Syrphidae_Eumerus_grandis_2075968_1123364236,© all rights reserved
32363,1123364236,Syrphidae_Eumerus_grandis_2075969_1123364236,© all rights reserved
32364,1123364236,Syrphidae_Eumerus_grandis_2075970_1123364236,© all rights reserved
32816,2809538303,Syrphidae_Xylota_tarda_893814_2809538303,© all rights reserved
32887,3823398086,Syrphidae_Orthonevra_geniculata_561626_3823398086,http://creativecommons.org/licenses/by-nc/4.0/
32967,3905839001,Syrphidae_Ferdinandea_cuprea_2003473_3905839001,http://creativecommons.org/licenses/by-nc-nd/4.0/
33631,1976663493,Syrphidae_Lejops_vittatus_1502808_1976663493,http://creativecommons.org/licenses/by-nc-nd/4.0/
33811,3824229866,Syrphidae_Merodon_equestris_563445_3824229866,http://creativecommons.org/licenses/by-nc-nd/4.0/
34264,1976940506,Syrphidae_Lejogaster_tarsata_124454_1976940506,http://creativecommons.org/licenses/by-nd/4.0/
34530,2837184520,Syrphidae_Eupeodes_luniger_909439_2837184520,http://creativecommons.org/licenses/by-nc-nd/4.0/
36733,1962760322,Syrphidae_Lejops_contracta_794115_1962760322,http://creativecommons.org/licenses/by-nc-nd/4.0/
37199,1821057860,Syrphidae_Platycheirus_immarginatus_2124805_1821057860,© all rights reserved
37346,3429637733,Syrphidae_Xylota_ignava_336153_3429637733,© all rights reserved
37385,1428182630,Syrphidae_Platycheirus_europaeus_43841_1428182630,© all rights reserved
37530,2808088381,Syrphidae_Eoseristalis_picea_893020_2808088381,© all rights reserved
37541,1213774782,Syrphidae_Orthonevra_stackelbergi_2767831_1213774782,© all rights reserved
37548,1461067742,Syrphidae_Epistrophe_obscuripes_2808183_1461067742,© all rights reserved
37549,1461067742,Syrphidae_Epistrophe_obscuripes_2808184_1461067742,© all rights reserved
37605,3431337967,Syrphidae_Didea_intermedia_1715717_3431337967,© all rights reserved
37802,2404648914,Syrphidae_Melangyna_lasiophthalma_153070_2404648914,© All rights reserved
38024,3866353411,Syrphidae_Sericomyia_silentis_1276854_3866353411,© All rights reserved
38178,1883011467,Syrphidae_Microdon_miki_80004_1883011467,© All rights reserved
38189,4011094313,Syrphidae_Philhelius_stackelbergi_2744560_4011094313,© All rights reserved
38260,2822834515,Syrphidae_Spilomyia_manicata_897889_2822834515,© All rights reserved
38264,1987615229,Syrphidae_Melanostoma_dubium_2884507_1987615229,© All rights reserved
38265,1987615229,Syrphidae_Melanostoma_dubium_2884508_1987615229,© All rights reserved
38372,4003183399,Syrphidae_Trichopsomyia_flavitarsis_2741551_4003183399,© All rights reserved
38401,2398103466,Syrphidae_Platycheirus_perpallidus_151576_2398103466,© All rights reserved
38450,1883244203,Syrphidae_Melanogaster_parumplicata_771090_1883244203,© All rights reserved
39197,3759956901,Syrphidae_Eristalis_alpina_1924999_3759956901,http://creativecommons.org/licenses/by-nc/4.0/
40242,3383961403,Syrphidae_Eupeodes_luniger_1697728_3383961403,http://creativecommons.org/licenses/by/4.0/
43486,3337424612,Syrphidae_Mallota_tricolor_2377045_3337424612,http://creativecommons.org/licenses/by-nc/4.0/
43642,3415378520,Syrphidae_Platycheirus_ambiguum_1022267_3415378520,http://creativecommons.org/licenses/by/4.0/
43953,2573905181,Syrphidae_Rhingia_rostrata_2249876_2573905181,http://creativecommons.org/licenses/by-nc/4.0/
44724,2634266752,Syrphidae_Philhelius_dives_1576989_2634266752,http://creativecommons.org/licenses/by-nc/4.0/
46917,2596040063,Syrphidae_Cheilosia_fasciata_874542_2596040063,http://creativecommons.org/licenses/by/4.0/
48506,3090871951,Syrphidae_Helophilus_eristaloideus_279446_3090871951,http://creativecommons.org/licenses/by-nc/4.0/
48820,3873825829,Syrphidae_Temnostoma_meridionale_2660328_3873825829,http://creativecommons.org/licenses/by-nc-nd/4.0/
49145,3903377388,Syrphidae_Sericomyia_superbiens_612388_3903377388,http://creativecommons.org/licenses/by-nc/4.0/
49415,3764166689,Syrphidae_Pipiza_noctiluca_1237088_3764166689,http://creativecommons.org/licenses/by/4.0/
49897,3772788634,Syrphidae_Olbiosyrphus_laetum_3308865_3772788634,http://creativecommons.org/licenses/by-nc/4.0/
50603,3031870481,Syrphidae_Ferdinandea_fumipennis_266691_3031870481,http://creativecommons.org/licenses/by-nc/4.0/
50841,3118296700,Syrphidae_Olbiosyrphus_laetum_286909_3118296700,http://creativecommons.org/licenses/by/4.0/
52010,1844093771,Syrphidae_Melangyna_compositarum_2141454_1844093771,© All rights reserved
52063,2399510441,Syrphidae_Sphaerophoria_interrupta_2219773_2399510441,© All rights reserved
52120,1883172445,Syrphidae_Brachyopa_dorsata_2838663_1883172445,© All rights reserved
52254,2467992748,Syrphidae_Cheilosia_sootryeni_1543973_2467992748,© All rights reserved
52255,2467992748,Syrphidae_Cheilosia_sootryeni_1543974_2467992748,© All rights reserved
52258,2410218935,Syrphidae_Platycheirus_amplus_154401_2410218935,© All rights reserved
52280,2403005458,Syrphidae_Sphaerophoria_abbreviata_2911243_2403005458,© All rights reserved
52281,2403005458,Syrphidae_Sphaerophoria_abbreviata_2911244_2403005458,© All rights reserved
52282,2403005458,Syrphidae_Sphaerophoria_abbreviata_2911245_2403005458,© All rights reserved
52295,2409213576,Syrphidae_Platycheirus_ambiguum_844292_2409213576,© All rights reserved
52397,2403535675,Syrphidae_Chamaesyrphus_caledonica_2220751_2403535675,© All rights reserved
52399,2815549610,Syrphidae_Cheilosia_nebulosa_2274019_2815549610,© All rights reserved
52454,3354989401,Syrphidae_Eupeodes_corollae_1692767_3354989401,http://creativecommons.org/licenses/by-nc/4.0/
53733,3456820119,Syrphidae_Eumerus_obliquus_1153255_3456820119,http://creativecommons.org/licenses/by-nc/4.0/
53894,3747259687,Syrphidae_Helophilus_eristaloideus_2610475_3747259687,http://creativecommons.org/licenses/by-nc/4.0/
53962,3859985499,Syrphidae_Helophilus_affinis_1272768_3859985499,http://creativecommons.org/licenses/by-nc/4.0/
53987,3097142273,Syrphidae_Eristalinus_aeneus_972050_3097142273,http://creativecommons.org/licenses/by-nc/4.0/
54865,4014852088,Syrphidae_Scaeva_pyrastri_3437213_4014852088,http://creativecommons.org/licenses/by-nc/4.0/
54985,2311322732,Syrphidae_Syrphus_ribesii_2906558_2311322732,http://creativecommons.org/licenses/by-nc/4.0/
55162,3802762537,Syrphidae_Criorhina_berberina_1246955_3802762537,http://creativecommons.org/licenses/by/4.0/
56006,2634359869,Syrphidae_Leucozona_lucorum_2956252_2634359869,http://creativecommons.org/licenses/by-nc/4.0/
57043,3456247179,Syrphidae_Helophilus_hybridus_461019_3456247179,http://creativecommons.org/licenses/by-nc/4.0/
57778,3860395755,Syrphidae_Lejops_vittatus_1274633_3860395755,http://creativecommons.org/licenses/by/4.0/
58347,3698083453,Syrphidae_Sphecomyia_vespiformis_2540535_3698083453,http://creativecommons.org/licenses/by-nc/4.0/
58999,3432711210,Syrphidae_Didea_alneti_1716384_3432711210,© all rights reserved
59221,3858519481,Syrphidae_Merodon_moenium_3335336_3858519481,http://creativecommons.org/licenses/by/4.0/
60820,2239021851,Syrphidae_Philhelius_marginale_2204411_2239021851,http://creativecommons.org/licenses/by/4.0/
61386,2273227568,Syrphidae_Sphaerophoria_menthastri_1524216_2273227568,http://creativecommons.org/licenses/by/4.0/
62599,3743213364,Syrphidae_Cheilosia_soror_3300081_3743213364,http://creativecommons.org/licenses/by-nc/4.0/
62640,3888915335,Syrphidae_Helophilus_lapponicus_1289378_3888915335,http://creativecommons.org/licenses/by-nc/4.0/
63024,3384519525,Syrphidae_Spilomyia_digitata_3080352_3384519525,http://creativecommons.org/licenses/by-nc/4.0/
66432,2860147643,Syrphidae_Orthonevra_splendens_1621105_2860147643,http://creativecommons.org/licenses/by-nc/4.0/
66671,2273200015,Syrphidae_Mesembrius_peregrinus_145307_2273200015,http://creativecommons.org/licenses/by-nc/4.0/
66984,1132479742,Syrphidae_Microdon_miki_2076174_1132479742,© all rights reserved
67133,1460574629,Syrphidae_Dasysyrphus_hilaris_49387_1460574629,© all rights reserved
67342,1460561666,Syrphidae_Brachyopa_dorsata_1429204_1460561666,© all rights reserved
67469,1432179335,Syrphidae_Cheilosia_velutina_2113811_1432179335,© all rights reserved
67470,1432179335,Syrphidae_Cheilosia_velutina_2113812_1432179335,© all rights reserved
67498,997702228,Syrphidae_Platycheirus_granditarsis_691145_997702228,© all rights reserved
67506,1460300977,Syrphidae_Eoseristalis_oestracea_2118032_1460300977,© all rights reserved
67657,2808806660,Syrphidae_Cheilosia_psilophthalma_2961434_2808806660,© all rights reserved
67774,1670061636,Syrphidae_Ferdinandea_cuprea_744088_1670061636,© all rights reserved
67785,1459843740,Syrphidae_Cheilosia_chlorus_2117077_1459843740,© all rights reserved
67786,1459843740,Syrphidae_Cheilosia_chlorus_2117078_1459843740,© all rights reserved
68065,3434523031,Syrphidae_Eristalis_interrupta_2406472_3434523031,© all rights reserved
68204,1459867187,Syrphidae_Neocnemodon_pubescens_2806681_1459867187,© all rights reserved
68859,3785044411,Syrphidae_Brachypalpus_valgus_3313982_3785044411,http://creativecommons.org/licenses/by-nc/4.0/
69694,2862316945,Syrphidae_Syritta_pipiens_3001848_2862316945,http://creativecommons.org/licenses/by-nc/4.0/
70911,3892375701,Syrphidae_Volucella_tabanoides_2669979_3892375701,http://creativecommons.org/licenses/by-nc/4.0/
71600,1837060689,Syrphidae_Chalcosyrphus_piger_71562_1837060689,http://creativecommons.org/licenses/by-nc/4.0/
71612,3747341492,Syrphidae_Syritta_pipiens_3301355_3747341492,http://creativecommons.org/licenses/by-nc/4.0/
72218,4022055633,Syrphidae_Scaeva_dignota_2750390_4022055633,http://creativecommons.org/publicdomain/zero/1.0/
72728,3343744472,Syrphidae_Brachypalpus_laphriformis_1002584_3343744472,http://creativecommons.org/licenses/by/4.0/
72787,3455711919,Syrphidae_Sericomyia_bequaerti_1837633_3455711919,http://creativecommons.org/licenses/by-nc/4.0/
72853,2873995571,Syrphidae_Volucella_elegans_248046_2873995571,http://creativecommons.org/licenses/by-nc/4.0/
73590,3058959112,Syrphidae_Syrphus_ribesii_3030139_3058959112,http://creativecommons.org/licenses/by-nc/4.0/
74216,3328109601,Syrphidae_Eoseristalis_nemorum_301108_3328109601,http://creativecommons.org/licenses/by/4.0/
75333,3383879398,Syrphidae_Melangyna_lasiophthalma_2386855_3383879398,http://creativecommons.org/licenses/by-sa/4.0/
75646,3773084403,Syrphidae_Eoseristalis_cerealis_2618989_3773084403,http://creativecommons.org/licenses/by-nc/4.0/
76427,3858217187,Syrphidae_Orthonevra_splendens_1953501_3858217187,http://creativecommons.org/licenses/by-nc/4.0/
76925,2273321307,Syrphidae_Sphaerophoria_menthastri_2213568_2273321307,http://creativecommons.org/licenses/by/4.0/
77146,2406606928,Syrphidae_Leucozona_inopinata_2221435_2406606928,© All rights reserved
77380,3329915453,Syrphidae_Platycheirus_clypeatus_2369786_3329915453,http://creativecommons.org/licenses/by-sa/4.0/
77547,2409041280,Syrphidae_Sphegina_elegans_1533087_2409041280,© All rights reserved
77828,3891321360,Syrphidae_Chrysosyrphus_nasuta_3360406_3891321360,© all rights reserved
77841,3430910578,Syrphidae_Platycheirus_immarginatus_1026512_3430910578,© all rights reserved
77966,3411876304,Syrphidae_Melanostoma_mellina_2400181_3411876304,http://creativecommons.org/licenses/by-sa/4.0/
78021,3003677366,Syrphidae_Melanostoma_scalare_259956_3003677366,http://creativecommons.org/licenses/by-sa/4.0/
78051,3411879312,Syrphidae_Cheilosia_rufimana_332134_3411879312,http://creativecommons.org/licenses/by-sa/4.0/
78625,1966187856,Syrphidae_Orthonevra_intermedia_2866898_1966187856,http://creativecommons.org/licenses/by-nc-nd/4.0/
78904,2840246236,Syrphidae_Parasyrphus_annulatus_2291768_2840246236,http://creativecommons.org/licenses/by-nc/4.0/
80133,3722284786,Syrphidae_Episyrphus_balteatus_2570630_3722284786,http://creativecommons.org/licenses/by-nc-nd/4.0/
80871,1459726438,Syrphidae_Scaeva_dignota_1427486_1459726438,© all rights reserved
81596,3118340379,Syrphidae_Eumerus_niveitibia_1665446_3118340379,http://creativecommons.org/licenses/by-nc/4.0/
81597,3118340379,Syrphidae_Eumerus_niveitibia_1665447_3118340379,http://creativecommons.org/licenses/by-nc/4.0/
81598,3118340379,Syrphidae_Eumerus_niveitibia_1665448_3118340379,http://creativecommons.org/licenses/by-nc/4.0/
82127,3415581381,Syrphidae_Eoseristalis_rossicus_1712153_3415581381,http://creativecommons.org/licenses/by-nc/4.0/
84027,3017987458,Syrphidae_Chrysogaster_solstitialis_953302_3017987458,http://creativecommons.org/licenses/by-nc/4.0/
84350,3988589906,Syrphidae_Epistrophe_diaphana_2039699_3988589906,http://creativecommons.org/licenses/by-nc/4.0/
84526,3415784010,Syrphidae_Eristalinus_megacephalus_1024058_3415784010,http://creativecommons.org/licenses/by-nc/4.0/
85462,3058754739,Syrphidae_Helophilus_eristaloideus_1649681_3058754739,http://creativecommons.org/licenses/by-nc/4.0/
85783,3398709755,Syrphidae_Leucozona_nigripila_2395772_3398709755,http://creativecommons.org/licenses/by-nc/4.0/
85784,3398709755,Syrphidae_Leucozona_nigripila_2395773_3398709755,http://creativecommons.org/licenses/by-nc/4.0/
86231,3858819771,Syrphidae_Chrysotoxum_triarcuatum_3336877_3858819771,http://creativecommons.org/licenses/by-nc/4.0/
86669,3384725774,Syrphidae_Melanostoma_mellina_3081408_3384725774,http://creativecommons.org/licenses/by-nc/4.0/
86989,4009814117,Syrphidae_Chamaesyrphus_nigricornis_3434117_4009814117,http://creativecommons.org/licenses/by-nc/4.0/
87200,4006499379,Syrphidae_Xylota_xanthocnema_1362630_4006499379,http://creativecommons.org/licenses/by/4.0/
87202,4006499379,Syrphidae_Xylota_xanthocnema_1362632_4006499379,http://creativecommons.org/licenses/by/4.0/
87217,2851216565,Syrphidae_Eoseristalis_anthophorina_2308068_2851216565,http://creativecommons.org/licenses/by/4.0/
87479,3456139496,Syrphidae_Cheilosia_barbata_1839691_3456139496,http://creativecommons.org/licenses/by-nc/4.0/
87716,2609075007,Syrphidae_Eupeodes_lapponicus_2254407_2609075007,http://creativecommons.org/licenses/by-nc/4.0/
88621,3988594580,Syrphidae_Scaeva_mecogramma_1350471_3988594580,http://creativecommons.org/licenses/by-nc/4.0/
91606,3398683782,Syrphidae_Leucozona_lucorum_3085638_3398683782,http://creativecommons.org/licenses/by-nc/4.0/
92106,3873946423,Syrphidae_Melanostoma_incompletum_1971661_3873946423,http://creativecommons.org/licenses/by-nc/4.0/
92463,3858746536,Syrphidae_Mallota_megilliformis_1956292_3858746536,http://creativecommons.org/licenses/by-nc/4.0/
92563,3355008747,Syrphidae_Philhelius_festivum_2382367_3355008747,http://creativecommons.org/licenses/by-nc/4.0/
93105,3355476397,Syrphidae_Chrysogaster_cemiteriorum_316493_3355476397,http://creativecommons.org/licenses/by-nc/4.0/
94035,3327989582,Syrphidae_Eoseristalis_rupium_2369005_3327989582,http://creativecommons.org/licenses/by/4.0/
94095,3902129269,Syrphidae_Rhingia_austriaca_605426_3902129269,http://creativecommons.org/licenses/by-nc/4.0/
94096,3902129269,Syrphidae_Rhingia_austriaca_605427_3902129269,http://creativecommons.org/licenses/by-nc/4.0/
95092,1838329887,Syrphidae_Eoseristalis_cryptarum_2830732_1838329887,http://creativecommons.org/licenses/by-nc/4.0/
97143,2823261401,Syrphidae_Sphiximorpha_subsessilis_208431_2823261401,http://creativecommons.org/licenses/by/4.0/
97506,3466043850,Syrphidae_Philhelius_marginale_1845583_3466043850,http://creativecommons.org/licenses/by-nc/4.0/
97507,3466043850,Syrphidae_Philhelius_marginale_1845584_3466043850,http://creativecommons.org/licenses/by-nc/4.0/
98887,3988615173,Syrphidae_Tropidia_fasciata_2729728_3988615173,http://creativecommons.org/licenses/by-nc/4.0/
98891,3988615173,Syrphidae_Tropidia_fasciata_2729732_3988615173,http://creativecommons.org/licenses/by-nc/4.0/
99113,3059023426,Syrphidae_Cheilosia_nebulosa_1650442_3059023426,http://creativecommons.org/licenses/by-nc/4.0/
99128,3988440605,Syrphidae_Chrysotoxum_cisalpinum_3419057_3988440605,http://creativecommons.org/licenses/by-nc/4.0/
99425,3314253137,Syrphidae_Paragus_haemorrhous_984037_3314253137,http://creativecommons.org/licenses/by-nc/4.0/
99672,2860173150,Syrphidae_Temnostoma_sericomyiaeforme_3001400_2860173150,http://creativecommons.org/licenses/by-nc/4.0/
100084,1848817428,Syrphidae_Ischiodon_aegyptius_2837256_1848817428,http://creativecommons.org/licenses/by/4.0/
100480,3881406812,Syrphidae_Heringia_adpropinquans_2664208_3881406812,http://creativecommons.org/licenses/by-nc/4.0/
100670,3307182510,Syrphidae_Mesembrius_peregrinus_292014_3307182510,http://creativecommons.org/licenses/by/4.0/
100729,2244226265,Syrphidae_Helophilus_eristaloideus_1516034_2244226265,http://creativecommons.org/licenses/by-nc/4.0/
101141,4015285309,Syrphidae_Chrysotoxum_triarcuatum_2747971_4015285309,http://creativecommons.org/licenses/by-nc/4.0/
101242,3802653908,Syrphidae_Parasyrphus_annulatus_1935640_3802653908,http://creativecommons.org/licenses/by-nc-nd/4.0/
103182,3465919396,Syrphidae_Melangyna_labiatarum_2533906_3465919396,http://creativecommons.org/licenses/by-nc/4.0/
103598,2851248410,Syrphidae_Sericomyia_superbiens_1618429_2851248410,http://creativecommons.org/licenses/by-nc/4.0/
104190,3325785590,Syrphidae_Sphaerophoria_philantha_1677057_3325785590,http://creativecommons.org/licenses/by-nc/4.0/
104605,2803094726,Syrphidae_Eoseristalis_obscurus_202370_2803094726,http://creativecommons.org/licenses/by-nc/4.0/
104696,3090728840,Syrphidae_Eumerus_obliquus_2347280_3090728840,http://creativecommons.org/licenses/by-nc/4.0/
106925,3337853658,Syrphidae_Milesia_semiluctifera_3069176_3337853658,http://creativecommons.org/licenses/by-nc-nd/4.0/
107588,3384251401,Syrphidae_Merodon_pulveris_320638_3384251401,http://creativecommons.org/licenses/by-nc/4.0/
107590,3384251401,Syrphidae_Merodon_pulveris_320640_3384251401,http://creativecommons.org/licenses/by-nc/4.0/
107591,3384251401,Syrphidae_Merodon_pulveris_320641_3384251401,http://creativecommons.org/licenses/by-nc/4.0/
107592,3384251401,Syrphidae_Merodon_pulveris_320642_3384251401,http://creativecommons.org/licenses/by-nc/4.0/
108353,2856524345,Syrphidae_Merodon_puniceus_240531_2856524345,http://creativecommons.org/licenses/by-nc/4.0/
108354,2856524345,Syrphidae_Merodon_puniceus_240532_2856524345,http://creativecommons.org/licenses/by-nc/4.0/
108355,2856524345,Syrphidae_Merodon_puniceus_240533_2856524345,http://creativecommons.org/licenses/by-nc/4.0/
109713,3455243095,Syrphidae_Sphaerophoria_rueppellii_1834966_3455243095,http://creativecommons.org/licenses/by-nc/4.0/
109745,2573837037,Syrphidae_Helophilus_eristaloideus_1560861_2573837037,http://creativecommons.org/licenses/by/4.0/
111117,3307507117,Syrphidae_Pipiza_austriaca_3051792_3307507117,http://creativecommons.org/licenses/by-nc/4.0/
111269,3881742493,Syrphidae_Paragus_quadrifasciatus_1287269_3881742493,http://creativecommons.org/licenses/by-nc/4.0/
112043,1993704538,Syrphidae_Helophilus_eristaloideus_132349_1993704538,http://creativecommons.org/licenses/by-nc-nd/4.0/
113100,3466056502,Syrphidae_Parasyrphus_lineolus_466119_3466056502,http://creativecommons.org/licenses/by-nc/4.0/
114695,3986037822,Syrphidae_Ischiodon_scutellaris_2727940_3986037822,http://creativecommons.org/licenses/by-nc/4.0/
115644,3892441062,Syrphidae_Eristalinus_aeneus_1980921_3892441062,http://creativecommons.org/licenses/by-nc/4.0/
116226,3307271492,Syrphidae_Mallota_megilliformis_2360699_3307271492,http://creativecommons.org/licenses/by-nc/4.0/
116404,3031639716,Syrphidae_Chrysotoxum_elegans_3023865_3031639716,http://creativecommons.org/licenses/by/4.0/
116959,3455795055,Syrphidae_Spazigaster_ambulans_458900_3455795055,http://creativecommons.org/licenses/by-nc/4.0/
119623,3947055343,Syrphidae_Cheilosia_flavipes_1337613_3947055343,http://creativecommons.org/licenses/by-nc/4.0/
119628,3947055343,Syrphidae_Cheilosia_flavipes_1337618_3947055343,http://creativecommons.org/licenses/by-nc/4.0/
119676,3902617124,Syrphidae_Eumerus_purpureus_1986416_3902617124,http://creativecommons.org/licenses/by-nc/4.0/
120060,3018147308,Syrphidae_Eoseristalis_cryptarum_3022785_3018147308,http://creativecommons.org/licenses/by-nc/4.0/
121545,2980788767,Syrphidae_Eristalis_tenax_3013966_2980788767,http://creativecommons.org/licenses/by-nc/4.0/
121884,3725552062,Syrphidae_Helophilus_trivittatus_509619_3725552062,http://creativecommons.org/licenses/by-nc/4.0/
121991,1970399596,Syrphidae_Criorhina_berberina_114902_1970399596,http://creativecommons.org/licenses/by-nc-nd/4.0/
122695,3722741105,Syrphidae_Dasysyrphus_albostriatus_2573379_3722741105,http://creativecommons.org/licenses/by-nc-nd/4.0/
123376,2840022449,Syrphidae_Rhingia_borealis_2982141_2840022449,http://creativecommons.org/licenses/by-nc/4.0/
123919,1936815737,Syrphidae_Ischiodon_scutellaris_776392_1936815737,
124205,2579184540,Syrphidae_Parasyrphus_lineolus_873587_2579184540,http://creativecommons.org/licenses/by/4.0/
124321,2401069647,Syrphidae_Chamaesyrphus_caledonica_152260_2401069647,© All rights reserved
124360,1937538668,Syrphidae_Platycheirus_nielseni_1465145_1937538668,© All rights reserved
124411,2400349426,Syrphidae_Neoascia_geniculata_152124_2400349426,© All rights reserved
124413,2400349426,Syrphidae_Neoascia_geniculata_152126_2400349426,© All rights reserved
124415,3386712338,Syrphidae_Cheilosia_gigantea_2393473_3386712338,© All rights reserved
124433,2964007405,Syrphidae_Parhelophilus_versicolor_942709_2964007405,© All rights reserved
124592,2456522803,Syrphidae_Helophilus_affinis_163669_2456522803,http://creativecommons.org/licenses/by-nc/4.0/
124696,3384211124,Syrphidae_Eristalinus_megacephalus_2388476_3384211124,http://creativecommons.org/licenses/by-nc/4.0/
125170,2611395199,Syrphidae_Cheilosia_fasciata_878425_2611395199,http://creativecommons.org/licenses/by/4.0/
126236,2826401544,Syrphidae_Temnostoma_angustistriatum_2968872_2826401544,http://creativecommons.org/licenses/by/4.0/
126237,2826401544,Syrphidae_Temnostoma_angustistriatum_2968873_2826401544,http://creativecommons.org/licenses/by/4.0/
126287,3328002202,Syrphidae_Eoseristalis_arbustorum_3059345_3328002202,http://creativecommons.org/licenses/by-nc/4.0/
126518,3302394041,Syrphidae_Dasysyrphus_albostriatus_290837_3302394041,http://creativecommons.org/licenses/by-nc/4.0/
127307,3759981938,Syrphidae_Eumerus_latitarsis_546715_3759981938,http://creativecommons.org/licenses/by-nc/4.0/
127314,3302077207,Syrphidae_Chalcosyrphus_femoratus_1668058_3302077207,http://creativecommons.org/licenses/by/4.0/
127318,3302077207,Syrphidae_Chalcosyrphus_femoratus_1668062_3302077207,http://creativecommons.org/licenses/by/4.0/
127321,3302077207,Syrphidae_Chalcosyrphus_femoratus_1668065_3302077207,http://creativecommons.org/licenses/by/4.0/
127323,3302077207,Syrphidae_Chalcosyrphus_femoratus_1668067_3302077207,http://creativecommons.org/licenses/by/4.0/
127325,3302077207,Syrphidae_Chalcosyrphus_femoratus_1668069_3302077207,http://creativecommons.org/licenses/by/4.0/
127588,2001463356,Syrphidae_Sericomyia_arctica_2200787_2001463356,http://creativecommons.org/licenses/by-nc-sa/4.0/
127657,1459724640,Syrphidae_Epistrophe_flava_47637_1459724640,© all rights reserved
127704,2422112539,Syrphidae_Dasysyrphus_tricinctus_2913786_2422112539,© all rights reserved
127710,1851144551,Syrphidae_Philhelius_dives_2147836_1851144551,© all rights reserved
128140,2399870304,Syrphidae_Eupeodes_nielseni_152013_2399870304,© All rights reserved
128180,2398347672,Syrphidae_Xylota_tarda_2910096_2398347672,© All rights reserved
128212,2409294053,Syrphidae_Sphaerophoria_virgata_154186_2409294053,© All rights reserved
128213,2409294053,Syrphidae_Sphaerophoria_virgata_154187_2409294053,© All rights reserved
128377,3820065391,Syrphidae_Eriozona_erratica_558564_3820065391,© All rights reserved
128525,3004798380,Syrphidae_Platycheirus_subordinatus_2328294_3004798380,© All rights reserved
128526,3004798380,Syrphidae_Platycheirus_subordinatus_2328295_3004798380,© All rights reserved
128657,2400159094,Syrphidae_Platycheirus_jaerensis_152070_2400159094,http://creativecommons.org/licenses/by/4.0/
128742,1883193540,Syrphidae_Temnostoma_apiforme_2148713_1883193540,© All rights reserved
128835,2847958949,Syrphidae_Xylota_tarda_1614450_2847958949,© all rights reserved
128838,931753251,Syrphidae_Pipiza_notata_2067428_931753251,© all rights reserved
129613,3899354521,Syrphidae_Sphaerophoria_batava_2671890_3899354521,© all rights reserved
129702,1460335587,Syrphidae_Spilomyia_manicata_2118111_1460335587,© all rights reserved
129927,3857387736,Syrphidae_Microdon_analis_1950653_3857387736,© all rights reserved
130017,1450412743,Syrphidae_Parasyrphus_vittiger_736557_1450412743,© all rights reserved
130147,3431893829,Syrphidae_Parhelophilus_versicolor_1026995_3431893829,© all rights reserved
130266,3890697397,Syrphidae_Leucozona_inopinata_3360282_3890697397,© all rights reserved
130462,1806975448,Syrphidae_Neocnemodon_larusi_746687_1806975448,© all rights reserved
130624,2302928517,Syrphidae_Spilomyia_diophthalma_838240_2302928517,© all rights reserved
130732,1460424819,Syrphidae_Cheilosia_flavissima_49103_1460424819,© all rights reserved
130917,2272097777,Syrphidae_Epistrophe_ochrostoma_2212746_2272097777,© all rights reserved
130919,2272097777,Syrphidae_Epistrophe_ochrostoma_2212748_2272097777,© all rights reserved
131080,1459924284,Syrphidae_Temnostoma_sericomyiaeforme_739397_1459924284,© all rights reserved
131201,3777167581,Syrphidae_Parasyrphus_proximus_552911_3777167581,© all rights reserved
131214,2273084687,Syrphidae_Pocota_personata_145278_2273084687,© all rights reserved
131263,3879729687,Syrphidae_Eumerus_ruficornis_594697_3879729687,© all rights reserved
131334,3433629331,Syrphidae_Didea_fasciata_338187_3433629331,© all rights reserved
131759,1459696867,Syrphidae_Cheilosia_lineata_2806313_1459696867,© all rights reserved
131773,3767442869,Syrphidae_Platycheirus_europaeus_2616803_3767442869,© all rights reserved
131917,1428451200,Syrphidae_Eupeodes_bucculatus_1423777_1428451200,© all rights reserved
132003,1801649260,Syrphidae_Microdon_analis_1434089_1801649260,© all rights reserved
132055,1459868353,Syrphidae_Pipiza_luteitarsis_47901_1459868353,© all rights reserved
132103,3880043595,Syrphidae_Temnostoma_vespiforme_1973107_3880043595,© all rights reserved
132161,931826732,Syrphidae_Triglyphus_primus_2067466_931826732,© all rights reserved
132351,1884266920,Syrphidae_Parhelophilus_frutetorum_2840134_1884266920,© all rights reserved
132399,3432568491,Syrphidae_Dasysyrphus_pauxillus_2405359_3432568491,© all rights reserved
132423,1460449734,Syrphidae_Eristalinus_sepulchralis_2118369_1460449734,© all rights reserved
132425,1849235884,Syrphidae_Sphaerophoria_bankowskae_78620_1849235884,© all rights reserved
132427,1849235884,Syrphidae_Sphaerophoria_bankowskae_78622_1849235884,© all rights reserved
132430,1460290037,Syrphidae_Sphaerophoria_chongjini_2117976_1460290037,© all rights reserved
132492,1460280072,Syrphidae_Merodon_moenium_739986_1460280072,© all rights reserved
132809,3767660054,Syrphidae_Lejops_interpuncta_1238260_3767660054,© all rights reserved
132841,2426362810,Syrphidae_Platycheirus_ramsarensis_847529_2426362810,© all rights reserved
132865,3433705998,Syrphidae_Chalcosyrphus_jacobsoni_3096391_3433705998,© all rights reserved
132866,3433705998,Syrphidae_Chalcosyrphus_jacobsoni_3096392_3433705998,© all rights reserved
132867,3433705998,Syrphidae_Chalcosyrphus_jacobsoni_3096393_3433705998,© all rights reserved
132868,3433705998,Syrphidae_Chalcosyrphus_jacobsoni_3096394_3433705998,© all rights reserved
132947,1807037450,Syrphidae_Dasysyrphus_hilaris_2814142_1807037450,© all rights reserved
133186,1433736211,Syrphidae_Parasyrphus_tarsatus_736358_1433736211,© all rights reserved
133498,3431632415,Syrphidae_Sphaerophoria_batava_2404967_3431632415,© all rights reserved
133671,1671140638,Syrphidae_Parasyrphus_punctulatus_1433144_1671140638,© all rights reserved
133770,3880293464,Syrphidae_Chamaesyrphus_scaevoides_3353575_3880293464,© all rights reserved
133939,1806896453,Syrphidae_Parasyrphus_macularis_2814107_1806896453,© all rights reserved
133957,1460432649,Syrphidae_Melangyna_guttata_49128_1460432649,© all rights reserved
134001,1851215910,Syrphidae_Dasysyrphus_pinastri_770242_1851215910,© all rights reserved
134312,2336720191,Syrphidae_Parasyrphus_lineolus_839643_2336720191,© all rights reserved
134477,1459372013,Syrphidae_Eupeodes_lundbecki_2116368_1459372013,© all rights reserved
134738,3432484918,Syrphidae_Eupeodes_latifasciatus_3095692_3432484918,© all rights reserved
134746,1460272634,Syrphidae_Criorhina_asilica_739948_1460272634,© all rights reserved
134909,1460185899,Syrphidae_Epistrophe_obscuripes_1428413_1460185899,© all rights reserved
135506,3879911841,Syrphidae_Sphegina_sibirica_594811_3879911841,© all rights reserved
135538,1431375935,Syrphidae_Epistrophe_euchroma_735166_1431375935,© all rights reserved
135880,932268294,Syrphidae_Cheilosia_nigripes_1378327_932268294,© all rights reserved
136000,1432306446,Syrphidae_Syrphus_admirandus_2113901_1432306446,© all rights reserved
136443,1135584963,Syrphidae_Chrysotoxum_octomaculatum_7423_1135584963,© all rights reserved
137072,1884174741,Syrphidae_Sphecomyia_vespiformis_772463_1884174741,© all rights reserved
137073,1884174741,Syrphidae_Sphecomyia_vespiformis_772464_1884174741,© all rights reserved
137116,3857148630,Syrphidae_Pipiza_accola_572269_3857148630,© all rights reserved
137278,3899486461,Syrphidae_Spilomyia_diophthalma_1982630_3899486461,© all rights reserved
137282,2272811014,Syrphidae_Dasysyrphus_pauxillus_835549_2272811014,© all rights reserved
137489,1670880700,Syrphidae_Parasyrphus_vittiger_1433025_1670880700,© all rights reserved
137513,3434115777,Syrphidae_Cheilosia_carbonaria_1717217_3434115777,© all rights reserved
137515,3434115777,Syrphidae_Cheilosia_carbonaria_1717219_3434115777,© all rights reserved
137516,3434115777,Syrphidae_Cheilosia_carbonaria_1717220_3434115777,© all rights reserved
137744,1459894126,Syrphidae_Criorhina_asilica_1427940_1459894126,© all rights reserved
137843,1670216921,Syrphidae_Eoseristalis_cryptarum_53126_1670216921,© all rights reserved
137863,1123287277,Syrphidae_Pipiza_luteitarsis_1386603_1123287277,© all rights reserved
138650,1460185027,Syrphidae_Cheilosia_scutellata_48496_1460185027,© all rights reserved
138734,1432228176,Syrphidae_Melangyna_arctica_735674_1432228176,© all rights reserved
138890,1455766992,Syrphidae_Melangyna_lucifera_2115471_1455766992,© all rights reserved
138927,3430293177,Syrphidae_Platycheirus_rosarum_336502_3430293177,© all rights reserved
139116,1670125583,Syrphidae_Helophilus_groenlandicus_2121989_1670125583,© all rights reserved
139310,2808971694,Syrphidae_Pipiza_luteitarsis_2961488_2808971694,© all rights reserved
139549,1848630254,Syrphidae_Brachyopa_panzeri_2837124_1848630254,© all rights reserved
139927,2809231137,Syrphidae_Pipizella_atra_893653_2809231137,© all rights reserved
139939,1669994677,Syrphidae_Platycheirus_tarsalis_744028_1669994677,© all rights reserved
140023,1123364561,Syrphidae_Volucella_pellucens_2765565_1123364561,© all rights reserved
140158,1459867135,Syrphidae_Syrphus_vitripennis_1427791_1459867135,© all rights reserved
140233,997707479,Syrphidae_Parasyrphus_vittiger_2758636_997707479,© all rights reserved
140273,2273755368,Syrphidae_Sphecomyia_vespiformis_836343_2273755368,© all rights reserved
140331,1459605587,Syrphidae_Dasysyrphus_pinastri_2116608_1459605587,© all rights reserved
140450,3433577768,Syrphidae_Platycheirus_perpallidus_1027903_3433577768,© all rights reserved
140647,932268225,Syrphidae_Sphegina_sibirica_689762_932268225,© all rights reserved
140682,2809701738,Syrphidae_Pipiza_accola_203500_2809701738,© all rights reserved
140902,3767162764,Syrphidae_Melanostoma_mellarium_1238169_3767162764,© all rights reserved
140905,3767162764,Syrphidae_Melanostoma_mellarium_1238172_3767162764,© all rights reserved
140955,3857523876,Syrphidae_Parasyrphus_nigritarsis_3331064_3857523876,© all rights reserved
141308,1459723618,Syrphidae_Melangyna_compositarum_2806371_1459723618,© all rights reserved
141889,2246828519,Syrphidae_Xylota_ignava_827869_2246828519,© all rights reserved
142177,1459981823,Syrphidae_Eumerus_ornatus_2117468_1459981823,© all rights reserved
142181,1136930282,Syrphidae_Temnostoma_meridionale_7576_1136930282,© all rights reserved
142243,1459296497,Syrphidae_Leucozona_laternaria_2805712_1459296497,© all rights reserved
142323,2809672015,Syrphidae_Chalcosyrphus_valgus_203481_2809672015,© all rights reserved
142465,2272437650,Syrphidae_Dasysyrphus_pinastri_835387_2272437650,© all rights reserved
142558,1135027427,Syrphidae_Cheilosia_lineata_1387096_1135027427,© all rights reserved
142589,3767299326,Syrphidae_Brachyopa_pilosa_1238199_3767299326,© all rights reserved
142680,1459074787,Syrphidae_Epistrophe_flava_2116009_1459074787,© all rights reserved
142727,2365736800,Syrphidae_Helophilus_affinis_2217738_2365736800,© all rights reserved
142855,1460575939,Syrphidae_Parasyrphus_malinellus_49396_1460575939,© all rights reserved
142936,2272241704,Syrphidae_Melangyna_lucifera_2903214_2272241704,© all rights reserved
143030,2847525911,Syrphidae_Neocnemodon_pubescens_2993958_2847525911,© all rights reserved
143079,1459784214,Syrphidae_Microdon_mutabilis_2117022_1459784214,© all rights reserved
143297,3857084512,Syrphidae_Cheilosia_rufimana_2639934_3857084512,© all rights reserved
143298,2542480933,Syrphidae_Epistrophe_cryptica_2925301_2542480933,© all rights reserved
143306,3429618171,Syrphidae_Melanogaster_parumplicata_336139_3429618171,© all rights reserved
143307,3429618171,Syrphidae_Melanogaster_parumplicata_336140_3429618171,© all rights reserved
143343,1847904230,Syrphidae_Cheilosia_chrysocoma_769565_1847904230,© all rights reserved
143556,3880109491,Syrphidae_Melangyna_compositarum_594928_3880109491,© all rights reserved
143653,1123073591,Syrphidae_Epistrophe_euchroma_2765431_1123073591,© all rights reserved
143671,1884299761,Syrphidae_Temnostoma_apiforme_2150261_1884299761,© all rights reserved
143927,1213811710,Syrphidae_Microdon_miki_1388946_1213811710,© all rights reserved
144179,3433208517,Syrphidae_Dasysyrphus_pinastri_3096077_3433208517,© all rights reserved
144201,3919814854,Syrphidae_Cheilosia_longula_1333472_3919814854,© all rights reserved
144372,3434079107,Syrphidae_Syrphus_admirandus_2406197_3434079107,© all rights reserved
144403,1123771163,Syrphidae_Chrysogaster_coemiteriorum_2765685_1123771163,© all rights reserved
144483,932004854,Syrphidae_Sphaerophoria_virgata_1378207_932004854,© all rights reserved
144716,2272991498,Syrphidae_Parhelophilus_versicolor_835674_2272991498,© all rights reserved
144723,2272818633,Syrphidae_Microdon_mutabilis_145068_2272818633,© all rights reserved
144926,2272873252,Syrphidae_Eriozona_syrphoides_2213015_2272873252,© all rights reserved
145212,4021051539,Syrphidae_Orthonevra_stackelbergi_2749853_4021051539,© all rights reserved
145281,1432091414,Syrphidae_Sphecomyia_vespiformis_2803115_1432091414,© all rights reserved
145991,3856608248,Syrphidae_Temnostoma_meridionale_571941_3856608248,© all rights reserved
146435,2844415118,Syrphidae_Cheilosia_bergenstammi_922481_2844415118,http://creativecommons.org/licenses/by-nc-nd/4.0/
147232,3718286706,Syrphidae_Neoascia_podagrica_1865275_3718286706,http://creativecommons.org/licenses/by-nc-nd/4.0/
147361,3720262884,Syrphidae_Cheilosia_albitarsis_1179443_3720262884,http://creativecommons.org/licenses/by-nc-nd/4.0/
147501,1959359154,Syrphidae_Cheilosia_proxima_2857264_1959359154,http://creativecommons.org/licenses/by-nc-nd/4.0/
147838,3905728505,Syrphidae_Chrysotoxum_verralli_2692457_3905728505,http://creativecommons.org/licenses/by-nc-nd/4.0/
150216,1987595881,Syrphidae_Neocnemodon_larusi_126108_1987595881,© All rights reserved
150247,2403251907,Syrphidae_Parasyrphus_lineolus_842991_2403251907,© All rights reserved
150448,2406557428,Syrphidae_Spilomyia_diophthalma_2221415_2406557428,© All rights reserved
150505,3440269385,Syrphidae_Parasyrphus_malinellus_1028525_3440269385,© All rights reserved
150640,2398593116,Syrphidae_Portevinia_maculata_151707_2398593116,© All rights reserved
150850,2863492393,Syrphidae_Orthonevra_geniculata_1622759_2863492393,© All rights reserved
150859,3303424445,Syrphidae_Orthonevra_geniculata_291647_3303424445,© All rights reserved
151018,1823675941,Syrphidae_Platycheirus_groenlandicus_2125156_1823675941,© All rights reserved
151095,2627099020,Syrphidae_Temnostoma_apiforme_1570412_2627099020,© All rights reserved
151097,2627099020,Syrphidae_Temnostoma_apiforme_1570414_2627099020,© All rights reserved
151163,1823085595,Syrphidae_Psilota_atra_2125047_1823085595,© All rights reserved
151273,3329879489,Syrphidae_Xylota_ignava_991335_3329879489,© All rights reserved
151276,2247855486,Syrphidae_Eoseristalis_oestracea_1516492_2247855486,© All rights reserved
151383,2406036079,Syrphidae_Parasyrphus_malinellus_1532313_2406036079,© All rights reserved
151493,2248865006,Syrphidae_Platycheirus_parmatus_1517646_2248865006,http://creativecommons.org/licenses/by-nc-sa/4.0/
151499,2248865001,Syrphidae_Platycheirus_transfugus_1517645_2248865001,http://creativecommons.org/licenses/by-nc-sa/4.0/
151504,3442076126,Syrphidae_Pseudopelecocera_latifrons_3139222_3442076126,http://creativecommons.org/licenses/by-nc-sa/4.0/
151535,2251016207,Syrphidae_Parasyrphus_malinellus_1519918_2251016207,http://creativecommons.org/licenses/by-nc-sa/4.0/
151547,2251017566,Syrphidae_Pipiza_fenestrata_831582_2251017566,http://creativecommons.org/licenses/by-nc-sa/4.0/
151702,1428211617,Syrphidae_Parasyrphus_vittiger_2113029_1428211617,© all rights reserved
153326,1970750023,Syrphidae_Melanostoma_scalare_806317_1970750023,http://creativecommons.org/licenses/by-nc-sa/4.0/
154026,1968616478,Syrphidae_Platycheirus_peltatus_111213_1968616478,http://creativecommons.org/licenses/by-nc-nd/4.0/
154027,1968616478,Syrphidae_Platycheirus_peltatus_111214_1968616478,http://creativecommons.org/licenses/by-nc-nd/4.0/
154649,3996332808,Syrphidae_Volucella_zonaria_2046908_3996332808,http://creativecommons.org/licenses/by-nc/4.0/
155189,2837366812,Syrphidae_Cheilosia_ranunculi_1598618_2837366812,http://creativecommons.org/licenses/by-nc-nd/4.0/
155285,3718189016,Syrphidae_Cheilosia_impressa_2554247_3718189016,http://creativecommons.org/licenses/by-nc-nd/4.0/
155652,2842485138,Syrphidae_Eriozona_annulipes_918805_2842485138,http://creativecommons.org/licenses/by-nc/4.0/
156375,2815257596,Syrphidae_Platycheirus_parmatus_1585215_2815257596,© All rights reserved
156546,3970216607,Syrphidae_Platycheirus_naso_1346681_3970216607,© All rights reserved
156711,3303271580,Syrphidae_Cheilosia_pagana_291550_3303271580,© All rights reserved
156739,2403876757,Syrphidae_Cheilosia_mutabilis_1531773_2403876757,http://creativecommons.org/licenses/by-sa/4.0/
156855,2408997968,Syrphidae_Platycheirus_ambiguum_2912744_2408997968,© All rights reserved
157558,3823474596,Syrphidae_Cheilosia_grossa_1250723_3823474596,http://creativecommons.org/licenses/by-nc-nd/4.0/
158901,3731348463,Syrphidae_Rhingia_campestris_1911137_3731348463,http://creativecommons.org/licenses/by-nc-nd/4.0/
159301,1958392553,Syrphidae_Parasyrphus_punctulatus_2166287_1958392553,http://creativecommons.org/licenses/by-nc-nd/4.0/
161122,3996058063,Syrphidae_Rhingia_rostrata_668714_3996058063,http://creativecommons.org/licenses/by-nc/4.0/
161368,1937541324,Syrphidae_Melangyna_arctica_85935_1937541324,© All rights reserved
161788,3110621440,Syrphidae_Platycheirus_occultus_3042251_3110621440,http://creativecommons.org/licenses/by/4.0/
161865,2006114134,Syrphidae_Sphaerophoria_bankowskae_2891510_2006114134,© All rights reserved
161882,3412016397,Syrphidae_Platycheirus_nielseni_1710933_3412016397,© All rights reserved
161970,1632778725,Syrphidae_Ischiodon_scutellaris_742119_1632778725,http://creativecommons.org/licenses/by-nc-sa/4.0/
162003,2818312303,Syrphidae_Cheilosia_alpina_206256_2818312303,http://creativecommons.org/licenses/by-nc-sa/4.0/
162004,2818312303,Syrphidae_Cheilosia_alpina_206257_2818312303,http://creativecommons.org/licenses/by-nc-sa/4.0/
162005,2818312303,Syrphidae_Cheilosia_alpina_206258_2818312303,http://creativecommons.org/licenses/by-nc-sa/4.0/
162006,2818312303,Syrphidae_Cheilosia_alpina_206259_2818312303,http://creativecommons.org/licenses/by-nc-sa/4.0/
162106,2403035433,Syrphidae_Platycheirus_aurolateralis_152739_2403035433,© All rights reserved
162240,2332743145,Syrphidae_Brachyopa_obscura_2907638_2332743145,© All rights reserved
162367,2405457399,Syrphidae_Helophilus_affinis_2221159_2405457399,© All rights reserved
162418,2423341998,Syrphidae_Xanthandrus_comtus_157242_2423341998,© All rights reserved
162451,2405291107,Syrphidae_Melangyna_coei_843472_2405291107,© All rights reserved
162476,1825454247,Syrphidae_Melangyna_coei_747574_1825454247,© All rights reserved
162479,2402602329,Syrphidae_Epistrophe_nitidicollis_2220517_2402602329,© All rights reserved
162510,3332686360,Syrphidae_Platycheirus_ramsarensis_3062241_3332686360,© All rights reserved
162576,3962789447,Syrphidae_Sphaerophoria_virgata_654938_3962789447,© All rights reserved
162687,2405559438,Syrphidae_Psilota_atra_153289_2405559438,© All rights reserved
162715,1883081442,Syrphidae_Callicera_aenea_80067_1883081442,© All rights reserved
162813,2409425160,Syrphidae_Cheilosia_longula_154203_2409425160,http://creativecommons.org/licenses/by-nc-sa/4.0/
162823,2816652481,Syrphidae_Brachypalpus_laphriformis_1585611_2816652481,© All rights reserved
162833,2406277683,Syrphidae_Orthonevra_stackelbergi_153442_2406277683,http://creativecommons.org/licenses/by/4.0/
162863,3335767410,Syrphidae_Eumerus_sabulonum_308208_3335767410,© All rights reserved
162990,2411137865,Syrphidae_Brachyopa_ferruginea_154598_2411137865,© All rights reserved
163003,3864295458,Syrphidae_Eoseristalis_rupium_2655186_3864295458,© All rights reserved
163147,2403292223,Syrphidae_Cheilosia_vernalis_1531637_2403292223,© All rights reserved
163234,2964062450,Syrphidae_Platycheirus_rosarum_1631174_2964062450,© All rights reserved
163306,2404268344,Syrphidae_Cheilosia_mutabilis_152980_2404268344,http://creativecommons.org/licenses/by/4.0/
163398,3970155363,Syrphidae_Epistrophe_olgae_2035850_3970155363,© All rights reserved
163670,2408881265,Syrphidae_Melangyna_arctica_844205_2408881265,© All rights reserved
163699,3310050395,Syrphidae_Eoseristalis_picea_3052019_3310050395,© All rights reserved
163709,1933149890,Syrphidae_Eoseristalis_abusivus_2843661_1933149890,© All rights reserved
164519,2845261737,Syrphidae_Merodon_cinereus_234565_2845261737,http://creativecommons.org/licenses/by-nc/4.0/
164521,2845261737,Syrphidae_Merodon_cinereus_234567_2845261737,http://creativecommons.org/licenses/by-nc/4.0/
164938,3996493235,Syrphidae_Myathropa_florea_3427755_3996493235,http://creativecommons.org/licenses/by-nc-nd/4.0/
165289,3722377216,Syrphidae_Callicera_spinolae_3261601_3722377216,http://creativecommons.org/licenses/by-nc/4.0/
165657,3824517338,Syrphidae_Chrysotoxum_octomaculatum_3322588_3824517338,http://creativecommons.org/licenses/by-nc-nd/4.0/
165891,3732652667,Syrphidae_Cheilosia_caerulescens_1917767_3732652667,http://creativecommons.org/licenses/by-nc-nd/4.0/
166090,1952623406,Syrphidae_Leucozona_laternaria_88517_1952623406,http://creativecommons.org/licenses/by-nc-nd/4.0/
166687,1961945067,Syrphidae_Eoseristalis_arbustorum_793396_1961945067,http://creativecommons.org/licenses/by-nc-nd/4.0/
166706,3825796290,Syrphidae_Cheilosia_semifasciata_2634725_3825796290,http://creativecommons.org/licenses/by-nc-nd/4.0/
167356,3725311433,Syrphidae_Eumerus_strigatus_509159_3725311433,http://creativecommons.org/licenses/by-nc-nd/4.0/
167460,1973231571,Syrphidae_Cheilosia_carbonaria_2187432_1973231571,http://creativecommons.org/licenses/by-nc-nd/4.0/
168348,3727516586,Syrphidae_Cheilosia_vernalis_517987_3727516586,http://creativecommons.org/licenses/by-nc-nd/4.0/
168721,3827064718,Syrphidae_Ferdinandea_ruficornis_570154_3827064718,http://creativecommons.org/licenses/by-nc-nd/4.0/
170412,1977632238,Syrphidae_Melangyna_lasiophthalma_816251_1977632238,http://creativecommons.org/licenses/by-nc/4.0/
171792,2837432657,Syrphidae_Lejops_lineata_2287866_2837432657,http://creativecommons.org/licenses/by-nc-nd/4.0/
171915,3730988510,Syrphidae_Lejops_lineata_3289108_3730988510,http://creativecommons.org/licenses/by-nc-nd/4.0/
172553,3430510812,Syrphidae_Paragus_finitimus_2404398_3430510812,© all rights reserved
172664,1052877239,Syrphidae_Xylota_meigeniana_2073419_1052877239,© all rights reserved
172732,1432527782,Syrphidae_Doros_profuges_735868_1432527782,© all rights reserved
172740,1431546117,Syrphidae_Microdon_analis_2113409_1431546117,© all rights reserved
172749,3433308340,Syrphidae_Chamaesyrphus_caledonica_3096144_3433308340,© all rights reserved
172752,3433308340,Syrphidae_Chamaesyrphus_caledonica_3096147_3433308340,© all rights reserved
172899,1821044168,Syrphidae_Cheilosia_melanopa_55907_1821044168,© all rights reserved
172900,1821044168,Syrphidae_Cheilosia_melanopa_55908_1821044168,© all rights reserved
173347,2808794772,Syrphidae_Cheilosia_urbana_2961430_2808794772,© all rights reserved
173915,3768264182,Syrphidae_Cheilosia_morio_3307660_3768264182,© all rights reserved
173942,1461242506,Syrphidae_Cheilosia_chrysocoma_1429420_1461242506,© all rights reserved
174227,1969058393,Syrphidae_Triglyphus_primus_1491017_1969058393,http://creativecommons.org/licenses/by-nc-nd/4.0/
174294,3731205220,Syrphidae_Melangyna_cingulata_532143_3731205220,http://creativecommons.org/licenses/by-nc-nd/4.0/
175338,3996729129,Syrphidae_Eoseristalis_nemorum_2738523_3996729129,http://creativecommons.org/licenses/by-nc-nd/4.0/
177129,3391318822,Syrphidae_Sericomyia_superbiens_1015372_3391318822,http://creativecommons.org/licenses/by-nc/4.0/
177131,3070300960,Syrphidae_Platycheirus_tarsalis_275039_3070300960,http://creativecommons.org/licenses/by/4.0/
177772,3031824915,Syrphidae_Merodon_constans_956293_3031824915,http://creativecommons.org/licenses/by/4.0/
178120,3302218191,Syrphidae_Temnostoma_bombylans_980065_3302218191,http://creativecommons.org/licenses/by-nc/4.0/
178668,3764966312,Syrphidae_Pipiza_accola_1927489_3764966312,© All rights reserved
178669,3764966312,Syrphidae_Pipiza_accola_1927490_3764966312,© All rights reserved
178820,2317110665,Syrphidae_Eoseristalis_rupium_2906999_2317110665,© All rights reserved
178903,3966126529,Syrphidae_Platycheirus_tarsalis_3414689_3966126529,http://creativecommons.org/licenses/by/4.0/
178931,2467946735,Syrphidae_Neoascia_geniculata_1543951_2467946735,© All rights reserved
178990,2398348129,Syrphidae_Melangyna_compositarum_1530468_2398348129,© All rights reserved
179130,3342135400,Syrphidae_Sericomyia_silentis_2380332_3342135400,© All rights reserved
179312,2863542406,Syrphidae_Sphaerophoria_interrupta_2312656_2863542406,© All rights reserved
179335,1883037404,Syrphidae_Callicera_aenea_2838549_1883037404,http://creativecommons.org/licenses/by-sa/4.0/
179338,2408681485,Syrphidae_Platycheirus_kittilaensis_2221931_2408681485,© All rights reserved
179339,2408681485,Syrphidae_Platycheirus_kittilaensis_2221932_2408681485,© All rights reserved
179341,2408681485,Syrphidae_Platycheirus_kittilaensis_2221934_2408681485,© All rights reserved
179342,2408681485,Syrphidae_Platycheirus_kittilaensis_2221935_2408681485,© All rights reserved
179404,2873031477,Syrphidae_Psilota_atra_937109_2873031477,© All rights reserved
179406,2873031477,Syrphidae_Psilota_atra_937111_2873031477,© All rights reserved
179433,1824579181,Syrphidae_Parasyrphus_tarsatus_56404_1824579181,© All rights reserved
179509,3309931482,Syrphidae_Trichopsomyia_flavitarsis_3051955_3309931482,© All rights reserved
179631,2401699895,Syrphidae_Trichopsomyia_flavitarsis_2910910_2401699895,http://creativecommons.org/licenses/by/4.0/
179704,2411273279,Syrphidae_Melangyna_lasiophthalma_154631_2411273279,© All rights reserved
179709,2403636998,Syrphidae_Xylota_jakutorum_2220775_2403636998,© All rights reserved
179810,2409800529,Syrphidae_Cheilosia_sootryeni_844451_2409800529,© All rights reserved
179811,2409800529,Syrphidae_Cheilosia_sootryeni_844452_2409800529,© All rights reserved
179841,3303120115,Syrphidae_Cheilosia_flavipes_1669735_3303120115,© All rights reserved
179887,3400453456,Syrphidae_Chrysogaster_aerosa_3088797_3400453456,© All rights reserved
181843,3058756872,Syrphidae_Dasysyrphus_albostriatus_1649691_3058756872,http://creativecommons.org/licenses/by-nc/4.0/
182037,2883165705,Syrphidae_Sericomyia_bombiformis_249170_2883165705,http://creativecommons.org/licenses/by/4.0/
182338,3044630341,Syrphidae_Paragus_bicolor_959776_3044630341,http://creativecommons.org/licenses/by-nc/4.0/
183122,3753085495,Syrphidae_Sericomyia_jakutica_1232488_3753085495,© All rights reserved
183123,3753085495,Syrphidae_Sericomyia_jakutica_1232489_3753085495,© All rights reserved
183124,3753085495,Syrphidae_Sericomyia_jakutica_1232490_3753085495,© All rights reserved
183257,2408440830,Syrphidae_Platycheirus_jaerensis_153992_2408440830,© All rights reserved
183306,2627611472,Syrphidae_Parasyrphus_macularis_191222_2627611472,© All rights reserved
183313,2901392451,Syrphidae_Cheilosia_velutina_3008938_2901392451,© All rights reserved
183477,3400456420,Syrphidae_Sphaerophoria_fatarum_2398630_3400456420,© All rights reserved
183497,1949289954,Syrphidae_Cheilosia_vicina_1465932_1949289954,© All rights reserved
183550,3696909387,Syrphidae_Platycheirus_naso_3230512_3696909387,© All rights reserved
183552,3696909387,Syrphidae_Platycheirus_naso_3230514_3696909387,© All rights reserved
183553,3696909387,Syrphidae_Platycheirus_naso_3230515_3696909387,© All rights reserved
183704,2403698353,Syrphidae_Dasysyrphus_pinastri_843096_2403698353,© All rights reserved
183763,3451443344,Syrphidae_Cheilosia_latifrons_2523114_3451443344,© All rights reserved
183859,2863421411,Syrphidae_Chamaesyrphus_caledonica_244452_2863421411,© All rights reserved
184090,2621915830,Syrphidae_Eumerus_barbarus_2257126_2621915830,
184148,2621919424,Syrphidae_Merodon_rufus_879333_2621919424,
184179,2621921155,Syrphidae_Chamaesyrphus_trifasciata_189255_2621921155,
184318,2621931568,Syrphidae_Eumerus_sabulonum_2947627_2621931568,
184576,2621958698,Syrphidae_Cheilosia_griseiventris_1568571_2621958698,
184578,2621958703,Syrphidae_Eumerus_amoenus_2947728_2621958703,
185173,3061665427,Syrphidae_Myolepta_vara_962887_3061665427,http://creativecommons.org/licenses/by-nc/4.0/
185174,3061665427,Syrphidae_Myolepta_vara_962888_3061665427,http://creativecommons.org/licenses/by-nc/4.0/
185544,2294507512,Syrphidae_Epistrophe_leiophthalma_1526120_2294507512,http://creativecommons.org/licenses/by-nc/4.0/
185545,2294507512,Syrphidae_Epistrophe_leiophthalma_1526121_2294507512,http://creativecommons.org/licenses/by-nc/4.0/
185570,3961346431,Syrphidae_Epistrophe_euchroma_1342614_3961346431,http://creativecommons.org/licenses/by/4.0/
185735,3892672129,Syrphidae_Leucozona_glaucia_1982028_3892672129,http://creativecommons.org/licenses/by-nc/4.0/
186042,3986099645,Syrphidae_Syrphus_ribesii_3418301_3986099645,http://creativecommons.org/licenses/by-nc/4.0/
186740,3385132468,Syrphidae_Milesia_crabroniformis_1703267_3385132468,http://creativecommons.org/licenses/by-nc/4.0/
187030,3044698572,Syrphidae_Cheilosia_nebulosa_959956_3044698572,http://creativecommons.org/licenses/by-sa/4.0/
187032,3044698572,Syrphidae_Cheilosia_nebulosa_959958_3044698572,http://creativecommons.org/licenses/by-sa/4.0/
187061,3067997680,Syrphidae_Eumerus_obliquus_1653118_3067997680,http://creativecommons.org/licenses/by-nc/4.0/
187385,3337812378,Syrphidae_Chrysogaster_cemiteriorum_2378837_3337812378,http://creativecommons.org/licenses/by-nc/4.0/
187658,3432966444,Syrphidae_Lejops_interpuncta_2405611_3432966444,© all rights reserved
189261,3005256598,Syrphidae_Dasysyrphus_eggeri_3019256_3005256598,http://creativecommons.org/licenses/by-nc/4.0/
189262,3005256598,Syrphidae_Dasysyrphus_eggeri_3019257_3005256598,http://creativecommons.org/licenses/by-nc/4.0/
189299,3328066334,Syrphidae_Sphaerophoria_menthastri_301019_3328066334,http://creativecommons.org/licenses/by-nc/4.0/
189422,3039113631,Syrphidae_Merodon_setosus_957902_3039113631,http://creativecommons.org/licenses/by-nc/4.0/
189513,3988561369,Syrphidae_Epistrophe_melanostoma_662134_3988561369,http://creativecommons.org/licenses/by-nc/4.0/
189672,1703147673,Syrphidae_Helophilus_trivittatus_54363_1703147673,http://creativecommons.org/licenses/by-nc/4.0/
190043,3456581081,Syrphidae_Eupeodes_lapponicus_2530720_3456581081,http://creativecommons.org/licenses/by-nc/4.0/
190144,3499462351,Syrphidae_Copestylum_melleum_3229821_3499462351,http://creativecommons.org/licenses/by-nc/4.0/
190242,3384560866,Syrphidae_Syritta_pipiens_2390192_3384560866,http://creativecommons.org/licenses/by-nc/4.0/
190502,3307213356,Syrphidae_Doros_profuges_2360492_3307213356,http://creativecommons.org/licenses/by-nc/4.0/
190670,3860490492,Syrphidae_Temnostoma_meridionale_585987_3860490492,http://creativecommons.org/licenses/by-nc/4.0/
190758,3881623726,Syrphidae_Cheilosia_illustrata_2665319_3881623726,http://creativecommons.org/licenses/by-nc/4.0/
190929,3902125256,Syrphidae_Platycheirus_fulviventris_1983602_3902125256,http://creativecommons.org/licenses/by-nc/4.0/
191229,2409656995,Syrphidae_Brachyopa_testacea_1533247_2409656995,© All rights reserved
191263,2822889482,Syrphidae_Lejota_ruficornis_2966147_2822889482,© All rights reserved
191332,3303147849,Syrphidae_Cheilosia_psilophthalma_291454_3303147849,© All rights reserved
191376,1883180364,Syrphidae_Dasysyrphus_hilaris_2148707_1883180364,© All rights reserved
191410,2421657853,Syrphidae_Xylota_meigeniana_845159_2421657853,© All rights reserved
191653,2332677725,Syrphidae_Brachyopa_obscura_2907599_2332677725,© All rights reserved
191704,2397925403,Syrphidae_Chrysotoxum_fasciata_1530365_2397925403,© All rights reserved
191739,2467852222,Syrphidae_Cheilosia_flavissima_2923491_2467852222,© All rights reserved
192065,1824853049,Syrphidae_Platycheirus_occultus_2125334_1824853049,© All rights reserved
192069,2569364156,Syrphidae_Brachyopa_ferruginea_1560402_2569364156,© All rights reserved
192141,2410410819,Syrphidae_Eupeodes_lundbecki_154444_2410410819,© All rights reserved
192194,2402650598,Syrphidae_Xylota_jakutorum_2911155_2402650598,http://creativecommons.org/licenses/by-sa/4.0/
192219,3462920388,Syrphidae_Platycheirus_hyperboreus_3223883_3462920388,© All rights reserved
192391,2401953888,Syrphidae_Melanostoma_dubium_2910966_2401953888,© All rights reserved
192392,3696965451,Syrphidae_Cheilosia_angustigenis_2540419_3696965451,© All rights reserved
192393,3696965451,Syrphidae_Cheilosia_angustigenis_2540420_3696965451,© All rights reserved
192500,2405812476,Syrphidae_Sericomyia_lappona_2911897_2405812476,© All rights reserved
192523,1844031874,Syrphidae_Syrphus_sexmaculatus_2831390_1844031874,© All rights reserved
192526,2408327134,Syrphidae_Epistrophe_obscuripes_844097_2408327134,© All rights reserved
192533,3451450474,Syrphidae_Platycheirus_laskai_455122_3451450474,© All rights reserved
192534,3451450474,Syrphidae_Platycheirus_laskai_455123_3451450474,© All rights reserved
192537,3451450474,Syrphidae_Platycheirus_laskai_455126_3451450474,© All rights reserved
192539,3451450474,Syrphidae_Platycheirus_laskai_455128_3451450474,© All rights reserved
192652,2332794893,Syrphidae_Brachyopa_obscura_149248_2332794893,© All rights reserved
192832,3873453611,Syrphidae_Eoseristalis_cryptarum_3349467_3873453611,http://creativecommons.org/publicdomain/zero/1.0/
193036,3457030277,Syrphidae_Lejops_willingii_464136_3457030277,http://creativecommons.org/licenses/by-nc/4.0/
193475,2626557278,Syrphidae_Volucella_elegans_190877_2626557278,http://creativecommons.org/licenses/by-nc/4.0/
193771,4018221523,Syrphidae_Temnostoma_angustistriatum_1369554_4018221523,http://creativecommons.org/licenses/by/4.0/
194195,3456166042,Syrphidae_Eoseristalis_abusivus_3219073_3456166042,http://creativecommons.org/licenses/by-nc/4.0/
195121,2826134842,Syrphidae_Volucella_inanis_2277091_2826134842,http://creativecommons.org/licenses/by-nc/4.0/
195336,3859035079,Syrphidae_Eristalinus_sepulchralis_1268254_3859035079,http://creativecommons.org/licenses/by-nc/4.0/
195344,3873386445,Syrphidae_Chalcosyrphus_femoratus_3349128_3873386445,http://creativecommons.org/licenses/by-nc/4.0/
196348,2842339369,Syrphidae_Chamaesyrphus_nigricornis_228101_2842339369,http://creativecommons.org/licenses/by-nc-nd/4.0/
196349,2842339369,Syrphidae_Chamaesyrphus_nigricornis_228102_2842339369,http://creativecommons.org/licenses/by-nc-nd/4.0/
197001,1971054353,Syrphidae_Syrphus_torvus_1494983_1971054353,http://creativecommons.org/licenses/by-nc/4.0/
197530,3720430778,Syrphidae_Brachypalpoides_lentus_491018_3720430778,http://creativecommons.org/licenses/by-nc-nd/4.0/
197594,1958266087,Syrphidae_Cheilosia_uviformis_97580_1958266087,http://creativecommons.org/licenses/by-nc-nd/4.0/
199763,1953532592,Syrphidae_Eoseristalis_pertinax_2158819_1953532592,http://creativecommons.org/licenses/by-nc/4.0/
201207,3058713952,Syrphidae_Melangyna_quadrimaculata_3029431_3058713952,http://creativecommons.org/licenses/by/4.0/
201937,4006599606,Syrphidae_Brachyopa_maculipennis_674682_4006599606,http://creativecommons.org/licenses/by-nc/4.0/
201961,3031974979,Syrphidae_Xylota_florum_1645744_3031974979,http://creativecommons.org/licenses/by/4.0/
202177,3314373313,Syrphidae_Temnostoma_sericomyiaeforme_294436_3314373313,http://creativecommons.org/licenses/by-nc/4.0/
202408,3330411887,Syrphidae_Volucella_varipila_301463_3330411887,http://creativecommons.org/licenses/by-nc/4.0/
203064,3447712703,Syrphidae_Eriozona_erraticus_1143636_3447712703,http://creativecommons.org/licenses/by-sa/4.0/
203087,3447713254,Syrphidae_Platycheirus_podagratus_2522182_3447713254,http://creativecommons.org/licenses/by-sa/4.0/
203089,3447713270,Syrphidae_Platycheirus_europaeus_1143645_3447713270,http://creativecommons.org/licenses/by-sa/4.0/
203117,3447713629,Syrphidae_Platycheirus_subordinatus_3212384_3447713629,http://creativecommons.org/licenses/by-sa/4.0/
203118,3447713632,Syrphidae_Platycheirus_subordinatus_2522186_3447713632,http://creativecommons.org/licenses/by-sa/4.0/
203119,3447713692,Syrphidae_Platycheirus_aeratus_3212385_3447713692,http://creativecommons.org/licenses/by-sa/4.0/
203120,3447713644,Syrphidae_Platycheirus_kittilaensis_1143652_3447713644,http://creativecommons.org/licenses/by-sa/4.0/
203121,3447713657,Syrphidae_Platycheirus_groenlandicus_454266_3447713657,http://creativecommons.org/licenses/by-sa/4.0/
203123,3447713742,Syrphidae_Neocnemodon_larusi_454267_3447713742,http://creativecommons.org/licenses/by-sa/4.0/
203126,3447713755,Syrphidae_Dasysyrphus_postclaviger_3212387_3447713755,http://creativecommons.org/licenses/by-sa/4.0/
203176,3447714198,Syrphidae_Cheilosia_flavipes_1143665_3447714198,http://creativecommons.org/licenses/by-sa/4.0/
203191,3447715035,Syrphidae_Dasysyrphus_hilaris_1833135_3447715035,http://creativecommons.org/licenses/by-sa/4.0/
203210,3447716706,Syrphidae_Cheilosia_pubera_2522207_3447716706,http://creativecommons.org/licenses/by-sa/4.0/
203217,3447717044,Syrphidae_Cheilosia_naruska_3212401_3447717044,http://creativecommons.org/licenses/by-sa/4.0/
203218,3447717075,Syrphidae_Cheilosia_rufimana_2522210_3447717075,http://creativecommons.org/licenses/by-sa/4.0/
203221,3447717547,Syrphidae_Orthonevra_plumbago_1833139_3447717547,http://creativecommons.org/licenses/by-sa/4.0/
203229,3447718093,Syrphidae_Eristalis_alpina_3212408_3447718093,http://creativecommons.org/licenses/by-sa/4.0/
203238,3447719685,Syrphidae_Sphaerophoria_laurae_1833144_3447719685,http://creativecommons.org/licenses/by-sa/4.0/
203305,3447733397,Syrphidae_Neocnemodon_larusi_2522258_3447733397,http://creativecommons.org/licenses/by-sa/4.0/
203306,3447733390,Syrphidae_Neocnemodon_vitripennis_1143710_3447733390,http://creativecommons.org/licenses/by-sa/4.0/
203440,3447735795,Syrphidae_Orthonevra_stackelbergi_1833211_3447735795,http://creativecommons.org/licenses/by-sa/4.0/
203493,3447738540,Syrphidae_Cheilosia_morio_2522301_3447738540,http://creativecommons.org/licenses/by-sa/4.0/
203498,3447738573,Syrphidae_Cheilosia_pubera_3212503_3447738573,http://creativecommons.org/licenses/by-sa/4.0/
203500,3447738584,Syrphidae_Cheilosia_pubera_1143761_3447738584,http://creativecommons.org/licenses/by-sa/4.0/
203516,3447739015,Syrphidae_Cheilosia_pagana_1143767_3447739015,http://creativecommons.org/licenses/by-sa/4.0/
203525,3447739150,Syrphidae_Cheilosia_pubera_1143771_3447739150,http://creativecommons.org/licenses/by-sa/4.0/
203543,3447740217,Syrphidae_Trichopsomyia_joratensis_1833227_3447740217,http://creativecommons.org/licenses/by-sa/4.0/
203557,3447740285,Syrphidae_Brachyopa_ferruginea_1833230_3447740285,http://creativecommons.org/licenses/by-sa/4.0/
203578,3447746767,Syrphidae_Temnostoma_carens_2522334_3447746767,http://creativecommons.org/licenses/by-sa/4.0/
203583,3447749182,Syrphidae_Eoseristalis_rossicus_1833249_3447749182,http://creativecommons.org/licenses/by-sa/4.0/
203616,3447755204,Syrphidae_Chrysosyrphus_nasuta_3212541_3447755204,http://creativecommons.org/licenses/by-sa/4.0/
203619,3447755236,Syrphidae_Dasysyrphus_postclaviger_3212542_3447755236,http://creativecommons.org/licenses/by-sa/4.0/
203622,3447755420,Syrphidae_Dasysyrphus_nigricornis_3212543_3447755420,http://creativecommons.org/licenses/by-sa/4.0/
203630,3447755819,Syrphidae_Chrysosyrphus_niger_1143804_3447755819,http://creativecommons.org/licenses/by-sa/4.0/
203631,3447755871,Syrphidae_Chalcosyrphus_nigripes_3212545_3447755871,http://creativecommons.org/licenses/by-sa/4.0/
203689,3447757304,Syrphidae_Neocnemodon_pubescens_1833283_3447757304,http://creativecommons.org/licenses/by-sa/4.0/
203719,3447758754,Syrphidae_Eupeodes_punctifer_1833299_3447758754,http://creativecommons.org/licenses/by-sa/4.0/
203729,3447761242,Syrphidae_Orthonevra_elegans_2522376_3447761242,http://creativecommons.org/licenses/by-sa/4.0/
203732,3447764946,Syrphidae_Parhelophilus_sibiricus_1833310_3447764946,http://creativecommons.org/licenses/by-sa/4.0/
203733,3447765955,Syrphidae_Trichopsomyia_joratensis_2522382_3447765955,http://creativecommons.org/licenses/by-sa/4.0/
203741,3447773301,Syrphidae_Cheilosia_barbata_1833316_3447773301,http://creativecommons.org/licenses/by-sa/4.0/
203831,1995162151,Syrphidae_Xylota_florum_2200688_1995162151,© all rights reserved
203836,1136942727,Syrphidae_Sericomyia_superbiens_1387423_1136942727,© all rights reserved
203864,3880490417,Syrphidae_Eumerus_flavitarsis_1284161_3880490417,© all rights reserved
204426,3767152841,Syrphidae_Platycheirus_fulviventris_1238166_3767152841,© all rights reserved
205317,2406022842,Syrphidae_Sphegina_clunipes_153393_2406022842,© All rights reserved
205327,2408243715,Syrphidae_Syrphus_sexmaculatus_2221837_2408243715,© All rights reserved
205381,2384088623,Syrphidae_Syrphus_admirandus_2909077_2384088623,© All rights reserved
205428,3816563483,Syrphidae_Pipiza_quadrimaculata_558425_3816563483,http://creativecommons.org/licenses/by-nc-sa/4.0/
205461,2815217438,Syrphidae_Criorhina_asilica_2273870_2815217438,http://creativecommons.org/licenses/by-sa/4.0/
205555,2844403292,Syrphidae_Chrysogaster_nuda_922453_2844403292,http://creativecommons.org/licenses/by-nc-nd/4.0/
205843,2841477927,Syrphidae_Pipizella_viduata_1604521_2841477927,http://creativecommons.org/licenses/by-nc-nd/4.0/
205913,2836709983,Syrphidae_Sphaerophoria_rueppellii_2976494_2836709983,http://creativecommons.org/licenses/by-nc-nd/4.0/
206429,1976635492,Syrphidae_Eumerus_sabulonum_123623_1976635492,http://creativecommons.org/licenses/by-nc-nd/4.0/
206430,1976635492,Syrphidae_Eumerus_sabulonum_123624_1976635492,http://creativecommons.org/licenses/by-nc-nd/4.0/
207296,1962676748,Syrphidae_Chalcosyrphus_nemorum_2861705_1962676748,http://creativecommons.org/licenses/by-nc-nd/4.0/
207582,3717734818,Syrphidae_Callicera_aurata_2552318_3717734818,http://creativecommons.org/licenses/by-nc/4.0/
207597,2840932938,Syrphidae_Epistrophe_olgae_2983215_2840932938,http://creativecommons.org/licenses/by-nc-nd/4.0/
207782,2399693387,Syrphidae_Chrysotoxum_vernale_2910406_2399693387,© All rights reserved
207879,2405986260,Syrphidae_Cheilosia_longula_1532295_2405986260,© All rights reserved
208026,2816537331,Syrphidae_Parasyrphus_tarsatus_2274190_2816537331,© All rights reserved
209063,3333292457,Syrphidae_Mallota_megilliformis_305025_3333292457,http://creativecommons.org/licenses/by-nc/4.0/
209462,2542807220,Syrphidae_Lejops_lineatus_858228_2542807220,
210480,1846731378,Syrphidae_Lejops_lineatus_2831726_1846731378,
210537,1846806741,Syrphidae_Lejops_lineatus_764949_1846806741,
210701,1846744182,Syrphidae_Lejops_lineatus_764241_1846744182,
211568,2409019488,Syrphidae_Eriozona_erratica_1533081_2409019488,© All rights reserved
211628,1845272340,Syrphidae_Platycheirus_discimanus_1452649_1845272340,© All rights reserved
211912,1460325068,Syrphidae_Eumerus_grandis_740118_1460325068,© all rights reserved
213211,1958389446,Syrphidae_Cheilosia_albipila_97789_1958389446,http://creativecommons.org/licenses/by-nc-nd/4.0/
213364,1955815416,Syrphidae_Chrysogaster_aerosa_784610_1955815416,http://creativecommons.org/licenses/by-nc-nd/4.0/
214420,3907153746,Syrphidae_Myathropa_florea_1321869_3907153746,http://creativecommons.org/licenses/by-nc-nd/4.0/
214513,1976680531,Syrphidae_Platycheirus_rosarum_2882094_1976680531,http://creativecommons.org/licenses/by-nc/4.0/
216317,3996047216,Syrphidae_Melangyna_cingulata_2735958_3996047216,http://creativecommons.org/licenses/by-nc-nd/4.0/
216619,3824014286,Syrphidae_Brachypalpus_laphriformis_2630411_3824014286,http://creativecommons.org/licenses/by-nc-nd/4.0/
218045,3826111836,Syrphidae_Criorhina_floccosa_1257117_3826111836,http://creativecommons.org/licenses/by-nc-nd/4.0/
218801,3825790356,Syrphidae_Lejops_interpuncta_567065_3825790356,http://creativecommons.org/licenses/by-nc-nd/4.0/
219093,3728706215,Syrphidae_Doros_profuges_1210586_3728706215,http://creativecommons.org/licenses/by-nc-nd/4.0/
219813,1973983140,Syrphidae_Xylota_meigeniana_811050_1973983140,http://creativecommons.org/licenses/by-nc-nd/4.0/
221082,2626495402,Syrphidae_Epistrophe_grossulariae_190778_2626495402,http://creativecommons.org/licenses/by-nc/4.0/
221670,3874050721,Syrphidae_Volucella_inanis_593783_3874050721,http://creativecommons.org/licenses/by-nc/4.0/
221993,2610931850,Syrphidae_Criorhina_floccosa_187405_2610931850,http://creativecommons.org/licenses/by-nc/4.0/
222197,3873245234,Syrphidae_Leucozona_glaucia_3348371_3873245234,http://creativecommons.org/licenses/by-nc/4.0/
222321,3466535560,Syrphidae_Cheilosia_soror_1157112_3466535560,http://creativecommons.org/licenses/by-nc/4.0/
222324,3466535560,Syrphidae_Cheilosia_soror_1157115_3466535560,http://creativecommons.org/licenses/by-nc/4.0/
222484,2641319354,Syrphidae_Chrysotoxum_bicincta_889208_2641319354,http://creativecommons.org/licenses/by-nc/4.0/
222657,3499673339,Syrphidae_Copestylum_melleum_3230357_3499673339,http://creativecommons.org/licenses/by-nc/4.0/
222741,3455962746,Syrphidae_Merodon_unicolor_2527814_3455962746,http://creativecommons.org/licenses/by-nc/4.0/
222742,3455962746,Syrphidae_Merodon_unicolor_2527815_3455962746,http://creativecommons.org/licenses/by-nc/4.0/
224184,2834453143,Syrphidae_Paragus_albifrons_2973732_2834453143,http://creativecommons.org/licenses/by-nc-nd/4.0/
224649,3716157572,Syrphidae_Pipizella_annulata_1165922_3716157572,http://creativecommons.org/licenses/by-nc/4.0/
224746,2832058188,Syrphidae_Cheilosia_urbana_1590134_2832058188,http://creativecommons.org/licenses/by-nc/4.0/
225702,3728772987,Syrphidae_Brachyopa_bicolor_521684_3728772987,http://creativecommons.org/licenses/by-nc-nd/4.0/
225976,2834115045,Syrphidae_Pipizella_annulata_213759_2834115045,http://creativecommons.org/licenses/by-nc-nd/4.0/
226134,3723584780,Syrphidae_Helophilus_pendulus_2575898_3723584780,http://creativecommons.org/licenses/by-nc-nd/4.0/
226548,3729390027,Syrphidae_Cheilosia_vernalis_1901665_3729390027,http://creativecommons.org/licenses/by-nc-nd/4.0/
228358,3726620300,Syrphidae_Chrysotoxum_verralli_1892843_3726620300,http://creativecommons.org/licenses/by-nc-nd/4.0/
229678,3731066934,Syrphidae_Volucella_bombylans_1909507_3731066934,http://creativecommons.org/licenses/by-nc-nd/4.0/
230562,1824051814,Syrphidae_Eupeodes_nielseni_2125218_1824051814,© All rights reserved
230598,2411713750,Syrphidae_Epistrophe_cryptica_2222658_2411713750,© All rights reserved
230605,2411713750,Syrphidae_Epistrophe_cryptica_2222665_2411713750,© All rights reserved
230610,2818470440,Syrphidae_Syrphus_torvus_1585712_2818470440,© All rights reserved
230693,2402808311,Syrphidae_Melangyna_lucifera_1531518_2402808311,© All rights reserved
230695,2402808311,Syrphidae_Melangyna_lucifera_1531520_2402808311,© All rights reserved
230976,2411033522,Syrphidae_Ferdinandea_cuprea_154580_2411033522,© All rights reserved
231088,2411341229,Syrphidae_Xylota_ignava_844658_2411341229,© All rights reserved
231092,3921284595,Syrphidae_Paragus_punctulatus_644981_3921284595,© All rights reserved
231131,1825651726,Syrphidae_Eupeodes_bucculatus_1436152_1825651726,© All rights reserved
231174,3966066513,Syrphidae_Paragus_tibialis_656771_3966066513,© All rights reserved
231259,2398408430,Syrphidae_Cheilosia_semifasciata_2910106_2398408430,© All rights reserved
231289,1883023243,Syrphidae_Lejota_ruficornis_80014_1883023243,© All rights reserved
231509,2408797112,Syrphidae_Melanogaster_parumplicata_2221955_2408797112,© All rights reserved
232748,1952887557,Syrphidae_Lejops_contracta_2847294_1952887557,http://creativecommons.org/licenses/by-nc-nd/4.0/
233642,1970787805,Syrphidae_Eoseristalis_abusivus_2874203_1970787805,http://creativecommons.org/licenses/by/4.0/
234089,3904773388,Syrphidae_Lejops_lineata_1308092_3904773388,http://creativecommons.org/licenses/by-nc-nd/4.0/
234107,2839037062,Syrphidae_Orthonevra_brevicornis_913051_2839037062,http://creativecommons.org/licenses/by-nc-nd/4.0/
234653,3906981586,Syrphidae_Tropidia_fasciata_1320850_3906981586,http://creativecommons.org/licenses/by-nc-nd/4.0/
234802,2836466601,Syrphidae_Leucozona_laternaria_907898_2836466601,http://creativecommons.org/licenses/by-nc/4.0/
234991,3720857788,Syrphidae_Epistrophe_flava_3251159_3720857788,http://creativecommons.org/licenses/by-nc-nd/4.0/
235068,1974702692,Syrphidae_Pipiza_notata_2189643_1974702692,http://creativecommons.org/licenses/by-nc/4.0/
235069,1974702692,Syrphidae_Pipiza_notata_2189644_1974702692,http://creativecommons.org/licenses/by-nc/4.0/
235108,2833113294,Syrphidae_Neoascia_podagrica_2279466_2833113294,http://creativecommons.org/licenses/by-nc-nd/4.0/
235483,2844308849,Syrphidae_Xylota_segnis_2299860_2844308849,http://creativecommons.org/licenses/by-nc-nd/4.0/
236066,2409998852,Syrphidae_Cheilosia_gigantea_2222261_2409998852,© All rights reserved
236180,3970272542,Syrphidae_Parasyrphus_proximus_1346689_3970272542,© All rights reserved
236182,3970272542,Syrphidae_Parasyrphus_proximus_1346691_3970272542,© All rights reserved
236580,3704255375,Syrphidae_Parasyrphus_groenlandicus_1852574_3704255375,© All rights reserved
236581,3704255375,Syrphidae_Parasyrphus_groenlandicus_1852575_3704255375,© All rights reserved
236582,3704255375,Syrphidae_Parasyrphus_groenlandicus_1852576_3704255375,© All rights reserved
236633,2549726321,Syrphidae_Helophilus_groenlandicus_858513_2549726321,http://creativecommons.org/licenses/by/4.0/
236921,1962752582,Syrphidae_Xylota_abiens_103346_1962752582,http://creativecommons.org/licenses/by-nc-nd/4.0/
237859,1973136995,Syrphidae_Eoseristalis_nemorum_1497801_1973136995,http://creativecommons.org/licenses/by-nc/4.0/
238250,3726453043,Syrphidae_Didea_fasciata_513489_3726453043,http://creativecommons.org/licenses/by-nc-nd/4.0/
238554,3904214529,Syrphidae_Scaeva_selenitica_2683332_3904214529,http://creativecommons.org/licenses/by-nc-nd/4.0/
238868,3719661309,Syrphidae_Neoascia_tenur_1178222_3719661309,http://creativecommons.org/licenses/by-nc-nd/4.0/
239022,3722029289,Syrphidae_Cheilosia_horticola_2568768_3722029289,http://creativecommons.org/licenses/by-nc-nd/4.0/
239181,3731319629,Syrphidae_Neocnemodon_latitarsis_3290979_3731319629,http://creativecommons.org/licenses/by-nc/4.0/
239184,3731319629,Syrphidae_Neocnemodon_latitarsis_3290982_3731319629,http://creativecommons.org/licenses/by-nc/4.0/
239226,3905613701,Syrphidae_Brachyopa_vittata_3382132_3905613701,http://creativecommons.org/licenses/by-nc-nd/4.0/
240047,1968804396,Syrphidae_Didea_fasciata_2179813_1968804396,http://creativecommons.org/licenses/by-nc-nd/4.0/
240376,3906610629,Syrphidae_Myolepta_dubia_2697787_3906610629,http://creativecommons.org/licenses/by-nc-nd/4.0/
241203,1970811805,Syrphidae_Parasyrphus_punctulatus_1494731_1970811805,http://creativecommons.org/licenses/by-nd/4.0/
241881,3722749807,Syrphidae_Eupeodes_luniger_505536_3722749807,http://creativecommons.org/licenses/by-nc-nd/4.0/
242039,2844685124,Syrphidae_Pipizella_annulata_1611953_2844685124,http://creativecommons.org/licenses/by-nc-nd/4.0/
242540,1971325163,Syrphidae_Pipiza_lugubris_1495100_1971325163,http://creativecommons.org/licenses/by-nc/4.0/
244057,3727791240,Syrphidae_Cheilosia_caerulescens_1897319_3727791240,http://creativecommons.org/licenses/by-nc-nd/4.0/
244836,3732042935,Syrphidae_Epistrophe_nitidicollis_2603851_3732042935,http://creativecommons.org/licenses/by-nc-nd/4.0/
245013,1961822462,Syrphidae_Cheilosia_albipila_2861037_1961822462,http://creativecommons.org/licenses/by-nc-nd/4.0/
246336,3731181169,Syrphidae_Volucella_inanis_532002_3731181169,http://creativecommons.org/licenses/by-nc-nd/4.0/
247123,2835835602,Syrphidae_Cheilosia_lenis_907236_2835835602,http://creativecommons.org/licenses/by-nc/4.0/
249121,3716333613,Syrphidae_Platycheirus_rosarum_2545313_3716333613,http://creativecommons.org/licenses/by-nc-nd/4.0/
249186,3903903145,Syrphidae_Caliprobola_speciosa_1302599_3903903145,http://creativecommons.org/licenses/by-nc-nd/4.0/
249524,2839226305,Syrphidae_Cheilosia_personata_913202_2839226305,http://creativecommons.org/licenses/by-nc-nd/4.0/
250218,3725640170,Syrphidae_Eoseristalis_intricaria_2577769_3725640170,http://creativecommons.org/licenses/by-nc-nd/4.0/
250687,1969535768,Syrphidae_Platycheirus_europaeus_2181319_1969535768,http://creativecommons.org/licenses/by-nc/4.0/
250955,3731121878,Syrphidae_Cheilosia_barbata_1220543_3731121878,http://creativecommons.org/licenses/by-nc/4.0/
251248,3904461429,Syrphidae_Eupeodes_luniger_1306185_3904461429,http://creativecommons.org/licenses/by-nc-nd/4.0/
251561,3717413935,Syrphidae_Lejogaster_metallina_1861378_3717413935,http://creativecommons.org/licenses/by-nc-nd/4.0/
253186,3827293109,Syrphidae_Volucella_bombylans_2638608_3827293109,http://creativecommons.org/licenses/by-nc-nd/4.0/
253349,3904149623,Syrphidae_Xylota_sylvarum_615503_3904149623,http://creativecommons.org/licenses/by-nc/4.0/
253384,3904281321,Syrphidae_Eoseristalis_pertinax_1994456_3904281321,http://creativecommons.org/licenses/by-nc-nd/4.0/
253590,2834108428,Syrphidae_Scaeva_dignota_1592925_2834108428,http://creativecommons.org/licenses/by/4.0/
253926,3880633635,Syrphidae_Temnostoma_apiforme_1973474_3880633635,© all rights reserved
254013,3880630545,Syrphidae_Sphegina_clunipes_3353784_3880630545,© all rights reserved
254056,2809492430,Syrphidae_Brachyopa_testacea_893793_2809492430,© all rights reserved
254426,3031821937,Syrphidae_Merodon_constans_1644641_3031821937,http://creativecommons.org/licenses/by/4.0/
254919,3337440466,Syrphidae_Myolepta_difformis_2377123_3337440466,http://creativecommons.org/licenses/by-nc/4.0/
254920,3337440466,Syrphidae_Myolepta_difformis_2377124_3337440466,http://creativecommons.org/licenses/by-nc/4.0/
254921,3337440466,Syrphidae_Myolepta_difformis_2377125_3337440466,http://creativecommons.org/licenses/by-nc/4.0/
254922,3337440466,Syrphidae_Myolepta_difformis_2377126_3337440466,http://creativecommons.org/licenses/by-nc/4.0/
255732,3859125897,Syrphidae_Cheilosia_gigantea_3338200_3859125897,http://creativecommons.org/licenses/by-nc/4.0/
256840,3892405137,Syrphidae_Eoseristalis_cerealis_602533_3892405137,http://creativecommons.org/licenses/by-nc/4.0/
256911,3355412372,Syrphidae_Melangyna_labiatarum_2384503_3355412372,http://creativecommons.org/licenses/by-sa/4.0/
256933,3109031340,Syrphidae_Eristalis_alpina_2350834_3109031340,http://creativecommons.org/licenses/by/4.0/
257024,3398748389,Syrphidae_Cheilosia_personata_3086076_3398748389,http://creativecommons.org/licenses/by-nc/4.0/
258493,3925064571,Syrphidae_Eupeodes_nitens_2715381_3925064571,http://creativecommons.org/licenses/by-nc/4.0/
259321,3355789556,Syrphidae_Chrysotoxum_elegans_3076394_3355789556,http://creativecommons.org/licenses/by/4.0/
259997,3013866452,Syrphidae_Eoseristalis_anthophorina_2330032_3013866452,http://creativecommons.org/licenses/by-nc/4.0/
261595,2802783628,Syrphidae_Philhelius_citrofasciatum_201191_2802783628,http://creativecommons.org/licenses/by/4.0/
262212,3988451461,Syrphidae_Eumerus_tricolor_1349780_3988451461,http://creativecommons.org/licenses/by/4.0/
262224,3988451461,Syrphidae_Eumerus_tricolor_1349792_3988451461,http://creativecommons.org/licenses/by/4.0/
262605,4022008609,Syrphidae_Spazigaster_ambulans_3440286_4022008609,http://creativecommons.org/licenses/by/4.0/
262610,4022008609,Syrphidae_Spazigaster_ambulans_3440291_4022008609,http://creativecommons.org/licenses/by/4.0/
263185,1459936073,Syrphidae_Eumerus_flavitarsis_48147_1459936073,© all rights reserved
263195,1670535183,Syrphidae_Eoseristalis_oestracea_2811756_1670535183,© all rights reserved
263340,1459315527,Syrphidae_Leucozona_glaucia_47022_1459315527,© all rights reserved
263423,3433623706,Syrphidae_Dasysyrphus_neovenustus_338180_3433623706,© all rights reserved
263649,2270945708,Syrphidae_Eriozona_erraticus_144659_2270945708,© all rights reserved
263668,3879922732,Syrphidae_Eumerus_ruficornis_1283808_3879922732,© all rights reserved
263695,1884761797,Syrphidae_Sphaerophoria_batava_772826_1884761797,© all rights reserved
263745,1807006121,Syrphidae_Sphegina_sibirica_55690_1807006121,© all rights reserved
263789,2808483383,Syrphidae_Pipiza_accola_1582216_2808483383,© all rights reserved
264305,2809109674,Syrphidae_Pipiza_austriaca_893589_2809109674,© all rights reserved
264324,3899280165,Syrphidae_Neoascia_geniculata_604267_3899280165,© all rights reserved
264568,1431132426,Syrphidae_Neoascia_meticulosa_1423967_1431132426,© all rights reserved
264577,1801774740,Syrphidae_Pipiza_quadrimaculata_2813134_1801774740,© all rights reserved
264621,2463976676,Syrphidae_Helophilus_groenlandicus_2231991_2463976676,© all rights reserved
264722,1458450419,Syrphidae_Leucozona_lucorum_1426271_1458450419,© all rights reserved
264863,1459518579,Syrphidae_Melangyna_lasiophthalma_1427060_1459518579,© all rights reserved
265028,3434292080,Syrphidae_Syrphus_admirandus_338574_3434292080,© all rights reserved
265827,1460261843,Syrphidae_Rhingia_borealis_739903_1460261843,© all rights reserved
265902,2365747184,Syrphidae_Sericomyia_jakutica_149899_2365747184,© all rights reserved
265903,2365747184,Syrphidae_Sericomyia_jakutica_149900_2365747184,© all rights reserved
265977,3430271772,Syrphidae_Cheilosia_fraterna_1715201_3430271772,© all rights reserved
266170,3767536352,Syrphidae_Dasysyrphus_neovenustus_3307482_3767536352,© all rights reserved
266277,3432632758,Syrphidae_Platycheirus_clypeatus_1027359_3432632758,© all rights reserved
266649,1897889048,Syrphidae_Helophilus_affinis_2151401_1897889048,© all rights reserved
266757,1431514185,Syrphidae_Eriozona_erraticus_2113384_1431514185,© all rights reserved
266786,3767711827,Syrphidae_Xylota_meigeniana_1238283_3767711827,© all rights reserved
266901,1459632816,Syrphidae_Myolepta_dubia_2116670_1459632816,© all rights reserved
267034,2815785544,Syrphidae_Didea_alneti_896340_2815785544,© all rights reserved
267524,2848031456,Syrphidae_Eumerus_flavitarsis_2303803_2848031456,© all rights reserved
267849,1459599144,Syrphidae_Chrysotoxum_arcuatum_2806067_1459599144,© all rights reserved
267899,3857646070,Syrphidae_Microdon_analis_1261689_3857646070,
268077,3857370860,Syrphidae_Eupeodes_nielseni_1950645_3857370860,© all rights reserved
268156,3964608812,Syrphidae_Scaeva_selenitica_656745_3964608812,© all rights reserved
268418,2464315598,Syrphidae_Platycheirus_granditarsis_2922776_2464315598,© all rights reserved
269094,3769455704,Syrphidae_Cheilosia_scutellata_3307870_3769455704,© all rights reserved
269195,1433918826,Syrphidae_Platycheirus_latimanus_45221_1433918826,© all rights reserved
269197,1433918826,Syrphidae_Platycheirus_latimanus_45223_1433918826,© all rights reserved
269275,1459776918,Syrphidae_Melangyna_triangulifera_47796_1459776918,© all rights reserved
269507,1460269422,Syrphidae_Cheilosia_flavissima_1428581_1460269422,© all rights reserved
269625,3434212095,Syrphidae_Lejogaster_metallina_2406288_3434212095,© all rights reserved
269664,3993728311,Syrphidae_Xylota_tarda_663218_3993728311,© all rights reserved
269696,931928435,Syrphidae_Sphegina_clunipes_689608_931928435,© all rights reserved
269726,1459922818,Syrphidae_Paragus_bicolor_1427999_1459922818,© all rights reserved
269791,4006106436,Syrphidae_Cheilosia_ingerae_674210_4006106436,© all rights reserved
269792,4006106436,Syrphidae_Cheilosia_ingerae_674211_4006106436,© all rights reserved
269848,1123296456,Syrphidae_Xylota_meigeniana_698087_1123296456,© all rights reserved
269901,1995047727,Syrphidae_Eumerus_funeralis_2890965_1995047727,© all rights reserved
269955,3049839733,Syrphidae_Epistrophe_ochrostoma_960886_3049839733,© all rights reserved
270026,2866207417,Syrphidae_Scaeva_pyrastri_245639_2866207417,© all rights reserved
270161,1801778346,Syrphidae_Cheilosia_flavipes_54701_1801778346,© all rights reserved
270715,1671114493,Syrphidae_Xylota_abiens_1433132_1671114493,© all rights reserved
270936,1433353386,Syrphidae_Neocnemodon_pubescens_2803788_1433353386,© all rights reserved
271193,1478893226,Syrphidae_Platycheirus_amplus_2118874_1478893226,© all rights reserved
271236,1459901772,Syrphidae_Pipizella_atra_2117304_1459901772,© all rights reserved
271471,1671050074,Syrphidae_Eriozona_erraticus_744633_1671050074,© all rights reserved
271561,2809623693,Syrphidae_Pipiza_luteitarsis_2271582_2809623693,© all rights reserved
271874,1460367264,Syrphidae_Platycheirus_jaerensis_48976_1460367264,© all rights reserved
272229,1135696242,Syrphidae_Parasyrphus_nigritarsis_2766257_1135696242,© all rights reserved
272230,1135696242,Syrphidae_Parasyrphus_nigritarsis_2766258_1135696242,© all rights reserved
272425,3049391812,Syrphidae_Cheilosia_frontalis_1649072_3049391812,© all rights reserved
272428,3049391812,Syrphidae_Cheilosia_frontalis_1649075_3049391812,© all rights reserved
272454,3432939993,Syrphidae_Spilomyia_manicata_1716514_3432939993,© all rights reserved
272530,3431496002,Syrphidae_Brachypalpus_laphriformis_2404890_3431496002,© all rights reserved
272578,3430580602,Syrphidae_Temnostoma_sericomyiaeforme_1715371_3430580602,© all rights reserved
272769,2542234650,Syrphidae_Sericomyia_lappona_1545824_2542234650,© all rights reserved
272943,3430346369,Syrphidae_Platycheirus_brunnifrons_1715236_3430346369,© all rights reserved
272944,3430346369,Syrphidae_Platycheirus_brunnifrons_1715237_3430346369,© all rights reserved
272945,3430346369,Syrphidae_Platycheirus_brunnifrons_1715238_3430346369,© all rights reserved
273190,3776849435,Syrphidae_Eupeodes_bucculatus_1931114_3776849435,© all rights reserved
273359,3880206751,Syrphidae_Neocnemodon_pubescens_1973199_3880206751,© all rights reserved
273423,2425891806,Syrphidae_Platycheirus_podagratus_157348_2425891806,© all rights reserved
273424,2425891806,Syrphidae_Platycheirus_podagratus_157349_2425891806,© all rights reserved
273439,3887148352,Syrphidae_Microdon_miki_1977314_3887148352,© all rights reserved
273703,1884630264,Syrphidae_Leucozona_inopinata_81905_1884630264,© all rights reserved
273712,1432300756,Syrphidae_Spilomyia_manicata_735731_1432300756,© all rights reserved
273793,1460262832,Syrphidae_Platycheirus_nielseni_48666_1460262832,© all rights reserved
273880,2815778308,Syrphidae_Parasyrphus_annulatus_896339_2815778308,© all rights reserved
273987,1433566555,Syrphidae_Melangyna_umbellatarum_2114425_1433566555,© all rights reserved
274032,2302962417,Syrphidae_Paragus_pecchiolii_2215785_2302962417,© all rights reserved
274067,2809103407,Syrphidae_Platycheirus_tarsalis_2961574_2809103407,© all rights reserved
274142,2246001976,Syrphidae_Pipiza_austriaca_827775_2246001976,© all rights reserved
274220,3433672372,Syrphidae_Microdon_mutabilis_2406003_3433672372,© all rights reserved
274364,1459338954,Syrphidae_Spilomyia_manicata_2805776_1459338954,© all rights reserved
274472,1899271268,Syrphidae_Didea_intermedia_2841647_1899271268,© all rights reserved
274513,3856791704,Syrphidae_Chrysogaster_coemiteriorum_572050_3856791704,© all rights reserved
274571,3769005474,Syrphidae_Melangyna_barbifrons_3307802_3769005474,© all rights reserved
274573,3769005474,Syrphidae_Melangyna_barbifrons_3307804_3769005474,© all rights reserved
274584,1459951435,Syrphidae_Cheilosia_velutina_2806966_1459951435,© all rights reserved
274708,1459598823,Syrphidae_Pipizella_atra_1427154_1459598823,© all rights reserved
274738,3430114993,Syrphidae_Xylota_caeruleiventris_2404176_3430114993,© all rights reserved
274739,3430114993,Syrphidae_Xylota_caeruleiventris_2404177_3430114993,© all rights reserved
274740,3430114993,Syrphidae_Xylota_caeruleiventris_2404178_3430114993,© all rights reserved
274788,3430319475,Syrphidae_Myolepta_dubia_336510_3430319475,© all rights reserved
275130,3434392308,Syrphidae_Sericomyia_nigra_3096752_3434392308,© all rights reserved
275144,932700567,Syrphidae_Cheilosia_lineata_689854_932700567,© all rights reserved
275201,3432166760,Syrphidae_Neoascia_tenur_1027109_3432166760,© all rights reserved
275291,1458885718,Syrphidae_Dasysyrphus_pauxillus_737859_1458885718,© all rights reserved
275313,3879892363,Syrphidae_Eoseristalis_cryptarum_1972995_3879892363,© all rights reserved
275323,1433608691,Syrphidae_Cheilosia_rufimana_736326_1433608691,© all rights reserved
275395,1460575832,Syrphidae_Parasyrphus_malinellus_1429244_1460575832,© all rights reserved
275401,3857547463,Syrphidae_Neoascia_meticulosa_1950758_3857547463,© all rights reserved
275403,3880481267,Syrphidae_Paragus_finitimus_3353675_3880481267,© all rights reserved
276207,2302695560,Syrphidae_Sphaerophoria_interrupta_147862_2302695560,© all rights reserved
276208,2302695560,Syrphidae_Sphaerophoria_interrupta_147863_2302695560,© all rights reserved
276218,1459211521,Syrphidae_Cheilosia_chlorus_2805611_1459211521,© all rights reserved
276735,2841207310,Syrphidae_Orthonevra_geniculata_2983619_2841207310,http://creativecommons.org/licenses/by-nc-nd/4.0/
276815,1969076187,Syrphidae_Platycheirus_perpallidus_2180268_1969076187,http://creativecommons.org/licenses/by-nc/4.0/
277440,2836034546,Syrphidae_Milesia_semiluctifera_217039_2836034546,http://creativecommons.org/licenses/by-nc-nd/4.0/
278298,1961571873,Syrphidae_Brachyopa_scutellaris_792971_1961571873,http://creativecommons.org/licenses/by-nc-nd/4.0/
278957,1955688365,Syrphidae_Brachyopa_vittata_1472869_1955688365,http://creativecommons.org/licenses/by-nc-nd/4.0/
280171,3825816380,Syrphidae_Sphiximorpha_subsessilis_1256254_3825816380,http://creativecommons.org/licenses/by-nc-nd/4.0/
280682,3310062397,Syrphidae_Pocota_personata_3052033_3310062397,© All rights reserved
280765,2412145051,Syrphidae_Platycheirus_transfugus_1533800_2412145051,© All rights reserved
280769,2405644776,Syrphidae_Eupeodes_duseki_153304_2405644776,© All rights reserved
280770,2405644776,Syrphidae_Eupeodes_duseki_153305_2405644776,© All rights reserved
280771,2405644776,Syrphidae_Eupeodes_duseki_153306_2405644776,© All rights reserved
280772,2405644776,Syrphidae_Eupeodes_duseki_153307_2405644776,© All rights reserved
280810,3886570346,Syrphidae_Xylota_ignava_1288074_3886570346,© All rights reserved
281041,3303288801,Syrphidae_Parasyrphus_nigritarsis_3050093_3303288801,© All rights reserved
281139,2398138607,Syrphidae_Melanogaster_parumplicata_151583_2398138607,© All rights reserved
281155,2405708694,Syrphidae_Platycheirus_amplus_153318_2405708694,© All rights reserved
281156,2405708694,Syrphidae_Platycheirus_amplus_153319_2405708694,© All rights reserved
281312,3720026598,Syrphidae_Criorhina_floccosa_1178895_3720026598,http://creativecommons.org/licenses/by-nc-sa/4.0/
281771,3725630948,Syrphidae_Microdon_devius_509872_3725630948,http://creativecommons.org/licenses/by-nc-nd/4.0/
282023,3997635869,Syrphidae_Eupeodes_nitens_2741352_3997635869,http://creativecommons.org/licenses/by-nc/4.0/
282024,3997635869,Syrphidae_Eupeodes_nitens_2741353_3997635869,http://creativecommons.org/licenses/by-nc/4.0/
282119,3827504637,Syrphidae_Xanthandrus_comtus_3330093_3827504637,http://creativecommons.org/licenses/by-sa/4.0/
283025,3996264776,Syrphidae_Cheilosia_derasa_669446_3996264776,http://creativecommons.org/licenses/by-nc-nd/4.0/
283026,3996264776,Syrphidae_Cheilosia_derasa_669447_3996264776,http://creativecommons.org/licenses/by-nc-nd/4.0/
283027,3996264776,Syrphidae_Cheilosia_derasa_669448_3996264776,http://creativecommons.org/licenses/by-nc-nd/4.0/
283028,3996264776,Syrphidae_Cheilosia_derasa_669449_3996264776,http://creativecommons.org/licenses/by-nc-nd/4.0/
283029,3996264776,Syrphidae_Cheilosia_derasa_669450_3996264776,http://creativecommons.org/licenses/by-nc-nd/4.0/
283229,1953376236,Syrphidae_Brachyopa_insensilis_2848317_1953376236,http://creativecommons.org/licenses/by-nc-nd/4.0/
283481,2842808965,Syrphidae_Cheilosia_chloris_2297266_2842808965,http://creativecommons.org/licenses/by-nc/4.0/
285553,3857935980,Syrphidae_Brachyopa_ferruginea_1951047_3857935980,© all rights reserved
285602,1432023085,Syrphidae_Sphaerophoria_virgata_2113713_1432023085,© all rights reserved
285778,1428217340,Syrphidae_Brachypalpoides_lentus_1423756_1428217340,© all rights reserved
286150,2634353646,Syrphidae_Philhelius_citrofasciatum_887984_2634353646,http://creativecommons.org/licenses/by-nc/4.0/
286376,3746977945,Syrphidae_Pseudopelecocera_latifrons_1231291_3746977945,http://creativecommons.org/licenses/by-nc/4.0/
286377,3746977945,Syrphidae_Pseudopelecocera_latifrons_1231292_3746977945,http://creativecommons.org/licenses/by-nc/4.0/
286419,3355071533,Syrphidae_Cheilosia_albitarsis_1004807_3355071533,http://creativecommons.org/licenses/by-nc/4.0/
286480,2873874503,Syrphidae_Meliscaeva_cinctella_937770_2873874503,http://creativecommons.org/licenses/by-nc/4.0/
286542,2248864923,Syrphidae_Platycheirus_latimanus_2897058_2248864923,http://creativecommons.org/licenses/by-nc-sa/4.0/
286571,3431731705,Syrphidae_Brachyopa_dorsata_337224_3431731705,© all rights reserved
286691,1432327722,Syrphidae_Callicera_aurata_2113919_1432327722,© all rights reserved
286767,3000856757,Syrphidae_Platycheirus_granditarsis_2327968_3000856757,© all rights reserved
287134,3966756345,Syrphidae_Volucella_tabanoides_3415947_3966756345,http://creativecommons.org/licenses/by-nc/4.0/
287768,3859484282,Syrphidae_Leucozona_lucorum_581288_3859484282,http://creativecommons.org/licenses/by-nc/4.0/
287998,2311422038,Syrphidae_Scaeva_selenitica_2906829_2311422038,http://creativecommons.org/licenses/by-nc/4.0/
288676,3902485432,Syrphidae_Portevinia_maculata_1985866_3902485432,http://creativecommons.org/licenses/by-nc/4.0/
288948,3455582143,Syrphidae_Triglyphus_primus_1837028_3455582143,http://creativecommons.org/licenses/by-nc/4.0/
288949,3455582143,Syrphidae_Triglyphus_primus_1837029_3455582143,http://creativecommons.org/licenses/by-nc/4.0/
289749,3902578944,Syrphidae_Eumerus_purpureus_2675786_3902578944,http://creativecommons.org/licenses/by-nc/4.0/
289839,2856623264,Syrphidae_Milesia_crabroniformis_240858_2856623264,http://creativecommons.org/publicdomain/zero/1.0/
289902,3923338379,Syrphidae_Melanostoma_incompletum_3403518_3923338379,http://creativecommons.org/licenses/by-nc/4.0/
290512,3335226346,Syrphidae_Eriozona_syrphoides_2375234_3335226346,http://creativecommons.org/licenses/by-nc/4.0/
290729,2836188339,Syrphidae_Merodon_nisi_217214_2836188339,http://creativecommons.org/licenses/by-nc-nd/4.0/
290730,2836188339,Syrphidae_Merodon_nisi_217215_2836188339,http://creativecommons.org/licenses/by-nc-nd/4.0/
291181,3718151337,Syrphidae_Sphaerophoria_rueppellii_2554092_3718151337,http://creativecommons.org/licenses/by-nc-nd/4.0/
292464,3730466025,Syrphidae_Brachyopa_bicolor_3286117_3730466025,http://creativecommons.org/licenses/by-nc-nd/4.0/
293060,1953221369,Syrphidae_Parhelophilus_consimilis_89769_1953221369,http://creativecommons.org/licenses/by-nc-nd/4.0/
293890,2845182124,Syrphidae_Meliscaeva_auricollis_1613269_2845182124,http://creativecommons.org/licenses/by-sa/4.0/
294208,1953323624,Syrphidae_Temnostoma_vespiforme_1469248_1953323624,http://creativecommons.org/licenses/by/4.0/
294280,2833248096,Syrphidae_Sericomyia_bequaerti_1590935_2833248096,http://creativecommons.org/licenses/by-nc-nd/4.0/
294638,1956927431,Syrphidae_Cheilosia_urbana_2163208_1956927431,http://creativecommons.org/licenses/by-nc-nd/4.0/
294886,1965671277,Syrphidae_Xylota_xanthocnema_2175527_1965671277,http://creativecommons.org/licenses/by-nc-nd/4.0/
295171,3996159941,Syrphidae_Parasyrphus_relictus_2046325_3996159941,http://creativecommons.org/licenses/by-nc-nd/4.0/
295174,3996159941,Syrphidae_Parasyrphus_relictus_2046328_3996159941,http://creativecommons.org/licenses/by-nc-nd/4.0/
295175,3996159941,Syrphidae_Parasyrphus_relictus_2046329_3996159941,http://creativecommons.org/licenses/by-nc-nd/4.0/
295411,2843901261,Syrphidae_Platycheirus_ambiguum_2989791_2843901261,http://creativecommons.org/licenses/by-nc-nd/4.0/
295462,3729748590,Syrphidae_Criorhina_berberina_3282796_3729748590,http://creativecommons.org/licenses/by-nc-nd/4.0/
296345,3906773191,Syrphidae_Cheilosia_mutabilis_2008948_3906773191,http://creativecommons.org/licenses/by-nc-nd/4.0/
296351,3906773191,Syrphidae_Cheilosia_mutabilis_2008954_3906773191,http://creativecommons.org/licenses/by-nc-nd/4.0/
296614,1970545267,Syrphidae_Lejops_interpuncta_2183532_1970545267,http://creativecommons.org/licenses/by-nc/4.0/
296773,3823686816,Syrphidae_Melangyna_quadrimaculata_1251174_3823686816,http://creativecommons.org/licenses/by-nc-nd/4.0/
297292,1961997594,Syrphidae_Cheilosia_caerulescens_2171106_1961997594,http://creativecommons.org/licenses/by-nc-nd/4.0/
298440,3725625344,Syrphidae_Melangyna_cingulata_3268109_3725625344,http://creativecommons.org/licenses/by-nc-nd/4.0/
298984,3000831335,Syrphidae_Ferdinandea_ruficornis_2327961_3000831335,© all rights reserved
299073,3893963413,Syrphidae_Eriozona_syrphoides_3362618_3893963413,© all rights reserved
299784,3729802982,Syrphidae_Merodon_equestris_524690_3729802982,http://creativecommons.org/licenses/by-nc-nd/4.0/
300690,2840786396,Syrphidae_Parhelophilus_frutetorum_2983049_2840786396,http://creativecommons.org/licenses/by-nc-nd/4.0/
301986,1965470422,Syrphidae_Pipiza_festiva_106691_1965470422,http://creativecommons.org/licenses/by-nc-nd/4.0/
304017,1838182435,Syrphidae_Eumerus_claripennis_71945_1838182435,http://creativecommons.org/licenses/by/4.0/
304018,1838182435,Syrphidae_Eumerus_claripennis_71946_1838182435,http://creativecommons.org/licenses/by/4.0/
304020,1838182435,Syrphidae_Eumerus_claripennis_71948_1838182435,http://creativecommons.org/licenses/by/4.0/
304021,1838182435,Syrphidae_Eumerus_claripennis_71949_1838182435,http://creativecommons.org/licenses/by/4.0/
304022,1838182435,Syrphidae_Eumerus_claripennis_71950_1838182435,http://creativecommons.org/licenses/by/4.0/
304028,1838182435,Syrphidae_Eumerus_claripennis_71956_1838182435,http://creativecommons.org/licenses/by/4.0/
304030,1849086722,Syrphidae_Chrysotoxum_graecum_78606_1849086722,http://creativecommons.org/licenses/by/4.0/
304031,1849086722,Syrphidae_Chrysotoxum_graecum_78607_1849086722,http://creativecommons.org/licenses/by/4.0/
304032,1849086722,Syrphidae_Chrysotoxum_graecum_78608_1849086722,http://creativecommons.org/licenses/by/4.0/
304513,3720699883,Syrphidae_Philhelius_citrofasciatum_3250365_3720699883,http://creativecommons.org/licenses/by-nc/4.0/
304570,1976938778,Syrphidae_Microdon_devius_2192694_1976938778,http://creativecommons.org/licenses/by-nc-nd/4.0/
305168,3718521435,Syrphidae_Cheilosia_impressa_2555374_3718521435,http://creativecommons.org/licenses/by-nc-nd/4.0/
305594,1977048560,Syrphidae_Lejops_lunulata_124685_1977048560,http://creativecommons.org/licenses/by-nc-nd/4.0/
307371,3730408765,Syrphidae_Cheilosia_chrysocoma_1216473_3730408765,http://creativecommons.org/licenses/by-nc/4.0/
307668,1953358929,Syrphidae_Sphaerophoria_interrupta_2158514_1953358929,http://creativecommons.org/licenses/by-nc-nd/4.0/
308285,932069144,Syrphidae_Temnostoma_bombylans_3447125_932069144,© all rights reserved
308322,2464012507,Syrphidae_Parasyrphus_annulatus_2231992_2464012507,© all rights reserved
308429,1065474431,Syrphidae_Cheilosia_albipila_1385012_1065474431,© all rights reserved
308457,3096674590,Syrphidae_Criorhina_ranunculi_1660139_3096674590,© all rights reserved
308578,4022054484,Syrphidae_Chrysotoxum_lineare_1371190_4022054484,http://creativecommons.org/licenses/by-nc/4.0/
308579,4022054484,Syrphidae_Chrysotoxum_lineare_1371191_4022054484,http://creativecommons.org/licenses/by-nc/4.0/
308580,4022054484,Syrphidae_Chrysotoxum_lineare_1371192_4022054484,http://creativecommons.org/licenses/by-nc/4.0/
309206,2248864991,Syrphidae_Platycheirus_aeratus_2897072_2248864991,http://creativecommons.org/licenses/by-nc-sa/4.0/
309237,2001482131,Syrphidae_Sphegina_spheginea_132743_2001482131,http://creativecommons.org/licenses/by-nc-sa/4.0/
309282,2409504899,Syrphidae_Chrysotoxum_fasciolatum_1533209_2409504899,© All rights reserved
309323,2406760932,Syrphidae_Neocnemodon_larusi_2912163_2406760932,© All rights reserved
309325,2406760932,Syrphidae_Neocnemodon_larusi_2912165_2406760932,© All rights reserved
309474,2406972168,Syrphidae_Parasyrphus_tarsatus_153614_2406972168,© All rights reserved
309486,2407225893,Syrphidae_Melangyna_barbifrons_2912331_2407225893,© All rights reserved
309646,2248865010,Syrphidae_Platycheirus_scutatus_1517647_2248865010,http://creativecommons.org/licenses/by-nc-sa/4.0/
309647,2248864943,Syrphidae_Platycheirus_speighti_829230_2248864943,http://creativecommons.org/licenses/by-nc-sa/4.0/
309648,2248864943,Syrphidae_Platycheirus_speighti_829231_2248864943,http://creativecommons.org/licenses/by-nc-sa/4.0/
309651,2248864924,Syrphidae_Platycheirus_melanopsis_138683_2248864924,http://creativecommons.org/licenses/by-nc-sa/4.0/
309652,2633469197,Syrphidae_Eristalinus_aeneus_2953078_2633469197,http://creativecommons.org/licenses/by-nc-sa/4.0/
309659,2251343213,Syrphidae_Platycheirus_kittilaensis_1520580_2251343213,http://creativecommons.org/licenses/by-nc-sa/4.0/
309674,2248864916,Syrphidae_Platycheirus_melanopsis_829225_2248864916,http://creativecommons.org/licenses/by-nc-sa/4.0/
309904,3893838715,Syrphidae_Philhelius_festivum_604029_3893838715,© all rights reserved
309934,1848627694,Syrphidae_Melangyna_triangulifera_2147166_1848627694,© all rights reserved
309937,1884436078,Syrphidae_Melangyna_guttata_1461058_1884436078,© all rights reserved
309940,3857439660,Syrphidae_Dasysyrphus_neovenustus_1261516_3857439660,© all rights reserved
309989,3730870782,Syrphidae_Sphaerophoria_loewii_530118_3730870782,http://creativecommons.org/licenses/by-nc-nd/4.0/
309990,3730870782,Syrphidae_Sphaerophoria_loewii_530119_3730870782,http://creativecommons.org/licenses/by-nc-nd/4.0/
310111,3904840671,Syrphidae_Eristalinus_aeneus_1308515_3904840671,http://creativecommons.org/licenses/by-nc-nd/4.0/
310304,3720357347,Syrphidae_Parasyrphus_punctulatus_490681_3720357347,http://creativecommons.org/licenses/by-nc-nd/4.0/
310573,3997238326,Syrphidae_Scaeva_selenitica_672836_3997238326,http://creativecommons.org/licenses/by-nc/4.0/
310966,1970504618,Syrphidae_Epistrophe_olgae_2183455_1970504618,http://creativecommons.org/licenses/by-nc-nd/4.0/
310967,1970504618,Syrphidae_Epistrophe_olgae_2183456_1970504618,http://creativecommons.org/licenses/by-nc-nd/4.0/
312618,2611219673,Syrphidae_Chalcosyrphus_eunotus_2255812_2611219673,http://creativecommons.org/licenses/by/4.0/
312753,3712722346,Syrphidae_Temnostoma_vespiforme_1854556_3712722346,http://creativecommons.org/licenses/by/4.0/
312860,3327685161,Syrphidae_Leucozona_laternaria_3057922_3327685161,http://creativecommons.org/licenses/by-nc/4.0/
313820,3112461337,Syrphidae_Eoseristalis_cerealis_284055_3112461337,http://creativecommons.org/licenses/by-nc/4.0/
314261,3303482493,Syrphidae_Parasyrphus_macularis_1669962_3303482493,© All rights reserved
314472,2027382422,Syrphidae_Cheilosia_latifrons_2202234_2027382422,© All rights reserved
314518,3764925417,Syrphidae_Cheilosia_urbana_2616678_3764925417,© All rights reserved
314709,2402853495,Syrphidae_Platycheirus_manicatus_152702_2402853495,© All rights reserved
314826,2406810681,Syrphidae_Cheilosia_chrysocoma_843795_2406810681,© All rights reserved
314830,2429705887,Syrphidae_Syrphus_attenuatus_848776_2429705887,© All rights reserved
314831,2429705887,Syrphidae_Syrphus_attenuatus_848777_2429705887,© All rights reserved
314847,1825304251,Syrphidae_Neocnemodon_verrucula_56532_1825304251,© All rights reserved
314958,1822550283,Syrphidae_Melangyna_compositarum_2124970_1822550283,© All rights reserved
315055,2401356398,Syrphidae_Melanostoma_certum_1531145_2401356398,© All rights reserved
315056,2401356398,Syrphidae_Melanostoma_certum_1531146_2401356398,© All rights reserved
315057,2401356398,Syrphidae_Melanostoma_certum_1531147_2401356398,© All rights reserved
315177,2006235677,Syrphidae_Melanostoma_mellarium_133270_2006235677,© All rights reserved
315178,2006235677,Syrphidae_Melanostoma_mellarium_133271_2006235677,© All rights reserved
315257,2403592254,Syrphidae_Brachyopa_ferruginea_2911409_2403592254,© All rights reserved
315411,2404739871,Syrphidae_Dasysyrphus_friuliensis_2221005_2404739871,© All rights reserved
315460,2404759532,Syrphidae_Epistrophe_obscuripes_2911659_2404759532,© All rights reserved
315649,3856664447,Syrphidae_Platycheirus_aurolateralis_2639680_3856664447,© all rights reserved
315650,3856664447,Syrphidae_Platycheirus_aurolateralis_2639681_3856664447,© all rights reserved
315651,3856664447,Syrphidae_Platycheirus_aurolateralis_2639682_3856664447,© all rights reserved
315653,3856664447,Syrphidae_Platycheirus_aurolateralis_2639684_3856664447,© all rights reserved
315659,1428217449,Syrphidae_Eumerus_flavitarsis_1423760_1428217449,© all rights reserved
315669,3776567560,Syrphidae_Melangyna_barbifrons_2620396_3776567560,© all rights reserved
315847,2627570660,Syrphidae_Platycheirus_manicatus_2259164_2627570660,© All rights reserved
315970,2405782604,Syrphidae_Chrysotoxum_vernale_2221239_2405782604,© All rights reserved
316007,2826007461,Syrphidae_Cheilosia_frontalis_2967575_2826007461,© All rights reserved
316618,3873349928,Syrphidae_Heringia_adpropinquans_3348946_3873349928,http://creativecommons.org/licenses/by-nc/4.0/
316619,3873349928,Syrphidae_Heringia_adpropinquans_3348947_3873349928,http://creativecommons.org/licenses/by-nc/4.0/
316947,3330680720,Syrphidae_Chalcosyrphus_piger_3061119_3330680720,http://creativecommons.org/licenses/by-nc/4.0/
317280,3320910607,Syrphidae_Scaeva_mecogramma_1674253_3320910607,http://creativecommons.org/licenses/by-nc/4.0/
317400,3059025345,Syrphidae_Eoseristalis_obscurus_3030334_3059025345,http://creativecommons.org/licenses/by-nc/4.0/
318189,3455474407,Syrphidae_Eristalinus_taeniops_457526_3455474407,http://creativecommons.org/licenses/by-nc/4.0/
318263,3455448527,Syrphidae_Eoseristalis_obscurus_3215783_3455448527,http://creativecommons.org/licenses/by-nc/4.0/
318321,3858671339,Syrphidae_Helophilus_hybridus_577538_3858671339,http://creativecommons.org/licenses/by/4.0/
320424,2842505362,Syrphidae_Tropidia_scita_2296544_2842505362,http://creativecommons.org/licenses/by-nc-nd/4.0/
321025,1837249373,Syrphidae_Helophilus_groenlandicus_2830444_1837249373,http://creativecommons.org/licenses/by/4.0/
321054,1849086258,Syrphidae_Chrysotoxum_graecum_2837276_1849086258,http://creativecommons.org/licenses/by/4.0/
321055,1849086258,Syrphidae_Chrysotoxum_graecum_2837277_1849086258,http://creativecommons.org/licenses/by/4.0/
321057,1849086258,Syrphidae_Chrysotoxum_graecum_2837279_1849086258,http://creativecommons.org/licenses/by/4.0/
321095,785360400,Syrphidae_Platycheirus_hyperboreus_1376416_785360400,
321097,785360400,Syrphidae_Platycheirus_hyperboreus_1376418_785360400,http://creativecommons.org/licenses/by-nc-sa/3.0/
321100,785360400,Syrphidae_Platycheirus_hyperboreus_1376421_785360400,
321142,1966814400,Syrphidae_Rhingia_campestris_800555_1966814400,http://creativecommons.org/licenses/by-nc-nd/4.0/
321290,3907105588,Syrphidae_Ceriana_conopsoides_2010842_3907105588,http://creativecommons.org/licenses/by-nc-nd/4.0/
321616,3717495575,Syrphidae_Melangyna_umbellatarum_1861793_3717495575,http://creativecommons.org/licenses/by-nc-nd/4.0/
321645,1957641638,Syrphidae_Eristalinus_sepulchralis_2164632_1957641638,http://creativecommons.org/licenses/by-nc/4.0/
322228,2843681085,Syrphidae_Pipiza_festiva_2298851_2843681085,http://creativecommons.org/licenses/by-nc-nd/4.0/
322860,3726597290,Syrphidae_Platycheirus_scutatus_2582078_3726597290,http://creativecommons.org/licenses/by-nc-nd/4.0/
323026,3716936811,Syrphidae_Eristalis_tenax_1859056_3716936811,http://creativecommons.org/licenses/by-nc-nd/4.0/
323114,3907235427,Syrphidae_Tropidia_scita_2701305_3907235427,http://creativecommons.org/licenses/by-nc-nd/4.0/
323439,3725470471,Syrphidae_Cheilosia_ranunculi_2577286_3725470471,http://creativecommons.org/licenses/by-nc-nd/4.0/
323440,3725470471,Syrphidae_Cheilosia_ranunculi_2577287_3725470471,http://creativecommons.org/licenses/by-nc-nd/4.0/
324563,3729305781,Syrphidae_Melangyna_cingulata_523102_3729305781,http://creativecommons.org/licenses/by-nc-nd/4.0/
324700,2845470309,Syrphidae_Helophilus_pendulus_1613785_2845470309,http://creativecommons.org/licenses/by-sa/4.0/
325531,1123526703,Syrphidae_Orthonevra_nobilis_1386697_1123526703,© all rights reserved
325618,3751964983,Syrphidae_Neoascia_subchalybea_1921787_3751964983,http://creativecommons.org/licenses/by/4.0/
325619,3751965013,Syrphidae_Cheilosia_naruska_1921788_3751965013,http://creativecommons.org/licenses/by/4.0/
325620,3751965017,Syrphidae_Cheilosia_naruska_1232317_3751965017,http://creativecommons.org/licenses/by/4.0/
325621,3751965021,Syrphidae_Neoascia_subchalybea_1232318_3751965021,http://creativecommons.org/licenses/by/4.0/
325623,3751965035,Syrphidae_Eoseristalis_fratercula_1232319_3751965035,http://creativecommons.org/licenses/by/4.0/
325624,3751965039,Syrphidae_Eoseristalis_fratercula_543421_3751965039,http://creativecommons.org/licenses/by/4.0/
325625,3751965048,Syrphidae_Platycheirus_nigrofemoratus_543423_3751965048,http://creativecommons.org/licenses/by/4.0/
325626,3751965051,Syrphidae_Melanostoma_certum_3301594_3751965051,http://creativecommons.org/licenses/by/4.0/
325627,3751965055,Syrphidae_Melanostoma_certum_2610904_3751965055,http://creativecommons.org/licenses/by/4.0/
325928,1973816596,Syrphidae_Temnostoma_bombylans_810641_1973816596,http://creativecommons.org/licenses/by-nc-nd/4.0/
326104,1969595815,Syrphidae_Pipizella_viduata_1492244_1969595815,http://creativecommons.org/licenses/by-nc-nd/4.0/
326259,2838121610,Syrphidae_Sericomyia_silentis_2289355_2838121610,http://creativecommons.org/publicdomain/zero/1.0/
326473,2844564726,Syrphidae_Syrphus_vitripennis_922975_2844564726,http://creativecommons.org/licenses/by-nc/4.0/
327993,3904904577,Syrphidae_Platycheirus_tarsalis_1998188_3904904577,http://creativecommons.org/licenses/by/4.0/
328343,3731775546,Syrphidae_Eumerus_tricolor_2602492_3731775546,http://creativecommons.org/licenses/by-nc/4.0/
328464,3728945406,Syrphidae_Merodon_equestris_2589821_3728945406,http://creativecommons.org/licenses/by-nc-nd/4.0/
328534,2844707058,Syrphidae_Cheilosia_longula_2301158_2844707058,http://creativecommons.org/licenses/by-nc-nd/4.0/
329047,2841437820,Syrphidae_Philhelius_stackelbergi_225550_2841437820,http://creativecommons.org/publicdomain/zero/1.0/
329959,3448118983,Syrphidae_Sphegina_clunipes_1833529_3448118983,http://creativecommons.org/licenses/by-sa/4.0/
329975,2248864933,Syrphidae_Platycheirus_aeratus_138685_2248864933,http://creativecommons.org/licenses/by-nc-sa/4.0/
330222,2403757907,Syrphidae_Brachyopa_pilosa_1531747_2403757907,© All rights reserved
330238,2831553381,Syrphidae_Dasysyrphus_friuliensis_2969362_2831553381,http://creativecommons.org/licenses/by/4.0/
330336,1824384963,Syrphidae_Platycheirus_groenlandicus_1435984_1824384963,© All rights reserved
330337,1824384963,Syrphidae_Platycheirus_groenlandicus_1435985_1824384963,© All rights reserved
330733,2872942379,Syrphidae_Eriozona_erratica_1625380_2872942379,© All rights reserved
330878,2403215445,Syrphidae_Melangyna_guttata_2220664_2403215445,© All rights reserved
330988,3451418530,Syrphidae_Platycheirus_latimanus_1833961_3451418530,© All rights reserved
330990,3451418530,Syrphidae_Platycheirus_latimanus_1833963_3451418530,© All rights reserved
330991,3451418530,Syrphidae_Platycheirus_latimanus_1833964_3451418530,© All rights reserved
331005,3912744367,Syrphidae_Melangyna_coei_3396124_3912744367,© All rights reserved
331058,2631888536,Syrphidae_Cheilosia_fasciata_1570532_2631888536,http://creativecommons.org/licenses/by-nc-sa/4.0/
331162,2406573776,Syrphidae_Cheilosia_vicina_1532461_2406573776,© All rights reserved
331209,2406632722,Syrphidae_Paragus_finitimus_2912136_2406632722,http://creativecommons.org/licenses/by/4.0/
331243,2408202095,Syrphidae_Cheilosia_vicina_2912556_2408202095,http://creativecommons.org/licenses/by-nc-sa/4.0/
331379,1265036922,Syrphidae_Pipizella_annulata_701133_1265036922,http://creativecommons.org/licenses/by-nc-nd/4.0/
331457,1019550402,Syrphidae_Pocota_personata_2058_1019550402,http://creativecommons.org/licenses/by-nc-nd/4.0/
331488,1019550426,Syrphidae_Chrysotoxum_arcuatum_693388_1019550426,http://creativecommons.org/licenses/by-nc-nd/4.0/
331621,1019550493,Syrphidae_Eoseristalis_rupium_2105_1019550493,http://creativecommons.org/licenses/by-nc-nd/4.0/
331661,1019550443,Syrphidae_Eoseristalis_pratorum_2078_1019550443,http://creativecommons.org/licenses/by-nc-nd/4.0/
331662,1019550443,Syrphidae_Eoseristalis_pratorum_2079_1019550443,http://creativecommons.org/licenses/by-nc-nd/4.0/
331663,1019550443,Syrphidae_Eoseristalis_pratorum_2080_1019550443,http://creativecommons.org/licenses/by-nc-nd/4.0/
331664,1019550443,Syrphidae_Eoseristalis_pratorum_2081_1019550443,http://creativecommons.org/licenses/by-nc-nd/4.0/
331667,1019550473,Syrphidae_Eumerus_mixtus_2071232_1019550473,http://creativecommons.org/licenses/by-nc-nd/4.0/
331668,1019550473,Syrphidae_Eumerus_mixtus_2071233_1019550473,http://creativecommons.org/licenses/by-nc-nd/4.0/
331669,1019550473,Syrphidae_Eumerus_mixtus_2071234_1019550473,http://creativecommons.org/licenses/by-nc-nd/4.0/
331684,1019550491,Syrphidae_Eumerus_strigatus_2071244_1019550491,http://creativecommons.org/licenses/by-nc-nd/4.0/
331685,1019550491,Syrphidae_Eumerus_strigatus_2071245_1019550491,http://creativecommons.org/licenses/by-nc-nd/4.0/
331691,1019550517,Syrphidae_Eumerus_barbarus_1381966_1019550517,http://creativecommons.org/licenses/by-nc-nd/4.0/
331770,1019550416,Syrphidae_Doros_conopseus_2065_1019550416,http://creativecommons.org/licenses/by-nc-nd/4.0/
331771,1019550416,Syrphidae_Doros_conopseus_2066_1019550416,http://creativecommons.org/licenses/by-nc-nd/4.0/
331772,1019550410,Syrphidae_Doros_conopseus_2760797_1019550410,http://creativecommons.org/licenses/by-nc-nd/4.0/
331773,1019550410,Syrphidae_Doros_conopseus_2760798_1019550410,http://creativecommons.org/licenses/by-nc-nd/4.0/
331774,1019550429,Syrphidae_Doros_conopseus_2760804_1019550429,http://creativecommons.org/licenses/by-nc-nd/4.0/
331775,1019550429,Syrphidae_Doros_conopseus_2760805_1019550429,http://creativecommons.org/licenses/by-nc-nd/4.0/
331823,1019550412,Syrphidae_Mallota_cimbiciformis_693375_1019550412,http://creativecommons.org/licenses/by-nc-nd/4.0/
331824,1019550412,Syrphidae_Mallota_cimbiciformis_693376_1019550412,http://creativecommons.org/licenses/by-nc-nd/4.0/
331840,1019550446,Syrphidae_Eristalinus_megacephalus_2071219_1019550446,http://creativecommons.org/licenses/by-nc-nd/4.0/
332911,1019550837,Syrphidae_Platycheirus_granditarsis_1382156_1019550837,http://creativecommons.org/licenses/by-nc-nd/4.0/
332913,1019550788,Syrphidae_Platycheirus_granditarsis_1382130_1019550788,http://creativecommons.org/licenses/by-nc-nd/4.0/
332955,1019550752,Syrphidae_Sphaerophoria_menthastri_2071409_1019550752,http://creativecommons.org/licenses/by-nc-nd/4.0/
332982,1019550764,Syrphidae_Melanostoma_pumicatum_693572_1019550764,http://creativecommons.org/licenses/by-nc-nd/4.0/
332983,1019550764,Syrphidae_Melanostoma_pumicatum_693573_1019550764,http://creativecommons.org/licenses/by-nc-nd/4.0/
332984,1019550764,Syrphidae_Melanostoma_pumicatum_693574_1019550764,http://creativecommons.org/licenses/by-nc-nd/4.0/
333114,1019550753,Syrphidae_Dasysyrphus_lunulatus_2761008_1019550753,http://creativecommons.org/licenses/by-nc-nd/4.0/
333115,1019550753,Syrphidae_Dasysyrphus_lunulatus_2761009_1019550753,http://creativecommons.org/licenses/by-nc-nd/4.0/
333117,1019550753,Syrphidae_Dasysyrphus_lunulatus_2761011_1019550753,http://creativecommons.org/licenses/by-nc-nd/4.0/
333156,1019550726,Syrphidae_Dasysyrphus_lunulatus_2760988_1019550726,http://creativecommons.org/licenses/by-nc-nd/4.0/
333159,1019550726,Syrphidae_Dasysyrphus_lunulatus_2760991_1019550726,http://creativecommons.org/licenses/by-nc-nd/4.0/
333160,1019550726,Syrphidae_Dasysyrphus_lunulatus_2760992_1019550726,http://creativecommons.org/licenses/by-nc-nd/4.0/
333249,1019550772,Syrphidae_Platycheirus_sticticus_2282_1019550772,http://creativecommons.org/licenses/by-nc-nd/4.0/
333250,1019550772,Syrphidae_Platycheirus_sticticus_2283_1019550772,http://creativecommons.org/licenses/by-nc-nd/4.0/
333251,1019550888,Syrphidae_Platycheirus_sticticus_2071489_1019550888,http://creativecommons.org/licenses/by-nc-nd/4.0/
333252,1019550888,Syrphidae_Platycheirus_sticticus_2071490_1019550888,http://creativecommons.org/licenses/by-nc-nd/4.0/
333254,1019550888,Syrphidae_Platycheirus_sticticus_2071492_1019550888,http://creativecommons.org/licenses/by-nc-nd/4.0/
333259,1019550840,Syrphidae_Melangyna_sexguttata_693622_1019550840,http://creativecommons.org/licenses/by-nc-nd/4.0/
333260,1019550840,Syrphidae_Melangyna_sexguttata_693623_1019550840,http://creativecommons.org/licenses/by-nc-nd/4.0/
333261,1019550840,Syrphidae_Melangyna_sexguttata_693624_1019550840,http://creativecommons.org/licenses/by-nc-nd/4.0/
333262,1019550840,Syrphidae_Melangyna_sexguttata_693625_1019550840,http://creativecommons.org/licenses/by-nc-nd/4.0/
333352,1019550915,Syrphidae_Myolepta_vara_2761106_1019550915,http://creativecommons.org/licenses/by-nc-nd/4.0/
333520,1265037460,Syrphidae_Merodon_clavipes_2768808_1265037460,http://creativecommons.org/licenses/by-nc-nd/4.0/
333541,1265037456,Syrphidae_Merodon_setosus_2768805_1265037456,http://creativecommons.org/licenses/by-nc-nd/4.0/
333577,1019550887,Syrphidae_Xylota_abiens_1382190_1019550887,http://creativecommons.org/licenses/by-nc-nd/4.0/
333588,1019550917,Syrphidae_Myolepta_dubia_693657_1019550917,http://creativecommons.org/licenses/by-nc-nd/4.0/
333596,1019550825,Syrphidae_Myolepta_dubia_2761045_1019550825,http://creativecommons.org/licenses/by-nc-nd/4.0/
333658,1019550847,Syrphidae_Tropidia_fasciata_2071463_1019550847,http://creativecommons.org/licenses/by-nc-nd/4.0/
333947,1019550559,Syrphidae_Eumerus_tricolor_2071279_1019550559,http://creativecommons.org/licenses/by-nc-nd/4.0/
333966,1019550511,Syrphidae_Eumerus_grandis_693431_1019550511,http://creativecommons.org/licenses/by-nc-nd/4.0/
333969,1019550507,Syrphidae_Eumerus_grandis_693428_1019550507,http://creativecommons.org/licenses/by-nc-nd/4.0/
333992,1019550519,Syrphidae_Eumerus_selene_2760851_1019550519,http://creativecommons.org/licenses/by-nc-nd/4.0/
333993,1019550519,Syrphidae_Eumerus_selene_2760852_1019550519,http://creativecommons.org/licenses/by-nc-nd/4.0/
333994,1019550519,Syrphidae_Eumerus_selene_2760853_1019550519,http://creativecommons.org/licenses/by-nc-nd/4.0/
333997,1019550457,Syrphidae_Eumerus_ruficornis_2088_1019550457,http://creativecommons.org/licenses/by-nc-nd/4.0/
333998,1019550457,Syrphidae_Eumerus_ruficornis_2089_1019550457,http://creativecommons.org/licenses/by-nc-nd/4.0/
334003,1019550476,Syrphidae_Eumerus_strigatus_693413_1019550476,http://creativecommons.org/licenses/by-nc-nd/4.0/
334042,1019550539,Syrphidae_Merodon_clavipes_693441_1019550539,http://creativecommons.org/licenses/by-nc-nd/4.0/
334044,1019550497,Syrphidae_Mallota_fuciformis_2760840_1019550497,http://creativecommons.org/licenses/by-nc-nd/4.0/
334062,1019550625,Syrphidae_Paragus_strigatus_1382032_1019550625,http://creativecommons.org/licenses/by-nc-nd/4.0/
334063,1019550625,Syrphidae_Paragus_strigatus_1382033_1019550625,http://creativecommons.org/licenses/by-nc-nd/4.0/
334064,1019550625,Syrphidae_Paragus_strigatus_1382034_1019550625,http://creativecommons.org/licenses/by-nc-nd/4.0/
334065,1019550625,Syrphidae_Paragus_strigatus_1382035_1019550625,http://creativecommons.org/licenses/by-nc-nd/4.0/
334073,1019550632,Syrphidae_Paragus_quadrifasciatus_2195_1019550632,http://creativecommons.org/licenses/by-nc-nd/4.0/
334093,1019550608,Syrphidae_Paragus_strigatus_2071310_1019550608,http://creativecommons.org/licenses/by-nc-nd/4.0/
334094,1019550608,Syrphidae_Paragus_strigatus_2071311_1019550608,http://creativecommons.org/licenses/by-nc-nd/4.0/
334096,1019550654,Syrphidae_Paragus_quadrifasciatus_2760949_1019550654,http://creativecommons.org/licenses/by-nc-nd/4.0/
334136,1019550610,Syrphidae_Paragus_bicolor_693481_1019550610,http://creativecommons.org/licenses/by-nc-nd/4.0/
334218,1019550566,Syrphidae_Merodon_avidus_693454_1019550566,http://creativecommons.org/licenses/by-nc-nd/4.0/
334242,1019550547,Syrphidae_Merodon_ruficornis_2136_1019550547,http://creativecommons.org/licenses/by-nc-nd/4.0/
334248,1019550565,Syrphidae_Merodon_cinereus_2149_1019550565,http://creativecommons.org/licenses/by-nc-nd/4.0/
334261,1019550512,Syrphidae_Merodon_avidus_1381964_1019550512,http://creativecommons.org/licenses/by-nc-nd/4.0/
334274,1019550568,Syrphidae_Paragus_albifrons_2071285_1019550568,http://creativecommons.org/licenses/by-nc-nd/4.0/
334280,1019550585,Syrphidae_Paragus_tibialis_1382003_1019550585,http://creativecommons.org/licenses/by-nc-nd/4.0/
334329,1019550556,Syrphidae_Milesia_crabroniformis_2143_1019550556,http://creativecommons.org/licenses/by-nc-nd/4.0/
334340,1019550618,Syrphidae_Spilomyia_saltuum_2760923_1019550618,http://creativecommons.org/licenses/by-nc-nd/4.0/
334355,1019550601,Syrphidae_Trichopsomyia_lucida_693467_1019550601,http://creativecommons.org/licenses/by-nc-nd/4.0/
334358,1019550601,Syrphidae_Trichopsomyia_lucida_693470_1019550601,http://creativecommons.org/licenses/by-nc-nd/4.0/
334359,1019550601,Syrphidae_Trichopsomyia_lucida_693471_1019550601,http://creativecommons.org/licenses/by-nc-nd/4.0/
334369,1019550638,Syrphidae_Pipiza_notata_693496_1019550638,http://creativecommons.org/licenses/by-nc-nd/4.0/
334391,1019550687,Syrphidae_Pipizella_maculipennis_2231_1019550687,http://creativecommons.org/licenses/by-nc-nd/4.0/
334392,1019550687,Syrphidae_Pipizella_maculipennis_2232_1019550687,http://creativecommons.org/licenses/by-nc-nd/4.0/
334393,1019550687,Syrphidae_Pipizella_maculipennis_2233_1019550687,http://creativecommons.org/licenses/by-nc-nd/4.0/
334394,1019550687,Syrphidae_Pipizella_maculipennis_2234_1019550687,http://creativecommons.org/licenses/by-nc-nd/4.0/
334403,1019550669,Syrphidae_Pipiza_festiva_2219_1019550669,http://creativecommons.org/licenses/by-nc-nd/4.0/
334446,1019550630,Syrphidae_Pipiza_lugubris_2071333_1019550630,http://creativecommons.org/licenses/by-nc-nd/4.0/
334458,1019550634,Syrphidae_Trichopsomyia_flavitarsis_1382039_1019550634,http://creativecommons.org/licenses/by-nc-nd/4.0/
334467,1019550620,Syrphidae_Trichopsomyia_flavitarsis_1382030_1019550620,http://creativecommons.org/licenses/by-nc-nd/4.0/
334471,1019550659,Syrphidae_Psarus_abdominalis_2760954_1019550659,http://creativecommons.org/licenses/by-nc-nd/4.0/
334474,1019550636,Syrphidae_Psarus_abdominalis_2760940_1019550636,http://creativecommons.org/licenses/by-nc-nd/4.0/
334475,1019550680,Syrphidae_Trichopsomyia_flavitarsis_2071369_1019550680,http://creativecommons.org/licenses/by-nc-nd/4.0/
334494,1019550658,Syrphidae_Psarus_abdominalis_2071352_1019550658,http://creativecommons.org/licenses/by-nc-nd/4.0/
334508,1019550676,Syrphidae_Pipiza_lugubris_2071366_1019550676,http://creativecommons.org/licenses/by-nc-nd/4.0/
334512,1019550656,Syrphidae_Pipizella_virens_693513_1019550656,http://creativecommons.org/licenses/by-nc-nd/4.0/
334515,1019550693,Syrphidae_Pipizella_virens_1382084_1019550693,http://creativecommons.org/licenses/by-nc-nd/4.0/
334520,1019550664,Syrphidae_Pipizella_virens_2216_1019550664,http://creativecommons.org/licenses/by-nc-nd/4.0/
334609,1019550612,Syrphidae_Pipiza_carbonaria_2071313_1019550612,http://creativecommons.org/licenses/by-nc-nd/4.0/
334610,1019550612,Syrphidae_Pipiza_carbonaria_2071314_1019550612,http://creativecommons.org/licenses/by-nc-nd/4.0/
334611,1019550612,Syrphidae_Pipiza_carbonaria_2071315_1019550612,http://creativecommons.org/licenses/by-nc-nd/4.0/
334612,1019550612,Syrphidae_Pipiza_carbonaria_2071316_1019550612,http://creativecommons.org/licenses/by-nc-nd/4.0/
334613,1019550612,Syrphidae_Pipiza_carbonaria_2071317_1019550612,http://creativecommons.org/licenses/by-nc-nd/4.0/
334614,1019550612,Syrphidae_Pipiza_carbonaria_2071318_1019550612,http://creativecommons.org/licenses/by-nc-nd/4.0/
334633,1019550586,Syrphidae_Pipiza_notata_2071298_1019550586,http://creativecommons.org/licenses/by-nc-nd/4.0/
334634,1019550586,Syrphidae_Pipiza_notata_2071299_1019550586,http://creativecommons.org/licenses/by-nc-nd/4.0/
334670,1019550604,Syrphidae_Paragus_tibialis_2760907_1019550604,http://creativecommons.org/licenses/by-nc-nd/4.0/
334671,1019550604,Syrphidae_Paragus_tibialis_2760908_1019550604,http://creativecommons.org/licenses/by-nc-nd/4.0/
334683,1019550603,Syrphidae_Paragus_tibialis_2071308_1019550603,http://creativecommons.org/licenses/by-nc-nd/4.0/
334693,1019550614,Syrphidae_Paragus_bicolor_2179_1019550614,http://creativecommons.org/licenses/by-nc-nd/4.0/
334752,1019550700,Syrphidae_Sphegina_clavata_693536_1019550700,http://creativecommons.org/licenses/by-nc-nd/4.0/
334753,1019550700,Syrphidae_Sphegina_clavata_693537_1019550700,http://creativecommons.org/licenses/by-nc-nd/4.0/
334754,1019550700,Syrphidae_Sphegina_clavata_693538_1019550700,http://creativecommons.org/licenses/by-nc-nd/4.0/
334755,1019550700,Syrphidae_Sphegina_clavata_693539_1019550700,http://creativecommons.org/licenses/by-nc-nd/4.0/
334756,1019550700,Syrphidae_Sphegina_clavata_693540_1019550700,http://creativecommons.org/licenses/by-nc-nd/4.0/
334817,1019550686,Syrphidae_Dasysyrphus_arcuatus_2760971_1019550686,http://creativecommons.org/licenses/by-nc-nd/4.0/
334818,1019550686,Syrphidae_Dasysyrphus_arcuatus_2760972_1019550686,http://creativecommons.org/licenses/by-nc-nd/4.0/
335787,1265038860,Syrphidae_Mallota_cimbiciformis_2769440_1265038860,http://creativecommons.org/licenses/by-nc-nd/4.0/
335790,1265038914,Syrphidae_Mallota_cimbiciformis_2769459_1265038914,http://creativecommons.org/licenses/by-nc-nd/4.0/
335792,1265038914,Syrphidae_Mallota_cimbiciformis_2769461_1265038914,http://creativecommons.org/licenses/by-nc-nd/4.0/
336710,1019550712,Syrphidae_Psarus_abdominalis_2760982_1019550712,http://creativecommons.org/licenses/by-nc-nd/4.0/
336711,1019550712,Syrphidae_Psarus_abdominalis_2760983_1019550712,http://creativecommons.org/licenses/by-nc-nd/4.0/
336735,1019550551,Syrphidae_Merodon_ruficornis_2139_1019550551,http://creativecommons.org/licenses/by-nc-nd/4.0/
336961,1265037639,Syrphidae_Chrysotoxum_triarcuatum_1390078_1265037639,http://creativecommons.org/licenses/by-nc-nd/4.0/
337614,1265039940,Syrphidae_Syrphus_sexmaculatus_2769808_1265039940,http://creativecommons.org/licenses/by-nc-nd/4.0/
337713,1019550274,Syrphidae_Cheilosia_antiqua_1381837_1019550274,http://creativecommons.org/licenses/by-nc-nd/4.0/
337715,1019550274,Syrphidae_Cheilosia_antiqua_1381839_1019550274,http://creativecommons.org/licenses/by-nc-nd/4.0/
337716,1019550274,Syrphidae_Cheilosia_antiqua_1381840_1019550274,http://creativecommons.org/licenses/by-nc-nd/4.0/
337720,1019550284,Syrphidae_Cheilosia_antiqua_2071121_1019550284,http://creativecommons.org/licenses/by-nc-nd/4.0/
337722,1019550284,Syrphidae_Cheilosia_antiqua_2071123_1019550284,http://creativecommons.org/licenses/by-nc-nd/4.0/
337723,1019550284,Syrphidae_Cheilosia_antiqua_2071124_1019550284,http://creativecommons.org/licenses/by-nc-nd/4.0/
337730,1019550283,Syrphidae_Cheilosia_bardus_1381847_1019550283,http://creativecommons.org/licenses/by-nc-nd/4.0/
337837,1019550253,Syrphidae_Neoascia_podagrica_2760711_1019550253,http://creativecommons.org/licenses/by-nc-nd/4.0/
337889,1019550271,Syrphidae_Neoascia_interrupta_2760722_1019550271,http://creativecommons.org/licenses/by-nc-nd/4.0/
337902,1019550251,Syrphidae_Neoascia_geniculata_1381822_1019550251,http://creativecommons.org/licenses/by-nc-nd/4.0/
337919,1019550249,Syrphidae_Neoascia_meticulosa_2760709_1019550249,http://creativecommons.org/licenses/by-nc-nd/4.0/
338067,1019550335,Syrphidae_Cheilosia_ruralis_2021_1019550335,http://creativecommons.org/licenses/by-nc-nd/4.0/
338075,1019550356,Syrphidae_Cheilosia_ruralis_2071165_1019550356,http://creativecommons.org/licenses/by-nc-nd/4.0/
338081,1019550316,Syrphidae_Ferdinandea_ruficornis_2760751_1019550316,http://creativecommons.org/licenses/by-nc-nd/4.0/
338152,1019550307,Syrphidae_Cheilosia_nigripes_2760746_1019550307,http://creativecommons.org/licenses/by-nc-nd/4.0/
338156,1019550333,Syrphidae_Cheilosia_nigripes_2071151_1019550333,http://creativecommons.org/licenses/by-nc-nd/4.0/
338170,1019550317,Syrphidae_Chrysogaster_cemiteriorum_2012_1019550317,http://creativecommons.org/licenses/by-nc-nd/4.0/
338171,1019550317,Syrphidae_Chrysogaster_cemiteriorum_2013_1019550317,http://creativecommons.org/licenses/by-nc-nd/4.0/
338182,1019550342,Syrphidae_Cheilosia_bardus_2071155_1019550342,http://creativecommons.org/licenses/by-nc-nd/4.0/
338184,1019550342,Syrphidae_Cheilosia_bardus_2071157_1019550342,http://creativecommons.org/licenses/by-nc-nd/4.0/
338215,1019550355,Syrphidae_Cheilosia_ruralis_1381884_1019550355,http://creativecommons.org/licenses/by-nc-nd/4.0/
338216,1019550355,Syrphidae_Cheilosia_ruralis_1381885_1019550355,http://creativecommons.org/licenses/by-nc-nd/4.0/
338218,1019550355,Syrphidae_Cheilosia_ruralis_1381887_1019550355,http://creativecommons.org/licenses/by-nc-nd/4.0/
338242,1019550315,Syrphidae_Cheilosia_nigripes_2071142_1019550315,http://creativecommons.org/licenses/by-nc-nd/4.0/
338245,1019550315,Syrphidae_Cheilosia_nigripes_2071145_1019550315,http://creativecommons.org/licenses/by-nc-nd/4.0/
338256,1019550339,Syrphidae_Cheilosia_nigripes_2760762_1019550339,http://creativecommons.org/licenses/by-nc-nd/4.0/
338279,1019550298,Syrphidae_Cheilosia_flavicornis_2071133_1019550298,http://creativecommons.org/licenses/by-nc-nd/4.0/
338280,1019550301,Syrphidae_Cheilosia_flavicornis_2071134_1019550301,http://creativecommons.org/licenses/by-nc-nd/4.0/
338281,1019550239,Syrphidae_Cheilosia_flavicornis_2071099_1019550239,http://creativecommons.org/licenses/by-nc-nd/4.0/
338304,1019550353,Syrphidae_Cheilosia_bardus_2025_1019550353,http://creativecommons.org/licenses/by-nc-nd/4.0/
338306,1019550353,Syrphidae_Cheilosia_bardus_2027_1019550353,http://creativecommons.org/licenses/by-nc-nd/4.0/
338307,1019550353,Syrphidae_Cheilosia_bardus_2028_1019550353,http://creativecommons.org/licenses/by-nc-nd/4.0/
338333,1019550326,Syrphidae_Cheilosia_mutabilis_2019_1019550326,http://creativecommons.org/licenses/by-nc-nd/4.0/
338352,1265037908,Syrphidae_Scaeva_albomaculata_701538_1265037908,http://creativecommons.org/licenses/by-nc-nd/4.0/
338377,1019550293,Syrphidae_Cheilosia_flavicornis_2071129_1019550293,http://creativecommons.org/licenses/by-nc-nd/4.0/
338378,1019550293,Syrphidae_Cheilosia_flavicornis_2071130_1019550293,http://creativecommons.org/licenses/by-nc-nd/4.0/
338380,1019550293,Syrphidae_Cheilosia_flavicornis_2071132_1019550293,http://creativecommons.org/licenses/by-nc-nd/4.0/
338402,1019550305,Syrphidae_Cheilosia_ruffipes_1381858_1019550305,http://creativecommons.org/licenses/by-nc-nd/4.0/
338404,1019550305,Syrphidae_Cheilosia_ruffipes_1381860_1019550305,http://creativecommons.org/licenses/by-nc-nd/4.0/
338405,1019550296,Syrphidae_Cheilosia_ruffipes_693316_1019550296,http://creativecommons.org/licenses/by-nc-nd/4.0/
338406,1019550296,Syrphidae_Cheilosia_ruffipes_693317_1019550296,http://creativecommons.org/licenses/by-nc-nd/4.0/
338407,1019550296,Syrphidae_Cheilosia_ruffipes_693318_1019550296,http://creativecommons.org/licenses/by-nc-nd/4.0/
338408,1019550296,Syrphidae_Cheilosia_ruffipes_693319_1019550296,http://creativecommons.org/licenses/by-nc-nd/4.0/
338420,1019550256,Syrphidae_Cheilosia_ruralis_1381828_1019550256,http://creativecommons.org/licenses/by-nc-nd/4.0/
338434,1265037922,Syrphidae_Merodon_pruni_1390229_1265037922,http://creativecommons.org/licenses/by-nc-nd/4.0/
339106,1265037952,Syrphidae_Pipizella_virens_10312_1265037952,http://creativecommons.org/licenses/by-nc-nd/4.0/
339109,1265037952,Syrphidae_Pipizella_virens_10315_1265037952,http://creativecommons.org/licenses/by-nc-nd/4.0/
339131,1265037865,Syrphidae_Pipizella_virens_2079598_1265037865,http://creativecommons.org/licenses/by-nc-nd/4.0/
340214,1265037841,Syrphidae_Eumerus_ruficornis_1390182_1265037841,http://creativecommons.org/licenses/by-nc-nd/4.0/
340215,1265037841,Syrphidae_Eumerus_ruficornis_1390183_1265037841,http://creativecommons.org/licenses/by-nc-nd/4.0/
340362,1460532973,Syrphidae_Cheilosia_chrysocoma_740454_1460532973,© all rights reserved
340591,3856938979,Syrphidae_Dasysyrphus_pauxillus_1950327_3856938979,© all rights reserved
340656,932268830,Syrphidae_Epistrophe_diaphana_2067696_932268830,© all rights reserved
340770,1036525967,Syrphidae_Sphaerophoria_taeniata_3495_1036525967,© all rights reserved
340810,3031888898,Syrphidae_Merodon_constans_956866_3031888898,http://creativecommons.org/licenses/by/4.0/
341341,4009740531,Syrphidae_Melanostoma_incompletum_2053398_4009740531,http://creativecommons.org/licenses/by-nc/4.0/
341838,3384639531,Syrphidae_Chrysotoxum_intermedium_3080891_3384639531,http://creativecommons.org/licenses/by-nc/4.0/
342162,3947209464,Syrphidae_Dasysyrphus_tricinctus_1338292_3947209464,http://creativecommons.org/licenses/by-nc/4.0/
342783,2404178484,Syrphidae_Cheilosia_vicina_152960_2404178484,© All rights reserved
342793,2410358452,Syrphidae_Eupeodes_nitens_2913050_2410358452,http://creativecommons.org/licenses/by-nc-sa/4.0/
342983,1825476919,Syrphidae_Cheilosia_velutina_747575_1825476919,© All rights reserved
343517,2826432526,Syrphidae_Helophilus_lapponicus_2278448_2826432526,http://creativecommons.org/licenses/by-nc/4.0/
344087,3302389065,Syrphidae_Paragus_haemorrhous_290822_3302389065,http://creativecommons.org/licenses/by-nc/4.0/
345911,3384636976,Syrphidae_Eumerus_argyropus_3080862_3384636976,http://creativecommons.org/licenses/by-nc/4.0/
345912,3384636976,Syrphidae_Eumerus_argyropus_3080863_3384636976,http://creativecommons.org/licenses/by-nc/4.0/
346249,2837996630,Syrphidae_Merodon_cinereus_2979592_2837996630,http://creativecommons.org/licenses/by-nc-nd/4.0/
346252,2837996630,Syrphidae_Merodon_cinereus_2979595_2837996630,http://creativecommons.org/licenses/by-nc-nd/4.0/
346612,3731479948,Syrphidae_Eupeodes_corollae_533695_3731479948,http://creativecommons.org/licenses/by-sa/4.0/
346614,3995048107,Syrphidae_Eupeodes_tirolensis_2042320_3995048107,http://creativecommons.org/licenses/by-nc-nd/4.0/
346655,1966554803,Syrphidae_Eumerus_ornatus_2867928_1966554803,http://creativecommons.org/licenses/by-nc-nd/4.0/
348221,3904027936,Syrphidae_Brachyopa_pilosa_1992823_3904027936,http://creativecommons.org/licenses/by-nc-nd/4.0/
348227,3718863123,Syrphidae_Lejops_contracta_1177227_3718863123,http://creativecommons.org/licenses/by-nc-sa/4.0/
348649,3906141487,Syrphidae_Myathropa_florea_3385339_3906141487,http://creativecommons.org/licenses/by-nc-nd/4.0/
350651,2984510615,Syrphidae_Syritta_flaviventris_1635116_2984510615,http://creativecommons.org/licenses/by-nc/4.0/
351575,1826366017,Syrphidae_Callicera_rufa_2815804_1826366017,http://creativecommons.org/licenses/by/4.0/
351576,1826366017,Syrphidae_Callicera_rufa_2815805_1826366017,http://creativecommons.org/licenses/by/4.0/
351938,3912328588,Syrphidae_Temnostoma_meridionale_2015711_3912328588,http://creativecommons.org/licenses/by-nc/4.0/
351968,3335355586,Syrphidae_Eoseristalis_obscurus_1685735_3335355586,http://creativecommons.org/licenses/by/4.0/
352111,3747045387,Syrphidae_Pseudopelecocera_latifrons_2609998_3747045387,http://creativecommons.org/licenses/by/4.0/
352976,3466409603,Syrphidae_Cheilosia_personata_3225734_3466409603,http://creativecommons.org/licenses/by-nc/4.0/
353861,3399122813,Syrphidae_Volucella_tabanoides_2397303_3399122813,http://creativecommons.org/licenses/by-nc/4.0/
353891,3892536733,Syrphidae_Melanostoma_incompletum_1981452_3892536733,http://creativecommons.org/licenses/by-nc/4.0/
354000,3985607916,Syrphidae_Ischiodon_scutellaris_3416085_3985607916,http://creativecommons.org/licenses/by-nc/4.0/
355259,2844680294,Syrphidae_Brachypalpoides_lentus_233065_2844680294,http://creativecommons.org/licenses/by-nc-nd/4.0/
356324,2841727181,Syrphidae_Philhelius_citrofasciatum_1605241_2841727181,http://creativecommons.org/licenses/by-nc/4.0/
357238,3725794609,Syrphidae_Eumerus_ornatus_510594_3725794609,http://creativecommons.org/licenses/by-nc-nd/4.0/
357594,1955721258,Syrphidae_Parhelophilus_consimilis_784290_1955721258,http://creativecommons.org/licenses/by-nc/4.0/
357597,1955721258,Syrphidae_Parhelophilus_consimilis_784293_1955721258,http://creativecommons.org/licenses/by-nc/4.0/
358055,3716978226,Syrphidae_Brachyopa_bicolor_2548434_3716978226,http://creativecommons.org/licenses/by-nc-nd/4.0/
358215,3719931787,Syrphidae_Eoseristalis_intricaria_1178668_3719931787,http://creativecommons.org/licenses/by-nc-nd/4.0/
358553,1970321440,Syrphidae_Syrphus_nitidifrons_2183123_1970321440,http://creativecommons.org/publicdomain/zero/1.0/
358675,3716877379,Syrphidae_Criorhina_asilica_479479_3716877379,http://creativecommons.org/licenses/by-nc-nd/4.0/
358768,3905330667,Syrphidae_Cheilosia_caerulescens_1311371_3905330667,http://creativecommons.org/licenses/by-nc-nd/4.0/
358828,2836684242,Syrphidae_Cheilosia_bergenstammi_2976467_2836684242,http://creativecommons.org/licenses/by-nc-nd/4.0/
358991,2836545838,Syrphidae_Cheilosia_himantopus_907990_2836545838,http://creativecommons.org/licenses/by-nc-nd/4.0/
359532,3905117987,Syrphidae_Xylota_segnis_3379304_3905117987,http://creativecommons.org/licenses/by-nc-nd/4.0/
361092,1976615384,Syrphidae_Neoascia_podagrica_2191921_1976615384,http://creativecommons.org/licenses/by-nc-nd/4.0/
361380,2840517152,Syrphidae_Cheilosia_lenis_914411_2840517152,http://creativecommons.org/licenses/by-nc-nd/4.0/
363013,2842844999,Syrphidae_Cheilosia_latifrons_229406_2842844999,http://creativecommons.org/licenses/by-nc-nd/4.0/
363360,2837122699,Syrphidae_Platycheirus_albimanus_218904_2837122699,http://creativecommons.org/licenses/by-nc-nd/4.0/
363523,2850941087,Syrphidae_Volucella_pellucens_2996835_2850941087,http://creativecommons.org/licenses/by/4.0/
363780,3355275382,Syrphidae_Melangyna_cincta_1005696_3355275382,http://creativecommons.org/licenses/by-nc/4.0/
363987,3327778565,Syrphidae_Eoseristalis_rupium_299763_3327778565,http://creativecommons.org/licenses/by/4.0/
364102,3031604862,Syrphidae_Spazigaster_ambulans_2333144_3031604862,http://creativecommons.org/licenses/by/4.0/
364895,3963262076,Syrphidae_Syritta_flaviventris_655157_3963262076,http://creativecommons.org/licenses/by-nc/4.0/
365612,3330759946,Syrphidae_Ceriana_vespiformis_993071_3330759946,http://creativecommons.org/licenses/by-nc/4.0/
366481,3905906064,Syrphidae_Caliprobola_speciosa_1314674_3905906064,http://creativecommons.org/licenses/by-nc-nd/4.0/
366499,1977090692,Syrphidae_Brachyopa_scutellaris_2193019_1977090692,http://creativecommons.org/licenses/by-nc-nd/4.0/
367160,3718704119,Syrphidae_Melangyna_umbellatarum_487741_3718704119,http://creativecommons.org/licenses/by-nc-nd/4.0/
367717,3827182014,Syrphidae_Myathropa_florea_570562_3827182014,http://creativecommons.org/licenses/by-nc-nd/4.0/
368442,1975402426,Syrphidae_Lejops_transfuga_812453_1975402426,http://creativecommons.org/licenses/by-nc-nd/4.0/
368524,3906335810,Syrphidae_Episyrphus_balteatus_3386510_3906335810,http://creativecommons.org/licenses/by-nc-nd/4.0/
369035,2873807240,Syrphidae_Philhelius_marginale_247355_2873807240,http://creativecommons.org/licenses/by-nc/4.0/
370747,3961272475,Syrphidae_Eoseristalis_anthophorina_2031921_3961272475,http://creativecommons.org/licenses/by-nc/4.0/
371451,3947710222,Syrphidae_Paragus_bicolor_2029935_3947710222,http://creativecommons.org/licenses/by-nc/4.0/
371970,3337421220,Syrphidae_Eoseristalis_arbustorum_308614_3337421220,http://creativecommons.org/licenses/by-nc/4.0/
373195,1973956169,Syrphidae_Chrysotoxum_octomaculatum_1499338_1973956169,http://creativecommons.org/licenses/by-nc-nd/4.0/
374788,1954881751,Syrphidae_Platycheirus_granditarsa_2159939_1954881751,http://creativecommons.org/licenses/by-nc-nd/4.0/
375065,2833021282,Syrphidae_Leucozona_inopinata_2279374_2833021282,http://creativecommons.org/licenses/by-nc/4.0/
376467,3907509209,Syrphidae_Sphaerophoria_fatarum_635241_3907509209,http://creativecommons.org/licenses/by-nc-nd/4.0/
376591,3717835963,Syrphidae_Sphaerophoria_taeniata_1173690_3717835963,http://creativecommons.org/licenses/by-nc-nd/4.0/
381718,3717205252,Syrphidae_Lejogaster_tarsata_2549659_3717205252,http://creativecommons.org/licenses/by-nc-nd/4.0/
381818,1955763702,Syrphidae_Cheilosia_lasiopa_784468_1955763702,http://creativecommons.org/licenses/by-nc-nd/4.0/
382193,3730016588,Syrphidae_Sericomyia_bombiformis_3283888_3730016588,http://creativecommons.org/licenses/by-nc-nd/4.0/
382217,3905727631,Syrphidae_Cheilosia_barbata_2002816_3905727631,http://creativecommons.org/licenses/by-nc-nd/4.0/
382222,3905727631,Syrphidae_Cheilosia_barbata_2002821_3905727631,http://creativecommons.org/licenses/by-nc-nd/4.0/
382678,1974270183,Syrphidae_Cheilosia_fraterna_2189211_1974270183,http://creativecommons.org/licenses/by-nc/4.0/
383006,2844992986,Syrphidae_Pelecocera_pruinosomaculata_2992537_2844992986,http://creativecommons.org/licenses/by-nc-nd/4.0/
383007,2844992986,Syrphidae_Pelecocera_pruinosomaculata_2992538_2844992986,http://creativecommons.org/licenses/by-nc-nd/4.0/
383603,3823266070,Syrphidae_Parhelophilus_consimilis_1939183_3823266070,http://creativecommons.org/licenses/by-nc-nd/4.0/
383981,1973965268,Syrphidae_Platycheirus_fulviventris_1499358_1973965268,http://creativecommons.org/licenses/by-nc-nd/4.0/
384753,1961756746,Syrphidae_Neoascia_tenur_102539_1961756746,http://creativecommons.org/licenses/by-nc-nd/4.0/
384995,2836093231,Syrphidae_Epistrophe_leiophthalma_907436_2836093231,http://creativecommons.org/licenses/by-nc/4.0/
385040,1976747245,Syrphidae_Orthonevra_intermedia_123900_1976747245,http://creativecommons.org/licenses/by-nc-nd/4.0/
386761,3881583498,Syrphidae_Eoseristalis_hirtus_3356156_3881583498,http://creativecommons.org/licenses/by-nc/4.0/
388434,3338085661,Syrphidae_Chrysogaster_solstitialis_1001829_3338085661,http://creativecommons.org/licenses/by-nc/4.0/
389179,1972658027,Syrphidae_Cheilosia_canicularis_808215_1972658027,http://creativecommons.org/licenses/by-nc-sa/4.0/
389607,3904638713,Syrphidae_Cheilosia_illustrata_2685955_3904638713,http://creativecommons.org/licenses/by-nc-nd/4.0/
390344,2838139611,Syrphidae_Philhelius_pedissequum_2289380_2838139611,http://creativecommons.org/licenses/by-nc-nd/4.0/
390390,2841691285,Syrphidae_Eoseristalis_rupium_1605138_2841691285,http://creativecommons.org/licenses/by-nc/4.0/
390779,2411975680,Syrphidae_Platycheirus_transfugus_154793_2411975680,© All rights reserved
390857,1823022938,Syrphidae_Cheilosia_alpina_56162_1823022938,© All rights reserved
390858,1823022938,Syrphidae_Cheilosia_alpina_56163_1823022938,© All rights reserved
391063,1824986447,Syrphidae_Sphaerophoria_laurae_1436073_1824986447,© All rights reserved
391064,1824986447,Syrphidae_Sphaerophoria_laurae_1436074_1824986447,© All rights reserved
391207,2273559374,Syrphidae_Dasysyrphus_friuliensis_145683_2273559374,© All rights reserved
391300,2404588240,Syrphidae_Platycheirus_transfugus_153047_2404588240,© All rights reserved
391328,2006372642,Syrphidae_Platycheirus_naso_823680_2006372642,© All rights reserved
391393,2901371370,Syrphidae_Cheilosia_uviformis_940493_2901371370,© All rights reserved
391531,1969922105,Syrphidae_Paragus_pecchiolii_2182278_1969922105,http://creativecommons.org/licenses/by-nc-nd/4.0/
392197,2841973454,Syrphidae_Eoseristalis_intricaria_2294953_2841973454,http://creativecommons.org/licenses/by-nc-nd/4.0/
392333,3822612070,Syrphidae_Criorhina_berberina_1248560_3822612070,http://creativecommons.org/licenses/by-nc-nd/4.0/
392781,3824380097,Syrphidae_Chrysotoxum_cautum_3322049_3824380097,http://creativecommons.org/licenses/by-nc-nd/4.0/
392833,1972533196,Syrphidae_Cheilosia_canicularis_117327_1972533196,http://creativecommons.org/licenses/by-nc-nd/4.0/
394248,1977307903,Syrphidae_Platycheirus_occultus_2883509_1977307903,http://creativecommons.org/licenses/by-nc-nd/4.0/
395355,1961442382,Syrphidae_Xylota_abiens_2170441_1961442382,http://creativecommons.org/licenses/by-nc-nd/4.0/
396089,3860100831,Syrphidae_Philhelius_marginale_584129_3860100831,http://creativecommons.org/licenses/by-nc/4.0/
397557,2408409354,Syrphidae_Dasysyrphus_pinastri_844117_2408409354,© All rights reserved
397608,1823045761,Syrphidae_Cheilosia_melanopa_2814718_1823045761,© All rights reserved
397609,1823045761,Syrphidae_Cheilosia_melanopa_2814719_1823045761,© All rights reserved
397610,1823045761,Syrphidae_Cheilosia_melanopa_2814720_1823045761,© All rights reserved
397683,2406255910,Syrphidae_Cheilosia_vernalis_2912000_2406255910,© All rights reserved
397697,2399573341,Syrphidae_Pipizella_viduata_842099_2399573341,© All rights reserved
397703,2400882482,Syrphidae_Eupeodes_lundbecki_2910704_2400882482,© All rights reserved
397745,2401392931,Syrphidae_Cheilosia_grossa_152351_2401392931,© All rights reserved
397908,2816591454,Syrphidae_Cheilosia_sahlbergi_2964758_2816591454,© All rights reserved
397909,2816591454,Syrphidae_Cheilosia_sahlbergi_2964759_2816591454,© All rights reserved
397910,2816591454,Syrphidae_Cheilosia_sahlbergi_2964760_2816591454,© All rights reserved
397911,2816591454,Syrphidae_Cheilosia_sahlbergi_2964761_2816591454,© All rights reserved
397933,2248864980,Syrphidae_Platycheirus_ciliger_1517641_2248864980,http://creativecommons.org/licenses/by-nc-sa/4.0/
397948,2848227402,Syrphidae_Paragus_albifrons_926077_2848227402,© all rights reserved
397978,3769136451,Syrphidae_Eupeodes_curtus_3307822_3769136451,© all rights reserved
397979,3769136451,Syrphidae_Eupeodes_curtus_3307823_3769136451,© all rights reserved
397981,3769136451,Syrphidae_Eupeodes_curtus_3307825_3769136451,© all rights reserved
398072,2383025620,Syrphidae_Chrysosyrphus_niger_2909058_2383025620,© all rights reserved
398073,2383025620,Syrphidae_Chrysosyrphus_niger_2909059_2383025620,© all rights reserved
398074,2383025620,Syrphidae_Chrysosyrphus_niger_2909060_2383025620,© all rights reserved
398075,2383025620,Syrphidae_Chrysosyrphus_niger_2909061_2383025620,© all rights reserved
398355,3433890328,Syrphidae_Eupeodes_lundbecki_1028069_3433890328,© all rights reserved
398454,3856722855,Syrphidae_Brachyopa_ferruginea_1261075_3856722855,© all rights reserved
398529,2398357065,Syrphidae_Chrysotoxum_fasciata_841826_2398357065,© All rights reserved
398549,2408322590,Syrphidae_Brachyopa_dorsata_1532879_2408322590,© All rights reserved
398551,3816666393,Syrphidae_Sphegina_clunipes_3316450_3816666393,© All rights reserved
398714,2405180791,Syrphidae_Sericomyia_nigra_1532119_2405180791,© All rights reserved
398747,2405817318,Syrphidae_Platycheirus_scambus_2911899_2405817318,© All rights reserved
398770,1825006614,Syrphidae_Platycheirus_scambus_1436077_1825006614,© All rights reserved
398831,3329903484,Syrphidae_Brachyopa_obscura_3059967_3329903484,© All rights reserved
400462,2845588202,Syrphidae_Eupeodes_luniger_2993736_2845588202,http://creativecommons.org/licenses/by-nc/4.0/
400466,3719667661,Syrphidae_Eoseristalis_similis_2557138_3719667661,http://creativecommons.org/licenses/by-nc-nd/4.0/
400947,3730296944,Syrphidae_Brachyopa_panzeri_526971_3730296944,http://creativecommons.org/licenses/by-nc-nd/4.0/
401161,3730660369,Syrphidae_Pelecocera_tricincta_2596403_3730660369,http://creativecommons.org/licenses/by-nc-nd/4.0/
401912,3718880203,Syrphidae_Platycheirus_peltatus_3246514_3718880203,http://creativecommons.org/licenses/by-nc-nd/4.0/
402194,3725877852,Syrphidae_Paragus_quadrifasciatus_1889425_3725877852,http://creativecommons.org/licenses/by-nc-nd/4.0/
402410,2841522507,Syrphidae_Brachyopa_vittata_1604648_2841522507,http://creativecommons.org/licenses/by-nc-nd/4.0/
402784,1955063174,Syrphidae_Philhelius_pedissequum_1471141_1955063174,http://creativecommons.org/licenses/by-nc-nd/4.0/
403203,2409634865,Syrphidae_Cheilosia_semifasciata_2912880_2409634865,© All rights reserved
403293,2405039094,Syrphidae_Melanostoma_certum_843393_2405039094,© All rights reserved
403321,2313701032,Syrphidae_Neoascia_geniculata_1527324_2313701032,© All rights reserved
403343,2400872194,Syrphidae_Platycheirus_ambiguum_2220087_2400872194,© All rights reserved
403416,3764978499,Syrphidae_Platycheirus_ambiguum_1238050_3764978499,© All rights reserved
403430,2410123707,Syrphidae_Criorhina_ranunculi_1533341_2410123707,© All rights reserved
403539,2411822480,Syrphidae_Eupeodes_punctifer_2913351_2411822480,© All rights reserved
403700,2402409251,Syrphidae_Dasysyrphus_hilaris_152608_2402409251,© All rights reserved
403739,2397960415,Syrphidae_Cheilosia_sootryeni_2910020_2397960415,© All rights reserved
403771,1415959999,Syrphidae_Syrphus_sexmaculatus_2111406_1415959999,http://creativecommons.org/licenses/by-nc-sa/4.0/
403789,2979593189,Syrphidae_Dasysyrphus_nigricornis_944868_2979593189,http://creativecommons.org/licenses/by-nc-sa/4.0/
403812,2251017262,Syrphidae_Rhingia_borealis_2899466_2251017262,http://creativecommons.org/licenses/by-nc-sa/4.0/
404182,2404069391,Syrphidae_Melanostoma_dubium_843180_2404069391,© All rights reserved
404183,2404069391,Syrphidae_Melanostoma_dubium_843181_2404069391,© All rights reserved
404300,3846013560,Syrphidae_Platycheirus_ramsarensis_571710_3846013560,© All rights reserved
404417,2404821406,Syrphidae_Pipiza_bimaculata_2911676_2404821406,© All rights reserved
404418,2404821406,Syrphidae_Pipiza_bimaculata_2911677_2404821406,© All rights reserved
404419,2404821406,Syrphidae_Pipiza_bimaculata_2911678_2404821406,© All rights reserved
404752,3825932269,Syrphidae_Tropidia_scita_1256696_3825932269,http://creativecommons.org/licenses/by-nc-nd/4.0/
404995,1965115030,Syrphidae_Pelecocera_tricincta_796288_1965115030,http://creativecommons.org/licenses/by-nd/4.0/
405710,3727201097,Syrphidae_Dasysyrphus_tricinctus_2584608_3727201097,http://creativecommons.org/licenses/by-nc-nd/4.0/
406314,3905119987,Syrphidae_Syrphus_torvus_1310047_3905119987,http://creativecommons.org/licenses/by-nc-nd/4.0/
406697,1953552465,Syrphidae_Cheilosia_variabilis_2848658_1953552465,http://creativecommons.org/licenses/by-nc-nd/4.0/
407043,3721979752,Syrphidae_Sphaerophoria_rueppellii_1189433_3721979752,http://creativecommons.org/licenses/by-nc/4.0/
408161,3996460045,Syrphidae_Neoascia_obliqua_2047386_3996460045,http://creativecommons.org/licenses/by-nc-nd/4.0/
408307,3725735654,Syrphidae_Cheilosia_fasciata_510326_3725735654,http://creativecommons.org/licenses/by-nc-nd/4.0/
408654,3730836509,Syrphidae_Platycheirus_discimanus_3288254_3730836509,http://creativecommons.org/licenses/by-nc-nd/4.0/
409138,3408075612,Syrphidae_Ferdinandea_fumipennis_1710245_3408075612,http://creativecommons.org/licenses/by-nc/4.0/
409266,3468883383,Syrphidae_Copestylum_melleum_3227001_3468883383,http://creativecommons.org/licenses/by-nc/4.0/
410097,2619883893,Syrphidae_Sphaerophoria_nigra_188560_2619883893,http://creativecommons.org/licenses/by-nc/4.0/
410227,2633984565,Syrphidae_Epistrophe_euchroma_196877_2633984565,http://creativecommons.org/licenses/by/4.0/
411606,3455634065,Syrphidae_Triglyphus_primus_2526393_3455634065,http://creativecommons.org/licenses/by-nc/4.0/
411730,2851229565,Syrphidae_Episyrphus_balteatus_1618366_2851229565,http://creativecommons.org/licenses/by-nc/4.0/
412069,3333309398,Syrphidae_Scaeva_albomaculata_2373495_3333309398,http://creativecommons.org/licenses/by-nc/4.0/
412139,3902030744,Syrphidae_Helophilus_continuus_3363185_3902030744,http://creativecommons.org/licenses/by-nc/4.0/
412737,3384613390,Syrphidae_Eumerus_obliquus_3080688_3384613390,http://creativecommons.org/licenses/by-nc/4.0/
414129,3044789576,Syrphidae_Ceriana_conopsoides_960243_3044789576,http://creativecommons.org/licenses/by-nc/4.0/
415282,3090610624,Syrphidae_Eumerus_hispidus_2346962_3090610624,http://creativecommons.org/licenses/by-nc/4.0/
415333,3307338387,Syrphidae_Scaeva_pyrastri_292575_3307338387,http://creativecommons.org/licenses/by-nc/4.0/
415812,3070359810,Syrphidae_Brachypalpus_chrysites_2343671_3070359810,http://creativecommons.org/licenses/by/4.0/
416191,2999168397,Syrphidae_Cheilosia_grossa_1637970_2999168397,http://creativecommons.org/licenses/by-nc-nd/4.0/
416613,3902574739,Syrphidae_Volucella_inanis_1296992_3902574739,http://creativecommons.org/licenses/by-nc/4.0/
417782,4006607970,Syrphidae_Chamaesyrphus_nigricornis_3432346_4006607970,http://creativecommons.org/licenses/by-nc/4.0/
417783,4006607970,Syrphidae_Chamaesyrphus_nigricornis_3432347_4006607970,http://creativecommons.org/licenses/by-nc/4.0/
417784,4006607970,Syrphidae_Chamaesyrphus_nigricornis_3432348_4006607970,http://creativecommons.org/licenses/by-nc/4.0/
418793,3881500865,Syrphidae_Eristalinus_taeniops_1286214_3881500865,http://creativecommons.org/licenses/by-nc/4.0/
419061,2464240671,Syrphidae_Platycheirus_granditarsis_2232014_2464240671,© all rights reserved
419202,2596109043,Syrphidae_Sphaerophoria_scripta_184566_2596109043,http://creativecommons.org/licenses/by-nc/4.0/
420408,3859511077,Syrphidae_Paragus_haemorrhous_2648934_3859511077,http://creativecommons.org/licenses/by-nc/4.0/
421002,4006521615,Syrphidae_Brachyopa_maculipennis_674317_4006521615,http://creativecommons.org/licenses/by/4.0/
421117,3330788713,Syrphidae_Eoseristalis_oestracea_303204_3330788713,http://creativecommons.org/licenses/by-nc/4.0/
421262,3902783832,Syrphidae_Heringia_adpropinquans_1987433_3902783832,http://creativecommons.org/licenses/by-nc/4.0/
421402,3712417691,Syrphidae_Helophilus_lapponicus_1163765_3712417691,http://creativecommons.org/licenses/by-nc/4.0/
422751,3903250336,Syrphidae_Sphaerophoria_nigra_2679249_3903250336,http://creativecommons.org/licenses/by-nc/4.0/
422752,3903250336,Syrphidae_Sphaerophoria_nigra_2679250_3903250336,http://creativecommons.org/licenses/by-nc/4.0/
422892,3759846434,Syrphidae_Chrysogaster_solstitialis_1235051_3759846434,http://creativecommons.org/licenses/by-nc/4.0/
424026,1459014438,Syrphidae_Sphecomyia_vespiformis_46729_1459014438,© all rights reserved
424104,2808631664,Syrphidae_Sericomyia_nigra_2961342_2808631664,© all rights reserved
424296,3993317935,Syrphidae_Eristalis_interrupta_1351143_3993317935,© all rights reserved
424868,3772961638,Syrphidae_Epistrophe_grossulariae_1240021_3772961638,http://creativecommons.org/licenses/by-nc/4.0/
427161,3902653799,Syrphidae_Mallota_megilliformis_608656_3902653799,http://creativecommons.org/licenses/by-nc/4.0/
427443,3772474384,Syrphidae_Brachyopa_maculipennis_2617462_3772474384,http://creativecommons.org/licenses/by/4.0/
427756,3947546419,Syrphidae_Epistrophe_euchroma_2029275_3947546419,http://creativecommons.org/publicdomain/zero/1.0/
427848,2626164711,Syrphidae_Chalcosyrphus_eunotus_879892_2626164711,http://creativecommons.org/licenses/by/4.0/
427852,2626164711,Syrphidae_Chalcosyrphus_eunotus_879896_2626164711,http://creativecommons.org/licenses/by/4.0/
429319,1969949845,Syrphidae_Chrysogaster_virescens_2182352_1969949845,http://creativecommons.org/licenses/by-nc-nd/4.0/
430381,3728269874,Syrphidae_Pelecocera_tricincta_1209404_3728269874,http://creativecommons.org/licenses/by-nc-nd/4.0/
430881,1973984524,Syrphidae_Chrysogaster_hirtella_2188694_1973984524,http://creativecommons.org/licenses/by-nc-nd/4.0/
431122,3730173704,Syrphidae_Pipizella_annulata_2593867_3730173704,http://creativecommons.org/licenses/by-nc/4.0/
431123,3730173704,Syrphidae_Pipizella_annulata_2593868_3730173704,http://creativecommons.org/licenses/by-nc/4.0/
432736,1430367931,Syrphidae_Cheilosia_urbana_43997_1430367931,© all rights reserved
432889,3004518531,Syrphidae_Temnostoma_angustistriatum_950070_3004518531,http://creativecommons.org/licenses/by-nc/4.0/
432967,3776536486,Syrphidae_Parasyrphus_proximus_1241728_3776536486,© all rights reserved
432968,3776536486,Syrphidae_Parasyrphus_proximus_1241729_3776536486,© all rights reserved
432969,3776536486,Syrphidae_Parasyrphus_proximus_1241730_3776536486,© all rights reserved
433407,1884630373,Syrphidae_Eriozona_syrphoides_772733_1884630373,© all rights reserved
433512,1972728586,Syrphidae_Cheilosia_pagana_2876235_1972728586,http://creativecommons.org/licenses/by-nc/4.0/
433716,1967154466,Syrphidae_Pipiza_accola_801037_1967154466,http://creativecommons.org/publicdomain/zero/1.0/
436401,3906975950,Syrphidae_Eristalinus_sepulchralis_3390189_3906975950,http://creativecommons.org/licenses/by-nc-nd/4.0/
437725,1955823644,Syrphidae_Dasysyrphus_venustus_2162376_1955823644,http://creativecommons.org/licenses/by-nc-nd/4.0/
438120,3720135237,Syrphidae_Eoseristalis_similis_1868622_3720135237,http://creativecommons.org/licenses/by-nc-nd/4.0/
438467,1955900974,Syrphidae_Pipiza_luteitarsis_94167_1955900974,http://creativecommons.org/licenses/by-nc-nd/4.0/
439370,3728305501,Syrphidae_Platycheirus_scutatus_3278709_3728305501,http://creativecommons.org/licenses/by-nc-nd/4.0/
439589,3722249857,Syrphidae_Platycheirus_rosarum_2570364_3722249857,http://creativecommons.org/licenses/by-nc-nd/4.0/
439915,1965099460,Syrphidae_Philhelius_festivum_2864101_1965099460,http://creativecommons.org/licenses/by-nc/4.0/
440542,1968968776,Syrphidae_Eoseristalis_anthophorina_802390_1968968776,http://creativecommons.org/licenses/by-nc-nd/4.0/
440752,1974356181,Syrphidae_Cheilosia_albipila_811742_1974356181,http://creativecommons.org/licenses/by-nc/4.0/
441138,3725785211,Syrphidae_Volucella_inflata_3268762_3725785211,http://creativecommons.org/licenses/by-nc-nd/4.0/
442161,2403208709,Syrphidae_Lejops_lunulata_2220663_2403208709,© All rights reserved
442184,2467899680,Syrphidae_Chrysogaster_aerosa_2232772_2467899680,© All rights reserved
442186,2467899680,Syrphidae_Chrysogaster_aerosa_2232774_2467899680,© All rights reserved
442187,2467899680,Syrphidae_Chrysogaster_aerosa_2232775_2467899680,© All rights reserved
442325,3803853483,Syrphidae_Pipiza_noctiluca_558163_3803853483,© All rights reserved
442348,3886402310,Syrphidae_Platycheirus_manicatus_1288006_3886402310,© All rights reserved
442934,1823913112,Syrphidae_Blera_fallax_2125197_1823913112,http://creativecommons.org/licenses/by-sa/4.0/
442962,1899682209,Syrphidae_Brachyopa_pilosa_83269_1899682209,© All rights reserved
443086,2247998176,Syrphidae_Criorhina_ranunculi_828088_2247998176,© All rights reserved
443127,3912696306,Syrphidae_Platycheirus_podagratus_2706074_3912696306,© All rights reserved
443131,2867125371,Syrphidae_Melangyna_lucifera_3004190_2867125371,http://creativecommons.org/licenses/by/4.0/
443205,2399679272,Syrphidae_Epistrophe_flava_842127_2399679272,© All rights reserved
443902,3721125492,Syrphidae_Epistrophe_cryptica_494443_3721125492,http://creativecommons.org/licenses/by-nc-nd/4.0/
444218,1971019639,Syrphidae_Cheilosia_fasciata_116039_1971019639,http://creativecommons.org/licenses/by-nc-nd/4.0/
444774,3907466944,Syrphidae_Chrysotoxum_verralli_2702563_3907466944,http://creativecommons.org/licenses/by-nc-nd/4.0/
444889,1974152104,Syrphidae_Pipiza_noctiluca_120702_1974152104,http://creativecommons.org/licenses/by-nc-nd/4.0/
445133,3730907629,Syrphidae_Cheilosia_carbonaria_1219300_3730907629,http://creativecommons.org/licenses/by-nc-nd/4.0/
445134,3730907629,Syrphidae_Cheilosia_carbonaria_1219301_3730907629,http://creativecommons.org/licenses/by-nc-nd/4.0/
446103,3822800007,Syrphidae_Cheilosia_grossa_560194_3822800007,http://creativecommons.org/licenses/by-nc-nd/4.0/
447318,1966212366,Syrphidae_Cheilosia_impressa_2866977_1966212366,http://creativecommons.org/licenses/by/4.0/
448113,3904207159,Syrphidae_Callicera_aurata_3373923_3904207159,http://creativecommons.org/licenses/by-nc-nd/4.0/
448304,2844121744,Syrphidae_Psilota_anthracina_231588_2844121744,http://creativecommons.org/licenses/by-nc-nd/4.0/
448364,3731962569,Syrphidae_Meliscaeva_cinctella_1225044_3731962569,http://creativecommons.org/licenses/by-nc-nd/4.0/
449112,2835780452,Syrphidae_Microdon_miki_2284918_2835780452,http://creativecommons.org/licenses/by-nc-nd/4.0/
449292,3717958333,Syrphidae_Cheilosia_illustrata_2553344_3717958333,http://creativecommons.org/licenses/by-nc-nd/4.0/
449706,1974416225,Syrphidae_Cheilosia_psilophthalma_1500201_1974416225,http://creativecommons.org/licenses/by-nd/4.0/
450064,1955346853,Syrphidae_Pelecocera_tricincta_92655_1955346853,http://creativecommons.org/licenses/by-nc-nd/4.0/
450094,3721367056,Syrphidae_Blera_fallax_3254125_3721367056,http://creativecommons.org/licenses/by-nc-nd/4.0/
450569,1974061170,Syrphidae_Temnostoma_vespiforme_1499625_1974061170,http://creativecommons.org/licenses/by-nc-nd/4.0/
451857,3004913387,Syrphidae_Melangyna_arctica_3018613_3004913387,© All rights reserved
451903,2409229555,Syrphidae_Platycheirus_transfugus_154167_2409229555,© All rights reserved
452065,1883086361,Syrphidae_Sphecomyia_vespiforme_80075_1883086361,© All rights reserved
452300,2818321415,Syrphidae_Chamaesyrphus_scaevoides_2964824_2818321415,© All rights reserved
452303,2408665208,Syrphidae_Didea_intermedia_2221928_2408665208,© All rights reserved
452335,2409565518,Syrphidae_Eoseristalis_oestracea_1533222_2409565518,© All rights reserved
453561,1957644110,Syrphidae_Syrphus_vitripennis_786804_1957644110,http://creativecommons.org/licenses/by-nc/4.0/
454004,3904420145,Syrphidae_Baccha_elongata_1305910_3904420145,http://creativecommons.org/licenses/by-nc-nd/4.0/
454453,3904490322,Syrphidae_Cheilosia_personata_617675_3904490322,http://creativecommons.org/licenses/by-nc-nd/4.0/
454997,3732583586,Syrphidae_Merodon_aurifer_539310_3732583586,http://creativecommons.org/licenses/by-nc/4.0/
455000,3732583586,Syrphidae_Merodon_aurifer_539313_3732583586,http://creativecommons.org/licenses/by-nc/4.0/
456427,3824148749,Syrphidae_Eoseristalis_picea_563228_3824148749,http://creativecommons.org/licenses/by-nc-nd/4.0/
456599,3997042940,Syrphidae_Philhelius_festivum_672182_3997042940,http://creativecommons.org/licenses/by-nc-nd/4.0/
458338,3721350276,Syrphidae_Spilomyia_digitata_495983_3721350276,http://creativecommons.org/licenses/by/4.0/
458339,3721350276,Syrphidae_Spilomyia_digitata_495984_3721350276,http://creativecommons.org/licenses/by/4.0/
458340,3721350276,Syrphidae_Spilomyia_digitata_495985_3721350276,http://creativecommons.org/licenses/by/4.0/
458412,1965167212,Syrphidae_Ferdinandea_cuprea_105650_1965167212,http://creativecommons.org/licenses/by-nc-sa/4.0/
459750,3726553407,Syrphidae_Chrysotoxum_cautum_513951_3726553407,http://creativecommons.org/licenses/by-nc-nd/4.0/
459792,3824654637,Syrphidae_Brachyopa_insensilis_564737_3824654637,http://creativecommons.org/licenses/by-nc-nd/4.0/
460377,1974961644,Syrphidae_Neoascia_tenur_1500584_1974961644,http://creativecommons.org/licenses/by-nc-nd/4.0/
461397,2251017077,Syrphidae_Cheilosia_angustigenis_2209082_2251017077,http://creativecommons.org/licenses/by-nc-sa/4.0/
461408,2248864929,Syrphidae_Platycheirus_melanopsis_138684_2248864929,http://creativecommons.org/licenses/by-nc-sa/4.0/
461414,2248870815,Syrphidae_Platycheirus_splendidus_829256_2248870815,http://creativecommons.org/licenses/by-nc-sa/4.0/
461441,2272614174,Syrphidae_Dasysyrphus_friuliensis_2903340_2272614174,© all rights reserved
461508,3430594596,Syrphidae_Episyrphus_balteatus_3094748_3430594596,© all rights reserved
461866,4022208756,Syrphidae_Scaeva_dignota_3441068_4022208756,http://creativecommons.org/licenses/by-nc/4.0/
462321,3355016533,Syrphidae_Melangyna_cingulata_314302_3355016533,http://creativecommons.org/licenses/by/4.0/
462389,3355036562,Syrphidae_Melangyna_cingulata_3072964_3355036562,http://creativecommons.org/licenses/by/4.0/
464032,3302519326,Syrphidae_Lejops_vittatus_291301_3302519326,http://creativecommons.org/licenses/by/4.0/
464037,3013909272,Syrphidae_Paragus_compeditus_952023_3013909272,http://creativecommons.org/licenses/by-nc/4.0/
464038,3013909272,Syrphidae_Paragus_compeditus_952024_3013909272,http://creativecommons.org/licenses/by-nc/4.0/
464785,1846943352,Syrphidae_Chalcosyrphus_piger_766673_1846943352,
464846,1846939333,Syrphidae_Chalcosyrphus_piger_75488_1846939333,
464891,1846731453,Syrphidae_Lejops_lineatus_2141827_1846731453,
465261,1846806725,Syrphidae_Lejops_lineatus_2142678_1846806725,
466460,1970414028,Syrphidae_Chrysogaster_hirtella_2183310_1970414028,http://creativecommons.org/licenses/by-nc-nd/4.0/
466670,1956958288,Syrphidae_Platycheirus_albimanus_1474113_1956958288,http://creativecommons.org/licenses/by-nc-nd/4.0/
467824,3720411594,Syrphidae_Eoseristalis_similis_490929_3720411594,http://creativecommons.org/licenses/by-nc-nd/4.0/
468119,3726238961,Syrphidae_Epistrophe_eligans_512510_3726238961,http://creativecommons.org/licenses/by-nc-nd/4.0/
468326,3718218429,Syrphidae_Cheilosia_illustrata_3244691_3718218429,http://creativecommons.org/licenses/by-nc-nd/4.0/
468429,3721347859,Syrphidae_Cheilosia_albitarsis_2563787_3721347859,http://creativecommons.org/licenses/by-nc-nd/4.0/
468876,3719994206,Syrphidae_Pipiza_luteitarsis_1178791_3719994206,http://creativecommons.org/licenses/by-nc/4.0/
469069,3995557130,Syrphidae_Spazigaster_ambulans_2734313_3995557130,http://creativecommons.org/licenses/by-nc/4.0/
469421,1969374750,Syrphidae_Eoseristalis_pseudorupium_112525_1969374750,http://creativecommons.org/licenses/by-nc-nd/4.0/
469422,1969374750,Syrphidae_Eoseristalis_pseudorupium_112526_1969374750,http://creativecommons.org/licenses/by-nc-nd/4.0/
469423,1969374750,Syrphidae_Eoseristalis_pseudorupium_112527_1969374750,http://creativecommons.org/licenses/by-nc-nd/4.0/
469424,1969374750,Syrphidae_Eoseristalis_pseudorupium_112528_1969374750,http://creativecommons.org/licenses/by-nc-nd/4.0/
471035,3718417572,Syrphidae_Helophilus_hybridus_3245365_3718417572,http://creativecommons.org/licenses/by-nc-nd/4.0/
471211,3725844805,Syrphidae_Lejops_lineata_3269030_3725844805,http://creativecommons.org/licenses/by-nc-nd/4.0/
471645,3903959624,Syrphidae_Paragus_quadrifasciatus_3372170_3903959624,http://creativecommons.org/licenses/by-nc-nd/4.0/
471828,1970346322,Syrphidae_Chrysotoxum_cautum_2873353_1970346322,http://creativecommons.org/licenses/by-nc-sa/4.0/
472086,1952717782,Syrphidae_Rhingia_campestris_779365_1952717782,http://creativecommons.org/licenses/by-nc-sa/4.0/
472884,3995612287,Syrphidae_Chrysotoxum_triarcuatum_2734499_3995612287,http://creativecommons.org/licenses/by-nc-nd/4.0/
472922,1955818996,Syrphidae_Cheilosia_himantopus_1473234_1955818996,http://creativecommons.org/licenses/by-nc-nd/4.0/
473044,3716030067,Syrphidae_Chrysotoxum_parmense_476077_3716030067,http://creativecommons.org/licenses/by-nc-nd/4.0/
473045,3716030067,Syrphidae_Chrysotoxum_parmense_476078_3716030067,http://creativecommons.org/licenses/by-nc-nd/4.0/
473046,3716030067,Syrphidae_Chrysotoxum_parmense_476079_3716030067,http://creativecommons.org/licenses/by-nc-nd/4.0/
473047,3716030067,Syrphidae_Chrysotoxum_parmense_476080_3716030067,http://creativecommons.org/licenses/by-nc-nd/4.0/
473086,3730026731,Syrphidae_Syrphus_nitidifrons_525611_3730026731,http://creativecommons.org/licenses/by-nd/4.0/
473094,3715292287,Syrphidae_Cheilosia_cynocephala_2543975_3715292287,http://creativecommons.org/licenses/by-nc-nd/4.0/
473385,3720866471,Syrphidae_Chrysogaster_hirtella_2560908_3720866471,http://creativecommons.org/licenses/by-nc-nd/4.0/
474096,3730551817,Syrphidae_Cheilosia_caerulescens_2595786_3730551817,http://creativecommons.org/licenses/by-nc-nd/4.0/
474599,1965406505,Syrphidae_Lejops_transfuga_797289_1965406505,http://creativecommons.org/licenses/by-nc-nd/4.0/
476362,4011505380,Syrphidae_Syrphus_nitidifrons_3435052_4011505380,http://creativecommons.org/licenses/by-nc/4.0/
477243,3415705669,Syrphidae_Volucella_inflata_3092167_3415705669,http://creativecommons.org/licenses/by-nc/4.0/
477288,3333126661,Syrphidae_Eoseristalis_abusivus_2372680_3333126661,http://creativecommons.org/licenses/by-nc/4.0/
479918,3466524618,Syrphidae_Eriozona_syrphoides_2535812_3466524618,http://creativecommons.org/licenses/by-nc/4.0/
479946,3044748322,Syrphidae_Eumerus_funeralis_269973_3044748322,http://creativecommons.org/licenses/by-nc/4.0/
480540,3985728701,Syrphidae_Didea_intermedia_659324_3985728701,http://creativecommons.org/licenses/by-nc/4.0/
483374,2248864940,Syrphidae_Platycheirus_nigrofemoratus_2206829_2248864940,http://creativecommons.org/licenses/by-nc-sa/4.0/
484990,1977255168,Syrphidae_Rhingia_campestris_2883398_1977255168,http://creativecommons.org/licenses/by-nc/4.0/
486649,3730462222,Syrphidae_Xylota_triangularis_3286080_3730462222,http://creativecommons.org/licenses/by-nc/4.0/
487990,1952913492,Syrphidae_Xylota_sylvarum_1468388_1952913492,http://creativecommons.org/licenses/by-nc-nd/4.0/
488210,2838960619,Syrphidae_Neoascia_obliqua_2290782_2838960619,http://creativecommons.org/licenses/by-nc/4.0/
488515,2841734094,Syrphidae_Chrysotoxum_fasciolatum_2294318_2841734094,http://creativecommons.org/licenses/by-nc/4.0/
489071,1970894745,Syrphidae_Melangyna_cinctus_806569_1970894745,http://creativecommons.org/licenses/by-nc-nd/4.0/
489259,1964948514,Syrphidae_Paragus_haemorrhous_795960_1964948514,http://creativecommons.org/licenses/by-nc/4.0/
489521,1953412348,Syrphidae_Brachyopa_insensilis_2848392_1953412348,http://creativecommons.org/licenses/by-nc-nd/4.0/
489523,1953412348,Syrphidae_Brachyopa_insensilis_2848394_1953412348,http://creativecommons.org/licenses/by-nc-nd/4.0/
489669,3722595068,Syrphidae_Chalcosyrphus_nemorum_2572603_3722595068,http://creativecommons.org/licenses/by-nc-nd/4.0/
489710,1976925855,Syrphidae_Microdon_major_124412_1976925855,http://creativecommons.org/licenses/by-nc-nd/4.0/
489789,2835519185,Syrphidae_Merodon_aurifer_907063_2835519185,http://creativecommons.org/licenses/by-nc-nd/4.0/
490305,2845272206,Syrphidae_Brachypalpus_valgus_2302662_2845272206,http://creativecommons.org/licenses/by-nc-nd/4.0/
492076,2833226831,Syrphidae_Meliscaeva_auricollis_211532_2833226831,http://creativecommons.org/licenses/by-nc-nd/4.0/
492200,2843664492,Syrphidae_Eoseristalis_abusivus_921188_2843664492,http://creativecommons.org/licenses/by-nc/4.0/
493764,3717819866,Syrphidae_Platycheirus_fulviventris_484358_3717819866,http://creativecommons.org/licenses/by-nc-nd/4.0/
493867,3732148040,Syrphidae_Helophilus_pendulus_1915363_3732148040,http://creativecommons.org/licenses/by-nc-nd/4.0/
493880,1961407639,Syrphidae_Sphegina_elegans_2860386_1961407639,http://creativecommons.org/licenses/by-nc-nd/4.0/
495170,1953036208,Syrphidae_Chrysogaster_virescens_780020_1953036208,http://creativecommons.org/licenses/by-nc-nd/4.0/
498131,3919666620,Syrphidae_Platycheirus_scambus_2022730_3919666620,© all rights reserved
498391,2826056421,Syrphidae_Neocnemodon_latitarsis_2967594_2826056421,© All rights reserved
498393,2826056421,Syrphidae_Neocnemodon_latitarsis_2967596_2826056421,© All rights reserved
498395,2826056421,Syrphidae_Neocnemodon_latitarsis_2967598_2826056421,© All rights reserved
498518,2406032740,Syrphidae_Platycheirus_podagratus_2221307_2406032740,© All rights reserved
498519,2406032740,Syrphidae_Platycheirus_podagratus_2221308_2406032740,© All rights reserved
498625,2627792579,Syrphidae_Platycheirus_nielseni_2259182_2627792579,© All rights reserved
498902,3320303362,Syrphidae_Platycheirus_subordinatus_985241_3320303362,© All rights reserved
498903,3320303362,Syrphidae_Platycheirus_subordinatus_985242_3320303362,© All rights reserved
499122,2332831191,Syrphidae_Criorhina_asilica_2217092_2332831191,© All rights reserved
499130,3411782672,Syrphidae_Pipizella_certa_1710852_3411782672,http://creativecommons.org/licenses/by-nc/4.0/
499131,3411782672,Syrphidae_Pipizella_certa_1710853_3411782672,http://creativecommons.org/licenses/by-nc/4.0/
499273,3856423283,Syrphidae_Temnostoma_apiforme_3330361_3856423283,© all rights reserved
499347,2808646926,Syrphidae_Blera_fallax_893354_2808646926,© all rights reserved
499487,3880102560,Syrphidae_Cheilosia_lineata_594926_3880102560,© all rights reserved
499578,2548655404,Syrphidae_Sphaerophoria_bankowskae_858474_2548655404,© all rights reserved
499798,2274463096,Syrphidae_Chrysogaster_coemiteriorum_2213835_2274463096,© all rights reserved
499819,1431337874,Syrphidae_Neoascia_meticulosa_735152_1431337874,© all rights reserved
500128,931967555,Syrphidae_Microdon_miki_1378188_931967555,© all rights reserved
500131,3000912576,Syrphidae_Sphaerophoria_batava_259845_3000912576,© all rights reserved
500426,1458875623,Syrphidae_Melangyna_lasiophthalma_46659_1458875623,© all rights reserved
500466,1458512886,Syrphidae_Epistrophe_obscuripes_2805239_1458512886,© all rights reserved
500818,3993401250,Syrphidae_Didea_alneti_663127_3993401250,© all rights reserved
501004,3768029591,Syrphidae_Orthonevra_nobilis_1927761_3768029591,© all rights reserved
501054,1890190910,Syrphidae_Helophilus_affinis_2150903_1890190910,© all rights reserved
501069,1459626283,Syrphidae_Sphaerophoria_loewii_2806150_1459626283,© all rights reserved
501210,1429048065,Syrphidae_Cheilosia_lineata_2802499_1429048065,© all rights reserved
501384,1670058342,Syrphidae_Callicera_aenea_744077_1670058342,© all rights reserved
501543,1458892807,Syrphidae_Brachyopa_panzeri_2115853_1458892807,© all rights reserved
501545,1458892807,Syrphidae_Brachyopa_panzeri_2115855_1458892807,© all rights reserved
501596,997960886,Syrphidae_Sphaerophoria_taeniata_1379768_997960886,© all rights reserved
501854,2816044413,Syrphidae_Neoascia_subchalybea_1585530_2816044413,© all rights reserved
502275,2609124342,Syrphidae_Melangyna_cincta_186900_2609124342,http://creativecommons.org/licenses/by/4.0/
502364,3759588311,Syrphidae_Chrysotoxum_triarcuatum_2613116_3759588311,http://creativecommons.org/licenses/by/4.0/
502393,1831147896,Syrphidae_Platycheirus_granditarsa_2829465_1831147896,http://creativecommons.org/licenses/by-nc/4.0/
502495,3963568588,Syrphidae_Pelecocera_tricincta_2033939_3963568588,http://creativecommons.org/licenses/by-nc/4.0/
503014,3124755553,Syrphidae_Helophilus_continuus_288026_3124755553,http://creativecommons.org/licenses/by-nc/4.0/
503873,2579258808,Syrphidae_Mallota_tricolor_183674_2579258808,http://creativecommons.org/licenses/by-nc/4.0/
504905,1670043327,Syrphidae_Orthonevra_stackelbergi_2121914_1670043327,© all rights reserved
505038,3429897061,Syrphidae_Heringia_heringi_1715003_3429897061,© all rights reserved
505273,2809194322,Syrphidae_Parhelophilus_frutetorum_203211_2809194322,© all rights reserved
505744,1460253116,Syrphidae_Sphaerophoria_fatarum_48612_1460253116,© all rights reserved
505906,3767079745,Syrphidae_Neoascia_interrupta_1927560_3767079745,© all rights reserved
506062,3434108093,Syrphidae_Syrphus_admirandus_338453_3434108093,© all rights reserved
506117,1460092788,Syrphidae_Parasyrphus_lineolus_739675_1460092788,© all rights reserved
506478,3430381750,Syrphidae_Xylota_sylvarum_336551_3430381750,© all rights reserved
506568,1669216740,Syrphidae_Eoseristalis_picea_2811253_1669216740,© all rights reserved
506728,932207454,Syrphidae_Rhingia_borealis_2067661_932207454,© all rights reserved
506732,1460274244,Syrphidae_Lejops_contracta_48723_1460274244,© all rights reserved
506774,3880607458,Syrphidae_Eupeodes_goeldlini_1284218_3880607458,© all rights reserved
506775,3880607458,Syrphidae_Eupeodes_goeldlini_1284219_3880607458,© all rights reserved
506776,3880607458,Syrphidae_Eupeodes_goeldlini_1284220_3880607458,© all rights reserved
506803,1459248817,Syrphidae_Dasysyrphus_friuliensis_1426745_1459248817,© all rights reserved
506807,2247107047,Syrphidae_Microdon_mutabilis_2205523_2247107047,© all rights reserved
506815,1460369133,Syrphidae_Eupeodes_nielseni_1428852_1460369133,© all rights reserved
506897,1459276635,Syrphidae_Meliscaeva_cinctella_738204_1459276635,© all rights reserved
507300,1052831088,Syrphidae_Microdon_myrmicae_4222_1052831088,© all rights reserved
507427,1459701879,Syrphidae_Platycheirus_aurolateralis_2806330_1459701879,© all rights reserved
507475,3857334060,Syrphidae_Brachyopa_bicolor_3330932_3857334060,© all rights reserved
507592,3432900927,Syrphidae_Cheilosia_pubera_1716493_3432900927,© all rights reserved
507611,3431466960,Syrphidae_Xylota_tarda_2404877_3431466960,© all rights reserved
507865,3856931740,Syrphidae_Cheilosia_vernalis_1261208_3856931740,© all rights reserved
507999,932055302,Syrphidae_Syrphus_ribesii_689653_932055302,© all rights reserved
508167,2246828612,Syrphidae_Eumerus_funeralis_137345_2246828612,© all rights reserved
508335,3431905053,Syrphidae_Sericomyia_silentis_3095450_3431905053,© all rights reserved
508560,3767755324,Syrphidae_Microdon_analis_1238294_3767755324,© all rights reserved
508997,2802588773,Syrphidae_Didea_alneti_2958531_2802588773,http://creativecommons.org/licenses/by/4.0/
509251,3097292505,Syrphidae_Eoseristalis_similis_282457_3097292505,http://creativecommons.org/licenses/by-nc/4.0/
509324,3031585831,Syrphidae_Sphaerophoria_scripta_1643186_3031585831,http://creativecommons.org/licenses/by-nc/4.0/
509422,3355036407,Syrphidae_Melanostoma_mellina_1693111_3355036407,http://creativecommons.org/licenses/by-nc/4.0/
509913,2235522302,Syrphidae_Mallota_fuciformis_2892736_2235522302,http://creativecommons.org/licenses/by-nc-nd/4.0/
510211,2265778648,Syrphidae_Paragus_flammeus_2902330_2265778648,http://creativecommons.org/licenses/by-nc/4.0/
512324,3915495495,Syrphidae_Merodon_albifrons_3397771_3915495495,http://creativecommons.org/licenses/by/4.0/
513390,3772717279,Syrphidae_Brachypalpus_chrysites_1239487_3772717279,http://creativecommons.org/licenses/by-nc/4.0/
513391,3772717279,Syrphidae_Brachypalpus_chrysites_1239488_3772717279,http://creativecommons.org/licenses/by-nc/4.0/
513392,3772717279,Syrphidae_Brachypalpus_chrysites_1239489_3772717279,http://creativecommons.org/licenses/by-nc/4.0/
513552,3399311354,Syrphidae_Cheilosia_pagana_2398143_3399311354,http://creativecommons.org/licenses/by-nc/4.0/
513969,3784705247,Syrphidae_Chrysotoxum_flavifrons_1933398_3784705247,http://creativecommons.org/licenses/by-nc/4.0/
513974,3784705247,Syrphidae_Chrysotoxum_flavifrons_1933403_3784705247,http://creativecommons.org/licenses/by-nc/4.0/
513976,3784705247,Syrphidae_Chrysotoxum_flavifrons_1933405_3784705247,http://creativecommons.org/licenses/by-nc/4.0/
513977,3784705247,Syrphidae_Chrysotoxum_flavifrons_1933406_3784705247,http://creativecommons.org/licenses/by-nc/4.0/
515509,3384288991,Syrphidae_Leucozona_glaucia_3079166_3384288991,http://creativecommons.org/licenses/by-nc/4.0/
515518,3985755421,Syrphidae_Cheilosia_lenis_3417148_3985755421,http://creativecommons.org/licenses/by-nc/4.0/
515520,3985755421,Syrphidae_Cheilosia_lenis_3417150_3985755421,http://creativecommons.org/licenses/by-nc/4.0/
515641,1847603786,Syrphidae_Pipiza_quadrimaculata_2146853_1847603786,http://creativecommons.org/licenses/by-nc/4.0/
516011,2610954467,Syrphidae_Ischiodon_scutellaris_2945630_2610954467,http://creativecommons.org/licenses/by/4.0/
516574,3079805858,Syrphidae_Eoseristalis_obscurus_968014_3079805858,http://creativecommons.org/licenses/by-nc/4.0/
517040,3090565112,Syrphidae_Brachypalpus_chrysites_3037029_3090565112,http://creativecommons.org/licenses/by/4.0/
517373,3031592635,Syrphidae_Merodon_ruficornis_1643271_3031592635,http://creativecommons.org/licenses/by/4.0/
517376,3031592635,Syrphidae_Merodon_ruficornis_1643274_3031592635,http://creativecommons.org/licenses/by/4.0/
517379,3031592635,Syrphidae_Merodon_ruficornis_1643277_3031592635,http://creativecommons.org/licenses/by/4.0/
517380,3031592635,Syrphidae_Merodon_ruficornis_1643278_3031592635,http://creativecommons.org/licenses/by/4.0/
518013,3468731347,Syrphidae_Copestylum_melleum_1157693_3468731347,http://creativecommons.org/licenses/by-nc/4.0/
518086,2580089790,Syrphidae_Meliscaeva_auricollis_1562801_2580089790,http://creativecommons.org/licenses/by-nc/4.0/
518775,4011855638,Syrphidae_Paragus_tibialis_2746262_4011855638,http://creativecommons.org/licenses/by-nc/4.0/
519012,1847644298,Syrphidae_Eoseristalis_anthophorina_769448_1847644298,http://creativecommons.org/licenses/by-nc-sa/4.0/
519090,4018190832,Syrphidae_Eumerus_latitarsis_3438812_4018190832,http://creativecommons.org/licenses/by-nc/4.0/
519576,3391543450,Syrphidae_Eoseristalis_obscurus_2394551_3391543450,http://creativecommons.org/licenses/by-nc/4.0/
519751,3858637605,Syrphidae_Pipiza_quadrimaculata_2644970_3858637605,http://creativecommons.org/licenses/by/4.0/
519909,3466035318,Syrphidae_Eoseristalis_cerealis_1845516_3466035318,http://creativecommons.org/licenses/by-nc/4.0/
520074,3399058906,Syrphidae_Rhingia_rostrata_3087133_3399058906,http://creativecommons.org/licenses/by-nc/4.0/
520373,3892475365,Syrphidae_Chrysotoxum_flavifrons_602865_3892475365,http://creativecommons.org/licenses/by-nc-nd/4.0/
520374,3892475365,Syrphidae_Chrysotoxum_flavifrons_602866_3892475365,http://creativecommons.org/licenses/by-nc-nd/4.0/
520662,3383851828,Syrphidae_Spilomyia_maxima_1008354_3383851828,http://creativecommons.org/licenses/by-nc/4.0/
520663,3383851828,Syrphidae_Spilomyia_maxima_1008355_3383851828,http://creativecommons.org/licenses/by-nc/4.0/
522179,2999088966,Syrphidae_Spilomyia_digitata_259424_2999088966,http://creativecommons.org/licenses/by-nc/4.0/
522180,2999088966,Syrphidae_Spilomyia_digitata_259425_2999088966,http://creativecommons.org/licenses/by-nc/4.0/
527619,2836145121,Syrphidae_Merodon_nigritarsis_1596324_2836145121,http://creativecommons.org/licenses/by-nc-nd/4.0/
527620,2836145121,Syrphidae_Merodon_nigritarsis_1596325_2836145121,http://creativecommons.org/licenses/by-nc-nd/4.0/
528385,3716441482,Syrphidae_Brachyopa_testacea_1856645_3716441482,http://creativecommons.org/licenses/by-nc-nd/4.0/
528541,3730298867,Syrphidae_Eoseristalis_similis_1215886_3730298867,http://creativecommons.org/licenses/by-nc-nd/4.0/
528575,1953546563,Syrphidae_Eumerus_funeralis_781049_1953546563,http://creativecommons.org/licenses/by-nc-nd/4.0/
528797,3716957718,Syrphidae_Xanthandrus_comtus_1169285_3716957718,http://creativecommons.org/licenses/by-nc/4.0/
528868,2843764508,Syrphidae_Chrysotoxum_cautum_231076_2843764508,http://creativecommons.org/licenses/by-nc/4.0/
529071,3997257015,Syrphidae_Ferdinandea_cuprea_1361183_3997257015,http://creativecommons.org/licenses/by-nc-nd/4.0/
530755,2839760820,Syrphidae_Syrphus_torvus_913641_2839760820,http://creativecommons.org/licenses/by-nc/4.0/
531179,3759631325,Syrphidae_Eoseristalis_pertinax_1924020_3759631325,http://creativecommons.org/licenses/by-nc/4.0/
532878,3031817170,Syrphidae_Chrysotoxum_parmense_956241_3031817170,http://creativecommons.org/licenses/by-nc/4.0/
533990,2802823711,Syrphidae_Platycheirus_immarginatus_2269273_2802823711,http://creativecommons.org/licenses/by-nc/4.0/
534641,3743180561,Syrphidae_Eumerus_latitarsis_3299989_3743180561,http://creativecommons.org/licenses/by-nc/4.0/
534970,3947364592,Syrphidae_Eumerus_latitarsis_650557_3947364592,http://creativecommons.org/licenses/by-nc/4.0/
535042,3398758469,Syrphidae_Eoseristalis_arbustorum_3086151_3398758469,http://creativecommons.org/licenses/by/4.0/
535207,3773580984,Syrphidae_Sphiximorpha_subsessilis_2620005_3773580984,http://creativecommons.org/licenses/by-nc/4.0/
535357,3759529967,Syrphidae_Merodon_setosus_545238_3759529967,http://creativecommons.org/licenses/by-nc/4.0/
536157,3985678494,Syrphidae_Sphaerophoria_taeniata_2726453_3985678494,http://creativecommons.org/licenses/by-nc/4.0/
536294,3764511067,Syrphidae_Volucella_elegans_548860_3764511067,http://creativecommons.org/licenses/by-nc/4.0/
537178,4009873281,Syrphidae_Didea_alneti_1365171_4009873281,http://creativecommons.org/licenses/by-nc/4.0/
537258,2597851539,Syrphidae_Chrysotoxum_triarcuatum_185749_2597851539,http://creativecommons.org/licenses/by-nc/4.0/
538746,2620126575,Syrphidae_Olbiosyrphus_laetum_1568260_2620126575,http://creativecommons.org/licenses/by-nc/4.0/
539455,4009736503,Syrphidae_Spilomyia_maxima_1364362_4009736503,http://creativecommons.org/licenses/by-nc/4.0/
540098,3759947107,Syrphidae_Merodon_setosus_546604_3759947107,http://creativecommons.org/licenses/by/4.0/
540563,3961135118,Syrphidae_Callicera_spinolae_3411172_3961135118,http://creativecommons.org/licenses/by/4.0/
542456,3307452511,Syrphidae_Mallota_megilliformis_982884_3307452511,http://creativecommons.org/licenses/by-nc/4.0/
543594,3947446089,Syrphidae_Milesia_semiluctifera_3408589_3947446089,http://creativecommons.org/licenses/by-nc/4.0/
544373,3058874491,Syrphidae_Portevinia_maculata_271600_3058874491,http://creativecommons.org/licenses/by-nc/4.0/
545366,3355545382,Syrphidae_Melangyna_labiatarum_1007018_3355545382,http://creativecommons.org/licenses/by-sa/4.0/
545990,3113301371,Syrphidae_Epistrophe_grossulariae_1663757_3113301371,http://creativecommons.org/licenses/by-nc/4.0/
546225,3785165879,Syrphidae_Myathropa_florea_1245302_3785165879,http://creativecommons.org/licenses/by-nc/4.0/
547062,3335186822,Syrphidae_Syritta_pipiens_1685254_3335186822,http://creativecommons.org/licenses/by-nc/4.0/
547837,3698156959,Syrphidae_Mesembrius_peregrinus_472193_3698156959,http://creativecommons.org/licenses/by-nc/4.0/
547983,3325922554,Syrphidae_Meliscaeva_cinctella_298881_3325922554,http://creativecommons.org/licenses/by-nc/4.0/
548301,3014030093,Syrphidae_Sericomyia_bombiformis_2330636_3014030093,http://creativecommons.org/licenses/by-nc/4.0/
548382,2856635396,Syrphidae_Merodon_moenium_2999612_2856635396,http://creativecommons.org/licenses/by/4.0/
548389,2856635396,Syrphidae_Merodon_moenium_2999619_2856635396,http://creativecommons.org/licenses/by/4.0/
549996,2868325579,Syrphidae_Eristalinus_aeneus_1624883_2868325579,http://creativecommons.org/licenses/by/4.0/
550246,3031860950,Syrphidae_Merodon_constans_266589_3031860950,http://creativecommons.org/licenses/by/4.0/
550399,3985747846,Syrphidae_Syrphus_ribesii_1347750_3985747846,http://creativecommons.org/licenses/by-nc/4.0/
551306,3772512569,Syrphidae_Cheilosia_horticola_1238997_3772512569,http://creativecommons.org/licenses/by-nc/4.0/
551352,3044887056,Syrphidae_Ferdinandea_fumipennis_2338581_3044887056,http://creativecommons.org/licenses/by-nc/4.0/
551353,3044887056,Syrphidae_Ferdinandea_fumipennis_2338582_3044887056,http://creativecommons.org/licenses/by-nc/4.0/
551897,2397590992,Syrphidae_Melanostoma_scalare_2218988_2397590992,http://creativecommons.org/licenses/by-nc/4.0/
552527,3456394656,Syrphidae_Eoseristalis_cerealis_2529895_3456394656,http://creativecommons.org/licenses/by-nc/4.0/
552792,2851022464,Syrphidae_Eoseristalis_hirtus_929314_2851022464,http://creativecommons.org/licenses/by-nc/4.0/
553396,2999100981,Syrphidae_Philhelius_marginale_1637764_2999100981,http://creativecommons.org/licenses/by-nc/4.0/
553494,3320883851,Syrphidae_Helophilus_lapponicus_1674100_3320883851,http://creativecommons.org/licenses/by-nc/4.0/
553665,2563797501,Syrphidae_Sericomyia_superbiens_871828_2563797501,http://creativecommons.org/licenses/by-nc/4.0/
553760,3399097552,Syrphidae_Chrysotoxum_intermedium_3087291_3399097552,http://creativecommons.org/licenses/by-nc/4.0/
553889,3355051346,Syrphidae_Chrysogaster_cemiteriorum_1004642_3355051346,http://creativecommons.org/licenses/by-sa/4.0/
554879,3873063009,Syrphidae_Sphaerophoria_philantha_1967292_3873063009,http://creativecommons.org/licenses/by-nc/4.0/
554922,3112568461,Syrphidae_Callicera_fagesii_974439_3112568461,http://creativecommons.org/licenses/by-nc/4.0/
556085,1038292144,Syrphidae_Baccha_elongata_1383685_1038292144,http://creativecommons.org/licenses/by-nc/4.0/
556157,1802632368,Syrphidae_Eristalinus_taeniops_2813369_1802632368,http://creativecommons.org/licenses/by-nc/4.0/
557838,2856644548,Syrphidae_Eriozona_syrphoides_2309381_2856644548,http://creativecommons.org/licenses/by/4.0/
557889,2611084899,Syrphidae_Eupeodes_latifasciatus_2255554_2611084899,http://creativecommons.org/licenses/by-nc/4.0/
558004,3456206848,Syrphidae_Ferdinandea_cuprea_2528977_3456206848,http://creativecommons.org/licenses/by-nc/4.0/
558414,3070498208,Syrphidae_Chrysotoxum_bicincta_2344047_3070498208,http://creativecommons.org/licenses/by/4.0/
559468,3985630441,Syrphidae_Ischiodon_aegyptius_2726068_3985630441,http://creativecommons.org/licenses/by/4.0/
560201,3343882845,Syrphidae_Rhingia_rostrata_2381127_3343882845,http://creativecommons.org/licenses/by-nc/4.0/
562021,3912144173,Syrphidae_Epistrophe_grossulariae_2704803_3912144173,http://creativecommons.org/licenses/by-nc/4.0/
562515,3455758822,Syrphidae_Cheilosia_ranunculi_1148355_3455758822,http://creativecommons.org/licenses/by-nc/4.0/
562762,2596288805,Syrphidae_Leucozona_lucorum_2943107_2596288805,http://creativecommons.org/licenses/by-nc/4.0/
562867,1848807629,Syrphidae_Mesembrius_peregrinus_769691_1848807629,http://creativecommons.org/licenses/by-nc/4.0/
564038,3113350025,Syrphidae_Volucella_pellucens_1663916_3113350025,http://creativecommons.org/licenses/by-nc/4.0/
564187,3873714784,Syrphidae_Melangyna_cincta_592139_3873714784,http://creativecommons.org/licenses/by/4.0/
565000,3903535804,Syrphidae_Volucella_elegans_3371060_3903535804,http://creativecommons.org/licenses/by/4.0/
565595,3985918014,Syrphidae_Tropidia_fasciata_2727635_3985918014,http://creativecommons.org/licenses/by-nc/4.0/
565727,3337718432,Syrphidae_Eupeodes_latifasciatus_3068522_3337718432,http://creativecommons.org/licenses/by-nc/4.0/
565774,3912253927,Syrphidae_Ischiodon_aegyptius_1326055_3912253927,http://creativecommons.org/licenses/by-nc/4.0/
565779,3384490308,Syrphidae_Merodon_pulveris_1011718_3384490308,http://creativecommons.org/licenses/by-nc/4.0/
565780,3384490308,Syrphidae_Merodon_pulveris_1011719_3384490308,http://creativecommons.org/licenses/by-nc/4.0/
566227,3966551465,Syrphidae_Eoseristalis_gomojunovae_657405_3966551465,http://creativecommons.org/licenses/by-nc/4.0/
566228,3966551465,Syrphidae_Eoseristalis_gomojunovae_657406_3966551465,http://creativecommons.org/licenses/by-nc/4.0/
567077,2596426174,Syrphidae_Ferdinandea_ruficornis_1564147_2596426174,http://creativecommons.org/licenses/by-nc/4.0/
567598,3407900020,Syrphidae_Milesia_crabroniformis_1020594_3407900020,http://creativecommons.org/licenses/by-nc/4.0/
567600,3456068158,Syrphidae_Paragus_quadrifasciatus_2528305_3456068158,http://creativecommons.org/licenses/by-nc/4.0/
567844,3384253002,Syrphidae_Sphaerophoria_nigra_3078985_3384253002,http://creativecommons.org/licenses/by-nc/4.0/
567845,3384253002,Syrphidae_Sphaerophoria_nigra_3078986_3384253002,http://creativecommons.org/licenses/by-nc/4.0/
567945,3355804181,Syrphidae_Eumerus_obliquus_1007866_3355804181,http://creativecommons.org/licenses/by-nc/4.0/
568816,3383967311,Syrphidae_Chrysotoxum_verralli_1009119_3383967311,http://creativecommons.org/licenses/by-nc/4.0/
568980,3415460366,Syrphidae_Eoseristalis_jugorum_1022790_3415460366,http://creativecommons.org/licenses/by/4.0/
569125,3031601911,Syrphidae_Melangyna_labiatarum_264991_3031601911,http://creativecommons.org/licenses/by-sa/4.0/
569168,3903526196,Syrphidae_Eoseristalis_anthophorina_2680618_3903526196,http://creativecommons.org/licenses/by-nc/4.0/
569735,3872884066,Syrphidae_Melanostoma_incompletum_587947_3872884066,http://creativecommons.org/licenses/by-nc/4.0/
569899,2557743905,Syrphidae_Syritta_flaviventris_859282_2557743905,http://creativecommons.org/licenses/by-nc/4.0/
570458,3455550890,Syrphidae_Eristalinus_megacephalus_1147434_3455550890,http://creativecommons.org/licenses/by/4.0/
571356,3759250934,Syrphidae_Eoseristalis_cerealis_544502_3759250934,http://creativecommons.org/licenses/by-nc/4.0/
571602,3044758435,Syrphidae_Chrysotoxum_intermedium_960127_3044758435,http://creativecommons.org/licenses/by-nc/4.0/
573046,3872988798,Syrphidae_Chrysotoxum_lineare_1966806_3872988798,http://creativecommons.org/licenses/by-nc/4.0/
573688,3335066329,Syrphidae_Eumerus_hispidus_995967_3335066329,http://creativecommons.org/licenses/by-nc/4.0/
573946,3391553847,Syrphidae_Eristalinus_aeneus_3084700_3391553847,http://creativecommons.org/licenses/by-nc/4.0/
574497,2818573099,Syrphidae_Volucella_inflata_896972_2818573099,http://creativecommons.org/licenses/by-nc/4.0/
575488,3415464492,Syrphidae_Merodon_velox_332992_3415464492,http://creativecommons.org/licenses/by-nc/4.0/
579216,3109045269,Syrphidae_Epistrophe_eligans_2350881_3109045269,http://creativecommons.org/licenses/by-nc/4.0/
580047,3465955791,Syrphidae_Philhelius_dives_1845139_3465955791,http://creativecommons.org/licenses/by-nc/4.0/
580652,2859930518,Syrphidae_Chrysotoxum_intermedium_2310349_2859930518,http://creativecommons.org/licenses/by-nc/4.0/
580665,2802984339,Syrphidae_Sphegina_elegans_1581349_2802984339,http://creativecommons.org/licenses/by-nc/4.0/
581997,3455422164,Syrphidae_Milesia_semiluctifera_2525307_3455422164,http://creativecommons.org/licenses/by-nc/4.0/
582445,4014940809,Syrphidae_Eristalinus_taeniops_2747135_4014940809,http://creativecommons.org/licenses/by-nc/4.0/
582633,3321118814,Syrphidae_Scaeva_mecogramma_2364828_3321118814,http://creativecommons.org/licenses/by-nc/4.0/
582729,3873696709,Syrphidae_Leucozona_laternaria_1281184_3873696709,http://creativecommons.org/licenses/by-nc/4.0/
582966,3860529794,Syrphidae_Milesia_semiluctifera_2653648_3860529794,http://creativecommons.org/licenses/by-nc/4.0/
583651,2350307205,Syrphidae_Merodon_clavipes_1528329_2350307205,http://creativecommons.org/licenses/by-nc/4.0/
584474,3355745400,Syrphidae_Chrysotoxum_elegans_3076297_3355745400,http://creativecommons.org/licenses/by/4.0/
584495,3039231036,Syrphidae_Xanthogramma_pilosum_958481_3039231036,http://creativecommons.org/licenses/by-nc/4.0/
585014,3963265505,Syrphidae_Eoseristalis_hirtus_655167_3963265505,http://creativecommons.org/licenses/by-nc/4.0/
585085,3712425719,Syrphidae_Eristalis_alpina_1163795_3712425719,http://creativecommons.org/licenses/by-nc/4.0/
585154,3772968021,Syrphidae_Brachyopa_maculipennis_3309185_3772968021,http://creativecommons.org/licenses/by/4.0/
585598,3321189502,Syrphidae_Lejops_vittatus_296756_3321189502,http://creativecommons.org/licenses/by/4.0/
585600,3321189502,Syrphidae_Lejops_vittatus_296758_3321189502,http://creativecommons.org/licenses/by/4.0/
585886,2596252849,Syrphidae_Brachypalpus_valgus_2252525_2596252849,http://creativecommons.org/licenses/by/4.0/
588620,3320877058,Syrphidae_Helophilus_groenlandicus_3054153_3320877058,http://creativecommons.org/licenses/by-nc/4.0/
589052,3307205307,Syrphidae_Ferdinandea_aurea_292123_3307205307,http://creativecommons.org/licenses/by/4.0/
589109,3873018360,Syrphidae_Ischiodon_aegyptius_1966996_3873018360,http://creativecommons.org/licenses/by-nc/4.0/
589640,3044782705,Syrphidae_Eoseristalis_hirtus_2338294_3044782705,http://creativecommons.org/licenses/by-nc/4.0/
590352,3746991777,Syrphidae_Eristalis_alpina_542392_3746991777,http://creativecommons.org/licenses/by-nc/4.0/
590652,3307252015,Syrphidae_Rhingia_austriaca_2360647_3307252015,http://creativecommons.org/licenses/by-nc/4.0/
590804,2294557466,Syrphidae_Eoseristalis_jugorum_147429_2294557466,http://creativecommons.org/licenses/by-nc/4.0/
590897,3415671740,Syrphidae_Epistrophe_grossulariae_1023636_3415671740,http://creativecommons.org/licenses/by-nc/4.0/
591176,3335070454,Syrphidae_Eumerus_argyropus_306016_3335070454,http://creativecommons.org/licenses/by-nc/4.0/
592435,3859202407,Syrphidae_Orthonevra_splendens_1958230_3859202407,http://creativecommons.org/licenses/by-nc/4.0/
592901,2540786303,Syrphidae_Leucozona_glaucia_166653_2540786303,http://creativecommons.org/licenses/by-nc/4.0/
593129,3698216352,Syrphidae_Copestylum_melleum_3231045_3698216352,http://creativecommons.org/licenses/by-nc/4.0/
593896,3018145423,Syrphidae_Platycheirus_albimanus_264339_3018145423,http://creativecommons.org/licenses/by-nc/4.0/
594227,3354986446,Syrphidae_Sphegina_elegans_2382189_3354986446,http://creativecommons.org/licenses/by-nc/4.0/
594708,1850957420,Syrphidae_Eoseristalis_cryptarum_2837455_1850957420,http://creativecommons.org/licenses/by-nc/4.0/
594791,3903547777,Syrphidae_Epistrophe_grossulariae_1302039_3903547777,http://creativecommons.org/licenses/by-nc/4.0/
595053,3874031699,Syrphidae_Leucozona_laternaria_2661238_3874031699,http://creativecommons.org/licenses/by-nc/4.0/
595865,3067935386,Syrphidae_Episyrphus_balteatus_1652988_3067935386,http://creativecommons.org/licenses/by-nc/4.0/
597131,3384482443,Syrphidae_Spilomyia_saltuum_1700446_3384482443,http://creativecommons.org/licenses/by-nc/4.0/
598268,3355085467,Syrphidae_Neoascia_obliqua_1693462_3355085467,http://creativecommons.org/licenses/by-nc/4.0/
598270,3355085467,Syrphidae_Neoascia_obliqua_1693464_3355085467,http://creativecommons.org/licenses/by-nc/4.0/
599873,3321187540,Syrphidae_Mallota_tricolor_296744_3321187540,http://creativecommons.org/licenses/by-nc/4.0/
599998,2244311089,Syrphidae_Sphaerophoria_menthastri_827703_2244311089,http://creativecommons.org/licenses/by/4.0/
601585,3785037647,Syrphidae_Xanthogramma_aeginae_1934168_3785037647,http://creativecommons.org/licenses/by-nc/4.0/
602568,3355677338,Syrphidae_Eumerus_ornatus_2385805_3355677338,http://creativecommons.org/licenses/by/4.0/
603146,1993781500,Syrphidae_Volucella_tabanoides_2890924_1993781500,http://creativecommons.org/licenses/by-nc-nd/4.0/
603256,2826284674,Syrphidae_Mallota_tricolor_1589144_2826284674,http://creativecommons.org/licenses/by-nc-nd/4.0/
603366,2239053661,Syrphidae_Syritta_flaviventris_1515290_2239053661,http://creativecommons.org/licenses/by-nc/4.0/
603479,3067681107,Syrphidae_Paragus_haemorrhous_963684_3067681107,http://creativecommons.org/licenses/by-nc/4.0/
603726,3499672437,Syrphidae_Eristalinus_taeniops_1851299_3499672437,http://creativecommons.org/licenses/by-nc/4.0/
604123,3873617749,Syrphidae_Merodon_albifrons_2659253_3873617749,http://creativecommons.org/licenses/by-nc/4.0/
604127,3873617749,Syrphidae_Merodon_albifrons_2659257_3873617749,http://creativecommons.org/licenses/by-nc/4.0/
604898,3031669854,Syrphidae_Cheilosia_nebulosa_265669_3031669854,http://creativecommons.org/licenses/by-sa/4.0/
604900,3031669854,Syrphidae_Cheilosia_nebulosa_265671_3031669854,http://creativecommons.org/licenses/by-sa/4.0/
605182,3923261524,Syrphidae_Criorhina_pachymera_1333987_3923261524,http://creativecommons.org/licenses/by-nc/4.0/
606687,3391709913,Syrphidae_Dasysyrphus_tricinctus_1016766_3391709913,http://creativecommons.org/licenses/by-nc/4.0/
607398,2868181466,Syrphidae_Volucella_inanis_1624448_2868181466,http://creativecommons.org/licenses/by/4.0/
608918,3384237683,Syrphidae_Merodon_luteihumerus_1010407_3384237683,http://creativecommons.org/licenses/by-nc/4.0/
609314,3307207861,Syrphidae_Lejops_vittatus_1670450_3307207861,http://creativecommons.org/licenses/by/4.0/
609941,3343923359,Syrphidae_Spilomyia_diophthalma_3071655_3343923359,http://creativecommons.org/licenses/by-nc/4.0/
611348,3966538502,Syrphidae_Milesia_semiluctifera_2035091_3966538502,http://creativecommons.org/licenses/by-nc/4.0/
612196,3465977549,Syrphidae_Eupeodes_lapponicus_1845232_3465977549,http://creativecommons.org/licenses/by/4.0/
612385,3903495287,Syrphidae_Episyrphus_balteatus_3370884_3903495287,http://creativecommons.org/licenses/by-nc/4.0/
612469,3764120054,Syrphidae_Melangyna_cincta_1926356_3764120054,http://creativecommons.org/licenses/by-nc/4.0/
613907,3499370184,Syrphidae_Merodon_setosus_1160630_3499370184,http://creativecommons.org/licenses/by-nc/4.0/
614281,3963510590,Syrphidae_Scaeva_selenitica_2033733_3963510590,http://creativecommons.org/licenses/by-nc/4.0/
615937,3923244504,Syrphidae_Eoseristalis_hirtus_645253_3923244504,http://creativecommons.org/licenses/by-nc/4.0/
616556,2850788494,Syrphidae_Baccha_elongata_237622_2850788494,http://creativecommons.org/licenses/by-nc/4.0/
616566,3385082360,Syrphidae_Spilomyia_maxima_1703038_3385082360,http://creativecommons.org/licenses/by-nc/4.0/
616568,3385082360,Syrphidae_Spilomyia_maxima_1703040_3385082360,http://creativecommons.org/licenses/by-nc/4.0/
616826,2445062416,Syrphidae_Sphaerophoria_philantha_852712_2445062416,http://creativecommons.org/licenses/by/4.0/
616938,3112699290,Syrphidae_Philhelius_citrofasciatum_974661_3112699290,http://creativecommons.org/licenses/by/4.0/
617494,3925364471,Syrphidae_Eupeodes_nitens_648504_3925364471,http://creativecommons.org/licenses/by-nc/4.0/
619948,3923661227,Syrphidae_Eupeodes_lapponicus_646690_3923661227,http://creativecommons.org/licenses/by-nc/4.0/
619967,3355519357,Syrphidae_Melangyna_cincta_3075350_3355519357,http://creativecommons.org/licenses/by-nc/4.0/
620170,2634014556,Syrphidae_Brachyopa_maculipennis_197007_2634014556,http://creativecommons.org/licenses/by/4.0/
620508,3873329751,Syrphidae_Heringia_adpropinquans_1279313_3873329751,http://creativecommons.org/licenses/by-nc/4.0/
620738,3384614165,Syrphidae_Xylota_segnis_322324_3384614165,http://creativecommons.org/licenses/by-nc/4.0/
620810,3031942571,Syrphidae_Sericomyia_lappona_266957_3031942571,http://creativecommons.org/licenses/by-sa/4.0/
622026,3455289497,Syrphidae_Sphaerophoria_fatarum_2524527_3455289497,http://creativecommons.org/licenses/by-nc/4.0/
622466,3986062620,Syrphidae_Eoseristalis_arbustorum_2037997_3986062620,http://creativecommons.org/licenses/by-nc/4.0/
622581,3039203499,Syrphidae_Tropidia_fasciata_2336348_3039203499,http://creativecommons.org/licenses/by-nc/4.0/
622619,3985750312,Syrphidae_Ischiodon_aegyptius_2726991_3985750312,http://creativecommons.org/licenses/by-nc/4.0/
624049,2294408819,Syrphidae_Temnostoma_angustistriatum_1525756_2294408819,http://creativecommons.org/licenses/by-nc/4.0/
625108,2980988682,Syrphidae_Volucella_inanis_1634296_2980988682,http://creativecommons.org/licenses/by-nc/4.0/
625109,3118210485,Syrphidae_Eoseristalis_hirtus_976833_3118210485,http://creativecommons.org/licenses/by-nc/4.0/
625278,2603427471,Syrphidae_Xanthogramma_aeginae_1565338_2603427471,http://creativecommons.org/licenses/by-nc/4.0/
626710,2251881270,Syrphidae_Sphaerophoria_menthastri_1522109_2251881270,http://creativecommons.org/licenses/by/4.0/
627543,3872873860,Syrphidae_Eumerus_canariensis_587874_3872873860,http://creativecommons.org/licenses/by-nc/4.0/
627544,3872873860,Syrphidae_Eumerus_canariensis_587875_3872873860,http://creativecommons.org/licenses/by-nc/4.0/
627545,3872873860,Syrphidae_Eumerus_canariensis_587876_3872873860,http://creativecommons.org/licenses/by-nc/4.0/
628387,3343893315,Syrphidae_Ferdinandea_aurea_1691697_3343893315,http://creativecommons.org/licenses/by/4.0/
630030,3947725244,Syrphidae_Sphiximorpha_garibaldii_2029999_3947725244,http://creativecommons.org/licenses/by-nc/4.0/
630031,3947725244,Syrphidae_Sphiximorpha_garibaldii_2030000_3947725244,http://creativecommons.org/licenses/by-nc/4.0/
630600,4018297816,Syrphidae_Psarus_abdominalis_3439382_4018297816,http://creativecommons.org/licenses/by-nc/4.0/
630940,3383845223,Syrphidae_Chrysogaster_coemiteriorum_2386621_3383845223,http://creativecommons.org/licenses/by-nc-nd/4.0/
631020,2860180589,Syrphidae_Merodon_pruni_2311245_2860180589,http://creativecommons.org/licenses/by-nc/4.0/
631111,3988643819,Syrphidae_Chrysotoxum_parmense_1350715_3988643819,http://creativecommons.org/licenses/by-nc/4.0/
632609,3988485746,Syrphidae_Chrysotoxum_elegans_3419287_3988485746,http://creativecommons.org/licenses/by-nc/4.0/
633480,2802558670,Syrphidae_Baccha_elongata_1579505_2802558670,http://creativecommons.org/licenses/by-nc/4.0/
633695,2248864922,Syrphidae_Platycheirus_discimanus_2206824_2248864922,http://creativecommons.org/licenses/by-nc-sa/4.0/
633773,2401473151,Syrphidae_Epistrophe_cryptica_2910846_2401473151,© All rights reserved
634103,2400420934,Syrphidae_Dasysyrphus_pauxillus_2910587_2400420934,© All rights reserved
634128,2403569895,Syrphidae_Sphaerophoria_abbreviata_2911402_2403569895,http://creativecommons.org/licenses/by-nc-sa/4.0/
634194,3327191423,Syrphidae_Parasyrphus_groenlandicus_1677576_3327191423,© All rights reserved
634195,3327191423,Syrphidae_Parasyrphus_groenlandicus_1677577_3327191423,© All rights reserved
634196,3327191423,Syrphidae_Parasyrphus_groenlandicus_1677578_3327191423,© All rights reserved
634284,2403479445,Syrphidae_Eupeodes_bucculatus_152816_2403479445,© All rights reserved
634384,3803934343,Syrphidae_Mallota_megilliformis_558203_3803934343,© All rights reserved
634394,1946426052,Syrphidae_Dasysyrphus_neovenustus_2844849_1946426052,© All rights reserved
634410,2405236482,Syrphidae_Chamaesyrphus_scaevoides_843449_2405236482,© All rights reserved
634856,3988660373,Syrphidae_Epistrophe_nitidicollis_662599_3988660373,http://creativecommons.org/licenses/by-nc/4.0/
635070,3031964950,Syrphidae_Eoseristalis_nemorum_267155_3031964950,http://creativecommons.org/licenses/by/4.0/
635116,3118286113,Syrphidae_Olbiosyrphus_laetum_1665289_3118286113,http://creativecommons.org/licenses/by/4.0/
636133,3070337766,Syrphidae_Ceriana_vespiformis_3033552_3070337766,http://creativecommons.org/licenses/by/4.0/
638314,1822370353,Syrphidae_Cheilosia_sootryeni_747105_1822370353,© All rights reserved
638342,2411889271,Syrphidae_Paragus_pecchiolii_154777_2411889271,© All rights reserved
638405,1822340681,Syrphidae_Helophilus_lapponicus_1435638_1822340681,© All rights reserved
638540,1458435436,Syrphidae_Eristalis_interrupta_2805135_1458435436,© all rights reserved
638632,3013036542,Syrphidae_Dasysyrphus_neovenustus_1639936_3013036542,© all rights reserved
638679,3731991473,Syrphidae_Eristalis_tenax_1914591_3731991473,http://creativecommons.org/licenses/by-nc-nd/4.0/
639003,2843707874,Syrphidae_Ferdinandea_aurea_2298881_2843707874,http://creativecommons.org/licenses/by-nc/4.0/
639117,3730597966,Syrphidae_Xanthandrus_comtus_528579_3730597966,http://creativecommons.org/licenses/by-nc-nd/4.0/
641537,3827261425,Syrphidae_Syritta_pipiens_3329339_3827261425,http://creativecommons.org/licenses/by-nc-nd/4.0/
641663,2840619187,Syrphidae_Epistrophe_leiophthalma_1603128_2840619187,http://creativecommons.org/licenses/by-nc-nd/4.0/
641865,3822277229,Syrphidae_Lejops_transfuga_3316758_3822277229,http://creativecommons.org/licenses/by-nc-nd/4.0/
642814,2397995814,Syrphidae_Parasyrphus_vittiger_151536_2397995814,© All rights reserved
642890,3451426434,Syrphidae_Cheilosia_vernalis_3213258_3451426434,© All rights reserved
643000,2406989773,Syrphidae_Melanogaster_parumplicata_153621_2406989773,© All rights reserved
643059,2407012182,Syrphidae_Platycheirus_transfugus_2912248_2407012182,© All rights reserved
643083,2027374235,Syrphidae_Eupeodes_bucculatus_824584_2027374235,© All rights reserved
643124,2897851423,Syrphidae_Doros_profuges_3007831_2897851423,© All rights reserved
643126,2335208757,Syrphidae_Brachyopa_obscura_2907787_2335208757,© All rights reserved
643195,3927155610,Syrphidae_Platycheirus_europaeus_2026954_3927155610,© All rights reserved
643197,3927155610,Syrphidae_Platycheirus_europaeus_2026956_3927155610,© All rights reserved
643294,2429711711,Syrphidae_Platycheirus_clypeatus_2917179_2429711711,© All rights reserved
643610,2001505566,Syrphidae_Cheilosia_reniformis_2200794_2001505566,http://creativecommons.org/licenses/by-nc-sa/4.0/
643698,2401095297,Syrphidae_Sphaerophoria_boreoalpina_152266_2401095297,© All rights reserved
643699,2401095297,Syrphidae_Sphaerophoria_boreoalpina_152267_2401095297,© All rights reserved
643700,2401095297,Syrphidae_Sphaerophoria_boreoalpina_152268_2401095297,© All rights reserved
643702,2401095297,Syrphidae_Sphaerophoria_boreoalpina_152270_2401095297,© All rights reserved
643706,2401095297,Syrphidae_Sphaerophoria_boreoalpina_152274_2401095297,© All rights reserved
643707,2401095297,Syrphidae_Sphaerophoria_boreoalpina_152275_2401095297,© All rights reserved
643715,2815510410,Syrphidae_Chalcosyrphus_valgus_2964515_2815510410,© All rights reserved
643821,1823982040,Syrphidae_Epistrophe_ochrostoma_2814872_1823982040,© All rights reserved
643824,2252251815,Syrphidae_Eupeodes_luniger_2902218_2252251815,© All rights reserved
643846,3309920386,Syrphidae_Sphaerophoria_batava_293373_3309920386,http://creativecommons.org/licenses/by/4.0/
643871,1935039028,Syrphidae_Pipiza_lugubris_2844012_1935039028,© All rights reserved
644038,2273606609,Syrphidae_Brachypalpoides_lentus_2904130_2273606609,© All rights reserved
644132,2401655030,Syrphidae_Sphecomyia_vespiforme_1531236_2401655030,© All rights reserved
644134,2401655030,Syrphidae_Sphecomyia_vespiforme_1531238_2401655030,© All rights reserved
644334,3323892399,Syrphidae_Paragus_punctulatus_3055889_3323892399,© All rights reserved
644335,3323892399,Syrphidae_Paragus_punctulatus_3055890_3323892399,© All rights reserved
644336,3323892399,Syrphidae_Paragus_punctulatus_3055891_3323892399,© All rights reserved
644585,2410438701,Syrphidae_Platycheirus_jaerensis_154451_2410438701,© All rights reserved
645891,3698199368,Syrphidae_Mesembrius_peregrinus_1161945_3698199368,http://creativecommons.org/licenses/by-nc/4.0/
647292,2248864960,Syrphidae_Platycheirus_aeratus_138690_2248864960,http://creativecommons.org/licenses/by-nc-sa/4.0/
647537,2411130062,Syrphidae_Platycheirus_angustatus_1533573_2411130062,http://creativecommons.org/licenses/by/4.0/
647948,2402419150,Syrphidae_Platycheirus_parmatus_2911079_2402419150,© All rights reserved
647954,2402419150,Syrphidae_Platycheirus_parmatus_2911085_2402419150,© All rights reserved
647955,2402419150,Syrphidae_Platycheirus_parmatus_2911086_2402419150,© All rights reserved
648002,2411778536,Syrphidae_Sphegina_clunipes_844770_2411778536,http://creativecommons.org/licenses/by-sa/4.0/
648025,2872939443,Syrphidae_Lejogaster_metallina_246932_2872939443,© All rights reserved
648364,3697012481,Syrphidae_Lejota_ruficornis_471873_3697012481,© All rights reserved
648396,2410943886,Syrphidae_Cheilosia_vicina_1533513_2410943886,http://creativecommons.org/licenses/by-sa/4.0/
648397,2410943886,Syrphidae_Cheilosia_vicina_1533514_2410943886,http://creativecommons.org/licenses/by-sa/4.0/
648554,1825098480,Syrphidae_Syrphus_sexmaculatus_2815064_1825098480,© All rights reserved
648559,3004782378,Syrphidae_Eupeodes_duseki_2328290_3004782378,© All rights reserved
648561,3004782378,Syrphidae_Eupeodes_duseki_2328292_3004782378,© All rights reserved
648565,2409713905,Syrphidae_Parasyrphus_macularis_1533263_2409713905,© All rights reserved
648618,4020774372,Syrphidae_Neocnemodon_verrucula_3439888_4020774372,© All rights reserved
651459,3905977307,Syrphidae_Criorhina_floccosa_1315147_3905977307,http://creativecommons.org/licenses/by-nc-nd/4.0/
652127,1962030906,Syrphidae_Cheilosia_caerulescens_2861197_1962030906,http://creativecommons.org/licenses/by-nc-nd/4.0/
652551,1952307274,Syrphidae_Platycheirus_splendidus_1467135_1952307274,http://creativecommons.org/licenses/by-nc-nd/4.0/
653065,3730771487,Syrphidae_Cheilosia_impressa_1907753_3730771487,http://creativecommons.org/licenses/by-nc-nd/4.0/
653198,1970154872,Syrphidae_Lejops_contracta_805149_1970154872,http://creativecommons.org/licenses/by-nc-nd/4.0/
653822,2313621169,Syrphidae_Xylota_florum_2906912_2313621169,© All rights reserved
653945,2406486679,Syrphidae_Sphecomyia_vespiforme_1532439_2406486679,© All rights reserved
653947,2406486679,Syrphidae_Sphecomyia_vespiforme_1532441_2406486679,© All rights reserved
654165,2468046143,Syrphidae_Parasyrphus_lineolus_2923592_2468046143,© All rights reserved
654297,3303377365,Syrphidae_Dasysyrphus_venustus_2359962_3303377365,© All rights reserved
654386,3451416309,Syrphidae_Platycheirus_laskai_3213246_3451416309,© All rights reserved
654388,3451416309,Syrphidae_Platycheirus_laskai_3213248_3451416309,© All rights reserved
654446,3303166965,Syrphidae_Platycheirus_scambus_291474_3303166965,http://creativecommons.org/licenses/by/4.0/
654496,1824624805,Syrphidae_Sphegina_elegans_2814995_1824624805,© All rights reserved
655080,3469035382,Syrphidae_Ischiodon_aegyptius_2537209_3469035382,http://creativecommons.org/licenses/by/4.0/
655294,3343708548,Syrphidae_Sericomyia_nigra_312225_3343708548,http://creativecommons.org/publicdomain/zero/1.0/
655397,2597689227,Syrphidae_Melanostoma_incompletum_2253122_2597689227,http://creativecommons.org/licenses/by-nc/4.0/
656311,3327868089,Syrphidae_Xylota_segnis_990190_3327868089,http://creativecommons.org/licenses/by-nc/4.0/
656374,3873230807,Syrphidae_Heringia_adpropinquans_3348284_3873230807,http://creativecommons.org/licenses/by-nc/4.0/
657144,3458607567,Syrphidae_Platycheirus_scambus_464721_3458607567,http://creativecommons.org/licenses/by/4.0/
657181,3458611631,Syrphidae_Olbiosyrphus_laetus_1844296_3458611631,http://creativecommons.org/licenses/by/4.0/
657182,3458611631,Syrphidae_Olbiosyrphus_laetus_1844297_3458611631,http://creativecommons.org/licenses/by/4.0/
657183,3458611631,Syrphidae_Olbiosyrphus_laetus_1844298_3458611631,http://creativecommons.org/licenses/by/4.0/
657345,3458647792,Syrphidae_Cheilosia_andalusiaca_3223555_3458647792,http://creativecommons.org/licenses/by/4.0/
657346,3458647792,Syrphidae_Cheilosia_andalusiaca_3223556_3458647792,http://creativecommons.org/licenses/by/4.0/
657347,3458647792,Syrphidae_Cheilosia_andalusiaca_3223557_3458647792,http://creativecommons.org/licenses/by/4.0/
657382,3458652967,Syrphidae_Heringia_heringi_3223591_3458652967,http://creativecommons.org/licenses/by/4.0/
657454,3458664087,Syrphidae_Platycheirus_lundbecki_465059_3458664087,http://creativecommons.org/licenses/by/4.0/
657455,3458664087,Syrphidae_Platycheirus_lundbecki_465060_3458664087,http://creativecommons.org/licenses/by/4.0/
657456,3458664087,Syrphidae_Platycheirus_lundbecki_465061_3458664087,http://creativecommons.org/licenses/by/4.0/
657473,3458670232,Syrphidae_Rhingia_austriaca_3223712_3458670232,http://creativecommons.org/licenses/by/4.0/
657475,3458670232,Syrphidae_Rhingia_austriaca_3223714_3458670232,http://creativecommons.org/licenses/by/4.0/
657532,3458682205,Syrphidae_Pipizella_lyneborgi_1844751_3458682205,http://creativecommons.org/licenses/by/4.0/
657533,3458682205,Syrphidae_Pipizella_lyneborgi_1844752_3458682205,http://creativecommons.org/licenses/by/4.0/
657534,3458682205,Syrphidae_Pipizella_lyneborgi_1844753_3458682205,http://creativecommons.org/licenses/by/4.0/
657968,3013895265,Syrphidae_Milesia_cretica_1640347_3013895265,http://creativecommons.org/licenses/by-nc/4.0/
658367,3988504547,Syrphidae_Eumerus_latitarsis_661892_3988504547,http://creativecommons.org/licenses/by-nc/4.0/
658449,2294563363,Syrphidae_Paragus_haemorrhous_2215287_2294563363,http://creativecommons.org/licenses/by-nc/4.0/
659970,3717189501,Syrphidae_Heringia_heringi_1170511_3717189501,http://creativecommons.org/licenses/by-nc/4.0/
659972,3717189501,Syrphidae_Heringia_heringi_1170513_3717189501,http://creativecommons.org/licenses/by-nc/4.0/
659973,3717189501,Syrphidae_Heringia_heringi_1170514_3717189501,http://creativecommons.org/licenses/by-nc/4.0/
660242,1970822308,Syrphidae_Orthonevra_geniculata_1494745_1970822308,http://creativecommons.org/licenses/by-nc-nd/4.0/
660924,1970391402,Syrphidae_Eriozona_annulipes_2183256_1970391402,http://creativecommons.org/licenses/by-nc-nd/4.0/
660925,1970391402,Syrphidae_Eriozona_annulipes_2183257_1970391402,http://creativecommons.org/licenses/by-nc-nd/4.0/
661006,3720435920,Syrphidae_Psilota_anthracina_3249269_3720435920,http://creativecommons.org/licenses/by-nc-nd/4.0/
662267,3730937618,Syrphidae_Eumerus_flavitarsis_1908773_3730937618,http://creativecommons.org/licenses/by-nc/4.0/
665230,3314603487,Syrphidae_Volucella_pellucens_2363562_3314603487,http://creativecommons.org/licenses/by-nc/4.0/
667147,3826929523,Syrphidae_Tropidia_scita_1258866_3826929523,http://creativecommons.org/licenses/by-nc-nd/4.0/
667466,2837494682,Syrphidae_Merodon_aureus_2978525_2837494682,http://creativecommons.org/licenses/by-nc/4.0/
667936,1966755126,Syrphidae_Microdon_major_109755_1966755126,http://creativecommons.org/licenses/by-nc-nd/4.0/
668092,3726649132,Syrphidae_Sphiximorpha_subsessilis_1203573_3726649132,http://creativecommons.org/licenses/by-nc-nd/4.0/
668650,2834645513,Syrphidae_Microdon_major_2283721_2834645513,http://creativecommons.org/licenses/by-nc-nd/4.0/
668699,3903950488,Syrphidae_Melanostoma_mellarium_2681612_3903950488,http://creativecommons.org/licenses/by-nc/4.0/
668898,3716582187,Syrphidae_Lejogaster_tarsata_477912_3716582187,http://creativecommons.org/licenses/by-nc-nd/4.0/
668901,3904212871,Syrphidae_Olbiosyrphus_laetum_1304626_3904212871,http://creativecommons.org/licenses/by-nc-nd/4.0/
669672,3733152176,Syrphidae_Volucella_zonaria_541275_3733152176,http://creativecommons.org/licenses/by-nc-nd/4.0/
669923,3995909670,Syrphidae_Myathropa_florea_2735480_3995909670,http://creativecommons.org/licenses/by-nc-nd/4.0/
671179,2838725990,Syrphidae_Platycheirus_jakuticus_2981034_2838725990,http://creativecommons.org/licenses/by-nc-nd/4.0/
671180,2838725990,Syrphidae_Platycheirus_jakuticus_2981035_2838725990,http://creativecommons.org/licenses/by-nc-nd/4.0/
671181,2838725990,Syrphidae_Platycheirus_jakuticus_2981036_2838725990,http://creativecommons.org/licenses/by-nc-nd/4.0/
671182,2838725990,Syrphidae_Platycheirus_jakuticus_2981037_2838725990,http://creativecommons.org/licenses/by-nc-nd/4.0/
671183,2838725990,Syrphidae_Platycheirus_jakuticus_2981038_2838725990,http://creativecommons.org/licenses/by-nc-nd/4.0/
671184,2838725990,Syrphidae_Platycheirus_jakuticus_2981039_2838725990,http://creativecommons.org/licenses/by-nc-nd/4.0/
671302,3731584080,Syrphidae_Eumerus_tricolor_3292403_3731584080,http://creativecommons.org/licenses/by-nc-nd/4.0/
671626,2838523406,Syrphidae_Dasysyrphus_venustus_1601050_2838523406,http://creativecommons.org/licenses/by-nc/4.0/
672269,2845126111,Syrphidae_Chalcosyrphus_eunotus_924595_2845126111,http://creativecommons.org/licenses/by-nc-nd/4.0/
673098,3903931383,Syrphidae_Cheilosia_uviformis_1302802_3903931383,http://creativecommons.org/licenses/by-nc-nd/4.0/
674481,3432443198,Syrphidae_Microdon_mutabilis_3095673_3432443198,© all rights reserved
674526,1459974361,Syrphidae_Parhelophilus_versicolor_1428131_1459974361,© all rights reserved
675403,2832897325,Syrphidae_Mallota_fuciformis_901554_2832897325,http://creativecommons.org/licenses/by-nc/4.0/
675404,2832897325,Syrphidae_Mallota_fuciformis_901555_2832897325,http://creativecommons.org/licenses/by-nc/4.0/
675987,2842194133,Syrphidae_Eupeodes_latifasciatus_2295635_2842194133,http://creativecommons.org/licenses/by/4.0/
675988,2843645773,Syrphidae_Meliscaeva_auricollis_1609868_2843645773,http://creativecommons.org/licenses/by-nc/4.0/
676995,3434432932,Syrphidae_Xylota_meigeniana_1717392_3434432932,© all rights reserved
677142,2603477133,Syrphidae_Eumerus_obliquus_1565434_2603477133,http://creativecommons.org/licenses/by-nc-sa/4.0/
677262,3355127101,Syrphidae_Volucella_zonaria_1005155_3355127101,http://creativecommons.org/licenses/by-nc/4.0/
677462,3985953164,Syrphidae_Eristalis_tenax_2727761_3985953164,http://creativecommons.org/licenses/by-nc/4.0/
677817,2857543471,Syrphidae_Eristalis_interrupta_1620042_2857543471,© all rights reserved
677825,1459012726,Syrphidae_Eristalis_interrupta_2115919_1459012726,© all rights reserved
677928,1431786602,Syrphidae_Chrysogaster_coemiteriorum_2113539_1431786602,© all rights reserved
678054,3768956653,Syrphidae_Eoseristalis_picea_549560_3768956653,© all rights reserved
678063,3431188418,Syrphidae_Spilomyia_diophthalma_1715645_3431188418,© all rights reserved
678249,1460429604,Syrphidae_Eumerus_funeralis_1428982_1460429604,© all rights reserved
678257,3887256448,Syrphidae_Eristalis_interrupta_2666631_3887256448,© all rights reserved
678479,1458886422,Syrphidae_Criorhina_ranunculi_2805348_1458886422,© all rights reserved
678511,2251017075,Syrphidae_Paragus_finitimus_831571_2251017075,http://creativecommons.org/licenses/by-nc-sa/4.0/
678524,2248864938,Syrphidae_Platycheirus_melanopsis_138686_2248864938,http://creativecommons.org/licenses/by-nc-sa/4.0/
679044,3431084505,Syrphidae_Callicera_aenea_3095008_3431084505,© all rights reserved
679359,3455667122,Syrphidae_Helophilus_continuus_2526537_3455667122,http://creativecommons.org/licenses/by-nc/4.0/
681084,3457175243,Syrphidae_Copestylum_melleum_2533023_3457175243,http://creativecommons.org/licenses/by-nc/4.0/
681550,4022002093,Syrphidae_Cheilosia_vulpina_682616_4022002093,http://creativecommons.org/licenses/by-nc/4.0/
681552,4022002093,Syrphidae_Cheilosia_vulpina_682618_4022002093,http://creativecommons.org/licenses/by-nc/4.0/
681690,3333188459,Syrphidae_Eoseristalis_arbustorum_994477_3333188459,http://creativecommons.org/licenses/by-nc/4.0/
681782,3320368523,Syrphidae_Brachyopa_testacea_985283_3320368523,© All rights reserved
681796,2273590404,Syrphidae_Eumerus_funeralis_2904112_2273590404,© All rights reserved
681801,2320327850,Syrphidae_Blera_fallax_2907003_2320327850,© All rights reserved
681883,1987611091,Syrphidae_Melangyna_pavlovskyi_1505397_1987611091,© All rights reserved
681884,1987611091,Syrphidae_Melangyna_pavlovskyi_1505398_1987611091,© All rights reserved
681916,2406977605,Syrphidae_Chrysotoxum_arcuatum_843833_2406977605,© All rights reserved
682009,2540396341,Syrphidae_Eupeodes_nielseni_2924999_2540396341,© All rights reserved
682031,3816476329,Syrphidae_Volucella_bombylans_1936425_3816476329,© All rights reserved
682042,3412108382,Syrphidae_Cheilosia_latifrons_2400235_3412108382,© All rights reserved
682044,1822909538,Syrphidae_Cheilosia_morio_2814695_1822909538,© All rights reserved
682082,2405107988,Syrphidae_Brachyopa_pilosa_2911757_2405107988,© All rights reserved
682169,4011000330,Syrphidae_Neocnemodon_vitripennis_3434919_4011000330,© All rights reserved
682289,1883124350,Syrphidae_Platycheirus_splendidus_770985_1883124350,http://creativecommons.org/licenses/by-sa/4.0/
682319,2402386978,Syrphidae_Psilota_atra_152594_2402386978,© All rights reserved
682459,2006344766,Syrphidae_Cheilosia_flavissima_133303_2006344766,© All rights reserved
682460,2006344766,Syrphidae_Cheilosia_flavissima_133304_2006344766,© All rights reserved
682775,3726038126,Syrphidae_Xylota_florum_1200759_3726038126,http://creativecommons.org/licenses/by-nc-nd/4.0/
683571,3823629630,Syrphidae_Syrphus_torvus_1940112_3823629630,http://creativecommons.org/licenses/by-nc-nd/4.0/
684105,2836276556,Syrphidae_Brachypalpus_chrysites_2975946_2836276556,http://creativecommons.org/licenses/by-nc/4.0/
684228,1976648080,Syrphidae_Cheilosia_illustrata_1502771_1976648080,http://creativecommons.org/licenses/by-nc/4.0/
684551,1955807282,Syrphidae_Parhelophilus_frutetorum_2162316_1955807282,http://creativecommons.org/licenses/by-nc-nd/4.0/
684941,3721329909,Syrphidae_Callicera_aurata_3253892_3721329909,http://creativecommons.org/licenses/by-nc-nd/4.0/
685692,1974374770,Syrphidae_Dasysyrphus_lenensis_121024_1974374770,http://creativecommons.org/licenses/by-nc-nd/4.0/
685693,1974374770,Syrphidae_Dasysyrphus_lenensis_121025_1974374770,http://creativecommons.org/licenses/by-nc-nd/4.0/
686037,3730839715,Syrphidae_Eumerus_sabulonum_1218873_3730839715,http://creativecommons.org/licenses/by-nc-nd/4.0/
686501,1955654356,Syrphidae_Syrphus_nitidifrons_93543_1955654356,http://creativecommons.org/licenses/by-nc-nd/4.0/
687151,3014089612,Syrphidae_Chrysotoxum_volaticum_3021185_3014089612,http://creativecommons.org/licenses/by-nc/4.0/
687818,3858449473,Syrphidae_Lejops_willingii_1954713_3858449473,http://creativecommons.org/licenses/by-nc/4.0/
687819,3858449473,Syrphidae_Lejops_willingii_1954714_3858449473,http://creativecommons.org/licenses/by-nc/4.0/
687823,3858449473,Syrphidae_Lejops_willingii_1954718_3858449473,http://creativecommons.org/licenses/by-nc/4.0/
687824,3858449473,Syrphidae_Lejops_willingii_1954719_3858449473,http://creativecommons.org/licenses/by-nc/4.0/
688256,3455198585,Syrphidae_Platycheirus_manicatus_455672_3455198585,http://creativecommons.org/licenses/by-nc/4.0/
688301,3947555846,Syrphidae_Callicera_spinolae_1339846_3947555846,http://creativecommons.org/licenses/by-nc/4.0/
688303,3947555846,Syrphidae_Callicera_spinolae_1339848_3947555846,http://creativecommons.org/licenses/by-nc/4.0/
689428,3912125594,Syrphidae_Chrysotoxum_lineare_3394900_3912125594,http://creativecommons.org/licenses/by-nc/4.0/
691044,3947496456,Syrphidae_Chrysotoxum_elegans_2029044_3947496456,http://creativecommons.org/licenses/by-nc/4.0/
691869,2596442981,Syrphidae_Callicera_macquartii_875367_2596442981,http://creativecommons.org/licenses/by-nc/4.0/
691871,2596442981,Syrphidae_Callicera_macquartii_875369_2596442981,http://creativecommons.org/licenses/by-nc/4.0/
691873,2596442981,Syrphidae_Callicera_macquartii_875371_2596442981,http://creativecommons.org/licenses/by-nc/4.0/
691875,2596442981,Syrphidae_Callicera_macquartii_875373_2596442981,http://creativecommons.org/licenses/by-nc/4.0/
691964,3988506534,Syrphidae_Chrysotoxum_cisalpinum_2729234_3988506534,http://creativecommons.org/licenses/by-nc/4.0/
692948,2833648884,Syrphidae_Chrysogaster_nuda_902671_2833648884,http://creativecommons.org/licenses/by-nc-nd/4.0/
693064,3722919482,Syrphidae_Xylota_segnis_2574153_3722919482,http://creativecommons.org/licenses/by-nc-nd/4.0/
693348,3716477567,Syrphidae_Myolepta_vara_477446_3716477567,http://creativecommons.org/licenses/by-nc/4.0/
693850,3824234236,Syrphidae_Microdon_myrmicae_1941529_3824234236,http://creativecommons.org/licenses/by-nc-nd/4.0/
694196,1953480474,Syrphidae_Psilota_anthracina_2848507_1953480474,http://creativecommons.org/licenses/by-nc/4.0/
694197,1953480474,Syrphidae_Psilota_anthracina_2848508_1953480474,http://creativecommons.org/licenses/by-nc/4.0/
694199,1953480474,Syrphidae_Psilota_anthracina_2848510_1953480474,http://creativecommons.org/licenses/by-nc/4.0/
694259,2446328235,Syrphidae_Pipiza_lugubris_852935_2446328235,http://creativecommons.org/licenses/by/4.0/
695555,4018300722,Syrphidae_Ferdinandea_aurea_681689_4018300722,http://creativecommons.org/licenses/by-nc/4.0/
696605,3873082955,Syrphidae_Sericomyia_bombiformis_2656628_3873082955,http://creativecommons.org/licenses/by/4.0/
696993,3859124567,Syrphidae_Helophilus_continuus_1957906_3859124567,http://creativecommons.org/licenses/by-nc/4.0/
698259,2332780585,Syrphidae_Parasyrphus_annulatus_2217051_2332780585,© All rights reserved
698275,2406602597,Syrphidae_Brachyopa_pilosa_843748_2406602597,© All rights reserved
698409,3697057356,Syrphidae_Platycheirus_ramsarensis_471882_3697057356,© All rights reserved
698443,2412146387,Syrphidae_Chrysotoxum_arcuatum_154834_2412146387,© All rights reserved
698455,2406569216,Syrphidae_Chamaesyrphus_scaevoides_843743_2406569216,© All rights reserved
698690,2901413439,Syrphidae_Cheilosia_latifrons_3008946_2901413439,© All rights reserved
698730,3303177804,Syrphidae_Parasyrphus_macularis_3050033_3303177804,© All rights reserved
699153,3716635746,Syrphidae_Temnostoma_vespiforme_478196_3716635746,http://creativecommons.org/licenses/by-nc-nd/4.0/
699281,1953376256,Syrphidae_Neocnemodon_vitripennis_780727_1953376256,http://creativecommons.org/licenses/by-nc-nd/4.0/
699283,1953376256,Syrphidae_Neocnemodon_vitripennis_780729_1953376256,http://creativecommons.org/licenses/by-nc-nd/4.0/
699414,2835527017,Syrphidae_Pipiza_fenestrata_2975375_2835527017,http://creativecommons.org/licenses/by-nc/4.0/
699445,2845357790,Syrphidae_Melanostoma_mellarium_234772_2845357790,http://creativecommons.org/licenses/by-nc-nd/4.0/
699770,3715914929,Syrphidae_Xylota_florum_1855335_3715914929,http://creativecommons.org/licenses/by-nc-nd/4.0/
700639,3720520883,Syrphidae_Philhelius_pedissequum_1869844_3720520883,http://creativecommons.org/licenses/by-nc-nd/4.0/
701161,3996325993,Syrphidae_Callicera_aurata_3427125_3996325993,http://creativecommons.org/licenses/by-nc/4.0/
701623,3907203762,Syrphidae_Cheilosia_horticola_633671_3907203762,http://creativecommons.org/licenses/by-nc-nd/4.0/
701731,3730300582,Syrphidae_Xanthandrus_comtus_3285204_3730300582,http://creativecommons.org/licenses/by-nc-nd/4.0/
701954,2839181600,Syrphidae_Brachyopa_scutellaris_2981487_2839181600,http://creativecommons.org/licenses/by-nc-nd/4.0/
701972,1955653700,Syrphidae_Microdon_major_1472795_1955653700,http://creativecommons.org/licenses/by-nc-nd/4.0/
702833,3827370997,Syrphidae_Callicera_fagesii_3329650_3827370997,http://creativecommons.org/licenses/by-nc-nd/4.0/
703342,3124804747,Syrphidae_Melanostoma_mellina_288170_3124804747,http://creativecommons.org/licenses/by-nc/4.0/
704124,3325479042,Syrphidae_Blera_fallax_3056072_3325479042,http://creativecommons.org/licenses/by/4.0/
705116,3923384699,Syrphidae_Ceriana_vespiformis_645724_3923384699,http://creativecommons.org/licenses/by-nc/4.0/
705714,2841200587,Syrphidae_Eoseristalis_jugorum_2293078_2841200587,http://creativecommons.org/licenses/by-nc/4.0/
706076,3725321870,Syrphidae_Cheilosia_soror_1198275_3725321870,http://creativecommons.org/licenses/by-nc-nd/4.0/
706128,1966154476,Syrphidae_Platycheirus_granditarsa_798918_1966154476,http://creativecommons.org/licenses/by-nc-nd/4.0/
706835,1959467376,Syrphidae_Pipiza_noctiluca_99098_1959467376,http://creativecommons.org/licenses/by-nc-nd/4.0/
707619,1966402473,Syrphidae_Microdon_major_2867508_1966402473,http://creativecommons.org/licenses/by-nc-nd/4.0/
707764,1958408648,Syrphidae_Melangyna_quadrimaculata_788445_1958408648,http://creativecommons.org/licenses/by-nc-nd/4.0/
708134,3717467374,Syrphidae_Eupeodes_corollae_2551006_3717467374,http://creativecommons.org/licenses/by-nc-nd/4.0/
708327,3720528563,Syrphidae_Criorhina_berberina_491435_3720528563,http://creativecommons.org/licenses/by-nc-nd/4.0/
708434,3904744481,Syrphidae_Xylota_sylvarum_2686591_3904744481,http://creativecommons.org/licenses/by-nc-nd/4.0/
708865,2837647298,Syrphidae_Cheilosia_proxima_1599245_2837647298,http://creativecommons.org/licenses/by-nc-nd/4.0/
709070,3717041716,Syrphidae_Neocnemodon_latitarsis_1169730_3717041716,http://creativecommons.org/licenses/by-nc-nd/4.0/
710003,2844314457,Syrphidae_Epistrophe_melanostoma_231942_2844314457,http://creativecommons.org/licenses/by-nc-nd/4.0/
710324,3902198634,Syrphidae_Eristalinus_taeniops_1984100_3902198634,http://creativecommons.org/licenses/by-nc/4.0/
711580,3384377792,Syrphidae_Scaeva_mecogramma_1699859_3384377792,http://creativecommons.org/licenses/by-nc/4.0/
711592,4011650368,Syrphidae_Epistrophe_eligans_1366621_4011650368,http://creativecommons.org/licenses/by-nc/4.0/
712157,3355478465,Syrphidae_Temnostoma_angustistriatum_2384833_3355478465,http://creativecommons.org/licenses/by-nc/4.0/
712290,3947571689,Syrphidae_Chrysotoxum_vernale_3409116_3947571689,http://creativecommons.org/licenses/by-nc/4.0/
712500,3456126220,Syrphidae_Callicera_aenea_2528565_3456126220,http://creativecommons.org/licenses/by/4.0/
712818,2848105306,Syrphidae_Platycheirus_jaerensis_2994353_2848105306,© all rights reserved
712927,997926790,Syrphidae_Syrphus_sexmaculatus_2069088_997926790,© all rights reserved
713023,1459324514,Syrphidae_Lejops_lunulata_738254_1459324514,© all rights reserved
713024,1459324514,Syrphidae_Lejops_lunulata_738255_1459324514,© all rights reserved
713064,1670517313,Syrphidae_Parasyrphus_tarsatus_2811742_1670517313,© all rights reserved
713278,2405769726,Syrphidae_Xylota_jakutorum_2221235_2405769726,http://creativecommons.org/licenses/by-nc-sa/4.0/
713377,2540399624,Syrphidae_Brachyopa_obscura_856810_2540399624,© All rights reserved
713416,3320304378,Syrphidae_Sphegina_sibirica_3053855_3320304378,© All rights reserved
713471,2627825377,Syrphidae_Platycheirus_occultus_881290_2627825377,© All rights reserved
713472,2627825377,Syrphidae_Platycheirus_occultus_881291_2627825377,© All rights reserved
713563,1824378054,Syrphidae_Melangyna_arctica_747430_1824378054,© All rights reserved
713578,3866471470,Syrphidae_Chrysotoxum_fasciolatum_1966001_3866471470,© All rights reserved
713587,2964192323,Syrphidae_Sphaerophoria_bankowskae_252821_2964192323,© All rights reserved
713622,2237249257,Syrphidae_Cheilosia_urbana_2203078_2237249257,© All rights reserved
713683,3897460428,Syrphidae_Philhelius_stackelbergi_2671640_3897460428,© All rights reserved
713691,2407950995,Syrphidae_Parasyrphus_tarsatus_1532791_2407950995,© All rights reserved
714060,3432635459,Syrphidae_Neocnemodon_pubescens_1716342_3432635459,© all rights reserved
715207,2841893994,Syrphidae_Chalcosyrphus_nemorum_2294764_2841893994,http://creativecommons.org/licenses/by-nc-nd/4.0/
716196,3717757570,Syrphidae_Cheilosia_latifrons_2552426_3717757570,http://creativecommons.org/licenses/by-nc-nd/4.0/
716999,1952044474,Syrphidae_Cheilosia_cynocephala_1466855_1952044474,http://creativecommons.org/licenses/by-nc/4.0/
717717,3903998483,Syrphidae_Sphiximorpha_subsessilis_614452_3903998483,http://creativecommons.org/licenses/by/4.0/
718331,2836566976,Syrphidae_Chrysogaster_solstitialis_1596801_2836566976,http://creativecommons.org/licenses/by-nc-nd/4.0/
720321,1958193089,Syrphidae_Neoascia_obliqua_788067_1958193089,http://creativecommons.org/licenses/by-nc-nd/4.0/
720785,1953036901,Syrphidae_Parhelophilus_consimilis_780025_1953036901,http://creativecommons.org/licenses/by-nc-nd/4.0/
720786,1953036901,Syrphidae_Parhelophilus_consimilis_780026_1953036901,http://creativecommons.org/licenses/by-nc-nd/4.0/
721338,1969714127,Syrphidae_Cheilosia_illustrata_804161_1969714127,http://creativecommons.org/licenses/by-nc-nd/4.0/
723898,3719800119,Syrphidae_Platycheirus_clypeatus_489364_3719800119,http://creativecommons.org/licenses/by-nc-nd/4.0/
724149,3718264493,Syrphidae_Platycheirus_clypeatus_1175595_3718264493,http://creativecommons.org/licenses/by-nc/4.0/
725462,1966933996,Syrphidae_Melangyna_triangulifera_2178425_1966933996,http://creativecommons.org/publicdomain/zero/1.0/
726131,1960042297,Syrphidae_Olbiosyrphus_laetus_790974_1960042297,http://creativecommons.org/licenses/by-nc-nd/4.0/
726469,1969397629,Syrphidae_Chrysotoxum_bicincta_112584_1969397629,http://creativecommons.org/licenses/by-nc/4.0/
728784,3717103050,Syrphidae_Eupeodes_corollae_1170047_3717103050,http://creativecommons.org/licenses/by-nc-nd/4.0/
729196,1966513114,Syrphidae_Syrphus_nitidifrons_2867836_1966513114,http://creativecommons.org/licenses/by-nc-nd/4.0/
729308,3729443808,Syrphidae_Chrysotoxum_cautum_2591101_3729443808,http://creativecommons.org/licenses/by-nc-nd/4.0/
730404,3906562086,Syrphidae_Eoseristalis_nemorum_1318528_3906562086,http://creativecommons.org/licenses/by-nc-nd/4.0/
731188,3717912976,Syrphidae_Eoseristalis_intricaria_1174035_3717912976,http://creativecommons.org/licenses/by-nc-sa/4.0/
731499,3722292750,Syrphidae_Philhelius_pedissequum_2570687_3722292750,http://creativecommons.org/licenses/by-nc-nd/4.0/
731794,3720084871,Syrphidae_Neocnemodon_verrucula_3248255_3720084871,http://creativecommons.org/licenses/by-nc-nd/4.0/
731795,3720084871,Syrphidae_Neocnemodon_verrucula_3248256_3720084871,http://creativecommons.org/licenses/by-nc-nd/4.0/
732063,3824709606,Syrphidae_Platycheirus_albimanus_1943091_3824709606,http://creativecommons.org/licenses/by-nc-nd/4.0/
732961,2842449219,Syrphidae_Chrysotoxum_cautum_918729_2842449219,http://creativecommons.org/licenses/by-nc-nd/4.0/
733102,1958192735,Syrphidae_Cheilosia_pagana_2165925_1958192735,http://creativecommons.org/licenses/by-nc/4.0/
733104,1970797482,Syrphidae_Criorhina_ranunculi_806411_1970797482,http://creativecommons.org/licenses/by-nc-sa/4.0/
733288,1969597698,Syrphidae_Sphaerophoria_fatarum_2181501_1969597698,http://creativecommons.org/licenses/by-nc-nd/4.0/
733613,2836282042,Syrphidae_Cheilosia_personata_907661_2836282042,http://creativecommons.org/licenses/by-nc-nd/4.0/
734332,1970212816,Syrphidae_Criorhina_pachymera_2873078_1970212816,http://creativecommons.org/licenses/by-nc-sa/4.0/
735376,2401485502,Syrphidae_Chrysogaster_coemiteriorum_1531184_2401485502,http://creativecommons.org/licenses/by-nc-sa/4.0/
735441,1844223244,Syrphidae_Melangyna_coei_2141488_1844223244,© All rights reserved
735532,3313575379,Syrphidae_Eriozona_erratica_2361967_3313575379,http://creativecommons.org/licenses/by-nc-sa/4.0/
735564,2407724980,Syrphidae_Cheilosia_pubera_153823_2407724980,© All rights reserved
735653,2410886004,Syrphidae_Eupeodes_lundbecki_154547_2410886004,© All rights reserved
736023,2406317538,Syrphidae_Platycheirus_nielseni_2912022_2406317538,© All rights reserved
736182,1046530936,Syrphidae_Xylota_florum_2762817_1046530936,© all rights reserved
736236,3776824470,Syrphidae_Cheilosia_rufimana_3310958_3776824470,© all rights reserved
736237,3776824470,Syrphidae_Cheilosia_rufimana_3310959_3776824470,© all rights reserved
736310,1458435008,Syrphidae_Pocota_personata_2805131_1458435008,© all rights reserved
736973,2611402752,Syrphidae_Melanostoma_scalare_188333_2611402752,http://creativecommons.org/licenses/by/4.0/
737279,3320932974,Syrphidae_Scaeva_mecogramma_2364229_3320932974,http://creativecommons.org/licenses/by-nc/4.0/
737335,3124719911,Syrphidae_Merodon_rufus_2356277_3124719911,http://creativecommons.org/licenses/by/4.0/
737336,3124719911,Syrphidae_Merodon_rufus_2356278_3124719911,http://creativecommons.org/licenses/by/4.0/
737446,2999130927,Syrphidae_Scaeva_albomaculata_259526_2999130927,http://creativecommons.org/licenses/by-nc/4.0/
738463,3456551697,Syrphidae_Callicera_macquartii_2530587_3456551697,http://creativecommons.org/licenses/by-nc/4.0/
738465,3456551697,Syrphidae_Callicera_macquartii_2530589_3456551697,http://creativecommons.org/licenses/by-nc/4.0/
739069,1965204686,Syrphidae_Chalcosyrphus_nemorum_1485128_1965204686,http://creativecommons.org/licenses/by-nc-sa/4.0/
739316,1957013866,Syrphidae_Cheilosia_bergenstammi_1474165_1957013866,http://creativecommons.org/licenses/by-nc-nd/4.0/
740143,3823825264,Syrphidae_Orthonevra_brevicornis_2630106_3823825264,http://creativecommons.org/licenses/by-nc-nd/4.0/
740256,2835665847,Syrphidae_Cheilosia_variabilis_2284847_2835665847,http://creativecommons.org/licenses/by-nc/4.0/
740828,3905325760,Syrphidae_Eupeodes_corollae_3380551_3905325760,http://creativecommons.org/licenses/by-nc/4.0/
742195,1966585860,Syrphidae_Doros_profuges_800106_1966585860,http://creativecommons.org/licenses/by-nc-nd/4.0/
742617,3717869246,Syrphidae_Cheilosia_scutellata_1863554_3717869246,http://creativecommons.org/licenses/by-nc-nd/4.0/
742884,1958080502,Syrphidae_Epistrophe_eligans_787872_1958080502,http://creativecommons.org/licenses/by-nc-sa/4.0/
743120,3732205649,Syrphidae_Sericomyia_bombiformis_1226241_3732205649,http://creativecommons.org/licenses/by-nc-nd/4.0/
743163,1966427143,Syrphidae_Xylota_sylvarum_108995_1966427143,http://creativecommons.org/publicdomain/zero/1.0/
743217,3907426914,Syrphidae_Spilomyia_manicata_1323260_3907426914,http://creativecommons.org/licenses/by-nc-nd/4.0/
744836,1970439923,Syrphidae_Cheilosia_bergenstammi_2873523_1970439923,http://creativecommons.org/licenses/by-nc-sa/4.0/
746829,3720784126,Syrphidae_Microdon_devius_3250801_3720784126,http://creativecommons.org/licenses/by-nc-nd/4.0/
747166,1459723516,Syrphidae_Dasysyrphus_hilaris_738943_1459723516,© all rights reserved
747234,1460970768,Syrphidae_Neoascia_meticulosa_2808165_1460970768,© all rights reserved
747311,3415765576,Syrphidae_Rhingia_austriaca_1712782_3415765576,http://creativecommons.org/publicdomain/zero/1.0/
748132,2406040488,Syrphidae_Parasyrphus_malinellus_843623_2406040488,© All rights reserved
748349,1824662358,Syrphidae_Cheilosia_uviformis_2814999_1824662358,© All rights reserved
748435,2398927322,Syrphidae_Platycheirus_parmatus_151798_2398927322,© All rights reserved
748520,2815342014,Syrphidae_Chalcosyrphus_valgus_1585269_2815342014,© All rights reserved
748646,2467867210,Syrphidae_Eupeodes_curtus_1543927_2467867210,© All rights reserved
748647,2467867210,Syrphidae_Eupeodes_curtus_1543928_2467867210,© All rights reserved
748811,3109189398,Syrphidae_Eristalis_alpina_283174_3109189398,http://creativecommons.org/licenses/by-nc/4.0/
748842,3321151327,Syrphidae_Scaeva_mecogramma_3055301_3321151327,http://creativecommons.org/licenses/by-nc/4.0/
748871,3892328712,Syrphidae_Eoseristalis_oestracea_2669715_3892328712,http://creativecommons.org/licenses/by-nc/4.0/
749184,2818600562,Syrphidae_Leucozona_glaucia_1586264_2818600562,http://creativecommons.org/licenses/by/4.0/
749220,4009739740,Syrphidae_Pipiza_quadrimaculata_2053385_4009739740,http://creativecommons.org/licenses/by-nc/4.0/
749239,3712469812,Syrphidae_Cheilosia_grossa_2542919_3712469812,http://creativecommons.org/licenses/by-nc/4.0/
749284,3911975529,Syrphidae_Eupeodes_nuba_3394021_3911975529,http://creativecommons.org/licenses/by-nc/4.0/
749414,3355475486,Syrphidae_Cheilosia_albipila_2384808_3355475486,http://creativecommons.org/licenses/by/4.0/
749855,3698220337,Syrphidae_Mallota_tricolor_1851980_3698220337,http://creativecommons.org/licenses/by-nc/4.0/
749947,3873129175,Syrphidae_Eupeodes_lapponicus_3347815_3873129175,http://creativecommons.org/licenses/by-nc/4.0/
750223,3915358408,Syrphidae_Merodon_albifrons_1327555_3915358408,http://creativecommons.org/licenses/by/4.0/
750225,3915358408,Syrphidae_Merodon_albifrons_1327557_3915358408,http://creativecommons.org/licenses/by/4.0/
750402,3307169314,Syrphidae_Ferdinandea_aurea_1670239_3307169314,http://creativecommons.org/licenses/by/4.0/
751277,3449134999,Syrphidae_Pipiza_austriaca_455077_3449134999,http://creativecommons.org/licenses/by-nc/4.0/
751291,2398415275,Syrphidae_Sericomyia_lappona_2910107_2398415275,© All rights reserved
751914,3705394944,Syrphidae_Merodon_setosus_3231727_3705394944,http://creativecommons.org/licenses/by-nc/4.0/
752390,3860083425,Syrphidae_Helophilus_continuus_3342599_3860083425,http://creativecommons.org/licenses/by-nc/4.0/
752740,3391430336,Syrphidae_Brachypalpus_laphriformis_1015947_3391430336,http://creativecommons.org/licenses/by/4.0/
754298,3720603438,Syrphidae_Meliscaeva_auricollis_491743_3720603438,http://creativecommons.org/licenses/by-sa/4.0/
754824,2841437682,Syrphidae_Parhelophilus_versicolor_915869_2841437682,http://creativecommons.org/licenses/by-nc-nd/4.0/
755145,3730751628,Syrphidae_Xylota_triangularis_1907663_3730751628,http://creativecommons.org/licenses/by-nc/4.0/
755365,1976335735,Syrphidae_Eumerus_strigatus_1502042_1976335735,http://creativecommons.org/licenses/by-nc-nd/4.0/
756576,1963388003,Syrphidae_Melangyna_cinctus_794651_1963388003,http://creativecommons.org/licenses/by-nc-nd/4.0/
756601,3904245500,Syrphidae_Ferdinandea_fumipennis_1304826_3904245500,http://creativecommons.org/licenses/by-nc/4.0/
758274,3716536665,Syrphidae_Brachyopa_vittata_477716_3716536665,http://creativecommons.org/licenses/by-nc-nd/4.0/
758433,3730775114,Syrphidae_Sphegina_sibirica_2596988_3730775114,http://creativecommons.org/licenses/by-nc-nd/4.0/
758965,3722168392,Syrphidae_Trichopsomyia_lucida_1880206_3722168392,http://creativecommons.org/licenses/by-nc-nd/4.0/
760772,3732896501,Syrphidae_Rhingia_campestris_3298733_3732896501,http://creativecommons.org/licenses/by-nc-nd/4.0/
761976,3904164783,Syrphidae_Doros_profuges_3373637_3904164783,http://creativecommons.org/licenses/by-nc-nd/4.0/
762517,3333401597,Syrphidae_Ceriana_vespiformis_1683891_3333401597,http://creativecommons.org/licenses/by-nc/4.0/
762525,3333401597,Syrphidae_Ceriana_vespiformis_1683899_3333401597,http://creativecommons.org/licenses/by-nc/4.0/
763922,1460564616,Syrphidae_Lejota_ruficornis_49357_1460564616,© all rights reserved
764174,1669906902,Syrphidae_Sphaerophoria_taeniata_52923_1669906902,© all rights reserved
764179,3919647993,Syrphidae_Eriozona_erraticus_3402737_3919647993,© all rights reserved
764421,2548728234,Syrphidae_Lejota_ruficornis_2236046_2548728234,© all rights reserved
764770,1458628406,Syrphidae_Parasyrphus_macularis_46644_1458628406,© all rights reserved
765222,3719915995,Syrphidae_Syrphus_nitidifrons_3247932_3719915995,http://creativecommons.org/licenses/by-nc-nd/4.0/
765858,2838096620,Syrphidae_Merodon_avidus_221169_2838096620,http://creativecommons.org/licenses/by/4.0/
765971,2832304806,Syrphidae_Microdon_major_2278938_2832304806,http://creativecommons.org/licenses/by-nc/4.0/
766243,2835220788,Syrphidae_Brachyopa_scutellaris_2975111_2835220788,http://creativecommons.org/licenses/by-nc-nd/4.0/
766473,3720551435,Syrphidae_Melangyna_pavlovskyi_3249726_3720551435,http://creativecommons.org/licenses/by-nc-nd/4.0/
766475,3720551435,Syrphidae_Melangyna_pavlovskyi_3249728_3720551435,http://creativecommons.org/licenses/by-nc-nd/4.0/
766479,3720551435,Syrphidae_Melangyna_pavlovskyi_3249732_3720551435,http://creativecommons.org/licenses/by-nc-nd/4.0/
766805,1976821081,Syrphidae_Philhelius_pedissequum_814746_1976821081,http://creativecommons.org/licenses/by-nc/4.0/
767435,1955810143,Syrphidae_Platycheirus_splendidus_2162326_1955810143,http://creativecommons.org/licenses/by-nc-nd/4.0/
767654,3827263125,Syrphidae_Myolepta_vara_2638516_3827263125,http://creativecommons.org/licenses/by-nc-nd/4.0/
768112,3721505797,Syrphidae_Helophilus_trivittatus_497112_3721505797,http://creativecommons.org/licenses/by/4.0/
768263,3825893010,Syrphidae_Tropidia_scita_1256548_3825893010,http://creativecommons.org/licenses/by-nc-nd/4.0/
769092,1955294911,Syrphidae_Eriozona_annulipes_1471748_1955294911,http://creativecommons.org/licenses/by-nc/4.0/
769094,1955294911,Syrphidae_Eriozona_annulipes_1471750_1955294911,http://creativecommons.org/licenses/by-nc/4.0/
769473,2834045744,Syrphidae_Portevinia_maculata_2281499_2834045744,http://creativecommons.org/licenses/by-nc/4.0/
769555,3716608690,Syrphidae_Caliprobola_speciosa_2546553_3716608690,http://creativecommons.org/licenses/by-nc-nd/4.0/
769806,3905842406,Syrphidae_Pipiza_quadrimaculata_625660_3905842406,http://creativecommons.org/licenses/by-nc-nd/4.0/
770021,3717050923,Syrphidae_Didea_intermedia_1169771_3717050923,http://creativecommons.org/licenses/by-nc-nd/4.0/
772324,3906720791,Syrphidae_Platycheirus_albimanus_630903_3906720791,http://creativecommons.org/licenses/by-nc-nd/4.0/
772650,3716858165,Syrphidae_Microdon_devius_1858696_3716858165,http://creativecommons.org/licenses/by-nc-nd/4.0/
773403,1970596288,Syrphidae_Cheilosia_chrysocoma_1494275_1970596288,http://creativecommons.org/licenses/by-nc/4.0/
773494,2403298205,Syrphidae_Sphecomyia_vespiforme_2220694_2403298205,© All rights reserved
773604,3013681565,Syrphidae_Sphaerophoria_loewii_2329936_3013681565,© All rights reserved
773605,3013681565,Syrphidae_Sphaerophoria_loewii_2329937_3013681565,© All rights reserved
773606,3013681565,Syrphidae_Sphaerophoria_loewii_2329938_3013681565,© All rights reserved
774206,2407314896,Syrphidae_Melanostoma_dubium_843885_2407314896,© All rights reserved
774328,3018303407,Syrphidae_Paragus_finitimus_2332539_3018303407,© All rights reserved
774335,1844177610,Syrphidae_Platycheirus_amplus_2141470_1844177610,© All rights reserved
774336,1844177610,Syrphidae_Platycheirus_amplus_2141471_1844177610,© All rights reserved
774629,2401602527,Syrphidae_Paragus_punctulatus_152406_2401602527,© All rights reserved
774630,2401602527,Syrphidae_Paragus_punctulatus_152407_2401602527,© All rights reserved
774654,2407792105,Syrphidae_Eriozona_erratica_2912430_2407792105,© All rights reserved
776173,2844269038,Syrphidae_Baccha_elongata_2990419_2844269038,http://creativecommons.org/licenses/by-nc/4.0/
776493,3716722777,Syrphidae_Chrysogaster_virescens_1168120_3716722777,http://creativecommons.org/licenses/by-nc-nd/4.0/
776743,1958062227,Syrphidae_Dasysyrphus_venustus_97222_1958062227,http://creativecommons.org/licenses/by-nc-nd/4.0/
777317,3719330135,Syrphidae_Lejops_interpuncta_1177825_3719330135,http://creativecommons.org/licenses/by-nc-nd/4.0/
778393,2844383669,Syrphidae_Chalcosyrphus_eunotus_922386_2844383669,http://creativecommons.org/licenses/by-nc/4.0/
778525,2832272047,Syrphidae_Epistrophe_leiophthalma_2969481_2832272047,http://creativecommons.org/licenses/by-nc-nd/4.0/
779020,1974187785,Syrphidae_Brachyopa_insensilis_2189117_1974187785,http://creativecommons.org/licenses/by-nc-nd/4.0/
779149,1977041984,Syrphidae_Sphaerophoria_fatarum_2192927_1977041984,http://creativecommons.org/licenses/by-nc-nd/4.0/
780594,1955743816,Syrphidae_Platycheirus_angustatus_93805_1955743816,http://creativecommons.org/licenses/by-nc-nd/4.0/
780616,3996735202,Syrphidae_Orthonevra_splendens_2048410_3996735202,http://creativecommons.org/licenses/by-nc/4.0/
781111,2840445850,Syrphidae_Sphaerophoria_taeniata_914306_2840445850,http://creativecommons.org/licenses/by-nc-nd/4.0/
781274,3825832217,Syrphidae_Chrysogaster_hirtella_2634840_3825832217,http://creativecommons.org/licenses/by-nc-nd/4.0/
782153,1966056044,Syrphidae_Philhelius_pedissequum_2176335_1966056044,http://creativecommons.org/licenses/by-nc-nd/4.0/
782847,3721428836,Syrphidae_Merodon_aureus_2564302_3721428836,http://creativecommons.org/licenses/by-nc/4.0/
783390,2429715841,Syrphidae_Cheilosia_longula_1537610_2429715841,© All rights reserved
783392,3770518510,Syrphidae_Neoascia_meticulosa_3307917_3770518510,© All rights reserved
783439,2401912031,Syrphidae_Pipiza_austriaca_2910958_2401912031,© All rights reserved
784658,2845417241,Syrphidae_Temnostoma_bombylans_2302953_2845417241,http://creativecommons.org/licenses/by-nc-nd/4.0/
785582,1955762516,Syrphidae_Callicera_fagesii_2162203_1955762516,http://creativecommons.org/licenses/by-nc-nd/4.0/
785735,1976550218,Syrphidae_Sphegina_sibirica_1502528_1976550218,http://creativecommons.org/licenses/by-nc-nd/4.0/
786012,1957775894,Syrphidae_Sphaerophoria_interrupta_96484_1957775894,http://creativecommons.org/licenses/by-nc-nd/4.0/
786442,3728436431,Syrphidae_Xylota_segnis_1209829_3728436431,http://creativecommons.org/licenses/by-nc-nd/4.0/
788086,1970797726,Syrphidae_Orthonevra_brevicornis_1494708_1970797726,http://creativecommons.org/licenses/by-nc-nd/4.0/
788110,1975987514,Syrphidae_Platycheirus_perpallidus_1501470_1975987514,http://creativecommons.org/licenses/by-nc/4.0/
788355,3995271634,Syrphidae_Eupeodes_latifasciatus_666136_3995271634,http://creativecommons.org/licenses/by-nc-nd/4.0/
789646,3729758590,Syrphidae_Epistrophe_cryptica_524585_3729758590,http://creativecommons.org/licenses/by-nc-nd/4.0/
789656,3720285366,Syrphidae_Brachyopa_panzeri_1179497_3720285366,http://creativecommons.org/licenses/by-nc/4.0/
791083,3732508669,Syrphidae_Eumerus_strigatus_3297145_3732508669,http://creativecommons.org/licenses/by-nc/4.0/
791519,3721649557,Syrphidae_Merodon_aureus_2565937_3721649557,http://creativecommons.org/licenses/by-nc/4.0/
791522,3721649557,Syrphidae_Merodon_aureus_2565940_3721649557,http://creativecommons.org/licenses/by-nc/4.0/
791525,3721649557,Syrphidae_Merodon_aureus_2565943_3721649557,http://creativecommons.org/licenses/by-nc/4.0/
791526,3721649557,Syrphidae_Merodon_aureus_2565944_3721649557,http://creativecommons.org/licenses/by-nc/4.0/
791731,3729478548,Syrphidae_Brachypalpoides_lentus_1901926_3729478548,http://creativecommons.org/licenses/by-nc-nd/4.0/
791766,3904195597,Syrphidae_Cheilosia_horticola_1304524_3904195597,http://creativecommons.org/licenses/by-nc-nd/4.0/
792664,3995389180,Syrphidae_Eoseristalis_pertinax_1354573_3995389180,http://creativecommons.org/licenses/by-nc-nd/4.0/
793007,3733022999,Syrphidae_Epistrophe_diaphana_3299104_3733022999,http://creativecommons.org/licenses/by-nc-nd/4.0/
793298,2840047756,Syrphidae_Epistrophe_melanostoma_1602517_2840047756,http://creativecommons.org/licenses/by-nc-nd/4.0/
793324,1960018127,Syrphidae_Olbiosyrphus_laetus_790952_1960018127,http://creativecommons.org/licenses/by-nc-nd/4.0/
793489,3721216723,Syrphidae_Xylota_sylvarum_2562932_3721216723,http://creativecommons.org/licenses/by-nc-nd/4.0/
794209,3905830263,Syrphidae_Platycheirus_rosarum_2693084_3905830263,http://creativecommons.org/licenses/by-nc-nd/4.0/
795102,3826989448,Syrphidae_Platycheirus_albimanus_2637665_3826989448,http://creativecommons.org/licenses/by-nc-nd/4.0/
796223,3996670836,Syrphidae_Eoseristalis_picea_2738205_3996670836,http://creativecommons.org/licenses/by-nc-nd/4.0/
796371,2832992444,Syrphidae_Sphaerophoria_scripta_2969905_2832992444,http://creativecommons.org/licenses/by-nc/4.0/
796401,3729033167,Syrphidae_Tropidia_scita_1211352_3729033167,http://creativecommons.org/licenses/by-nc-nd/4.0/
797935,1954715202,Syrphidae_Syrphus_vitripennis_91184_1954715202,http://creativecommons.org/licenses/by-nc/4.0/
798355,1966460733,Syrphidae_Parhelophilus_versicolor_1488396_1966460733,http://creativecommons.org/licenses/by-nc-nd/4.0/
799156,1955100063,Syrphidae_Chrysotoxum_octomaculatum_782532_1955100063,http://creativecommons.org/licenses/by-nc-nd/4.0/
799940,1957911934,Syrphidae_Pipiza_bimaculata_1476083_1957911934,http://creativecommons.org/licenses/by-nc-nd/4.0/
799941,1957911934,Syrphidae_Pipiza_bimaculata_1476084_1957911934,http://creativecommons.org/licenses/by-nc-nd/4.0/
800090,3717419774,Syrphidae_Lejops_transfuga_3240910_3717419774,http://creativecommons.org/licenses/by-nc-nd/4.0/
800763,2841839857,Syrphidae_Sphiximorpha_subsessilis_916865_2841839857,http://creativecommons.org/licenses/by-nc-nd/4.0/
801522,3725163767,Syrphidae_Parhelophilus_frutetorum_509014_3725163767,http://creativecommons.org/licenses/by-nc-nd/4.0/
802153,2836014348,Syrphidae_Sphaerophoria_laurae_2285133_2836014348,http://creativecommons.org/licenses/by-nc-nd/4.0/
802155,2836014348,Syrphidae_Sphaerophoria_laurae_2285135_2836014348,http://creativecommons.org/licenses/by-nc-nd/4.0/
802244,1955903692,Syrphidae_Cheilosia_variabilis_94178_1955903692,http://creativecommons.org/licenses/by-nc-nd/4.0/
802328,2837695141,Syrphidae_Scaeva_pyrastri_1599369_2837695141,http://creativecommons.org/licenses/by-nc-nd/4.0/
802424,3718533039,Syrphidae_Sphegina_verecunda_1176497_3718533039,http://creativecommons.org/licenses/by-nc-nd/4.0/
802426,3718533039,Syrphidae_Sphegina_verecunda_1176499_3718533039,http://creativecommons.org/licenses/by-nc-nd/4.0/
802427,3718533039,Syrphidae_Sphegina_verecunda_1176500_3718533039,http://creativecommons.org/licenses/by-nc-nd/4.0/
802428,3718533039,Syrphidae_Sphegina_verecunda_1176501_3718533039,http://creativecommons.org/licenses/by-nc-nd/4.0/
802429,3718533039,Syrphidae_Sphegina_verecunda_1176502_3718533039,http://creativecommons.org/licenses/by-nc-nd/4.0/
802430,3718533039,Syrphidae_Sphegina_verecunda_1176503_3718533039,http://creativecommons.org/licenses/by-nc-nd/4.0/
802596,2840101796,Syrphidae_Sphaerophoria_scripta_2982244_2840101796,http://creativecommons.org/licenses/by-nc-nd/4.0/
803552,1970601170,Syrphidae_Dasysyrphus_venustus_2873792_1970601170,http://creativecommons.org/licenses/by-nc-nd/4.0/
804003,3905872960,Syrphidae_Scaeva_pyrastri_2693360_3905872960,http://creativecommons.org/licenses/by-nc-nd/4.0/
804244,1955929130,Syrphidae_Cheilosia_proxima_94208_1955929130,http://creativecommons.org/licenses/by-nc-nd/4.0/
804695,3904909400,Syrphidae_Brachypalpus_valgus_1998227_3904909400,http://creativecommons.org/licenses/by-nc-nd/4.0/
805335,3731357630,Syrphidae_Cheilosia_albitarsis_2600265_3731357630,http://creativecommons.org/licenses/by-nc/4.0/
806321,1970169347,Syrphidae_Microdon_myrmicae_2872987_1970169347,http://creativecommons.org/licenses/by-nc-nd/4.0/
806753,3904643276,Syrphidae_Xylota_triangularis_2685985_3904643276,http://creativecommons.org/licenses/by-nc/4.0/
807735,3903991685,Syrphidae_Chrysotoxum_octomaculatum_1992588_3903991685,http://creativecommons.org/licenses/by-nc/4.0/
809083,3904099245,Syrphidae_Merodon_equestris_3373198_3904099245,http://creativecommons.org/licenses/by-nc-nd/4.0/
809282,3722196863,Syrphidae_Brachyopa_vittata_1190996_3722196863,http://creativecommons.org/licenses/by-nc/4.0/
809816,3303517302,Syrphidae_Sericomyia_nigra_291700_3303517302,© All rights reserved
809846,2467904291,Syrphidae_Eupeodes_punctifer_2232778_2467904291,© All rights reserved
810955,1961010159,Syrphidae_Cheilosia_cynocephala_791784_1961010159,http://creativecommons.org/licenses/by-nc-nd/4.0/
811897,1968968240,Syrphidae_Cheilosia_cynocephala_1490864_1968968240,http://creativecommons.org/licenses/by-nc-nd/4.0/
812089,3719673545,Syrphidae_Orthonevra_brevicornis_1178239_3719673545,http://creativecommons.org/licenses/by-nc-nd/4.0/
812966,3904706220,Syrphidae_Merodon_equestris_1997070_3904706220,http://creativecommons.org/licenses/by-nc-nd/4.0/
815095,2833459778,Syrphidae_Heringia_heringi_2280047_2833459778,http://creativecommons.org/licenses/by-nc-nd/4.0/
815181,1976940519,Syrphidae_Lejogaster_tarsata_2882741_1976940519,http://creativecommons.org/licenses/by-nd/4.0/
815498,2832488159,Syrphidae_Pocota_personata_1590285_2832488159,http://creativecommons.org/licenses/by-nc/4.0/
815908,3996743602,Syrphidae_Eoseristalis_jugorum_671120_3996743602,http://creativecommons.org/licenses/by-nc-nd/4.0/
816504,2839965948,Syrphidae_Microdon_devius_913799_2839965948,http://creativecommons.org/licenses/by-nc-nd/4.0/
816508,3718401256,Syrphidae_Sphaerophoria_rueppellii_1176089_3718401256,http://creativecommons.org/licenses/by-nc-nd/4.0/
817297,2841936319,Syrphidae_Chrysotoxum_octomaculatum_1605842_2841936319,http://creativecommons.org/licenses/by-nc/4.0/
817808,3730795389,Syrphidae_Cheilosia_scutellata_3288030_3730795389,http://creativecommons.org/licenses/by-nc-nd/4.0/
818979,3720269211,Syrphidae_Baccha_elongata_1868999_3720269211,http://creativecommons.org/licenses/by-nc-nd/4.0/
819013,2839174937,Syrphidae_Psilota_atra_2981480_2839174937,http://creativecommons.org/licenses/by-nc/4.0/
819320,1957396080,Syrphidae_Platycheirus_fulviventris_2853922_1957396080,http://creativecommons.org/licenses/by-nc-nd/4.0/
819376,1963003854,Syrphidae_Volucella_inflata_2862131_1963003854,http://creativecommons.org/licenses/by-nc-sa/4.0/
819523,2833417642,Syrphidae_Eoseristalis_nemorum_1591257_2833417642,http://creativecommons.org/licenses/by-nc-nd/4.0/
820148,1959504457,Syrphidae_Neoascia_tenur_1478334_1959504457,http://creativecommons.org/licenses/by-nc-nd/4.0/
820320,3727595152,Syrphidae_Rhingia_rostrata_1207287_3727595152,http://creativecommons.org/licenses/by-nc-nd/4.0/
820361,3716597509,Syrphidae_Epistrophe_olgae_3236621_3716597509,http://creativecommons.org/licenses/by-nc-nd/4.0/
820363,3716597509,Syrphidae_Epistrophe_olgae_3236623_3716597509,http://creativecommons.org/licenses/by-nc-nd/4.0/
820467,3727892078,Syrphidae_Lejogaster_metallina_2586976_3727892078,http://creativecommons.org/licenses/by-nc-sa/4.0/
820468,3727892078,Syrphidae_Lejogaster_metallina_2586977_3727892078,http://creativecommons.org/licenses/by-nc-sa/4.0/
822542,2837178584,Syrphidae_Lejogaster_tarsata_2977708_2837178584,http://creativecommons.org/licenses/by-nc-nd/4.0/
822740,1970355684,Syrphidae_Lejops_interpuncta_114807_1970355684,http://creativecommons.org/licenses/by/4.0/
823786,2836178222,Syrphidae_Scaeva_albomaculata_217187_2836178222,http://creativecommons.org/licenses/by-nc-nd/4.0/
823788,2836178222,Syrphidae_Scaeva_albomaculata_217189_2836178222,http://creativecommons.org/licenses/by-nc-nd/4.0/
825204,3721914267,Syrphidae_Rhingia_campestris_1188968_3721914267,http://creativecommons.org/licenses/by-nc-nd/4.0/
826817,1973996880,Syrphidae_Pipizella_viduata_811101_1973996880,http://creativecommons.org/licenses/by/4.0/
827089,1959798091,Syrphidae_Chrysogaster_cemiteriorum_790460_1959798091,http://creativecommons.org/licenses/by-nc-nd/4.0/
827736,1970601725,Syrphidae_Melangyna_cinctus_115269_1970601725,http://creativecommons.org/licenses/by-nc-nd/4.0/
829443,1957031501,Syrphidae_Criorhina_floccosa_2163362_1957031501,http://creativecommons.org/licenses/by-nc-nd/4.0/
829500,3996074484,Syrphidae_Lejogaster_tarsata_668780_3996074484,http://creativecommons.org/licenses/by-nc-nd/4.0/
830800,1974385772,Syrphidae_Cheilosia_fraterna_2879538_1974385772,http://creativecommons.org/licenses/by-nc-nd/4.0/
830999,3824829385,Syrphidae_Pipiza_festiva_3323521_3824829385,http://creativecommons.org/licenses/by-nc-nd/4.0/
831344,3730276494,Syrphidae_Xylota_jakutorum_2594356_3730276494,http://creativecommons.org/licenses/by-nc/4.0/
831741,3906899714,Syrphidae_Melangyna_guttata_2009661_3906899714,http://creativecommons.org/licenses/by-nc-nd/4.0/
832304,3726835158,Syrphidae_Cheilosia_proxima_1204356_3726835158,http://creativecommons.org/publicdomain/zero/1.0/
832579,3729417683,Syrphidae_Melangyna_cinctus_523471_3729417683,http://creativecommons.org/licenses/by-nc-nd/4.0/
833104,1960039325,Syrphidae_Chrysogaster_nuda_2858749_1960039325,http://creativecommons.org/licenses/by-nc-nd/4.0/
833179,3727670400,Syrphidae_Scaeva_selenitica_1207514_3727670400,http://creativecommons.org/licenses/by-nc-nd/4.0/
833262,3714773712,Syrphidae_Platycheirus_manicatus_3233852_3714773712,http://creativecommons.org/licenses/by-nc-nd/4.0/
833571,1955939748,Syrphidae_Platycheirus_splendidus_784872_1955939748,http://creativecommons.org/licenses/by-nc-nd/4.0/
833656,2842575293,Syrphidae_Cheilosia_albitarsis_2296735_2842575293,http://creativecommons.org/licenses/by-nc-nd/4.0/
833875,3728796086,Syrphidae_Epistrophe_eligans_1210812_3728796086,http://creativecommons.org/licenses/by-nc-nd/4.0/
834377,3720021535,Syrphidae_Neoascia_obliqua_1868337_3720021535,http://creativecommons.org/licenses/by-nc-nd/4.0/
834850,2844781258,Syrphidae_Chrysotoxum_fasciata_1612247_2844781258,http://creativecommons.org/licenses/by-nc-nd/4.0/
834902,3726697029,Syrphidae_Caliprobola_speciosa_3272912_3726697029,http://creativecommons.org/licenses/by-nc-nd/4.0/
835035,1974218387,Syrphidae_Chrysogaster_virescens_811530_1974218387,http://creativecommons.org/licenses/by-nc/4.0/
835252,3731292326,Syrphidae_Chrysogaster_virescens_2599892_3731292326,http://creativecommons.org/licenses/by-nc-nd/4.0/
836045,3906609656,Syrphidae_Volucella_pellucens_1318774_3906609656,http://creativecommons.org/licenses/by-nc-nd/4.0/
836075,1953418799,Syrphidae_Cheilosia_frontalis_90156_1953418799,http://creativecommons.org/licenses/by-nc-nd/4.0/
836077,1953418799,Syrphidae_Cheilosia_frontalis_90158_1953418799,http://creativecommons.org/licenses/by-nc-nd/4.0/
836138,2833128644,Syrphidae_Spilomyia_saltuum_2279487_2833128644,http://creativecommons.org/licenses/by-nc-nd/4.0/
838454,3729406866,Syrphidae_Lejops_lineata_1212307_3729406866,http://creativecommons.org/licenses/by-nc-nd/4.0/
839823,3904646366,Syrphidae_Helophilus_trivittatus_1307352_3904646366,http://creativecommons.org/licenses/by-nc/4.0/
840152,3823572888,Syrphidae_Brachypalpus_valgus_3320037_3823572888,http://creativecommons.org/licenses/by-nc-nd/4.0/
842547,2837713743,Syrphidae_Cheilosia_vulpina_910708_2837713743,http://creativecommons.org/licenses/by-nc/4.0/
842593,3721966749,Syrphidae_Eoseristalis_intricaria_2568266_3721966749,http://creativecommons.org/licenses/by-nc-nd/4.0/
843228,2834185964,Syrphidae_Xylota_xanthocnema_1593318_2834185964,http://creativecommons.org/licenses/by-nc-nd/4.0/
843531,3726532823,Syrphidae_Neoascia_tenur_3272123_3726532823,http://creativecommons.org/licenses/by-nc-nd/4.0/
845859,2839103546,Syrphidae_Brachyopa_bicolor_1601765_2839103546,http://creativecommons.org/licenses/by-nc/4.0/
846789,3996147836,Syrphidae_Eumerus_sabulonum_2046289_3996147836,http://creativecommons.org/licenses/by-nc-nd/4.0/
847996,1970560981,Syrphidae_Chrysogaster_hirtella_2183566_1970560981,http://creativecommons.org/licenses/by-nc-nd/4.0/
848105,1955433083,Syrphidae_Platycheirus_peltatus_1472092_1955433083,http://creativecommons.org/licenses/by-nc-nd/4.0/
848787,2836288968,Syrphidae_Sericomyia_lappona_2975961_2836288968,http://creativecommons.org/licenses/by-nc-nd/4.0/
849007,1963035230,Syrphidae_Melanostoma_mellina_1482934_1963035230,http://creativecommons.org/licenses/by-nc-nd/4.0/
849321,1976192573,Syrphidae_Platycheirus_perpallidus_2191045_1976192573,http://creativecommons.org/licenses/by-nc/4.0/
849400,3722858488,Syrphidae_Chamaesyrphus_lusitanica_1195021_3722858488,http://creativecommons.org/licenses/by-nc-nd/4.0/
849739,1953278541,Syrphidae_Brachypalpoides_lentus_2848105_1953278541,http://creativecommons.org/licenses/by-nc-nd/4.0/
850897,3727599622,Syrphidae_Neoascia_interrupta_1896657_3727599622,http://creativecommons.org/licenses/by-nc-nd/4.0/
851137,1973606751,Syrphidae_Chrysogaster_virescens_2877888_1973606751,http://creativecommons.org/licenses/by-nc/4.0/
851243,1960018030,Syrphidae_Brachyopa_dorsata_2858726_1960018030,http://creativecommons.org/licenses/by-nc-nd/4.0/
852590,2837197280,Syrphidae_Eristalinus_sepulchralis_2287229_2837197280,http://creativecommons.org/licenses/by-nc-nd/4.0/
852675,3728436006,Syrphidae_Chrysotoxum_volaticum_3279067_3728436006,http://creativecommons.org/licenses/by-nc-nd/4.0/
852676,3728436006,Syrphidae_Chrysotoxum_volaticum_3279068_3728436006,http://creativecommons.org/licenses/by-nc-nd/4.0/
852677,3728436006,Syrphidae_Chrysotoxum_volaticum_3279069_3728436006,http://creativecommons.org/licenses/by-nc-nd/4.0/
853651,3722830616,Syrphidae_Helophilus_trivittatus_3264169_3722830616,http://creativecommons.org/licenses/by-nc-nd/4.0/
854064,3907117621,Syrphidae_Lejops_transfuga_2700645_3907117621,http://creativecommons.org/licenses/by-nc-nd/4.0/
855411,1970705944,Syrphidae_Eupeodes_latifasciatus_2183841_1970705944,http://creativecommons.org/licenses/by-nc-nd/4.0/
855669,2834110748,Syrphidae_Cheilosia_himantopus_213736_2834110748,http://creativecommons.org/licenses/by-nc/4.0/
855782,2840855960,Syrphidae_Callicera_spinolae_2292566_2840855960,http://creativecommons.org/licenses/by-nc/4.0/
856804,3722333036,Syrphidae_Myolepta_dubia_1191988_3722333036,http://creativecommons.org/licenses/by-nc-nd/4.0/
857170,3722245371,Syrphidae_Helophilus_hybridus_502541_3722245371,http://creativecommons.org/licenses/by-nc-nd/4.0/
857509,1962925656,Syrphidae_Orthonevra_nobilis_2862054_1962925656,http://creativecommons.org/licenses/by-nc/4.0/
857770,1959797869,Syrphidae_Platycheirus_sticticus_2168307_1959797869,http://creativecommons.org/licenses/by-nc-nd/4.0/
859215,3824615086,Syrphidae_Philhelius_festivum_564614_3824615086,http://creativecommons.org/licenses/by-nc/4.0/
860839,2832848866,Syrphidae_Cheilosia_himantopus_1590502_2832848866,http://creativecommons.org/licenses/by-nc-nd/4.0/
860841,2832848866,Syrphidae_Cheilosia_himantopus_1590504_2832848866,http://creativecommons.org/licenses/by-nc-nd/4.0/
860998,3730443125,Syrphidae_Dasysyrphus_tricinctus_527720_3730443125,http://creativecommons.org/licenses/by/4.0/
861597,1953092981,Syrphidae_Merodon_equestris_780146_1953092981,http://creativecommons.org/licenses/by-nc/4.0/
861737,3995174787,Syrphidae_Eristalinus_megacephalus_1353685_3995174787,http://creativecommons.org/licenses/by-nc-nd/4.0/
861977,2834714754,Syrphidae_Cheilosia_cynocephala_1595005_2834714754,http://creativecommons.org/licenses/by/4.0/
862094,2837632813,Syrphidae_Cheilosia_proxima_2978807_2837632813,http://creativecommons.org/licenses/by-nc-nd/4.0/
862178,1970645054,Syrphidae_Eriozona_annulipes_2183742_1970645054,http://creativecommons.org/licenses/by-nc-nd/4.0/
863180,1974103336,Syrphidae_Cheilosia_lasiopa_2188993_1974103336,http://creativecommons.org/licenses/by-nc/4.0/
864269,2833698047,Syrphidae_Chrysogaster_nuda_1591701_2833698047,http://creativecommons.org/licenses/by-nc-nd/4.0/
864320,2841059710,Syrphidae_Cheilosia_psilophthalma_2292825_2841059710,http://creativecommons.org/licenses/by-nd/4.0/
866131,3733291612,Syrphidae_Orthonevra_brevicornis_3299549_3733291612,http://creativecommons.org/licenses/by-nc-sa/4.0/
866824,3726406529,Syrphidae_Cheilosia_impressa_1891826_3726406529,http://creativecommons.org/licenses/by-nc-sa/4.0/
867275,3727640767,Syrphidae_Triglyphus_primus_3276767_3727640767,http://creativecommons.org/licenses/by-nc-nd/4.0/
867784,3825838424,Syrphidae_Callicera_fagesii_3325699_3825838424,http://creativecommons.org/licenses/by-nc-nd/4.0/
869672,2843215641,Syrphidae_Chalcosyrphus_valgus_2988700_2843215641,http://creativecommons.org/licenses/by-nc/4.0/
870389,2843803427,Syrphidae_Dasysyrphus_albostriatus_2989643_2843803427,http://creativecommons.org/licenses/by-nd/4.0/
870751,2834615211,Syrphidae_Platycheirus_angustatus_215602_2834615211,http://creativecommons.org/licenses/by-nc-nd/4.0/
870770,2842342795,Syrphidae_Platycheirus_perpallidus_1607137_2842342795,http://creativecommons.org/licenses/by-nc/4.0/
871901,3721044582,Syrphidae_Cheilosia_variabilis_494007_3721044582,http://creativecommons.org/licenses/by-nc/4.0/
872396,1953701330,Syrphidae_Cheilosia_albipila_781212_1953701330,http://creativecommons.org/licenses/by/4.0/
873208,1975492899,Syrphidae_Microdon_devius_2880147_1975492899,http://creativecommons.org/licenses/by-nc-nd/4.0/
873409,1955075927,Syrphidae_Epistrophe_diaphana_782457_1955075927,http://creativecommons.org/licenses/by/4.0/
873865,3720189540,Syrphidae_Mallota_fuciformis_2558163_3720189540,http://creativecommons.org/licenses/by-nc-nd/4.0/
874644,2837572747,Syrphidae_Volucella_zonaria_2288222_2837572747,http://creativecommons.org/licenses/by-nc-nd/4.0/
874989,2833896294,Syrphidae_Chrysotoxum_intermedium_903300_2833896294,http://creativecommons.org/licenses/by-nc-nd/4.0/
875793,3997533032,Syrphidae_Helophilus_hybridus_2050948_3997533032,http://creativecommons.org/licenses/by-nc-nd/4.0/
877224,1962052789,Syrphidae_Sphaerophoria_scripta_1481942_1962052789,http://creativecommons.org/licenses/by-nc-nd/4.0/
877767,1976474515,Syrphidae_Trichopsomyia_lucida_1502298_1976474515,http://creativecommons.org/licenses/by-nc-nd/4.0/
877769,1976474515,Syrphidae_Trichopsomyia_lucida_1502300_1976474515,http://creativecommons.org/licenses/by-nc-nd/4.0/
879044,1962761601,Syrphidae_Platycheirus_granditarsa_1482592_1962761601,http://creativecommons.org/licenses/by-nc-nd/4.0/
880683,2844913218,Syrphidae_Paragus_albifrons_233775_2844913218,http://creativecommons.org/licenses/by-nc-nd/4.0/
882503,3717401762,Syrphidae_Platycheirus_fulviventris_1861327_3717401762,http://creativecommons.org/licenses/by-nc-nd/4.0/
882951,3722798636,Syrphidae_Sericomyia_silentis_3264001_3722798636,http://creativecommons.org/licenses/by-nc-nd/4.0/
885251,2840117263,Syrphidae_Cheilosia_canicularis_223605_2840117263,http://creativecommons.org/licenses/by-nc/4.0/
885777,1957727099,Syrphidae_Eristalinus_sepulchralis_2854598_1957727099,http://creativecommons.org/licenses/by-nc-nd/4.0/
885936,2844809983,Syrphidae_Cheilosia_canicularis_2301540_2844809983,http://creativecommons.org/licenses/by-nc/4.0/
886031,2835899916,Syrphidae_Leucozona_inopinata_2975575_2835899916,http://creativecommons.org/licenses/by-nc-nd/4.0/
886358,3723558299,Syrphidae_Chrysotoxum_fasciolatum_3266201_3723558299,http://creativecommons.org/licenses/by-nc/4.0/
886828,3764982634,Syrphidae_Paragus_pecchiolii_1927497_3764982634,© All rights reserved
887075,2406011212,Syrphidae_Temnostoma_vespiforme_2911953_2406011212,© All rights reserved
887157,2406832813,Syrphidae_Brachyopa_testacea_1532536_2406832813,© All rights reserved
887232,3966059488,Syrphidae_Eupeodes_nielseni_2724561_3966059488,© All rights reserved
887311,3414714374,Syrphidae_Sphaerophoria_batava_1022095_3414714374,© All rights reserved
887337,2412208007,Syrphidae_Lejota_ruficornis_2222765_2412208007,© All rights reserved
888860,3825805950,Syrphidae_Olbiosyrphus_laetum_1945326_3825805950,http://creativecommons.org/licenses/by-nc-nd/4.0/
889764,1958114528,Syrphidae_Pipizella_viduata_1476532_1958114528,http://creativecommons.org/licenses/by-nc-nd/4.0/
890144,1953435871,Syrphidae_Neoascia_podagrica_90189_1953435871,http://creativecommons.org/licenses/by-nc-nd/4.0/
890629,1970017782,Syrphidae_Orthonevra_intermedia_2872691_1970017782,http://creativecommons.org/licenses/by-nc-nd/4.0/
891413,3905872548,Syrphidae_Mallota_cimbiciformis_625827_3905872548,http://creativecommons.org/licenses/by-nc-nd/4.0/
892204,3717802305,Syrphidae_Paragus_albifrons_484259_3717802305,http://creativecommons.org/licenses/by-nc-nd/4.0/
892733,3721240746,Syrphidae_Platycheirus_scutatus_495199_3721240746,http://creativecommons.org/licenses/by-nc-nd/4.0/
892880,2845259250,Syrphidae_Neoascia_interrupta_1613392_2845259250,http://creativecommons.org/licenses/by-nc-nd/4.0/
892920,3730427339,Syrphidae_Cheilosia_lasiopa_3285865_3730427339,http://creativecommons.org/licenses/by-nc/4.0/
892922,3730427339,Syrphidae_Cheilosia_lasiopa_3285867_3730427339,http://creativecommons.org/licenses/by-nc/4.0/
893212,2834314730,Syrphidae_Paragus_albifrons_1593835_2834314730,http://creativecommons.org/licenses/by-nc-nd/4.0/
893276,3905079766,Syrphidae_Meliscaeva_auricollis_1309798_3905079766,http://creativecommons.org/licenses/by-nc-nd/4.0/
893637,3716192319,Syrphidae_Merodon_cinereus_3234978_3716192319,http://creativecommons.org/licenses/by-nc-nd/4.0/
894433,3906515995,Syrphidae_Xanthandrus_comtus_2697264_3906515995,http://creativecommons.org/licenses/by-nc-nd/4.0/
894484,3728670740,Syrphidae_Chalcosyrphus_nemorum_3279685_3728670740,http://creativecommons.org/licenses/by-nc-nd/4.0/
894600,1968922039,Syrphidae_Pipiza_lugubris_2180010_1968922039,http://creativecommons.org/licenses/by-nc-nd/4.0/
895012,3730455010,Syrphidae_Eoseristalis_pertinax_1216728_3730455010,http://creativecommons.org/licenses/by-nc-nd/4.0/
895576,2844306985,Syrphidae_Cheilosia_bergenstammi_1610883_2844306985,http://creativecommons.org/licenses/by-nc-nd/4.0/
896824,3906182217,Syrphidae_Helophilus_pendulus_627759_3906182217,http://creativecommons.org/licenses/by-nc-nd/4.0/
897973,1977281094,Syrphidae_Brachyopa_insensilis_815848_1977281094,http://creativecommons.org/licenses/by-nc-nd/4.0/
899080,3904134092,Syrphidae_Ceriana_conopsoides_3373433_3904134092,http://creativecommons.org/licenses/by-nc-nd/4.0/
900247,3730529628,Syrphidae_Cheilosia_scutellata_2595672_3730529628,http://creativecommons.org/licenses/by-nc-nd/4.0/
900643,3906834941,Syrphidae_Chrysotoxum_bicincta_2699036_3906834941,http://creativecommons.org/licenses/by-nc-nd/4.0/
901764,3822426004,Syrphidae_Pipiza_noctiluca_1247800_3822426004,http://creativecommons.org/licenses/by-nc-nd/4.0/
902034,3823010579,Syrphidae_Cheilosia_fasciata_2628149_3823010579,http://creativecommons.org/licenses/by-nc-nd/4.0/
902142,3731027907,Syrphidae_Pelecocera_tricincta_3289319_3731027907,http://creativecommons.org/licenses/by-nc-nd/4.0/
905689,3726498414,Syrphidae_Lejops_lineata_1202938_3726498414,http://creativecommons.org/licenses/by-nc-nd/4.0/
905713,2832746701,Syrphidae_Dasysyrphus_tricinctus_1590434_2832746701,http://creativecommons.org/licenses/by-nc/4.0/
905714,1974356923,Syrphidae_Platycheirus_discimanus_120992_1974356923,http://creativecommons.org/licenses/by-nc/4.0/
906666,1966474258,Syrphidae_Criorhina_pachymera_2867712_1966474258,http://creativecommons.org/licenses/by-nc-nd/4.0/
906667,1966474258,Syrphidae_Criorhina_pachymera_2867713_1966474258,http://creativecommons.org/licenses/by-nc-nd/4.0/
908378,1965081332,Syrphidae_Sphaerophoria_philantha_2173872_1965081332,http://creativecommons.org/licenses/by-nc-nd/4.0/
908379,1965081332,Syrphidae_Sphaerophoria_philantha_2173873_1965081332,http://creativecommons.org/licenses/by-nc-nd/4.0/
910400,2835376681,Syrphidae_Psilota_anthracina_2284678_2835376681,http://creativecommons.org/licenses/by-nc-nd/4.0/
910811,1976455901,Syrphidae_Lejogaster_metallina_123154_1976455901,http://creativecommons.org/licenses/by-nc/4.0/
910871,2838614978,Syrphidae_Milesia_crabroniformis_1601213_2838614978,http://creativecommons.org/licenses/by-nc-nd/4.0/
911255,1952790575,Syrphidae_Platycheirus_scambus_1468103_1952790575,http://creativecommons.org/licenses/by-nc/4.0/
911534,3721036751,Syrphidae_Melangyna_guttata_3252121_3721036751,http://creativecommons.org/licenses/by-nc-nd/4.0/
911610,3717950515,Syrphidae_Dasysyrphus_albostriatus_1863946_3717950515,http://creativecommons.org/licenses/by-nc-nd/4.0/
911907,3905343953,Syrphidae_Melangyna_umbellatarum_2690267_3905343953,http://creativecommons.org/licenses/by-nc-nd/4.0/
912921,2398765579,Syrphidae_Chrysogaster_aerosa_2910220_2398765579,© All rights reserved
913188,2848849427,Syrphidae_Eumerus_flavitarsis_2304021_2848849427,© All rights reserved
913198,3004845367,Syrphidae_Eupeodes_punctifer_950121_3004845367,© All rights reserved
913199,3004845367,Syrphidae_Eupeodes_punctifer_950122_3004845367,© All rights reserved
913200,3004845367,Syrphidae_Eupeodes_punctifer_950123_3004845367,© All rights reserved
913251,3697053346,Syrphidae_Orthonevra_geniculata_471881_3697053346,© All rights reserved
913295,2855422459,Syrphidae_Xylota_tarda_240114_2855422459,© All rights reserved
913301,4008019397,Syrphidae_Dasysyrphus_neovenustus_2742873_4008019397,© All rights reserved
913366,2410847734,Syrphidae_Syrphus_admirandus_1533488_2410847734,© All rights reserved
913405,3864338438,Syrphidae_Sericomyia_nigra_3346295_3864338438,© All rights reserved
913686,1433393705,Syrphidae_Merodon_moenium_2114401_1433393705,© all rights reserved
913698,997944779,Syrphidae_Parasyrphus_annulatus_3448678_997944779,© all rights reserved
913718,1427643955,Syrphidae_Pipiza_noctiluca_2802282_1427643955,© all rights reserved
914980,1963060088,Syrphidae_Didea_fasciata_794442_1963060088,http://creativecommons.org/licenses/by-nc-nd/4.0/
915223,2842659804,Syrphidae_Paragus_bicolor_2987463_2842659804,http://creativecommons.org/licenses/by-nc-nd/4.0/
915672,1966323105,Syrphidae_Xylota_abiens_2177060_1966323105,http://creativecommons.org/licenses/by-nc-nd/4.0/
916368,3730329661,Syrphidae_Melangyna_triangulifera_2594610_3730329661,http://creativecommons.org/licenses/by-nc-nd/4.0/
916546,3720582717,Syrphidae_Eumerus_ornatus_1180569_3720582717,http://creativecommons.org/licenses/by-nc-nd/4.0/
917004,3905464710,Syrphidae_Orthonevra_nobilis_2690927_3905464710,http://creativecommons.org/licenses/by-nc-nd/4.0/
917005,3905464710,Syrphidae_Orthonevra_nobilis_2690928_3905464710,http://creativecommons.org/licenses/by-nc-nd/4.0/
917754,3997292072,Syrphidae_Eupeodes_tirolensis_2740417_3997292072,http://creativecommons.org/licenses/by-nc-nd/4.0/
918054,1955152616,Syrphidae_Cheilosia_cynocephala_1471363_1955152616,http://creativecommons.org/licenses/by-nc-nd/4.0/
918596,1953036754,Syrphidae_Orthonevra_intermedia_1468651_1953036754,http://creativecommons.org/licenses/by-nc-nd/4.0/
918598,1953036754,Syrphidae_Orthonevra_intermedia_1468653_1953036754,http://creativecommons.org/licenses/by-nc-nd/4.0/
919311,2832809575,Syrphidae_Cheilosia_personata_901482_2832809575,http://creativecommons.org/licenses/by-nc/4.0/
920266,3729285443,Syrphidae_Eoseristalis_similis_1901399_3729285443,http://creativecommons.org/licenses/by-nc-nd/4.0/
920489,3716551360,Syrphidae_Epistrophe_ochrostoma_3236394_3716551360,http://creativecommons.org/licenses/by-nc-nd/4.0/
920762,3823398069,Syrphidae_Callicera_aenea_1250575_3823398069,http://creativecommons.org/licenses/by-nc-nd/4.0/
921402,3716746666,Syrphidae_Cheilosia_soror_3237353_3716746666,http://creativecommons.org/licenses/by-nc-nd/4.0/
921588,1974291412,Syrphidae_Platycheirus_discimanus_811654_1974291412,http://creativecommons.org/licenses/by-nc/4.0/
921630,3906410342,Syrphidae_Epistrophe_nitidicollis_2696652_3906410342,http://creativecommons.org/licenses/by-nc-nd/4.0/
921631,3906410342,Syrphidae_Epistrophe_nitidicollis_2696653_3906410342,http://creativecommons.org/licenses/by-nc-nd/4.0/
923656,3902826537,Syrphidae_Philhelius_stackelbergi_1987656_3902826537,http://creativecommons.org/publicdomain/zero/1.0/
923663,3881659363,Syrphidae_Spilomyia_maxima_3356413_3881659363,http://creativecommons.org/publicdomain/zero/1.0/
924376,2874030704,Syrphidae_Volucella_elegans_938293_2874030704,http://creativecommons.org/licenses/by-nc/4.0/
925112,1933274659,Syrphidae_Dasysyrphus_pauxillus_775864_1933274659,© All rights reserved
925140,3927028540,Syrphidae_Dasysyrphus_friuliensis_2716868_3927028540,© All rights reserved
925700,1966427098,Syrphidae_Xylota_xanthocnema_2867601_1966427098,http://creativecommons.org/licenses/by-nc-nd/4.0/
926072,3723466537,Syrphidae_Orthonevra_nobilis_1886237_3723466537,http://creativecommons.org/licenses/by-nc/4.0/
926251,3726441998,Syrphidae_Callicera_rufa_1202659_3726441998,http://creativecommons.org/licenses/by-nc/4.0/
926256,3726441998,Syrphidae_Callicera_rufa_1202664_3726441998,http://creativecommons.org/licenses/by-nc/4.0/
926257,3726441998,Syrphidae_Callicera_rufa_1202665_3726441998,http://creativecommons.org/licenses/by-nc/4.0/
926561,1957962369,Syrphidae_Platycheirus_peltatus_96974_1957962369,http://creativecommons.org/licenses/by-nc-nd/4.0/
928023,1957935192,Syrphidae_Microdon_myrmicae_2855196_1957935192,http://creativecommons.org/licenses/by-nc-nd/4.0/
928026,1957935192,Syrphidae_Microdon_myrmicae_2855199_1957935192,http://creativecommons.org/licenses/by-nc-nd/4.0/
928384,3824030308,Syrphidae_Didea_fasciata_1251839_3824030308,http://creativecommons.org/licenses/by-nc-nd/4.0/
928561,2843609391,Syrphidae_Cheilosia_lenis_2298749_2843609391,http://creativecommons.org/licenses/by-nc/4.0/
929033,3904612364,Syrphidae_Callicera_rufa_1996527_3904612364,http://creativecommons.org/licenses/by-nc-nd/4.0/
929046,1966780226,Syrphidae_Philhelius_citrofasciatum_2868423_1966780226,http://creativecommons.org/licenses/by-nc-nd/4.0/
930715,1958361744,Syrphidae_Parasyrphus_punctulatus_788350_1958361744,http://creativecommons.org/licenses/by-nc-sa/4.0/
931589,3728072574,Syrphidae_Criorhina_ranunculi_519706_3728072574,http://creativecommons.org/licenses/by-nc-nd/4.0/
931654,2832658125,Syrphidae_Cheilosia_chloris_2969639_2832658125,http://creativecommons.org/licenses/by-nc-nd/4.0/
931655,2832658125,Syrphidae_Cheilosia_chloris_2969640_2832658125,http://creativecommons.org/licenses/by-nc-nd/4.0/
931921,3997159344,Syrphidae_Eoseristalis_jugorum_2049832_3997159344,http://creativecommons.org/licenses/by-nc-nd/4.0/
932622,3824326159,Syrphidae_Helophilus_pendulus_2631239_3824326159,http://creativecommons.org/licenses/by-nc-nd/4.0/
932853,1959919973,Syrphidae_Ceriana_conopsoides_100107_1959919973,http://creativecommons.org/licenses/by-nc-nd/4.0/
933614,3718009850,Syrphidae_Merodon_moenium_485268_3718009850,http://creativecommons.org/licenses/by-nc/4.0/
934286,3714747116,Syrphidae_Platycheirus_tarsalis_2543805_3714747116,http://creativecommons.org/licenses/by-nc-nd/4.0/
934815,2832339218,Syrphidae_Spilomyia_saltuum_2278950_2832339218,http://creativecommons.org/licenses/by-nc-nd/4.0/
935630,2838380825,Syrphidae_Cheilosia_variabilis_2289940_2838380825,http://creativecommons.org/licenses/by-nc/4.0/
937397,3732484593,Syrphidae_Neoascia_interrupta_2606013_3732484593,http://creativecommons.org/licenses/by-nc-nd/4.0/
937421,2841863678,Syrphidae_Brachyopa_scutellaris_2985287_2841863678,http://creativecommons.org/licenses/by-nc-nd/4.0/
937444,3823842542,Syrphidae_Criorhina_floccosa_1251507_3823842542,http://creativecommons.org/licenses/by-nd/4.0/
939010,2832777099,Syrphidae_Chrysotoxum_fasciolatum_901464_2832777099,http://creativecommons.org/licenses/by-nc-nd/4.0/
939815,1973655715,Syrphidae_Cheilosia_fraterna_2187870_1973655715,http://creativecommons.org/licenses/by-nd/4.0/
940373,1964135662,Syrphidae_Lejops_transfuga_2172602_1964135662,http://creativecommons.org/licenses/by/4.0/
940879,3716816557,Syrphidae_Volucella_bombylans_1168568_3716816557,http://creativecommons.org/licenses/by-nc-nd/4.0/
940911,3730895935,Syrphidae_Cheilosia_vulpina_1908528_3730895935,http://creativecommons.org/licenses/by-nc/4.0/
941341,3824186073,Syrphidae_Criorhina_pachymera_1941386_3824186073,http://creativecommons.org/licenses/by-nc-sa/4.0/
941533,1963064414,Syrphidae_Cheilosia_albitarsis_2172135_1963064414,http://creativecommons.org/licenses/by-nc-sa/4.0/
942003,1977319137,Syrphidae_Epistrophe_melanostoma_815912_1977319137,http://creativecommons.org/licenses/by-nc-nd/4.0/
942064,3717081622,Syrphidae_Eoseristalis_pertinax_1169941_3717081622,http://creativecommons.org/licenses/by-nc-nd/4.0/
942202,3904069574,Syrphidae_Dasysyrphus_albostriatus_1303739_3904069574,http://creativecommons.org/licenses/by-nc-nd/4.0/
943374,3904001444,Syrphidae_Epistrophe_diaphana_2681971_3904001444,http://creativecommons.org/licenses/by-nc-nd/4.0/
943595,3824148892,Syrphidae_Cheilosia_chloris_3321317_3824148892,http://creativecommons.org/licenses/by-nc/4.0/
944285,2833688121,Syrphidae_Cheilosia_psilophthalma_2970980_2833688121,http://creativecommons.org/licenses/by-nc-nd/4.0/
944286,2833688121,Syrphidae_Cheilosia_psilophthalma_2970981_2833688121,http://creativecommons.org/licenses/by-nc-nd/4.0/
944553,3907467487,Syrphidae_Melangyna_triangulifera_1323478_3907467487,http://creativecommons.org/licenses/by-nc-nd/4.0/
944733,1977275441,Syrphidae_Melangyna_cinctus_125165_1977275441,http://creativecommons.org/licenses/by-nc/4.0/
945024,2833896599,Syrphidae_Neocnemodon_verrucula_2971514_2833896599,http://creativecommons.org/licenses/by-nc-nd/4.0/
945640,3716568655,Syrphidae_Cheilosia_semifasciata_3236489_3716568655,http://creativecommons.org/licenses/by-nc-nd/4.0/
945867,3904220045,Syrphidae_Eupeodes_corollae_2683368_3904220045,http://creativecommons.org/licenses/by-nc/4.0/
946032,2844373243,Syrphidae_Sericomyia_silentis_2300025_2844373243,http://creativecommons.org/licenses/by/4.0/
946690,3827437263,Syrphidae_Cheilosia_fraterna_3329885_3827437263,http://creativecommons.org/licenses/by-nc-nd/4.0/
946979,3717671740,Syrphidae_Cheilosia_scutellata_1862627_3717671740,http://creativecommons.org/licenses/by-nc-nd/4.0/
947434,3725516168,Syrphidae_Callicera_fagesii_1888082_3725516168,http://creativecommons.org/licenses/by-nc-nd/4.0/
948490,1960401846,Syrphidae_Melangyna_quadrimaculata_100703_1960401846,http://creativecommons.org/licenses/by-nc-nd/4.0/
948491,1960401846,Syrphidae_Melangyna_quadrimaculata_100704_1960401846,http://creativecommons.org/licenses/by-nc-nd/4.0/
948679,3725845270,Syrphidae_Orthonevra_splendens_1199965_3725845270,http://creativecommons.org/licenses/by-nc-nd/4.0/
949003,3823990880,Syrphidae_Temnostoma_meridionale_562816_3823990880,http://creativecommons.org/licenses/by-nc-nd/4.0/
950137,3824159134,Syrphidae_Neoascia_podagrica_563257_3824159134,http://creativecommons.org/licenses/by-nc-nd/4.0/
950872,3826207292,Syrphidae_Cheilosia_horticola_2635853_3826207292,http://creativecommons.org/licenses/by-nc-sa/4.0/
951493,2837754728,Syrphidae_Cheilosia_chloris_2979064_2837754728,http://creativecommons.org/licenses/by-nc/4.0/
951495,2837754728,Syrphidae_Cheilosia_chloris_2979066_2837754728,http://creativecommons.org/licenses/by-nc/4.0/
951632,2834106739,Syrphidae_Philhelius_dives_213726_2834106739,http://creativecommons.org/licenses/by-nc-nd/4.0/
951939,3906401109,Syrphidae_Eristalis_tenax_3386913_3906401109,http://creativecommons.org/licenses/by-nc-nd/4.0/
952058,3723787617,Syrphidae_Platycheirus_angustatus_1886647_3723787617,http://creativecommons.org/licenses/by-nc-nd/4.0/
952898,2834932935,Syrphidae_Cheilosia_grossa_216120_2834932935,http://creativecommons.org/licenses/by-nc-nd/4.0/
953043,3722341427,Syrphidae_Merodon_aurifer_3261349_3722341427,http://creativecommons.org/licenses/by-nc/4.0/
953918,3726041763,Syrphidae_Ferdinandea_ruficornis_1890089_3726041763,http://creativecommons.org/licenses/by-nc-nd/4.0/
954906,3730511948,Syrphidae_Brachyopa_scutellaris_3286333_3730511948,http://creativecommons.org/licenses/by-nc-nd/4.0/
954923,2835017240,Syrphidae_Cheilosia_semifasciata_906638_2835017240,http://creativecommons.org/licenses/by-nc-nd/4.0/
955141,3730408018,Syrphidae_Eoseristalis_abusivus_1905726_3730408018,http://creativecommons.org/licenses/by-nc-nd/4.0/
956350,3995539587,Syrphidae_Meliscaeva_cinctella_3424396_3995539587,http://creativecommons.org/licenses/by-nc/4.0/
957187,1970100702,Syrphidae_Parhelophilus_frutetorum_2872865_1970100702,http://creativecommons.org/licenses/by-nc-sa/4.0/
957221,1959850142,Syrphidae_Platycheirus_splendidus_1479137_1959850142,http://creativecommons.org/licenses/by-nc-nd/4.0/
957597,2844191347,Syrphidae_Sphaerophoria_nigra_921996_2844191347,http://creativecommons.org/licenses/by-nc-nd/4.0/
958572,3727603436,Syrphidae_Syrphus_vitripennis_1207322_3727603436,http://creativecommons.org/licenses/by-nc-nd/4.0/
960238,3716483215,Syrphidae_Chalcosyrphus_valgus_1856817_3716483215,http://creativecommons.org/licenses/by-nc-nd/4.0/
960585,3822879790,Syrphidae_Melanostoma_scalare_560350_3822879790,http://creativecommons.org/licenses/by-nc-nd/4.0/
961825,2833598330,Syrphidae_Chrysotoxum_bicincta_902556_2833598330,http://creativecommons.org/licenses/by-nc-nd/4.0/
962322,3729644185,Syrphidae_Brachyopa_bicolor_3282417_3729644185,http://creativecommons.org/licenses/by-nc/4.0/
963913,3733049713,Syrphidae_Chrysogaster_nuda_1919257_3733049713,http://creativecommons.org/licenses/by-nc-nd/4.0/
964341,1953863808,Syrphidae_Melangyna_quadrimaculata_90726_1953863808,http://creativecommons.org/licenses/by-nc-nd/4.0/
965333,2836940984,Syrphidae_Lejops_contracta_1597563_2836940984,http://creativecommons.org/licenses/by-nc-nd/4.0/
965360,2833009974,Syrphidae_Chrysotoxum_arcuatum_1590613_2833009974,http://creativecommons.org/licenses/by-nc/4.0/
965706,3716286785,Syrphidae_Philhelius_dives_476607_3716286785,http://creativecommons.org/licenses/by-nc/4.0/
966326,3826633200,Syrphidae_Ferdinandea_ruficornis_568999_3826633200,http://creativecommons.org/licenses/by-nc-nd/4.0/
967961,1972949383,Syrphidae_Cheilosia_velutina_2876795_1972949383,http://creativecommons.org/licenses/by-nc-nd/4.0/
970330,3722365807,Syrphidae_Chalcosyrphus_valgus_1881615_3722365807,http://creativecommons.org/licenses/by-nc-nd/4.0/
971147,3903935087,Syrphidae_Cheilosia_uviformis_1302831_3903935087,http://creativecommons.org/licenses/by-nc/4.0/
971333,2836345704,Syrphidae_Volucella_zonaria_907730_2836345704,http://creativecommons.org/licenses/by-nc-nd/4.0/
972318,1965671156,Syrphidae_Sphaerophoria_rueppellii_2865837_1965671156,http://creativecommons.org/licenses/by-nc-nd/4.0/
972362,3719647216,Syrphidae_Cheilosia_semifasciata_1867698_3719647216,http://creativecommons.org/licenses/by-nc-nd/4.0/
974300,3727119965,Syrphidae_Temnostoma_bombylans_516560_3727119965,http://creativecommons.org/licenses/by-nc-nd/4.0/
975372,3726532473,Syrphidae_Epistrophe_ochrostoma_513854_3726532473,http://creativecommons.org/licenses/by-nc/4.0/
975701,1960634559,Syrphidae_Ceriana_conopsoides_2859184_1960634559,http://creativecommons.org/licenses/by-nc-nd/4.0/
976153,3727911425,Syrphidae_Parasyrphus_punctulatus_1208326_3727911425,http://creativecommons.org/licenses/by-nc-sa/4.0/
977814,3996298775,Syrphidae_Melangyna_cinctus_1357689_3996298775,http://creativecommons.org/licenses/by-nc-nd/4.0/
978050,1966340188,Syrphidae_Philhelius_stackelbergi_2177092_1966340188,http://creativecommons.org/licenses/by-nc-nd/4.0/
978218,1974237595,Syrphidae_Orthonevra_brevicornis_2189171_1974237595,http://creativecommons.org/licenses/by-nc-nd/4.0/
978440,3730657843,Syrphidae_Neocnemodon_verrucula_1217846_3730657843,http://creativecommons.org/licenses/by-nc-nd/4.0/
979045,1970823764,Syrphidae_Eupeodes_goeldlini_2874288_1970823764,http://creativecommons.org/licenses/by-nc-nd/4.0/
980118,3826467051,Syrphidae_Melangyna_pavlovskyi_3327269_3826467051,http://creativecommons.org/licenses/by-nc-nd/4.0/
980386,3717733889,Syrphidae_Platycheirus_manicatus_483966_3717733889,http://creativecommons.org/licenses/by-nc-nd/4.0/
980404,1973175160,Syrphidae_Chrysogaster_solstitialis_2877417_1973175160,http://creativecommons.org/licenses/by-nc-nd/4.0/
981285,3717964625,Syrphidae_Chamaesyrphus_lusitanica_3243629_3717964625,http://creativecommons.org/licenses/by-nc-nd/4.0/
981286,3717964625,Syrphidae_Chamaesyrphus_lusitanica_3243630_3717964625,http://creativecommons.org/licenses/by-nc-nd/4.0/
981287,3717964625,Syrphidae_Chamaesyrphus_lusitanica_3243631_3717964625,http://creativecommons.org/licenses/by-nc-nd/4.0/
981638,3997153050,Syrphidae_Ferdinandea_aurea_672562_3997153050,http://creativecommons.org/licenses/by-nc-nd/4.0/
981910,3720507996,Syrphidae_Helophilus_pendulus_1869787_3720507996,http://creativecommons.org/licenses/by-nc-nd/4.0/
982698,2840973431,Syrphidae_Chrysogaster_nuda_1603566_2840973431,http://creativecommons.org/licenses/by-nc-nd/4.0/
983178,3715991129,Syrphidae_Orthonevra_intermedia_3234620_3715991129,http://creativecommons.org/licenses/by-nc-nd/4.0/
983253,3726741749,Syrphidae_Merodon_constans_2582688_3726741749,http://creativecommons.org/licenses/by-nc-nd/4.0/
983757,2837430135,Syrphidae_Paragus_pecchiolii_1598732_2837430135,http://creativecommons.org/licenses/by-nc/4.0/
984698,1969286360,Syrphidae_Platycheirus_granditarsa_2870910_1969286360,http://creativecommons.org/licenses/by-nc/4.0/
985375,3729749136,Syrphidae_Chrysotoxum_bicincta_1213447_3729749136,http://creativecommons.org/licenses/by/4.0/
986505,2841491748,Syrphidae_Eriozona_erraticus_2984241_2841491748,http://creativecommons.org/licenses/by-nc-nd/4.0/
986508,3730913029,Syrphidae_Callicera_spinolae_1908613_3730913029,http://creativecommons.org/licenses/by-nc/4.0/
987349,3902218200,Syrphidae_Helophilus_hybridus_3364519_3902218200,http://creativecommons.org/licenses/by-nc/4.0/
987447,3109006767,Syrphidae_Mallota_fuciformis_2350756_3109006767,http://creativecommons.org/licenses/by/4.0/
988465,3731590213,Syrphidae_Cheilosia_canicularis_3292437_3731590213,http://creativecommons.org/licenses/by-nc-nd/4.0/
988937,2833180356,Syrphidae_Xylota_triangularis_901851_2833180356,http://creativecommons.org/licenses/by-nc/4.0/
988939,2833180356,Syrphidae_Xylota_triangularis_901853_2833180356,http://creativecommons.org/licenses/by-nc/4.0/
990035,1953360687,Syrphidae_Criorhina_pachymera_1469356_1953360687,http://creativecommons.org/licenses/by-nc-nd/4.0/
990305,3716490730,Syrphidae_Chalcosyrphus_piger_1856847_3716490730,http://creativecommons.org/licenses/by-nc-nd/4.0/
992015,1969389691,Syrphidae_Platycheirus_scutatus_112562_1969389691,http://creativecommons.org/licenses/by-nc/4.0/
992135,2841370139,Syrphidae_Epistrophe_leiophthalma_2983952_2841370139,http://creativecommons.org/licenses/by-nc/4.0/
992462,2844801703,Syrphidae_Didea_alneti_233437_2844801703,http://creativecommons.org/licenses/by-nc-nd/4.0/
993498,3996789099,Syrphidae_Eupeodes_goeldlini_671320_3996789099,http://creativecommons.org/licenses/by-nc-nd/4.0/
993499,3996789099,Syrphidae_Eupeodes_goeldlini_671321_3996789099,http://creativecommons.org/licenses/by-nc-nd/4.0/
996800,2402267130,Syrphidae_Volucella_bombylans_2220445_2402267130,© All rights reserved
996812,2313685036,Syrphidae_Chrysotoxum_fasciolatum_1527310_2313685036,© All rights reserved
996948,3862203325,Syrphidae_Eumerus_ornatus_1276668_3862203325,© All rights reserved
996971,2410761564,Syrphidae_Brachyopa_dorsata_2222444_2410761564,© All rights reserved
997380,3803900430,Syrphidae_Epistrophe_flava_558181_3803900430,http://creativecommons.org/licenses/by/4.0/
997457,3769410436,Syrphidae_Melangyna_barbifrons_1928045_3769410436,© all rights reserved
997730,2273727920,Syrphidae_Cheilosia_lineata_2904226_2273727920,© all rights reserved
997789,2272979388,Syrphidae_Rhingia_borealis_145186_2272979388,© all rights reserved
997790,2272979388,Syrphidae_Rhingia_borealis_145187_2272979388,© all rights reserved
997826,3856429847,Syrphidae_Ceriana_conopsoides_1260852_3856429847,© all rights reserved
997991,1977134625,Syrphidae_Chrysotoxum_vernale_2193137_1977134625,http://creativecommons.org/licenses/by-nc/4.0/
998583,3731582067,Syrphidae_Eumerus_tricolor_1912374_3731582067,http://creativecommons.org/licenses/by-nc-nd/4.0/
999845,3905192807,Syrphidae_Xylota_jakutorum_2689324_3905192807,http://creativecommons.org/licenses/by-nc/4.0/
999923,1953616771,Syrphidae_Epistrophe_melanostoma_90533_1953616771,http://creativecommons.org/licenses/by-nc-nd/4.0/
1003797,1969756832,Syrphidae_Melangyna_umbellatarum_113466_1969756832,http://creativecommons.org/licenses/by-nc-nd/4.0/
1004978,2837372377,Syrphidae_Paragus_pecchiolii_219580_2837372377,http://creativecommons.org/licenses/by-nc/4.0/
1005607,1970023983,Syrphidae_Lejops_lunulata_2872716_1970023983,http://creativecommons.org/licenses/by-nc/4.0/
1005612,1970023983,Syrphidae_Lejops_lunulata_2872721_1970023983,http://creativecommons.org/licenses/by-nc/4.0/
1006035,3725881017,Syrphidae_Microdon_myrmicae_510952_3725881017,http://creativecommons.org/licenses/by-nc-nd/4.0/
1007162,3732183983,Syrphidae_Cheilosia_horticola_1915491_3732183983,http://creativecommons.org/licenses/by-nc-nd/4.0/
1008929,3718013355,Syrphidae_Melanostoma_mellina_485286_3718013355,http://creativecommons.org/licenses/by-nc-nd/4.0/
1009008,3824620551,Syrphidae_Callicera_fagesii_2632253_3824620551,http://creativecommons.org/licenses/by-nc-nd/4.0/
1009742,3721840815,Syrphidae_Cheilosia_barbata_2567341_3721840815,http://creativecommons.org/licenses/by-nc/4.0/
1010363,3995195196,Syrphidae_Eoseristalis_jugorum_2733030_3995195196,http://creativecommons.org/licenses/by-nc-nd/4.0/
1010730,2851009498,Syrphidae_Lejops_willingii_2307110_2851009498,http://creativecommons.org/licenses/by-nc/4.0/
1010975,3355065518,Syrphidae_Rhingia_rostrata_1693341_3355065518,http://creativecommons.org/licenses/by-nc/4.0/
1011136,3802522103,Syrphidae_Pocota_personata_3315199_3802522103,http://creativecommons.org/licenses/by-nc/4.0/
1011346,2609072738,Syrphidae_Chrysotoxum_fasciata_876801_2609072738,http://creativecommons.org/licenses/by-nc/4.0/
1011347,2609072738,Syrphidae_Chrysotoxum_fasciata_876802_2609072738,http://creativecommons.org/licenses/by-nc/4.0/
1011348,2609072738,Syrphidae_Chrysotoxum_fasciata_876803_2609072738,http://creativecommons.org/licenses/by-nc/4.0/
1011884,2802898202,Syrphidae_Volucella_bombylans_201554_2802898202,http://creativecommons.org/licenses/by-nc/4.0/
1012193,3335239388,Syrphidae_Spilomyia_saltuum_2375269_3335239388,http://creativecommons.org/licenses/by/4.0/
1012194,3335239388,Syrphidae_Spilomyia_saltuum_2375270_3335239388,http://creativecommons.org/licenses/by/4.0/
1016105,3455169321,Syrphidae_Eoseristalis_rossicus_1144905_3455169321,http://creativecommons.org/licenses/by-nc/4.0/
1017134,3747060366,Syrphidae_Platycheirus_granditarsa_1920874_3747060366,http://creativecommons.org/licenses/by-nc/4.0/
1017858,2836781318,Syrphidae_Chrysogaster_hirtella_908372_2836781318,http://creativecommons.org/licenses/by-nc-nd/4.0/
1018048,3720550105,Syrphidae_Myolepta_vara_1869944_3720550105,http://creativecommons.org/licenses/by-nc/4.0/
1019823,3904372756,Syrphidae_Temnostoma_bombylans_616880_3904372756,http://creativecommons.org/licenses/by-nc-nd/4.0/
1020350,1955700922,Syrphidae_Chrysotoxum_vernale_784203_1955700922,http://creativecommons.org/licenses/by-nc-nd/4.0/
1020778,1975830075,Syrphidae_Cheilosia_bergenstammi_812815_1975830075,http://creativecommons.org/licenses/by-nc/4.0/
1021008,2842722937,Syrphidae_Cheilosia_himantopus_1608133_2842722937,http://creativecommons.org/licenses/by-nc/4.0/
1021284,3732778042,Syrphidae_Platycheirus_angustatus_2607384_3732778042,http://creativecommons.org/licenses/by-nc-nd/4.0/
1021339,3727510317,Syrphidae_Philhelius_stackelbergi_1206969_3727510317,http://creativecommons.org/publicdomain/zero/1.0/
1021673,3717053131,Syrphidae_Volucella_inflata_480435_3717053131,http://creativecommons.org/licenses/by-nc-nd/4.0/
1021686,2836624275,Syrphidae_Eupeodes_bucculatus_2976376_2836624275,http://creativecommons.org/licenses/by-nc-nd/4.0/
1023130,1974278600,Syrphidae_Parasyrphus_nigritarsis_120881_1974278600,http://creativecommons.org/licenses/by-nc-nd/4.0/
1023131,1974278600,Syrphidae_Parasyrphus_nigritarsis_120882_1974278600,http://creativecommons.org/licenses/by-nc-nd/4.0/
1024479,2833693454,Syrphidae_Cheilosia_fraterna_2970988_2833693454,http://creativecommons.org/licenses/by-nc/4.0/
1024831,3827217259,Syrphidae_Pipizella_viduata_570676_3827217259,http://creativecommons.org/licenses/by-nc-nd/4.0/
1025017,3906920238,Syrphidae_Chrysotoxum_verralli_2699558_3906920238,http://creativecommons.org/licenses/by-nc-nd/4.0/
1026077,3828359544,Syrphidae_Cheilosia_lasiopa_571594_3828359544,http://creativecommons.org/licenses/by/4.0/
1026501,3978665703,Syrphidae_Cheilosia_canicularis_658213_3978665703,http://creativecommons.org/licenses/by/4.0/
1026670,3421874716,Syrphidae_Leucozona_inopinata_335986_3421874716,http://creativecommons.org/licenses/by/4.0/
1026679,3828359520,Syrphidae_Cheilosia_lasiopa_3330170_3828359520,http://creativecommons.org/licenses/by/4.0/
1026845,3797751489,Syrphidae_Cheilosia_vulpina_2623912_3797751489,http://creativecommons.org/licenses/by/4.0/
1026846,3797751489,Syrphidae_Cheilosia_vulpina_2623913_3797751489,http://creativecommons.org/licenses/by/4.0/
1026857,3385294392,Syrphidae_Platycheirus_occultus_1703670_3385294392,http://creativecommons.org/licenses/by/4.0/
1026972,3421875106,Syrphidae_Chamaesyrphus_lusitanica_3094072_3421875106,http://creativecommons.org/licenses/by/4.0/
1027164,3451050451,Syrphidae_Chamaesyrphus_lusitanica_1144479_3451050451,http://creativecommons.org/licenses/by/4.0/
1027442,3770192381,Syrphidae_Brachyopa_testacea_2617238_3770192381,http://creativecommons.org/licenses/by/4.0/
1027493,3797752773,Syrphidae_Brachyopa_vittata_556341_3797752773,http://creativecommons.org/licenses/by/4.0/
1028098,3860048453,Syrphidae_Eoseristalis_gomojunovae_1273072_3860048453,http://creativecommons.org/licenses/by-nc/4.0/
1028578,3858185218,Syrphidae_Scaeva_dignota_1264164_3858185218,http://creativecommons.org/licenses/by/4.0/
1028661,3698271777,Syrphidae_Chalcosyrphus_eunotus_1162148_3698271777,http://creativecommons.org/licenses/by-nc/4.0/
1029141,2851136692,Syrphidae_Volucella_tabanoides_239410_2851136692,http://creativecommons.org/licenses/by-nc/4.0/
1031409,3090834182,Syrphidae_Brachypalpus_valgus_279287_3090834182,http://creativecommons.org/licenses/by/4.0/
1031962,3455765748,Syrphidae_Ferdinandea_fumipennis_1148387_3455765748,http://creativecommons.org/licenses/by-nc/4.0/
1032853,3108989512,Syrphidae_Mallota_dusmeti_2350701_3108989512,http://creativecommons.org/licenses/by-nc/4.0/
1032854,3108989512,Syrphidae_Mallota_dusmeti_2350702_3108989512,http://creativecommons.org/licenses/by-nc/4.0/
1032855,3108989512,Syrphidae_Mallota_dusmeti_2350703_3108989512,http://creativecommons.org/licenses/by-nc/4.0/
1032856,3108989512,Syrphidae_Mallota_dusmeti_2350704_3108989512,http://creativecommons.org/licenses/by-nc/4.0/
1032857,3108989512,Syrphidae_Mallota_dusmeti_2350705_3108989512,http://creativecommons.org/licenses/by-nc/4.0/
1032858,3108989512,Syrphidae_Mallota_dusmeti_2350706_3108989512,http://creativecommons.org/licenses/by-nc/4.0/
1032993,3902714860,Syrphidae_Syritta_flaviventris_1987048_3902714860,http://creativecommons.org/licenses/by-nc/4.0/
1033937,2251968113,Syrphidae_Volucella_zonaria_2901894_2251968113,http://creativecommons.org/licenses/by-nc/4.0/
1035053,3031835666,Syrphidae_Brachypalpus_laphriformis_956378_3031835666,http://creativecommons.org/licenses/by/4.0/
1035470,3355183687,Syrphidae_Philhelius_festivum_1693958_3355183687,http://creativecommons.org/licenses/by-nc/4.0/
1036260,3825885811,Syrphidae_Eristalis_tenax_1256525_3825885811,http://creativecommons.org/licenses/by-nc-nd/4.0/
1037541,3722353207,Syrphidae_Merodon_aurifer_2571093_3722353207,http://creativecommons.org/licenses/by-nc/4.0/
1040273,1966361137,Syrphidae_Chrysogaster_solstitialis_108811_1966361137,http://creativecommons.org/licenses/by-nc-nd/4.0/
1040947,1955824696,Syrphidae_Melangyna_triangulifera_784646_1955824696,http://creativecommons.org/licenses/by-nc-nd/4.0/
1041067,1959956356,Syrphidae_Platycheirus_angustatus_790810_1959956356,http://creativecommons.org/licenses/by-nc-nd/4.0/
1042061,3824759469,Syrphidae_Syrphus_vitripennis_3323337_3824759469,http://creativecommons.org/licenses/by-nc-nd/4.0/
1043622,1976484126,Syrphidae_Pipiza_festiva_813970_1976484126,http://creativecommons.org/licenses/by-nc-nd/4.0/
1043623,1976484126,Syrphidae_Pipiza_festiva_813971_1976484126,http://creativecommons.org/licenses/by-nc-nd/4.0/
1044830,3113418760,Syrphidae_Epistrophe_euchroma_2353818_3113418760,http://creativecommons.org/licenses/by/4.0/
1044886,3986326158,Syrphidae_Cheilosia_lenis_1349635_3986326158,http://creativecommons.org/licenses/by-nc/4.0/
1046257,3335304438,Syrphidae_Cheilosia_pagana_1685525_3335304438,http://creativecommons.org/licenses/by-nc/4.0/
1046784,3447681808,Syrphidae_Merodon_nigritarsis_1833021_3447681808,http://creativecommons.org/licenses/by-sa/4.0/
1046786,3447681475,Syrphidae_Merodon_nigritarsis_1833014_3447681475,http://creativecommons.org/licenses/by-sa/4.0/
1046799,3447681573,Syrphidae_Pseudopelecocera_latifrons_1143566_3447681573,http://creativecommons.org/licenses/by-sa/4.0/
1046803,3447681612,Syrphidae_Pseudopelecocera_latifrons_454171_3447681612,http://creativecommons.org/licenses/by-sa/4.0/
1046808,3447681667,Syrphidae_Merodon_clavipes_454173_3447681667,http://creativecommons.org/licenses/by-sa/4.0/
1046815,3447681725,Syrphidae_Merodon_velox_454176_3447681725,http://creativecommons.org/licenses/by-sa/4.0/
1046816,3447681733,Syrphidae_Cheilosia_flavissima_3212304_3447681733,http://creativecommons.org/licenses/by-sa/4.0/
1046819,3447682096,Syrphidae_Pelecocera_pruinosomaculata_1833022_3447682096,http://creativecommons.org/licenses/by-sa/4.0/
1046823,3447682145,Syrphidae_Pelecocera_pruinosomaculata_1833023_3447682145,http://creativecommons.org/licenses/by-sa/4.0/
1046845,3447683005,Syrphidae_Merodon_luteihumerus_2522106_3447683005,http://creativecommons.org/licenses/by-sa/4.0/
1046849,3447683021,Syrphidae_Merodon_luteihumerus_1143576_3447683021,http://creativecommons.org/licenses/by-sa/4.0/
1046850,3447683023,Syrphidae_Eumerus_amoenus_2522107_3447683023,http://creativecommons.org/licenses/by-sa/4.0/
1046855,3447683027,Syrphidae_Eumerus_amoenus_1833029_3447683027,http://creativecommons.org/licenses/by-sa/4.0/
1046856,3447683175,Syrphidae_Pelecocera_pruinosomaculata_1143578_3447683175,http://creativecommons.org/licenses/by-sa/4.0/
1046877,3447684253,Syrphidae_Merodon_clavipes_3212314_3447684253,http://creativecommons.org/licenses/by-sa/4.0/
1046902,3447684923,Syrphidae_Merodon_pruni_2522123_3447684923,http://creativecommons.org/licenses/by-sa/4.0/
1046906,3447684938,Syrphidae_Merodon_pruni_3212320_3447684938,http://creativecommons.org/licenses/by-sa/4.0/
1046907,3447684951,Syrphidae_Merodon_pruni_3212321_3447684951,http://creativecommons.org/licenses/by-sa/4.0/
1046908,3447684959,Syrphidae_Merodon_pruni_1833040_3447684959,http://creativecommons.org/licenses/by-sa/4.0/
1046931,3447685321,Syrphidae_Merodon_luteihumerus_1143596_3447685321,http://creativecommons.org/licenses/by-sa/4.0/
1046932,3447685318,Syrphidae_Merodon_luteihumerus_1833047_3447685318,http://creativecommons.org/licenses/by-sa/4.0/
1046933,3447685340,Syrphidae_Merodon_luteihumerus_1833048_3447685340,http://creativecommons.org/licenses/by-sa/4.0/
1046942,3447685612,Syrphidae_Merodon_velox_3212331_3447685612,http://creativecommons.org/licenses/by-sa/4.0/
1046949,3447685659,Syrphidae_Merodon_velox_454206_3447685659,http://creativecommons.org/licenses/by-sa/4.0/
1046951,3447685751,Syrphidae_Merodon_avidus_2522131_3447685751,http://creativecommons.org/licenses/by-sa/4.0/
1046954,3447685757,Syrphidae_Xylota_triangularis_3212332_3447685757,http://creativecommons.org/licenses/by-sa/4.0/
1046976,3447685918,Syrphidae_Merodon_clavipes_2522135_3447685918,http://creativecommons.org/licenses/by-sa/4.0/
1047004,3447686403,Syrphidae_Cheilosia_soror_2522143_3447686403,http://creativecommons.org/licenses/by-sa/4.0/
1047033,3447687980,Syrphidae_Merodon_velox_3212349_3447687980,http://creativecommons.org/licenses/by-sa/4.0/
1047049,3447688591,Syrphidae_Merodon_velox_2522153_3447688591,http://creativecommons.org/licenses/by-sa/4.0/
1047077,3447689411,Syrphidae_Cheilosia_naruska_454237_3447689411,http://creativecommons.org/licenses/by-sa/4.0/
1047092,3447689896,Syrphidae_Eoseristalis_fratercula_1833089_3447689896,http://creativecommons.org/licenses/by-sa/4.0/
1047096,3447690447,Syrphidae_Pelecocera_pruinosomaculata_1143627_3447690447,http://creativecommons.org/licenses/by-sa/4.0/
1047108,3447690821,Syrphidae_Merodon_aurifer_1833092_3447690821,http://creativecommons.org/licenses/by-sa/4.0/
1047115,3447690850,Syrphidae_Merodon_avidus_3212365_3447690850,http://creativecommons.org/licenses/by-sa/4.0/
1047117,3447690978,Syrphidae_Merodon_avidus_454246_3447690978,http://creativecommons.org/licenses/by-sa/4.0/
1047318,3031893939,Syrphidae_Merodon_constans_2334984_3031893939,http://creativecommons.org/licenses/by/4.0/
1047583,3903069863,Syrphidae_Milesia_crabroniformis_1299710_3903069863,http://creativecommons.org/licenses/by-nc/4.0/
1047739,2611317728,Syrphidae_Caliprobola_speciosa_2256006_2611317728,http://creativecommons.org/licenses/by/4.0/
1048205,3031616911,Syrphidae_Cheilosia_impressa_955241_3031616911,http://creativecommons.org/licenses/by/4.0/
1049705,3773749432,Syrphidae_Brachyopa_maculipennis_2620291_3773749432,http://creativecommons.org/licenses/by/4.0/
1050151,3911998523,Syrphidae_Eupeodes_nuba_2704014_3911998523,http://creativecommons.org/licenses/by-nc/4.0/
1050395,1990647047,Syrphidae_Volucella_tabanoides_822784_1990647047,http://creativecommons.org/licenses/by-sa/4.0/
1050875,3802416379,Syrphidae_Didea_fasciata_1245939_3802416379,http://creativecommons.org/licenses/by-nc/4.0/
1052940,1957810165,Syrphidae_Xylota_abiens_787205_1957810165,http://creativecommons.org/licenses/by-nc-nd/4.0/
1053866,3904578839,Syrphidae_Criorhina_berberina_618272_3904578839,http://creativecommons.org/licenses/by-nc-nd/4.0/
1054622,3715942896,Syrphidae_Neoascia_interrupta_1165604_3715942896,http://creativecommons.org/licenses/by-nc-nd/4.0/
1054689,3996915323,Syrphidae_Xylota_xanthocnema_1360019_3996915323,http://creativecommons.org/licenses/by-nc-nd/4.0/
1055681,3718712791,Syrphidae_Eoseristalis_intricaria_487764_3718712791,http://creativecommons.org/licenses/by-nc-nd/4.0/
1055856,2840610684,Syrphidae_Philhelius_dives_224236_2840610684,http://creativecommons.org/licenses/by-nc-nd/4.0/
1057262,3717218438,Syrphidae_Melangyna_guttata_2549710_3717218438,http://creativecommons.org/licenses/by-nc-nd/4.0/
1057524,3726639602,Syrphidae_Callicera_aurata_1892934_3726639602,http://creativecommons.org/licenses/by-nc/4.0/
1059245,3994979218,Syrphidae_Spazigaster_ambulans_664738_3994979218,http://creativecommons.org/licenses/by-nc/4.0/
1059532,3719932038,Syrphidae_Platycheirus_discimanus_1178672_3719932038,http://creativecommons.org/licenses/by-nc-nd/4.0/
1059770,1958085333,Syrphidae_Cheilosia_proxima_2165732_1958085333,http://creativecommons.org/licenses/by-nc-nd/4.0/
1060713,2251017204,Syrphidae_Pipiza_bimaculata_141028_2251017204,http://creativecommons.org/licenses/by-nc-sa/4.0/
1060755,3769603321,Syrphidae_Cheilosia_gigantea_3307900_3769603321,© all rights reserved
1061090,2397971753,Syrphidae_Cheilosia_mutabilis_841741_2397971753,© All rights reserved
1061139,1933228225,Syrphidae_Brachyopa_panzeri_2843708_1933228225,© All rights reserved
1061163,2400945425,Syrphidae_Chrysotoxum_arcuatum_842455_2400945425,© All rights reserved
1061184,3335610566,Syrphidae_Volucella_pellucens_3066820_3335610566,© All rights reserved
1061391,2579054473,Syrphidae_Xylota_ignava_1562380_2579054473,© All rights reserved
1061660,1822967034,Syrphidae_Orthonevra_stackelbergi_2814703_1822967034,© All rights reserved
1061745,2627384050,Syrphidae_Melangyna_barbifrons_1570455_2627384050,© All rights reserved
1061997,2333584368,Syrphidae_Melangyna_coei_149311_2333584368,© All rights reserved
1061998,2333584368,Syrphidae_Melangyna_coei_149312_2333584368,© All rights reserved
1062015,1882977968,Syrphidae_Sericomyia_lappona_770915_1882977968,© All rights reserved
1062153,2402714740,Syrphidae_Cheilosia_gigantea_2911175_2402714740,© All rights reserved
1062334,3864337513,Syrphidae_Chamaesyrphus_scaevoides_1965883_3864337513,© All rights reserved
1062348,2398354049,Syrphidae_Sphaerophoria_virgata_151648_2398354049,© All rights reserved
1062541,2398148738,Syrphidae_Chrysotoxum_vernale_841781_2398148738,© All rights reserved
1062577,2408532049,Syrphidae_Cheilosia_flavipes_2912647_2408532049,© All rights reserved
1062654,2468143553,Syrphidae_Syrphus_torvus_1544016_2468143553,© All rights reserved
1062765,2403858948,Syrphidae_Platycheirus_ramsarensis_2911467_2403858948,© All rights reserved
1062766,2403858948,Syrphidae_Platycheirus_ramsarensis_2911468_2403858948,© All rights reserved
1063045,3987891526,Syrphidae_Sphegina_elegans_661539_3987891526,http://creativecommons.org/licenses/by/4.0/
1063078,1933345615,Syrphidae_Eriozona_erratica_1464517_1933345615,© All rights reserved
1063101,2403506715,Syrphidae_Paragus_finitimus_843044_2403506715,© All rights reserved
1063233,3816581365,Syrphidae_Portevinia_maculata_3316410_3816581365,© All rights reserved
1063355,2408536823,Syrphidae_Neocnemodon_vitripennis_2221892_2408536823,http://creativecommons.org/licenses/by/4.0/
1063356,2408536823,Syrphidae_Neocnemodon_vitripennis_2221893_2408536823,http://creativecommons.org/licenses/by/4.0/
1063370,1843666035,Syrphidae_Dasysyrphus_venustus_763767_1843666035,© All rights reserved
1063414,3313535589,Syrphidae_Chamaesyrphus_scaevoides_1671956_3313535589,© All rights reserved
1063430,2400942485,Syrphidae_Melangyna_compositarum_2910712_2400942485,© All rights reserved
1063465,2408542982,Syrphidae_Sphaerophoria_bankowskae_844152_2408542982,© All rights reserved
1063678,3803999354,Syrphidae_Microdon_analis_2625814_3803999354,© All rights reserved
