id,gbifID,file_name,license
567,3325499839,Tabanidae_Atylotus_fulvus_297427_3325499839,http://creativecommons.org/licenses/by-nc/4.0/
572,3325499839,Tabanidae_Atylotus_fulvus_297432_3325499839,http://creativecommons.org/licenses/by-nc/4.0/
853,3889035667,Tabanidae_Tabanus_eggeri_2668319_3889035667,http://creativecommons.org/licenses/by/4.0/
854,3889035667,Tabanidae_Tabanus_eggeri_2668320_3889035667,http://creativecommons.org/licenses/by/4.0/
855,3889035667,Tabanidae_Tabanus_eggeri_2668321_3889035667,http://creativecommons.org/licenses/by/4.0/
959,3058773434,Tabanidae_Rhagio_maculatus_271363_3058773434,http://creativecommons.org/licenses/by-nc/4.0/
961,3058773434,Tabanidae_Rhagio_maculatus_271365_3058773434,http://creativecommons.org/licenses/by-nc/4.0/
1693,3327778611,Tabanidae_Rhagio_lineola_1678276_3327778611,http://creativecommons.org/publicdomain/zero/1.0/
1736,3873453517,Tabanidae_Tabanus_sudeticus_3349463_3873453517,http://creativecommons.org/licenses/by-nc/4.0/
2909,3321119452,Tabanidae_Rhagio_atlanticus_1674979_3321119452,http://creativecommons.org/licenses/by-nc/4.0/
3543,3902116759,Tabanidae_Therioplectes_tunicatus_605341_3902116759,http://creativecommons.org/licenses/by-nc/4.0/
3544,3902116759,Tabanidae_Therioplectes_tunicatus_605342_3902116759,http://creativecommons.org/licenses/by-nc/4.0/
3545,3902116759,Tabanidae_Therioplectes_tunicatus_605343_3902116759,http://creativecommons.org/licenses/by-nc/4.0/
3546,3902116759,Tabanidae_Therioplectes_tunicatus_605344_3902116759,http://creativecommons.org/licenses/by-nc/4.0/
3547,3902116759,Tabanidae_Therioplectes_tunicatus_605345_3902116759,http://creativecommons.org/licenses/by-nc/4.0/
4089,2864592873,Tabanidae_Rhagio_lineola_3002988_2864592873,http://creativecommons.org/licenses/by-nc/4.0/
4196,3873913682,Tabanidae_Chrysops_viduatus_2660748_3873913682,http://creativecommons.org/licenses/by-nc/4.0/
4413,3018108607,Tabanidae_Philipomyia_aprica_2332240_3018108607,http://creativecommons.org/licenses/by-nc-nd/4.0/
4579,2620054533,Tabanidae_Tabanus_rectus_878991_2620054533,http://creativecommons.org/licenses/by-nc/4.0/
5232,3872958698,Tabanidae_Philipomyia_graeca_2655914_3872958698,http://creativecommons.org/licenses/by-nc/4.0/
5233,3872958698,Tabanidae_Philipomyia_graeca_2655915_3872958698,http://creativecommons.org/licenses/by-nc/4.0/
5234,3872958698,Tabanidae_Philipomyia_graeca_2655916_3872958698,http://creativecommons.org/licenses/by-nc/4.0/
6202,3462927384,Tabanidae_Atylotus_fulvus_1844854_3462927384,© All rights reserved
6297,3465429344,Tabanidae_Rhagio_lineola_1844859_3465429344,© All rights reserved
6330,2398750728,Tabanidae_Hybomitra_auripila_2910215_2398750728,© All rights reserved
6421,2401670036,Tabanidae_Heptatoma_pellucens_152424_2401670036,© All rights reserved
6748,2397982798,Tabanidae_Rhagio_maculatus_1530381_2397982798,© All rights reserved
6858,3807779326,Tabanidae_Rhagio_annulatus_3316312_3807779326,© All rights reserved
6993,2816513403,Tabanidae_Hybomitra_aterrima_1585571_2816513403,http://creativecommons.org/licenses/by-nc-sa/4.0/
7246,1884838955,Tabanidae_Rhagio_annulatus_1461389_1884838955,© All rights reserved
7298,2467841598,Tabanidae_Hybomitra_lurida_2232741_2467841598,© All rights reserved
7346,2467840290,Tabanidae_Hybomitra_nitidifrons_855172_2467840290,© All rights reserved
7348,2467840290,Tabanidae_Hybomitra_nitidifrons_855174_2467840290,© All rights reserved
7692,3889138425,Tabanidae_Rhagio_tringaria_3359665_3889138425,http://creativecommons.org/publicdomain/zero/1.0/
7758,3902266009,Tabanidae_Chrysops_sepulcralis_3364803_3902266009,http://creativecommons.org/licenses/by-nc/4.0/
7972,3113658770,Tabanidae_Rhagio_atlanticus_286234_3113658770,http://creativecommons.org/licenses/by-nc/4.0/
7973,3113658770,Tabanidae_Rhagio_atlanticus_286235_3113658770,http://creativecommons.org/licenses/by-nc/4.0/
10263,4011713663,Tabanidae_Silvius_alpinus_3436436_4011713663,http://creativecommons.org/licenses/by-nc/4.0/
11158,3859602218,Tabanidae_Pangonius_pyritosus_1271045_3859602218,http://creativecommons.org/licenses/by-nc/4.0/
13492,3760129821,Tabanidae_Rhagio_atlanticus_547080_3760129821,http://creativecommons.org/licenses/by-nc/4.0/
13493,3760129821,Tabanidae_Rhagio_atlanticus_547081_3760129821,http://creativecommons.org/licenses/by-nc/4.0/
14365,3903309922,Tabanidae_Haematopota_scutellata_3369984_3903309922,http://creativecommons.org/publicdomain/zero/1.0/
14366,3903309922,Tabanidae_Haematopota_scutellata_3369985_3903309922,http://creativecommons.org/publicdomain/zero/1.0/
14367,3903309922,Tabanidae_Haematopota_scutellata_3369986_3903309922,http://creativecommons.org/publicdomain/zero/1.0/
14368,3903309922,Tabanidae_Haematopota_scutellata_3369987_3903309922,http://creativecommons.org/publicdomain/zero/1.0/
14369,3903309922,Tabanidae_Haematopota_scutellata_3369988_3903309922,http://creativecommons.org/publicdomain/zero/1.0/
14532,4018183721,Tabanidae_Rhagio_lineola_2748638_4018183721,http://creativecommons.org/licenses/by-nc/4.0/
15432,2813933412,Tabanidae_Hybomitra_auripila_894256_2813933412,http://creativecommons.org/licenses/by-nc/4.0/
15760,2407455374,Tabanidae_Hybomitra_bimaculata_2221632_2407455374,© All rights reserved
15879,3816558442,Tabanidae_Hybomitra_aterrima_3316404_3816558442,© All rights reserved
15908,1843621439,Tabanidae_Hybomitra_nigricornis_72628_1843621439,http://creativecommons.org/licenses/by-nc-sa/4.0/
16016,3820026412,Tabanidae_Hybomitra_auripila_1247470_3820026412,© All rights reserved
16061,2818338313,Tabanidae_Hybomitra_arpadi_2964832_2818338313,http://creativecommons.org/licenses/by-nc-sa/4.0/
16062,2818338313,Tabanidae_Hybomitra_arpadi_2964833_2818338313,http://creativecommons.org/licenses/by-nc-sa/4.0/
16570,2283188211,Tabanidae_Pangonius_pyritosus_146452_2283188211,http://creativecommons.org/licenses/by-nc/4.0/
16648,2619927561,Tabanidae_Heptatoma_pellucens_878735_2619927561,http://creativecommons.org/licenses/by-nc/4.0/
17180,2814088277,Tabanidae_Philipomyia_graeca_2962912_2814088277,http://creativecommons.org/licenses/by-nc/4.0/
17440,3902623378,Tabanidae_Therioplectes_gigas_608442_3902623378,http://creativecommons.org/licenses/by-nc/4.0/
17441,3902623378,Tabanidae_Therioplectes_gigas_608443_3902623378,http://creativecommons.org/licenses/by-nc/4.0/
17442,3902623378,Tabanidae_Therioplectes_gigas_608444_3902623378,http://creativecommons.org/licenses/by-nc/4.0/
17528,3118230539,Tabanidae_Rhagio_annulatus_2354942_3118230539,http://creativecommons.org/licenses/by-nc/4.0/
17529,3118230539,Tabanidae_Rhagio_annulatus_2354943_3118230539,http://creativecommons.org/licenses/by-nc/4.0/
17530,3118230539,Tabanidae_Rhagio_annulatus_2354944_3118230539,http://creativecommons.org/licenses/by-nc/4.0/
18308,4018174631,Tabanidae_Philipomyia_aprica_2748586_4018174631,http://creativecommons.org/licenses/by-nc/4.0/
18312,4018174631,Tabanidae_Philipomyia_aprica_2748590_4018174631,http://creativecommons.org/licenses/by-nc/4.0/
18313,4018174631,Tabanidae_Philipomyia_aprica_2748591_4018174631,http://creativecommons.org/licenses/by-nc/4.0/
18314,4018174631,Tabanidae_Philipomyia_aprica_2748592_4018174631,http://creativecommons.org/licenses/by-nc/4.0/
18466,4018208337,Tabanidae_Chrysops_flavipes_3438921_4018208337,http://creativecommons.org/licenses/by-nc-nd/4.0/
18467,4018208337,Tabanidae_Chrysops_flavipes_3438922_4018208337,http://creativecommons.org/licenses/by-nc-nd/4.0/
18468,4018208337,Tabanidae_Chrysops_flavipes_3438923_4018208337,http://creativecommons.org/licenses/by-nc-nd/4.0/
18515,3903345362,Tabanidae_Chrysops_italicus_1990398_3903345362,http://creativecommons.org/licenses/by-nc/4.0/
18985,2444953371,Tabanidae_Chrysops_flavidus_2920747_2444953371,http://creativecommons.org/licenses/by-nc/4.0/
19141,3090968736,Tabanidae_Rhagio_atlanticus_2347897_3090968736,http://creativecommons.org/licenses/by-nc/4.0/
19142,3090968736,Tabanidae_Rhagio_atlanticus_2347898_3090968736,http://creativecommons.org/licenses/by-nc/4.0/
19625,3759877900,Tabanidae_Rhagio_atlanticus_2614001_3759877900,http://creativecommons.org/licenses/by-nc/4.0/
20173,2265909955,Tabanidae_Philipomyia_graeca_834723_2265909955,http://creativecommons.org/licenses/by-nc/4.0/
20262,3873464546,Tabanidae_Tabanus_rectus_2658418_3873464546,http://creativecommons.org/licenses/by-nc/4.0/
20927,2265777853,Tabanidae_Tabanus_quatuornotatus_834375_2265777853,http://creativecommons.org/licenses/by-nc/4.0/
20928,2265777853,Tabanidae_Tabanus_quatuornotatus_834376_2265777853,http://creativecommons.org/licenses/by-nc/4.0/
20929,2265777853,Tabanidae_Tabanus_quatuornotatus_834377_2265777853,http://creativecommons.org/licenses/by-nc/4.0/
20930,2265777853,Tabanidae_Tabanus_quatuornotatus_834378_2265777853,http://creativecommons.org/licenses/by-nc/4.0/
20931,2265777853,Tabanidae_Tabanus_quatuornotatus_834379_2265777853,http://creativecommons.org/licenses/by-nc/4.0/
20932,2265777853,Tabanidae_Tabanus_quatuornotatus_834380_2265777853,http://creativecommons.org/licenses/by-nc/4.0/
20933,2265777853,Tabanidae_Tabanus_quatuornotatus_834381_2265777853,http://creativecommons.org/licenses/by-nc/4.0/
21001,3301849643,Tabanidae_Therioplectes_gigas_1667269_3301849643,http://creativecommons.org/licenses/by-nc/4.0/
21002,3301849643,Tabanidae_Therioplectes_gigas_1667270_3301849643,http://creativecommons.org/licenses/by-nc/4.0/
21003,3301849643,Tabanidae_Therioplectes_gigas_1667271_3301849643,http://creativecommons.org/licenses/by-nc/4.0/
21004,3301849643,Tabanidae_Therioplectes_gigas_1667272_3301849643,http://creativecommons.org/licenses/by-nc/4.0/
21005,3301849643,Tabanidae_Therioplectes_gigas_1667273_3301849643,http://creativecommons.org/licenses/by-nc/4.0/
21006,3301849643,Tabanidae_Therioplectes_gigas_1667274_3301849643,http://creativecommons.org/licenses/by-nc/4.0/
21007,3301849643,Tabanidae_Therioplectes_gigas_1667275_3301849643,http://creativecommons.org/licenses/by-nc/4.0/
21008,3301849643,Tabanidae_Therioplectes_gigas_1667276_3301849643,http://creativecommons.org/licenses/by-nc/4.0/
21504,3079837470,Tabanidae_Rhagio_atlanticus_968137_3079837470,http://creativecommons.org/licenses/by-nc/4.0/
21997,3902327299,Tabanidae_Chrysops_divaricatus_2674462_3902327299,http://creativecommons.org/licenses/by-nc/4.0/
21998,3902327299,Tabanidae_Chrysops_divaricatus_2674463_3902327299,http://creativecommons.org/licenses/by-nc/4.0/
22000,3902327299,Tabanidae_Chrysops_divaricatus_2674465_3902327299,http://creativecommons.org/licenses/by-nc/4.0/
22001,3902327299,Tabanidae_Chrysops_divaricatus_2674466_3902327299,http://creativecommons.org/licenses/by-nc/4.0/
22005,3902327299,Tabanidae_Chrysops_divaricatus_2674470_3902327299,http://creativecommons.org/licenses/by-nc/4.0/
22193,3859441303,Tabanidae_Tabanus_sudeticus_1959249_3859441303,http://creativecommons.org/licenses/by-nc/4.0/
22203,4022211625,Tabanidae_Tabanus_sudeticus_2750901_4022211625,http://creativecommons.org/licenses/by-nc/4.0/
22425,3873622617,Tabanidae_Philipomyia_aprica_2659284_3873622617,http://creativecommons.org/licenses/by-nc/4.0/
23376,4022050326,Tabanidae_Chrysops_flavidus_2060297_4022050326,http://creativecommons.org/licenses/by-nc/4.0/
23377,4022050326,Tabanidae_Chrysops_flavidus_2060298_4022050326,http://creativecommons.org/licenses/by-nc/4.0/
24276,1846768621,Tabanidae_Chrysops_flavidus_73468_1846768621,
24582,2400636570,Tabanidae_Rhagio_annulatus_2910647_2400636570,© All rights reserved
24583,3864215403,Tabanidae_Hybomitra_aterrima_587608_3864215403,© All rights reserved
24920,3309957516,Tabanidae_Chrysops_divaricatus_293385_3309957516,© All rights reserved
25648,1460302552,Tabanidae_Atylotus_fulvus_2807552_1460302552,© all rights reserved
25649,1460302552,Tabanidae_Atylotus_fulvus_2807553_1460302552,© all rights reserved
25764,2803092055,Tabanidae_Chrysops_divaricatus_2270399_2803092055,http://creativecommons.org/licenses/by-nc/4.0/
30387,2988327366,Tabanidae_Chrysops_caecutiens_1635527_2988327366,http://creativecommons.org/licenses/by-nc/4.0/
30560,3058736077,Tabanidae_Rhagio_atlanticus_1649625_3058736077,http://creativecommons.org/licenses/by-nc/4.0/
30887,2465091084,Tabanidae_Heptatoma_pellucens_2232149_2465091084,http://creativecommons.org/licenses/by-nc/4.0/
31957,1459695031,Tabanidae_Haematopota_pluvialis_738857_1459695031,© all rights reserved
31967,3432551048,Tabanidae_Tabanus_sudeticus_2405345_3432551048,© all rights reserved
32009,1433555225,Tabanidae_Hybomitra_nigricornis_45161_1433555225,© all rights reserved
32010,1433555225,Tabanidae_Hybomitra_nigricornis_45162_1433555225,© all rights reserved
32011,1433555225,Tabanidae_Hybomitra_nigricornis_45163_1433555225,© all rights reserved
32030,3857390983,Tabanidae_Hybomitra_tarandina_572431_3857390983,© all rights reserved
32047,1460323280,Tabanidae_Hybomitra_kaurii_48887_1460323280,© all rights reserved
32079,2809691039,Tabanidae_Tabanus_bromius_1582846_2809691039,© all rights reserved
32198,2807970268,Tabanidae_Heptatoma_pellucens_1581986_2807970268,© all rights reserved
32683,3993202864,Tabanidae_Tabanus_bromius_663059_3993202864,© all rights reserved
32711,2847457771,Tabanidae_Hybomitra_kaurii_1614171_2847457771,© all rights reserved
32773,2273027211,Tabanidae_Tabanus_bromius_145219_2273027211,© all rights reserved
32780,1428148766,Tabanidae_Hybomitra_nitidifrons_1423726_1428148766,© all rights reserved
32957,3906380812,Tabanidae_Rhagio_scolopacea_1317537_3906380812,http://creativecommons.org/licenses/by-nc-nd/4.0/
33207,3995072746,Tabanidae_Rhagio_tringaria_2732602_3995072746,http://creativecommons.org/licenses/by-nc-nd/4.0/
34137,1966177979,Tabanidae_Haematopota_italica_2866873_1966177979,http://creativecommons.org/licenses/by-nc-sa/4.0/
35200,2837855260,Tabanidae_Rhagio_scolopacea_1599630_2837855260,http://creativecommons.org/licenses/by/4.0/
35567,3721171958,Tabanidae_Chrysops_viduatus_2562648_3721171958,http://creativecommons.org/licenses/by-nc-nd/4.0/
36179,2836242818,Tabanidae_Haematopota_pluvialis_2285450_2836242818,http://creativecommons.org/licenses/by/4.0/
36273,3905928824,Tabanidae_Rhagio_lineola_3384045_3905928824,http://creativecommons.org/licenses/by-nc-nd/4.0/
36886,3997227281,Tabanidae_Rhagio_tringaria_2740202_3997227281,http://creativecommons.org/licenses/by-nc-nd/4.0/
36913,1957621678,Tabanidae_Rhagio_strigosus_96113_1957621678,http://creativecommons.org/licenses/by-nc-nd/4.0/
37299,3430984521,Tabanidae_Hybomitra_tarandina_336848_3430984521,© all rights reserved
37701,2548870719,Tabanidae_Hybomitra_nitidifrons_2926649_2548870719,© all rights reserved
38205,2556517153,Tabanidae_Hybomitra_nigricornis_1547581_2556517153,© All rights reserved
38206,2556517153,Tabanidae_Hybomitra_nigricornis_1547582_2556517153,© All rights reserved
38207,2556517153,Tabanidae_Hybomitra_nigricornis_1547583_2556517153,© All rights reserved
38208,2556517153,Tabanidae_Hybomitra_nigricornis_1547584_2556517153,© All rights reserved
38462,2411007646,Tabanidae_Hybomitra_muehlfeldi_2222501_2411007646,© All rights reserved
38485,1945473175,Tabanidae_Rhagio_atlanticus_776890_1945473175,http://creativecommons.org/licenses/by-nc/4.0/
38639,2803083772,Tabanidae_Hybomitra_tarandina_2960677_2803083772,http://creativecommons.org/licenses/by-nc/4.0/
40929,3343707630,Tabanidae_Rhagio_tringaria_1002452_3343707630,http://creativecommons.org/licenses/by-nc/4.0/
40971,2814169120,Tabanidae_Chrysops_divaricatus_895029_2814169120,http://creativecommons.org/licenses/by-nc/4.0/
41423,3888743366,Tabanidae_Rhagio_tringaria_3358040_3888743366,http://creativecommons.org/licenses/by-nc/4.0/
41736,3859215791,Tabanidae_Rhagio_annulatus_1958290_3859215791,http://creativecommons.org/licenses/by-nc/4.0/
42098,3307458878,Tabanidae_Rhagio_annulatus_2361442_3307458878,http://creativecommons.org/licenses/by-nc/4.0/
42922,2311321427,Tabanidae_Tabanus_sudeticus_2906551_2311321427,http://creativecommons.org/licenses/by-nc/4.0/
42923,2311321427,Tabanidae_Tabanus_sudeticus_2906552_2311321427,http://creativecommons.org/licenses/by-nc/4.0/
43367,3873364527,Tabanidae_Haematopota_pluvialis_1279527_3873364527,http://creativecommons.org/licenses/by-nc/4.0/
45070,3902261471,Tabanidae_Chrysops_viduatus_1984545_3902261471,http://creativecommons.org/licenses/by-nc/4.0/
45798,3902093425,Tabanidae_Silvius_alpinus_3363653_3902093425,http://creativecommons.org/licenses/by-nc/4.0/
45799,3902093425,Tabanidae_Silvius_alpinus_3363654_3902093425,http://creativecommons.org/licenses/by-nc/4.0/
46589,2446324909,Tabanidae_Haematopota_bigoti_162628_2446324909,http://creativecommons.org/licenses/by/4.0/
46590,2446324909,Tabanidae_Haematopota_bigoti_162629_2446324909,http://creativecommons.org/licenses/by/4.0/
46591,2446324909,Tabanidae_Haematopota_bigoti_162630_2446324909,http://creativecommons.org/licenses/by/4.0/
46592,2446324909,Tabanidae_Haematopota_bigoti_162631_2446324909,http://creativecommons.org/licenses/by/4.0/
47241,3873017317,Tabanidae_Heptatoma_pellucens_2656283_3873017317,http://creativecommons.org/licenses/by-nc/4.0/
47474,3902059226,Tabanidae_Chrysops_viduatus_604910_3902059226,http://creativecommons.org/licenses/by-nc/4.0/
47865,3307387403,Tabanidae_Rhagio_annulatus_2361130_3307387403,http://creativecommons.org/licenses/by-nc/4.0/
47889,3759372348,Tabanidae_Rhagio_atlanticus_3303042_3759372348,http://creativecommons.org/licenses/by-nc/4.0/
47890,3759372348,Tabanidae_Rhagio_atlanticus_3303043_3759372348,http://creativecommons.org/licenses/by-nc/4.0/
48815,3067894381,Tabanidae_Rhagio_maculipennis_964257_3067894381,http://creativecommons.org/licenses/by/4.0/
48816,3067894381,Tabanidae_Rhagio_maculipennis_964258_3067894381,http://creativecommons.org/licenses/by/4.0/
48817,3067894381,Tabanidae_Rhagio_maculipennis_964259_3067894381,http://creativecommons.org/licenses/by/4.0/
49488,3314295082,Tabanidae_Dasyrhamphis_ater_984162_3314295082,http://creativecommons.org/licenses/by-nc/4.0/
49913,3963635532,Tabanidae_Chrysops_italicus_2724045_3963635532,http://creativecommons.org/licenses/by-nc/4.0/
49914,3963635532,Tabanidae_Chrysops_italicus_2724046_3963635532,http://creativecommons.org/licenses/by-nc/4.0/
51593,3742986383,Tabanidae_Tabanus_nemoralis_3299639_3742986383,http://creativecommons.org/licenses/by-nc/4.0/
51866,2981472349,Tabanidae_Hybomitra_muehlfeldi_946207_2981472349,© All rights reserved
51867,2981472349,Tabanidae_Hybomitra_muehlfeldi_946208_2981472349,© All rights reserved
51933,2468746917,Tabanidae_Hybomitra_sexfasciata_165044_2468746917,© All rights reserved
51934,2468746917,Tabanidae_Hybomitra_sexfasciata_165045_2468746917,© All rights reserved
51935,2468746917,Tabanidae_Hybomitra_sexfasciata_165046_2468746917,© All rights reserved
52217,3309920396,Tabanidae_Rhagio_scolopacea_983136_3309920396,© All rights reserved
53563,2265779512,Tabanidae_Philipomyia_graeca_143951_2265779512,http://creativecommons.org/licenses/by-nc/4.0/
53922,3860014762,Tabanidae_Therioplectes_tunicatus_1962006_3860014762,http://creativecommons.org/licenses/by-sa/4.0/
53923,3860014762,Tabanidae_Therioplectes_tunicatus_1962007_3860014762,http://creativecommons.org/licenses/by-sa/4.0/
53924,3860014762,Tabanidae_Therioplectes_tunicatus_1962008_3860014762,http://creativecommons.org/licenses/by-sa/4.0/
53925,3860014762,Tabanidae_Therioplectes_tunicatus_1962009_3860014762,http://creativecommons.org/licenses/by-sa/4.0/
53926,3860014762,Tabanidae_Therioplectes_tunicatus_1962010_3860014762,http://creativecommons.org/licenses/by-sa/4.0/
55144,3873099978,Tabanidae_Chrysops_viduatus_1278332_3873099978,http://creativecommons.org/licenses/by-nc/4.0/
57256,3859263642,Tabanidae_Rhagio_scolopacea_580261_3859263642,http://creativecommons.org/licenses/by/4.0/
57477,3302412485,Tabanidae_Rhagio_maculatus_2359228_3302412485,http://creativecommons.org/licenses/by-nc/4.0/
58503,3455906805,Tabanidae_Silvius_alpinus_1838597_3455906805,http://creativecommons.org/licenses/by-nc/4.0/
58649,3061515356,Tabanidae_Rhagio_atlanticus_962450_3061515356,http://creativecommons.org/licenses/by-nc/4.0/
58683,3873217476,Tabanidae_Chrysops_caecutiens_1278837_3873217476,http://creativecommons.org/licenses/by/4.0/
59132,3902589094,Tabanidae_Heptatoma_pellucens_1297046_3902589094,http://creativecommons.org/licenses/by-nc/4.0/
59467,3321071475,Tabanidae_Rhagio_atlanticus_3054871_3321071475,http://creativecommons.org/licenses/by-nc/4.0/
59936,3314204268,Tabanidae_Rhagio_scolopacea_1672311_3314204268,http://creativecommons.org/licenses/by-nc/4.0/
61449,3902095656,Tabanidae_Philipomyia_graeca_1983384_3902095656,http://creativecommons.org/licenses/by-nc/4.0/
61605,3455377208,Tabanidae_Dasyrhamphis_ater_1146553_3455377208,http://creativecommons.org/licenses/by-nc/4.0/
63359,3330476424,Tabanidae_Chrysops_caecutiens_2370272_3330476424,http://creativecommons.org/licenses/by/4.0/
65198,3961107004,Tabanidae_Tabanus_sudeticus_2031151_3961107004,http://creativecommons.org/licenses/by-nc/4.0/
65218,3902024282,Tabanidae_Philipomyia_aprica_3363141_3902024282,http://creativecommons.org/licenses/by-nc/4.0/
65240,3859584381,Tabanidae_Rhagio_notatus_1270962_3859584381,http://creativecommons.org/publicdomain/zero/1.0/
65241,3859584381,Tabanidae_Rhagio_notatus_1270963_3859584381,http://creativecommons.org/publicdomain/zero/1.0/
65541,3873209011,Tabanidae_Chrysops_viduatus_1967977_3873209011,http://creativecommons.org/licenses/by-nc/4.0/
66335,3335493466,Tabanidae_Chrysops_viduatus_1686525_3335493466,http://creativecommons.org/licenses/by-nc/4.0/
66942,1988352961,Tabanidae_Hybomitra_distinguenda_818227_1988352961,http://creativecommons.org/licenses/by/4.0/
66943,1988352961,Tabanidae_Hybomitra_distinguenda_818228_1988352961,http://creativecommons.org/licenses/by/4.0/
66978,3856551774,Tabanidae_Chrysops_caecutiens_1260960_3856551774,© all rights reserved
67118,932363895,Tabanidae_Hybomitra_aterrima_3447272_932363895,© all rights reserved
67119,932363895,Tabanidae_Hybomitra_aterrima_3447273_932363895,© all rights reserved
67120,932363895,Tabanidae_Hybomitra_aterrima_3447274_932363895,© all rights reserved
67443,1432533301,Tabanidae_Hybomitra_auripila_44800_1432533301,© all rights reserved
67455,3769597767,Tabanidae_Tabanus_glaucopis_549636_3769597767,© all rights reserved
67456,3769597767,Tabanidae_Tabanus_glaucopis_549637_3769597767,© all rights reserved
67745,1460384085,Tabanidae_Atylotus_sublunaticornis_49032_1460384085,© all rights reserved
67746,1460384085,Tabanidae_Atylotus_sublunaticornis_49033_1460384085,© all rights reserved
67765,1459285477,Tabanidae_Rhagio_scolopacea_46987_1459285477,© all rights reserved
68083,1428092848,Tabanidae_Hybomitra_arpadi_734891_1428092848,© all rights reserved
68770,3785019955,Tabanidae_Rhagio_scolopacea_3313945_3785019955,http://creativecommons.org/licenses/by-nc/4.0/
69766,3457140580,Tabanidae_Chrysops_caecutiens_3223094_3457140580,http://creativecommons.org/licenses/by-nc/4.0/
70862,3455775809,Tabanidae_Pangonius_pyritosus_458804_3455775809,http://creativecommons.org/licenses/by/4.0/
70863,3455775809,Tabanidae_Pangonius_pyritosus_458805_3455775809,http://creativecommons.org/licenses/by/4.0/
70864,3455775809,Tabanidae_Pangonius_pyritosus_458806_3455775809,http://creativecommons.org/licenses/by/4.0/
70865,3455775809,Tabanidae_Pangonius_pyritosus_458807_3455775809,http://creativecommons.org/licenses/by/4.0/
70866,3455775809,Tabanidae_Pangonius_pyritosus_458808_3455775809,http://creativecommons.org/licenses/by/4.0/
70867,3455775809,Tabanidae_Pangonius_pyritosus_458809_3455775809,http://creativecommons.org/licenses/by/4.0/
72186,3061670462,Tabanidae_Rhagio_maculatus_962913_3061670462,http://creativecommons.org/licenses/by/4.0/
73733,2238756858,Tabanidae_Hybomitra_montana_2893758_2238756858,
73734,2238756858,Tabanidae_Hybomitra_montana_2893759_2238756858,
74538,3325574095,Tabanidae_Pangonius_funebris_2366247_3325574095,http://creativecommons.org/licenses/by-nc/4.0/
74539,3325574095,Tabanidae_Pangonius_funebris_2366248_3325574095,http://creativecommons.org/licenses/by-nc/4.0/
74597,3456091062,Tabanidae_Rhagio_scolopacea_2528396_3456091062,http://creativecommons.org/licenses/by-nc/4.0/
74720,1806340627,Tabanidae_Chrysops_viduatus_746583_1806340627,http://creativecommons.org/licenses/by-nc/4.0/
75597,3902139588,Tabanidae_Silvius_alpinus_605521_3902139588,http://creativecommons.org/licenses/by-nc/4.0/
76327,3759288870,Tabanidae_Rhagio_atlanticus_544583_3759288870,http://creativecommons.org/licenses/by-nc/4.0/
77097,1882923541,Tabanidae_Hybomitra_lundbecki_2838449_1882923541,© All rights reserved
77429,2410785497,Tabanidae_Hybomitra_auripila_2913139_2410785497,© All rights reserved
77430,2410785497,Tabanidae_Hybomitra_auripila_2913140_2410785497,© All rights reserved
77698,3303503787,Tabanidae_Chrysops_divaricatus_1669974_3303503787,© All rights reserved
78367,3993283612,Tabanidae_Hybomitra_arpadi_663086_3993283612,© all rights reserved
78418,2808999257,Tabanidae_Tabanus_bovinus_2961515_2808999257,© all rights reserved
80849,2285818517,Tabanidae_Tabanus_sudeticus_2214740_2285818517,© all rights reserved
80850,2285818517,Tabanidae_Tabanus_sudeticus_2214741_2285818517,© all rights reserved
80851,2285818517,Tabanidae_Tabanus_sudeticus_2214742_2285818517,© all rights reserved
81833,3902115394,Tabanidae_Chrysops_italicus_3363824_3902115394,http://creativecommons.org/licenses/by-nc/4.0/
82201,3902630653,Tabanidae_Chrysops_sepulcralis_3366558_3902630653,http://creativecommons.org/licenses/by-nc/4.0/
82203,3902630653,Tabanidae_Chrysops_sepulcralis_3366560_3902630653,http://creativecommons.org/licenses/by-nc/4.0/
82205,3902630653,Tabanidae_Chrysops_sepulcralis_3366562_3902630653,http://creativecommons.org/licenses/by-nc/4.0/
82591,3902085316,Tabanidae_Silvius_alpinus_3363580_3902085316,http://creativecommons.org/licenses/by-nc-nd/4.0/
82820,3408193498,Tabanidae_Chrysops_italicus_331790_3408193498,http://creativecommons.org/licenses/by-nc/4.0/
83354,3903534591,Tabanidae_Chrysops_flavidus_1301987_3903534591,http://creativecommons.org/licenses/by-nc/4.0/
84085,3902407511,Tabanidae_Philipomyia_graeca_3365560_3902407511,http://creativecommons.org/licenses/by-nc/4.0/
84086,3902407511,Tabanidae_Philipomyia_graeca_3365561_3902407511,http://creativecommons.org/licenses/by-nc/4.0/
84087,3902407511,Tabanidae_Philipomyia_graeca_3365562_3902407511,http://creativecommons.org/licenses/by-nc/4.0/
84089,3902407511,Tabanidae_Philipomyia_graeca_3365564_3902407511,http://creativecommons.org/licenses/by-nc/4.0/
84090,3902407511,Tabanidae_Philipomyia_graeca_3365565_3902407511,http://creativecommons.org/licenses/by-nc/4.0/
84091,3902407511,Tabanidae_Philipomyia_graeca_3365566_3902407511,http://creativecommons.org/licenses/by-nc/4.0/
84109,3860309301,Tabanidae_Chrysops_caecutiens_2652561_3860309301,http://creativecommons.org/licenses/by-nc/4.0/
84970,3337587986,Tabanidae_Heptatoma_pellucens_1687984_3337587986,http://creativecommons.org/licenses/by-nc-sa/4.0/
85318,3902679852,Tabanidae_Haematopota_italica_2676289_3902679852,http://creativecommons.org/licenses/by-nc/4.0/
85320,3902679852,Tabanidae_Haematopota_italica_2676291_3902679852,http://creativecommons.org/licenses/by-nc/4.0/
86288,3090776897,Tabanidae_Rhagio_atlanticus_2347403_3090776897,http://creativecommons.org/licenses/by-nc/4.0/
86289,3090776897,Tabanidae_Rhagio_atlanticus_2347404_3090776897,http://creativecommons.org/licenses/by-nc/4.0/
87694,3314317513,Tabanidae_Philipomyia_graeca_294339_3314317513,http://creativecommons.org/licenses/by-nc/4.0/
87838,2397489533,Tabanidae_Tabanus_sudeticus_841010_2397489533,http://creativecommons.org/licenses/by-nc/4.0/
88792,2366010109,Tabanidae_Dasyrhamphis_ater_2217811_2366010109,http://creativecommons.org/licenses/by-nc-nd/4.0/
90458,3947568654,Tabanidae_Haematopota_pluvialis_2029378_3947568654,http://creativecommons.org/licenses/by-nc/4.0/
90780,3994036472,Tabanidae_Rhagio_tringaria_1351269_3994036472,http://creativecommons.org/licenses/by-nc/4.0/
90924,2818595309,Tabanidae_Chrysops_viduatus_2965365_2818595309,http://creativecommons.org/licenses/by-nc/4.0/
91133,1978425359,Tabanidae_Philipomyia_aprica_2193902_1978425359,http://creativecommons.org/licenses/by-nc/4.0/
91387,3759826880,Tabanidae_Rhagio_atlanticus_3304275_3759826880,http://creativecommons.org/licenses/by-nc/4.0/
94118,3902072642,Tabanidae_Chrysops_italicus_1983182_3902072642,http://creativecommons.org/licenses/by-nc/4.0/
94121,3902072642,Tabanidae_Chrysops_italicus_1983185_3902072642,http://creativecommons.org/licenses/by-nc/4.0/
94305,3058909163,Tabanidae_Rhagio_atlanticus_271652_3058909163,http://creativecommons.org/licenses/by-nc/4.0/
94362,3902213713,Tabanidae_Philipomyia_rohdendorfi_2673665_3902213713,http://creativecommons.org/licenses/by-nc/4.0/
94677,3059112916,Tabanidae_Rhagio_atlanticus_272049_3059112916,http://creativecommons.org/licenses/by-nc/4.0/
94678,3059112916,Tabanidae_Rhagio_atlanticus_272050_3059112916,http://creativecommons.org/licenses/by-nc/4.0/
94679,3059112916,Tabanidae_Rhagio_atlanticus_272051_3059112916,http://creativecommons.org/licenses/by-nc/4.0/
94836,4022108683,Tabanidae_Silvius_alpinus_2060590_4022108683,http://creativecommons.org/licenses/by-nc/4.0/
96700,3902099758,Tabanidae_Hybomitra_lundbecki_3363706_3902099758,http://creativecommons.org/licenses/by-nc/4.0/
97681,3455512514,Tabanidae_Heptatoma_pellucens_1836706_3455512514,http://creativecommons.org/licenses/by-nc/4.0/
98164,3070335219,Tabanidae_Rhagio_scolopacea_275218_3070335219,http://creativecommons.org/licenses/by/4.0/
98690,2860150950,Tabanidae_Tabanus_nemoralis_1621146_2860150950,http://creativecommons.org/licenses/by-nc/4.0/
98691,2860150950,Tabanidae_Tabanus_nemoralis_1621147_2860150950,http://creativecommons.org/licenses/by-nc/4.0/
100862,3415368412,Tabanidae_Therioplectes_gigas_332306_3415368412,http://creativecommons.org/licenses/by-nc/4.0/
101263,3860596463,Tabanidae_Tabanus_rectus_586539_3860596463,http://creativecommons.org/licenses/by-nc/4.0/
101264,3860596463,Tabanidae_Tabanus_rectus_586540_3860596463,http://creativecommons.org/licenses/by-nc/4.0/
101265,3860596463,Tabanidae_Tabanus_rectus_586541_3860596463,http://creativecommons.org/licenses/by-nc/4.0/
101541,3330726834,Tabanidae_Silvius_alpinus_992872_3330726834,http://creativecommons.org/licenses/by/4.0/
101542,3330726834,Tabanidae_Silvius_alpinus_992873_3330726834,http://creativecommons.org/licenses/by/4.0/
101543,3330726834,Tabanidae_Silvius_alpinus_992874_3330726834,http://creativecommons.org/licenses/by/4.0/
101681,3873583479,Tabanidae_Tabanus_sudeticus_591544_3873583479,http://creativecommons.org/publicdomain/zero/1.0/
102634,2883002515,Tabanidae_Philipomyia_aprica_3007078_2883002515,http://creativecommons.org/licenses/by-nc/4.0/
104929,3872989936,Tabanidae_Hybomitra_lundbecki_1966815_3872989936,http://creativecommons.org/licenses/by-nc/4.0/
104930,3872989936,Tabanidae_Hybomitra_lundbecki_1966816_3872989936,http://creativecommons.org/licenses/by-nc/4.0/
104932,3872989936,Tabanidae_Hybomitra_lundbecki_1966818_3872989936,http://creativecommons.org/licenses/by-nc/4.0/
104935,3872989936,Tabanidae_Hybomitra_lundbecki_1966821_3872989936,http://creativecommons.org/licenses/by-nc/4.0/
106106,2818731232,Tabanidae_Chrysops_viduatus_897475_2818731232,http://creativecommons.org/licenses/by-nc/4.0/
107065,3302428085,Tabanidae_Rhagio_maculatus_980824_3302428085,http://creativecommons.org/licenses/by-nc/4.0/
107126,3859810938,Tabanidae_Heptatoma_pellucens_1271941_3859810938,http://creativecommons.org/licenses/by-nc/4.0/
107127,3859810938,Tabanidae_Heptatoma_pellucens_1271942_3859810938,http://creativecommons.org/licenses/by-nc/4.0/
108049,3902104863,Tabanidae_Silvius_alpinus_2672784_3902104863,http://creativecommons.org/licenses/by-nc/4.0/
109581,3902515943,Tabanidae_Silvius_alpinus_2675472_3902515943,http://creativecommons.org/licenses/by-nc/4.0/
109856,3873248704,Tabanidae_Chrysops_italicus_3348385_3873248704,http://creativecommons.org/licenses/by/4.0/
109857,3873248704,Tabanidae_Chrysops_italicus_3348386_3873248704,http://creativecommons.org/licenses/by/4.0/
110943,2813865340,Tabanidae_Chrysops_caecutiens_203621_2813865340,http://creativecommons.org/licenses/by-nc/4.0/
111920,3067982284,Tabanidae_Rhagio_atlanticus_964476_3067982284,http://creativecommons.org/licenses/by-nc/4.0/
112409,3902768343,Tabanidae_Chrysops_caecutiens_1987322_3902768343,http://creativecommons.org/licenses/by-nc/4.0/
112952,3455295602,Tabanidae_Hybomitra_arpadi_2524582_3455295602,http://creativecommons.org/licenses/by-nc-sa/4.0/
112954,3455295602,Tabanidae_Hybomitra_arpadi_2524584_3455295602,http://creativecommons.org/licenses/by-nc-sa/4.0/
112955,3455295602,Tabanidae_Hybomitra_arpadi_2524585_3455295602,http://creativecommons.org/licenses/by-nc-sa/4.0/
112956,3455295602,Tabanidae_Hybomitra_arpadi_2524586_3455295602,http://creativecommons.org/licenses/by-nc-sa/4.0/
113069,2529385013,Tabanidae_Rhagio_strigosus_856714_2529385013,http://creativecommons.org/licenses/by-nc/4.0/
113070,2529385013,Tabanidae_Rhagio_strigosus_856715_2529385013,http://creativecommons.org/licenses/by-nc/4.0/
113071,2529385013,Tabanidae_Rhagio_strigosus_856716_2529385013,http://creativecommons.org/licenses/by-nc/4.0/
113072,2529385013,Tabanidae_Rhagio_strigosus_856717_2529385013,http://creativecommons.org/licenses/by-nc/4.0/
113073,2529385013,Tabanidae_Rhagio_strigosus_856718_2529385013,http://creativecommons.org/licenses/by-nc/4.0/
113074,2529385013,Tabanidae_Rhagio_strigosus_856719_2529385013,http://creativecommons.org/licenses/by-nc/4.0/
115578,3058925649,Tabanidae_Rhagio_notatus_1650185_3058925649,http://creativecommons.org/licenses/by/4.0/
115579,3058925649,Tabanidae_Rhagio_notatus_1650186_3058925649,http://creativecommons.org/licenses/by/4.0/
116949,3872865338,Tabanidae_Philipomyia_graeca_1276976_3872865338,http://creativecommons.org/licenses/by-nc/4.0/
117667,3966771301,Tabanidae_Tabanus_sudeticus_2725792_3966771301,http://creativecommons.org/licenses/by-nc/4.0/
118272,1890730614,Tabanidae_Hybomitra_aterrima_2841115_1890730614,http://creativecommons.org/licenses/by-nc/4.0/
118273,1890730614,Tabanidae_Hybomitra_aterrima_2841116_1890730614,http://creativecommons.org/licenses/by-nc/4.0/
118633,2265777851,Tabanidae_Tabanus_quatuornotatus_2902306_2265777851,http://creativecommons.org/licenses/by-nc/4.0/
118634,2265777851,Tabanidae_Tabanus_quatuornotatus_2902307_2265777851,http://creativecommons.org/licenses/by-nc/4.0/
119091,1988351654,Tabanidae_Haematopota_pluvialis_2885409_1988351654,http://creativecommons.org/licenses/by/4.0/
119881,4009871655,Tabanidae_Philipomyia_aprica_3434484_4009871655,http://creativecommons.org/publicdomain/zero/1.0/
120415,3873032407,Tabanidae_Haematopota_italica_588788_3873032407,http://creativecommons.org/licenses/by-nc/4.0/
121299,3892277676,Tabanidae_Chrysops_nigripes_601941_3892277676,http://creativecommons.org/publicdomain/zero/1.0/
122380,3722181930,Tabanidae_Hybomitra_muehlfeldi_502096_3722181930,http://creativecommons.org/licenses/by-nc-nd/4.0/
122480,3731691674,Tabanidae_Chrysops_rufipes_1912939_3731691674,http://creativecommons.org/licenses/by-nc-nd/4.0/
122481,3731691674,Tabanidae_Chrysops_rufipes_1912940_3731691674,http://creativecommons.org/licenses/by-nc-nd/4.0/
124176,2468804522,Tabanidae_Hybomitra_astuta_1544042_2468804522,© All rights reserved
124177,2468804522,Tabanidae_Hybomitra_astuta_1544043_2468804522,© All rights reserved
124178,2468804522,Tabanidae_Hybomitra_astuta_1544044_2468804522,© All rights reserved
124179,2468804522,Tabanidae_Hybomitra_astuta_1544045_2468804522,© All rights reserved
124265,2405486694,Tabanidae_Hybomitra_auripila_2221166_2405486694,© All rights reserved
124272,2411364213,Tabanidae_Hybomitra_bimaculata_2913253_2411364213,© All rights reserved
125470,3343947355,Tabanidae_Chrysops_caecutiens_1003365_3343947355,http://creativecommons.org/licenses/by-nc/4.0/
125969,3070616064,Tabanidae_Rhagio_tringaria_276141_3070616064,http://creativecommons.org/licenses/by-nc/4.0/
126777,3889185756,Tabanidae_Heptatoma_pellucens_2668944_3889185756,http://creativecommons.org/licenses/by-nc/4.0/
127668,1431974869,Tabanidae_Chrysops_relictus_1424359_1431974869,© all rights reserved
127893,3432719275,Tabanidae_Rhagio_scolopacea_1027414_3432719275,© all rights reserved
127937,1884666383,Tabanidae_Atylotus_fulvus_772768_1884666383,© all rights reserved
128028,2336793271,Tabanidae_Haematopota_pluvialis_149394_2336793271,© all rights reserved
128083,1459928039,Tabanidae_Atylotus_fulvus_2117354_1459928039,© all rights reserved
128203,3844672550,Tabanidae_Hybomitra_auripila_1260697_3844672550,© All rights reserved
128217,2401426579,Tabanidae_Hybomitra_auripila_842558_2401426579,© All rights reserved
128236,2412069162,Tabanidae_Hybomitra_arpadi_154818_2412069162,© All rights reserved
128237,2412069162,Tabanidae_Hybomitra_arpadi_154819_2412069162,© All rights reserved
128349,2822936403,Tabanidae_Chrysops_nigripes_207700_2822936403,© All rights reserved
128350,2822936403,Tabanidae_Chrysops_nigripes_207701_2822936403,© All rights reserved
128682,2401265143,Tabanidae_Hybomitra_lurida_2910790_2401265143,© All rights reserved
128857,3767736410,Tabanidae_Hybomitra_tropica_1238286_3767736410,© all rights reserved
129413,1123735855,Tabanidae_Tabanus_bovinus_1386763_1123735855,© all rights reserved
129448,1460092937,Tabanidae_Hybomitra_auripila_1428307_1460092937,© all rights reserved
129565,1460334765,Tabanidae_Hybomitra_tropica_48922_1460334765,© all rights reserved
129566,1460334765,Tabanidae_Hybomitra_tropica_48923_1460334765,© all rights reserved
129567,1460334765,Tabanidae_Hybomitra_tropica_48924_1460334765,© all rights reserved
129572,3429229582,Tabanidae_Hybomitra_auripila_3094145_3429229582,© all rights reserved
129658,1458466519,Tabanidae_Tabanus_sudeticus_46515_1458466519,© all rights reserved
129659,1458466519,Tabanidae_Tabanus_sudeticus_46516_1458466519,© all rights reserved
129717,1670352818,Tabanidae_Atylotus_rusticus_744300_1670352818,© all rights reserved
129919,2274629029,Tabanidae_Hybomitra_bimaculata_2213852_2274629029,© all rights reserved
130843,3429787691,Tabanidae_Atylotus_sublunaticornis_3094320_3429787691,© all rights reserved
131094,3964390011,Tabanidae_Tabanus_glaucopis_3414566_3964390011,© all rights reserved
131178,932425514,Tabanidae_Hybomitra_auripila_1378368_932425514,© all rights reserved
131297,1037111237,Tabanidae_Hybomitra_nitidifrons_1383480_1037111237,© all rights reserved
131298,1037111237,Tabanidae_Hybomitra_nitidifrons_1383481_1037111237,© all rights reserved
131371,1431711340,Tabanidae_Tabanus_bovinus_44248_1431711340,© all rights reserved
131632,1459014777,Tabanidae_Rhagio_lineola_737928_1459014777,© all rights reserved
131723,1213800848,Tabanidae_Hybomitra_montana_1388945_1213800848,© all rights reserved
131728,1123542350,Tabanidae_Tabanus_sudeticus_2076050_1123542350,© all rights reserved
131732,3049654078,Tabanidae_Hybomitra_muhlfeldi_2338876_3049654078,© all rights reserved
131733,3049654078,Tabanidae_Hybomitra_muhlfeldi_2338877_3049654078,© all rights reserved
131734,3049654078,Tabanidae_Hybomitra_muhlfeldi_2338878_3049654078,© all rights reserved
131848,1460292499,Tabanidae_Tabanus_maculicornis_1428671_1460292499,© all rights reserved
132058,1459636245,Tabanidae_Haematopota_pluvialis_2116681_1459636245,© all rights reserved
132221,1670306817,Tabanidae_Rhagio_lineola_2811615_1670306817,© all rights reserved
132243,2808307956,Tabanidae_Tabanus_bovinus_2270880_2808307956,© all rights reserved
132490,1807117650,Tabanidae_Hybomitra_auripila_55701_1807117650,© all rights reserved
132612,3856580265,Tabanidae_Chrysops_viduatus_2639632_3856580265,© all rights reserved
132704,932350862,Tabanidae_Atylotus_rusticus_3447266_932350862,© all rights reserved
132891,3431469202,Tabanidae_Tabanus_sudeticus_337077_3431469202,© all rights reserved
133064,2272784173,Tabanidae_Hybomitra_tarandina_835542_2272784173,© all rights reserved
133389,2816090323,Tabanidae_Chrysops_sepulcralis_2274142_2816090323,© all rights reserved
133429,1123393862,Tabanidae_Chrysops_sepulcralis_6867_1123393862,© all rights reserved
133761,3429560888,Tabanidae_Tabanus_sudeticus_1025768_3429560888,© all rights reserved
133867,1671052678,Tabanidae_Atylotus_fulvus_2122486_1671052678,© all rights reserved
133905,3431524076,Tabanidae_Tabanus_sudeticus_1026820_3431524076,© all rights reserved
133909,2295139073,Tabanidae_Tabanus_sudeticus_2215663_2295139073,© all rights reserved
134143,1669866081,Tabanidae_Atylotus_plebeius_2121802_1669866081,© all rights reserved
134144,1669866081,Tabanidae_Atylotus_plebeius_2121803_1669866081,© all rights reserved
134146,1669866081,Tabanidae_Atylotus_plebeius_2121805_1669866081,© all rights reserved
134147,1669866081,Tabanidae_Atylotus_plebeius_2121806_1669866081,© all rights reserved
134412,1431850385,Tabanidae_Rhagio_annulatus_2113576_1431850385,© all rights reserved
134457,4013747344,Tabanidae_Atylotus_sublunaticornis_1367481_4013747344,© all rights reserved
134495,2848115953,Tabanidae_Chrysops_sepulcralis_2303857_2848115953,© all rights reserved
134795,1890173303,Tabanidae_Chrysops_caecutiens_82284_1890173303,© all rights reserved
134846,1459683633,Tabanidae_Atylotus_rusticus_738814_1459683633,© all rights reserved
134958,3433362878,Tabanidae_Hybomitra_arpadi_338039_3433362878,© all rights reserved
135060,1460421804,Tabanidae_Hybomitra_aterrima_740296_1460421804,© all rights reserved
135166,3993764332,Tabanidae_Chrysops_divaricatus_2730519_3993764332,© all rights reserved
135441,1460092958,Tabanidae_Hybomitra_arpadi_48404_1460092958,© all rights reserved
135704,2274641048,Tabanidae_Hybomitra_arpadi_2213856_2274641048,© all rights reserved
135705,2274641048,Tabanidae_Hybomitra_arpadi_2213857_2274641048,© all rights reserved
135707,2274641048,Tabanidae_Hybomitra_arpadi_2213859_2274641048,© all rights reserved
135758,3880363552,Tabanidae_Hybomitra_aterrima_595069_3880363552,© all rights reserved
136137,3431471788,Tabanidae_Hybomitra_auripila_1715795_3431471788,© all rights reserved
136235,932165907,Tabanidae_Rhagio_lineola_2757181_932165907,© all rights reserved
136597,1123507415,Tabanidae_Rhagio_maculatus_698159_1123507415,© all rights reserved
137084,1460355731,Tabanidae_Atylotus_fulvus_740162_1460355731,© all rights reserved
137086,1460355731,Tabanidae_Atylotus_fulvus_740164_1460355731,© all rights reserved
137316,1884379642,Tabanidae_Tabanus_cordiger_81683_1884379642,© all rights reserved
137441,1669878609,Tabanidae_Hybomitra_arpadi_1432475_1669878609,© all rights reserved
137621,3857549485,Tabanidae_Hybomitra_tarandina_2640239_3857549485,© all rights reserved
137767,1432150027,Tabanidae_Chrysops_divaricatus_44579_1432150027,© all rights reserved
137866,2816012490,Tabanidae_Chrysops_sepulcralis_1585509_2816012490,© all rights reserved
137966,1432552841,Tabanidae_Hybomitra_tarandina_44808_1432552841,© all rights reserved
137971,1135268135,Tabanidae_Chrysops_divaricatus_7323_1135268135,© all rights reserved
138060,1431970391,Tabanidae_Hybomitra_tarandina_2113647_1431970391,© all rights reserved
138255,3857513215,Tabanidae_Hybomitra_lundbecki_572518_3857513215,© all rights reserved
138414,1046514823,Tabanidae_Tabanus_sudeticus_695357_1046514823,© all rights reserved
138544,3430497011,Tabanidae_Hybomitra_tropica_2404391_3430497011,© all rights reserved
138545,3430497011,Tabanidae_Hybomitra_tropica_2404392_3430497011,© all rights reserved
138547,3430497011,Tabanidae_Hybomitra_tropica_2404394_3430497011,© all rights reserved
138615,1833683307,Tabanidae_Tabanus_bovinus_71038_1833683307,© all rights reserved
138728,2273010348,Tabanidae_Hybomitra_tarandina_2213149_2273010348,© all rights reserved
138961,1458610370,Tabanidae_Hybomitra_auripila_737819_1458610370,© all rights reserved
139061,1884525789,Tabanidae_Atylotus_rusticus_81783_1884525789,© all rights reserved
139379,2468253414,Tabanidae_Atylotus_sublunaticornis_165026_2468253414,© all rights reserved
139380,2468253414,Tabanidae_Atylotus_sublunaticornis_165027_2468253414,© all rights reserved
139381,2468253414,Tabanidae_Atylotus_sublunaticornis_165028_2468253414,© all rights reserved
139382,2468253414,Tabanidae_Atylotus_sublunaticornis_165029_2468253414,© all rights reserved
139440,1670139219,Tabanidae_Chrysops_sepulcralis_2811509_1670139219,© all rights reserved
139646,2808861371,Tabanidae_Hybomitra_nitidifrons_2961447_2808861371,© all rights reserved
139647,2808861371,Tabanidae_Hybomitra_nitidifrons_2961448_2808861371,© all rights reserved
139648,2808861371,Tabanidae_Hybomitra_nitidifrons_2961449_2808861371,© all rights reserved
139649,2808861371,Tabanidae_Hybomitra_nitidifrons_2961450_2808861371,© all rights reserved
139777,1431730698,Tabanidae_Atylotus_sublunaticornis_1424190_1431730698,© all rights reserved
139889,3050225825,Tabanidae_Rhagio_maculatus_1649254_3050225825,© all rights reserved
139924,1459015303,Tabanidae_Hybomitra_tarandina_1426528_1459015303,© all rights reserved
139987,3857129412,Tabanidae_Hybomitra_nitidifrons_1950438_3857129412,© all rights reserved
139988,3857129412,Tabanidae_Hybomitra_nitidifrons_1950439_3857129412,© all rights reserved
139989,3857129412,Tabanidae_Hybomitra_nitidifrons_1950440_3857129412,© all rights reserved
139992,2302992425,Tabanidae_Tabanus_bovinus_147918_2302992425,© all rights reserved
140396,2273708309,Tabanidae_Rhagio_annulatus_2904195_2273708309,© all rights reserved
140505,1431731059,Tabanidae_Chrysops_divaricatus_2802859_1431731059,© all rights reserved
140506,1431731059,Tabanidae_Chrysops_divaricatus_2802860_1431731059,© all rights reserved
140507,1431731059,Tabanidae_Chrysops_divaricatus_2802861_1431731059,© all rights reserved
140746,2848258326,Tabanidae_Hybomitra_muhlfeldi_235843_2848258326,© all rights reserved
140747,2848258326,Tabanidae_Hybomitra_muhlfeldi_235844_2848258326,© all rights reserved
140748,2848258326,Tabanidae_Hybomitra_muhlfeldi_235845_2848258326,© all rights reserved
140809,1995024252,Tabanidae_Hybomitra_nitidifrons_1511607_1995024252,© all rights reserved
140937,1050184196,Tabanidae_Tabanus_bromius_1383978_1050184196,© all rights reserved
140978,1884580581,Tabanidae_Chrysops_viduatus_772706_1884580581,© all rights reserved
141113,1459737043,Tabanidae_Hybomitra_expollicata_738980_1459737043,© all rights reserved
141149,1450412140,Tabanidae_Tabanus_bovinus_1425280_1450412140,© all rights reserved
141312,1460498983,Tabanidae_Hybomitra_muhlfeldi_2118441_1460498983,© all rights reserved
141313,1460498983,Tabanidae_Hybomitra_muhlfeldi_2118442_1460498983,© all rights reserved
141314,1460498983,Tabanidae_Hybomitra_muhlfeldi_2118443_1460498983,© all rights reserved
141336,1670591928,Tabanidae_Rhagio_tringaria_2122235_1670591928,© all rights reserved
141342,1820967401,Tabanidae_Atylotus_plebeius_2124779_1820967401,© all rights reserved
141452,1460292158,Tabanidae_Chrysops_sepulcralis_2807514_1460292158,© all rights reserved
141482,2447470197,Tabanidae_Hybomitra_lundbecki_2921234_2447470197,© all rights reserved
141484,2447470197,Tabanidae_Hybomitra_lundbecki_2921236_2447470197,© all rights reserved
141555,1212963264,Tabanidae_Hybomitra_nitidifrons_700284_1212963264,© all rights reserved
141920,1460094263,Tabanidae_Tabanus_bovinus_739688_1460094263,© all rights reserved
142064,2447469810,Tabanidae_Hybomitra_nitidifrons_2921230_2447469810,© all rights reserved
142065,2447469810,Tabanidae_Hybomitra_nitidifrons_2921231_2447469810,© all rights reserved
142066,2447469810,Tabanidae_Hybomitra_nitidifrons_2921232_2447469810,© all rights reserved
142067,2447469810,Tabanidae_Hybomitra_nitidifrons_2921233_2447469810,© all rights reserved
142281,1459003932,Tabanidae_Rhagio_maculatus_1426509_1459003932,© all rights reserved
142282,1459003932,Tabanidae_Rhagio_maculatus_1426510_1459003932,© all rights reserved
142489,2273710828,Tabanidae_Rhagio_maculatus_2213759_2273710828,© all rights reserved
142490,2273710828,Tabanidae_Rhagio_maculatus_2213760_2273710828,© all rights reserved
142576,1432551482,Tabanidae_Chrysops_nigripes_44806_1432551482,© all rights reserved
142693,2809499658,Tabanidae_Hybomitra_lundbecki_203375_2809499658,© all rights reserved
142695,2809499658,Tabanidae_Hybomitra_lundbecki_203377_2809499658,© all rights reserved
142696,2809499658,Tabanidae_Hybomitra_lundbecki_203378_2809499658,© all rights reserved
142697,2809499658,Tabanidae_Hybomitra_lundbecki_203379_2809499658,© all rights reserved
143719,1995041186,Tabanidae_Hybomitra_auripila_1511610_1995041186,© all rights reserved
143825,1801953259,Tabanidae_Rhagio_maculatus_2123567_1801953259,© all rights reserved
143826,1801953259,Tabanidae_Rhagio_maculatus_2123568_1801953259,© all rights reserved
143827,1801953259,Tabanidae_Rhagio_maculatus_2123569_1801953259,© all rights reserved
144392,2593801125,Tabanidae_Tabanus_sudeticus_2252049_2593801125,© all rights reserved
144481,3893872412,Tabanidae_Tabanus_bovinus_1982331_3893872412,© all rights reserved
144912,3880452424,Tabanidae_Hybomitra_tarandina_1973349_3880452424,© all rights reserved
145038,1459082647,Tabanidae_Hybomitra_aterrima_1426645_1459082647,© all rights reserved
145039,1459082647,Tabanidae_Hybomitra_aterrima_1426646_1459082647,© all rights reserved
145112,2447468425,Tabanidae_Chrysops_caecutiens_162679_2447468425,© all rights reserved
145178,3433391450,Tabanidae_Hybomitra_aterrima_2405844_3433391450,© all rights reserved
145185,1460094297,Tabanidae_Hybomitra_auripila_2117654_1460094297,© all rights reserved
145187,1460303719,Tabanidae_Chrysops_sepulcralis_48837_1460303719,© all rights reserved
145328,1676126210,Tabanidae_Tabanus_sudeticus_744806_1676126210,© all rights reserved
145785,997741067,Tabanidae_Hybomitra_arpadi_3448617_997741067,© all rights reserved
145884,3049606309,Tabanidae_Hybomitra_arpadi_1649117_3049606309,© all rights reserved
145885,3049606309,Tabanidae_Hybomitra_arpadi_1649118_3049606309,© all rights reserved
146900,2837341085,Tabanidae_Rhagio_tringaria_1598550_2837341085,http://creativecommons.org/licenses/by-nc-nd/4.0/
148276,1972049915,Tabanidae_Haematopota_pluvialis_807242_1972049915,http://creativecommons.org/licenses/by-nc-nd/4.0/
148534,3904640715,Tabanidae_Atylotus_latistriatus_2685965_3904640715,http://creativecommons.org/licenses/by-nc-nd/4.0/
149068,1954541619,Tabanidae_Hybomitra_muehlfeldi_2849234_1954541619,http://creativecommons.org/licenses/by-nc-nd/4.0/
149360,3906126569,Tabanidae_Hybomitra_distinguenda_2695002_3906126569,http://creativecommons.org/licenses/by-nc-nd/4.0/
150350,3893180583,Tabanidae_Hybomitra_auripila_2671479_3893180583,© All rights reserved
150536,2398942011,Tabanidae_Hybomitra_distinguenda_1530586_2398942011,http://creativecommons.org/licenses/by-nc-sa/4.0/
150763,3816563393,Tabanidae_Rhagio_annulatus_558424_3816563393,http://creativecommons.org/licenses/by/4.0/
150996,2412042450,Tabanidae_Chrysops_sepulcralis_844822_2412042450,© All rights reserved
151067,3866292392,Tabanidae_Atylotus_fulvus_1276825_3866292392,© All rights reserved
151069,3866292392,Tabanidae_Atylotus_fulvus_1276827_3866292392,© All rights reserved
151075,2273522564,Tabanidae_Rhagio_maculatus_836153_2273522564,http://creativecommons.org/licenses/by/4.0/
151416,2815153201,Tabanidae_Hybomitra_tarandina_205767_2815153201,© All rights reserved
151417,2815153201,Tabanidae_Hybomitra_tarandina_205768_2815153201,© All rights reserved
151445,2409862070,Tabanidae_Rhagio_maculatus_154303_2409862070,© All rights reserved
151446,2409862070,Tabanidae_Rhagio_maculatus_154304_2409862070,© All rights reserved
151670,1884765503,Tabanidae_Atylotus_fulvus_81987_1884765503,© all rights reserved
151885,2808601243,Tabanidae_Chrysops_sepulcralis_2961322_2808601243,© all rights reserved
151963,1459942871,Tabanidae_Chrysops_divaricatus_2117401_1459942871,© all rights reserved
152109,1976779282,Tabanidae_Tabanus_maculicornis_814632_1976779282,http://creativecommons.org/licenses/by-nc-nd/4.0/
152339,3715698369,Tabanidae_Silvius_alpinus_3234313_3715698369,http://creativecommons.org/licenses/by-nc-nd/4.0/
152785,3827499287,Tabanidae_Tabanus_maculicornis_2639224_3827499287,http://creativecommons.org/licenses/by-nc-nd/4.0/
155795,3730871652,Tabanidae_Rhagio_immaculatus_1908368_3730871652,http://creativecommons.org/licenses/by-nc-nd/4.0/
155967,1952677491,Tabanidae_Hybomitra_montana_2156925_1952677491,http://creativecommons.org/licenses/by-nc-nd/4.0/
156435,3927027326,Tabanidae_Rhagio_scolopacea_3406719_3927027326,© All rights reserved
156539,3310043467,Tabanidae_Hybomitra_kaurii_983206_3310043467,© All rights reserved
156729,3820061444,Tabanidae_Rhagio_annulatus_558561_3820061444,© All rights reserved
157283,1966570203,Tabanidae_Tabanus_maculicornis_800049_1966570203,http://creativecommons.org/licenses/by-nc/4.0/
157284,1966570203,Tabanidae_Tabanus_maculicornis_800050_1966570203,http://creativecommons.org/licenses/by-nc/4.0/
157384,1975003159,Tabanidae_Hybomitra_muehlfeldi_812265_1975003159,http://creativecommons.org/licenses/by-nc-nd/4.0/
158040,3730559564,Tabanidae_Hybomitra_solstitialis_528365_3730559564,http://creativecommons.org/licenses/by-nc-nd/4.0/
158603,3726540945,Tabanidae_Haematopota_italica_2581824_3726540945,http://creativecommons.org/licenses/by-nc-nd/4.0/
158828,3715127269,Tabanidae_Silvius_alpinus_475338_3715127269,http://creativecommons.org/licenses/by-nc/4.0/
158829,3715127269,Tabanidae_Silvius_alpinus_475339_3715127269,http://creativecommons.org/licenses/by-nc/4.0/
159129,3721879534,Tabanidae_Tabanus_sudeticus_2567616_3721879534,http://creativecommons.org/licenses/by-nc-nd/4.0/
159395,3721289081,Tabanidae_Tabanus_sudeticus_495554_3721289081,http://creativecommons.org/licenses/by-nc-nd/4.0/
159436,3730222521,Tabanidae_Hybomitra_caucasica_526568_3730222521,http://creativecommons.org/licenses/by-nc/4.0/
159437,3730222521,Tabanidae_Hybomitra_caucasica_526569_3730222521,http://creativecommons.org/licenses/by-nc/4.0/
159438,3730222521,Tabanidae_Hybomitra_caucasica_526570_3730222521,http://creativecommons.org/licenses/by-nc/4.0/
159540,1951450259,Tabanidae_Hybomitra_solstitialis_2155411_1951450259,http://creativecommons.org/licenses/by-nc-nd/4.0/
160836,3721925727,Tabanidae_Chrysops_rufipes_3258372_3721925727,http://creativecommons.org/licenses/by-nc/4.0/
161323,2403223828,Tabanidae_Rhagio_scolopacea_1531626_2403223828,© All rights reserved
161764,2823006446,Tabanidae_Hybomitra_auripila_897970_2823006446,© All rights reserved
161765,2815381153,Tabanidae_Rhagio_annulatus_2964448_2815381153,© All rights reserved
162033,3386551369,Tabanidae_Heptatoma_pellucens_2393432_3386551369,http://creativecommons.org/licenses/by/4.0/
162173,2565072535,Tabanidae_Atylotus_fulvus_2249300_2565072535,© All rights reserved
162343,2867081335,Tabanidae_Hybomitra_nitidifrons_245726_2867081335,© All rights reserved
162344,2867081335,Tabanidae_Hybomitra_nitidifrons_245727_2867081335,© All rights reserved
162345,2867081335,Tabanidae_Hybomitra_nitidifrons_245728_2867081335,© All rights reserved
162466,2399846862,Tabanidae_Hybomitra_auripila_1530803_2399846862,© All rights reserved
163033,3310112457,Tabanidae_Rhagio_annulatus_1671860_3310112457,© All rights reserved
163315,3845942395,Tabanidae_Chrysops_sepulcralis_1260742_3845942395,© All rights reserved
163316,3845942395,Tabanidae_Chrysops_sepulcralis_1260743_3845942395,© All rights reserved
163318,2468089556,Tabanidae_Chrysops_divaricatus_2923603_2468089556,© All rights reserved
163319,2468089556,Tabanidae_Chrysops_divaricatus_2923604_2468089556,© All rights reserved
163348,2411271980,Tabanidae_Hybomitra_nitidifrons_1533624_2411271980,© All rights reserved
163362,2401949972,Tabanidae_Rhagio_maculatus_2220366_2401949972,© All rights reserved
163664,3424414404,Tabanidae_Tabanus_glaucopis_3094111_3424414404,© All rights reserved
163665,3424414404,Tabanidae_Tabanus_glaucopis_3094112_3424414404,© All rights reserved
163688,3323874478,Tabanidae_Hybomitra_auripila_1675686_3323874478,© All rights reserved
163718,3313553506,Tabanidae_Hybomitra_auripila_983341_3313553506,© All rights reserved
163772,3320354520,Tabanidae_Hybomitra_distinguenda_2363678_3320354520,© All rights reserved
163774,3045391312,Tabanidae_Hybomitra_kaurii_3028927_3045391312,© All rights reserved
163776,3045391312,Tabanidae_Hybomitra_kaurii_3028929_3045391312,© All rights reserved
163979,1966487330,Tabanidae_Hybomitra_bimaculata_2867766_1966487330,http://creativecommons.org/licenses/by-nc-nd/4.0/
164217,3717753051,Tabanidae_Hybomitra_bimaculata_2552403_3717753051,http://creativecommons.org/licenses/by-nc-nd/4.0/
165382,3904350834,Tabanidae_Tabanus_maculicornis_2684189_3904350834,http://creativecommons.org/licenses/by-nc-nd/4.0/
165600,3906502620,Tabanidae_Tabanus_maculicornis_3387498_3906502620,http://creativecommons.org/licenses/by-nc-nd/4.0/
165628,3907183233,Tabanidae_Rhagio_lineola_633569_3907183233,http://creativecommons.org/licenses/by-nc-nd/4.0/
165707,1972946890,Tabanidae_Chrysops_sepulcralis_2876787_1972946890,http://creativecommons.org/licenses/by-nc-nd/4.0/
167832,3995856522,Tabanidae_Haematopota_crassicornis_668030_3995856522,http://creativecommons.org/licenses/by-nc-nd/4.0/
167833,3995856522,Tabanidae_Haematopota_crassicornis_668031_3995856522,http://creativecommons.org/licenses/by-nc-nd/4.0/
168199,1965960496,Tabanidae_Haematopota_italica_1486951_1965960496,http://creativecommons.org/licenses/by-nc-nd/4.0/
168832,1961551253,Tabanidae_Tabanus_autumnalis_792939_1961551253,http://creativecommons.org/licenses/by-nc-nd/4.0/
170498,3995323194,Tabanidae_Haematopota_pluvialis_3423666_3995323194,http://creativecommons.org/licenses/by-nc-nd/4.0/
170775,3731478529,Tabanidae_Rhagio_scolopacea_3291848_3731478529,http://creativecommons.org/licenses/by-nc-nd/4.0/
171795,3721242642,Tabanidae_Rhagio_tringaria_1873509_3721242642,http://creativecommons.org/licenses/by-nc-nd/4.0/
171991,1962691740,Tabanidae_Chrysops_relictus_2171656_1962691740,http://creativecommons.org/licenses/by-nc-nd/4.0/
172260,2815721419,Tabanidae_Tabanus_sudeticus_1585412_2815721419,© all rights reserved
172974,2273720252,Tabanidae_Chrysops_divaricatus_145822_2273720252,© all rights reserved
173395,3000903797,Tabanidae_Hybomitra_nigricornis_259838_3000903797,© all rights reserved
173396,3000903797,Tabanidae_Hybomitra_nigricornis_259839_3000903797,© all rights reserved
173609,3768156302,Tabanidae_Haematopota_italica_2616943_3768156302,© all rights reserved
173621,2426069789,Tabanidae_Chrysops_caecutiens_157366_2426069789,© all rights reserved
173696,1670627093,Tabanidae_Hybomitra_kaurii_744395_1670627093,© all rights reserved
173839,2247167098,Tabanidae_Hybomitra_tropica_137417_2247167098,© all rights reserved
173840,2247167098,Tabanidae_Hybomitra_tropica_137418_2247167098,© all rights reserved
173875,3880393734,Tabanidae_Haematopota_crassicornis_595090_3880393734,© all rights reserved
174351,3905965197,Tabanidae_Hybomitra_distinguenda_626395_3905965197,http://creativecommons.org/licenses/by-nc-nd/4.0/
178411,3873555028,Tabanidae_Silvius_alpinus_3349973_3873555028,http://creativecommons.org/licenses/by-nc/4.0/
178413,3873555028,Tabanidae_Silvius_alpinus_3349975_3873555028,http://creativecommons.org/licenses/by-nc/4.0/
178570,2815156628,Tabanidae_Heptatoma_pellucens_896103_2815156628,© All rights reserved
178583,1884880556,Tabanidae_Hybomitra_tarandina_772935_1884880556,© All rights reserved
178802,3846087560,Tabanidae_Heptatoma_pellucens_1260776_3846087560,© All rights reserved
178822,2398115849,Tabanidae_Hybomitra_arpadi_2219438_2398115849,© All rights reserved
178824,2398115849,Tabanidae_Hybomitra_arpadi_2219440_2398115849,© All rights reserved
178850,2569359282,Tabanidae_Tabanus_cordiger_871874_2569359282,© All rights reserved
178851,2569359282,Tabanidae_Tabanus_cordiger_871875_2569359282,© All rights reserved
178852,2569359282,Tabanidae_Tabanus_cordiger_871876_2569359282,© All rights reserved
178944,2412424710,Tabanidae_Rhagio_scolopacea_2913477_2412424710,© All rights reserved
179159,1882976237,Tabanidae_Hybomitra_tarandina_2838499_1882976237,© All rights reserved
179160,2569509120,Tabanidae_Tabanus_bromius_2939746_2569509120,© All rights reserved
179168,1883132199,Tabanidae_Hybomitra_auripila_770995_1883132199,© All rights reserved
179249,2818293481,Tabanidae_Atylotus_fulvus_206248_2818293481,© All rights reserved
179250,2818293481,Tabanidae_Atylotus_fulvus_206249_2818293481,© All rights reserved
180155,2814259953,Tabanidae_Rhagio_maculatus_205042_2814259953,http://creativecommons.org/licenses/by-nc/4.0/
180368,2265778367,Tabanidae_Pangonius_pyritosus_1522772_2265778367,http://creativecommons.org/licenses/by-nc/4.0/
180369,2265778367,Tabanidae_Pangonius_pyritosus_1522773_2265778367,http://creativecommons.org/licenses/by-nc/4.0/
180370,2265778367,Tabanidae_Pangonius_pyritosus_1522774_2265778367,http://creativecommons.org/licenses/by-nc/4.0/
180371,2265778367,Tabanidae_Pangonius_pyritosus_1522775_2265778367,http://creativecommons.org/licenses/by-nc/4.0/
181087,2851265421,Tabanidae_Chrysops_relictus_2308255_2851265421,http://creativecommons.org/licenses/by-nc/4.0/
181092,3415389664,Tabanidae_Hybomitra_tarandina_1711241_3415389664,http://creativecommons.org/licenses/by-nc/4.0/
181659,3947688475,Tabanidae_Rhagio_tringaria_1340380_3947688475,http://creativecommons.org/publicdomain/zero/1.0/
182224,3859075829,Tabanidae_Rhagio_annulatus_2646933_3859075829,http://creativecommons.org/licenses/by-nc-sa/4.0/
182727,3902144391,Tabanidae_Chrysops_caecutiens_2673101_3902144391,http://creativecommons.org/licenses/by-nc/4.0/
183109,3451430436,Tabanidae_Chrysops_divaricatus_1144509_3451430436,© All rights reserved
183110,3451430436,Tabanidae_Chrysops_divaricatus_1144510_3451430436,© All rights reserved
183111,3451430436,Tabanidae_Chrysops_divaricatus_1144511_3451430436,© All rights reserved
183317,2313678259,Tabanidae_Chrysops_nigripes_838744_2313678259,http://creativecommons.org/licenses/by/4.0/
183413,2411511020,Tabanidae_Rhagio_lineola_2913280_2411511020,http://creativecommons.org/licenses/by-nc-sa/4.0/
183659,1883025146,Tabanidae_Chrysops_divaricatus_2838540_1883025146,© All rights reserved
183698,1949299678,Tabanidae_Tabanus_bromius_777269_1949299678,© All rights reserved
183735,1933328623,Tabanidae_Hybomitra_ciureai_1464510_1933328623,http://creativecommons.org/licenses/by-sa/4.0/
183736,1933328623,Tabanidae_Hybomitra_ciureai_1464511_1933328623,http://creativecommons.org/licenses/by-sa/4.0/
183773,2818447433,Tabanidae_Hybomitra_lundbecki_2274332_2818447433,© All rights reserved
183774,2818447433,Tabanidae_Hybomitra_lundbecki_2274333_2818447433,© All rights reserved
184009,2621908405,Tabanidae_Dasyrhamphis_ater_2257093_2621908405,
184138,2621919034,Tabanidae_Tabanus_exclusus_2257149_2621919034,
184155,2621919946,Tabanidae_Tabanus_nemoralis_189245_2621919946,
184168,2621920473,Tabanidae_Silvius_variegatus_1568430_2621920473,
184247,2621926765,Tabanidae_Atylotus_quadrifarius_1568459_2621926765,
184343,2621935137,Tabanidae_Haematopota_ocelligera_189321_2621935137,
184347,2621935235,Tabanidae_Hybomitra_tamujosoi_2947643_2621935235,
184449,2621948191,Tabanidae_Pangonius_variegatus_2947679_2621948191,
184461,2621951858,Tabanidae_Atylotus_flavoguttatus_2257268_2621951858,
184462,2621951854,Tabanidae_Atylotus_quadrifarius_2947686_2621951854,
184463,2621951859,Tabanidae_Tabanus_lunatus_2947687_2621951859,
184467,2621951885,Tabanidae_Tabanus_maculicornis_2257270_2621951885,
184468,2621951887,Tabanidae_Tabanus_eggeri_189372_2621951887,
184471,2621951857,Tabanidae_Atylotus_quadrifarius_1568535_2621951857,
184472,2621951855,Tabanidae_Tabanus_unifasciatus_189371_2621951855,
184473,2621951886,Tabanidae_Hybomitra_tamujosoi_2947689_2621951886,
184474,2621951894,Tabanidae_Tabanus_regularis_2257271_2621951894,
184491,2621952869,Tabanidae_Tabanus_lunatus_879430_2621952869,
184527,2621957460,Tabanidae_Atylotus_quadrifarius_2257290_2621957460,
184536,2621957715,Tabanidae_Haematopota_csikii_879440_2621957715,
185993,2397492248,Tabanidae_Dasyrhamphis_ater_2218619_2397492248,http://creativecommons.org/licenses/by-nc/4.0/
186194,3874154789,Tabanidae_Philipomyia_aprica_1283326_3874154789,http://creativecommons.org/licenses/by-nc/4.0/
186776,2859976893,Tabanidae_Tabanus_nemoralis_3000810_2859976893,http://creativecommons.org/licenses/by-nc/4.0/
186777,2859976893,Tabanidae_Tabanus_nemoralis_3000811_2859976893,http://creativecommons.org/licenses/by-nc/4.0/
186858,3061583316,Tabanidae_Rhagio_conspicuus_1651121_3061583316,http://creativecommons.org/licenses/by-nc-sa/4.0/
188588,3872907440,Tabanidae_Philipomyia_aprica_1966328_3872907440,http://creativecommons.org/licenses/by-nc/4.0/
189022,3067921062,Tabanidae_Rhagio_tringaria_2342592_3067921062,http://creativecommons.org/licenses/by-nc/4.0/
189140,2265909574,Tabanidae_Philipomyia_graeca_2212151_2265909574,http://creativecommons.org/licenses/by-nc/4.0/
189141,2265909574,Tabanidae_Philipomyia_graeca_2212152_2265909574,http://creativecommons.org/licenses/by-nc/4.0/
191279,3924195341,Tabanidae_Atylotus_rusticus_2024981_3924195341,© All rights reserved
191587,3313553349,Tabanidae_Hybomitra_auripila_983340_3313553349,© All rights reserved
191618,3862146411,Tabanidae_Rhagio_lineola_2655069_3862146411,© All rights reserved
191679,2402155467,Tabanidae_Hybomitra_tarandina_1531379_2402155467,© All rights reserved
192110,2332714259,Tabanidae_Hybomitra_aterrima_2216995_2332714259,© All rights reserved
192111,2332714259,Tabanidae_Hybomitra_aterrima_2216996_2332714259,© All rights reserved
192112,2332714259,Tabanidae_Hybomitra_aterrima_2216997_2332714259,© All rights reserved
192113,2332714259,Tabanidae_Hybomitra_aterrima_2216998_2332714259,© All rights reserved
192114,2332714259,Tabanidae_Hybomitra_aterrima_2216999_2332714259,© All rights reserved
192115,2332714259,Tabanidae_Hybomitra_aterrima_2217000_2332714259,© All rights reserved
192196,3313595522,Tabanidae_Hybomitra_kaurii_293585_3313595522,© All rights reserved
192275,2406925135,Tabanidae_Rhagio_annulatus_1532556_2406925135,© All rights reserved
192401,3798365468,Tabanidae_Haematopota_italica_3314323_3798365468,© All rights reserved
192449,2406372652,Tabanidae_Hybomitra_auripila_1532404_2406372652,© All rights reserved
193554,3759934883,Tabanidae_Heptatoma_pellucens_1924945_3759934883,http://creativecommons.org/licenses/by-nc/4.0/
193803,3874112251,Tabanidae_Rhagio_tringaria_3352547_3874112251,http://creativecommons.org/licenses/by-nc/4.0/
193984,1703169840,Tabanidae_Philipomyia_graeca_54382_1703169840,http://creativecommons.org/licenses/by-nc/4.0/
193986,1703169840,Tabanidae_Philipomyia_graeca_54384_1703169840,http://creativecommons.org/licenses/by-nc/4.0/
194049,3902100330,Tabanidae_Tabanus_rectus_2672747_3902100330,http://creativecommons.org/licenses/by-nc/4.0/
194050,3902100330,Tabanidae_Tabanus_rectus_2672748_3902100330,http://creativecommons.org/licenses/by-nc/4.0/
194051,3902100330,Tabanidae_Tabanus_rectus_2672749_3902100330,http://creativecommons.org/licenses/by-nc/4.0/
196023,1965618837,Tabanidae_Hybomitra_solstitialis_797731_1965618837,http://creativecommons.org/publicdomain/zero/1.0/
196363,2837248076,Tabanidae_Haematopota_pluvialis_2287373_2837248076,http://creativecommons.org/licenses/by-nc-nd/4.0/
196683,1965860422,Tabanidae_Chrysops_sepulcralis_107458_1965860422,http://creativecommons.org/licenses/by-nc-nd/4.0/
196684,1965860422,Tabanidae_Chrysops_sepulcralis_107459_1965860422,http://creativecommons.org/licenses/by-nc-nd/4.0/
196685,1965860422,Tabanidae_Chrysops_sepulcralis_107460_1965860422,http://creativecommons.org/licenses/by-nc-nd/4.0/
198563,3727908130,Tabanidae_Chrysops_caecutiens_519184_3727908130,http://creativecommons.org/licenses/by-nc-nd/4.0/
200242,3325481216,Tabanidae_Atylotus_fulvus_297320_3325481216,http://creativecommons.org/licenses/by-nc/4.0/
200283,3859920548,Tabanidae_Silvius_alpinus_583319_3859920548,http://creativecommons.org/licenses/by-nc/4.0/
200284,3859920548,Tabanidae_Silvius_alpinus_583320_3859920548,http://creativecommons.org/licenses/by-nc/4.0/
200802,3902362432,Tabanidae_Hybomitra_tarandina_1295883_3902362432,http://creativecommons.org/licenses/by-nc/4.0/
202381,3902011180,Tabanidae_Chrysops_viduatus_1982755_3902011180,http://creativecommons.org/licenses/by-nc/4.0/
203299,3447733244,Tabanidae_Hybomitra_arpadi_3212449_3447733244,http://creativecommons.org/licenses/by-sa/4.0/
203389,3447734746,Tabanidae_Hybomitra_muhlfeldi_1833200_3447734746,http://creativecommons.org/licenses/by-sa/4.0/
203403,3447735143,Tabanidae_Hybomitra_muhlfeldi_3212477_3447735143,http://creativecommons.org/licenses/by-sa/4.0/
203489,3447736797,Tabanidae_Hybomitra_arpadi_454375_3447736797,http://creativecommons.org/licenses/by-sa/4.0/
203490,3447736798,Tabanidae_Chrysops_nigripes_1143759_3447736798,http://creativecommons.org/licenses/by-sa/4.0/
203669,3447757074,Tabanidae_Chrysops_nigripes_1143820_3447757074,http://creativecommons.org/licenses/by-sa/4.0/
203692,3447757335,Tabanidae_Hybomitra_borealis_1143828_3447757335,http://creativecommons.org/licenses/by-sa/4.0/
203696,3447757496,Tabanidae_Atylotus_fulvus_3212570_3447757496,http://creativecommons.org/licenses/by-sa/4.0/
204002,1474345210,Tabanidae_Hybomitra_aterrima_49647_1474345210,© all rights reserved
204003,1474345210,Tabanidae_Hybomitra_aterrima_49648_1474345210,© all rights reserved
204517,1050184038,Tabanidae_Chrysops_sepulcralis_1383975_1050184038,© all rights reserved
205042,1460287195,Tabanidae_Tabanus_bovinus_2807492_1460287195,© all rights reserved
205370,2408532096,Tabanidae_Chrysops_relictus_844148_2408532096,http://creativecommons.org/licenses/by-nc-sa/4.0/
205516,2409219951,Tabanidae_Hybomitra_auripila_2912792_2409219951,© All rights reserved
207588,3727995641,Tabanidae_Haematopota_italica_2587251_3727995641,http://creativecommons.org/licenses/by/4.0/
207793,2815123072,Tabanidae_Hybomitra_lundbecki_2273791_2815123072,http://creativecommons.org/licenses/by-nc-sa/4.0/
207921,3303357778,Tabanidae_Rhagio_annulatus_3050147_3303357778,http://creativecommons.org/licenses/by/4.0/
207929,2409437854,Tabanidae_Chrysops_divaricatus_2222106_2409437854,© All rights reserved
208019,3844699428,Tabanidae_Chrysops_nigripes_3330219_3844699428,© All rights reserved
208414,3335108207,Tabanidae_Rhagio_lineola_2374632_3335108207,http://creativecommons.org/licenses/by-nc/4.0/
208703,3383835638,Tabanidae_Silvius_alpinus_1696814_3383835638,http://creativecommons.org/licenses/by-nc/4.0/
209194,3067669553,Tabanidae_Chrysops_flavidus_1652055_3067669553,http://creativecommons.org/licenses/by/4.0/
209226,2814026406,Tabanidae_Chrysops_divaricatus_204278_2814026406,http://creativecommons.org/licenses/by-nc/4.0/
211670,3320277331,Tabanidae_Hybomitra_tarandina_1673693_3320277331,© All rights reserved
211671,3320277331,Tabanidae_Hybomitra_tarandina_1673694_3320277331,© All rights reserved
211673,3320277331,Tabanidae_Hybomitra_tarandina_1673696_3320277331,© All rights reserved
211674,3320277331,Tabanidae_Hybomitra_tarandina_1673697_3320277331,© All rights reserved
211932,1431947362,Tabanidae_Chrysops_relictus_44430_1431947362,© all rights reserved
212123,3447936314,Tabanidae_Rhagio_maculatus_1833434_3447936314,http://creativecommons.org/licenses/by-sa/4.0/
212742,3732609255,Tabanidae_Rhagio_immaculatus_1917581_3732609255,http://creativecommons.org/licenses/by-nc-nd/4.0/
215892,1955356689,Tabanidae_Chrysops_relictus_2161004_1955356689,http://creativecommons.org/licenses/by-nc-nd/4.0/
217178,3826153602,Tabanidae_Rhagio_scolopacea_2635689_3826153602,http://creativecommons.org/licenses/by/4.0/
217325,3717362824,Tabanidae_Chrysops_rufipes_1861122_3717362824,http://creativecommons.org/licenses/by-nc-nd/4.0/
217515,3906423456,Tabanidae_Haematopota_italica_2696730_3906423456,http://creativecommons.org/licenses/by-nc-nd/4.0/
218152,3826914935,Tabanidae_Rhagio_scolopacea_1948020_3826914935,http://creativecommons.org/licenses/by-nc-nd/4.0/
218487,2832693682,Tabanidae_Chrysops_sepulcralis_901400_2832693682,http://creativecommons.org/licenses/by-nc-nd/4.0/
218604,1967346285,Tabanidae_Haematopota_crassicornis_2178740_1967346285,http://creativecommons.org/licenses/by-nc-sa/4.0/
219767,3904207575,Tabanidae_Tabanus_maculicornis_1304595_3904207575,http://creativecommons.org/licenses/by-nc-nd/4.0/
219828,1961345396,Tabanidae_Tabanus_autumnalis_101829_1961345396,http://creativecommons.org/licenses/by/4.0/
220409,2836971551,Tabanidae_Hybomitra_bimaculata_908857_2836971551,http://creativecommons.org/licenses/by-nc-nd/4.0/
220909,3873378338,Tabanidae_Hybomitra_distinguenda_1279589_3873378338,http://creativecommons.org/licenses/by/4.0/
220911,3873378338,Tabanidae_Hybomitra_distinguenda_1279591_3873378338,http://creativecommons.org/licenses/by/4.0/
222367,3039154411,Tabanidae_Chrysops_divaricatus_1646426_3039154411,http://creativecommons.org/licenses/by-nc/4.0/
223175,3880280597,Tabanidae_Tabanus_sudeticus_1973248_3880280597,© all rights reserved
223333,3993521581,Tabanidae_Hybomitra_bimaculata_663177_3993521581,© all rights reserved
223389,3880225254,Tabanidae_Tabanus_bovinus_1283983_3880225254,© all rights reserved
223452,1431935696,Tabanidae_Atylotus_fulvus_1424336_1431935696,© all rights reserved
223457,997716712,Tabanidae_Hybomitra_muhlfeldi_2758643_997716712,© all rights reserved
223577,3447932537,Tabanidae_Rhagio_lineola_454574_3447932537,http://creativecommons.org/licenses/by-sa/4.0/
223651,3448651816,Tabanidae_Hybomitra_bimaculata_3213006_3448651816,http://creativecommons.org/licenses/by-sa/4.0/
224376,1962657903,Tabanidae_Atylotus_latistriatus_793942_1962657903,http://creativecommons.org/licenses/by-nc-sa/4.0/
224377,1962657903,Tabanidae_Atylotus_latistriatus_793943_1962657903,http://creativecommons.org/licenses/by-nc-sa/4.0/
224413,3722384026,Tabanidae_Tabanus_bromius_1192292_3722384026,http://creativecommons.org/licenses/by-nc-nd/4.0/
224756,3906699341,Tabanidae_Chrysops_relictus_1319301_3906699341,http://creativecommons.org/licenses/by-nc-nd/4.0/
224856,1967869235,Tabanidae_Hybomitra_bimaculata_2178975_1967869235,http://creativecommons.org/licenses/by-nc/4.0/
225053,3721682432,Tabanidae_Haematopota_subcylindrica_1876590_3721682432,http://creativecommons.org/licenses/by-nc-nd/4.0/
225153,3904684278,Tabanidae_Rhagio_lineola_618922_3904684278,http://creativecommons.org/licenses/by-nc-nd/4.0/
227159,3717633424,Tabanidae_Hybomitra_muehlfeldi_3242029_3717633424,http://creativecommons.org/licenses/by-nc-nd/4.0/
228070,3906051868,Tabanidae_Atylotus_rusticus_2004707_3906051868,http://creativecommons.org/licenses/by-nc-nd/4.0/
228721,2842108538,Tabanidae_Tabanus_bromius_1606419_2842108538,http://creativecommons.org/licenses/by-nc-nd/4.0/
230136,2842661523,Tabanidae_Haematopota_pluvialis_228958_2842661523,http://creativecommons.org/licenses/by-nc-nd/4.0/
230398,2332760187,Tabanidae_Hybomitra_kaurii_2907659_2332760187,© All rights reserved
231020,2401635029,Tabanidae_Chrysops_divaricatus_2220292_2401635029,http://creativecommons.org/licenses/by-nc-sa/4.0/
231159,2398981588,Tabanidae_Rhagio_annulatus_2910278_2398981588,© All rights reserved
231214,2408324355,Tabanidae_Tabanus_bovinus_2221854_2408324355,© All rights reserved
231230,3451473374,Tabanidae_Haematopota_italica_3213289_3451473374,© All rights reserved
231637,2408536806,Tabanidae_Hybomitra_auripila_2912648_2408536806,© All rights reserved
231957,3905036770,Tabanidae_Rhagio_immaculatus_3378862_3905036770,http://creativecommons.org/licenses/by-nc-nd/4.0/
232490,3716581416,Tabanidae_Tabanus_maculicornis_3236527_3716581416,http://creativecommons.org/licenses/by-nc-nd/4.0/
233064,2833171031,Tabanidae_Philipomyia_aprica_901824_2833171031,http://creativecommons.org/licenses/by-nc/4.0/
233066,2833171031,Tabanidae_Philipomyia_aprica_901826_2833171031,http://creativecommons.org/licenses/by-nc/4.0/
233067,2833171031,Tabanidae_Philipomyia_aprica_901827_2833171031,http://creativecommons.org/licenses/by-nc/4.0/
233068,2833171031,Tabanidae_Philipomyia_aprica_901828_2833171031,http://creativecommons.org/licenses/by-nc/4.0/
233069,2833171031,Tabanidae_Philipomyia_aprica_901829_2833171031,http://creativecommons.org/licenses/by-nc/4.0/
233593,3722779386,Tabanidae_Hybomitra_solstitialis_505698_3722779386,http://creativecommons.org/licenses/by-nc-nd/4.0/
233743,1973033512,Tabanidae_Hybomitra_muehlfeldi_2186886_1973033512,http://creativecommons.org/licenses/by-nc-nd/4.0/
234791,2844989299,Tabanidae_Rhagio_scolopacea_1612814_2844989299,http://creativecommons.org/licenses/by-nc/4.0/
236025,2467959649,Tabanidae_Hybomitra_nitidifrons_164951_2467959649,© All rights reserved
236026,2467959649,Tabanidae_Hybomitra_nitidifrons_164952_2467959649,© All rights reserved
236056,3844616446,Tabanidae_Hybomitra_kaurii_2639325_3844616446,© All rights reserved
236094,3451550438,Tabanidae_Haematopota_italica_1144636_3451550438,© All rights reserved
236146,2399264818,Tabanidae_Rhagio_lineola_1530667_2399264818,© All rights reserved
236176,2409857072,Tabanidae_Hybomitra_aterrima_844485_2409857072,© All rights reserved
236177,2409857072,Tabanidae_Hybomitra_aterrima_844486_2409857072,© All rights reserved
236178,2409857072,Tabanidae_Hybomitra_aterrima_844487_2409857072,© All rights reserved
236345,1883205557,Tabanidae_Atylotus_sublunaticornis_80167_1883205557,© All rights reserved
236346,1883205557,Tabanidae_Atylotus_sublunaticornis_80168_1883205557,© All rights reserved
236347,1883205557,Tabanidae_Atylotus_sublunaticornis_80169_1883205557,© All rights reserved
236356,2631809401,Tabanidae_Hybomitra_aterrima_881296_2631809401,© All rights reserved
236357,2631809401,Tabanidae_Hybomitra_aterrima_881297_2631809401,© All rights reserved
236453,2468015260,Tabanidae_Chrysops_nigripes_164982_2468015260,© All rights reserved
236560,2410788082,Tabanidae_Hybomitra_auripila_1533480_2410788082,© All rights reserved
236589,3414555354,Tabanidae_Chrysops_nigripes_1710986_3414555354,© All rights reserved
236592,3414555354,Tabanidae_Chrysops_nigripes_1710989_3414555354,© All rights reserved
236649,3878960505,Tabanidae_Rhagio_maculatus_2662099_3878960505,© All rights reserved
237415,3904322093,Tabanidae_Heptatoma_pellucens_3374626_3904322093,http://creativecommons.org/licenses/by-nc-nd/4.0/
237943,3721912740,Tabanidae_Atylotus_latistriatus_500160_3721912740,http://creativecommons.org/licenses/by/4.0/
238592,1959816780,Tabanidae_Chrysops_rufipes_1479046_1959816780,http://creativecommons.org/licenses/by-nc-nd/4.0/
238615,3905183773,Tabanidae_Haematopota_italica_621915_3905183773,http://creativecommons.org/licenses/by-nc-nd/4.0/
238874,2836302193,Tabanidae_Haematopota_subcylindrica_907676_2836302193,http://creativecommons.org/licenses/by-nc/4.0/
239039,1970551397,Tabanidae_Hybomitra_bimaculata_2873700_1970551397,http://creativecommons.org/publicdomain/zero/1.0/
239178,3729876492,Tabanidae_Chrysops_viduatus_1903282_3729876492,http://creativecommons.org/licenses/by-nc-nd/4.0/
239462,3721460126,Tabanidae_Hybomitra_micans_1185618_3721460126,http://creativecommons.org/licenses/by-nc-nd/4.0/
239463,3721460126,Tabanidae_Hybomitra_micans_1185619_3721460126,http://creativecommons.org/licenses/by-nc-nd/4.0/
239464,3721460126,Tabanidae_Hybomitra_micans_1185620_3721460126,http://creativecommons.org/licenses/by-nc-nd/4.0/
239465,3721460126,Tabanidae_Hybomitra_micans_1185621_3721460126,http://creativecommons.org/licenses/by-nc-nd/4.0/
239567,3995421999,Tabanidae_Therioplectes_tricolor_1354672_3995421999,http://creativecommons.org/licenses/by-nc-nd/4.0/
240028,3905257799,Tabanidae_Hybomitra_montana_622357_3905257799,http://creativecommons.org/licenses/by-nc-nd/4.0/
240228,3727535740,Tabanidae_Chrysops_relictus_2585868_3727535740,http://creativecommons.org/licenses/by-nc-nd/4.0/
240417,3717595323,Tabanidae_Hybomitra_muehlfeldi_3241835_3717595323,http://creativecommons.org/licenses/by-sa/4.0/
240420,3717595323,Tabanidae_Hybomitra_muehlfeldi_3241838_3717595323,http://creativecommons.org/licenses/by-sa/4.0/
241572,3721766466,Tabanidae_Hybomitra_solstitialis_1877269_3721766466,http://creativecommons.org/licenses/by/4.0/
242396,3727636069,Tabanidae_Atylotus_fulvus_3276751_3727636069,http://creativecommons.org/licenses/by-nc/4.0/
242466,1972007306,Tabanidae_Rhagio_immaculatus_2875112_1972007306,http://creativecommons.org/licenses/by-nc-nd/4.0/
242685,2845090320,Tabanidae_Rhagio_lineola_2302279_2845090320,http://creativecommons.org/licenses/by-nc/4.0/
243265,2834803667,Tabanidae_Rhagio_strigosus_2974579_2834803667,http://creativecommons.org/licenses/by-nc/4.0/
244464,3721322020,Tabanidae_Tabanus_sudeticus_1184592_3721322020,http://creativecommons.org/licenses/by-nc-nd/4.0/
244623,3717468930,Tabanidae_Tabanus_autumnalis_1861670_3717468930,http://creativecommons.org/licenses/by-nc/4.0/
245061,3728946043,Tabanidae_Heptatoma_pellucens_1211131_3728946043,http://creativecommons.org/licenses/by-nc-nd/4.0/
245222,1973154797,Tabanidae_Chrysops_sepulcralis_1497859_1973154797,http://creativecommons.org/licenses/by/4.0/
245411,1957518635,Tabanidae_Haematopota_italica_2164342_1957518635,http://creativecommons.org/licenses/by-nc-nd/4.0/
245766,1969352641,Tabanidae_Heptatoma_pellucens_112470_1969352641,http://creativecommons.org/licenses/by-nc/4.0/
245767,1969352641,Tabanidae_Heptatoma_pellucens_112471_1969352641,http://creativecommons.org/licenses/by-nc/4.0/
246054,3721906537,Tabanidae_Hybomitra_montana_1878361_3721906537,http://creativecommons.org/licenses/by-nc-nd/4.0/
248491,3906943988,Tabanidae_Hybomitra_distinguenda_632165_3906943988,http://creativecommons.org/licenses/by-nc-nd/4.0/
249334,1965930588,Tabanidae_Haematopota_pluvialis_798366_1965930588,http://creativecommons.org/licenses/by-nc-nd/4.0/
249444,3720815182,Tabanidae_Haematopota_pluvialis_1181712_3720815182,http://creativecommons.org/licenses/by-nc-nd/4.0/
249758,3825883144,Tabanidae_Hybomitra_bimaculata_2635012_3825883144,http://creativecommons.org/licenses/by-nc-nd/4.0/
249790,3904356660,Tabanidae_Rhagio_scolopacea_1305504_3904356660,http://creativecommons.org/licenses/by-nc-nd/4.0/
249861,3731570299,Tabanidae_Rhagio_immaculatus_1223039_3731570299,http://creativecommons.org/licenses/by-nc-nd/4.0/
251906,1973588747,Tabanidae_Haematopota_italica_2187643_1973588747,http://creativecommons.org/licenses/by-nc-nd/4.0/
251923,2840542735,Tabanidae_Chrysops_rufipes_914458_2840542735,http://creativecommons.org/licenses/by-nc-nd/4.0/
253392,3721323208,Tabanidae_Chrysops_relictus_495792_3721323208,http://creativecommons.org/licenses/by-nc-nd/4.0/
253681,1973793274,Tabanidae_Hybomitra_muehlfeldi_2188207_1973793274,http://creativecommons.org/licenses/by-nc-nd/4.0/
253786,3448704379,Tabanidae_Chrysops_sepulcralis_1833768_3448704379,http://creativecommons.org/licenses/by-sa/4.0/
253807,3448964031,Tabanidae_Rhagio_maculatus_455031_3448964031,http://creativecommons.org/licenses/by-sa/4.0/
253825,3447980329,Tabanidae_Rhagio_annulatus_1833476_3447980329,http://creativecommons.org/licenses/by-sa/4.0/
253973,1431851085,Tabanidae_Hybomitra_arpadi_735391_1431851085,© all rights reserved
253988,1427644626,Tabanidae_Hybomitra_tarandina_43759_1427644626,© all rights reserved
253989,1427644626,Tabanidae_Hybomitra_tarandina_43760_1427644626,© all rights reserved
254155,1884429549,Tabanidae_Rhagio_maculatus_1461051_1884429549,© all rights reserved
254156,1884429549,Tabanidae_Rhagio_maculatus_1461052_1884429549,© all rights reserved
254157,1884429549,Tabanidae_Rhagio_maculatus_1461053_1884429549,© all rights reserved
254321,3398945405,Tabanidae_Pangonius_micans_1707359_3398945405,http://creativecommons.org/licenses/by-nc/4.0/
254872,3874106358,Tabanidae_Chrysops_nigripes_594010_3874106358,http://creativecommons.org/licenses/by-nc/4.0/
254952,3872880589,Tabanidae_Tabanus_glaucopis_1277058_3872880589,http://creativecommons.org/licenses/by-nc/4.0/
254953,3872880589,Tabanidae_Tabanus_glaucopis_1277059_3872880589,http://creativecommons.org/licenses/by-nc/4.0/
255205,3059021482,Tabanidae_Rhagio_maculatus_1650439_3059021482,http://creativecommons.org/licenses/by-nc/4.0/
255206,3059021482,Tabanidae_Rhagio_maculatus_1650440_3059021482,http://creativecommons.org/licenses/by-nc/4.0/
256433,2999051000,Tabanidae_Heptatoma_pellucens_3017795_2999051000,http://creativecommons.org/licenses/by-nc/4.0/
256531,3859784098,Tabanidae_Haematopota_pluvialis_2650285_3859784098,http://creativecommons.org/licenses/by-nc/4.0/
256902,3902328535,Tabanidae_Chrysops_caecutiens_1984995_3902328535,http://creativecommons.org/licenses/by/4.0/
256982,3902160971,Tabanidae_Hybomitra_aequetincta_605681_3902160971,http://creativecommons.org/licenses/by-nc/4.0/
257062,2550026553,Tabanidae_Dasyrhamphis_ater_858724_2550026553,http://creativecommons.org/licenses/by-nc/4.0/
257364,3903470063,Tabanidae_Chrysops_flavidus_3370778_3903470063,http://creativecommons.org/licenses/by-nc/4.0/
258472,2397482427,Tabanidae_Philipomyia_graeca_840984_2397482427,http://creativecommons.org/licenses/by-nc/4.0/
259655,3760323511,Tabanidae_Rhagio_atlanticus_1925960_3760323511,http://creativecommons.org/licenses/by-nc/4.0/
259656,3760323511,Tabanidae_Rhagio_atlanticus_1925961_3760323511,http://creativecommons.org/licenses/by-nc/4.0/
259675,3743207390,Tabanidae_Tabanus_nemoralis_1230927_3743207390,http://creativecommons.org/licenses/by-nc/4.0/
259823,3902318449,Tabanidae_Chrysops_caecutiens_606829_3902318449,http://creativecommons.org/licenses/by-nc/4.0/
260566,3902128754,Tabanidae_Silvius_alpinus_2672965_3902128754,http://creativecommons.org/licenses/by-nc/4.0/
260567,3902128754,Tabanidae_Silvius_alpinus_2672966_3902128754,http://creativecommons.org/licenses/by-nc/4.0/
260568,3902128754,Tabanidae_Silvius_alpinus_2672967_3902128754,http://creativecommons.org/licenses/by-nc/4.0/
260649,2633471247,Tabanidae_Hybomitra_caucasica_2262776_2633471247,http://creativecommons.org/licenses/by-nc-sa/4.0/
260922,3860751794,Tabanidae_Rhagio_lineola_587113_3860751794,http://creativecommons.org/licenses/by-nc/4.0/
261297,3889188442,Tabanidae_Rhagio_notatus_2668951_3889188442,http://creativecommons.org/licenses/by/4.0/
263027,2823087068,Tabanidae_Tabanus_sudeticus_207834_2823087068,http://creativecommons.org/licenses/by-nc/4.0/
263132,3430473160,Tabanidae_Tabanus_bovinus_1715299_3430473160,© all rights reserved
263133,3430473160,Tabanidae_Tabanus_bovinus_1715300_3430473160,© all rights reserved
263134,3430473160,Tabanidae_Tabanus_bovinus_1715301_3430473160,© all rights reserved
263212,1459685177,Tabanidae_Atylotus_sublunaticornis_738823_1459685177,© all rights reserved
263217,3880340809,Tabanidae_Tabanus_bovinus_595065_3880340809,© all rights reserved
263316,2558643988,Tabanidae_Hybomitra_bimaculata_1548089_2558643988,© all rights reserved
263370,1051417345,Tabanidae_Tabanus_bovinus_4173_1051417345,© all rights reserved
263409,1431865372,Tabanidae_Hybomitra_auripila_44372_1431865372,© all rights reserved
263410,1431865372,Tabanidae_Hybomitra_auripila_44373_1431865372,© all rights reserved
263631,3433113956,Tabanidae_Tabanus_cordiger_1027643_3433113956,© all rights reserved
263632,3433113956,Tabanidae_Tabanus_cordiger_1027644_3433113956,© all rights reserved
263681,932195335,Tabanidae_Rhagio_maculatus_1378296_932195335,© all rights reserved
263682,932195335,Tabanidae_Rhagio_maculatus_1378297_932195335,© all rights reserved
263736,3429515224,Tabanidae_Hybomitra_tarandina_336079_3429515224,© all rights reserved
263807,1459900589,Tabanidae_Rhagio_maculatus_2117299_1459900589,© all rights reserved
264114,1884321413,Tabanidae_Chrysops_sepulcralis_2150278_1884321413,© all rights reserved
264266,1459670064,Tabanidae_Atylotus_plebeius_47484_1459670064,© all rights reserved
264509,1427703851,Tabanidae_Rhagio_scolopacea_734863_1427703851,© all rights reserved
264695,3433745405,Tabanidae_Tabanus_sudeticus_1027989_3433745405,© all rights reserved
264745,3857722095,Tabanidae_Hybomitra_nitidifrons_2640336_3857722095,© all rights reserved
264746,3857722095,Tabanidae_Hybomitra_nitidifrons_2640337_3857722095,© all rights reserved
264759,1431511992,Tabanidae_Hybomitra_nitidifrons_735218_1431511992,© all rights reserved
264829,1055100717,Tabanidae_Hybomitra_expollicata_2073577_1055100717,© all rights reserved
264830,1055100717,Tabanidae_Hybomitra_expollicata_2073578_1055100717,© all rights reserved
264831,1055100717,Tabanidae_Hybomitra_expollicata_2073579_1055100717,© all rights reserved
264866,3434529854,Tabanidae_Rhagio_maculatus_1717443_3434529854,© all rights reserved
265184,3776930556,Tabanidae_Hybomitra_nitidifrons_1931129_3776930556,© all rights reserved
265185,3776930556,Tabanidae_Hybomitra_nitidifrons_1931130_3776930556,© all rights reserved
265412,1460053484,Tabanidae_Hybomitra_aterrima_739623_1460053484,© all rights reserved
265413,1460053484,Tabanidae_Hybomitra_aterrima_739624_1460053484,© all rights reserved
265717,3993055598,Tabanidae_Hybomitra_lurida_662987_3993055598,© all rights reserved
265719,3993055598,Tabanidae_Hybomitra_lurida_662989_3993055598,© all rights reserved
265720,3993055598,Tabanidae_Hybomitra_lurida_662990_3993055598,© all rights reserved
265782,2808508914,Tabanidae_Atylotus_fulvus_202875_2808508914,© all rights reserved
266049,1037069979,Tabanidae_Tabanus_bromius_1383471_1037069979,© all rights reserved
266257,3431492471,Tabanidae_Tabanus_sudeticus_3095238_3431492471,© all rights reserved
267280,932042263,Tabanidae_Atylotus_sublunaticornis_2067565_932042263,© all rights reserved
267321,2247010602,Tabanidae_Hybomitra_arpadi_2205502_2247010602,© all rights reserved
267324,2247010602,Tabanidae_Hybomitra_arpadi_2205505_2247010602,© all rights reserved
267353,3432865332,Tabanidae_Tabanus_miki_1716477_3432865332,© all rights reserved
267354,3432865332,Tabanidae_Tabanus_miki_1716478_3432865332,© all rights reserved
267355,3432865332,Tabanidae_Tabanus_miki_1716479_3432865332,© all rights reserved
267444,1459890410,Tabanidae_Hybomitra_tarandina_2806802_1459890410,© all rights reserved
267471,1460092873,Tabanidae_Hybomitra_nitidifrons_739681_1460092873,© all rights reserved
267473,1460092873,Tabanidae_Hybomitra_nitidifrons_739683_1460092873,© all rights reserved
267550,1431696526,Tabanidae_Hybomitra_tarandina_2113473_1431696526,© all rights reserved
267553,1884190587,Tabanidae_Rhagio_maculatus_1460874_1884190587,© all rights reserved
267554,1884190587,Tabanidae_Rhagio_maculatus_1460875_1884190587,© all rights reserved
267731,1037122023,Tabanidae_Hybomitra_muhlfeldi_1383487_1037122023,© all rights reserved
267732,1037122023,Tabanidae_Hybomitra_muhlfeldi_1383488_1037122023,© all rights reserved
267733,1037122023,Tabanidae_Hybomitra_muhlfeldi_1383489_1037122023,© all rights reserved
268553,1669946957,Tabanidae_Hybomitra_tarandina_2811376_1669946957,© all rights reserved
268641,1458610480,Tabanidae_Atylotus_fulvus_2115813_1458610480,© all rights reserved
268776,2274598025,Tabanidae_Tabanus_bovinus_2904329_2274598025,© all rights reserved
268794,3857868458,Tabanidae_Tabanus_sudeticus_1950994_3857868458,© all rights reserved
268882,3432575935,Tabanidae_Tabanus_bovinus_3095738_3432575935,© all rights reserved
269124,1460319320,Tabanidae_Hybomitra_tarandina_48874_1460319320,© all rights reserved
269372,932120213,Tabanidae_Hybomitra_auripila_3447149_932120213,© all rights reserved
269399,3880011772,Tabanidae_Tabanus_glaucopis_3353362_3880011772,© all rights reserved
269400,3880011772,Tabanidae_Tabanus_glaucopis_3353363_3880011772,© all rights reserved
269684,1432108730,Tabanidae_Chrysops_caecutiens_2803133_1432108730,© all rights reserved
270289,3432676774,Tabanidae_Tabanus_bovinus_1716365_3432676774,© all rights reserved
270436,2848052755,Tabanidae_Tabanus_bovinus_2303816_2848052755,© all rights reserved
270520,1884485204,Tabanidae_Tabanus_sudeticus_1461079_1884485204,© all rights reserved
270935,1459894639,Tabanidae_Rhagio_annulatus_739338_1459894639,© all rights reserved
271169,1807028693,Tabanidae_Hybomitra_auripila_2124502_1807028693,© all rights reserved
271322,3434262045,Tabanidae_Hybomitra_muhlfeldi_2406327_3434262045,© all rights reserved
271323,3434262045,Tabanidae_Hybomitra_muhlfeldi_2406328_3434262045,© all rights reserved
271324,3434262045,Tabanidae_Hybomitra_muhlfeldi_2406329_3434262045,© all rights reserved
271325,3434262045,Tabanidae_Hybomitra_muhlfeldi_2406330_3434262045,© all rights reserved
271505,2808027211,Tabanidae_Hybomitra_tarandina_892974_2808027211,© all rights reserved
271530,1670602542,Tabanidae_Tabanus_glaucopis_2122243_1670602542,© all rights reserved
271810,1460274825,Tabanidae_Heptatoma_pellucens_48729_1460274825,© all rights reserved
271820,2247166805,Tabanidae_Hybomitra_nitidifrons_137416_2247166805,© all rights reserved
272147,1460422648,Tabanidae_Hybomitra_montana_2118300_1460422648,© all rights reserved
272464,1460320875,Tabanidae_Hybomitra_muhlfeldi_1428732_1460320875,© all rights reserved
272465,1460320875,Tabanidae_Hybomitra_muhlfeldi_1428733_1460320875,© all rights reserved
272602,3000586373,Tabanidae_Hybomitra_arpadi_1638126_3000586373,© all rights reserved
272604,3000586373,Tabanidae_Hybomitra_arpadi_1638128_3000586373,© all rights reserved
272605,3000586373,Tabanidae_Hybomitra_arpadi_1638129_3000586373,© all rights reserved
272638,1669875452,Tabanidae_Chrysops_sepulcralis_52877_1669875452,© all rights reserved
272849,2273005327,Tabanidae_Haematopota_crassicornis_2903593_2273005327,© all rights reserved
272996,1434201722,Tabanidae_Hybomitra_lurida_2114496_1434201722,© all rights reserved
272997,1434201722,Tabanidae_Hybomitra_lurida_2114497_1434201722,© all rights reserved
272998,1434201722,Tabanidae_Hybomitra_lurida_2114498_1434201722,© all rights reserved
273161,1046599244,Tabanidae_Rhagio_annulatus_695368_1046599244,© all rights reserved
273178,3856869657,Tabanidae_Chrysops_viduatus_2639790_3856869657,© all rights reserved
273523,1459627118,Tabanidae_Chrysops_viduatus_1427223_1459627118,© all rights reserved
273661,2808384729,Tabanidae_Chrysops_relictus_893170_2808384729,© all rights reserved
273676,2295196271,Tabanidae_Chrysops_divaricatus_838175_2295196271,© all rights reserved
273677,2295196271,Tabanidae_Chrysops_divaricatus_838176_2295196271,© all rights reserved
273935,2272957935,Tabanidae_Chrysops_sepulcralis_2903541_2272957935,© all rights reserved
274349,1051351365,Tabanidae_Hybomitra_nitidifrons_2762866_1051351365,© all rights reserved
274351,1051351365,Tabanidae_Hybomitra_nitidifrons_2762868_1051351365,© all rights reserved
274378,1432254610,Tabanidae_Chrysops_divaricatus_2113850_1432254610,© all rights reserved
274379,1432254610,Tabanidae_Chrysops_divaricatus_2113851_1432254610,© all rights reserved
274428,1890239218,Tabanidae_Atylotus_sublunaticornis_2150940_1890239218,© all rights reserved
274429,1890239218,Tabanidae_Atylotus_sublunaticornis_2150941_1890239218,© all rights reserved
274430,1890239218,Tabanidae_Atylotus_sublunaticornis_2150942_1890239218,© all rights reserved
274897,1821125299,Tabanidae_Atylotus_sublunaticornis_55953_1821125299,© all rights reserved
274898,1821125299,Tabanidae_Atylotus_sublunaticornis_55954_1821125299,© all rights reserved
275220,2381640527,Tabanidae_Hybomitra_lundbecki_2908969_2381640527,© all rights reserved
275222,2381640527,Tabanidae_Hybomitra_lundbecki_2908971_2381640527,© all rights reserved
275447,3880081455,Tabanidae_Tabanus_bovinus_3353431_3880081455,© all rights reserved
275510,3433054659,Tabanidae_Atylotus_fulvus_337878_3433054659,© all rights reserved
275512,3433054659,Tabanidae_Atylotus_fulvus_337880_3433054659,© all rights reserved
275704,3857326265,Tabanidae_Hybomitra_tarandina_1950586_3857326265,© all rights reserved
275863,3856533343,Tabanidae_Hybomitra_lundbecki_2639599_3856533343,© all rights reserved
275874,932103205,Tabanidae_Hybomitra_kaurii_1378236_932103205,© all rights reserved
275875,932103205,Tabanidae_Hybomitra_kaurii_1378237_932103205,© all rights reserved
275905,1460459110,Tabanidae_Chrysops_sepulcralis_1429050_1460459110,© all rights reserved
275906,1460459110,Tabanidae_Chrysops_sepulcralis_1429051_1460459110,© all rights reserved
276989,3995402993,Tabanidae_Hybomitra_muehlfeldi_3423964_3995402993,http://creativecommons.org/licenses/by-nc-nd/4.0/
276990,3995402993,Tabanidae_Hybomitra_muehlfeldi_3423965_3995402993,http://creativecommons.org/licenses/by-nc-nd/4.0/
276991,3995402993,Tabanidae_Hybomitra_muehlfeldi_3423966_3995402993,http://creativecommons.org/licenses/by-nc-nd/4.0/
277295,3904242298,Tabanidae_Rhagio_lineola_1994217_3904242298,http://creativecommons.org/licenses/by-nc-nd/4.0/
277923,2834504876,Tabanidae_Atylotus_latistriatus_2973924_2834504876,http://creativecommons.org/licenses/by-nc-nd/4.0/
277925,2834504876,Tabanidae_Atylotus_latistriatus_2973926_2834504876,http://creativecommons.org/licenses/by-nc-nd/4.0/
280037,3997376168,Tabanidae_Hybomitra_solstitialis_2050517_3997376168,http://creativecommons.org/licenses/by-nc-nd/4.0/
280091,3995047889,Tabanidae_Rhagio_tringaria_2732449_3995047889,http://creativecommons.org/licenses/by-nc-nd/4.0/
280235,2837563351,Tabanidae_Hybomitra_bimaculata_2978657_2837563351,http://creativecommons.org/licenses/by-sa/4.0/
280868,2822913435,Tabanidae_Chrysops_sepulcralis_207670_2822913435,© All rights reserved
281029,2815113763,Tabanidae_Chrysops_divaricatus_2964300_2815113763,© All rights reserved
281030,2815113763,Tabanidae_Chrysops_divaricatus_2964301_2815113763,© All rights reserved
281031,2815113763,Tabanidae_Chrysops_divaricatus_2964302_2815113763,© All rights reserved
281376,2836327841,Tabanidae_Heptatoma_pellucens_2285555_2836327841,http://creativecommons.org/licenses/by-nc/4.0/
282471,3906669235,Tabanidae_Hybomitra_muehlfeldi_630624_3906669235,http://creativecommons.org/licenses/by-nc-nd/4.0/
282924,3823734625,Tabanidae_Rhagio_scolopacea_2629913_3823734625,http://creativecommons.org/licenses/by-nc-nd/4.0/
283721,3717590002,Tabanidae_Chrysops_caecutiens_2551597_3717590002,http://creativecommons.org/licenses/by-nc/4.0/
284055,1958018126,Tabanidae_Rhagio_scolopacea_2855386_1958018126,http://creativecommons.org/licenses/by-nc-sa/4.0/
284319,3722308878,Tabanidae_Haematopota_subcylindrica_1881268_3722308878,http://creativecommons.org/licenses/by-nc-sa/4.0/
284320,3722308878,Tabanidae_Haematopota_subcylindrica_1881269_3722308878,http://creativecommons.org/licenses/by-nc-sa/4.0/
285709,1050184463,Tabanidae_Hybomitra_lundbecki_2762845_1050184463,© all rights reserved
285710,1050184463,Tabanidae_Hybomitra_lundbecki_2762846_1050184463,© all rights reserved
285838,1670778231,Tabanidae_Chrysops_nigripes_1432973_1670778231,© all rights reserved
286099,4018361303,Tabanidae_Philipomyia_graeca_2059285_4018361303,http://creativecommons.org/licenses/by/4.0/
286100,4018361303,Tabanidae_Philipomyia_graeca_2059286_4018361303,http://creativecommons.org/licenses/by/4.0/
286101,4018361303,Tabanidae_Philipomyia_graeca_2059287_4018361303,http://creativecommons.org/licenses/by/4.0/
286147,3902272347,Tabanidae_Chrysops_caecutiens_1295315_3902272347,http://creativecommons.org/licenses/by-nc/4.0/
286956,2366036399,Tabanidae_Tabanus_sudeticus_1528957_2366036399,http://creativecommons.org/licenses/by-nc/4.0/
287703,3881410430,Tabanidae_Rhagio_notatus_3355259_3881410430,http://creativecommons.org/publicdomain/zero/1.0/
288142,3994101757,Tabanidae_Tabanus_glaucopis_663565_3994101757,http://creativecommons.org/licenses/by-nc/4.0/
288143,3994101757,Tabanidae_Tabanus_glaucopis_663566_3994101757,http://creativecommons.org/licenses/by-nc/4.0/
288258,2802751029,Tabanidae_Silvius_variegatus_201035_2802751029,http://creativecommons.org/licenses/by-nc/4.0/
288259,2802751029,Tabanidae_Silvius_variegatus_201036_2802751029,http://creativecommons.org/licenses/by-nc/4.0/
290716,3826773204,Tabanidae_Rhagio_immaculatus_3327939_3826773204,http://creativecommons.org/licenses/by-nc-nd/4.0/
290723,3825374494,Tabanidae_Tabanus_autumnalis_1255076_3825374494,http://creativecommons.org/licenses/by-nc-nd/4.0/
292590,3719602983,Tabanidae_Chrysops_rufipes_3247406_3719602983,http://creativecommons.org/licenses/by-nc/4.0/
293455,2834270029,Tabanidae_Chrysops_rufipes_2973044_2834270029,http://creativecommons.org/licenses/by-nc-nd/4.0/
294188,1973705602,Tabanidae_Hybomitra_bimaculata_810391_1973705602,http://creativecommons.org/licenses/by-nc-nd/4.0/
294536,3905621878,Tabanidae_Hybomitra_solstitialis_2691778_3905621878,http://creativecommons.org/licenses/by-nc-nd/4.0/
295444,1973072743,Tabanidae_Hybomitra_bimaculata_1497627_1973072743,http://creativecommons.org/licenses/by-nc-nd/4.0/
296859,1955127624,Tabanidae_Rhagio_lineola_2160429_1955127624,http://creativecommons.org/licenses/by-nc-nd/4.0/
296920,3905317175,Tabanidae_Hybomitra_solstitialis_622744_3905317175,http://creativecommons.org/licenses/by-nc-nd/4.0/
297228,1972071803,Tabanidae_Hybomitra_bimaculata_1495506_1972071803,http://creativecommons.org/licenses/by-nc/4.0/
298243,3907198900,Tabanidae_Heptatoma_pellucens_2011324_3907198900,http://creativecommons.org/licenses/by-nc-nd/4.0/
298690,3717630324,Tabanidae_Tabanus_autumnalis_483424_3717630324,http://creativecommons.org/licenses/by-nc-nd/4.0/
299255,3873197860,Tabanidae_Silvius_alpinus_589671_3873197860,http://creativecommons.org/licenses/by-nc/4.0/
299256,3873197860,Tabanidae_Silvius_alpinus_589672_3873197860,http://creativecommons.org/licenses/by-nc/4.0/
299257,3873197860,Tabanidae_Silvius_alpinus_589673_3873197860,http://creativecommons.org/licenses/by-nc/4.0/
299258,3873197860,Tabanidae_Silvius_alpinus_589674_3873197860,http://creativecommons.org/licenses/by-nc/4.0/
299720,2834346321,Tabanidae_Tabanus_maculicornis_2282814_2834346321,http://creativecommons.org/licenses/by-nc-nd/4.0/
300164,3827066241,Tabanidae_Hybomitra_muehlfeldi_2637896_3827066241,http://creativecommons.org/licenses/by-nc-nd/4.0/
300475,3727738023,Tabanidae_Rhagio_lineola_1897157_3727738023,http://creativecommons.org/licenses/by-nc-nd/4.0/
301275,2837314906,Tabanidae_Hybomitra_lurida_2978059_2837314906,http://creativecommons.org/licenses/by-nc-sa/4.0/
302921,3720605832,Tabanidae_Rhagio_scolopacea_491760_3720605832,http://creativecommons.org/licenses/by-nc-nd/4.0/
303389,3731642526,Tabanidae_Atylotus_rusticus_3292729_3731642526,http://creativecommons.org/licenses/by-nc-nd/4.0/
305320,1955205276,Tabanidae_Hybomitra_muehlfeldi_2160615_1955205276,http://creativecommons.org/licenses/by-nc-nd/4.0/
305541,1951991514,Tabanidae_Atylotus_latistriatus_1466805_1951991514,http://creativecommons.org/licenses/by-nc/4.0/
305780,3906638182,Tabanidae_Atylotus_latistriatus_2008216_3906638182,http://creativecommons.org/licenses/by-nc-nd/4.0/
306859,3717498136,Tabanidae_Rhagio_tringaria_2551132_3717498136,http://creativecommons.org/licenses/by-nc-sa/4.0/
307344,2834176360,Tabanidae_Dasyrhamphis_ater_1593253_2834176360,http://creativecommons.org/licenses/by-nc/4.0/
307351,1961244435,Tabanidae_Rhagio_tringaria_1480855_1961244435,http://creativecommons.org/licenses/by-nc-nd/4.0/
307502,1965818315,Tabanidae_Atylotus_rusticus_2866113_1965818315,http://creativecommons.org/licenses/by-nc-nd/4.0/
308482,1669923551,Tabanidae_Rhagio_maculatus_2811371_1669923551,© all rights reserved
309364,2467961717,Tabanidae_Hybomitra_borealis_2923558_2467961717,© All rights reserved
309626,2633451224,Tabanidae_Therioplectes_tricolor_884701_2633451224,http://creativecommons.org/licenses/by-nc-sa/4.0/
309656,2633353225,Tabanidae_Hybomitra_caucasica_2261921_2633353225,http://creativecommons.org/licenses/by-nc-sa/4.0/
309681,2633454207,Tabanidae_Haematopota_subcylindrica_194615_2633454207,http://creativecommons.org/licenses/by-nc-sa/4.0/
309756,3857526696,Tabanidae_Tabanus_bovinus_1950738_3857526696,© all rights reserved
310640,2835842003,Tabanidae_Philipomyia_aprica_2975539_2835842003,http://creativecommons.org/licenses/by-nc-nd/4.0/
310957,1977014534,Tabanidae_Tabanus_bromius_2882919_1977014534,http://creativecommons.org/licenses/by-nc-nd/4.0/
311483,3722165185,Tabanidae_Tabanus_autumnalis_3260177_3722165185,http://creativecommons.org/licenses/by-nc-nd/4.0/
311536,3722788296,Tabanidae_Dasyrhamphis_ater_505748_3722788296,http://creativecommons.org/licenses/by-nc/4.0/
312915,3859389742,Tabanidae_Rhagio_scolopacea_580826_3859389742,http://creativecommons.org/licenses/by-nc/4.0/
313389,3117785392,Tabanidae_Dasyrhamphis_ater_3045095_3117785392,http://creativecommons.org/licenses/by-nc/4.0/
313865,3902043599,Tabanidae_Chrysops_caecutiens_1293731_3902043599,http://creativecommons.org/licenses/by-nc/4.0/
313866,3902043599,Tabanidae_Chrysops_caecutiens_1293732_3902043599,http://creativecommons.org/licenses/by-nc/4.0/
314433,3803819437,Tabanidae_Rhagio_annulatus_1247102_3803819437,© All rights reserved
314615,1844002737,Tabanidae_Hybomitra_kaurii_72664_1844002737,http://creativecommons.org/licenses/by-nc-sa/4.0/
314853,3803864363,Tabanidae_Hybomitra_tarandina_3316191_3803864363,© All rights reserved
315093,2408043160,Tabanidae_Hybomitra_nitidifrons_153903_2408043160,© All rights reserved
315196,3310034326,Tabanidae_Hybomitra_distinguenda_293424_3310034326,© All rights reserved
315316,3310107470,Tabanidae_Hybomitra_borealis_983240_3310107470,© All rights reserved
315317,3310107470,Tabanidae_Hybomitra_borealis_983241_3310107470,© All rights reserved
315318,3310107470,Tabanidae_Hybomitra_borealis_983242_3310107470,© All rights reserved
315375,2314760573,Tabanidae_Chrysops_divaricatus_2216401_2314760573,http://creativecommons.org/licenses/by/4.0/
315381,1900983512,Tabanidae_Tabanus_glaucopis_1462721_1900983512,© All rights reserved
315383,1900983512,Tabanidae_Tabanus_glaucopis_1462723_1900983512,© All rights reserved
315400,3050720435,Tabanidae_Hybomitra_auripila_3029210_3050720435,http://creativecommons.org/licenses/by/4.0/
316036,2408842198,Tabanidae_Hybomitra_kaurii_2221979_2408842198,© All rights reserved
316037,2408842198,Tabanidae_Hybomitra_kaurii_2221980_2408842198,© All rights reserved
316100,2825896446,Tabanidae_Rhagio_lineola_1588356_2825896446,© All rights reserved
316298,2401340152,Tabanidae_Rhagio_annulatus_2220212_2401340152,© All rights reserved
316397,2873182395,Tabanidae_Hybomitra_kaurii_1625446_2873182395,© All rights reserved
317743,3337564558,Tabanidae_Heptatoma_pellucens_1687867_3337564558,http://creativecommons.org/licenses/by-nc/4.0/
317923,3070483683,Tabanidae_Tabanus_tergestinus_3034043_3070483683,http://creativecommons.org/licenses/by-nc-nd/4.0/
317924,3070483683,Tabanidae_Tabanus_tergestinus_3034044_3070483683,http://creativecommons.org/licenses/by-nc-nd/4.0/
317925,3070483683,Tabanidae_Tabanus_tergestinus_3034045_3070483683,http://creativecommons.org/licenses/by-nc-nd/4.0/
317926,3070483683,Tabanidae_Tabanus_tergestinus_3034046_3070483683,http://creativecommons.org/licenses/by-nc-nd/4.0/
317927,3070483683,Tabanidae_Tabanus_tergestinus_3034047_3070483683,http://creativecommons.org/licenses/by-nc-nd/4.0/
318413,2641362358,Tabanidae_Rhagio_tringaria_2267139_2641362358,http://creativecommons.org/licenses/by/4.0/
318856,3902058658,Tabanidae_Chrysops_viduatus_2672427_3902058658,http://creativecommons.org/licenses/by-nc/4.0/
319323,3721099501,Tabanidae_Rhagio_immaculatus_1183200_3721099501,http://creativecommons.org/licenses/by-nc-nd/4.0/
319436,2844367154,Tabanidae_Hybomitra_lurida_1611032_2844367154,http://creativecommons.org/licenses/by-nc-nd/4.0/
319860,2835676642,Tabanidae_Chrysops_viduatus_2284855_2835676642,http://creativecommons.org/licenses/by-nc/4.0/
320130,1955155186,Tabanidae_Rhagio_tringaria_1471367_1955155186,http://creativecommons.org/licenses/by/4.0/
320425,2843171221,Tabanidae_Hybomitra_expollicata_2988625_2843171221,http://creativecommons.org/licenses/by-nc-nd/4.0/
320426,2843171221,Tabanidae_Hybomitra_expollicata_2988626_2843171221,http://creativecommons.org/licenses/by-nc-nd/4.0/
320427,2843171221,Tabanidae_Hybomitra_expollicata_2988627_2843171221,http://creativecommons.org/licenses/by-nc-nd/4.0/
320428,2843171221,Tabanidae_Hybomitra_expollicata_2988628_2843171221,http://creativecommons.org/licenses/by-nc-nd/4.0/
320429,2843171221,Tabanidae_Hybomitra_expollicata_2988629_2843171221,http://creativecommons.org/licenses/by-nc-nd/4.0/
320430,2843171221,Tabanidae_Hybomitra_expollicata_2988630_2843171221,http://creativecommons.org/licenses/by-nc-nd/4.0/
321075,1988350065,Tabanidae_Haematopota_pluvialis_2884729_1988350065,http://creativecommons.org/licenses/by/4.0/
321127,3720961628,Tabanidae_Chrysops_rufipes_2561362_3720961628,http://creativecommons.org/licenses/by-nc-nd/4.0/
322791,1968607679,Tabanidae_Tabanus_bromius_2179499_1968607679,http://creativecommons.org/licenses/by-nc-nd/4.0/
322794,2836943423,Tabanidae_Chrysops_divaricatus_2286518_2836943423,http://creativecommons.org/publicdomain/zero/1.0/
323300,3905156565,Tabanidae_Tabanus_autumnalis_3379559_3905156565,http://creativecommons.org/licenses/by-nc-nd/4.0/
323680,1973118274,Tabanidae_Heptatoma_pellucens_1497758_1973118274,http://creativecommons.org/licenses/by-nc-nd/4.0/
324483,2844642038,Tabanidae_Haematopota_pluvialis_2991525_2844642038,http://creativecommons.org/licenses/by-nc-sa/4.0/
325463,3434367949,Tabanidae_Tabanus_cordiger_1717347_3434367949,© all rights reserved
325465,3434367949,Tabanidae_Tabanus_cordiger_1717349_3434367949,© all rights reserved
325466,3434367949,Tabanidae_Tabanus_cordiger_1717350_3434367949,© all rights reserved
325467,3434367949,Tabanidae_Tabanus_cordiger_1717351_3434367949,© all rights reserved
325556,1135227624,Tabanidae_Tabanus_bovinus_2076436_1135227624,© all rights reserved
325564,3857830143,Tabanidae_Atylotus_fulvus_1950963_3857830143,© all rights reserved
325631,3922321663,Tabanidae_Hybomitra_astuta_1333675_3922321663,
325845,3717945033,Tabanidae_Tabanus_bromius_1174175_3717945033,http://creativecommons.org/licenses/by-nc-nd/4.0/
327850,1965907470,Tabanidae_Atylotus_fulvus_107581_1965907470,http://creativecommons.org/licenses/by-nc-nd/4.0/
327884,3823985439,Tabanidae_Hybomitra_bimaculata_3320934_3823985439,http://creativecommons.org/licenses/by-nc-nd/4.0/
328350,1965735235,Tabanidae_Haematopota_italica_2175637_1965735235,http://creativecommons.org/licenses/by-nc-nd/4.0/
328351,1965735235,Tabanidae_Haematopota_italica_2175638_1965735235,http://creativecommons.org/licenses/by-nc-nd/4.0/
328620,1965079734,Tabanidae_Atylotus_latistriatus_796222_1965079734,http://creativecommons.org/licenses/by-nc-nd/4.0/
328622,1965079734,Tabanidae_Atylotus_latistriatus_796224_1965079734,http://creativecommons.org/licenses/by-nc-nd/4.0/
328961,3717619929,Tabanidae_Tabanus_autumnalis_2551745_3717619929,http://creativecommons.org/licenses/by-nc-nd/4.0/
329908,3449126691,Tabanidae_Chrysops_nigripes_2523057_3449126691,http://creativecommons.org/licenses/by-nc/4.0/
330131,3303348066,Tabanidae_Rhagio_annulatus_3050138_3303348066,© All rights reserved
330163,1884854505,Tabanidae_Atylotus_fulvus_772910_1884854505,© All rights reserved
330201,2248033086,Tabanidae_Hybomitra_nitidifrons_1516531_2248033086,http://creativecommons.org/licenses/by-sa/4.0/
330202,2248033086,Tabanidae_Hybomitra_nitidifrons_1516532_2248033086,http://creativecommons.org/licenses/by-sa/4.0/
330339,3820070449,Tabanidae_Rhagio_annulatus_558566_3820070449,© All rights reserved
330518,2273565612,Tabanidae_Hybomitra_aterrima_1524610_2273565612,http://creativecommons.org/licenses/by/4.0/
330519,2273565612,Tabanidae_Hybomitra_aterrima_1524611_2273565612,http://creativecommons.org/licenses/by/4.0/
330698,3309908486,Tabanidae_Hybomitra_ciureai_1671741_3309908486,© All rights reserved
330699,3309908486,Tabanidae_Hybomitra_ciureai_1671742_3309908486,© All rights reserved
330700,3309908486,Tabanidae_Hybomitra_ciureai_1671743_3309908486,© All rights reserved
330701,3309908486,Tabanidae_Hybomitra_ciureai_1671744_3309908486,© All rights reserved
330745,2401886351,Tabanidae_Tabanus_bovinus_2910954_2401886351,© All rights reserved
330811,4011041541,Tabanidae_Rhagio_scolopacea_2744547_4011041541,http://creativecommons.org/licenses/by/4.0/
331159,2405718133,Tabanidae_Heptatoma_pellucens_2911873_2405718133,© All rights reserved
331178,1883145915,Tabanidae_Rhagio_annulatus_771013_1883145915,© All rights reserved
331445,1265038296,Tabanidae_Pangonius_funebris_1390425_1265038296,http://creativecommons.org/licenses/by-nc-nd/4.0/
331447,1265038237,Tabanidae_Pangonius_funebris_1390395_1265038237,http://creativecommons.org/licenses/by-nc-nd/4.0/
331448,1265038237,Tabanidae_Pangonius_funebris_1390396_1265038237,http://creativecommons.org/licenses/by-nc-nd/4.0/
331449,1265038237,Tabanidae_Pangonius_funebris_1390397_1265038237,http://creativecommons.org/licenses/by-nc-nd/4.0/
333308,1019550975,Tabanidae_Chrysops_viduatus_2402_1019550975,http://creativecommons.org/licenses/by-nc-nd/4.0/
333311,1019550881,Tabanidae_Chrysops_italicus_693639_1019550881,http://creativecommons.org/licenses/by-nc-nd/4.0/
333312,1019550881,Tabanidae_Chrysops_italicus_693640_1019550881,http://creativecommons.org/licenses/by-nc-nd/4.0/
333313,1019550881,Tabanidae_Chrysops_italicus_693641_1019550881,http://creativecommons.org/licenses/by-nc-nd/4.0/
333315,1019550881,Tabanidae_Chrysops_italicus_693643_1019550881,http://creativecommons.org/licenses/by-nc-nd/4.0/
333316,1019550906,Tabanidae_Chrysops_flavipes_2761096_1019550906,http://creativecommons.org/licenses/by-nc-nd/4.0/
333317,1019550906,Tabanidae_Chrysops_flavipes_2761097_1019550906,http://creativecommons.org/licenses/by-nc-nd/4.0/
333318,1019550906,Tabanidae_Chrysops_flavipes_2761098_1019550906,http://creativecommons.org/licenses/by-nc-nd/4.0/
333319,1019550906,Tabanidae_Chrysops_flavipes_2761099_1019550906,http://creativecommons.org/licenses/by-nc-nd/4.0/
333320,1019550906,Tabanidae_Chrysops_flavipes_2761100_1019550906,http://creativecommons.org/licenses/by-nc-nd/4.0/
333363,1019550939,Tabanidae_Haematopota_italica_2372_1019550939,http://creativecommons.org/licenses/by-nc-nd/4.0/
333379,1019550869,Tabanidae_Chrysops_rufipes_1382176_1019550869,http://creativecommons.org/licenses/by-nc-nd/4.0/
333380,1019550869,Tabanidae_Chrysops_rufipes_1382177_1019550869,http://creativecommons.org/licenses/by-nc-nd/4.0/
333402,1019550944,Tabanidae_Chrysops_sepulcralis_693678_1019550944,http://creativecommons.org/licenses/by-nc-nd/4.0/
333408,1019550960,Tabanidae_Chrysops_sepulcralis_2761139_1019550960,http://creativecommons.org/licenses/by-nc-nd/4.0/
333409,1019550960,Tabanidae_Chrysops_sepulcralis_2761140_1019550960,http://creativecommons.org/licenses/by-nc-nd/4.0/
333411,1019550935,Tabanidae_Chrysops_sepulcralis_693672_1019550935,http://creativecommons.org/licenses/by-nc-nd/4.0/
333412,1019550935,Tabanidae_Chrysops_sepulcralis_693673_1019550935,http://creativecommons.org/licenses/by-nc-nd/4.0/
333418,1019550879,Tabanidae_Chrysops_rufipes_2071483_1019550879,http://creativecommons.org/licenses/by-nc-nd/4.0/
333420,1019550879,Tabanidae_Chrysops_rufipes_2071485_1019550879,http://creativecommons.org/licenses/by-nc-nd/4.0/
333513,1019550919,Tabanidae_Chrysops_caecutiens_2071501_1019550919,http://creativecommons.org/licenses/by-nc-nd/4.0/
334202,1265037215,Tabanidae_Pangonius_funebris_1389873_1265037215,http://creativecommons.org/licenses/by-nc-nd/4.0/
334204,1265037215,Tabanidae_Pangonius_funebris_1389875_1265037215,http://creativecommons.org/licenses/by-nc-nd/4.0/
334205,1265037215,Tabanidae_Pangonius_funebris_1389876_1265037215,http://creativecommons.org/licenses/by-nc-nd/4.0/
334209,1265037163,Tabanidae_Pangonius_funebris_2768633_1265037163,http://creativecommons.org/licenses/by-nc-nd/4.0/
334210,1265037163,Tabanidae_Pangonius_funebris_2768634_1265037163,http://creativecommons.org/licenses/by-nc-nd/4.0/
334557,1265037242,Tabanidae_Atylotus_fulvus_1389892_1265037242,http://creativecommons.org/licenses/by-nc-nd/4.0/
334558,1265037242,Tabanidae_Atylotus_fulvus_1389893_1265037242,http://creativecommons.org/licenses/by-nc-nd/4.0/
334564,1265037184,Tabanidae_Tabanus_nemoralis_1389849_1265037184,http://creativecommons.org/licenses/by-nc-nd/4.0/
334566,1265037184,Tabanidae_Tabanus_nemoralis_1389851_1265037184,http://creativecommons.org/licenses/by-nc-nd/4.0/
334567,1265037225,Tabanidae_Tabanus_nemoralis_2079270_1265037225,http://creativecommons.org/licenses/by-nc-nd/4.0/
334574,1265037250,Tabanidae_Tabanus_nemoralis_701210_1265037250,http://creativecommons.org/licenses/by-nc-nd/4.0/
334576,1265037250,Tabanidae_Tabanus_nemoralis_701212_1265037250,http://creativecommons.org/licenses/by-nc-nd/4.0/
334735,1265037210,Tabanidae_Tabanus_bovinus_1389871_1265037210,http://creativecommons.org/licenses/by-nc-nd/4.0/
334736,1265037210,Tabanidae_Tabanus_bovinus_1389872_1265037210,http://creativecommons.org/licenses/by-nc-nd/4.0/
334737,1265037155,Tabanidae_Tabanus_bromius_9915_1265037155,http://creativecommons.org/licenses/by-nc-nd/4.0/
335970,1019551032,Tabanidae_Hybomitra_tropica_2446_1019551032,http://creativecommons.org/licenses/by-nc-nd/4.0/
335971,1019551032,Tabanidae_Hybomitra_tropica_2447_1019551032,http://creativecommons.org/licenses/by-nc-nd/4.0/
335972,1019551032,Tabanidae_Hybomitra_tropica_2448_1019551032,http://creativecommons.org/licenses/by-nc-nd/4.0/
335973,1019551032,Tabanidae_Hybomitra_tropica_2449_1019551032,http://creativecommons.org/licenses/by-nc-nd/4.0/
335974,1019551032,Tabanidae_Hybomitra_tropica_2450_1019551032,http://creativecommons.org/licenses/by-nc-nd/4.0/
335975,1019551054,Tabanidae_Hybomitra_tropica_2761220_1019551054,http://creativecommons.org/licenses/by-nc-nd/4.0/
335976,1019551054,Tabanidae_Hybomitra_tropica_2761221_1019551054,http://creativecommons.org/licenses/by-nc-nd/4.0/
335988,1019551093,Tabanidae_Hybomitra_tarandina_1382351_1019551093,http://creativecommons.org/licenses/by-nc-nd/4.0/
335994,1019551068,Tabanidae_Hybomitra_solstitialis_2761236_1019551068,http://creativecommons.org/licenses/by-nc-nd/4.0/
336014,1019551024,Tabanidae_Hybomitra_tropica_693745_1019551024,http://creativecommons.org/licenses/by-nc-nd/4.0/
336015,1019551024,Tabanidae_Hybomitra_tropica_693746_1019551024,http://creativecommons.org/licenses/by-nc-nd/4.0/
336016,1019551024,Tabanidae_Hybomitra_tropica_693747_1019551024,http://creativecommons.org/licenses/by-nc-nd/4.0/
336019,1019551046,Tabanidae_Hybomitra_tropica_2463_1019551046,http://creativecommons.org/licenses/by-nc-nd/4.0/
336021,1019551046,Tabanidae_Hybomitra_tropica_2465_1019551046,http://creativecommons.org/licenses/by-nc-nd/4.0/
336027,1019551074,Tabanidae_Tabanus_quatuornotatus_693783_1019551074,http://creativecommons.org/licenses/by-nc-nd/4.0/
336028,1019551074,Tabanidae_Tabanus_quatuornotatus_693784_1019551074,http://creativecommons.org/licenses/by-nc-nd/4.0/
336029,1019551074,Tabanidae_Tabanus_quatuornotatus_693785_1019551074,http://creativecommons.org/licenses/by-nc-nd/4.0/
336030,1019551074,Tabanidae_Tabanus_quatuornotatus_693786_1019551074,http://creativecommons.org/licenses/by-nc-nd/4.0/
336031,1019551074,Tabanidae_Tabanus_quatuornotatus_693787_1019551074,http://creativecommons.org/licenses/by-nc-nd/4.0/
336032,1019551067,Tabanidae_Tabanus_quatuornotatus_2071635_1019551067,http://creativecommons.org/licenses/by-nc-nd/4.0/
336033,1019551067,Tabanidae_Tabanus_quatuornotatus_2071636_1019551067,http://creativecommons.org/licenses/by-nc-nd/4.0/
336034,1019551067,Tabanidae_Tabanus_quatuornotatus_2071637_1019551067,http://creativecommons.org/licenses/by-nc-nd/4.0/
336035,1019551067,Tabanidae_Tabanus_quatuornotatus_2071638_1019551067,http://creativecommons.org/licenses/by-nc-nd/4.0/
336036,1019551067,Tabanidae_Tabanus_quatuornotatus_2071639_1019551067,http://creativecommons.org/licenses/by-nc-nd/4.0/
336037,1019551069,Tabanidae_Atylotus_plebeius_2475_1019551069,http://creativecommons.org/licenses/by-nc-nd/4.0/
336038,1019551069,Tabanidae_Atylotus_plebeius_2476_1019551069,http://creativecommons.org/licenses/by-nc-nd/4.0/
336039,1019551069,Tabanidae_Atylotus_plebeius_2477_1019551069,http://creativecommons.org/licenses/by-nc-nd/4.0/
336040,1019551069,Tabanidae_Atylotus_plebeius_2478_1019551069,http://creativecommons.org/licenses/by-nc-nd/4.0/
336041,1019551069,Tabanidae_Atylotus_plebeius_2479_1019551069,http://creativecommons.org/licenses/by-nc-nd/4.0/
336045,1019551035,Tabanidae_Atylotus_plebeius_2071611_1019551035,http://creativecommons.org/licenses/by-nc-nd/4.0/
336046,1019551035,Tabanidae_Atylotus_plebeius_2071612_1019551035,http://creativecommons.org/licenses/by-nc-nd/4.0/
336052,1019551027,Tabanidae_Atylotus_rusticus_2761203_1019551027,http://creativecommons.org/licenses/by-nc-nd/4.0/
336059,1019551033,Tabanidae_Atylotus_rusticus_693754_1019551033,http://creativecommons.org/licenses/by-nc-nd/4.0/
336061,1019551016,Tabanidae_Atylotus_rusticus_1382291_1019551016,http://creativecommons.org/licenses/by-nc-nd/4.0/
336062,1019551016,Tabanidae_Atylotus_rusticus_1382292_1019551016,http://creativecommons.org/licenses/by-nc-nd/4.0/
336063,1019551016,Tabanidae_Atylotus_rusticus_1382293_1019551016,http://creativecommons.org/licenses/by-nc-nd/4.0/
336065,1019551016,Tabanidae_Atylotus_rusticus_1382295_1019551016,http://creativecommons.org/licenses/by-nc-nd/4.0/
336069,1019550990,Tabanidae_Atylotus_rusticus_1382269_1019550990,http://creativecommons.org/licenses/by-nc-nd/4.0/
336118,1019550996,Tabanidae_Tabanus_cordiger_2071566_1019550996,http://creativecommons.org/licenses/by-nc-nd/4.0/
336119,1019550996,Tabanidae_Tabanus_cordiger_2071567_1019550996,http://creativecommons.org/licenses/by-nc-nd/4.0/
336120,1019550996,Tabanidae_Tabanus_cordiger_2071568_1019550996,http://creativecommons.org/licenses/by-nc-nd/4.0/
336121,1019550996,Tabanidae_Tabanus_cordiger_2071569_1019550996,http://creativecommons.org/licenses/by-nc-nd/4.0/
336122,1019550996,Tabanidae_Tabanus_cordiger_2071570_1019550996,http://creativecommons.org/licenses/by-nc-nd/4.0/
336125,1019551011,Tabanidae_Tabanus_cordiger_1382286_1019551011,http://creativecommons.org/licenses/by-nc-nd/4.0/
336127,1019551011,Tabanidae_Tabanus_cordiger_1382288_1019551011,http://creativecommons.org/licenses/by-nc-nd/4.0/
336142,1019551018,Tabanidae_Tabanus_glaucopis_2761194_1019551018,http://creativecommons.org/licenses/by-nc-nd/4.0/
336145,1019551018,Tabanidae_Tabanus_glaucopis_2761197_1019551018,http://creativecommons.org/licenses/by-nc-nd/4.0/
336146,1019551018,Tabanidae_Tabanus_glaucopis_2761198_1019551018,http://creativecommons.org/licenses/by-nc-nd/4.0/
336149,1019551038,Tabanidae_Atylotus_fulvus_693758_1019551038,http://creativecommons.org/licenses/by-nc-nd/4.0/
336150,1019551038,Tabanidae_Atylotus_fulvus_693759_1019551038,http://creativecommons.org/licenses/by-nc-nd/4.0/
336152,1019551034,Tabanidae_Atylotus_fulvus_1382303_1019551034,http://creativecommons.org/licenses/by-nc-nd/4.0/
336153,1019551034,Tabanidae_Atylotus_fulvus_1382304_1019551034,http://creativecommons.org/licenses/by-nc-nd/4.0/
336154,1019551034,Tabanidae_Atylotus_fulvus_1382305_1019551034,http://creativecommons.org/licenses/by-nc-nd/4.0/
336158,1019549518,Tabanidae_Rhagio_notatus_692818_1019549518,http://creativecommons.org/licenses/by-nc-nd/4.0/
336159,1019549518,Tabanidae_Rhagio_notatus_692819_1019549518,http://creativecommons.org/licenses/by-nc-nd/4.0/
336160,1019549518,Tabanidae_Rhagio_notatus_692820_1019549518,http://creativecommons.org/licenses/by-nc-nd/4.0/
336161,1019551048,Tabanidae_Atylotus_fulvus_1382312_1019551048,http://creativecommons.org/licenses/by-nc-nd/4.0/
336164,1019551048,Tabanidae_Atylotus_fulvus_1382315_1019551048,http://creativecommons.org/licenses/by-nc-nd/4.0/
336169,1019549511,Tabanidae_Rhagio_lineola_2760284_1019549511,http://creativecommons.org/licenses/by-nc-nd/4.0/
336189,1019550989,Tabanidae_Hybomitra_borealis_2412_1019550989,http://creativecommons.org/licenses/by-nc-nd/4.0/
336190,1019550989,Tabanidae_Hybomitra_borealis_2413_1019550989,http://creativecommons.org/licenses/by-nc-nd/4.0/
336192,1019550989,Tabanidae_Hybomitra_borealis_2415_1019550989,http://creativecommons.org/licenses/by-nc-nd/4.0/
336193,1019550989,Tabanidae_Hybomitra_borealis_2416_1019550989,http://creativecommons.org/licenses/by-nc-nd/4.0/
336194,1019550989,Tabanidae_Hybomitra_borealis_2417_1019550989,http://creativecommons.org/licenses/by-nc-nd/4.0/
336205,1019549528,Tabanidae_Rhagio_immaculatus_1381365_1019549528,http://creativecommons.org/licenses/by-nc-nd/4.0/
336209,1019550972,Tabanidae_Tabanus_cordiger_1382247_1019550972,http://creativecommons.org/licenses/by-nc-nd/4.0/
336210,1019550972,Tabanidae_Tabanus_cordiger_1382248_1019550972,http://creativecommons.org/licenses/by-nc-nd/4.0/
336211,1019550972,Tabanidae_Tabanus_cordiger_1382249_1019550972,http://creativecommons.org/licenses/by-nc-nd/4.0/
336212,1019550972,Tabanidae_Tabanus_cordiger_1382250_1019550972,http://creativecommons.org/licenses/by-nc-nd/4.0/
336233,1019549524,Tabanidae_Rhagio_immaculatus_2070669_1019549524,http://creativecommons.org/licenses/by-nc-nd/4.0/
336251,1019549506,Tabanidae_Rhagio_distigma_2070656_1019549506,http://creativecommons.org/licenses/by-nc-nd/4.0/
336252,1019549506,Tabanidae_Rhagio_distigma_2070657_1019549506,http://creativecommons.org/licenses/by-nc-nd/4.0/
336253,1019549506,Tabanidae_Rhagio_distigma_2070658_1019549506,http://creativecommons.org/licenses/by-nc-nd/4.0/
336254,1019549506,Tabanidae_Rhagio_distigma_2070659_1019549506,http://creativecommons.org/licenses/by-nc-nd/4.0/
336255,1019550958,Tabanidae_Tabanus_bovinus_693685_1019550958,http://creativecommons.org/licenses/by-nc-nd/4.0/
336256,1019550958,Tabanidae_Tabanus_bovinus_693686_1019550958,http://creativecommons.org/licenses/by-nc-nd/4.0/
336260,1019549534,Tabanidae_Rhagio_distigma_2760297_1019549534,http://creativecommons.org/licenses/by-nc-nd/4.0/
336261,1019549534,Tabanidae_Rhagio_distigma_2760298_1019549534,http://creativecommons.org/licenses/by-nc-nd/4.0/
336262,1019549534,Tabanidae_Rhagio_distigma_2760299_1019549534,http://creativecommons.org/licenses/by-nc-nd/4.0/
336263,1019549534,Tabanidae_Rhagio_distigma_2760300_1019549534,http://creativecommons.org/licenses/by-nc-nd/4.0/
336268,1019551000,Tabanidae_Tabanus_bovinus_2424_1019551000,http://creativecommons.org/licenses/by-nc-nd/4.0/
336273,1019549488,Tabanidae_Rhagio_distigma_1381334_1019549488,http://creativecommons.org/licenses/by-nc-nd/4.0/
336274,1019549488,Tabanidae_Rhagio_distigma_1381335_1019549488,http://creativecommons.org/licenses/by-nc-nd/4.0/
336275,1019549488,Tabanidae_Rhagio_distigma_1381336_1019549488,http://creativecommons.org/licenses/by-nc-nd/4.0/
336276,1019549488,Tabanidae_Rhagio_distigma_1381337_1019549488,http://creativecommons.org/licenses/by-nc-nd/4.0/
336285,1019551050,Tabanidae_Hybomitra_micans_2466_1019551050,http://creativecommons.org/licenses/by-nc-nd/4.0/
336286,1019551050,Tabanidae_Hybomitra_micans_2467_1019551050,http://creativecommons.org/licenses/by-nc-nd/4.0/
336287,1019551050,Tabanidae_Hybomitra_micans_2468_1019551050,http://creativecommons.org/licenses/by-nc-nd/4.0/
336288,1019551050,Tabanidae_Hybomitra_micans_2469_1019551050,http://creativecommons.org/licenses/by-nc-nd/4.0/
336289,1019551050,Tabanidae_Hybomitra_micans_2470_1019551050,http://creativecommons.org/licenses/by-nc-nd/4.0/
336294,1019550981,Tabanidae_Hybomitra_micans_1382256_1019550981,http://creativecommons.org/licenses/by-nc-nd/4.0/
336295,1019550981,Tabanidae_Hybomitra_micans_1382257_1019550981,http://creativecommons.org/licenses/by-nc-nd/4.0/
336296,1019550981,Tabanidae_Hybomitra_micans_1382258_1019550981,http://creativecommons.org/licenses/by-nc-nd/4.0/
336297,1019550981,Tabanidae_Hybomitra_micans_1382259_1019550981,http://creativecommons.org/licenses/by-nc-nd/4.0/
336298,1019550981,Tabanidae_Hybomitra_micans_1382260_1019550981,http://creativecommons.org/licenses/by-nc-nd/4.0/
336303,1019551028,Tabanidae_Hybomitra_micans_2441_1019551028,http://creativecommons.org/licenses/by-nc-nd/4.0/
336304,1019551028,Tabanidae_Hybomitra_micans_2442_1019551028,http://creativecommons.org/licenses/by-nc-nd/4.0/
336305,1019551028,Tabanidae_Hybomitra_micans_2443_1019551028,http://creativecommons.org/licenses/by-nc-nd/4.0/
336306,1019551028,Tabanidae_Hybomitra_micans_2444_1019551028,http://creativecommons.org/licenses/by-nc-nd/4.0/
336307,1019551028,Tabanidae_Hybomitra_micans_2445_1019551028,http://creativecommons.org/licenses/by-nc-nd/4.0/
336308,1019550992,Tabanidae_Hybomitra_lurida_2761164_1019550992,http://creativecommons.org/licenses/by-nc-nd/4.0/
336312,1019550992,Tabanidae_Hybomitra_lurida_2761168_1019550992,http://creativecommons.org/licenses/by-nc-nd/4.0/
336313,1019551070,Tabanidae_Tabanus_nemoralis_1382335_1019551070,http://creativecommons.org/licenses/by-nc-nd/4.0/
336315,1019551070,Tabanidae_Tabanus_nemoralis_1382337_1019551070,http://creativecommons.org/licenses/by-nc-nd/4.0/
336316,1019551070,Tabanidae_Tabanus_nemoralis_1382338_1019551070,http://creativecommons.org/licenses/by-nc-nd/4.0/
336317,1019551070,Tabanidae_Tabanus_nemoralis_1382339_1019551070,http://creativecommons.org/licenses/by-nc-nd/4.0/
336318,1019551031,Tabanidae_Tabanus_nemoralis_2761207_1019551031,http://creativecommons.org/licenses/by-nc-nd/4.0/
336319,1019551031,Tabanidae_Tabanus_nemoralis_2761208_1019551031,http://creativecommons.org/licenses/by-nc-nd/4.0/
336323,1019551003,Tabanidae_Tabanus_nemoralis_2071571_1019551003,http://creativecommons.org/licenses/by-nc-nd/4.0/
336325,1019551003,Tabanidae_Tabanus_nemoralis_2071573_1019551003,http://creativecommons.org/licenses/by-nc-nd/4.0/
336326,1019551003,Tabanidae_Tabanus_nemoralis_2071574_1019551003,http://creativecommons.org/licenses/by-nc-nd/4.0/
336329,1019551015,Tabanidae_Tabanus_nemoralis_693739_1019551015,http://creativecommons.org/licenses/by-nc-nd/4.0/
336330,1019551015,Tabanidae_Tabanus_nemoralis_693740_1019551015,http://creativecommons.org/licenses/by-nc-nd/4.0/
336331,1019551015,Tabanidae_Tabanus_nemoralis_693741_1019551015,http://creativecommons.org/licenses/by-nc-nd/4.0/
336332,1019551015,Tabanidae_Tabanus_nemoralis_693742_1019551015,http://creativecommons.org/licenses/by-nc-nd/4.0/
336339,1019551004,Tabanidae_Hybomitra_montana_2761179_1019551004,http://creativecommons.org/licenses/by-nc-nd/4.0/
336340,1019551004,Tabanidae_Hybomitra_montana_2761180_1019551004,http://creativecommons.org/licenses/by-nc-nd/4.0/
336350,1019551021,Tabanidae_Hybomitra_montana_2071597_1019551021,http://creativecommons.org/licenses/by-nc-nd/4.0/
336375,1019551044,Tabanidae_Tabanus_glaucopis_2071615_1019551044,http://creativecommons.org/licenses/by-nc-nd/4.0/
336376,1019551044,Tabanidae_Tabanus_glaucopis_2071616_1019551044,http://creativecommons.org/licenses/by-nc-nd/4.0/
336388,1019549548,Tabanidae_Rhagio_strigosus_2760309_1019549548,http://creativecommons.org/licenses/by-nc-nd/4.0/
336389,1019549548,Tabanidae_Rhagio_strigosus_2760310_1019549548,http://creativecommons.org/licenses/by-nc-nd/4.0/
336390,1019549548,Tabanidae_Rhagio_strigosus_2760311_1019549548,http://creativecommons.org/licenses/by-nc-nd/4.0/
336391,1019549548,Tabanidae_Rhagio_strigosus_2760312_1019549548,http://creativecommons.org/licenses/by-nc-nd/4.0/
336393,1019550969,Tabanidae_Hybomitra_lurida_2071539_1019550969,http://creativecommons.org/licenses/by-nc-nd/4.0/
336394,1019550969,Tabanidae_Hybomitra_lurida_2071540_1019550969,http://creativecommons.org/licenses/by-nc-nd/4.0/
336396,1019549570,Tabanidae_Rhagio_strigosus_2760327_1019549570,http://creativecommons.org/licenses/by-nc-nd/4.0/
336397,1019549570,Tabanidae_Rhagio_strigosus_2760328_1019549570,http://creativecommons.org/licenses/by-nc-nd/4.0/
336398,1019549570,Tabanidae_Rhagio_strigosus_2760329_1019549570,http://creativecommons.org/licenses/by-nc-nd/4.0/
336399,1019549570,Tabanidae_Rhagio_strigosus_2760330_1019549570,http://creativecommons.org/licenses/by-nc-nd/4.0/
336400,1019549522,Tabanidae_Rhagio_strigosus_692821_1019549522,http://creativecommons.org/licenses/by-nc-nd/4.0/
336401,1019549522,Tabanidae_Rhagio_strigosus_692822_1019549522,http://creativecommons.org/licenses/by-nc-nd/4.0/
336402,1019549522,Tabanidae_Rhagio_strigosus_692823_1019549522,http://creativecommons.org/licenses/by-nc-nd/4.0/
336403,1019549522,Tabanidae_Rhagio_strigosus_692824_1019549522,http://creativecommons.org/licenses/by-nc-nd/4.0/
336404,1019549532,Tabanidae_Rhagio_strigosus_1381369_1019549532,http://creativecommons.org/licenses/by-nc-nd/4.0/
336405,1019549532,Tabanidae_Rhagio_strigosus_1381370_1019549532,http://creativecommons.org/licenses/by-nc-nd/4.0/
336407,1019549532,Tabanidae_Rhagio_strigosus_1381372_1019549532,http://creativecommons.org/licenses/by-nc-nd/4.0/
336411,1019551007,Tabanidae_Philipomyia_graeca_1382282_1019551007,http://creativecommons.org/licenses/by-nc-nd/4.0/
336412,1019551007,Tabanidae_Philipomyia_graeca_1382283_1019551007,http://creativecommons.org/licenses/by-nc-nd/4.0/
336413,1019551007,Tabanidae_Philipomyia_graeca_1382284_1019551007,http://creativecommons.org/licenses/by-nc-nd/4.0/
336414,1019551007,Tabanidae_Philipomyia_graeca_1382285_1019551007,http://creativecommons.org/licenses/by-nc-nd/4.0/
336417,1019551030,Tabanidae_Philipomyia_graeca_2071603_1019551030,http://creativecommons.org/licenses/by-nc-nd/4.0/
336418,1019551030,Tabanidae_Philipomyia_graeca_2071604_1019551030,http://creativecommons.org/licenses/by-nc-nd/4.0/
336420,1019551030,Tabanidae_Philipomyia_graeca_2071606_1019551030,http://creativecommons.org/licenses/by-nc-nd/4.0/
336435,1019551014,Tabanidae_Tabanus_bromius_2431_1019551014,http://creativecommons.org/licenses/by-nc-nd/4.0/
336453,1019550966,Tabanidae_Pangonius_ornatus_2393_1019550966,http://creativecommons.org/licenses/by-nc-nd/4.0/
336454,1019550966,Tabanidae_Pangonius_ornatus_2394_1019550966,http://creativecommons.org/licenses/by-nc-nd/4.0/
336455,1019550966,Tabanidae_Pangonius_ornatus_2395_1019550966,http://creativecommons.org/licenses/by-nc-nd/4.0/
336456,1019550966,Tabanidae_Pangonius_ornatus_2396_1019550966,http://creativecommons.org/licenses/by-nc-nd/4.0/
336457,1019550985,Tabanidae_Pangonius_ornatus_693715_1019550985,http://creativecommons.org/licenses/by-nc-nd/4.0/
336458,1019550985,Tabanidae_Pangonius_ornatus_693716_1019550985,http://creativecommons.org/licenses/by-nc-nd/4.0/
336459,1019550985,Tabanidae_Pangonius_ornatus_693717_1019550985,http://creativecommons.org/licenses/by-nc-nd/4.0/
336460,1019550985,Tabanidae_Pangonius_ornatus_693718_1019550985,http://creativecommons.org/licenses/by-nc-nd/4.0/
336461,1019550993,Tabanidae_Pangonius_ornatus_2418_1019550993,http://creativecommons.org/licenses/by-nc-nd/4.0/
336462,1019550993,Tabanidae_Pangonius_ornatus_2419_1019550993,http://creativecommons.org/licenses/by-nc-nd/4.0/
336463,1019550993,Tabanidae_Pangonius_ornatus_2420_1019550993,http://creativecommons.org/licenses/by-nc-nd/4.0/
336464,1019550993,Tabanidae_Pangonius_ornatus_2421_1019550993,http://creativecommons.org/licenses/by-nc-nd/4.0/
336465,1019550970,Tabanidae_Pangonius_marginata_2397_1019550970,http://creativecommons.org/licenses/by-nc-nd/4.0/
336466,1019550970,Tabanidae_Pangonius_marginata_2398_1019550970,http://creativecommons.org/licenses/by-nc-nd/4.0/
336467,1019550970,Tabanidae_Pangonius_marginata_2399_1019550970,http://creativecommons.org/licenses/by-nc-nd/4.0/
336468,1019550970,Tabanidae_Pangonius_marginata_2400_1019550970,http://creativecommons.org/licenses/by-nc-nd/4.0/
336469,1019550987,Tabanidae_Hybomitra_flava_2071557_1019550987,http://creativecommons.org/licenses/by-nc-nd/4.0/
336470,1019550987,Tabanidae_Hybomitra_flava_2071558_1019550987,http://creativecommons.org/licenses/by-nc-nd/4.0/
336471,1019550987,Tabanidae_Hybomitra_flava_2071559_1019550987,http://creativecommons.org/licenses/by-nc-nd/4.0/
336472,1019550987,Tabanidae_Hybomitra_flava_2071560_1019550987,http://creativecommons.org/licenses/by-nc-nd/4.0/
336521,1019550991,Tabanidae_Hybomitra_borealis_2071561_1019550991,http://creativecommons.org/licenses/by-nc-nd/4.0/
336522,1019550991,Tabanidae_Hybomitra_borealis_2071562_1019550991,http://creativecommons.org/licenses/by-nc-nd/4.0/
336523,1019550991,Tabanidae_Hybomitra_borealis_2071563_1019550991,http://creativecommons.org/licenses/by-nc-nd/4.0/
336524,1019550991,Tabanidae_Hybomitra_borealis_2071564_1019550991,http://creativecommons.org/licenses/by-nc-nd/4.0/
336525,1019550991,Tabanidae_Hybomitra_borealis_2071565_1019550991,http://creativecommons.org/licenses/by-nc-nd/4.0/
336526,1019551019,Tabanidae_Hybomitra_borealis_2432_1019551019,http://creativecommons.org/licenses/by-nc-nd/4.0/
336527,1019551019,Tabanidae_Hybomitra_borealis_2433_1019551019,http://creativecommons.org/licenses/by-nc-nd/4.0/
336528,1019551019,Tabanidae_Hybomitra_borealis_2434_1019551019,http://creativecommons.org/licenses/by-nc-nd/4.0/
336529,1019551019,Tabanidae_Hybomitra_borealis_2435_1019551019,http://creativecommons.org/licenses/by-nc-nd/4.0/
336530,1019551019,Tabanidae_Hybomitra_borealis_2436_1019551019,http://creativecommons.org/licenses/by-nc-nd/4.0/
336531,1019551009,Tabanidae_Hybomitra_borealis_2761182_1019551009,http://creativecommons.org/licenses/by-nc-nd/4.0/
336532,1019551009,Tabanidae_Hybomitra_borealis_2761183_1019551009,http://creativecommons.org/licenses/by-nc-nd/4.0/
336534,1019551009,Tabanidae_Hybomitra_borealis_2761185_1019551009,http://creativecommons.org/licenses/by-nc-nd/4.0/
336535,1019551009,Tabanidae_Hybomitra_borealis_2761186_1019551009,http://creativecommons.org/licenses/by-nc-nd/4.0/
336536,1019549516,Tabanidae_Rhagio_conspicuus_2760285_1019549516,http://creativecommons.org/licenses/by-nc-nd/4.0/
336537,1019549516,Tabanidae_Rhagio_conspicuus_2760286_1019549516,http://creativecommons.org/licenses/by-nc-nd/4.0/
336538,1019549516,Tabanidae_Rhagio_conspicuus_2760287_1019549516,http://creativecommons.org/licenses/by-nc-nd/4.0/
336539,1019549516,Tabanidae_Rhagio_conspicuus_2760288_1019549516,http://creativecommons.org/licenses/by-nc-nd/4.0/
336545,1019549515,Tabanidae_Rhagio_conspicuus_2070664_1019549515,http://creativecommons.org/licenses/by-nc-nd/4.0/
336546,1019549515,Tabanidae_Rhagio_conspicuus_2070665_1019549515,http://creativecommons.org/licenses/by-nc-nd/4.0/
336547,1019549515,Tabanidae_Rhagio_conspicuus_2070666_1019549515,http://creativecommons.org/licenses/by-nc-nd/4.0/
336548,1019549515,Tabanidae_Rhagio_conspicuus_2070667_1019549515,http://creativecommons.org/licenses/by-nc-nd/4.0/
336554,1019549483,Tabanidae_Rhagio_conspicuus_1381330_1019549483,http://creativecommons.org/licenses/by-nc-nd/4.0/
336555,1019549483,Tabanidae_Rhagio_conspicuus_1381331_1019549483,http://creativecommons.org/licenses/by-nc-nd/4.0/
336556,1019549483,Tabanidae_Rhagio_conspicuus_1381332_1019549483,http://creativecommons.org/licenses/by-nc-nd/4.0/
336557,1019549483,Tabanidae_Rhagio_conspicuus_1381333_1019549483,http://creativecommons.org/licenses/by-nc-nd/4.0/
336564,1019550995,Tabanidae_Hybomitra_auripila_1382272_1019550995,http://creativecommons.org/licenses/by-nc-nd/4.0/
336565,1019550995,Tabanidae_Hybomitra_auripila_1382273_1019550995,http://creativecommons.org/licenses/by-nc-nd/4.0/
336566,1019550995,Tabanidae_Hybomitra_auripila_1382274_1019550995,http://creativecommons.org/licenses/by-nc-nd/4.0/
336567,1019550995,Tabanidae_Hybomitra_auripila_1382275_1019550995,http://creativecommons.org/licenses/by-nc-nd/4.0/
336569,1019550962,Tabanidae_Hybomitra_auripila_693691_1019550962,http://creativecommons.org/licenses/by-nc-nd/4.0/
336573,1019550971,Tabanidae_Tabanus_cordiger_693700_1019550971,http://creativecommons.org/licenses/by-nc-nd/4.0/
336574,1019550971,Tabanidae_Tabanus_cordiger_693701_1019550971,http://creativecommons.org/licenses/by-nc-nd/4.0/
336576,1019550971,Tabanidae_Tabanus_cordiger_693703_1019550971,http://creativecommons.org/licenses/by-nc-nd/4.0/
336577,1019550971,Tabanidae_Tabanus_cordiger_693704_1019550971,http://creativecommons.org/licenses/by-nc-nd/4.0/
336591,1019550956,Tabanidae_Tabanus_cordiger_2761133_1019550956,http://creativecommons.org/licenses/by-nc-nd/4.0/
336595,1019550907,Tabanidae_Hybomitra_aterrima_2356_1019550907,http://creativecommons.org/licenses/by-nc-nd/4.0/
336596,1019550907,Tabanidae_Hybomitra_aterrima_2357_1019550907,http://creativecommons.org/licenses/by-nc-nd/4.0/
336597,1019550907,Tabanidae_Hybomitra_aterrima_2358_1019550907,http://creativecommons.org/licenses/by-nc-nd/4.0/
336598,1019550907,Tabanidae_Hybomitra_aterrima_2359_1019550907,http://creativecommons.org/licenses/by-nc-nd/4.0/
336599,1019550907,Tabanidae_Hybomitra_aterrima_2360_1019550907,http://creativecommons.org/licenses/by-nc-nd/4.0/
336600,1019550999,Tabanidae_Hybomitra_aterrima_693724_1019550999,http://creativecommons.org/licenses/by-nc-nd/4.0/
336601,1019550999,Tabanidae_Hybomitra_aterrima_693725_1019550999,http://creativecommons.org/licenses/by-nc-nd/4.0/
336602,1019550999,Tabanidae_Hybomitra_aterrima_693726_1019550999,http://creativecommons.org/licenses/by-nc-nd/4.0/
336603,1019550999,Tabanidae_Hybomitra_aterrima_693727_1019550999,http://creativecommons.org/licenses/by-nc-nd/4.0/
336604,1019550999,Tabanidae_Hybomitra_aterrima_693728_1019550999,http://creativecommons.org/licenses/by-nc-nd/4.0/
336607,1019550947,Tabanidae_Dasyrhamphis_ater_2761127_1019550947,http://creativecommons.org/licenses/by-nc-nd/4.0/
336608,1019550947,Tabanidae_Dasyrhamphis_ater_2761128_1019550947,http://creativecommons.org/licenses/by-nc-nd/4.0/
336609,1019550947,Tabanidae_Dasyrhamphis_ater_2761129_1019550947,http://creativecommons.org/licenses/by-nc-nd/4.0/
336612,1019551025,Tabanidae_Dasyrhamphis_ater_1382300_1019551025,http://creativecommons.org/licenses/by-nc-nd/4.0/
336615,1019550931,Tabanidae_Dasyrhamphis_ater_1382216_1019550931,http://creativecommons.org/licenses/by-nc-nd/4.0/
336619,1019550931,Tabanidae_Dasyrhamphis_ater_1382220_1019550931,http://creativecommons.org/licenses/by-nc-nd/4.0/
336622,1019550957,Tabanidae_Philipomyia_aprica_2386_1019550957,http://creativecommons.org/licenses/by-nc-nd/4.0/
336624,1019550957,Tabanidae_Philipomyia_aprica_2388_1019550957,http://creativecommons.org/licenses/by-nc-nd/4.0/
336627,1019550976,Tabanidae_Philipomyia_aprica_693707_1019550976,http://creativecommons.org/licenses/by-nc-nd/4.0/
341638,3873541528,Tabanidae_Chrysops_flavidus_3349912_3873541528,http://creativecommons.org/licenses/by-nc/4.0/
342185,2803025614,Tabanidae_Rhagio_maculatus_202113_2803025614,http://creativecommons.org/licenses/by-nc-sa/4.0/
342540,3902046682,Tabanidae_Chrysops_relictus_1983017_3902046682,http://creativecommons.org/licenses/by-nc/4.0/
342958,2818440369,Tabanidae_Hybomitra_arpadi_2964871_2818440369,http://creativecommons.org/licenses/by-nc-sa/4.0/
342959,2818440369,Tabanidae_Hybomitra_arpadi_2964872_2818440369,http://creativecommons.org/licenses/by-nc-sa/4.0/
342960,2818440369,Tabanidae_Hybomitra_arpadi_2964873_2818440369,http://creativecommons.org/licenses/by-nc-sa/4.0/
342961,2818440369,Tabanidae_Hybomitra_arpadi_2964874_2818440369,http://creativecommons.org/licenses/by-nc-sa/4.0/
342995,2399828888,Tabanidae_Hybomitra_tarandina_152001_2399828888,© All rights reserved
343055,1831106795,Tabanidae_Hybomitra_distinguenda_1450415_1831106795,http://creativecommons.org/licenses/by-nc/4.0/
343836,3902023379,Tabanidae_Hybomitra_tarandina_604653_3902023379,http://creativecommons.org/licenses/by-nc/4.0/
343838,3902023379,Tabanidae_Hybomitra_tarandina_604655_3902023379,http://creativecommons.org/licenses/by-nc/4.0/
343840,3902023379,Tabanidae_Hybomitra_tarandina_604657_3902023379,http://creativecommons.org/licenses/by-nc/4.0/
343844,3902023379,Tabanidae_Hybomitra_tarandina_604661_3902023379,http://creativecommons.org/licenses/by-nc/4.0/
343845,3902023379,Tabanidae_Hybomitra_tarandina_604662_3902023379,http://creativecommons.org/licenses/by-nc/4.0/
344377,3873032428,Tabanidae_Hybomitra_auripila_2656365_3873032428,http://creativecommons.org/licenses/by-nc/4.0/
344508,2818694632,Tabanidae_Tabanus_promesogaeus_2275007_2818694632,http://creativecommons.org/licenses/by-nc/4.0/
348511,2843827330,Tabanidae_Philipomyia_aprica_2299020_2843827330,http://creativecommons.org/licenses/by-nc/4.0/
349465,3995320513,Tabanidae_Chrysops_relictus_1354326_3995320513,http://creativecommons.org/licenses/by-nc-nd/4.0/
349830,3721879574,Tabanidae_Rhagio_tringaria_1878144_3721879574,http://creativecommons.org/licenses/by-nc-nd/4.0/
350947,3335384314,Tabanidae_Chrysops_caecutiens_2375814_3335384314,http://creativecommons.org/licenses/by-nc/4.0/
350952,3335384314,Tabanidae_Chrysops_caecutiens_2375819_3335384314,http://creativecommons.org/licenses/by-nc/4.0/
351733,3769455230,Tabanidae_Hybomitra_nitidifrons_2617195_3769455230,© all rights reserved
351734,3769455230,Tabanidae_Hybomitra_nitidifrons_2617196_3769455230,© all rights reserved
351794,2808627410,Tabanidae_Chrysops_sepulcralis_2271106_2808627410,© all rights reserved
351797,2808627410,Tabanidae_Chrysops_sepulcralis_2271109_2808627410,© all rights reserved
352938,3902173334,Tabanidae_Chrysops_relictus_1983927_3902173334,http://creativecommons.org/licenses/by-nc/4.0/
353241,2265909721,Tabanidae_Tabanus_glaucopis_1523103_2265909721,http://creativecommons.org/licenses/by-nc/4.0/
353242,2265909721,Tabanidae_Tabanus_glaucopis_1523104_2265909721,http://creativecommons.org/licenses/by-nc/4.0/
353510,3860369186,Tabanidae_Rhagio_annulatus_585323_3860369186,http://creativecommons.org/licenses/by-nc/4.0/
353646,3355032692,Tabanidae_Tabanus_bovinus_3072937_3355032692,http://creativecommons.org/licenses/by-nc/4.0/
353648,3355032692,Tabanidae_Tabanus_bovinus_3072939_3355032692,http://creativecommons.org/licenses/by-nc/4.0/
354750,2814035663,Tabanidae_Haematopota_pluvialis_204311_2814035663,http://creativecommons.org/licenses/by-nc/4.0/
354756,3873013492,Tabanidae_Philipomyia_aprica_2656241_3873013492,http://creativecommons.org/licenses/by-nc/4.0/
354808,2848002440,Tabanidae_Haematopota_crassicornis_2994275_2848002440,© all rights reserved
354809,2848002440,Tabanidae_Haematopota_crassicornis_2994276_2848002440,© all rights reserved
354825,2847741352,Tabanidae_Haematopota_italica_2303624_2847741352,© all rights reserved
357547,3905447047,Tabanidae_Tabanus_bromius_2001258_3905447047,http://creativecommons.org/licenses/by-nc-nd/4.0/
358644,3824065220,Tabanidae_Tabanus_maculicornis_1941026_3824065220,http://creativecommons.org/licenses/by-nc-nd/4.0/
359464,3904834916,Tabanidae_Hybomitra_muehlfeldi_1308475_3904834916,http://creativecommons.org/licenses/by-nc-nd/4.0/
359879,3721614388,Tabanidae_Haematopota_pluvialis_1876103_3721614388,http://creativecommons.org/licenses/by-nc-nd/4.0/
359952,2836777730,Tabanidae_Hybomitra_bimaculata_2976617_2836777730,http://creativecommons.org/licenses/by-nc-nd/4.0/
360298,3730644219,Tabanidae_Atylotus_latistriatus_3287098_3730644219,http://creativecommons.org/licenses/by-nc-nd/4.0/
361898,3722177169,Tabanidae_Chrysops_relictus_3260247_3722177169,http://creativecommons.org/licenses/by-nc-nd/4.0/
363659,3902003558,Tabanidae_Philipomyia_aprica_1982709_3902003558,http://creativecommons.org/licenses/by-nc/4.0/
363929,3902146436,Tabanidae_Chrysops_caecutiens_605579_3902146436,http://creativecommons.org/licenses/by-nc/4.0/
364616,3902114906,Tabanidae_Chrysops_relictus_1983508_3902114906,http://creativecommons.org/licenses/by-nc/4.0/
364640,3961461760,Tabanidae_Silvius_alpinus_3412556_3961461760,http://creativecommons.org/licenses/by-nc/4.0/
365564,3994140327,Tabanidae_Rhagio_scolopacea_1351896_3994140327,http://creativecommons.org/licenses/by/4.0/
365596,3963669303,Tabanidae_Pangonius_micans_1344833_3963669303,http://creativecommons.org/licenses/by-nc/4.0/
365895,3330632553,Tabanidae_Tabanus_bovinus_302403_3330632553,http://creativecommons.org/licenses/by-nc/4.0/
367426,3997426702,Tabanidae_Haematopota_pluvialis_2050646_3997426702,http://creativecommons.org/licenses/by-nc-nd/4.0/
367908,2833990078,Tabanidae_Haematopota_pluvialis_903617_2833990078,http://creativecommons.org/licenses/by-nc-nd/4.0/
367911,2833990078,Tabanidae_Haematopota_pluvialis_903620_2833990078,http://creativecommons.org/licenses/by-nc-nd/4.0/
368324,3717184998,Tabanidae_Tabanus_autumnalis_1170471_3717184998,http://creativecommons.org/licenses/by-nc-nd/4.0/
368901,3320876983,Tabanidae_Chrysops_caecutiens_295544_3320876983,http://creativecommons.org/licenses/by-nc/4.0/
370627,3873021697,Tabanidae_Heptatoma_pellucens_3347311_3873021697,http://creativecommons.org/licenses/by/4.0/
371015,3067829767,Tabanidae_Rhagio_atlanticus_1652655_3067829767,http://creativecommons.org/licenses/by-nc/4.0/
371016,3067829767,Tabanidae_Rhagio_atlanticus_1652656_3067829767,http://creativecommons.org/licenses/by-nc/4.0/
371382,3873716509,Tabanidae_Philipomyia_aprica_1970467_3873716509,http://creativecommons.org/licenses/by-nc/4.0/
371432,2802719234,Tabanidae_Chrysops_relictus_1580277_2802719234,http://creativecommons.org/licenses/by-nc/4.0/
371547,2529385024,Tabanidae_Rhagio_strigosus_2234263_2529385024,http://creativecommons.org/licenses/by-nc/4.0/
372366,3097163383,Tabanidae_Rhagio_tringaria_972153_3097163383,http://creativecommons.org/licenses/by-nc/4.0/
374206,3730287417,Tabanidae_Atylotus_rusticus_526914_3730287417,http://creativecommons.org/licenses/by-nc-nd/4.0/
374487,3730373885,Tabanidae_Atylotus_latistriatus_527341_3730373885,http://creativecommons.org/licenses/by-nc-nd/4.0/
375007,3732286357,Tabanidae_Hybomitra_solstitialis_1226657_3732286357,http://creativecommons.org/licenses/by-nc-nd/4.0/
375792,2833195680,Tabanidae_Chrysops_relictus_1590845_2833195680,http://creativecommons.org/licenses/by-nc-nd/4.0/
376420,3905480046,Tabanidae_Rhagio_lineola_2691003_3905480046,http://creativecommons.org/licenses/by-nc-nd/4.0/
376464,3731925313,Tabanidae_Tabanus_autumnalis_1914223_3731925313,http://creativecommons.org/licenses/by-nc-nd/4.0/
377572,3997728789,Tabanidae_Chrysops_relictus_2051408_3997728789,http://creativecommons.org/licenses/by-nc-nd/4.0/
378100,2835899391,Tabanidae_Atylotus_rusticus_907277_2835899391,http://creativecommons.org/licenses/by-nc/4.0/
378149,3730521346,Tabanidae_Chrysops_rufipes_1906304_3730521346,http://creativecommons.org/licenses/by-nc-nd/4.0/
378762,3730390672,Tabanidae_Heptatoma_pellucens_2594928_3730390672,http://creativecommons.org/licenses/by-nc-nd/4.0/
379007,2834558445,Tabanidae_Tabanus_autumnalis_215436_2834558445,http://creativecommons.org/licenses/by-nc-nd/4.0/
379220,3727209411,Tabanidae_Rhagio_scolopacea_1205862_3727209411,http://creativecommons.org/licenses/by-nc/4.0/
379858,3722849563,Tabanidae_Atylotus_latistriatus_505990_3722849563,http://creativecommons.org/licenses/by-nc-nd/4.0/
379898,2833969228,Tabanidae_Hybomitra_lurida_2971759_2833969228,http://creativecommons.org/licenses/by-nc-nd/4.0/
381312,2834402404,Tabanidae_Hybomitra_bimaculata_2283020_2834402404,http://creativecommons.org/licenses/by-nc-nd/4.0/
381313,2834402404,Tabanidae_Hybomitra_bimaculata_2283021_2834402404,http://creativecommons.org/licenses/by-nc-nd/4.0/
382165,3717088648,Tabanidae_Chrysops_relictus_1169991_3717088648,http://creativecommons.org/licenses/by-nc-nd/4.0/
383134,2833377884,Tabanidae_Hybomitra_muehlfeldi_211844_2833377884,http://creativecommons.org/licenses/by-nc-nd/4.0/
383475,3906933971,Tabanidae_Hybomitra_solstitialis_1320564_3906933971,http://creativecommons.org/licenses/by-nc-nd/4.0/
384394,2843690104,Tabanidae_Heptatoma_pellucens_230986_2843690104,http://creativecommons.org/licenses/by-nc-nd/4.0/
384397,3905180901,Tabanidae_Chrysops_rufipes_621896_3905180901,http://creativecommons.org/licenses/by-nc-nd/4.0/
385038,3721736126,Tabanidae_Rhagio_immaculatus_1877014_3721736126,http://creativecommons.org/licenses/by-nc-nd/4.0/
385439,3730456120,Tabanidae_Hybomitra_distinguenda_3286044_3730456120,http://creativecommons.org/licenses/by-nc-nd/4.0/
385441,3730456120,Tabanidae_Hybomitra_distinguenda_3286046_3730456120,http://creativecommons.org/licenses/by-nc-nd/4.0/
386135,3302189517,Tabanidae_Rhagio_scolopacea_290111_3302189517,http://creativecommons.org/licenses/by-nc/4.0/
387886,3902192557,Tabanidae_Chrysops_italicus_605895_3902192557,http://creativecommons.org/licenses/by-nc-nd/4.0/
388651,1973803126,Tabanidae_Chrysops_relictus_810610_1973803126,http://creativecommons.org/licenses/by-nc-nd/4.0/
389267,3719663619,Tabanidae_Haematopota_subcylindrica_1867712_3719663619,http://creativecommons.org/licenses/by-nc/4.0/
389268,3719663619,Tabanidae_Haematopota_subcylindrica_1867713_3719663619,http://creativecommons.org/licenses/by-nc/4.0/
389558,3718060128,Tabanidae_Haematopota_italica_485501_3718060128,http://creativecommons.org/licenses/by-nc-nd/4.0/
389805,3721007921,Tabanidae_Hybomitra_bimaculata_1182746_3721007921,http://creativecommons.org/licenses/by-nc-nd/4.0/
390633,3721786062,Tabanidae_Tabanus_cordiger_1188014_3721786062,http://creativecommons.org/licenses/by-nc-nd/4.0/
390739,3995096063,Tabanidae_Chrysops_relictus_1353432_3995096063,http://creativecommons.org/licenses/by-nc-nd/4.0/
391378,3886485496,Tabanidae_Haematopota_pluvialis_1977262_3886485496,© All rights reserved
391743,3904115379,Tabanidae_Tabanus_maculicornis_1304042_3904115379,http://creativecommons.org/licenses/by-nc-nd/4.0/
392132,2845142055,Tabanidae_Tabanus_autumnalis_924618_2845142055,http://creativecommons.org/licenses/by/4.0/
393602,3721115566,Tabanidae_Hybomitra_solstitialis_1183303_3721115566,http://creativecommons.org/licenses/by/4.0/
393746,3724188105,Tabanidae_Silvius_alpinus_508496_3724188105,http://creativecommons.org/licenses/by-nc/4.0/
393748,3724188105,Tabanidae_Silvius_alpinus_508498_3724188105,http://creativecommons.org/licenses/by-nc/4.0/
393893,3727317137,Tabanidae_Atylotus_rusticus_1206260_3727317137,http://creativecommons.org/licenses/by-nc-nd/4.0/
393906,3733232688,Tabanidae_Haematopota_italica_1919655_3733232688,http://creativecommons.org/licenses/by-nc-nd/4.0/
394386,3732055771,Tabanidae_Haematopota_pluvialis_536754_3732055771,http://creativecommons.org/licenses/by-nc-nd/4.0/
394762,3721312331,Tabanidae_Heptatoma_pellucens_495703_3721312331,http://creativecommons.org/licenses/by-nc-nd/4.0/
394824,3826909237,Tabanidae_Rhagio_scolopacea_1258798_3826909237,http://creativecommons.org/licenses/by-nc-sa/4.0/
394980,3717443981,Tabanidae_Hybomitra_distinguenda_1171757_3717443981,http://creativecommons.org/licenses/by-nc-nd/4.0/
394981,3717443981,Tabanidae_Hybomitra_distinguenda_1171758_3717443981,http://creativecommons.org/licenses/by-nc-nd/4.0/
395061,1971064013,Tabanidae_Hybomitra_solstitialis_806737_1971064013,http://creativecommons.org/licenses/by-nc-sa/4.0/
395458,2842465103,Tabanidae_Tabanus_autumnalis_918764_2842465103,http://creativecommons.org/licenses/by-nc-nd/4.0/
395589,3904600711,Tabanidae_Tabanus_autumnalis_618394_3904600711,http://creativecommons.org/licenses/by-nc-nd/4.0/
396108,3902079528,Tabanidae_Chrysops_italicus_1983255_3902079528,http://creativecommons.org/licenses/by-nc/4.0/
396188,3902011795,Tabanidae_Chrysops_italicus_3363038_3902011795,http://creativecommons.org/licenses/by-nc/4.0/
396343,3097252375,Tabanidae_Rhagio_notatus_972325_3097252375,http://creativecommons.org/licenses/by-nc/4.0/
396344,3097252375,Tabanidae_Rhagio_notatus_972326_3097252375,http://creativecommons.org/licenses/by-nc/4.0/
396346,3097252375,Tabanidae_Rhagio_notatus_972328_3097252375,http://creativecommons.org/licenses/by-nc/4.0/
396347,3097252375,Tabanidae_Rhagio_notatus_972329_3097252375,http://creativecommons.org/licenses/by-nc/4.0/
396349,3097252375,Tabanidae_Rhagio_notatus_972331_3097252375,http://creativecommons.org/licenses/by-nc/4.0/
396350,3097252375,Tabanidae_Rhagio_notatus_972332_3097252375,http://creativecommons.org/licenses/by-nc/4.0/
396351,3097252375,Tabanidae_Rhagio_notatus_972333_3097252375,http://creativecommons.org/licenses/by-nc/4.0/
396352,3097252375,Tabanidae_Rhagio_notatus_972334_3097252375,http://creativecommons.org/licenses/by-nc/4.0/
396535,3802479620,Tabanidae_Tabanus_barbarus_3315059_3802479620,http://creativecommons.org/licenses/by-nc/4.0/
396536,3802479620,Tabanidae_Tabanus_barbarus_3315060_3802479620,http://creativecommons.org/licenses/by-nc/4.0/
397198,3759926380,Tabanidae_Rhagio_atlanticus_546565_3759926380,http://creativecommons.org/licenses/by-nc/4.0/
397199,3759926380,Tabanidae_Rhagio_atlanticus_546566_3759926380,http://creativecommons.org/licenses/by-nc/4.0/
397591,2407505618,Tabanidae_Rhagio_annulatus_153772_2407505618,© All rights reserved
397744,1822653054,Tabanidae_Hybomitra_nitidifrons_2124981_1822653054,© All rights reserved
397816,3392971465,Tabanidae_Hybomitra_muehlfeldi_1705583_3392971465,© All rights reserved
398185,3431993433,Tabanidae_Atylotus_rusticus_2405133_3431993433,© all rights reserved
398243,1459631600,Tabanidae_Chrysops_sepulcralis_2116664_1459631600,© all rights reserved
398447,1995305578,Tabanidae_Hybomitra_nitidifrons_132687_1995305578,© all rights reserved
398448,1995305578,Tabanidae_Hybomitra_nitidifrons_132688_1995305578,© all rights reserved
398471,2993878622,Tabanidae_Heptatoma_pellucens_949049_2993878622,© all rights reserved
398565,1824492988,Tabanidae_Rhagio_annulatus_2814978_1824492988,© All rights reserved
398571,2405970258,Tabanidae_Rhagio_annulatus_1532289_2405970258,© All rights reserved
398572,2273539880,Tabanidae_Hybomitra_auripila_145664_2273539880,© All rights reserved
398624,2816679312,Tabanidae_Hybomitra_tarandina_2964792_2816679312,© All rights reserved
399244,3904613312,Tabanidae_Chrysops_viduatus_1307167_3904613312,http://creativecommons.org/licenses/by-nc-nd/4.0/
400078,3717121057,Tabanidae_Chrysops_sepulcralis_2549229_3717121057,http://creativecommons.org/licenses/by-nc-nd/4.0/
400222,1973806863,Tabanidae_Tabanus_autumnalis_1498971_1973806863,http://creativecommons.org/licenses/by-nc-sa/4.0/
400547,1969067374,Tabanidae_Rhagio_tringaria_802590_1969067374,http://creativecommons.org/licenses/by-nc-nd/4.0/
402254,3904342330,Tabanidae_Chrysops_rufipes_616720_3904342330,http://creativecommons.org/licenses/by-nc-nd/4.0/
402432,1969863413,Tabanidae_Hybomitra_muehlfeldi_2872295_1969863413,http://creativecommons.org/licenses/by-nc/4.0/
402434,1969863413,Tabanidae_Hybomitra_muehlfeldi_2872297_1969863413,http://creativecommons.org/licenses/by-nc/4.0/
402436,1969863413,Tabanidae_Hybomitra_muehlfeldi_2872299_1969863413,http://creativecommons.org/licenses/by-nc/4.0/
402762,1969349460,Tabanidae_Rhagio_tringaria_112454_1969349460,http://creativecommons.org/licenses/by-nc-nd/4.0/
402900,1962334674,Tabanidae_Chrysops_rufipes_2171264_1962334674,http://creativecommons.org/licenses/by-nc-nd/4.0/
403406,3303516663,Tabanidae_Rhagio_annulatus_3050239_3303516663,© All rights reserved
403636,3990843403,Tabanidae_Rhagio_annulatus_662902_3990843403,© All rights reserved
403637,3990843403,Tabanidae_Rhagio_annulatus_662903_3990843403,© All rights reserved
403901,3432917835,Tabanidae_Rhagio_lineola_2405585_3432917835,© all rights reserved
403923,1801936432,Tabanidae_Hybomitra_aterrima_1434262_1801936432,© all rights reserved
404014,3857727432,Tabanidae_Chrysops_divaricatus_2640342_3857727432,© all rights reserved
404286,3866463490,Tabanidae_Hybomitra_auripila_587805_3866463490,© All rights reserved
404303,1933228899,Tabanidae_Chrysops_divaricatus_775845_1933228899,© All rights reserved
404566,3856909775,Tabanidae_Chrysops_sepulcralis_3330681_3856909775,© all rights reserved
405859,3731543824,Tabanidae_Hybomitra_bimaculata_534060_3731543824,http://creativecommons.org/licenses/by-nc-nd/4.0/
406734,3728362375,Tabanidae_Haematopota_pluvialis_1209651_3728362375,http://creativecommons.org/licenses/by-nc-nd/4.0/
407300,3904626536,Tabanidae_Tabanus_sudeticus_2685896_3904626536,http://creativecommons.org/licenses/by-nc/4.0/
407557,3723123018,Tabanidae_Tabanus_bromius_1196027_3723123018,http://creativecommons.org/licenses/by-nc-nd/4.0/
407831,2834112654,Tabanidae_Tabanus_bromius_2281794_2834112654,http://creativecommons.org/licenses/by-nc-nd/4.0/
408883,1961401584,Tabanidae_Rhagio_immaculatus_1481131_1961401584,http://creativecommons.org/licenses/by-nc-nd/4.0/
409099,3314151158,Tabanidae_Chrysops_caecutiens_983487_3314151158,http://creativecommons.org/licenses/by-nc/4.0/
409602,2429241013,Tabanidae_Chrysops_caecutiens_1536755_2429241013,http://creativecommons.org/licenses/by-nc/4.0/
410738,2813921724,Tabanidae_Chrysops_viduatus_2962306_2813921724,http://creativecommons.org/licenses/by-nc/4.0/
411134,3031708586,Tabanidae_Philipomyia_aprica_955954_3031708586,http://creativecommons.org/licenses/by-nc/4.0/
411244,3881721351,Tabanidae_Rhagio_lineola_1287151_3881721351,http://creativecommons.org/licenses/by-nc/4.0/
411311,3963335197,Tabanidae_Hybomitra_tarandina_655329_3963335197,http://creativecommons.org/licenses/by-nc/4.0/
412552,3384239908,Tabanidae_Silvius_alpinus_2388607_3384239908,http://creativecommons.org/licenses/by-nc/4.0/
412656,3455796813,Tabanidae_Therioplectes_gigas_2527094_3455796813,http://creativecommons.org/licenses/by-nc/4.0/
412657,3455796813,Tabanidae_Therioplectes_gigas_2527095_3455796813,http://creativecommons.org/licenses/by-nc/4.0/
413587,3881502584,Tabanidae_Rhagio_lineola_1286232_3881502584,http://creativecommons.org/licenses/by-nc/4.0/
413981,2864837069,Tabanidae_Chrysops_italicus_2313680_2864837069,http://creativecommons.org/licenses/by-nc/4.0/
414310,3384477920,Tabanidae_Philipomyia_aprica_1011647_3384477920,http://creativecommons.org/licenses/by/4.0/
415318,2856686523,Tabanidae_Chrysops_flavidus_1619605_2856686523,http://creativecommons.org/licenses/by-nc/4.0/
415320,2856686523,Tabanidae_Chrysops_flavidus_1619607_2856686523,http://creativecommons.org/licenses/by-nc/4.0/
415530,2901673756,Tabanidae_Silvius_alpinus_3009617_2901673756,http://creativecommons.org/licenses/by-nc/4.0/
416207,3873049687,Tabanidae_Philipomyia_graeca_2656472_3873049687,http://creativecommons.org/licenses/by-nc/4.0/
416208,3873049687,Tabanidae_Philipomyia_graeca_2656473_3873049687,http://creativecommons.org/licenses/by-nc/4.0/
416419,3455513085,Tabanidae_Philipomyia_aprica_1147268_3455513085,http://creativecommons.org/licenses/by-nc/4.0/
418542,3355100585,Tabanidae_Rhagio_maculatus_1004985_3355100585,http://creativecommons.org/licenses/by-nc/4.0/
418836,931942614,Tabanidae_Rhagio_annulatus_689612_931942614,© all rights reserved
418928,2542078618,Tabanidae_Hybomitra_muhlfeldi_1545808_2542078618,© all rights reserved
418929,2542078618,Tabanidae_Hybomitra_muhlfeldi_1545809_2542078618,© all rights reserved
418930,2542078618,Tabanidae_Hybomitra_muhlfeldi_1545810_2542078618,© all rights reserved
418931,2542078618,Tabanidae_Hybomitra_muhlfeldi_1545811_2542078618,© all rights reserved
419277,3338091874,Tabanidae_Therioplectes_tricolor_3070279_3338091874,http://creativecommons.org/licenses/by-nc-sa/4.0/
419278,3338091874,Tabanidae_Therioplectes_tricolor_3070280_3338091874,http://creativecommons.org/licenses/by-nc-sa/4.0/
420418,3874123085,Tabanidae_Chrysops_viduatus_1283150_3874123085,http://creativecommons.org/licenses/by-nc/4.0/
420419,3874123085,Tabanidae_Chrysops_viduatus_1283151_3874123085,http://creativecommons.org/licenses/by-nc/4.0/
421107,3923310032,Tabanidae_Chrysops_caecutiens_645460_3923310032,http://creativecommons.org/licenses/by-nc/4.0/
421631,3070491617,Tabanidae_Rhagio_atlanticus_275625_3070491617,http://creativecommons.org/licenses/by-nc/4.0/
421632,3070491617,Tabanidae_Rhagio_atlanticus_275626_3070491617,http://creativecommons.org/licenses/by-nc/4.0/
422377,2813915377,Tabanidae_Chrysops_viduatus_894164_2813915377,http://creativecommons.org/licenses/by-nc/4.0/
422706,2826162709,Tabanidae_Chrysops_divaricatus_899617_2826162709,http://creativecommons.org/licenses/by-nc/4.0/
423466,3743046389,Tabanidae_Tabanus_nemoralis_2609036_3743046389,http://creativecommons.org/licenses/by-nc/4.0/
423467,3743046389,Tabanidae_Tabanus_nemoralis_2609037_3743046389,http://creativecommons.org/licenses/by-nc/4.0/
423468,3743046389,Tabanidae_Tabanus_nemoralis_2609038_3743046389,http://creativecommons.org/licenses/by-nc/4.0/
423484,2814175409,Tabanidae_Silvius_alpinus_2272790_2814175409,http://creativecommons.org/licenses/by/4.0/
423981,3337375572,Tabanidae_Rhagio_maculatus_2376729_3337375572,http://creativecommons.org/licenses/by-nc/4.0/
427193,2802547475,Tabanidae_Hybomitra_tarandina_2267912_2802547475,http://creativecommons.org/licenses/by-nc/4.0/
427927,3067670055,Tabanidae_Tabanus_rectus_963634_3067670055,http://creativecommons.org/licenses/by-nc/4.0/
427928,3067670055,Tabanidae_Tabanus_rectus_963635_3067670055,http://creativecommons.org/licenses/by-nc/4.0/
429308,3721603848,Tabanidae_Tabanus_bromius_1186624_3721603848,http://creativecommons.org/licenses/by-nc-nd/4.0/
430676,2844049064,Tabanidae_Haematopota_italica_2989983_2844049064,http://creativecommons.org/licenses/by-nc-sa/4.0/
430678,2844049064,Tabanidae_Haematopota_italica_2989985_2844049064,http://creativecommons.org/licenses/by-nc-sa/4.0/
432641,2809106973,Tabanidae_Hybomitra_nitidifrons_203160_2809106973,© all rights reserved
433254,3448619897,Tabanidae_Chrysops_divaricatus_1833706_3448619897,http://creativecommons.org/licenses/by-sa/4.0/
433256,3448620245,Tabanidae_Chrysops_divaricatus_1144260_3448620245,http://creativecommons.org/licenses/by-sa/4.0/
433392,1459475234,Tabanidae_Rhagio_maculatus_1427034_1459475234,© all rights reserved
434124,2837125576,Tabanidae_Haematopota_italica_1598041_2837125576,http://creativecommons.org/publicdomain/zero/1.0/
434696,3904548392,Tabanidae_Tabanus_bromius_1306750_3904548392,http://creativecommons.org/licenses/by-nc-nd/4.0/
435139,1969755802,Tabanidae_Haematopota_pluvialis_804255_1969755802,http://creativecommons.org/licenses/by-nc/4.0/
435549,1959607097,Tabanidae_Tabanus_bromius_789968_1959607097,http://creativecommons.org/licenses/by-nc-nd/4.0/
435679,1952281915,Tabanidae_Rhagio_immaculatus_87764_1952281915,http://creativecommons.org/licenses/by-nc-nd/4.0/
435814,2837671900,Tabanidae_Hybomitra_muehlfeldi_2978917_2837671900,http://creativecommons.org/licenses/by-nc-nd/4.0/
436190,3827455229,Tabanidae_Heptatoma_pellucens_1260458_3827455229,http://creativecommons.org/licenses/by/4.0/
436367,3725145281,Tabanidae_Silvius_alpinus_1198065_3725145281,http://creativecommons.org/licenses/by-nc-nd/4.0/
436726,2841963256,Tabanidae_Tabanus_bromius_1605913_2841963256,http://creativecommons.org/licenses/by-nc/4.0/
437272,2834438119,Tabanidae_Rhagio_tringaria_215077_2834438119,http://creativecommons.org/licenses/by-nc-nd/4.0/
438017,1973014133,Tabanidae_Atylotus_plebeius_809166_1973014133,http://creativecommons.org/licenses/by-nc-nd/4.0/
438018,1973014133,Tabanidae_Atylotus_plebeius_809167_1973014133,http://creativecommons.org/licenses/by-nc-nd/4.0/
438019,1973014133,Tabanidae_Atylotus_plebeius_809168_1973014133,http://creativecommons.org/licenses/by-nc-nd/4.0/
438020,1973014133,Tabanidae_Atylotus_plebeius_809169_1973014133,http://creativecommons.org/licenses/by-nc-nd/4.0/
438021,1973014133,Tabanidae_Atylotus_plebeius_809170_1973014133,http://creativecommons.org/licenses/by-nc-nd/4.0/
438390,3718307788,Tabanidae_Rhagio_immaculatus_1175766_3718307788,http://creativecommons.org/licenses/by-nc-nd/4.0/
440826,1974729892,Tabanidae_Haematopota_crassicornis_2879781_1974729892,http://creativecommons.org/licenses/by-nc-sa/4.0/
440827,1974729892,Tabanidae_Haematopota_crassicornis_2879782_1974729892,http://creativecommons.org/licenses/by-nc-sa/4.0/
441238,3731544367,Tabanidae_Hybomitra_solstitialis_2601291_3731544367,http://creativecommons.org/licenses/by-nc-nd/4.0/
441254,3716770696,Tabanidae_Hybomitra_bimaculata_3237470_3716770696,http://creativecommons.org/licenses/by-nc-nd/4.0/
441712,3907069877,Tabanidae_Tabanus_autumnalis_2010636_3907069877,http://creativecommons.org/licenses/by-nc-nd/4.0/
442100,3861984468,Tabanidae_Hybomitra_auripila_3346042_3861984468,© All rights reserved
442309,3878933364,Tabanidae_Hybomitra_auripila_1283610_3878933364,© All rights reserved
442393,3310054332,Tabanidae_Tabanus_maculicornis_3052028_3310054332,© All rights reserved
442727,1946443391,Tabanidae_Hybomitra_kaurii_2844856_1946443391,© All rights reserved
442728,1946443391,Tabanidae_Hybomitra_kaurii_2844857_1946443391,© All rights reserved
442729,1946443391,Tabanidae_Hybomitra_kaurii_2844858_1946443391,© All rights reserved
442811,2816638362,Tabanidae_Hybomitra_auripila_2964781_2816638362,© All rights reserved
443004,3862135510,Tabanidae_Chrysops_sepulcralis_1276632_3862135510,© All rights reserved
443200,2273586759,Tabanidae_Rhagio_annulatus_1524633_2273586759,© All rights reserved
443224,3451543481,Tabanidae_Haematopota_crassicornis_1144632_3451543481,© All rights reserved
445071,3721384610,Tabanidae_Rhagio_immaculatus_3254258_3721384610,http://creativecommons.org/licenses/by-nc-nd/4.0/
445770,2838119669,Tabanidae_Hybomitra_muehlfeldi_2979837_2838119669,http://creativecommons.org/licenses/by-nc-nd/4.0/
447912,1966544746,Tabanidae_Hybomitra_bimaculata_2867911_1966544746,http://creativecommons.org/licenses/by-nc-nd/4.0/
448548,1973955329,Tabanidae_Hybomitra_muehlfeldi_2878838_1973955329,http://creativecommons.org/licenses/by/4.0/
449541,3906102710,Tabanidae_Rhagio_immaculatus_627251_3906102710,http://creativecommons.org/licenses/by-nc-nd/4.0/
450193,1957788427,Tabanidae_Rhagio_immaculatus_787158_1957788427,http://creativecommons.org/licenses/by-nc-nd/4.0/
450680,1952547702,Tabanidae_Rhagio_lineola_2846586_1952547702,http://creativecommons.org/licenses/by/4.0/
451033,2837781152,Tabanidae_Rhagio_scolopacea_220456_2837781152,http://creativecommons.org/licenses/by-nc-nd/4.0/
451138,3721251137,Tabanidae_Rhagio_immaculatus_1184148_3721251137,http://creativecommons.org/licenses/by-nc-nd/4.0/
452064,3414645377,Tabanidae_Hybomitra_auripila_1711000_3414645377,© All rights reserved
452285,2468753265,Tabanidae_Atylotus_sublunaticornis_2923635_2468753265,© All rights reserved
452286,2468753265,Tabanidae_Atylotus_sublunaticornis_2923636_2468753265,© All rights reserved
452907,3721411390,Tabanidae_Haematopota_italica_496416_3721411390,http://creativecommons.org/licenses/by-nc/4.0/
454370,3997443907,Tabanidae_Rhagio_lineola_2740908_3997443907,http://creativecommons.org/licenses/by-nc-nd/4.0/
456213,3730462662,Tabanidae_Hybomitra_distinguenda_1905995_3730462662,http://creativecommons.org/licenses/by-nc-nd/4.0/
456214,3730462662,Tabanidae_Hybomitra_distinguenda_1905996_3730462662,http://creativecommons.org/licenses/by-nc-nd/4.0/
456215,3730462662,Tabanidae_Hybomitra_distinguenda_1905997_3730462662,http://creativecommons.org/licenses/by-nc-nd/4.0/
456514,3995742221,Tabanidae_Heptatoma_pellucens_667684_3995742221,http://creativecommons.org/licenses/by-nc-nd/4.0/
457775,1965743936,Tabanidae_Rhagio_lineola_107218_1965743936,http://creativecommons.org/licenses/by-nc/4.0/
458363,3907169159,Tabanidae_Hybomitra_solstitialis_1321957_3907169159,http://creativecommons.org/licenses/by-nc-nd/4.0/
458897,2840603334,Tabanidae_Philipomyia_aprica_2982851_2840603334,http://creativecommons.org/licenses/by-nc-nd/4.0/
458942,1956850135,Tabanidae_Hybomitra_bimaculata_2853009_1956850135,http://creativecommons.org/licenses/by-nc-nd/4.0/
459835,3718412136,Tabanidae_Chrysops_relictus_486912_3718412136,http://creativecommons.org/licenses/by-nc-nd/4.0/
460160,3905791165,Tabanidae_Rhagio_immaculatus_625366_3905791165,http://creativecommons.org/licenses/by-nc-nd/4.0/
460659,3905934442,Tabanidae_Atylotus_fulvus_2004054_3905934442,http://creativecommons.org/licenses/by-nc-nd/4.0/
461511,3430493099,Tabanidae_Tabanus_sudeticus_336625_3430493099,© all rights reserved
461527,1132498443,Tabanidae_Tabanus_bovinus_1386865_1132498443,© all rights reserved
461598,3434293087,Tabanidae_Tabanus_bovinus_2406354_3434293087,© all rights reserved
461638,2593162278,Tabanidae_Chrysops_sepulcralis_1563186_2593162278,© all rights reserved
461698,2422210588,Tabanidae_Hybomitra_astuta_1534415_2422210588,(c) Field Museum of Natural History - CC BY-NC 4.0
461699,2422210588,Tabanidae_Hybomitra_astuta_1534416_2422210588,(c) Field Museum of Natural History - CC BY-NC 4.0
461700,2422210588,Tabanidae_Hybomitra_astuta_1534417_2422210588,(c) Field Museum of Natural History - CC BY-NC 4.0
461701,2422210588,Tabanidae_Hybomitra_astuta_1534418_2422210588,(c) Field Museum of Natural History - CC BY-NC 4.0
461712,2422211596,Tabanidae_Chrysops_flavidus_1534486_2422211596,(c) Field Museum of Natural History - CC BY-NC 4.0
461718,2422210624,Tabanidae_Hybomitra_astuta_2223322_2422210624,(c) Field Museum of Natural History - CC BY-NC 4.0
461719,2422210624,Tabanidae_Hybomitra_astuta_2223323_2422210624,(c) Field Museum of Natural History - CC BY-NC 4.0
461720,2422210624,Tabanidae_Hybomitra_astuta_2223324_2422210624,(c) Field Museum of Natural History - CC BY-NC 4.0
461721,2422210624,Tabanidae_Hybomitra_astuta_2223325_2422210624,(c) Field Museum of Natural History - CC BY-NC 4.0
461964,3113283319,Tabanidae_Rhagio_maculatus_2353355_3113283319,http://creativecommons.org/licenses/by-nc/4.0/
462294,3302549776,Tabanidae_Rhagio_annulatus_1669663_3302549776,http://creativecommons.org/licenses/by-nc/4.0/
462873,3079823331,Tabanidae_Rhagio_atlanticus_1656641_3079823331,http://creativecommons.org/licenses/by-nc/4.0/
463977,3067993305,Tabanidae_Rhagio_tringaria_1653105_3067993305,http://creativecommons.org/licenses/by-nc/4.0/
464963,1846768622,Tabanidae_Chrysops_flavidus_764534_1846768622,
466938,3995020203,Tabanidae_Haematopota_crassicornis_3422272_3995020203,http://creativecommons.org/licenses/by-nc/4.0/
467340,3722420068,Tabanidae_Chrysops_relictus_2571531_3722420068,http://creativecommons.org/licenses/by-nc-nd/4.0/
467443,3721149039,Tabanidae_Rhagio_scolopacea_2562509_3721149039,http://creativecommons.org/licenses/by-nc-nd/4.0/
467804,3905790979,Tabanidae_Rhagio_scolopacea_2003201_3905790979,http://creativecommons.org/licenses/by-nc-nd/4.0/
468768,3907308326,Tabanidae_Chrysops_rufipes_2011889_3907308326,http://creativecommons.org/licenses/by-nc/4.0/
468770,3907308326,Tabanidae_Chrysops_rufipes_2011891_3907308326,http://creativecommons.org/licenses/by-nc/4.0/
469414,3825410995,Tabanidae_Hybomitra_distinguenda_2633799_3825410995,http://creativecommons.org/licenses/by-nc-nd/4.0/
471182,3718093697,Tabanidae_Philipomyia_aprica_1864555_3718093697,http://creativecommons.org/licenses/by-nc-nd/4.0/
471183,3718093697,Tabanidae_Philipomyia_aprica_1864556_3718093697,http://creativecommons.org/licenses/by-nc-nd/4.0/
472714,2845052881,Tabanidae_Haematopota_subcylindrica_2302218_2845052881,http://creativecommons.org/licenses/by-nc-nd/4.0/
473104,2839556483,Tabanidae_Haematopota_pluvialis_2981784_2839556483,http://creativecommons.org/licenses/by/4.0/
479225,3759848760,Tabanidae_Rhagio_notatus_546288_3759848760,http://creativecommons.org/licenses/by-nc/4.0/
479227,3759848760,Tabanidae_Rhagio_notatus_546290_3759848760,http://creativecommons.org/licenses/by-nc/4.0/
479230,3759848760,Tabanidae_Rhagio_notatus_546293_3759848760,http://creativecommons.org/licenses/by-nc/4.0/
479231,3759848760,Tabanidae_Rhagio_notatus_546294_3759848760,http://creativecommons.org/licenses/by-nc/4.0/
479578,3031589385,Tabanidae_Chrysops_relictus_264868_3031589385,http://creativecommons.org/licenses/by-nc/4.0/
479939,2826242328,Tabanidae_Tabanus_sudeticus_1588978_2826242328,http://creativecommons.org/licenses/by-nc/4.0/
481212,2814347245,Tabanidae_Tabanus_rectus_1584714_2814347245,http://creativecommons.org/licenses/by-nc/4.0/
481458,3994214308,Tabanidae_Rhagio_tringaria_2041412_3994214308,http://creativecommons.org/licenses/by-nc/4.0/
483263,3902651836,Tabanidae_Chrysops_caecutiens_608652_3902651836,http://creativecommons.org/licenses/by-nc/4.0/
483312,3746992301,Tabanidae_Rhagio_notatus_3300512_3746992301,http://creativecommons.org/licenses/by-nc-sa/4.0/
484555,2837175656,Tabanidae_Hybomitra_bimaculata_909425_2837175656,http://creativecommons.org/licenses/by-nc-nd/4.0/
484841,1976566184,Tabanidae_Hybomitra_muehlfeldi_814163_1976566184,http://creativecommons.org/licenses/by-nc-nd/4.0/
484842,1976566184,Tabanidae_Hybomitra_muehlfeldi_814164_1976566184,http://creativecommons.org/licenses/by-nc-nd/4.0/
485005,3730791571,Tabanidae_Chrysops_relictus_2597094_3730791571,http://creativecommons.org/licenses/by-nc-nd/4.0/
485857,1958082837,Tabanidae_Hybomitra_lurida_2855558_1958082837,http://creativecommons.org/licenses/by-nc-sa/4.0/
485858,1958082837,Tabanidae_Hybomitra_lurida_2855559_1958082837,http://creativecommons.org/licenses/by-nc-sa/4.0/
486095,3904915511,Tabanidae_Rhagio_immaculatus_1998271_3904915511,http://creativecommons.org/licenses/by-nc-nd/4.0/
487693,1977165953,Tabanidae_Hybomitra_lurida_815567_1977165953,http://creativecommons.org/licenses/by-nc/4.0/
487886,3904834972,Tabanidae_Atylotus_rusticus_2687112_3904834972,http://creativecommons.org/licenses/by-nc-nd/4.0/
487888,3904834972,Tabanidae_Atylotus_rusticus_2687114_3904834972,http://creativecommons.org/licenses/by-nc-nd/4.0/
488958,3823471311,Tabanidae_Tabanus_bromius_2629388_3823471311,http://creativecommons.org/licenses/by-nc-nd/4.0/
488995,3722708402,Tabanidae_Haematopota_subcylindrica_1194275_3722708402,http://creativecommons.org/licenses/by-sa/4.0/
488996,3722708402,Tabanidae_Haematopota_subcylindrica_1194276_3722708402,http://creativecommons.org/licenses/by-sa/4.0/
489424,1976684084,Tabanidae_Atylotus_latistriatus_814422_1976684084,http://creativecommons.org/licenses/by-nc-nd/4.0/
489425,1976684084,Tabanidae_Atylotus_latistriatus_814423_1976684084,http://creativecommons.org/licenses/by-nc-nd/4.0/
489725,2836444325,Tabanidae_Rhagio_scolopacea_217548_2836444325,http://creativecommons.org/licenses/by-nc-nd/4.0/
490433,3722626922,Tabanidae_Rhagio_lineola_1883158_3722626922,http://creativecommons.org/publicdomain/zero/1.0/
491687,3721706764,Tabanidae_Tabanus_bromius_1876792_3721706764,http://creativecommons.org/licenses/by-nc-nd/4.0/
491996,3905287811,Tabanidae_Hybomitra_solstitialis_2689926_3905287811,http://creativecommons.org/licenses/by-nc-nd/4.0/
494896,3730684849,Tabanidae_Rhagio_tringaria_1907220_3730684849,http://creativecommons.org/licenses/by-nc-nd/4.0/
496113,3905455331,Tabanidae_Haematopota_subcylindrica_2001303_3905455331,http://creativecommons.org/publicdomain/zero/1.0/
496114,3905455331,Tabanidae_Haematopota_subcylindrica_2001304_3905455331,http://creativecommons.org/publicdomain/zero/1.0/
496496,3725706480,Tabanidae_Chrysops_rufipes_510188_3725706480,http://creativecommons.org/licenses/by-nc-nd/4.0/
497883,3906588374,Tabanidae_Tabanus_autumnalis_3388029_3906588374,http://creativecommons.org/licenses/by-nc-nd/4.0/
498453,2400058502,Tabanidae_Tabanus_bovinus_1530848_2400058502,© All rights reserved
498585,3045345367,Tabanidae_Hybomitra_arpadi_2338729_3045345367,© All rights reserved
498586,3045345367,Tabanidae_Hybomitra_arpadi_2338730_3045345367,© All rights reserved
498587,3045345367,Tabanidae_Hybomitra_arpadi_2338731_3045345367,© All rights reserved
498789,3820061460,Tabanidae_Chrysops_divaricatus_2626132_3820061460,© All rights reserved
498992,3820113394,Tabanidae_Rhagio_annulatus_1936573_3820113394,© All rights reserved
499463,1670074712,Tabanidae_Tabanus_bovinus_53054_1670074712,© all rights reserved
499540,1460292708,Tabanidae_Hybomitra_tarandina_48799_1460292708,© all rights reserved
499754,3432217713,Tabanidae_Tabanus_bromius_1027127_3432217713,© all rights reserved
499858,1460075715,Tabanidae_Atylotus_plebeius_1428293_1460075715,© all rights reserved
499859,1460075715,Tabanidae_Atylotus_plebeius_1428294_1460075715,© all rights reserved
499992,932177571,Tabanidae_Rhagio_scolopacea_2757185_932177571,© all rights reserved
500134,1212427705,Tabanidae_Hybomitra_montana_700264_1212427705,© all rights reserved
500135,1212427705,Tabanidae_Hybomitra_montana_700265_1212427705,© all rights reserved
500246,1884346596,Tabanidae_Chrysops_sepulcralis_1461007_1884346596,© all rights reserved
500288,3857146788,Tabanidae_Hybomitra_nitidifrons_1950447_3857146788,© all rights reserved
500289,3857146788,Tabanidae_Hybomitra_nitidifrons_1950448_3857146788,© all rights reserved
500380,3012961423,Tabanidae_Atylotus_rusticus_951568_3012961423,© all rights reserved
500736,1459285983,Tabanidae_Rhagio_maculatus_1426810_1459285983,© all rights reserved
500741,2302975514,Tabanidae_Hybomitra_auripila_147915_2302975514,© all rights reserved
501674,3434147244,Tabanidae_Chrysops_sepulcralis_1028212_3434147244,© all rights reserved
502660,3061659337,Tabanidae_Rhagio_tringaria_3031206_3061659337,http://creativecommons.org/licenses/by-nc/4.0/
503723,3873519601,Tabanidae_Rhagio_atlanticus_1280263_3873519601,http://creativecommons.org/licenses/by-nc/4.0/
504505,2273210243,Tabanidae_Chrysops_flavidus_2903712_2273210243,http://creativecommons.org/licenses/by-nc/4.0/
504952,1431653865,Tabanidae_Hybomitra_tarandina_1424154_1431653865,© all rights reserved
504966,3880617626,Tabanidae_Tabanus_bovinus_3353770_3880617626,© all rights reserved
505054,3431446028,Tabanidae_Hybomitra_arpadi_1026778_3431446028,© all rights reserved
505055,3431446028,Tabanidae_Hybomitra_arpadi_1026779_3431446028,© all rights reserved
505056,3431446028,Tabanidae_Hybomitra_arpadi_1026780_3431446028,© all rights reserved
505057,3431446028,Tabanidae_Hybomitra_arpadi_1026781_3431446028,© all rights reserved
505058,3431446028,Tabanidae_Hybomitra_arpadi_1026782_3431446028,© all rights reserved
505064,1459283594,Tabanidae_Chrysops_viduatus_2116191_1459283594,© all rights reserved
505310,1434128356,Tabanidae_Tabanus_glaucopis_2803915_1434128356,© all rights reserved
505677,1433073449,Tabanidae_Tabanus_bromius_2114285_1433073449,© all rights reserved
505770,3856527099,Tabanidae_Chrysops_sepulcralis_3330442_3856527099,© all rights reserved
505881,2273643209,Tabanidae_Tabanus_bovinus_836227_2273643209,© all rights reserved
506709,931809796,Tabanidae_Hybomitra_arpadi_2757037_931809796,© all rights reserved
506711,931809796,Tabanidae_Hybomitra_arpadi_2757039_931809796,© all rights reserved
507289,2983820523,Tabanidae_Chrysops_nigripes_946251_2983820523,© all rights reserved
507417,3857751042,Tabanidae_Hybomitra_nitidifrons_1950908_3857751042,© all rights reserved
507452,1460323278,Tabanidae_Atylotus_sublunaticornis_1428745_1460323278,© all rights reserved
507453,1460323278,Tabanidae_Atylotus_sublunaticornis_1428746_1460323278,© all rights reserved
507524,1459636348,Tabanidae_Hybomitra_tarandina_1427262_1459636348,© all rights reserved
507637,2808515498,Tabanidae_Heptatoma_pellucens_202885_2808515498,© all rights reserved
507967,3880480742,Tabanidae_Tabanus_maculicornis_1284153_3880480742,© all rights reserved
507968,3880480742,Tabanidae_Tabanus_maculicornis_1284154_3880480742,© all rights reserved
507982,2994052319,Tabanidae_Tabanus_bovinus_3017642_2994052319,© all rights reserved
508029,1050184458,Tabanidae_Hybomitra_nigricornis_2073331_1050184458,© all rights reserved
508030,1050184458,Tabanidae_Hybomitra_nigricornis_2073332_1050184458,© all rights reserved
508607,1459974777,Tabanidae_Haematopota_italica_2117455_1459974777,© all rights reserved
508638,1670997320,Tabanidae_Tabanus_maculicornis_2811983_1670997320,© all rights reserved
508667,1884108272,Tabanidae_Chrysops_nigripes_1460843_1884108272,© all rights reserved
508668,1884108272,Tabanidae_Chrysops_nigripes_1460844_1884108272,© all rights reserved
508974,3058955553,Tabanidae_Rhagio_tringaria_3030120_3058955553,http://creativecommons.org/licenses/by-nc/4.0/
509367,3902679831,Tabanidae_Chrysops_caecutiens_608804_3902679831,http://creativecommons.org/licenses/by-nc/4.0/
511310,3090621997,Tabanidae_Rhagio_atlanticus_2347013_3090621997,http://creativecommons.org/licenses/by-nc/4.0/
511526,2429187233,Tabanidae_Philipomyia_aprica_157444_2429187233,http://creativecommons.org/licenses/by-nc/4.0/
511827,3860561659,Tabanidae_Pangonius_micans_3344892_3860561659,http://creativecommons.org/licenses/by-nc/4.0/
511828,3860561659,Tabanidae_Pangonius_micans_3344893_3860561659,http://creativecommons.org/licenses/by-nc/4.0/
511829,3860561659,Tabanidae_Pangonius_micans_3344894_3860561659,http://creativecommons.org/licenses/by-nc/4.0/
511830,3860561659,Tabanidae_Pangonius_micans_3344895_3860561659,http://creativecommons.org/licenses/by-nc/4.0/
511831,3860561659,Tabanidae_Pangonius_micans_3344896_3860561659,http://creativecommons.org/licenses/by-nc/4.0/
511832,3860561659,Tabanidae_Pangonius_micans_3344897_3860561659,http://creativecommons.org/licenses/by-nc/4.0/
511833,3860561659,Tabanidae_Pangonius_micans_3344898_3860561659,http://creativecommons.org/licenses/by-nc/4.0/
511834,3860561659,Tabanidae_Pangonius_micans_3344899_3860561659,http://creativecommons.org/licenses/by-nc/4.0/
512483,3321114644,Tabanidae_Rhagio_immaculatus_296421_3321114644,http://creativecommons.org/licenses/by-nc/4.0/
513221,3902150493,Tabanidae_Chrysops_flavipes_2673168_3902150493,http://creativecommons.org/licenses/by-nc/4.0/
513222,3902150493,Tabanidae_Chrysops_flavipes_2673169_3902150493,http://creativecommons.org/licenses/by-nc/4.0/
513223,3902150493,Tabanidae_Chrysops_flavipes_2673170_3902150493,http://creativecommons.org/licenses/by-nc/4.0/
513224,3902150493,Tabanidae_Chrysops_flavipes_2673171_3902150493,http://creativecommons.org/licenses/by-nc/4.0/
513374,3912076457,Tabanidae_Pangonius_funebris_2014561_3912076457,http://creativecommons.org/licenses/by-nc/4.0/
513813,3872895145,Tabanidae_Heptatoma_pellucens_588006_3872895145,http://creativecommons.org/licenses/by-nc/4.0/
514128,3070665739,Tabanidae_Chrysops_caecutiens_2344678_3070665739,http://creativecommons.org/licenses/by-nc/4.0/
514435,3858523498,Tabanidae_Pangonius_pyritosus_1955147_3858523498,http://creativecommons.org/licenses/by-nc/4.0/
514462,3712441305,Tabanidae_Chrysops_flavidus_474310_3712441305,http://creativecommons.org/licenses/by-nc/4.0/
515244,3902634410,Tabanidae_Hybomitra_arpadi_3366588_3902634410,http://creativecommons.org/licenses/by-nc/4.0/
515245,3902634410,Tabanidae_Hybomitra_arpadi_3366589_3902634410,http://creativecommons.org/licenses/by-nc/4.0/
515246,3902634410,Tabanidae_Hybomitra_arpadi_3366590_3902634410,http://creativecommons.org/licenses/by-nc/4.0/
515247,3902634410,Tabanidae_Hybomitra_arpadi_3366591_3902634410,http://creativecommons.org/licenses/by-nc/4.0/
515248,3902634410,Tabanidae_Hybomitra_arpadi_3366592_3902634410,http://creativecommons.org/licenses/by-nc/4.0/
516075,3113428071,Tabanidae_Rhagio_atlanticus_3044289_3113428071,http://creativecommons.org/licenses/by-nc/4.0/
516152,3330534797,Tabanidae_Tabanus_sudeticus_992211_3330534797,http://creativecommons.org/licenses/by-nc/4.0/
516471,3860649344,Tabanidae_Tabanus_bovinus_1964879_3860649344,http://creativecommons.org/licenses/by-nc/4.0/
516476,3860649344,Tabanidae_Tabanus_bovinus_1964884_3860649344,http://creativecommons.org/licenses/by-nc/4.0/
517594,3307540240,Tabanidae_Chrysops_caecutiens_2361727_3307540240,http://creativecommons.org/licenses/by-nc/4.0/
519163,3759054436,Tabanidae_Therioplectes_gigas_3301846_3759054436,http://creativecommons.org/licenses/by-nc/4.0/
519164,3759054436,Tabanidae_Therioplectes_gigas_3301847_3759054436,http://creativecommons.org/licenses/by-nc/4.0/
519165,3759054436,Tabanidae_Therioplectes_gigas_3301848_3759054436,http://creativecommons.org/licenses/by-nc/4.0/
519166,3759054436,Tabanidae_Therioplectes_gigas_3301849_3759054436,http://creativecommons.org/licenses/by-nc/4.0/
519167,3759054436,Tabanidae_Therioplectes_gigas_3301850_3759054436,http://creativecommons.org/licenses/by-nc/4.0/
519828,1837096001,Tabanidae_Pangonius_funebris_1451419_1837096001,http://creativecommons.org/licenses/by/4.0/
519829,1837096001,Tabanidae_Pangonius_funebris_1451420_1837096001,http://creativecommons.org/licenses/by/4.0/
521802,3873221331,Tabanidae_Chrysops_relictus_1278856_3873221331,http://creativecommons.org/licenses/by-nc/4.0/
521838,3858750325,Tabanidae_Chrysops_viduatus_2645585_3858750325,http://creativecommons.org/licenses/by/4.0/
521897,3902214493,Tabanidae_Philipomyia_graeca_3364494_3902214493,http://creativecommons.org/licenses/by-nc/4.0/
522431,3338106514,Tabanidae_Tabanus_sudeticus_1690345_3338106514,http://creativecommons.org/licenses/by-nc/4.0/
523421,2814182476,Tabanidae_Chrysops_divaricatus_204776_2814182476,http://creativecommons.org/licenses/by-nc/4.0/
523422,2814182476,Tabanidae_Chrysops_divaricatus_204777_2814182476,http://creativecommons.org/licenses/by-nc/4.0/
523780,3307124944,Tabanidae_Therioplectes_gigas_1670034_3307124944,http://creativecommons.org/licenses/by/4.0/
523781,3307124944,Tabanidae_Therioplectes_gigas_1670035_3307124944,http://creativecommons.org/licenses/by/4.0/
523782,3307124944,Tabanidae_Therioplectes_gigas_1670036_3307124944,http://creativecommons.org/licenses/by/4.0/
523783,3307124944,Tabanidae_Therioplectes_gigas_1670037_3307124944,http://creativecommons.org/licenses/by/4.0/
523784,3307124944,Tabanidae_Therioplectes_gigas_1670038_3307124944,http://creativecommons.org/licenses/by/4.0/
523853,3902853519,Tabanidae_Therioplectes_gigas_1987849_3902853519,http://creativecommons.org/licenses/by-nc/4.0/
523854,3902853519,Tabanidae_Therioplectes_gigas_1987850_3902853519,http://creativecommons.org/licenses/by-nc/4.0/
525303,3859004464,Tabanidae_Dasyrhamphis_ater_579058_3859004464,http://creativecommons.org/licenses/by-nc/4.0/
525304,3859004464,Tabanidae_Dasyrhamphis_ater_579059_3859004464,http://creativecommons.org/licenses/by-nc/4.0/
525421,3314308120,Tabanidae_Tabanus_bovinus_3052963_3314308120,http://creativecommons.org/licenses/by-nc/4.0/
525481,3902639483,Tabanidae_Silvius_alpinus_3366620_3902639483,http://creativecommons.org/licenses/by-nc/4.0/
525855,3902188406,Tabanidae_Haematopota_crassicornis_2673454_3902188406,http://creativecommons.org/licenses/by-sa/4.0/
526260,3415498611,Tabanidae_Therioplectes_gigas_333226_3415498611,http://creativecommons.org/licenses/by/4.0/
526261,3415498611,Tabanidae_Therioplectes_gigas_333227_3415498611,http://creativecommons.org/licenses/by/4.0/
526262,3415498611,Tabanidae_Therioplectes_gigas_333228_3415498611,http://creativecommons.org/licenses/by/4.0/
527284,3722559100,Tabanidae_Rhagio_immaculatus_504577_3722559100,http://creativecommons.org/licenses/by-nc-nd/4.0/
528321,3905372317,Tabanidae_Haematopota_crassicornis_3380790_3905372317,http://creativecommons.org/licenses/by-nc-nd/4.0/
529985,2835952723,Tabanidae_Haematopota_italica_216960_2835952723,http://creativecommons.org/licenses/by-nc-nd/4.0/
530347,3726326975,Tabanidae_Haematopota_subcylindrica_2580764_3726326975,http://creativecommons.org/licenses/by-nc-sa/4.0/
530348,3726326975,Tabanidae_Haematopota_subcylindrica_2580765_3726326975,http://creativecommons.org/licenses/by-nc-sa/4.0/
530349,3726326975,Tabanidae_Haematopota_subcylindrica_2580766_3726326975,http://creativecommons.org/licenses/by-nc-sa/4.0/
530350,3726326975,Tabanidae_Haematopota_subcylindrica_2580767_3726326975,http://creativecommons.org/licenses/by-nc-sa/4.0/
530351,3726326975,Tabanidae_Haematopota_subcylindrica_2580768_3726326975,http://creativecommons.org/licenses/by-nc-sa/4.0/
532189,2283125501,Tabanidae_Tabanus_sudeticus_2214323_2283125501,http://creativecommons.org/licenses/by-nc/4.0/
534671,3858246404,Tabanidae_Pangonius_micans_1264538_3858246404,http://creativecommons.org/licenses/by-nc/4.0/
534672,3858246404,Tabanidae_Pangonius_micans_1264539_3858246404,http://creativecommons.org/licenses/by-nc/4.0/
537114,3902090390,Tabanidae_Chrysops_italicus_1983338_3902090390,http://creativecommons.org/licenses/by/4.0/
537388,1838369472,Tabanidae_Chrysops_flavidus_2140801_1838369472,http://creativecommons.org/licenses/by-nc/4.0/
538345,3902185539,Tabanidae_Chrysops_caecutiens_1983994_3902185539,http://creativecommons.org/licenses/by-nc/4.0/
538853,3330792932,Tabanidae_Chrysops_divaricatus_2371710_3330792932,http://creativecommons.org/licenses/by-nc/4.0/
540951,3499599437,Tabanidae_Tabanus_bovinus_471509_3499599437,http://creativecommons.org/licenses/by/4.0/
540952,3499599437,Tabanidae_Tabanus_bovinus_471510_3499599437,http://creativecommons.org/licenses/by/4.0/
541681,3321334331,Tabanidae_Rhagio_immaculatus_1675607_3321334331,http://creativecommons.org/licenses/by-nc/4.0/
542231,3858189509,Tabanidae_Pangonius_micans_2642745_3858189509,http://creativecommons.org/licenses/by-nc/4.0/
542855,3902103788,Tabanidae_Philipomyia_graeca_2672774_3902103788,http://creativecommons.org/licenses/by-nc/4.0/
542934,4022010840,Tabanidae_Chrysops_flavidus_3440304_4022010840,http://creativecommons.org/licenses/by-nc/4.0/
543508,3902182882,Tabanidae_Tabanus_bovinus_605819_3902182882,http://creativecommons.org/licenses/by-nc/4.0/
544655,3058874553,Tabanidae_Rhagio_tringaria_3029929_3058874553,http://creativecommons.org/licenses/by-nc/4.0/
545783,3109410572,Tabanidae_Rhagio_maculatus_973708_3109410572,http://creativecommons.org/licenses/by-nc/4.0/
545785,3109410572,Tabanidae_Rhagio_maculatus_973710_3109410572,http://creativecommons.org/licenses/by-nc/4.0/
546313,2013025544,Tabanidae_Rhagio_scolopacea_1512383_2013025544,http://creativecommons.org/licenses/by-nc/4.0/
546616,3466007185,Tabanidae_Philipomyia_graeca_2534294_3466007185,http://creativecommons.org/licenses/by-nc/4.0/
546617,3466007185,Tabanidae_Philipomyia_graeca_2534295_3466007185,http://creativecommons.org/licenses/by-nc/4.0/
547780,3759188478,Tabanidae_Silvius_alpinus_2611831_3759188478,http://creativecommons.org/licenses/by-nc/4.0/
548408,2898322854,Tabanidae_Pangonius_funebris_939842_2898322854,http://creativecommons.org/licenses/by-nc/4.0/
548409,2898322854,Tabanidae_Pangonius_funebris_939843_2898322854,http://creativecommons.org/licenses/by-nc/4.0/
548647,1135528771,Tabanidae_Haematopota_italica_7400_1135528771,http://creativecommons.org/licenses/by-nc/4.0/
548648,1135528771,Tabanidae_Haematopota_italica_7401_1135528771,http://creativecommons.org/licenses/by-nc-sa/4.0/
548665,3902204743,Tabanidae_Chrysops_viduatus_1294886_3902204743,http://creativecommons.org/licenses/by-nc/4.0/
548980,4009817646,Tabanidae_Rhagio_tringaria_3434141_4009817646,http://creativecommons.org/licenses/by-nc/4.0/
550267,3888707358,Tabanidae_Rhagio_lineola_599123_3888707358,http://creativecommons.org/licenses/by-nc/4.0/
550991,3321151319,Tabanidae_Philipomyia_aprica_296612_3321151319,http://creativecommons.org/licenses/by-nc/4.0/
551445,3068023492,Tabanidae_Rhagio_atlanticus_3032894_3068023492,http://creativecommons.org/licenses/by-nc/4.0/
551446,3068023492,Tabanidae_Rhagio_atlanticus_3032895_3068023492,http://creativecommons.org/licenses/by-nc/4.0/
551447,3068023492,Tabanidae_Rhagio_atlanticus_3032896_3068023492,http://creativecommons.org/licenses/by-nc/4.0/
551448,3068023492,Tabanidae_Rhagio_atlanticus_3032897_3068023492,http://creativecommons.org/licenses/by-nc/4.0/
552433,3407933380,Tabanidae_Tabanus_exclusus_1020727_3407933380,http://creativecommons.org/licenses/by-nc/4.0/
552434,3407933380,Tabanidae_Tabanus_exclusus_1020728_3407933380,http://creativecommons.org/licenses/by-nc/4.0/
553336,3321191668,Tabanidae_Philipomyia_graeca_986962_3321191668,http://creativecommons.org/licenses/by-nc/4.0/
554293,2626655857,Tabanidae_Pangonius_micans_1570318_2626655857,http://creativecommons.org/licenses/by-nc/4.0/
554294,2626655857,Tabanidae_Pangonius_micans_1570319_2626655857,http://creativecommons.org/licenses/by-nc/4.0/
554295,2626655857,Tabanidae_Pangonius_micans_1570320_2626655857,http://creativecommons.org/licenses/by-nc/4.0/
554698,3903524371,Tabanidae_Heptatoma_pellucens_1301930_3903524371,http://creativecommons.org/licenses/by-nc/4.0/
554941,3888775368,Tabanidae_Tabanus_eggeri_1288647_3888775368,http://creativecommons.org/licenses/by/4.0/
556434,3090966367,Tabanidae_Rhagio_maculipennis_969811_3090966367,http://creativecommons.org/licenses/by-nc/4.0/
556435,3090966367,Tabanidae_Rhagio_maculipennis_969812_3090966367,http://creativecommons.org/licenses/by-nc/4.0/
556718,2269281623,Tabanidae_Philipomyia_graeca_2902861_2269281623,http://creativecommons.org/licenses/by-nc/4.0/
556719,2269281623,Tabanidae_Philipomyia_graeca_2902862_2269281623,http://creativecommons.org/licenses/by-nc/4.0/
556721,2269281623,Tabanidae_Philipomyia_graeca_2902864_2269281623,http://creativecommons.org/licenses/by-nc/4.0/
557245,3031613482,Tabanidae_Chrysops_viduatus_955204_3031613482,http://creativecommons.org/licenses/by-nc/4.0/
557609,1836680886,Tabanidae_Philipomyia_graeca_2830087_1836680886,http://creativecommons.org/licenses/by/4.0/
557613,1836680886,Tabanidae_Philipomyia_graeca_2830091_1836680886,http://creativecommons.org/licenses/by/4.0/
557614,1836680886,Tabanidae_Philipomyia_graeca_2830092_1836680886,http://creativecommons.org/licenses/by/4.0/
557615,1836680886,Tabanidae_Philipomyia_graeca_2830093_1836680886,http://creativecommons.org/licenses/by/4.0/
557616,1836680886,Tabanidae_Philipomyia_graeca_2830094_1836680886,http://creativecommons.org/licenses/by/4.0/
557617,1836680886,Tabanidae_Philipomyia_graeca_2830095_1836680886,http://creativecommons.org/licenses/by/4.0/
557618,1836680886,Tabanidae_Philipomyia_graeca_2830096_1836680886,http://creativecommons.org/licenses/by/4.0/
557619,1836680886,Tabanidae_Philipomyia_graeca_2830097_1836680886,http://creativecommons.org/licenses/by/4.0/
559140,3320873543,Tabanidae_Therioplectes_tricolor_3054126_3320873543,http://creativecommons.org/licenses/by-nc/4.0/
559141,3320873543,Tabanidae_Therioplectes_tricolor_3054127_3320873543,http://creativecommons.org/licenses/by-nc/4.0/
559142,3320873543,Tabanidae_Therioplectes_tricolor_3054128_3320873543,http://creativecommons.org/licenses/by-nc/4.0/
559143,3320873543,Tabanidae_Therioplectes_tricolor_3054129_3320873543,http://creativecommons.org/licenses/by-nc/4.0/
559144,3320873543,Tabanidae_Therioplectes_tricolor_3054130_3320873543,http://creativecommons.org/licenses/by-nc/4.0/
559145,3320873543,Tabanidae_Therioplectes_tricolor_3054131_3320873543,http://creativecommons.org/licenses/by-nc/4.0/
559222,3090547018,Tabanidae_Rhagio_atlanticus_3036967_3090547018,http://creativecommons.org/licenses/by-nc/4.0/
559674,3902005392,Tabanidae_Chrysops_relictus_604483_3902005392,http://creativecommons.org/licenses/by-nc/4.0/
560633,2573923289,Tabanidae_Tabanus_bovinus_1561045_2573923289,http://creativecommons.org/licenses/by/4.0/
560635,2626378385,Tabanidae_Therioplectes_gigas_190525_2626378385,http://creativecommons.org/licenses/by/4.0/
561310,3902137447,Tabanidae_Philipomyia_graeca_1983666_3902137447,http://creativecommons.org/licenses/by-nc/4.0/
561855,3070457363,Tabanidae_Rhagio_atlanticus_275500_3070457363,http://creativecommons.org/licenses/by-nc/4.0/
562312,3325837659,Tabanidae_Tabanus_sudeticus_988895_3325837659,http://creativecommons.org/licenses/by-nc/4.0/
562505,3059021344,Tabanidae_Rhagio_tringaria_3030323_3059021344,http://creativecommons.org/licenses/by-nc/4.0/
563752,2265778396,Tabanidae_Pangonius_pyritosus_2902327_2265778396,http://creativecommons.org/licenses/by-nc/4.0/
563753,2265778396,Tabanidae_Pangonius_pyritosus_2902328_2265778396,http://creativecommons.org/licenses/by-nc/4.0/
564247,2265909291,Tabanidae_Atylotus_loewianus_2902617_2265909291,http://creativecommons.org/licenses/by/4.0/
564248,2265909291,Tabanidae_Atylotus_loewianus_2902618_2265909291,http://creativecommons.org/licenses/by/4.0/
564404,3321065667,Tabanidae_Chrysops_viduatus_296160_3321065667,http://creativecommons.org/licenses/by-nc/4.0/
564533,3314219109,Tabanidae_Philipomyia_graeca_1672397_3314219109,http://creativecommons.org/licenses/by-nc/4.0/
564534,3314219109,Tabanidae_Philipomyia_graeca_1672398_3314219109,http://creativecommons.org/licenses/by-nc/4.0/
564943,3321108661,Tabanidae_Chrysops_relictus_1674917_3321108661,http://creativecommons.org/licenses/by-nc/4.0/
565228,3888758443,Tabanidae_Rhagio_lineola_1288521_3888758443,http://creativecommons.org/licenses/by-nc/4.0/
565860,3902329309,Tabanidae_Hybomitra_astuta_1984998_3902329309,http://creativecommons.org/publicdomain/zero/1.0/
565861,3902329309,Tabanidae_Hybomitra_astuta_1984999_3902329309,http://creativecommons.org/publicdomain/zero/1.0/
565862,3902329309,Tabanidae_Hybomitra_astuta_1985000_3902329309,http://creativecommons.org/publicdomain/zero/1.0/
565863,3902329309,Tabanidae_Hybomitra_astuta_1985001_3902329309,http://creativecommons.org/publicdomain/zero/1.0/
566675,3947111216,Tabanidae_Therioplectes_gigas_2717300_3947111216,http://creativecommons.org/licenses/by-nc/4.0/
566852,3860694266,Tabanidae_Rhagio_annulatus_586895_3860694266,http://creativecommons.org/licenses/by-nc/4.0/
567057,3994066351,Tabanidae_Tabanus_barbarus_663358_3994066351,http://creativecommons.org/licenses/by-nc/4.0/
567058,3994066351,Tabanidae_Tabanus_barbarus_663359_3994066351,http://creativecommons.org/licenses/by-nc/4.0/
567246,4011739635,Tabanidae_Rhagio_annulatus_1366996_4011739635,http://creativecommons.org/licenses/by-nc/4.0/
567755,3860324667,Tabanidae_Pangonius_funebris_585140_3860324667,http://creativecommons.org/licenses/by-nc/4.0/
568875,3902074125,Tabanidae_Hybomitra_tarandina_605028_3902074125,http://creativecommons.org/licenses/by-nc/4.0/
568880,3902074125,Tabanidae_Hybomitra_tarandina_605033_3902074125,http://creativecommons.org/licenses/by-nc/4.0/
569039,2012945941,Tabanidae_Rhagio_scolopacea_2201370_2012945941,http://creativecommons.org/licenses/by-nc/4.0/
569855,3325532491,Tabanidae_Chrysops_caecutiens_1676124_3325532491,http://creativecommons.org/licenses/by-nc/4.0/
570844,3061683305,Tabanidae_Rhagio_maculatus_962953_3061683305,http://creativecommons.org/licenses/by-nc/4.0/
570964,3058981419,Tabanidae_Rhagio_atlanticus_3030213_3058981419,http://creativecommons.org/licenses/by-nc/4.0/
571785,3337974023,Tabanidae_Heptatoma_pellucens_3069720_3337974023,http://creativecommons.org/licenses/by-nc/4.0/
571788,3337974023,Tabanidae_Heptatoma_pellucens_3069723_3337974023,http://creativecommons.org/licenses/by-nc/4.0/
572717,4018134365,Tabanidae_Philipomyia_graeca_2748321_4018134365,http://creativecommons.org/licenses/by-nc/4.0/
572718,4018134365,Tabanidae_Philipomyia_graeca_2748322_4018134365,http://creativecommons.org/licenses/by-nc/4.0/
572719,4018134365,Tabanidae_Philipomyia_graeca_2748323_4018134365,http://creativecommons.org/licenses/by-nc/4.0/
572730,2826522660,Tabanidae_Rhagio_tringaria_1590020_2826522660,http://creativecommons.org/licenses/by-nc/4.0/
573100,3915455380,Tabanidae_Pangonius_pyritosus_2707541_3915455380,http://creativecommons.org/licenses/by-nc/4.0/
573101,3915455380,Tabanidae_Pangonius_pyritosus_2707542_3915455380,http://creativecommons.org/licenses/by-nc/4.0/
573412,3355674284,Tabanidae_Tabanus_bovinus_317507_3355674284,http://creativecommons.org/licenses/by-nc/4.0/
573573,3456351431,Tabanidae_Chrysops_nigripes_1840681_3456351431,http://creativecommons.org/licenses/by-nc/4.0/
573658,3902983381,Tabanidae_Tabanus_eggeri_2677874_3902983381,http://creativecommons.org/licenses/by-nc/4.0/
573659,3902983381,Tabanidae_Tabanus_eggeri_2677875_3902983381,http://creativecommons.org/licenses/by-nc/4.0/
573660,3902983381,Tabanidae_Tabanus_eggeri_2677876_3902983381,http://creativecommons.org/licenses/by-nc/4.0/
573661,3902983381,Tabanidae_Tabanus_eggeri_2677877_3902983381,http://creativecommons.org/licenses/by-nc/4.0/
574517,3881653686,Tabanidae_Philipomyia_aprica_1286891_3881653686,http://creativecommons.org/licenses/by-nc/4.0/
576599,3759425179,Tabanidae_Rhagio_atlanticus_544903_3759425179,http://creativecommons.org/licenses/by-nc/4.0/
576729,3321316425,Tabanidae_Rhagio_immaculatus_987258_3321316425,http://creativecommons.org/licenses/by-nc/4.0/
576791,3888891855,Tabanidae_Chrysops_flavidus_1289319_3888891855,http://creativecommons.org/licenses/by-nc/4.0/
577631,3873726850,Tabanidae_Dasyrhamphis_ater_1970537_3873726850,http://creativecommons.org/licenses/by-nc/4.0/
577711,3325609359,Tabanidae_Heptatoma_pellucens_297949_3325609359,http://creativecommons.org/licenses/by-nc/4.0/
578641,3902169218,Tabanidae_Therioplectes_gigas_2673282_3902169218,http://creativecommons.org/licenses/by-nc/4.0/
578642,3902169218,Tabanidae_Therioplectes_gigas_2673283_3902169218,http://creativecommons.org/licenses/by-nc/4.0/
578643,3902169218,Tabanidae_Therioplectes_gigas_2673284_3902169218,http://creativecommons.org/licenses/by-nc/4.0/
578831,3330501262,Tabanidae_Rhagio_scolopacea_1680399_3330501262,http://creativecommons.org/licenses/by-nc/4.0/
580973,3881785026,Tabanidae_Rhagio_annulatus_598263_3881785026,http://creativecommons.org/licenses/by-nc/4.0/
581383,3455880835,Tabanidae_Rhagio_maculatus_1148960_3455880835,http://creativecommons.org/licenses/by-nc-sa/4.0/
582282,3325515572,Tabanidae_Chrysops_caecutiens_2365918_3325515572,http://creativecommons.org/licenses/by-nc/4.0/
583107,1831106847,Tabanidae_Hybomitra_distinguenda_70749_1831106847,http://creativecommons.org/licenses/by-nc/4.0/
583179,3338018384,Tabanidae_Rhagio_strigosus_3069959_3338018384,http://creativecommons.org/licenses/by-nc/4.0/
583575,2265779161,Tabanidae_Atylotus_loewianus_143945_2265779161,http://creativecommons.org/licenses/by-nc/4.0/
583725,3858579115,Tabanidae_Pangonius_pyritosus_3335695_3858579115,http://creativecommons.org/licenses/by-nc/4.0/
583726,3858579115,Tabanidae_Pangonius_pyritosus_3335696_3858579115,http://creativecommons.org/licenses/by-nc/4.0/
583727,3858579115,Tabanidae_Pangonius_pyritosus_3335697_3858579115,http://creativecommons.org/licenses/by-nc/4.0/
584576,3902012422,Tabanidae_Therioplectes_tricolor_1982769_3902012422,http://creativecommons.org/licenses/by-nc/4.0/
585459,3902371422,Tabanidae_Chrysops_caecutiens_607130_3902371422,http://creativecommons.org/licenses/by-nc/4.0/
586316,3067957947,Tabanidae_Philipomyia_aprica_3032736_3067957947,http://creativecommons.org/licenses/by-nc/4.0/
586865,3859318341,Tabanidae_Rhagio_notatus_1958774_3859318341,http://creativecommons.org/publicdomain/zero/1.0/
586866,3859318341,Tabanidae_Rhagio_notatus_1958775_3859318341,http://creativecommons.org/publicdomain/zero/1.0/
587314,3760331099,Tabanidae_Rhagio_atlanticus_1925979_3760331099,http://creativecommons.org/licenses/by-nc/4.0/
588266,3902037538,Tabanidae_Chrysops_divaricatus_1982945_3902037538,http://creativecommons.org/licenses/by-nc/4.0/
588267,3902037538,Tabanidae_Chrysops_divaricatus_1982946_3902037538,http://creativecommons.org/licenses/by-nc/4.0/
589197,3873103492,Tabanidae_Chrysops_viduatus_2656736_3873103492,http://creativecommons.org/licenses/by/4.0/
589232,3872992490,Tabanidae_Tabanus_bromius_1277620_3872992490,http://creativecommons.org/licenses/by-nc/4.0/
589812,2311300872,Tabanidae_Rhagio_tringaria_148063_2311300872,http://creativecommons.org/licenses/by-nc/4.0/
589961,3705799697,Tabanidae_Philipomyia_aprica_2542588_3705799697,http://creativecommons.org/licenses/by-nc/4.0/
590006,2429271039,Tabanidae_Atylotus_rusticus_2225777_2429271039,http://creativecommons.org/licenses/by-nc/4.0/
590909,3902655794,Tabanidae_Chrysops_relictus_1986693_3902655794,http://creativecommons.org/licenses/by-nc/4.0/
591020,3044587388,Tabanidae_Dasyrhamphis_ater_2337508_3044587388,http://creativecommons.org/licenses/by-nc/4.0/
591198,3873266466,Tabanidae_Rhagio_lineola_3348490_3873266466,http://creativecommons.org/licenses/by/4.0/
591430,3415456441,Tabanidae_Chrysops_viduatus_332889_3415456441,http://creativecommons.org/licenses/by-nc/4.0/
592267,3344118554,Tabanidae_Rhagio_tringaria_2381988_3344118554,http://creativecommons.org/licenses/by-nc/4.0/
592720,3858223561,Tabanidae_Tabanus_bovinus_575327_3858223561,http://creativecommons.org/licenses/by-nc/4.0/
593302,3067798388,Tabanidae_Rhagio_atlanticus_964027_3067798388,http://creativecommons.org/licenses/by-nc/4.0/
594446,3873040027,Tabanidae_Chrysops_italicus_1967140_3873040027,http://creativecommons.org/licenses/by-nc/4.0/
594458,3061571415,Tabanidae_Rhagio_latipennis_3030935_3061571415,http://creativecommons.org/licenses/by-nc/4.0/
594864,2988426003,Tabanidae_Dasyrhamphis_ater_257622_2988426003,http://creativecommons.org/licenses/by-nc/4.0/
595288,3112565300,Tabanidae_Rhagio_atlanticus_284307_3112565300,http://creativecommons.org/licenses/by-nc/4.0/
595649,3994225358,Tabanidae_Pangonius_micans_3421638_3994225358,http://creativecommons.org/licenses/by-nc/4.0/
596299,3301834128,Tabanidae_Dasyrhamphis_ater_3047483_3301834128,http://creativecommons.org/licenses/by-nc/4.0/
596558,3902303458,Tabanidae_Chrysops_caecutiens_3365001_3902303458,http://creativecommons.org/licenses/by-nc/4.0/
596801,3903015368,Tabanidae_Chrysops_viduatus_1988751_3903015368,http://creativecommons.org/licenses/by-nc/4.0/
597501,3873471020,Tabanidae_Chrysops_nigripes_2658444_3873471020,http://creativecommons.org/licenses/by-nc/4.0/
597517,3307309562,Tabanidae_Rhagio_tringaria_2360829_3307309562,http://creativecommons.org/licenses/by/4.0/
597977,3327882169,Tabanidae_Chrysops_viduatus_990245_3327882169,http://creativecommons.org/licenses/by-nc/4.0/
598543,3385088163,Tabanidae_Chrysops_nigripes_3083041_3385088163,http://creativecommons.org/licenses/by-nc/4.0/
598544,3385088163,Tabanidae_Chrysops_nigripes_3083042_3385088163,http://creativecommons.org/licenses/by-nc/4.0/
598547,3385088163,Tabanidae_Chrysops_nigripes_3083045_3385088163,http://creativecommons.org/licenses/by-nc/4.0/
598548,3385088163,Tabanidae_Chrysops_nigripes_3083046_3385088163,http://creativecommons.org/licenses/by-nc/4.0/
598587,3902146750,Tabanidae_Philipomyia_aprica_3364038_3902146750,http://creativecommons.org/licenses/by-nc/4.0/
598589,3902146750,Tabanidae_Philipomyia_aprica_3364040_3902146750,http://creativecommons.org/licenses/by-nc/4.0/
598834,3338048325,Tabanidae_Chrysops_viduatus_1690049_3338048325,http://creativecommons.org/licenses/by-nc/4.0/
599324,3859807764,Tabanidae_Tabanus_bromius_3341276_3859807764,http://creativecommons.org/licenses/by-nc/4.0/
601078,3031971467,Tabanidae_Chrysops_divaricatus_957354_3031971467,http://creativecommons.org/licenses/by-nc/4.0/
601080,3031971467,Tabanidae_Chrysops_divaricatus_957356_3031971467,http://creativecommons.org/licenses/by-nc/4.0/
601081,3031971467,Tabanidae_Chrysops_divaricatus_957357_3031971467,http://creativecommons.org/licenses/by-nc/4.0/
602246,3333295645,Tabanidae_Tabanus_sudeticus_1683390_3333295645,http://creativecommons.org/licenses/by-nc/4.0/
602248,3333295645,Tabanidae_Tabanus_sudeticus_1683392_3333295645,http://creativecommons.org/licenses/by-nc/4.0/
603703,2814199479,Tabanidae_Chrysops_viduatus_895139_2814199479,http://creativecommons.org/licenses/by-nc/4.0/
603712,3355360600,Tabanidae_Rhagio_strigosus_3074621_3355360600,http://creativecommons.org/licenses/by-nc/4.0/
604046,2596262846,Tabanidae_Rhagio_scolopacea_875034_2596262846,http://creativecommons.org/licenses/by-nc/4.0/
605243,2850699483,Tabanidae_Silvius_alpinus_2995907_2850699483,http://creativecommons.org/licenses/by-nc/4.0/
605573,1837086714,Tabanidae_Pangonius_funebris_1451405_1837086714,http://creativecommons.org/licenses/by-nc/4.0/
606036,3889018207,Tabanidae_Philipomyia_aprica_3359243_3889018207,http://creativecommons.org/licenses/by-nc/4.0/
606037,3889018207,Tabanidae_Philipomyia_aprica_3359244_3889018207,http://creativecommons.org/licenses/by-nc/4.0/
607036,2269282575,Tabanidae_Philipomyia_graeca_835011_2269282575,http://creativecommons.org/licenses/by-nc/4.0/
607037,2269282575,Tabanidae_Philipomyia_graeca_835012_2269282575,http://creativecommons.org/licenses/by-nc/4.0/
607196,3466269657,Tabanidae_Philipomyia_aprica_1846243_3466269657,http://creativecommons.org/licenses/by-nc/4.0/
607417,3321024327,Tabanidae_Rhagio_maculatus_2364485_3321024327,http://creativecommons.org/licenses/by-nc/4.0/
607474,3881764640,Tabanidae_Chrysops_viduatus_3356854_3881764640,http://creativecommons.org/licenses/by-nc/4.0/
607617,3415389454,Tabanidae_Chrysops_caecutiens_3090722_3415389454,http://creativecommons.org/licenses/by-nc/4.0/
607646,3873308332,Tabanidae_Philipomyia_graeca_2657672_3873308332,http://creativecommons.org/licenses/by-nc/4.0/
607647,3873308332,Tabanidae_Philipomyia_graeca_2657673_3873308332,http://creativecommons.org/licenses/by-nc/4.0/
608659,3058991510,Tabanidae_Rhagio_scolopacea_1650361_3058991510,http://creativecommons.org/licenses/by-nc/4.0/
610267,3859559322,Tabanidae_Tabanus_sudeticus_2649197_3859559322,http://creativecommons.org/licenses/by-nc/4.0/
612365,3873220003,Tabanidae_Chrysops_caecutiens_1278846_3873220003,http://creativecommons.org/licenses/by-nc/4.0/
612410,3079816163,Tabanidae_Rhagio_atlanticus_1656633_3079816163,http://creativecommons.org/licenses/by/4.0/
612560,3881831886,Tabanidae_Philipomyia_aprica_1287692_3881831886,http://creativecommons.org/licenses/by-nc/4.0/
613297,3860591852,Tabanidae_Tabanus_sudeticus_1964647_3860591852,http://creativecommons.org/licenses/by-nc/4.0/
614051,3902048682,Tabanidae_Chrysops_italicus_3363329_3902048682,http://creativecommons.org/licenses/by-nc/4.0/
614053,3902048682,Tabanidae_Chrysops_italicus_3363331_3902048682,http://creativecommons.org/licenses/by-nc/4.0/
614431,2814417457,Tabanidae_Silvius_alpinus_205559_2814417457,http://creativecommons.org/licenses/by-nc/4.0/
616091,3466459569,Tabanidae_Tabanus_bromius_467258_3466459569,http://creativecommons.org/licenses/by-nc/4.0/
616098,3058760488,Tabanidae_Rhagio_atlanticus_271289_3058760488,http://creativecommons.org/licenses/by-nc/4.0/
616099,3058760488,Tabanidae_Rhagio_atlanticus_271290_3058760488,http://creativecommons.org/licenses/by-nc/4.0/
616140,3764164894,Tabanidae_Rhagio_annulatus_1926501_3764164894,http://creativecommons.org/licenses/by-nc/4.0/
616195,2273206944,Tabanidae_Chrysops_flavidus_1524169_2273206944,http://creativecommons.org/licenses/by-nc/4.0/
616947,3333132522,Tabanidae_Pangonius_micans_994216_3333132522,http://creativecommons.org/licenses/by-nc/4.0/
617179,3860317618,Tabanidae_Heptatoma_pellucens_2652587_3860317618,http://creativecommons.org/licenses/by-nc-nd/4.0/
617462,3985782115,Tabanidae_Rhagio_atlanticus_3417333_3985782115,http://creativecommons.org/licenses/by-nc/4.0/
618576,3994147768,Tabanidae_Haematopota_crassicornis_2041047_3994147768,http://creativecommons.org/licenses/by-nc/4.0/
618949,3859697253,Tabanidae_Pangonius_funebris_3340828_3859697253,http://creativecommons.org/licenses/by-nc/4.0/
618951,3859697253,Tabanidae_Pangonius_funebris_3340830_3859697253,http://creativecommons.org/licenses/by-nc/4.0/
619199,3923242179,Tabanidae_Silvius_alpinus_1333887_3923242179,http://creativecommons.org/licenses/by-nc/4.0/
619554,3892368539,Tabanidae_Haematopota_pluvialis_3360939_3892368539,http://creativecommons.org/licenses/by/4.0/
619623,3330450370,Tabanidae_Silvius_alpinus_301723_3330450370,http://creativecommons.org/licenses/by-nc/4.0/
619796,3902033027,Tabanidae_Chrysops_viduatus_1293658_3902033027,http://creativecommons.org/licenses/by-nc/4.0/
620277,3343918511,Tabanidae_Tabanus_sudeticus_2381270_3343918511,http://creativecommons.org/licenses/by-nc/4.0/
621314,3325637374,Tabanidae_Chrysops_divaricatus_2366449_3325637374,http://creativecommons.org/licenses/by-nc/4.0/
623098,3321069770,Tabanidae_Chrysops_caecutiens_3054866_3321069770,http://creativecommons.org/licenses/by-nc/4.0/
623210,2814445028,Tabanidae_Haematopota_pluvialis_205627_2814445028,http://creativecommons.org/licenses/by/4.0/
623879,2883123315,Tabanidae_Philipomyia_graeca_939093_2883123315,http://creativecommons.org/licenses/by-nc/4.0/
623906,4014985901,Tabanidae_Atylotus_fulvus_680085_4014985901,http://creativecommons.org/licenses/by-nc/4.0/
624246,3860504143,Tabanidae_Rhagio_notatus_3344588_3860504143,http://creativecommons.org/licenses/by-nc/4.0/
624982,3902153542,Tabanidae_Chrysops_viduatus_1294545_3902153542,http://creativecommons.org/licenses/by-nc/4.0/
625097,3061669341,Tabanidae_Rhagio_tringaria_272792_3061669341,http://creativecommons.org/licenses/by-nc/4.0/
625234,2999039392,Tabanidae_Therioplectes_gigas_3017742_2999039392,http://creativecommons.org/licenses/by-nc/4.0/
625235,2999039392,Tabanidae_Therioplectes_gigas_3017743_2999039392,http://creativecommons.org/licenses/by-nc/4.0/
625846,3902645231,Tabanidae_Hybomitra_tarandina_1986628_3902645231,http://creativecommons.org/licenses/by-nc/4.0/
626148,3873506727,Tabanidae_Hybomitra_aterrima_1280188_3873506727,http://creativecommons.org/licenses/by-nc/4.0/
626149,3873506727,Tabanidae_Hybomitra_aterrima_1280189_3873506727,http://creativecommons.org/licenses/by-nc/4.0/
626265,3902255522,Tabanidae_Chrysops_italicus_1984494_3902255522,http://creativecommons.org/licenses/by-nc/4.0/
626266,3902255522,Tabanidae_Chrysops_italicus_1984495_3902255522,http://creativecommons.org/licenses/by-nc/4.0/
626268,3902255522,Tabanidae_Chrysops_italicus_1984497_3902255522,http://creativecommons.org/licenses/by-nc/4.0/
626991,3902021338,Tabanidae_Therioplectes_gigas_2672142_3902021338,http://creativecommons.org/licenses/by-nc/4.0/
627220,3330410367,Tabanidae_Chrysops_flavidus_1679735_3330410367,http://creativecommons.org/licenses/by-nc/4.0/
628271,3061761711,Tabanidae_Rhagio_atlanticus_3031445_3061761711,http://creativecommons.org/licenses/by-nc/4.0/
628272,3061761711,Tabanidae_Rhagio_atlanticus_3031446_3061761711,http://creativecommons.org/licenses/by-nc/4.0/
628504,3881356368,Tabanidae_Dasyrhamphis_ater_2663944_3881356368,http://creativecommons.org/licenses/by-nc/4.0/
629454,2859948949,Tabanidae_Tabanus_nemoralis_242075_2859948949,http://creativecommons.org/licenses/by-nc/4.0/
629455,2859948949,Tabanidae_Tabanus_nemoralis_242076_2859948949,http://creativecommons.org/licenses/by-nc/4.0/
629675,3118444312,Tabanidae_Rhagio_maculatus_3046011_3118444312,http://creativecommons.org/licenses/by-nc/4.0/
630128,3415778340,Tabanidae_Therioplectes_gigas_334281_3415778340,http://creativecommons.org/publicdomain/zero/1.0/
630219,3903113948,Tabanidae_Philipomyia_aprica_611151_3903113948,http://creativecommons.org/licenses/by-nc/4.0/
630220,3903113948,Tabanidae_Philipomyia_aprica_611152_3903113948,http://creativecommons.org/licenses/by-nc/4.0/
630365,3925452558,Tabanidae_Tabanus_sudeticus_3406581_3925452558,http://creativecommons.org/licenses/by/4.0/
630555,2814123463,Tabanidae_Chrysops_caecutiens_894865_2814123463,http://creativecommons.org/licenses/by-nc/4.0/
630779,4006726931,Tabanidae_Pangonius_funebris_2742619_4006726931,http://creativecommons.org/licenses/by/4.0/
630780,4006726931,Tabanidae_Pangonius_funebris_2742620_4006726931,http://creativecommons.org/licenses/by/4.0/
631408,3337721790,Tabanidae_Silvius_alpinus_310055_3337721790,http://creativecommons.org/licenses/by-nc-sa/4.0/
631409,3337721790,Tabanidae_Silvius_alpinus_310056_3337721790,http://creativecommons.org/licenses/by-nc-sa/4.0/
631629,3881726979,Tabanidae_Chrysops_caecutiens_1976362_3881726979,http://creativecommons.org/licenses/by-nc/4.0/
632290,2856719794,Tabanidae_Tabanus_quatuornotatus_2999780_2856719794,http://creativecommons.org/licenses/by-nc/4.0/
632444,3008404896,Tabanidae_Philipomyia_aprica_260975_3008404896,http://creativecommons.org/licenses/by-nc/4.0/
633661,3328125309,Tabanidae_Chrysops_viduatus_2369567_3328125309,http://creativecommons.org/licenses/by-nc/4.0/
633720,2422208322,Tabanidae_Chrysops_flavidus_155305_2422208322,(c) Field Museum of Natural History - CC BY-NC 4.0
633722,2422208322,Tabanidae_Chrysops_flavidus_155307_2422208322,(c) Field Museum of Natural History - CC BY-NC 4.0
633725,2422210602,Tabanidae_Chrysops_flavidus_2914021_2422210602,(c) Field Museum of Natural History - CC BY-NC 4.0
633740,2422213376,Tabanidae_Chrysops_flavidus_155601_2422213376,(c) Field Museum of Natural History - CC BY-NC 4.0
633744,2422211786,Tabanidae_Chrysops_flavidus_2223393_2422211786,(c) Field Museum of Natural History - CC BY-NC 4.0
633748,2422207654,Tabanidae_Chrysops_flavidus_1534205_2422207654,(c) Field Museum of Natural History - CC BY-NC 4.0
633749,2422207654,Tabanidae_Chrysops_flavidus_1534206_2422207654,(c) Field Museum of Natural History - CC BY-NC 4.0
634268,3798296457,Tabanidae_Rhagio_annulatus_556374_3798296457,© All rights reserved
634269,3798296457,Tabanidae_Rhagio_annulatus_556375_3798296457,© All rights reserved
634270,3798296457,Tabanidae_Rhagio_annulatus_556376_3798296457,© All rights reserved
634271,3798296457,Tabanidae_Rhagio_annulatus_556377_3798296457,© All rights reserved
634342,2273472137,Tabanidae_Chrysops_nigripes_836108_2273472137,© All rights reserved
636757,3902045348,Tabanidae_Chrysops_italicus_604805_3902045348,http://creativecommons.org/licenses/by-nc/4.0/
636759,3902045348,Tabanidae_Chrysops_italicus_604807_3902045348,http://creativecommons.org/licenses/by-nc/4.0/
637548,3325545802,Tabanidae_Chrysops_caecutiens_1676199_3325545802,http://creativecommons.org/licenses/by/4.0/
637973,2862390444,Tabanidae_Silvius_alpinus_243776_2862390444,http://creativecommons.org/licenses/by-nc/4.0/
638093,2831611469,Tabanidae_Tabanus_glaucopis_901116_2831611469,© All rights reserved
638095,2831611469,Tabanidae_Tabanus_glaucopis_901118_2831611469,© All rights reserved
638151,2403386101,Tabanidae_Hybomitra_kaurii_843017_2403386101,© All rights reserved
638331,2816683432,Tabanidae_Chrysops_nigripes_1585622_2816683432,© All rights reserved
638353,3327092397,Tabanidae_Heptatoma_pellucens_1677497_3327092397,© All rights reserved
638626,1460056286,Tabanidae_Hybomitra_kaurii_2807125_1460056286,© all rights reserved
638628,3429571387,Tabanidae_Rhagio_lineola_1714835_3429571387,© all rights reserved
640468,1959816609,Tabanidae_Hybomitra_bimaculata_1479042_1959816609,http://creativecommons.org/licenses/by-nc-sa/4.0/
640610,3732045527,Tabanidae_Chrysops_viduatus_2603862_3732045527,http://creativecommons.org/licenses/by-nc-nd/4.0/
640695,3728132016,Tabanidae_Chrysops_caecutiens_2587629_3728132016,http://creativecommons.org/licenses/by-nc/4.0/
642852,2402362796,Tabanidae_Chrysops_caecutiens_1531425_2402362796,© All rights reserved
642924,3912792467,Tabanidae_Hybomitra_kaurii_2706099_3912792467,© All rights reserved
642954,1822533054,Tabanidae_Rhagio_lineola_56096_1822533054,© All rights reserved
643046,2627250660,Tabanidae_Chrysops_divaricatus_881207_2627250660,© All rights reserved
643048,2627250660,Tabanidae_Chrysops_divaricatus_881209_2627250660,© All rights reserved
643049,2627250660,Tabanidae_Chrysops_divaricatus_881210_2627250660,© All rights reserved
643251,2398319886,Tabanidae_Hybomitra_kaurii_151633_2398319886,© All rights reserved
643571,2273066923,Tabanidae_Hybomitra_tropica_2213196_2273066923,© all rights reserved
643572,2273066923,Tabanidae_Hybomitra_tropica_2213197_2273066923,© all rights reserved
643645,2273477533,Tabanidae_Hybomitra_auripila_836122_2273477533,© All rights reserved
643726,1884813526,Tabanidae_Tabanus_bromius_2840593_1884813526,© All rights reserved
643859,2529227031,Tabanidae_Chrysops_nigripes_856302_2529227031,© All rights reserved
643914,2399365673,Tabanidae_Hybomitra_auripila_2219739_2399365673,© All rights reserved
643982,1883156268,Tabanidae_Chrysops_divaricatus_2838652_1883156268,© All rights reserved
644032,2411582137,Tabanidae_Heptatoma_pellucens_844726_2411582137,http://creativecommons.org/licenses/by/4.0/
644385,2409578332,Tabanidae_Rhagio_maculatus_154229_2409578332,http://creativecommons.org/licenses/by-nc-sa/4.0/
644505,3844653442,Tabanidae_Rhagio_maculatus_571629_3844653442,© All rights reserved
644589,3878993432,Tabanidae_Haematopota_pluvialis_2662118_3878993432,© All rights reserved
644663,2334140402,Tabanidae_Tabanus_bovinus_149316_2334140402,http://creativecommons.org/licenses/by/4.0/
644676,3451465334,Tabanidae_Hybomitra_borealis_1144547_3451465334,© All rights reserved
644677,3451465334,Tabanidae_Hybomitra_borealis_1144548_3451465334,© All rights reserved
644680,3451465334,Tabanidae_Hybomitra_borealis_1144551_3451465334,© All rights reserved
645102,3902630909,Tabanidae_Tabanus_sudeticus_2676024_3902630909,http://creativecommons.org/licenses/by-nc/4.0/
645350,3903244760,Tabanidae_Philipomyia_aprica_1989957_3903244760,http://creativecommons.org/licenses/by-nc/4.0/
646023,2814083337,Tabanidae_Rhagio_maculatus_894769_2814083337,http://creativecommons.org/licenses/by-nc/4.0/
647268,2632939206,Tabanidae_Haematopota_subcylindrica_2949855_2632939206,http://creativecommons.org/licenses/by-nc-sa/4.0/
647438,2399924233,Tabanidae_Hybomitra_auripila_842177_2399924233,© All rights reserved
647691,2403855497,Tabanidae_Tabanus_bovinus_152892_2403855497,© All rights reserved
647805,2398609164,Tabanidae_Tabanus_sudeticus_841872_2398609164,© All rights reserved
648019,2401735917,Tabanidae_Rhagio_annulatus_152456_2401735917,© All rights reserved
648111,3845894404,Tabanidae_Hybomitra_auripila_2639403_3845894404,© All rights reserved
648433,2400115857,Tabanidae_Chrysops_sepulcralis_2910517_2400115857,© All rights reserved
648466,1883168837,Tabanidae_Rhagio_annulatus_2838660_1883168837,© All rights reserved
648680,2382118779,Tabanidae_Tabanus_glaucopis_840802_2382118779,http://creativecommons.org/licenses/by-sa/4.0/
649742,1973778038,Tabanidae_Rhagio_scolopacea_2878415_1973778038,http://creativecommons.org/licenses/by-nc-nd/4.0/
649946,1969728712,Tabanidae_Tabanus_sudeticus_804192_1969728712,http://creativecommons.org/licenses/by-nc-nd/4.0/
650579,3906503223,Tabanidae_Tabanus_sudeticus_3387505_3906503223,http://creativecommons.org/licenses/by-nc-nd/4.0/
652326,1976550976,Tabanidae_Haematopota_italica_2191786_1976550976,http://creativecommons.org/licenses/by-nc-nd/4.0/
652681,2836615427,Tabanidae_Philipomyia_aprica_2285876_2836615427,http://creativecommons.org/licenses/by-nc-nd/4.0/
653145,1975496105,Tabanidae_Chrysops_caecutiens_2190073_1975496105,http://creativecommons.org/licenses/by-nc-sa/4.0/
653338,3904965255,Tabanidae_Hybomitra_bimaculata_1998544_3904965255,http://creativecommons.org/licenses/by-nc-nd/4.0/
653471,1973086498,Tabanidae_Haematopota_italica_2877199_1973086498,http://creativecommons.org/licenses/by-nc-nd/4.0/
653670,3717565501,Tabanidae_Rhagio_tringaria_3241695_3717565501,http://creativecommons.org/licenses/by-nc-nd/4.0/
654053,2409450828,Tabanidae_Tabanus_glaucopis_2912846_2409450828,http://creativecommons.org/licenses/by/4.0/
654054,2409450828,Tabanidae_Tabanus_glaucopis_2912847_2409450828,http://creativecommons.org/licenses/by/4.0/
654118,3386677425,Tabanidae_Hybomitra_auripila_325204_3386677425,© All rights reserved
654129,2408207898,Tabanidae_Haematopota_pluvialis_153942_2408207898,© All rights reserved
655253,4014855643,Tabanidae_Philipomyia_graeca_3437228_4014855643,http://creativecommons.org/licenses/by-nc/4.0/
656368,2826485090,Tabanidae_Atylotus_fulvus_1589906_2826485090,http://creativecommons.org/licenses/by/4.0/
656369,2826485090,Tabanidae_Atylotus_fulvus_1589907_2826485090,http://creativecommons.org/licenses/by/4.0/
656370,2826485090,Tabanidae_Atylotus_fulvus_1589908_2826485090,http://creativecommons.org/licenses/by/4.0/
656503,3902247846,Tabanidae_Silvius_alpinus_1984453_3902247846,http://creativecommons.org/licenses/by/4.0/
656504,3902247846,Tabanidae_Silvius_alpinus_1984454_3902247846,http://creativecommons.org/licenses/by/4.0/
657134,3458604918,Tabanidae_Hybomitra_aequetincta_1844265_3458604918,http://creativecommons.org/licenses/by/4.0/
657135,3458604918,Tabanidae_Hybomitra_aequetincta_1844266_3458604918,http://creativecommons.org/licenses/by/4.0/
657136,3458604918,Tabanidae_Hybomitra_aequetincta_1844267_3458604918,http://creativecommons.org/licenses/by/4.0/
657246,3458625738,Tabanidae_Hybomitra_bimaculata_464839_3458625738,http://creativecommons.org/licenses/by/4.0/
657247,3458626509,Tabanidae_Chrysops_flavidus_1844388_3458626509,http://creativecommons.org/licenses/by/4.0/
658903,3456301550,Tabanidae_Hybomitra_tarandina_3219715_3456301550,http://creativecommons.org/licenses/by-nc/4.0/
659077,3090526045,Tabanidae_Rhagio_atlanticus_968361_3090526045,http://creativecommons.org/licenses/by-nc/4.0/
659700,2837469713,Tabanidae_Hybomitra_lurida_910151_2837469713,http://creativecommons.org/licenses/by-nc-nd/4.0/
660232,1955306736,Tabanidae_Tabanus_bromius_783073_1955306736,http://creativecommons.org/licenses/by-nc-nd/4.0/
660360,3732275635,Tabanidae_Hybomitra_distinguenda_2604960_3732275635,http://creativecommons.org/licenses/by-nc-nd/4.0/
660370,2832798246,Tabanidae_Dasyrhamphis_ater_2279197_2832798246,http://creativecommons.org/licenses/by-nc/4.0/
660454,2836032547,Tabanidae_Haematopota_subcylindrica_2975677_2836032547,http://creativecommons.org/licenses/by-nc-sa/4.0/
660616,1959906256,Tabanidae_Tabanus_autumnalis_100058_1959906256,http://creativecommons.org/licenses/by/4.0/
661023,3721763562,Tabanidae_Haematopota_italica_1187837_3721763562,http://creativecommons.org/licenses/by-nc-nd/4.0/
661593,2838942998,Tabanidae_Haematopota_italica_2290754_2838942998,http://creativecommons.org/licenses/by-nc-nd/4.0/
662398,3906842605,Tabanidae_Tabanus_autumnalis_3389485_3906842605,http://creativecommons.org/licenses/by-nc-nd/4.0/
663703,2841600607,Tabanidae_Haematopota_subcylindrica_225995_2841600607,http://creativecommons.org/licenses/by-nc-nd/4.0/
664479,3320969507,Tabanidae_Atylotus_rusticus_296006_3320969507,http://creativecommons.org/licenses/by-nc/4.0/
665095,3455451494,Tabanidae_Chrysops_flavidus_1146983_3455451494,http://creativecommons.org/licenses/by-nc/4.0/
666094,3721654792,Tabanidae_Rhagio_immaculatus_498240_3721654792,http://creativecommons.org/licenses/by-nc-nd/4.0/
666214,3731645622,Tabanidae_Haematopota_subcylindrica_3292747_3731645622,http://creativecommons.org/licenses/by-nc-nd/4.0/
667965,2837544867,Tabanidae_Rhagio_tringaria_219948_2837544867,http://creativecommons.org/licenses/by-nc-nd/4.0/
669034,2844319405,Tabanidae_Hybomitra_montana_2299880_2844319405,http://creativecommons.org/licenses/by/4.0/
669389,3730905220,Tabanidae_Chrysops_relictus_1219278_3730905220,http://creativecommons.org/licenses/by-nc-nd/4.0/
669451,1965803850,Tabanidae_Tabanus_bromius_1486613_1965803850,http://creativecommons.org/licenses/by-nc-nd/4.0/
670943,2837837080,Tabanidae_Hybomitra_lurida_1599573_2837837080,http://creativecommons.org/licenses/by-nc-nd/4.0/
670944,2837837080,Tabanidae_Hybomitra_lurida_1599574_2837837080,http://creativecommons.org/licenses/by-nc-nd/4.0/
671735,3729932502,Tabanidae_Rhagio_immaculatus_1903470_3729932502,http://creativecommons.org/licenses/by-nc-nd/4.0/
673147,1957443585,Tabanidae_Chrysops_relictus_2854030_1957443585,http://creativecommons.org/licenses/by/4.0/
674836,2833679161,Tabanidae_Tabanus_autumnalis_2280399_2833679161,http://creativecommons.org/licenses/by-nc-nd/4.0/
675777,3720291827,Tabanidae_Rhagio_annulatus_490500_3720291827,http://creativecommons.org/licenses/by-nc/4.0/
675779,3720291827,Tabanidae_Rhagio_annulatus_490502_3720291827,http://creativecommons.org/licenses/by-nc/4.0/
675951,3827488238,Tabanidae_Rhagio_scolopacea_1949695_3827488238,http://creativecommons.org/licenses/by-nc-nd/4.0/
676226,3904927722,Tabanidae_Tabanus_autumnalis_3378226_3904927722,http://creativecommons.org/licenses/by-nc-nd/4.0/
676371,3906462807,Tabanidae_Chrysops_relictus_1317996_3906462807,http://creativecommons.org/licenses/by-nc-nd/4.0/
677088,1801869066,Tabanidae_Hybomitra_tarandina_54762_1801869066,© all rights reserved
677423,3124796054,Tabanidae_Rhagio_maculatus_978289_3124796054,http://creativecommons.org/licenses/by-nc/4.0/
677537,3330475096,Tabanidae_Tabanus_bovinus_1680226_3330475096,http://creativecommons.org/licenses/by-nc/4.0/
677985,3431164484,Tabanidae_Tabanus_bovinus_3095043_3431164484,© all rights reserved
678086,2809181982,Tabanidae_Chrysops_sepulcralis_2271331_2809181982,© all rights reserved
678194,1052893400,Tabanidae_Hybomitra_lundbecki_695463_1052893400,© all rights reserved
678195,1052893400,Tabanidae_Hybomitra_lundbecki_695464_1052893400,© all rights reserved
678196,1052893400,Tabanidae_Hybomitra_lundbecki_695465_1052893400,© all rights reserved
678395,2848166321,Tabanidae_Heptatoma_pellucens_2303878_2848166321,© all rights reserved
678507,2632941219,Tabanidae_Therioplectes_tricolor_881575_2632941219,http://creativecommons.org/licenses/by-nc-sa/4.0/
678592,3433373256,Tabanidae_Tabanus_bovinus_1716795_3433373256,© all rights reserved
678648,2273040663,Tabanidae_Chrysops_sepulcralis_835725_2273040663,© all rights reserved
678889,1838514036,Tabanidae_Hybomitra_tarandina_763226_1838514036,© all rights reserved
678901,932444148,Tabanidae_Chrysops_nigripes_689813_932444148,© all rights reserved
678976,1884212353,Tabanidae_Tabanus_bromius_81578_1884212353,© all rights reserved
679082,931927114,Tabanidae_Chrysops_divaricatus_2757091_931927114,© all rights reserved
679280,2815702555,Tabanidae_Chrysops_caecutiens_1585405_2815702555,© all rights reserved
680866,3902200533,Tabanidae_Hybomitra_tarandina_3364406_3902200533,http://creativecommons.org/licenses/by-nc/4.0/
682065,1883039241,Tabanidae_Chrysops_sepulcralis_80028_1883039241,© All rights reserved
682339,2410708525,Tabanidae_Tabanus_bovinus_844509_2410708525,© All rights reserved
682395,2815258522,Tabanidae_Rhagio_annulatus_1585216_2815258522,© All rights reserved
683172,1969326693,Tabanidae_Haematopota_pluvialis_2180808_1969326693,http://creativecommons.org/licenses/by-nc/4.0/
684459,1973015682,Tabanidae_Hybomitra_distinguenda_809175_1973015682,http://creativecommons.org/licenses/by-nc-nd/4.0/
684460,1973015682,Tabanidae_Hybomitra_distinguenda_809176_1973015682,http://creativecommons.org/licenses/by-nc-nd/4.0/
684461,1973015682,Tabanidae_Hybomitra_distinguenda_809177_1973015682,http://creativecommons.org/licenses/by-nc-nd/4.0/
684462,1973015682,Tabanidae_Hybomitra_distinguenda_809178_1973015682,http://creativecommons.org/licenses/by-nc-nd/4.0/
684464,1973015682,Tabanidae_Hybomitra_distinguenda_809180_1973015682,http://creativecommons.org/licenses/by-nc-nd/4.0/
684604,3822644050,Tabanidae_Tabanus_cordiger_3317796_3822644050,http://creativecommons.org/licenses/by-nc-nd/4.0/
686007,3721623144,Tabanidae_Tabanus_autumnalis_1876160_3721623144,http://creativecommons.org/licenses/by-nc/4.0/
686284,2836009263,Tabanidae_Tabanus_maculicornis_2285130_2836009263,http://creativecommons.org/licenses/by-nc-nd/4.0/
686884,3902145680,Tabanidae_Chrysops_relictus_605570_3902145680,http://creativecommons.org/licenses/by-nc/4.0/
688669,4011579619,Tabanidae_Rhagio_maculatus_677797_4011579619,http://creativecommons.org/licenses/by-nc/4.0/
689986,3860702931,Tabanidae_Chrysops_viduatus_3345510_3860702931,http://creativecommons.org/licenses/by-nc/4.0/
690069,3338052377,Tabanidae_Rhagio_immaculatus_3070108_3338052377,http://creativecommons.org/licenses/by-nc/4.0/
691064,3994187427,Tabanidae_Rhagio_tringaria_2731432_3994187427,http://creativecommons.org/licenses/by-nc/4.0/
692075,3873764129,Tabanidae_Chrysops_italicus_2660032_3873764129,http://creativecommons.org/licenses/by-nc/4.0/
692656,3905995795,Tabanidae_Hybomitra_bimaculata_2004391_3905995795,http://creativecommons.org/licenses/by-nc-nd/4.0/
692787,2838942128,Tabanidae_Tabanus_autumnalis_2290753_2838942128,http://creativecommons.org/licenses/by/4.0/
692868,1966039442,Tabanidae_Haematopota_pluvialis_798582_1966039442,http://creativecommons.org/licenses/by-nc-sa/4.0/
693430,3716006255,Tabanidae_Silvius_alpinus_1855453_3716006255,http://creativecommons.org/licenses/by-nc/4.0/
693432,3716006255,Tabanidae_Silvius_alpinus_1855455_3716006255,http://creativecommons.org/licenses/by-nc/4.0/
693499,3906284829,Tabanidae_Chrysops_relictus_2006128_3906284829,http://creativecommons.org/licenses/by-nc-nd/4.0/
693594,2834663549,Tabanidae_Hybomitra_solstitialis_1594915_2834663549,http://creativecommons.org/licenses/by-nc-nd/4.0/
698340,2404340359,Tabanidae_Hybomitra_lurida_1531872_2404340359,© All rights reserved
698342,2404340359,Tabanidae_Hybomitra_lurida_1531874_2404340359,© All rights reserved
698343,2404340359,Tabanidae_Hybomitra_lurida_1531875_2404340359,© All rights reserved
698509,3864233424,Tabanidae_Chrysops_caecutiens_2655154_3864233424,© All rights reserved
698647,3303395379,Tabanidae_Hybomitra_nitidifrons_2359973_3303395379,© All rights reserved
698693,2403584896,Tabanidae_Hybomitra_borealis_1531717_2403584896,© All rights reserved
698694,2403584896,Tabanidae_Hybomitra_borealis_1531718_2403584896,© All rights reserved
699020,2841543194,Tabanidae_Tabanus_bromius_1604723_2841543194,http://creativecommons.org/licenses/by-nc-nd/4.0/
699175,2841249635,Tabanidae_Hybomitra_montana_225177_2841249635,http://creativecommons.org/licenses/by-nc-nd/4.0/
699178,2841249635,Tabanidae_Hybomitra_montana_225180_2841249635,http://creativecommons.org/licenses/by-nc-nd/4.0/
699348,3717123224,Tabanidae_Hybomitra_muehlfeldi_1170151_3717123224,http://creativecommons.org/licenses/by-nc/4.0/
700308,3717513511,Tabanidae_Hybomitra_solstitialis_2551224_3717513511,http://creativecommons.org/licenses/by-nd/4.0/
700472,1955389463,Tabanidae_Rhagio_immaculatus_2850952_1955389463,http://creativecommons.org/licenses/by-nc-nd/4.0/
701424,3726068056,Tabanidae_Haematopota_crassicornis_1200890_3726068056,http://creativecommons.org/licenses/by-nc-nd/4.0/
701583,3907086854,Tabanidae_Rhagio_tringaria_1321497_3907086854,http://creativecommons.org/licenses/by-nc-nd/4.0/
702206,3717993088,Tabanidae_Haematopota_pluvialis_3243739_3717993088,http://creativecommons.org/licenses/by-nc-nd/4.0/
702686,2842118933,Tabanidae_Hybomitra_lurida_1606447_2842118933,http://creativecommons.org/licenses/by-nc-nd/4.0/
702882,1973645773,Tabanidae_Hybomitra_muehlfeldi_810229_1973645773,http://creativecommons.org/licenses/by-nc-nd/4.0/
704106,3859573166,Tabanidae_Pangonius_pyritosus_581709_3859573166,http://creativecommons.org/licenses/by-nc/4.0/
704107,3859573166,Tabanidae_Pangonius_pyritosus_581710_3859573166,http://creativecommons.org/licenses/by-nc/4.0/
705206,3456246809,Tabanidae_Tabanus_barbarus_3219485_3456246809,http://creativecommons.org/licenses/by-nc/4.0/
705207,3456246809,Tabanidae_Tabanus_barbarus_3219486_3456246809,http://creativecommons.org/licenses/by-nc/4.0/
708049,3823753172,Tabanidae_Tabanus_autumnalis_1251345_3823753172,http://creativecommons.org/licenses/by-nc/4.0/
712744,1459153014,Tabanidae_Chrysops_sepulcralis_2805593_1459153014,© all rights reserved
712891,3767823298,Tabanidae_Hybomitra_muhlfeldi_1927719_3767823298,© all rights reserved
713242,2409298913,Tabanidae_Hybomitra_kaurii_2912814_2409298913,© All rights reserved
713243,2409298913,Tabanidae_Hybomitra_kaurii_2912815_2409298913,© All rights reserved
713245,2409298913,Tabanidae_Hybomitra_kaurii_2912817_2409298913,© All rights reserved
713309,3798345464,Tabanidae_Rhagio_annulatus_2623946_3798345464,© All rights reserved
713311,3798345464,Tabanidae_Rhagio_annulatus_2623948_3798345464,© All rights reserved
713361,3819995470,Tabanidae_Hybomitra_aterrima_558529_3819995470,© All rights reserved
713362,3819995470,Tabanidae_Hybomitra_aterrima_558530_3819995470,© All rights reserved
713395,2468055659,Tabanidae_Hybomitra_tropica_855264_2468055659,© All rights reserved
713397,2468055659,Tabanidae_Hybomitra_tropica_855266_2468055659,© All rights reserved
713398,2468055659,Tabanidae_Hybomitra_tropica_855267_2468055659,© All rights reserved
713619,2407068020,Tabanidae_Chrysops_relictus_843846_2407068020,© All rights reserved
713642,2403571638,Tabanidae_Tabanus_bovinus_1531713_2403571638,© All rights reserved
713770,2809589759,Tabanidae_Chrysops_sepulcralis_1582770_2809589759,© all rights reserved
713773,3856787526,Tabanidae_Tabanus_sudeticus_1950232_3856787526,© all rights reserved
713916,2272945891,Tabanidae_Chrysops_viduatus_1523997_2272945891,© all rights reserved
714035,3880400857,Tabanidae_Tabanus_sudeticus_595099_3880400857,© all rights reserved
714465,3906716450,Tabanidae_Hybomitra_bimaculata_2008647_3906716450,http://creativecommons.org/licenses/by-nc/4.0/
714641,3730482743,Tabanidae_Chrysops_rufipes_3286208_3730482743,http://creativecommons.org/licenses/by-sa/4.0/
715080,3727227414,Tabanidae_Rhagio_immaculatus_3275274_3727227414,http://creativecommons.org/licenses/by-nc-nd/4.0/
715266,1966877660,Tabanidae_Hybomitra_lurida_2178300_1966877660,http://creativecommons.org/licenses/by-nc-nd/4.0/
716155,1976972298,Tabanidae_Hybomitra_bimaculata_2192760_1976972298,http://creativecommons.org/licenses/by-nc-nd/4.0/
717571,3732116987,Tabanidae_Chrysops_viduatus_1915219_3732116987,http://creativecommons.org/licenses/by-nc-nd/4.0/
717669,2844493004,Tabanidae_Haematopota_italica_922731_2844493004,http://creativecommons.org/licenses/by-nc/4.0/
718811,3717896733,Tabanidae_Haematopota_subcylindrica_2553090_3717896733,http://creativecommons.org/licenses/by/4.0/
719351,3729527360,Tabanidae_Rhagio_scolopacea_3282022_3729527360,http://creativecommons.org/licenses/by-nc-nd/4.0/
719441,1965757345,Tabanidae_Haematopota_italica_2866016_1965757345,http://creativecommons.org/licenses/by/4.0/
720485,3903980178,Tabanidae_Hybomitra_bimaculata_1992508_3903980178,http://creativecommons.org/licenses/by-nc-nd/4.0/
722064,3716140351,Tabanidae_Hybomitra_auripila_2544871_3716140351,http://creativecommons.org/licenses/by-nc-nd/4.0/
722599,3731801225,Tabanidae_Atylotus_latistriatus_1913564_3731801225,http://creativecommons.org/licenses/by-nc-nd/4.0/
722601,3731801225,Tabanidae_Atylotus_latistriatus_1913566_3731801225,http://creativecommons.org/licenses/by-nc-nd/4.0/
723396,2832340256,Tabanidae_Philipomyia_aprica_1590226_2832340256,http://creativecommons.org/licenses/by-nc/4.0/
724439,1973572723,Tabanidae_Chrysops_relictus_119205_1973572723,http://creativecommons.org/licenses/by-nc-nd/4.0/
724609,1955536085,Tabanidae_Haematopota_crassicornis_2161611_1955536085,http://creativecommons.org/licenses/by-nc/4.0/
724610,1955536085,Tabanidae_Haematopota_crassicornis_2161612_1955536085,http://creativecommons.org/licenses/by-nc/4.0/
726975,1966877813,Tabanidae_Hybomitra_lurida_2178304_1966877813,http://creativecommons.org/licenses/by-nc-nd/4.0/
727047,3905072980,Tabanidae_Tabanus_autumnalis_1999177_3905072980,http://creativecommons.org/licenses/by-nc-nd/4.0/
728418,3906973022,Tabanidae_Tabanus_bromius_2010072_3906973022,http://creativecommons.org/licenses/by-nc-nd/4.0/
730040,3907527510,Tabanidae_Atylotus_rusticus_635335_3907527510,http://creativecommons.org/licenses/by-nc-nd/4.0/
730208,3823358011,Tabanidae_Rhagio_conspicuus_3319537_3823358011,http://creativecommons.org/licenses/by-nc-nd/4.0/
730687,3906392788,Tabanidae_Rhagio_lineola_1317608_3906392788,http://creativecommons.org/licenses/by-nc-nd/4.0/
733431,1966189038,Tabanidae_Rhagio_immaculatus_2176683_1966189038,http://creativecommons.org/licenses/by-nc-nd/4.0/
733554,3732416770,Tabanidae_Hybomitra_muehlfeldi_538469_3732416770,http://creativecommons.org/licenses/by-nc-nd/4.0/
734484,3726505403,Tabanidae_Haematopota_italica_2581633_3726505403,http://creativecommons.org/licenses/by/4.0/
735186,1972710426,Tabanidae_Tabanus_bromius_2186004_1972710426,http://creativecommons.org/licenses/by-nc/4.0/
736039,3893236465,Tabanidae_Rhagio_lineola_3362515_3893236465,© All rights reserved
736044,1883086050,Tabanidae_Atylotus_sublunaticornis_80072_1883086050,© All rights reserved
736045,1883086050,Tabanidae_Atylotus_sublunaticornis_80073_1883086050,© All rights reserved
736046,1883086050,Tabanidae_Atylotus_sublunaticornis_80074_1883086050,© All rights reserved
736245,1460057084,Tabanidae_Hybomitra_aterrima_739633_1460057084,© all rights reserved
736246,1460057084,Tabanidae_Hybomitra_aterrima_739634_1460057084,© all rights reserved
736264,1801869033,Tabanidae_Hybomitra_arpadi_2813193_1801869033,© all rights reserved
736265,1801869033,Tabanidae_Hybomitra_arpadi_2813194_1801869033,© all rights reserved
737516,3759632081,Tabanidae_Rhagio_atlanticus_1924022_3759632081,http://creativecommons.org/licenses/by-nc/4.0/
737517,3759632081,Tabanidae_Rhagio_atlanticus_1924023_3759632081,http://creativecommons.org/licenses/by-nc/4.0/
739810,3717654785,Tabanidae_Rhagio_immaculatus_1862535_3717654785,http://creativecommons.org/licenses/by-nc-nd/4.0/
740033,3731794986,Tabanidae_Rhagio_immaculatus_1913533_3731794986,http://creativecommons.org/licenses/by-nc-nd/4.0/
740505,3996359541,Tabanidae_Chrysops_relictus_669773_3996359541,http://creativecommons.org/licenses/by-nc-nd/4.0/
740583,3718477674,Tabanidae_Rhagio_lineola_2555248_3718477674,http://creativecommons.org/licenses/by-nc-nd/4.0/
741863,3718360906,Tabanidae_Rhagio_tringaria_1865521_3718360906,http://creativecommons.org/licenses/by-nc-nd/4.0/
742989,1952498500,Tabanidae_Chrysops_sepulcralis_88209_1952498500,http://creativecommons.org/licenses/by-nc-nd/4.0/
744359,2838716947,Tabanidae_Rhagio_scolopacea_912646_2838716947,http://creativecommons.org/licenses/by-nc-nd/4.0/
745433,3904121374,Tabanidae_Chrysops_caecutiens_2682720_3904121374,http://creativecommons.org/licenses/by-nc-nd/4.0/
746553,3730143916,Tabanidae_Rhagio_scolopacea_526147_3730143916,http://creativecommons.org/licenses/by-nc-nd/4.0/
746795,1962473390,Tabanidae_Rhagio_immaculatus_1482155_1962473390,http://creativecommons.org/licenses/by-nc-nd/4.0/
747120,1460311508,Tabanidae_Tabanus_bovinus_48848_1460311508,© all rights reserved
747139,1432568492,Tabanidae_Chrysops_nigripes_2803459_1432568492,© all rights reserved
748124,2815130518,Tabanidae_Hybomitra_tarandina_896075_2815130518,© All rights reserved
748360,2964010341,Tabanidae_Hybomitra_lundbecki_3011300_2964010341,© All rights reserved
748362,2964010341,Tabanidae_Hybomitra_lundbecki_3011302_2964010341,© All rights reserved
748974,1802716756,Tabanidae_Silvius_alpinus_2123766_1802716756,http://creativecommons.org/licenses/by-nc/4.0/
748975,1802716756,Tabanidae_Silvius_alpinus_2123767_1802716756,http://creativecommons.org/licenses/by-nc/4.0/
750553,3873485092,Tabanidae_Tabanus_rectus_1969313_3873485092,http://creativecommons.org/licenses/by-nc/4.0/
750554,3873485092,Tabanidae_Tabanus_rectus_1969314_3873485092,http://creativecommons.org/licenses/by-nc/4.0/
750617,3333267664,Tabanidae_Silvius_alpinus_1683225_3333267664,http://creativecommons.org/licenses/by-nc/4.0/
750618,3333267664,Tabanidae_Silvius_alpinus_1683226_3333267664,http://creativecommons.org/licenses/by-nc/4.0/
750979,3902070331,Tabanidae_Hybomitra_aterrima_605012_3902070331,http://creativecommons.org/licenses/by/4.0/
751250,3449111760,Tabanidae_Chrysops_divaricatus_3213221_3449111760,http://creativecommons.org/licenses/by-sa/4.0/
751270,3448840198,Tabanidae_Rhagio_annulatus_1833827_3448840198,http://creativecommons.org/licenses/by-sa/4.0/
751464,3097301367,Tabanidae_Rhagio_notatus_1661023_3097301367,http://creativecommons.org/licenses/by-nc/4.0/
752114,3902232237,Tabanidae_Chrysops_italicus_606203_3902232237,http://creativecommons.org/licenses/by/4.0/
752115,3902232237,Tabanidae_Chrysops_italicus_606204_3902232237,http://creativecommons.org/licenses/by/4.0/
753356,3859182277,Tabanidae_Dasyrhamphis_ater_3338431_3859182277,http://creativecommons.org/licenses/by/4.0/
753357,3859182277,Tabanidae_Dasyrhamphis_ater_3338432_3859182277,http://creativecommons.org/licenses/by/4.0/
753713,2273213868,Tabanidae_Chrysops_flavidus_145349_2273213868,http://creativecommons.org/licenses/by/4.0/
753734,3802633405,Tabanidae_Tabanus_barbarus_1935573_3802633405,http://creativecommons.org/licenses/by-nc/4.0/
753735,3802633405,Tabanidae_Tabanus_barbarus_1935574_3802633405,http://creativecommons.org/licenses/by-nc/4.0/
753736,3802633405,Tabanidae_Tabanus_barbarus_1935575_3802633405,http://creativecommons.org/licenses/by-nc/4.0/
754618,1972905792,Tabanidae_Atylotus_latistriatus_118111_1972905792,http://creativecommons.org/licenses/by-nc/4.0/
754969,1961181904,Tabanidae_Haematopota_italica_2169942_1961181904,http://creativecommons.org/licenses/by-nc-nd/4.0/
755168,3721738450,Tabanidae_Atylotus_latistriatus_3256893_3721738450,http://creativecommons.org/licenses/by/4.0/
755214,3721762402,Tabanidae_Chrysops_viduatus_2566775_3721762402,http://creativecommons.org/licenses/by-nc-nd/4.0/
755396,1952527533,Tabanidae_Hybomitra_montana_2846548_1952527533,http://creativecommons.org/licenses/by-nc-nd/4.0/
755398,1952527533,Tabanidae_Hybomitra_montana_2846550_1952527533,http://creativecommons.org/licenses/by-nc-nd/4.0/
755783,3907564270,Tabanidae_Rhagio_lineola_3393353_3907564270,http://creativecommons.org/licenses/by-nc-nd/4.0/
756135,1955325070,Tabanidae_Rhagio_immaculatus_2160921_1955325070,http://creativecommons.org/licenses/by-nc-nd/4.0/
758567,2833408497,Tabanidae_Philipomyia_aprica_211880_2833408497,http://creativecommons.org/licenses/by-nc-nd/4.0/
759431,3731220442,Tabanidae_Rhagio_scolopacea_2599496_3731220442,http://creativecommons.org/licenses/by-nc-nd/4.0/
759764,3905073480,Tabanidae_Hybomitra_bimaculata_2688581_3905073480,http://creativecommons.org/licenses/by-nc-nd/4.0/
760775,1961263079,Tabanidae_Chrysops_viduatus_1480903_1961263079,http://creativecommons.org/licenses/by-nc-nd/4.0/
761463,3727270272,Tabanidae_Hybomitra_muehlfeldi_3275468_3727270272,http://creativecommons.org/licenses/by-nc/4.0/
761680,2832544927,Tabanidae_Chrysops_caecutiens_2279041_2832544927,http://creativecommons.org/licenses/by-nc-nd/4.0/
762527,4015203471,Tabanidae_Hybomitra_tarandina_2747768_4015203471,http://creativecommons.org/licenses/by-nc/4.0/
763829,2809341921,Tabanidae_Rhagio_maculatus_2961673_2809341921,© all rights reserved
763992,2272744525,Tabanidae_Rhagio_scolopacea_2212951_2272744525,© all rights reserved
764263,1459286072,Tabanidae_Rhagio_annulatus_1426811_1459286072,© all rights reserved
764386,1851216177,Tabanidae_Hybomitra_tarandina_1458683_1851216177,© all rights reserved
764430,1460287221,Tabanidae_Chrysops_divaricatus_2807494_1460287221,© all rights reserved
764494,3433071302,Tabanidae_Hybomitra_auripila_3095978_3433071302,© all rights reserved
764555,1036657022,Tabanidae_Heptatoma_pellucens_2072767_1036657022,© all rights reserved
764697,3434113914,Tabanidae_Hybomitra_muhlfeldi_2406235_3434113914,© all rights reserved
764698,3434113914,Tabanidae_Hybomitra_muhlfeldi_2406236_3434113914,© all rights reserved
764699,3434113914,Tabanidae_Hybomitra_muhlfeldi_2406237_3434113914,© all rights reserved
764700,3434113914,Tabanidae_Hybomitra_muhlfeldi_2406238_3434113914,© all rights reserved
764716,3880268911,Tabanidae_Chrysops_sepulcralis_2662535_3880268911,© all rights reserved
764734,1431767065,Tabanidae_Hybomitra_lundbecki_44296_1431767065,© all rights reserved
764735,1431767065,Tabanidae_Hybomitra_lundbecki_44297_1431767065,© all rights reserved
764736,1431767065,Tabanidae_Hybomitra_lundbecki_44298_1431767065,© all rights reserved
764737,1431767065,Tabanidae_Hybomitra_lundbecki_44299_1431767065,© all rights reserved
764801,2847557555,Tabanidae_Chrysops_sepulcralis_2303530_2847557555,© all rights reserved
765025,3905641171,Tabanidae_Hybomitra_bimaculata_1313127_3905641171,http://creativecommons.org/licenses/by/4.0/
766344,2833961528,Tabanidae_Hybomitra_bimaculata_2971734_2833961528,http://creativecommons.org/licenses/by-nc-nd/4.0/
767124,1965639266,Tabanidae_Haematopota_pluvialis_106997_1965639266,http://creativecommons.org/licenses/by-nc-sa/4.0/
767391,1952907837,Tabanidae_Haematopota_crassicornis_2157457_1952907837,http://creativecommons.org/licenses/by-nc-nd/4.0/
768132,2836769777,Tabanidae_Tabanus_tergestinus_908347_2836769777,http://creativecommons.org/licenses/by-nc/4.0/
768133,2836769777,Tabanidae_Tabanus_tergestinus_908348_2836769777,http://creativecommons.org/licenses/by-nc/4.0/
768409,3717399958,Tabanidae_Chrysops_relictus_482287_3717399958,http://creativecommons.org/licenses/by-nc-nd/4.0/
768633,3720685784,Tabanidae_Tabanus_maculicornis_3250298_3720685784,http://creativecommons.org/licenses/by-nc/4.0/
769196,3907253452,Tabanidae_Heptatoma_pellucens_1322396_3907253452,http://creativecommons.org/licenses/by/4.0/
769388,1957769829,Tabanidae_Tabanus_autumnalis_787119_1957769829,http://creativecommons.org/licenses/by-nc/4.0/
769768,2841497038,Tabanidae_Tabanus_bromius_1604575_2841497038,http://creativecommons.org/licenses/by-nc-sa/4.0/
770601,3826798448,Tabanidae_Hybomitra_lurida_1258487_3826798448,http://creativecommons.org/licenses/by-nc-nd/4.0/
770715,1962637522,Tabanidae_Haematopota_italica_793912_1962637522,http://creativecommons.org/licenses/by-nc/4.0/
771122,2834345886,Tabanidae_Chrysops_caecutiens_2282813_2834345886,http://creativecommons.org/licenses/by-nc-nd/4.0/
771500,3904298116,Tabanidae_Tabanus_autumnalis_1994563_3904298116,http://creativecommons.org/licenses/by-nc-nd/4.0/
773084,2837536321,Tabanidae_Haematopota_crassicornis_910287_2837536321,http://creativecommons.org/licenses/by-nc-nd/4.0/
773415,1957726652,Tabanidae_Chrysops_rufipes_2164789_1957726652,http://creativecommons.org/licenses/by-nc-nd/4.0/
773417,1957726652,Tabanidae_Chrysops_rufipes_2164791_1957726652,http://creativecommons.org/licenses/by-nc-nd/4.0/
773545,2273594321,Tabanidae_Hybomitra_tarandina_836202_2273594321,© All rights reserved
773894,2631850477,Tabanidae_Hybomitra_aterrima_191263_2631850477,© All rights reserved
773895,2631850477,Tabanidae_Hybomitra_aterrima_191264_2631850477,© All rights reserved
774061,3879062464,Tabanidae_Rhagio_maculatus_2662150_3879062464,© All rights reserved
774081,2565108125,Tabanidae_Atylotus_sublunaticornis_2249304_2565108125,© All rights reserved
774082,2565108125,Tabanidae_Atylotus_sublunaticornis_2249305_2565108125,© All rights reserved
774083,2565108125,Tabanidae_Atylotus_sublunaticornis_2249306_2565108125,© All rights reserved
774084,2565108125,Tabanidae_Atylotus_sublunaticornis_2249307_2565108125,© All rights reserved
774423,3329887417,Tabanidae_Hybomitra_muehlfeldi_991342_3329887417,© All rights reserved
774424,3329887417,Tabanidae_Hybomitra_muehlfeldi_991343_3329887417,© All rights reserved
774622,3320417534,Tabanidae_Chrysops_divaricatus_2363705_3320417534,http://creativecommons.org/licenses/by/4.0/
775695,3905104879,Tabanidae_Chrysops_relictus_621467_3905104879,http://creativecommons.org/licenses/by-nc-nd/4.0/
775733,3905785131,Tabanidae_Hybomitra_solstitialis_1313935_3905785131,http://creativecommons.org/licenses/by-nc-nd/4.0/
775990,3717586930,Tabanidae_Tabanus_bromius_2551589_3717586930,http://creativecommons.org/licenses/by-nc/4.0/
777060,3827082241,Tabanidae_Hybomitra_bimaculata_1259337_3827082241,http://creativecommons.org/licenses/by-nc-nd/4.0/
777415,3721716567,Tabanidae_Chrysops_relictus_3256724_3721716567,http://creativecommons.org/licenses/by-nc-nd/4.0/
777653,3996717160,Tabanidae_Hybomitra_muehlfeldi_670994_3996717160,http://creativecommons.org/licenses/by-nc-nd/4.0/
777871,3731977521,Tabanidae_Hybomitra_expollicata_536349_3731977521,http://creativecommons.org/licenses/by-nc-nd/4.0/
777872,3731977521,Tabanidae_Hybomitra_expollicata_536350_3731977521,http://creativecommons.org/licenses/by-nc-nd/4.0/
777873,3731977521,Tabanidae_Hybomitra_expollicata_536351_3731977521,http://creativecommons.org/licenses/by-nc-nd/4.0/
779399,2839761386,Tabanidae_Philipomyia_aprica_2981936_2839761386,http://creativecommons.org/licenses/by-nc/4.0/
779684,3996694140,Tabanidae_Haematopota_crassicornis_2048150_3996694140,http://creativecommons.org/licenses/by-nc-nd/4.0/
780015,3907047076,Tabanidae_Chrysops_viduatus_3390636_3907047076,http://creativecommons.org/licenses/by-nc-nd/4.0/
780435,3905949172,Tabanidae_Chrysops_caecutiens_2693860_3905949172,http://creativecommons.org/licenses/by-nc-nd/4.0/
780542,1965662330,Tabanidae_Haematopota_pluvialis_2175506_1965662330,http://creativecommons.org/licenses/by-nc-nd/4.0/
780744,3905889707,Tabanidae_Tabanus_autumnalis_625963_3905889707,http://creativecommons.org/licenses/by-nc-nd/4.0/
781039,3905506530,Tabanidae_Tabanus_maculicornis_623790_3905506530,http://creativecommons.org/licenses/by-nc-nd/4.0/
781040,3905506530,Tabanidae_Tabanus_maculicornis_623791_3905506530,http://creativecommons.org/licenses/by-nc-nd/4.0/
781658,3728364477,Tabanidae_Rhagio_immaculatus_1209655_3728364477,http://creativecommons.org/licenses/by-nc-nd/4.0/
781900,1976118612,Tabanidae_Rhagio_tringaria_122440_1976118612,http://creativecommons.org/licenses/by-nc-nd/4.0/
782584,3996025807,Tabanidae_Chrysops_relictus_668610_3996025807,http://creativecommons.org/licenses/by-nc-nd/4.0/
783187,2841901485,Tabanidae_Tabanus_autumnalis_2294795_2841901485,http://creativecommons.org/licenses/by-nc-nd/4.0/
783358,3864219334,Tabanidae_Tabanus_bovinus_1965820_3864219334,© All rights reserved
783454,3309925330,Tabanidae_Rhagio_maculatus_3051951_3309925330,© All rights reserved
783699,1973097417,Tabanidae_Hybomitra_expollicata_1497719_1973097417,http://creativecommons.org/licenses/by-nc-nd/4.0/
783700,1973097417,Tabanidae_Hybomitra_expollicata_1497720_1973097417,http://creativecommons.org/licenses/by-nc-nd/4.0/
783701,1973097417,Tabanidae_Hybomitra_expollicata_1497721_1973097417,http://creativecommons.org/licenses/by-nc-nd/4.0/
783702,1973097417,Tabanidae_Hybomitra_expollicata_1497722_1973097417,http://creativecommons.org/licenses/by-nc-nd/4.0/
783703,1973097417,Tabanidae_Hybomitra_expollicata_1497723_1973097417,http://creativecommons.org/licenses/by-nc-nd/4.0/
783704,1973097417,Tabanidae_Hybomitra_expollicata_1497724_1973097417,http://creativecommons.org/licenses/by-nc-nd/4.0/
783863,1969641850,Tabanidae_Atylotus_fulvus_2181627_1969641850,http://creativecommons.org/licenses/by/4.0/
784799,2841973872,Tabanidae_Haematopota_italica_1605964_2841973872,http://creativecommons.org/licenses/by-nc-nd/4.0/
784800,2841973872,Tabanidae_Haematopota_italica_1605965_2841973872,http://creativecommons.org/licenses/by-nc-nd/4.0/
785232,1970190713,Tabanidae_Rhagio_scolopacea_114415_1970190713,http://creativecommons.org/licenses/by-nc-nd/4.0/
785683,3906043263,Tabanidae_Hybomitra_bimaculata_2004668_3906043263,http://creativecommons.org/licenses/by-nc-nd/4.0/
786037,3731155544,Tabanidae_Chrysops_viduatus_2599108_3731155544,http://creativecommons.org/licenses/by-nc-nd/4.0/
786419,2837336955,Tabanidae_Philipomyia_aprica_1598546_2837336955,http://creativecommons.org/licenses/by-nc/4.0/
787511,3995781621,Tabanidae_Chrysops_relictus_2045036_3995781621,http://creativecommons.org/licenses/by-nc-nd/4.0/
787931,3906812420,Tabanidae_Tabanus_autumnalis_1319901_3906812420,http://creativecommons.org/licenses/by-nc-nd/4.0/
788117,3904382496,Tabanidae_Hybomitra_muehlfeldi_1995084_3904382496,http://creativecommons.org/licenses/by-nc/4.0/
788437,1962859018,Tabanidae_Tabanus_autumnalis_1482716_1962859018,http://creativecommons.org/licenses/by-nc-nd/4.0/
789533,2842833564,Tabanidae_Chrysops_sepulcralis_919633_2842833564,http://creativecommons.org/licenses/by-nc/4.0/
790747,3905906367,Tabanidae_Hybomitra_muehlfeldi_2003879_3905906367,http://creativecommons.org/licenses/by-nc-nd/4.0/
790748,3905906367,Tabanidae_Hybomitra_muehlfeldi_2003880_3905906367,http://creativecommons.org/licenses/by-nc-nd/4.0/
790967,1961200191,Tabanidae_Rhagio_lineola_2169978_1961200191,http://creativecommons.org/publicdomain/zero/1.0/
791366,1966265811,Tabanidae_Rhagio_immaculatus_1487837_1966265811,http://creativecommons.org/licenses/by-nc/4.0/
792922,3904724363,Tabanidae_Tabanus_bromius_619159_3904724363,http://creativecommons.org/licenses/by-nc-nd/4.0/
794372,3715658115,Tabanidae_Silvius_alpinus_3234276_3715658115,http://creativecommons.org/licenses/by-nc-nd/4.0/
794925,1973042569,Tabanidae_Haematopota_pluvialis_118541_1973042569,http://creativecommons.org/licenses/by-nc-nd/4.0/
796270,3904494821,Tabanidae_Heptatoma_pellucens_2685098_3904494821,http://creativecommons.org/licenses/by-nc-nd/4.0/
796921,3721693738,Tabanidae_Tabanus_autumnalis_2566281_3721693738,http://creativecommons.org/licenses/by-nc-nd/4.0/
797817,1973192314,Tabanidae_Hybomitra_muehlfeldi_2877476_1973192314,http://creativecommons.org/licenses/by-nc/4.0/
797834,2843939746,Tabanidae_Chrysops_sepulcralis_2299193_2843939746,http://creativecommons.org/licenses/by-nc-nd/4.0/
798758,3995232804,Tabanidae_Haematopota_pluvialis_1353984_3995232804,http://creativecommons.org/licenses/by-nc-nd/4.0/
799038,3726638210,Tabanidae_Chrysops_caecutiens_1203519_3726638210,http://creativecommons.org/licenses/by-nc/4.0/
799040,3721001375,Tabanidae_Rhagio_tringaria_2561598_3721001375,http://creativecommons.org/licenses/by-nc-nd/4.0/
800256,1962930438,Tabanidae_Haematopota_crassicornis_2171972_1962930438,http://creativecommons.org/licenses/by-nc-nd/4.0/
800258,1962930438,Tabanidae_Haematopota_crassicornis_2171974_1962930438,http://creativecommons.org/licenses/by-nc-nd/4.0/
800292,3730679805,Tabanidae_Chrysops_relictus_2596496_3730679805,http://creativecommons.org/licenses/by-nc-nd/4.0/
800362,1973922578,Tabanidae_Hybomitra_bimaculata_2878766_1973922578,http://creativecommons.org/licenses/by-nc-nd/4.0/
800680,3906107525,Tabanidae_Tabanus_autumnalis_3385134_3906107525,http://creativecommons.org/licenses/by-nc-nd/4.0/
800867,1965356305,Tabanidae_Chrysops_relictus_2174810_1965356305,http://creativecommons.org/licenses/by-nc/4.0/
800994,1965633083,Tabanidae_Hybomitra_muehlfeldi_797765_1965633083,http://creativecommons.org/licenses/by-nc-nd/4.0/
801244,1951686577,Tabanidae_Heptatoma_pellucens_1466473_1951686577,http://creativecommons.org/licenses/by-nc/4.0/
801731,3905344171,Tabanidae_Hybomitra_muehlfeldi_1311471_3905344171,http://creativecommons.org/licenses/by-nc-nd/4.0/
803788,2834385878,Tabanidae_Tabanus_autumnalis_2282963_2834385878,http://creativecommons.org/licenses/by-nc-nd/4.0/
804063,3727104099,Tabanidae_Hybomitra_bimaculata_1894890_3727104099,http://creativecommons.org/licenses/by-nc-nd/4.0/
804785,3823266043,Tabanidae_Rhagio_scolopacea_1939182_3823266043,http://creativecommons.org/licenses/by-nc-nd/4.0/
805482,3904196851,Tabanidae_Tabanus_autumnalis_615819_3904196851,http://creativecommons.org/licenses/by-nc-nd/4.0/
806472,3824520674,Tabanidae_Rhagio_scolopacea_1253336_3824520674,http://creativecommons.org/licenses/by-nc/4.0/
806674,3995756664,Tabanidae_Hybomitra_lurida_1355863_3995756664,http://creativecommons.org/licenses/by-nc-nd/4.0/
807457,2838579582,Tabanidae_Haematopota_pluvialis_2290288_2838579582,http://creativecommons.org/licenses/by-nc-nd/4.0/
808684,3904378512,Tabanidae_Hybomitra_muehlfeldi_1305644_3904378512,http://creativecommons.org/licenses/by-nc-nd/4.0/
808719,3997213002,Tabanidae_Haematopota_subcylindrica_3430360_3997213002,http://creativecommons.org/licenses/by-nc-nd/4.0/
809117,3824510965,Tabanidae_Hybomitra_bimaculata_2631902_3824510965,http://creativecommons.org/licenses/by-nc/4.0/
809762,2313674841,Tabanidae_Chrysops_sepulcralis_2906944_2313674841,© All rights reserved
809995,2405383599,Tabanidae_Rhagio_annulatus_2221149_2405383599,© All rights reserved
810051,3327117498,Tabanidae_Hybomitra_auripila_1677524_3327117498,© All rights reserved
810672,3721773117,Tabanidae_Hybomitra_bimaculata_2566849_3721773117,http://creativecommons.org/licenses/by-nc-nd/4.0/
811724,3727224093,Tabanidae_Tabanus_autumnalis_3275258_3727224093,http://creativecommons.org/licenses/by-nc-nd/4.0/
815069,1973643761,Tabanidae_Haematopota_italica_810209_1973643761,http://creativecommons.org/licenses/by-nc/4.0/
815104,3904923859,Tabanidae_Chrysops_relictus_1308993_3904923859,http://creativecommons.org/licenses/by-nc-nd/4.0/
815481,1966270880,Tabanidae_Haematopota_italica_2867119_1966270880,http://creativecommons.org/licenses/by-nc-nd/4.0/
816056,2837225472,Tabanidae_Haematopota_bigoti_2287303_2837225472,http://creativecommons.org/licenses/by-nc-nd/4.0/
816057,2837225472,Tabanidae_Haematopota_bigoti_2287304_2837225472,http://creativecommons.org/licenses/by-nc-nd/4.0/
816058,2837225472,Tabanidae_Haematopota_bigoti_2287305_2837225472,http://creativecommons.org/licenses/by-nc-nd/4.0/
816059,2837225472,Tabanidae_Haematopota_bigoti_2287306_2837225472,http://creativecommons.org/licenses/by-nc-nd/4.0/
816060,2837225472,Tabanidae_Haematopota_bigoti_2287307_2837225472,http://creativecommons.org/licenses/by-nc-nd/4.0/
816061,2837225472,Tabanidae_Haematopota_bigoti_2287308_2837225472,http://creativecommons.org/licenses/by-nc-nd/4.0/
817240,3905958292,Tabanidae_Tabanus_autumnalis_2693927_3905958292,http://creativecommons.org/licenses/by-nc-nd/4.0/
817764,3730009174,Tabanidae_Rhagio_lineola_1903800_3730009174,http://creativecommons.org/licenses/by/4.0/
818166,3732150596,Tabanidae_Atylotus_latistriatus_1225936_3732150596,http://creativecommons.org/licenses/by-nc-nd/4.0/
818375,3906112915,Tabanidae_Tabanus_autumnalis_2694927_3906112915,http://creativecommons.org/licenses/by-nc-nd/4.0/
818426,2837385652,Tabanidae_Tabanus_autumnalis_219608_2837385652,http://creativecommons.org/licenses/by-nc-nd/4.0/
818846,3905751766,Tabanidae_Chrysops_relictus_2692591_3905751766,http://creativecommons.org/licenses/by-nc-nd/4.0/
819670,3907572631,Tabanidae_Hybomitra_distinguenda_3393388_3907572631,http://creativecommons.org/licenses/by-nc-nd/4.0/
819671,3907572631,Tabanidae_Hybomitra_distinguenda_3393389_3907572631,http://creativecommons.org/licenses/by-nc-nd/4.0/
820159,2834000154,Tabanidae_Rhagio_scolopacea_2971905_2834000154,http://creativecommons.org/licenses/by-nc-nd/4.0/
821379,3721874348,Tabanidae_Hybomitra_solstitialis_1188645_3721874348,http://creativecommons.org/licenses/by-nc-nd/4.0/
821449,3906532000,Tabanidae_Tabanus_autumnalis_3387698_3906532000,http://creativecommons.org/licenses/by/4.0/
821993,3721673033,Tabanidae_Rhagio_lineola_3256411_3721673033,http://creativecommons.org/licenses/by-nc-nd/4.0/
821994,3721673033,Tabanidae_Rhagio_lineola_3256412_3721673033,http://creativecommons.org/licenses/by-nc-nd/4.0/
823698,3721094103,Tabanidae_Hybomitra_auripila_3252382_3721094103,http://creativecommons.org/licenses/by-nc/4.0/
823699,3721094103,Tabanidae_Hybomitra_auripila_3252383_3721094103,http://creativecommons.org/licenses/by-nc/4.0/
823815,3726302716,Tabanidae_Haematopota_crassicornis_512793_3726302716,http://creativecommons.org/licenses/by-nc-nd/4.0/
823816,3726302716,Tabanidae_Haematopota_crassicornis_512794_3726302716,http://creativecommons.org/licenses/by-nc-nd/4.0/
824222,1973118352,Tabanidae_Hybomitra_muehlfeldi_2877273_1973118352,http://creativecommons.org/licenses/by-nc-nd/4.0/
824374,3720998812,Tabanidae_Hybomitra_solstitialis_2561579_3720998812,http://creativecommons.org/licenses/by-nc-nd/4.0/
824772,3722247845,Tabanidae_Heptatoma_pellucens_2570350_3722247845,http://creativecommons.org/licenses/by-nc-nd/4.0/
824857,1973016180,Tabanidae_Chrysops_caecutiens_118421_1973016180,http://creativecommons.org/licenses/by-nc-nd/4.0/
824872,1957633865,Tabanidae_Haematopota_italica_786767_1957633865,http://creativecommons.org/publicdomain/zero/1.0/
825013,1973072656,Tabanidae_Hybomitra_bimaculata_118636_1973072656,http://creativecommons.org/licenses/by-nc-nd/4.0/
825642,1976835082,Tabanidae_Haematopota_crassicornis_1503252_1976835082,http://creativecommons.org/licenses/by/4.0/
825676,3907170119,Tabanidae_Chrysops_viduatus_3391327_3907170119,http://creativecommons.org/licenses/by-nc/4.0/
826749,2834001164,Tabanidae_Heptatoma_pellucens_903656_2834001164,http://creativecommons.org/licenses/by-nc-nd/4.0/
827049,2842830342,Tabanidae_Rhagio_lineola_1608381_2842830342,http://creativecommons.org/licenses/by-nc-nd/4.0/
828125,1976903203,Tabanidae_Hybomitra_distinguenda_2192596_1976903203,http://creativecommons.org/licenses/by/4.0/
829623,3730133118,Tabanidae_Chrysops_relictus_2593700_3730133118,http://creativecommons.org/licenses/by-nc-nd/4.0/
829938,3996306592,Tabanidae_Rhagio_tringaria_2736927_3996306592,http://creativecommons.org/licenses/by-nc-nd/4.0/
829974,3995834382,Tabanidae_Hybomitra_solstitialis_667973_3995834382,http://creativecommons.org/licenses/by-nc-nd/4.0/
832050,3721759042,Tabanidae_Tabanus_autumnalis_3257086_3721759042,http://creativecommons.org/licenses/by-nc-nd/4.0/
832638,3996910476,Tabanidae_Chrysops_relictus_671796_3996910476,http://creativecommons.org/licenses/by-nc-nd/4.0/
834364,3995888141,Tabanidae_Tabanus_bromius_2045388_3995888141,http://creativecommons.org/licenses/by-nc-nd/4.0/
834509,3726264871,Tabanidae_Hybomitra_lurida_3270853_3726264871,http://creativecommons.org/licenses/by-nc-nd/4.0/
834819,3904240915,Tabanidae_Hybomitra_bimaculata_1304810_3904240915,http://creativecommons.org/licenses/by-nc-nd/4.0/
835078,1973025395,Tabanidae_Tabanus_maculicornis_2186855_1973025395,http://creativecommons.org/licenses/by-nc/4.0/
835575,3726964414,Tabanidae_Rhagio_immaculatus_3274148_3726964414,http://creativecommons.org/licenses/by-nc/4.0/
835653,2843644847,Tabanidae_Philipomyia_aprica_2298815_2843644847,http://creativecommons.org/licenses/by-nc-nd/4.0/
836847,3729552194,Tabanidae_Rhagio_immaculatus_1902119_3729552194,http://creativecommons.org/licenses/by-nc-nd/4.0/
837338,3907214409,Tabanidae_Chrysops_viduatus_633713_3907214409,http://creativecommons.org/licenses/by-nc-nd/4.0/
837384,2834558420,Tabanidae_Tabanus_bromius_2283485_2834558420,http://creativecommons.org/licenses/by-nc-nd/4.0/
837673,3906003989,Tabanidae_Tabanus_autumnalis_2694257_3906003989,http://creativecommons.org/licenses/by-nc-nd/4.0/
838156,3907367946,Tabanidae_Tabanus_autumnalis_634495_3907367946,http://creativecommons.org/licenses/by-nd/4.0/
838312,3721512433,Tabanidae_Hybomitra_solstitialis_497159_3721512433,http://creativecommons.org/licenses/by-nc-nd/4.0/
838976,3995902277,Tabanidae_Haematopota_pluvialis_3425675_3995902277,http://creativecommons.org/licenses/by-nc-nd/4.0/
840053,3996599042,Tabanidae_Haematopota_pluvialis_2047806_3996599042,http://creativecommons.org/licenses/by-nc-nd/4.0/
840123,2845275861,Tabanidae_Atylotus_latistriatus_2302674_2845275861,http://creativecommons.org/licenses/by-nc-nd/4.0/
840458,1976745060,Tabanidae_Haematopota_italica_2192211_1976745060,http://creativecommons.org/licenses/by/4.0/
840504,1966139711,Tabanidae_Hybomitra_lurida_798878_1966139711,http://creativecommons.org/licenses/by-nc-nd/4.0/
840920,3721231048,Tabanidae_Hybomitra_auripila_495126_3721231048,http://creativecommons.org/licenses/by-nc-nd/4.0/
841470,1965579665,Tabanidae_Heptatoma_pellucens_797634_1965579665,http://creativecommons.org/licenses/by-nc-nd/4.0/
841617,1969397304,Tabanidae_Hybomitra_solstitialis_112582_1969397304,http://creativecommons.org/licenses/by-nc-nd/4.0/
842507,3729496324,Tabanidae_Hybomitra_lurida_3281945_3729496324,http://creativecommons.org/licenses/by-nc-nd/4.0/
842641,2841986941,Tabanidae_Atylotus_latistriatus_2294991_2841986941,http://creativecommons.org/licenses/by-nc-nd/4.0/
842642,2841986941,Tabanidae_Atylotus_latistriatus_2294992_2841986941,http://creativecommons.org/licenses/by-nc-nd/4.0/
843302,1971587791,Tabanidae_Rhagio_immaculatus_2874852_1971587791,http://creativecommons.org/licenses/by-nc-nd/4.0/
843374,2833891353,Tabanidae_Haematopota_crassicornis_1592158_2833891353,http://creativecommons.org/licenses/by-nc-nd/4.0/
844219,3905909725,Tabanidae_Tabanus_autumnalis_2693627_3905909725,http://creativecommons.org/licenses/by-nc-nd/4.0/
845437,1962878033,Tabanidae_Rhagio_tringaria_103517_1962878033,http://creativecommons.org/licenses/by-sa/4.0/
845991,1957712740,Tabanidae_Rhagio_tringaria_786961_1957712740,http://creativecommons.org/licenses/by-nc/4.0/
846181,3730652881,Tabanidae_Rhagio_immaculatus_2596368_3730652881,http://creativecommons.org/licenses/by-nc-nd/4.0/
846527,3722458800,Tabanidae_Rhagio_tringaria_503846_3722458800,http://creativecommons.org/licenses/by-nc-nd/4.0/
846871,3715693137,Tabanidae_Silvius_alpinus_1855118_3715693137,http://creativecommons.org/licenses/by-nc-nd/4.0/
846872,3715693137,Tabanidae_Silvius_alpinus_1855119_3715693137,http://creativecommons.org/licenses/by-nc-nd/4.0/
847185,3730851190,Tabanidae_Haematopota_pluvialis_1908238_3730851190,http://creativecommons.org/licenses/by-nc-nd/4.0/
847234,3905721718,Tabanidae_Hybomitra_muehlfeldi_2002777_3905721718,http://creativecommons.org/licenses/by-nc-nd/4.0/
848115,3716726676,Tabanidae_Tabanus_bromius_2547164_3716726676,http://creativecommons.org/licenses/by/4.0/
849925,3905988399,Tabanidae_Tabanus_bromius_3384421_3905988399,http://creativecommons.org/licenses/by-nc-nd/4.0/
850222,2833418610,Tabanidae_Chrysops_relictus_2279989_2833418610,http://creativecommons.org/licenses/by-nc-nd/4.0/
850396,3718292415,Tabanidae_Heptatoma_pellucens_1175696_3718292415,http://creativecommons.org/licenses/by-nc-nd/4.0/
850766,1976247743,Tabanidae_Haematopota_italica_2191128_1976247743,http://creativecommons.org/licenses/by-nc-nd/4.0/
850893,1953199457,Tabanidae_Heptatoma_pellucens_1468969_1953199457,http://creativecommons.org/licenses/by-nc-nd/4.0/
851473,2843570546,Tabanidae_Haematopota_italica_1609751_2843570546,http://creativecommons.org/licenses/by-nc-nd/4.0/
853268,3905770881,Tabanidae_Rhagio_immaculatus_2003088_3905770881,http://creativecommons.org/licenses/by-nc-nd/4.0/
853469,1972789977,Tabanidae_Atylotus_fulvus_117786_1972789977,http://creativecommons.org/licenses/by-nc/4.0/
853995,2832708514,Tabanidae_Chrysops_caecutiens_1590405_2832708514,http://creativecommons.org/licenses/by-nc-nd/4.0/
854106,3906152331,Tabanidae_Haematopota_crassicornis_3385409_3906152331,http://creativecommons.org/licenses/by-nc-nd/4.0/
854107,3906152331,Tabanidae_Haematopota_crassicornis_3385410_3906152331,http://creativecommons.org/licenses/by-nc-nd/4.0/
854163,1971241494,Tabanidae_Tabanus_bromius_806826_1971241494,http://creativecommons.org/licenses/by-nc-sa/4.0/
855759,2841586152,Tabanidae_Dasyrhamphis_ater_2293901_2841586152,http://creativecommons.org/licenses/by-nc-nd/4.0/
855840,1952729010,Tabanidae_Tabanus_bromius_2157046_1952729010,http://creativecommons.org/licenses/by-nc-nd/4.0/
856908,3718119663,Tabanidae_Hybomitra_montana_3244301_3718119663,http://creativecommons.org/licenses/by-nc-nd/4.0/
856935,2844705509,Tabanidae_Atylotus_rusticus_1612035_2844705509,http://creativecommons.org/licenses/by-nc-nd/4.0/
858102,3904786572,Tabanidae_Heptatoma_pellucens_619540_3904786572,http://creativecommons.org/licenses/by-nd/4.0/
858678,1973626646,Tabanidae_Rhagio_immaculatus_2877974_1973626646,http://creativecommons.org/licenses/by-nc-nd/4.0/
858679,1973626646,Tabanidae_Rhagio_immaculatus_2877975_1973626646,http://creativecommons.org/licenses/by-nc-nd/4.0/
859396,1952814789,Tabanidae_Tabanus_bromius_779554_1952814789,http://creativecommons.org/licenses/by-nc-nd/4.0/
859419,3732287248,Tabanidae_Tabanus_autumnalis_1226677_3732287248,http://creativecommons.org/licenses/by-nc/4.0/
860495,3907010946,Tabanidae_Tabanus_sudeticus_632544_3907010946,http://creativecommons.org/licenses/by-nc-nd/4.0/
860715,2842323755,Tabanidae_Tabanus_bromius_1607060_2842323755,http://creativecommons.org/licenses/by-nc-nd/4.0/
861191,3729892157,Tabanidae_Hybomitra_bimaculata_2592715_3729892157,http://creativecommons.org/licenses/by-nc-nd/4.0/
861839,3721431828,Tabanidae_Haematopota_bigoti_2564323_3721431828,http://creativecommons.org/licenses/by-nc/4.0/
862221,3905463694,Tabanidae_Chrysops_relictus_2690915_3905463694,http://creativecommons.org/licenses/by-nc-nd/4.0/
863583,1967869828,Tabanidae_Tabanus_bromius_801364_1967869828,http://creativecommons.org/licenses/by-nc/4.0/
863885,3823741409,Tabanidae_Hybomitra_lurida_1251331_3823741409,http://creativecommons.org/licenses/by-nc-sa/4.0/
864369,1960018118,Tabanidae_Hybomitra_lurida_790950_1960018118,http://creativecommons.org/licenses/by-nc-nd/4.0/
864370,1960018118,Tabanidae_Hybomitra_lurida_790951_1960018118,http://creativecommons.org/licenses/by-nc-nd/4.0/
864585,3731109932,Tabanidae_Chrysops_relictus_2598845_3731109932,http://creativecommons.org/licenses/by-nc-nd/4.0/
865145,3721435110,Tabanidae_Rhagio_immaculatus_1185422_3721435110,http://creativecommons.org/licenses/by-nc-nd/4.0/
865171,1966300463,Tabanidae_Hybomitra_montana_108560_1966300463,http://creativecommons.org/licenses/by-nc-nd/4.0/
866314,3721263195,Tabanidae_Haematopota_pluvialis_2563257_3721263195,http://creativecommons.org/licenses/by-sa/4.0/
866340,3730639924,Tabanidae_Haematopota_crassicornis_1217753_3730639924,http://creativecommons.org/licenses/by-nc-nd/4.0/
866341,3730639924,Tabanidae_Haematopota_crassicornis_1217754_3730639924,http://creativecommons.org/licenses/by-nc-nd/4.0/
866690,2843867438,Tabanidae_Chrysops_divaricatus_921446_2843867438,http://creativecommons.org/licenses/by-nc-nd/4.0/
866738,1973630914,Tabanidae_Hybomitra_muehlfeldi_1498475_1973630914,http://creativecommons.org/licenses/by-nc-nd/4.0/
866739,1973630914,Tabanidae_Hybomitra_muehlfeldi_1498476_1973630914,http://creativecommons.org/licenses/by-nc-nd/4.0/
866807,3730226033,Tabanidae_Tabanus_sudeticus_1904796_3730226033,http://creativecommons.org/licenses/by-nc-nd/4.0/
866939,3718399240,Tabanidae_Rhagio_immaculatus_486861_3718399240,http://creativecommons.org/licenses/by-nc-nd/4.0/
867488,1965649881,Tabanidae_Haematopota_pluvialis_2865755_1965649881,http://creativecommons.org/licenses/by-nc-nd/4.0/
867659,1966205216,Tabanidae_Chrysops_viduatus_108330_1966205216,http://creativecommons.org/licenses/by-nc-nd/4.0/
867771,3726092278,Tabanidae_Heptatoma_pellucens_3270089_3726092278,http://creativecommons.org/licenses/by-nc-nd/4.0/
868131,1957432244,Tabanidae_Rhagio_lineola_2854006_1957432244,http://creativecommons.org/licenses/by-nc-nd/4.0/
868991,2832813048,Tabanidae_Dasyrhamphis_ater_901486_2832813048,http://creativecommons.org/licenses/by-nc/4.0/
868992,2832813048,Tabanidae_Dasyrhamphis_ater_901487_2832813048,http://creativecommons.org/licenses/by-nc/4.0/
868996,2832813048,Tabanidae_Dasyrhamphis_ater_901491_2832813048,http://creativecommons.org/licenses/by-nc/4.0/
869332,2839754339,Tabanidae_Atylotus_loewianus_2981926_2839754339,http://creativecommons.org/licenses/by-nc-sa/4.0/
869333,2839754339,Tabanidae_Atylotus_loewianus_2981927_2839754339,http://creativecommons.org/licenses/by-nc-sa/4.0/
869678,3996548137,Tabanidae_Haematopota_pluvialis_1358603_3996548137,http://creativecommons.org/licenses/by-nc-nd/4.0/
872538,3721211799,Tabanidae_Tabanus_autumnalis_1183887_3721211799,http://creativecommons.org/licenses/by-nc-nd/4.0/
873339,3722573352,Tabanidae_Rhagio_tringaria_504645_3722573352,http://creativecommons.org/licenses/by-nc-nd/4.0/
873949,2839681120,Tabanidae_Dasyrhamphis_ater_913545_2839681120,http://creativecommons.org/licenses/by-nc/4.0/
874570,1973711335,Tabanidae_Chrysops_viduatus_810401_1973711335,http://creativecommons.org/licenses/by-nc-nd/4.0/
874612,1957929080,Tabanidae_Hybomitra_bimaculata_2165366_1957929080,http://creativecommons.org/licenses/by-nc-nd/4.0/
875502,1952142483,Tabanidae_Haematopota_pluvialis_778206_1952142483,http://creativecommons.org/licenses/by-nc-sa/4.0/
876610,1957411781,Tabanidae_Tabanus_maculicornis_95654_1957411781,http://creativecommons.org/licenses/by-nc-nd/4.0/
877014,3904884563,Tabanidae_Hybomitra_muehlfeldi_3377975_3904884563,http://creativecommons.org/licenses/by-nc/4.0/
877823,1977090632,Tabanidae_Rhagio_scolopacea_1503890_1977090632,http://creativecommons.org/licenses/by-nc/4.0/
879239,1976628972,Tabanidae_Chrysops_viduatus_123601_1976628972,http://creativecommons.org/licenses/by-nc-nd/4.0/
879240,1976628972,Tabanidae_Chrysops_viduatus_123602_1976628972,http://creativecommons.org/licenses/by-nc-nd/4.0/
880536,2840347384,Tabanidae_Haematopota_italica_2982465_2840347384,http://creativecommons.org/licenses/by-nc-nd/4.0/
880903,2842085129,Tabanidae_Rhagio_notatus_1606358_2842085129,http://creativecommons.org/licenses/by-nc/4.0/
881006,2835054568,Tabanidae_Rhagio_immaculatus_216267_2835054568,http://creativecommons.org/licenses/by-nc-nd/4.0/
881121,3906647206,Tabanidae_Tabanus_bromius_3388375_3906647206,http://creativecommons.org/licenses/by-nc-nd/4.0/
881437,2836705526,Tabanidae_Chrysops_relictus_2286022_2836705526,http://creativecommons.org/licenses/by-nc-nd/4.0/
881655,2834375584,Tabanidae_Rhagio_immaculatus_905315_2834375584,http://creativecommons.org/licenses/by-nc-nd/4.0/
883104,3995402969,Tabanidae_Haematopota_bigoti_2043796_3995402969,http://creativecommons.org/licenses/by-nc-nd/4.0/
883434,3724644680,Tabanidae_Chrysops_caecutiens_508629_3724644680,http://creativecommons.org/licenses/by-nc-nd/4.0/
885638,1957753193,Tabanidae_Haematopota_italica_2164852_1957753193,http://creativecommons.org/licenses/by-nc-nd/4.0/
885823,3721099499,Tabanidae_Hybomitra_bimaculata_1872684_3721099499,http://creativecommons.org/licenses/by-nc-nd/4.0/
886337,3716591245,Tabanidae_Tabanus_autumnalis_477965_3716591245,http://creativecommons.org/licenses/by-nc-nd/4.0/
886894,3309940502,Tabanidae_Hybomitra_auripila_1671757_3309940502,© All rights reserved
886896,2403826273,Tabanidae_Hybomitra_nitidifrons_152887_2403826273,© All rights reserved
886897,2403826273,Tabanidae_Hybomitra_nitidifrons_152888_2403826273,© All rights reserved
886898,2403826273,Tabanidae_Hybomitra_nitidifrons_152889_2403826273,© All rights reserved
886899,2403826273,Tabanidae_Hybomitra_nitidifrons_152890_2403826273,© All rights reserved
887080,2569413817,Tabanidae_Hybomitra_lurida_871880_2569413817,© All rights reserved
887082,2569413817,Tabanidae_Hybomitra_lurida_871882_2569413817,© All rights reserved
887083,2569413817,Tabanidae_Hybomitra_lurida_871883_2569413817,© All rights reserved
887168,3819910338,Tabanidae_Hybomitra_tarandina_558498_3819910338,© All rights reserved
887296,2406724428,Tabanidae_Rhagio_annulatus_2912159_2406724428,http://creativecommons.org/licenses/by-nc-sa/4.0/
888597,3996648401,Tabanidae_Haematopota_subcylindrica_1358856_3996648401,http://creativecommons.org/licenses/by-nc-nd/4.0/
889386,1965974514,Tabanidae_Tabanus_bromius_2176120_1965974514,http://creativecommons.org/licenses/by-nc-nd/4.0/
892313,3726501168,Tabanidae_Rhagio_tringaria_1892289_3726501168,http://creativecommons.org/licenses/by-nc-nd/4.0/
892828,2839097726,Tabanidae_Rhagio_notatus_2981409_2839097726,http://creativecommons.org/licenses/by-nc/4.0/
893066,1966358280,Tabanidae_Hybomitra_muehlfeldi_108803_1966358280,http://creativecommons.org/licenses/by-nc-nd/4.0/
893226,3717096581,Tabanidae_Atylotus_fulvus_1170023_3717096581,http://creativecommons.org/licenses/by-nc-nd/4.0/
893228,3717096581,Tabanidae_Atylotus_fulvus_1170025_3717096581,http://creativecommons.org/licenses/by-nc-nd/4.0/
893763,2833542932,Tabanidae_Hybomitra_lurida_2280207_2833542932,http://creativecommons.org/licenses/by-nc-sa/4.0/
894577,1957650666,Tabanidae_Haematopota_italica_2854447_1957650666,http://creativecommons.org/licenses/by-nc-nd/4.0/
894952,3822613899,Tabanidae_Rhagio_tringaria_1248566_3822613899,http://creativecommons.org/licenses/by-nc-nd/4.0/
895227,3995304354,Tabanidae_Chrysops_relictus_1354272_3995304354,http://creativecommons.org/licenses/by/4.0/
895988,1962867093,Tabanidae_Rhagio_immaculatus_2861963_1962867093,http://creativecommons.org/licenses/by-nc-nd/4.0/
896404,1970011674,Tabanidae_Hybomitra_muehlfeldi_2182534_1970011674,http://creativecommons.org/licenses/by-nc-nd/4.0/
896867,1955474862,Tabanidae_Tabanus_bromius_1472242_1955474862,http://creativecommons.org/licenses/by-nc-nd/4.0/
897932,3721319073,Tabanidae_Chrysops_relictus_495758_3721319073,http://creativecommons.org/licenses/by-nc-nd/4.0/
898587,3717445278,Tabanidae_Rhagio_lineola_1861546_3717445278,http://creativecommons.org/publicdomain/zero/1.0/
900762,3906139324,Tabanidae_Tabanus_autumnalis_1316134_3906139324,http://creativecommons.org/licenses/by-nc-nd/4.0/
902358,3732665648,Tabanidae_Chrysops_rufipes_539654_3732665648,http://creativecommons.org/licenses/by-nc-nd/4.0/
902497,2837162765,Tabanidae_Hybomitra_solstitialis_2287127_2837162765,http://creativecommons.org/licenses/by-nc-nd/4.0/
903053,3730000893,Tabanidae_Rhagio_scolopacea_1214459_3730000893,http://creativecommons.org/licenses/by/4.0/
903304,3905824198,Tabanidae_Hybomitra_bimaculata_2693056_3905824198,http://creativecommons.org/licenses/by-nc-nd/4.0/
903752,3906139424,Tabanidae_Hybomitra_bimaculata_2005230_3906139424,http://creativecommons.org/licenses/by-nc-nd/4.0/
904383,3906842114,Tabanidae_Tabanus_maculicornis_3389481_3906842114,http://creativecommons.org/licenses/by-nc-nd/4.0/
905856,3723247551,Tabanidae_Tabanus_sudeticus_507371_3723247551,http://creativecommons.org/licenses/by-nc-nd/4.0/
906294,1962675437,Tabanidae_Tabanus_autumnalis_2171629_1962675437,http://creativecommons.org/licenses/by-nc-nd/4.0/
907242,3720376291,Tabanidae_Tabanus_maculicornis_3249065_3720376291,http://creativecommons.org/licenses/by-nc-nd/4.0/
907553,3719727026,Tabanidae_Hybomitra_distinguenda_489222_3719727026,http://creativecommons.org/licenses/by-nc/4.0/
908453,3994983176,Tabanidae_Haematopota_pluvialis_2732146_3994983176,http://creativecommons.org/licenses/by-nc-nd/4.0/
909429,2834392568,Tabanidae_Hybomitra_bimaculata_1594103_2834392568,http://creativecommons.org/licenses/by-nc-nd/4.0/
910070,1976565799,Tabanidae_Hybomitra_muehlfeldi_1502587_1976565799,http://creativecommons.org/licenses/by-nc-nd/4.0/
910256,2842417147,Tabanidae_Rhagio_immaculatus_918602_2842417147,http://creativecommons.org/licenses/by-nc-nd/4.0/
911416,1955455767,Tabanidae_Rhagio_immaculatus_92956_1955455767,http://creativecommons.org/licenses/by-nc-nd/4.0/
911836,3720639575,Tabanidae_Hybomitra_bimaculata_1180820_3720639575,http://creativecommons.org/licenses/by-nc-nd/4.0/
911871,3905806603,Tabanidae_Rhagio_tringaria_3383288_3905806603,http://creativecommons.org/licenses/by-nc-nd/4.0/
912353,3904833738,Tabanidae_Tabanus_autumnalis_1997778_3904833738,http://creativecommons.org/licenses/by-nc-nd/4.0/
912371,1965922939,Tabanidae_Rhagio_lineola_1486893_1965922939,http://creativecommons.org/licenses/by-nc-nd/4.0/
912416,1969212963,Tabanidae_Heptatoma_pellucens_1491296_1969212963,http://creativecommons.org/licenses/by-nc/4.0/
912602,3721120718,Tabanidae_Tabanus_cordiger_1183336_3721120718,http://creativecommons.org/licenses/by-nc-nd/4.0/
912729,3825445515,Tabanidae_Tabanus_bromius_3324704_3825445515,http://creativecommons.org/licenses/by-nc-nd/4.0/
913124,2400092437,Tabanidae_Rhagio_annulatus_1530859_2400092437,© All rights reserved
913206,3864189428,Tabanidae_Rhagio_maculatus_1965809_3864189428,© All rights reserved
913207,3864189428,Tabanidae_Rhagio_maculatus_1965810_3864189428,© All rights reserved
913373,2313690282,Tabanidae_Hybomitra_tarandina_838759_2313690282,http://creativecommons.org/licenses/by-sa/4.0/
913473,2406493461,Tabanidae_Hybomitra_nitidifrons_2912083_2406493461,© All rights reserved
913474,2406493461,Tabanidae_Hybomitra_nitidifrons_2912084_2406493461,© All rights reserved
914497,3727015755,Tabanidae_Tabanus_maculicornis_1894522_3727015755,http://creativecommons.org/licenses/by-nc-sa/4.0/
914498,3727015755,Tabanidae_Tabanus_maculicornis_1894523_3727015755,http://creativecommons.org/licenses/by-nc-sa/4.0/
914499,3727015755,Tabanidae_Tabanus_maculicornis_1894524_3727015755,http://creativecommons.org/licenses/by-nc-sa/4.0/
914543,1976886781,Tabanidae_Tabanus_autumnalis_2882632_1976886781,http://creativecommons.org/licenses/by-nc-nd/4.0/
915565,3730411678,Tabanidae_Haematopota_pluvialis_2595064_3730411678,http://creativecommons.org/licenses/by-nc-nd/4.0/
916475,2833036762,Tabanidae_Haematopota_italica_1590635_2833036762,http://creativecommons.org/licenses/by-nc/4.0/
918308,1957757824,Tabanidae_Hybomitra_tropica_2164862_1957757824,http://creativecommons.org/licenses/by-nc-nd/4.0/
918309,1957757824,Tabanidae_Hybomitra_tropica_2164863_1957757824,http://creativecommons.org/licenses/by-nc-nd/4.0/
918449,3905159705,Tabanidae_Haematopota_italica_2689127_3905159705,http://creativecommons.org/licenses/by-nc-nd/4.0/
918601,2841869377,Tabanidae_Atylotus_fulvus_916936_2841869377,http://creativecommons.org/licenses/by-nc-nd/4.0/
918857,1958027425,Tabanidae_Hybomitra_lurida_787726_1958027425,http://creativecommons.org/licenses/by-nc/4.0/
919009,1973211243,Tabanidae_Hybomitra_expollicata_1498028_1973211243,http://creativecommons.org/licenses/by-nc-nd/4.0/
919010,1973211243,Tabanidae_Hybomitra_expollicata_1498029_1973211243,http://creativecommons.org/licenses/by-nc-nd/4.0/
919065,3726417051,Tabanidae_Chrysops_viduatus_3271575_3726417051,http://creativecommons.org/licenses/by-nc-nd/4.0/
919097,3906689930,Tabanidae_Chrysops_rufipes_3388616_3906689930,http://creativecommons.org/licenses/by-nc-nd/4.0/
919192,3730675283,Tabanidae_Haematopota_bigoti_3287315_3730675283,http://creativecommons.org/licenses/by-nc/4.0/
919641,1966674152,Tabanidae_Rhagio_scolopacea_2868195_1966674152,http://creativecommons.org/licenses/by-nc-nd/4.0/
919702,2839731261,Tabanidae_Philipomyia_aprica_2291399_2839731261,http://creativecommons.org/licenses/by-nc-nd/4.0/
919758,3722315127,Tabanidae_Hybomitra_caucasica_1881318_3722315127,http://creativecommons.org/licenses/by-nc/4.0/
919759,3722315127,Tabanidae_Hybomitra_caucasica_1881319_3722315127,http://creativecommons.org/licenses/by-nc/4.0/
920772,3824623539,Tabanidae_Tabanus_bromius_1942840_3824623539,http://creativecommons.org/licenses/by-nc-nd/4.0/
922126,3718119710,Tabanidae_Atylotus_fulvus_1864638_3718119710,http://creativecommons.org/licenses/by-nc-nd/4.0/
922127,3718119710,Tabanidae_Atylotus_fulvus_1864639_3718119710,http://creativecommons.org/licenses/by-nc-nd/4.0/
922128,3718119710,Tabanidae_Atylotus_fulvus_1864640_3718119710,http://creativecommons.org/licenses/by-nc-nd/4.0/
922133,3718119710,Tabanidae_Atylotus_fulvus_1864645_3718119710,http://creativecommons.org/licenses/by-nc-nd/4.0/
922501,2641610568,Tabanidae_Pangonius_micans_1579233_2641610568,http://creativecommons.org/licenses/by-nc/4.0/
922502,2641610568,Tabanidae_Pangonius_micans_1579234_2641610568,http://creativecommons.org/licenses/by-nc/4.0/
922503,2641610568,Tabanidae_Pangonius_micans_1579235_2641610568,http://creativecommons.org/licenses/by-nc/4.0/
922618,3325560777,Tabanidae_Chrysops_viduatus_297752_3325560777,http://creativecommons.org/licenses/by-nc/4.0/
922683,3873042688,Tabanidae_Hybomitra_tarandina_1967154_3873042688,http://creativecommons.org/licenses/by-nc/4.0/
923261,3079512282,Tabanidae_Rhagio_atlanticus_1655536_3079512282,http://creativecommons.org/licenses/by-nc/4.0/
924996,2818356359,Tabanidae_Hybomitra_nitidifrons_2964840_2818356359,© All rights reserved
925206,2403357443,Tabanidae_Hybomitra_auripila_2220716_2403357443,© All rights reserved
925419,3906982349,Tabanidae_Chrysops_relictus_3390225_3906982349,http://creativecommons.org/licenses/by-nc/4.0/
928061,3906908783,Tabanidae_Tabanus_autumnalis_3389838_3906908783,http://creativecommons.org/licenses/by-nc-nd/4.0/
928492,1973597023,Tabanidae_Hybomitra_muehlfeldi_119316_1973597023,http://creativecommons.org/licenses/by-nc-nd/4.0/
930043,3997527966,Tabanidae_Haematopota_subcylindrica_1362084_3997527966,http://creativecommons.org/licenses/by-nc-nd/4.0/
930044,3997527966,Tabanidae_Haematopota_subcylindrica_1362085_3997527966,http://creativecommons.org/licenses/by-nc-nd/4.0/
930045,3997527966,Tabanidae_Haematopota_subcylindrica_1362086_3997527966,http://creativecommons.org/licenses/by-nc-nd/4.0/
930343,3905493049,Tabanidae_Chrysops_caecutiens_623715_3905493049,http://creativecommons.org/licenses/by-nc-nd/4.0/
932228,3721733419,Tabanidae_Hybomitra_muehlfeldi_3256852_3721733419,http://creativecommons.org/licenses/by-nc-nd/4.0/
932530,2838200487,Tabanidae_Hybomitra_muehlfeldi_2289558_2838200487,http://creativecommons.org/licenses/by-nc-nd/4.0/
933868,2841980417,Tabanidae_Rhagio_lineola_226965_2841980417,http://creativecommons.org/licenses/by/4.0/
934065,3725609839,Tabanidae_Rhagio_scolopacea_509789_3725609839,http://creativecommons.org/licenses/by-nc-nd/4.0/
935241,1965791673,Tabanidae_Atylotus_rusticus_798070_1965791673,http://creativecommons.org/licenses/by-nc-nd/4.0/
935324,2836944726,Tabanidae_Hybomitra_lurida_218452_2836944726,http://creativecommons.org/licenses/by-nc-nd/4.0/
935493,3726186270,Tabanidae_Hybomitra_solstitialis_512232_3726186270,http://creativecommons.org/licenses/by-nc-nd/4.0/
935904,3717957304,Tabanidae_Rhagio_immaculatus_485020_3717957304,http://creativecommons.org/licenses/by-nc-nd/4.0/
936409,3721801220,Tabanidae_Atylotus_plebeius_499325_3721801220,http://creativecommons.org/licenses/by-nc/4.0/
936410,3721801220,Tabanidae_Atylotus_plebeius_499326_3721801220,http://creativecommons.org/licenses/by-nc/4.0/
936411,3721801220,Tabanidae_Atylotus_plebeius_499327_3721801220,http://creativecommons.org/licenses/by-nc/4.0/
936413,3721801220,Tabanidae_Atylotus_plebeius_499329_3721801220,http://creativecommons.org/licenses/by-nc/4.0/
936414,3721801220,Tabanidae_Atylotus_plebeius_499330_3721801220,http://creativecommons.org/licenses/by-nc/4.0/
936415,3721801220,Tabanidae_Atylotus_plebeius_499331_3721801220,http://creativecommons.org/licenses/by-nc/4.0/
936417,3721801220,Tabanidae_Atylotus_plebeius_499333_3721801220,http://creativecommons.org/licenses/by-nc/4.0/
936800,3907460006,Tabanidae_Hybomitra_montana_1323425_3907460006,http://creativecommons.org/licenses/by-nc-nd/4.0/
937476,3721946092,Tabanidae_Chrysops_viduatus_1878655_3721946092,http://creativecommons.org/licenses/by-nc-nd/4.0/
939064,3730496001,Tabanidae_Hybomitra_solstitialis_1216939_3730496001,http://creativecommons.org/licenses/by-nc-nd/4.0/
939527,1974833046,Tabanidae_Haematopota_pluvialis_812130_1974833046,http://creativecommons.org/licenses/by-nc-nd/4.0/
939649,3721887424,Tabanidae_Hybomitra_solstitialis_499967_3721887424,http://creativecommons.org/licenses/by-nc-nd/4.0/
939783,2844941414,Tabanidae_Hybomitra_expollicata_2992421_2844941414,http://creativecommons.org/licenses/by-nc-nd/4.0/
939784,2844941414,Tabanidae_Hybomitra_expollicata_2992422_2844941414,http://creativecommons.org/licenses/by-nc-nd/4.0/
939785,2844941414,Tabanidae_Hybomitra_expollicata_2992423_2844941414,http://creativecommons.org/licenses/by-nc-nd/4.0/
939786,2844941414,Tabanidae_Hybomitra_expollicata_2992424_2844941414,http://creativecommons.org/licenses/by-nc-nd/4.0/
939787,2844941414,Tabanidae_Hybomitra_expollicata_2992425_2844941414,http://creativecommons.org/licenses/by-nc-nd/4.0/
940280,3995488626,Tabanidae_Haematopota_pluvialis_1354883_3995488626,http://creativecommons.org/licenses/by-nc-nd/4.0/
940896,3906954567,Tabanidae_Atylotus_rusticus_632230_3906954567,http://creativecommons.org/licenses/by/4.0/
941072,1973034328,Tabanidae_Hybomitra_muehlfeldi_2877075_1973034328,http://creativecommons.org/licenses/by-nc-nd/4.0/
941292,3729180228,Tabanidae_Chrysops_caecutiens_1901076_3729180228,http://creativecommons.org/licenses/by-nc-nd/4.0/
941371,2837576362,Tabanidae_Hybomitra_muehlfeldi_220041_2837576362,http://creativecommons.org/licenses/by-nc-nd/4.0/
941672,3726251402,Tabanidae_Chrysops_rufipes_512561_3726251402,http://creativecommons.org/licenses/by-nc-nd/4.0/
942434,3729832539,Tabanidae_Hybomitra_solstitialis_1213743_3729832539,http://creativecommons.org/licenses/by-nc-nd/4.0/
943580,3996163145,Tabanidae_Haematopota_pluvialis_2736399_3996163145,http://creativecommons.org/licenses/by-nc-nd/4.0/
945424,3730232134,Tabanidae_Haematopota_italica_1215596_3730232134,http://creativecommons.org/licenses/by-nc-nd/4.0/
945855,3903917958,Tabanidae_Chrysops_rufipes_2681407_3903917958,http://creativecommons.org/licenses/by-nc-nd/4.0/
947113,3731142335,Tabanidae_Rhagio_scolopacea_1909970_3731142335,http://creativecommons.org/licenses/by-nc-nd/4.0/
948379,3721881449,Tabanidae_Atylotus_latistriatus_1188705_3721881449,http://creativecommons.org/licenses/by-nc-nd/4.0/
948486,3823279491,Tabanidae_Rhagio_conspicuus_2628774_3823279491,http://creativecommons.org/licenses/by-nc-nd/4.0/
948487,3823279491,Tabanidae_Rhagio_conspicuus_2628775_3823279491,http://creativecommons.org/licenses/by-nc-nd/4.0/
948590,3727076696,Tabanidae_Tabanus_autumnalis_2584065_3727076696,http://creativecommons.org/licenses/by-nc-nd/4.0/
948822,1969110450,Tabanidae_Rhagio_tringaria_111915_1969110450,http://creativecommons.org/licenses/by-nc-nd/4.0/
949795,2836621664,Tabanidae_Haematopota_subcylindrica_2285883_2836621664,http://creativecommons.org/licenses/by-nc/4.0/
950194,3729896113,Tabanidae_Atylotus_fulvus_3283369_3729896113,http://creativecommons.org/licenses/by-nc-nd/4.0/
950388,2837951018,Tabanidae_Rhagio_tringaria_220800_2837951018,http://creativecommons.org/licenses/by-nc-nd/4.0/
950410,3825317320,Tabanidae_Chrysops_relictus_1254809_3825317320,http://creativecommons.org/licenses/by-nc-nd/4.0/
950549,3721912365,Tabanidae_Rhagio_lineola_2567864_3721912365,http://creativecommons.org/licenses/by-nc-nd/4.0/
950701,1964211849,Tabanidae_Hybomitra_micans_104325_1964211849,http://creativecommons.org/licenses/by-nc-sa/4.0/
950702,1964211849,Tabanidae_Hybomitra_micans_104326_1964211849,http://creativecommons.org/licenses/by-nc-sa/4.0/
951403,1974121676,Tabanidae_Hybomitra_lurida_120656_1974121676,http://creativecommons.org/licenses/by-nc/4.0/
951633,3905224870,Tabanidae_Chrysops_relictus_3379923_3905224870,http://creativecommons.org/licenses/by-nc-nd/4.0/
951650,2833930847,Tabanidae_Hybomitra_expollicata_2971593_2833930847,http://creativecommons.org/licenses/by-nc-nd/4.0/
951651,2833930847,Tabanidae_Hybomitra_expollicata_2971594_2833930847,http://creativecommons.org/licenses/by-nc-nd/4.0/
951652,2833930847,Tabanidae_Hybomitra_expollicata_2971595_2833930847,http://creativecommons.org/licenses/by-nc-nd/4.0/
952341,1955446729,Tabanidae_Haematopota_pluvialis_2161242_1955446729,http://creativecommons.org/licenses/by-nc-nd/4.0/
953007,1955456168,Tabanidae_Tabanus_maculicornis_783511_1955456168,http://creativecommons.org/licenses/by-nc/4.0/
953362,3732298847,Tabanidae_Chrysops_rufipes_2605083_3732298847,http://creativecommons.org/licenses/by-nc-nd/4.0/
953672,3722095195,Tabanidae_Rhagio_tringaria_1879667_3722095195,http://creativecommons.org/licenses/by-nc-nd/4.0/
953995,3721993518,Tabanidae_Haematopota_ocelligera_1878994_3721993518,http://creativecommons.org/licenses/by-nc-nd/4.0/
954823,3905861797,Tabanidae_Rhagio_lineola_3383603_3905861797,http://creativecommons.org/licenses/by-nc/4.0/
955595,1969408735,Tabanidae_Rhagio_lineola_803436_1969408735,http://creativecommons.org/licenses/by-nc-nd/4.0/
956873,2843621308,Tabanidae_Heptatoma_pellucens_230894_2843621308,http://creativecommons.org/licenses/by-nc-nd/4.0/
957037,3826987215,Tabanidae_Chrysops_relictus_2637655_3826987215,http://creativecommons.org/licenses/by-nc-nd/4.0/
957718,3905129152,Tabanidae_Tabanus_autumnalis_1310115_3905129152,http://creativecommons.org/licenses/by-nc-nd/4.0/
958300,3730264277,Tabanidae_Chrysops_caecutiens_3285029_3730264277,http://creativecommons.org/licenses/by-nc-nd/4.0/
958763,2842510901,Tabanidae_Hybomitra_bimaculata_2296562_2842510901,http://creativecommons.org/licenses/by-nc-nd/4.0/
959119,3906095783,Tabanidae_Hybomitra_bimaculata_1315866_3906095783,http://creativecommons.org/licenses/by-nc-nd/4.0/
959379,3907319437,Tabanidae_Tabanus_autumnalis_2011943_3907319437,http://creativecommons.org/licenses/by-nc-nd/4.0/
959904,3717315235,Tabanidae_Haematopota_italica_1171102_3717315235,http://creativecommons.org/licenses/by-nc-nd/4.0/
960244,3904601375,Tabanidae_Rhagio_lineola_1996462_3904601375,http://creativecommons.org/licenses/by-nc-nd/4.0/
960312,1955125602,Tabanidae_Haematopota_italica_1471283_1955125602,http://creativecommons.org/licenses/by-nc-nd/4.0/
960594,3906422438,Tabanidae_Atylotus_latistriatus_2006950_3906422438,http://creativecommons.org/licenses/by-nc-nd/4.0/
961497,3732991386,Tabanidae_Tabanus_autumnalis_1229880_3732991386,http://creativecommons.org/licenses/by-nc-nd/4.0/
963868,2841845367,Tabanidae_Tabanus_bromius_2985253_2841845367,http://creativecommons.org/licenses/by-nc/4.0/
963901,3717551122,Tabanidae_Hybomitra_bimaculata_2551392_3717551122,http://creativecommons.org/licenses/by-nc/4.0/
963933,1965120273,Tabanidae_Hybomitra_montana_796305_1965120273,http://creativecommons.org/licenses/by-nc-nd/4.0/
964566,2842716153,Tabanidae_Hybomitra_muehlfeldi_229095_2842716153,http://creativecommons.org/licenses/by-nc-nd/4.0/
965151,1953285587,Tabanidae_Hybomitra_lurida_1469157_1953285587,http://creativecommons.org/licenses/by-nc-nd/4.0/
965469,1953110572,Tabanidae_Tabanus_autumnalis_2157959_1953110572,http://creativecommons.org/licenses/by-nc/4.0/
967126,3717705189,Tabanidae_Rhagio_tringaria_1862788_3717705189,http://creativecommons.org/licenses/by-nc-nd/4.0/
968661,1955146508,Tabanidae_Chrysops_relictus_92103_1955146508,http://creativecommons.org/licenses/by-nc-nd/4.0/
970166,2836910094,Tabanidae_Atylotus_latistriatus_908691_2836910094,http://creativecommons.org/licenses/by-nc-nd/4.0/
970520,1952407208,Tabanidae_Tabanus_bromius_88018_1952407208,http://creativecommons.org/licenses/by-nc/4.0/
972862,1973136980,Tabanidae_Hybomitra_bimaculata_809538_1973136980,http://creativecommons.org/licenses/by-sa/4.0/
974464,1973203153,Tabanidae_Rhagio_tringaria_2187360_1973203153,http://creativecommons.org/licenses/by-nc-nd/4.0/
977056,1970076781,Tabanidae_Hybomitra_bimaculata_2182690_1970076781,http://creativecommons.org/licenses/by-nc-nd/4.0/
978057,3904530423,Tabanidae_Hybomitra_lurida_1995991_3904530423,http://creativecommons.org/licenses/by-nc-nd/4.0/
978273,1973001472,Tabanidae_Rhagio_lineola_2186786_1973001472,http://creativecommons.org/licenses/by-nc-nd/4.0/
978788,3721999829,Tabanidae_Haematopota_italica_2568563_3721999829,http://creativecommons.org/licenses/by-nc-nd/4.0/
979062,3904926895,Tabanidae_Atylotus_fulvus_3378220_3904926895,http://creativecommons.org/licenses/by-nc-nd/4.0/
979637,2841771967,Tabanidae_Tabanus_bromius_2294421_2841771967,http://creativecommons.org/licenses/by-nc-nd/4.0/
980248,1955106275,Tabanidae_Haematopota_italica_1471252_1955106275,http://creativecommons.org/licenses/by-nc-nd/4.0/
980717,1966561782,Tabanidae_Hybomitra_bimaculata_2177658_1966561782,http://creativecommons.org/licenses/by-nc-nd/4.0/
981095,2838412094,Tabanidae_Heptatoma_pellucens_1600841_2838412094,http://creativecommons.org/licenses/by-nc-nd/4.0/
981251,3904345994,Tabanidae_Rhagio_immaculatus_3374780_3904345994,http://creativecommons.org/licenses/by-nc-nd/4.0/
981874,3726737022,Tabanidae_Tabanus_cordiger_1893347_3726737022,http://creativecommons.org/licenses/by-nc-nd/4.0/
982767,3906948020,Tabanidae_Rhagio_lineola_2009941_3906948020,http://creativecommons.org/licenses/by-nc-nd/4.0/
985647,3904665099,Tabanidae_Rhagio_immaculatus_618804_3904665099,http://creativecommons.org/licenses/by-nc-nd/4.0/
985710,3729716758,Tabanidae_Rhagio_immaculatus_524418_3729716758,http://creativecommons.org/licenses/by-nc-nd/4.0/
986884,1668866139,Tabanidae_Pangonius_pyritosus_2811158_1668866139,http://creativecommons.org/licenses/by-nc/4.0/
986885,1668866139,Tabanidae_Pangonius_pyritosus_2811159_1668866139,http://creativecommons.org/licenses/by-nc/4.0/
986886,1668866139,Tabanidae_Pangonius_pyritosus_2811160_1668866139,http://creativecommons.org/licenses/by-nc/4.0/
986887,1668866139,Tabanidae_Pangonius_pyritosus_2811161_1668866139,http://creativecommons.org/licenses/by-nc/4.0/
988317,1951715440,Tabanidae_Tabanus_bromius_2845501_1951715440,http://creativecommons.org/licenses/by-nc-nd/4.0/
988649,3906834900,Tabanidae_Rhagio_lineola_2699033_3906834900,http://creativecommons.org/licenses/by-nc-nd/4.0/
989208,3717694207,Tabanidae_Tabanus_autumnalis_483744_3717694207,http://creativecommons.org/licenses/by-nc-nd/4.0/
989547,3904762215,Tabanidae_Hybomitra_montana_2686699_3904762215,http://creativecommons.org/licenses/by-nc/4.0/
989549,3904762215,Tabanidae_Hybomitra_montana_2686701_3904762215,http://creativecommons.org/licenses/by-nc/4.0/
990373,3716916936,Tabanidae_Hybomitra_montana_2548115_3716916936,http://creativecommons.org/licenses/by-nc/4.0/
991550,1972455550,Tabanidae_Hybomitra_muehlfeldi_1496140_1972455550,http://creativecommons.org/licenses/by-nc-nd/4.0/
991641,3729651818,Tabanidae_Rhagio_scolopacea_524195_3729651818,http://creativecommons.org/licenses/by-nc-nd/4.0/
992304,2841823659,Tabanidae_Atylotus_fulvus_2985182_2841823659,http://creativecommons.org/licenses/by-nc-nd/4.0/
992305,2841823659,Tabanidae_Atylotus_fulvus_2985183_2841823659,http://creativecommons.org/licenses/by-nc-nd/4.0/
992355,2835331916,Tabanidae_Hybomitra_lurida_216557_2835331916,http://creativecommons.org/licenses/by-nc/4.0/
992357,2835331916,Tabanidae_Hybomitra_lurida_216559_2835331916,http://creativecommons.org/licenses/by-nc/4.0/
993399,3717666813,Tabanidae_Hybomitra_solstitialis_1862609_3717666813,http://creativecommons.org/licenses/by-nc-nd/4.0/
993535,3717889507,Tabanidae_Tabanus_sudeticus_3243255_3717889507,http://creativecommons.org/licenses/by-nc-nd/4.0/
993810,3721154736,Tabanidae_Rhagio_immaculatus_2562543_3721154736,http://creativecommons.org/licenses/by-nc-nd/4.0/
994610,3726059581,Tabanidae_Silvius_alpinus_3269918_3726059581,http://creativecommons.org/licenses/by-nc/4.0/
994611,3726059581,Tabanidae_Silvius_alpinus_3269919_3726059581,http://creativecommons.org/licenses/by-nc/4.0/
995130,1972853327,Tabanidae_Chrysops_sepulcralis_808670_1972853327,http://creativecommons.org/licenses/by-nc/4.0/
995196,3722177286,Tabanidae_Hybomitra_montana_3260249_3722177286,http://creativecommons.org/licenses/by-nc-sa/4.0/
996379,3732586832,Tabanidae_Hybomitra_muehlfeldi_1917487_3732586832,http://creativecommons.org/licenses/by-nc-nd/4.0/
996871,3024004403,Tabanidae_Hybomitra_lurida_954613_3024004403,© All rights reserved
996872,3024004403,Tabanidae_Hybomitra_lurida_954614_3024004403,© All rights reserved
996873,3024004403,Tabanidae_Hybomitra_lurida_954615_3024004403,© All rights reserved
996983,2402485642,Tabanidae_Hybomitra_kaurii_2220484_2402485642,© All rights reserved
997632,1460096538,Tabanidae_Atylotus_fulvus_2117664_1460096538,© all rights reserved
997856,1821048688,Tabanidae_Hybomitra_nitidifrons_746958_1821048688,© all rights reserved
998628,3825314738,Tabanidae_Rhagio_scolopacea_1254789_3825314738,http://creativecommons.org/licenses/by-nc-nd/4.0/
998737,3904785392,Tabanidae_Tabanus_bromius_3377374_3904785392,http://creativecommons.org/licenses/by-nc-nd/4.0/
999817,3727666036,Tabanidae_Chrysops_viduatus_1207494_3727666036,http://creativecommons.org/licenses/by-nc-nd/4.0/
999870,3721354888,Tabanidae_Rhagio_scolopacea_2563827_3721354888,http://creativecommons.org/licenses/by-nc-nd/4.0/
999932,3717550097,Tabanidae_Haematopota_pluvialis_2551385_3717550097,http://creativecommons.org/licenses/by-nc-nd/4.0/
1000437,1969628895,Tabanidae_Atylotus_latistriatus_1492315_1969628895,http://creativecommons.org/licenses/by/4.0/
1000440,1969628895,Tabanidae_Atylotus_latistriatus_1492318_1969628895,http://creativecommons.org/licenses/by/4.0/
1000442,1969628895,Tabanidae_Atylotus_latistriatus_1492320_1969628895,http://creativecommons.org/licenses/by/4.0/
1000443,1969628895,Tabanidae_Atylotus_latistriatus_1492321_1969628895,http://creativecommons.org/licenses/by/4.0/
1001182,1954896722,Tabanidae_Haematopota_pluvialis_1470812_1954896722,http://creativecommons.org/licenses/by-nc-nd/4.0/
1001185,1954896722,Tabanidae_Haematopota_pluvialis_1470815_1954896722,http://creativecommons.org/licenses/by-nc-nd/4.0/
1001664,1974049288,Tabanidae_Rhagio_scolopacea_2188866_1974049288,http://creativecommons.org/licenses/by-nc-nd/4.0/
1002682,3732139194,Tabanidae_Chrysops_relictus_1915302_3732139194,http://creativecommons.org/licenses/by-nc-nd/4.0/
1003404,3716358130,Tabanidae_Tabanus_autumnalis_3235513_3716358130,http://creativecommons.org/licenses/by-nc-nd/4.0/
1003618,3823785110,Tabanidae_Hybomitra_bimaculata_2630026_3823785110,http://creativecommons.org/licenses/by-nc-nd/4.0/
1003757,3906204603,Tabanidae_Atylotus_rusticus_3385720_3906204603,http://creativecommons.org/licenses/by-nc-nd/4.0/
1003989,3721398841,Tabanidae_Heptatoma_pellucens_496328_3721398841,http://creativecommons.org/licenses/by-nc-nd/4.0/
1004341,1972063773,Tabanidae_Hybomitra_montana_2875192_1972063773,http://creativecommons.org/licenses/by-nc/4.0/
1004342,1972063773,Tabanidae_Hybomitra_montana_2875193_1972063773,http://creativecommons.org/licenses/by-nc/4.0/
1005100,3995512937,Tabanidae_Haematopota_pluvialis_3424300_3995512937,http://creativecommons.org/licenses/by-nc-nd/4.0/
1005258,1973881676,Tabanidae_Hybomitra_muehlfeldi_1499116_1973881676,http://creativecommons.org/licenses/by-nc-nd/4.0/
1005569,3721593764,Tabanidae_Hybomitra_muehlfeldi_1186555_3721593764,http://creativecommons.org/licenses/by-nc-nd/4.0/
1006953,1976633671,Tabanidae_Tabanus_maculicornis_1502741_1976633671,http://creativecommons.org/licenses/by-nc-nd/4.0/
1008757,1952403297,Tabanidae_Rhagio_tringaria_2846348_1952403297,http://creativecommons.org/licenses/by-nc-nd/4.0/
1008862,2844450071,Tabanidae_Hybomitra_lurida_2300276_2844450071,http://creativecommons.org/licenses/by/4.0/
1010161,3716332825,Tabanidae_Hybomitra_lurida_1856200_3716332825,http://creativecommons.org/licenses/by-nc/4.0/
1010162,3716332825,Tabanidae_Hybomitra_lurida_1856201_3716332825,http://creativecommons.org/licenses/by-nc/4.0/
1010164,3716332825,Tabanidae_Hybomitra_lurida_1856203_3716332825,http://creativecommons.org/licenses/by-nc/4.0/
1010165,3716332825,Tabanidae_Hybomitra_lurida_1856204_3716332825,http://creativecommons.org/licenses/by-nc/4.0/
1010166,3716332825,Tabanidae_Hybomitra_lurida_1856205_3716332825,http://creativecommons.org/licenses/by-nc/4.0/
1011597,3333118439,Tabanidae_Tabanus_barbarus_1682590_3333118439,http://creativecommons.org/licenses/by-nc/4.0/
1011598,3333118439,Tabanidae_Tabanus_barbarus_1682591_3333118439,http://creativecommons.org/licenses/by-nc/4.0/
1011599,3333118439,Tabanidae_Tabanus_barbarus_1682592_3333118439,http://creativecommons.org/licenses/by-nc/4.0/
1012149,3415905845,Tabanidae_Hybomitra_tarandina_3093032_3415905845,http://creativecommons.org/licenses/by-nc/4.0/
1012341,4018250750,Tabanidae_Chrysops_nigripes_681442_4018250750,http://creativecommons.org/licenses/by-nc/4.0/
1012481,3889120400,Tabanidae_Rhagio_notatus_2668604_3889120400,http://creativecommons.org/licenses/by/4.0/
1012482,3889120400,Tabanidae_Rhagio_notatus_2668605_3889120400,http://creativecommons.org/licenses/by/4.0/
1012867,3005232055,Tabanidae_Philipomyia_aprica_950701_3005232055,http://creativecommons.org/licenses/by-nc/4.0/
1012871,3005232055,Tabanidae_Philipomyia_aprica_950705_3005232055,http://creativecommons.org/licenses/by-nc/4.0/
1012885,3858260505,Tabanidae_Pangonius_micans_3334046_3858260505,http://creativecommons.org/licenses/by-nc/4.0/
1012886,3858260505,Tabanidae_Pangonius_micans_3334047_3858260505,http://creativecommons.org/licenses/by-nc/4.0/
1013421,1831203495,Tabanidae_Rhagio_maculatus_1450632_1831203495,http://creativecommons.org/licenses/by-nc/4.0/
1013673,3059010740,Tabanidae_Rhagio_atlanticus_1650415_3059010740,http://creativecommons.org/licenses/by-nc/4.0/
1014033,1891322122,Tabanidae_Hybomitra_arpadi_773553_1891322122,http://creativecommons.org/licenses/by/4.0/
1014034,1891322122,Tabanidae_Hybomitra_arpadi_773554_1891322122,http://creativecommons.org/licenses/by/4.0/
1014035,1891322122,Tabanidae_Hybomitra_arpadi_773555_1891322122,http://creativecommons.org/licenses/by/4.0/
1014777,3321019490,Tabanidae_Rhagio_immaculatus_2364477_3321019490,http://creativecommons.org/licenses/by-nc/4.0/
1016283,3097285088,Tabanidae_Rhagio_lineola_2350404_3097285088,http://creativecommons.org/licenses/by-nc/4.0/
1016912,3873026485,Tabanidae_Tabanus_glaucopis_3347326_3873026485,http://creativecommons.org/licenses/by-nc/4.0/
1017147,2422863931,Tabanidae_Rhagio_lineola_2223932_2422863931,http://creativecommons.org/licenses/by-nc/4.0/
1019374,1969548007,Tabanidae_Haematopota_pluvialis_2181370_1969548007,http://creativecommons.org/licenses/by-nc-sa/4.0/
1020579,1965961598,Tabanidae_Hybomitra_montana_798428_1965961598,http://creativecommons.org/licenses/by-nc-nd/4.0/
1020772,3714861045,Tabanidae_Silvius_alpinus_1164859_3714861045,http://creativecommons.org/licenses/by-nc/4.0/
1020773,3714861045,Tabanidae_Silvius_alpinus_1164860_3714861045,http://creativecommons.org/licenses/by-nc/4.0/
1020774,3714861045,Tabanidae_Silvius_alpinus_1164861_3714861045,http://creativecommons.org/licenses/by-nc/4.0/
1021536,3906219211,Tabanidae_Hybomitra_bimaculata_628001_3906219211,http://creativecommons.org/licenses/by-nc-nd/4.0/
1023274,1968944030,Tabanidae_Chrysops_sepulcralis_2180040_1968944030,http://creativecommons.org/licenses/by-nc-nd/4.0/
1023276,1968944030,Tabanidae_Chrysops_sepulcralis_2180042_1968944030,http://creativecommons.org/licenses/by-nc-nd/4.0/
1023277,1968944030,Tabanidae_Chrysops_sepulcralis_2180043_1968944030,http://creativecommons.org/licenses/by-nc-nd/4.0/
1025782,2837573562,Tabanidae_Chrysops_viduatus_2978681_2837573562,http://creativecommons.org/licenses/by/4.0/
1026416,3704630614,Tabanidae_Tabanus_sudeticus_473033_3704630614,http://creativecommons.org/licenses/by/4.0/
1028225,3124843170,Tabanidae_Rhagio_atlanticus_2356616_3124843170,http://creativecommons.org/licenses/by-nc/4.0/
1028488,3415920340,Tabanidae_Philipomyia_aprica_1024738_3415920340,http://creativecommons.org/licenses/by-nc/4.0/
1028898,2823304320,Tabanidae_Tabanus_rectus_2276512_2823304320,http://creativecommons.org/licenses/by-nc/4.0/
1029149,3109270543,Tabanidae_Rhagio_atlanticus_2351383_3109270543,http://creativecommons.org/licenses/by-nc/4.0/
1029152,1668887872,Tabanidae_Hybomitra_arpadi_743807_1668887872,http://creativecommons.org/licenses/by-nc/4.0/
1029153,1668887872,Tabanidae_Hybomitra_arpadi_743808_1668887872,http://creativecommons.org/licenses/by-nc/4.0/
1029154,1668887872,Tabanidae_Hybomitra_arpadi_743809_1668887872,http://creativecommons.org/licenses/by-nc/4.0/
1029155,1668887872,Tabanidae_Hybomitra_arpadi_743810_1668887872,http://creativecommons.org/licenses/by-nc/4.0/
1029156,1668887872,Tabanidae_Hybomitra_arpadi_743811_1668887872,http://creativecommons.org/licenses/by-nc/4.0/
1029167,2963956984,Tabanidae_Philipomyia_aprica_252775_2963956984,http://creativecommons.org/licenses/by-nc/4.0/
1029169,2963956984,Tabanidae_Philipomyia_aprica_252777_2963956984,http://creativecommons.org/licenses/by-nc/4.0/
1029171,2963956984,Tabanidae_Philipomyia_aprica_252779_2963956984,http://creativecommons.org/licenses/by-nc/4.0/
1029586,3070449924,Tabanidae_Rhagio_maculatus_3033867_3070449924,http://creativecommons.org/licenses/by-nc/4.0/
1030668,2366025462,Tabanidae_Tabanus_sudeticus_840361_2366025462,http://creativecommons.org/licenses/by-nc/4.0/
1030713,3321107146,Tabanidae_Rhagio_immaculatus_3055097_3321107146,http://creativecommons.org/licenses/by-nc/4.0/
1031876,3860634303,Tabanidae_Haematopota_pluvialis_1275734_3860634303,http://creativecommons.org/licenses/by-nc/4.0/
1031957,3988557345,Tabanidae_Rhagio_strigosus_3419653_3988557345,http://creativecommons.org/licenses/by/4.0/
1031958,3988557345,Tabanidae_Rhagio_strigosus_3419654_3988557345,http://creativecommons.org/licenses/by/4.0/
1031959,3988557345,Tabanidae_Rhagio_strigosus_3419655_3988557345,http://creativecommons.org/licenses/by/4.0/
1032038,2350370024,Tabanidae_Tabanus_bromius_839984_2350370024,http://creativecommons.org/licenses/by-nc/4.0/
1032344,3466228996,Tabanidae_Rhagio_strigosus_2535217_3466228996,http://creativecommons.org/licenses/by-nc/4.0/
1032871,3408098456,Tabanidae_Chrysops_italicus_2399543_3408098456,http://creativecommons.org/licenses/by-nc/4.0/
1033135,3327709586,Tabanidae_Rhagio_lineola_1677866_3327709586,http://creativecommons.org/licenses/by-nc/4.0/
1033248,3451624419,Tabanidae_Atylotus_plebeius_1834145_3451624419,© All rights reserved
1033249,3451624419,Tabanidae_Atylotus_plebeius_1834146_3451624419,© All rights reserved
1033250,3451624419,Tabanidae_Atylotus_plebeius_1834147_3451624419,© All rights reserved
1033320,2409484398,Tabanidae_Hybomitra_kaurii_2222123_2409484398,© All rights reserved
1033390,2412070605,Tabanidae_Hybomitra_nitidifrons_2913396_2412070605,© All rights reserved
1033391,2412070605,Tabanidae_Hybomitra_nitidifrons_2913397_2412070605,© All rights reserved
1033392,2412070605,Tabanidae_Hybomitra_nitidifrons_2913398_2412070605,© All rights reserved
1033393,2412070605,Tabanidae_Hybomitra_nitidifrons_2913399_2412070605,© All rights reserved
1033556,3455200992,Tabanidae_Chrysops_nigripes_1145209_3455200992,http://creativecommons.org/licenses/by-nc/4.0/
1034287,3902027511,Tabanidae_Chrysops_viduatus_1982880_3902027511,http://creativecommons.org/licenses/by-nc/4.0/
1034348,3314590546,Tabanidae_Rhagio_maculatus_3053733_3314590546,http://creativecommons.org/licenses/by-nc/4.0/
1035577,3872897757,Tabanidae_Therioplectes_gigas_1277181_3872897757,http://creativecommons.org/licenses/by-nc/4.0/
1035578,3872897757,Tabanidae_Therioplectes_gigas_1277182_3872897757,http://creativecommons.org/licenses/by-nc/4.0/
1036084,1966328819,Tabanidae_Haematopota_italica_108719_1966328819,http://creativecommons.org/licenses/by/4.0/
1037097,1957839142,Tabanidae_Rhagio_lineola_1475824_1957839142,http://creativecommons.org/licenses/by-nc-nd/4.0/
1038698,1973092985,Tabanidae_Rhagio_tringaria_1497705_1973092985,http://creativecommons.org/licenses/by-nc-nd/4.0/
1039273,2841120684,Tabanidae_Atylotus_fulvus_1603805_2841120684,http://creativecommons.org/licenses/by-nc/4.0/
1039274,2841120684,Tabanidae_Atylotus_fulvus_1603806_2841120684,http://creativecommons.org/licenses/by-nc/4.0/
1039275,2841120684,Tabanidae_Atylotus_fulvus_1603807_2841120684,http://creativecommons.org/licenses/by-nc/4.0/
1039972,3732900696,Tabanidae_Chrysops_rufipes_540670_3732900696,http://creativecommons.org/licenses/by-nc-nd/4.0/
1039974,3732900696,Tabanidae_Chrysops_rufipes_540672_3732900696,http://creativecommons.org/licenses/by-nc-nd/4.0/
1040587,3717107374,Tabanidae_Rhagio_lineola_3239243_3717107374,http://creativecommons.org/licenses/by-sa/4.0/
1040929,3824654121,Tabanidae_Rhagio_scolopacea_2632352_3824654121,http://creativecommons.org/licenses/by-nc-nd/4.0/
1041320,2835126254,Tabanidae_Hybomitra_lurida_1595548_2835126254,http://creativecommons.org/licenses/by-nc-sa/4.0/
1042014,3727139425,Tabanidae_Rhagio_immaculatus_2584316_3727139425,http://creativecommons.org/licenses/by-nc-nd/4.0/
1042019,1952625285,Tabanidae_Haematopota_italica_1467803_1952625285,http://creativecommons.org/licenses/by-nc-nd/4.0/
1042695,1965866739,Tabanidae_Haematopota_italica_1486784_1965866739,http://creativecommons.org/licenses/by/4.0/
1042768,3825445146,Tabanidae_Rhagio_conspicuus_3324697_3825445146,http://creativecommons.org/licenses/by-nc/4.0/
1042769,3825445146,Tabanidae_Rhagio_conspicuus_3324698_3825445146,http://creativecommons.org/licenses/by-nc/4.0/
1043639,3726046781,Tabanidae_Atylotus_rusticus_1890113_3726046781,http://creativecommons.org/licenses/by-nc/4.0/
1043742,3722124679,Tabanidae_Rhagio_immaculatus_1879886_3722124679,http://creativecommons.org/licenses/by-nc-nd/4.0/
1043976,1973097650,Tabanidae_Haematopota_pluvialis_809429_1973097650,http://creativecommons.org/licenses/by-nc-nd/4.0/
1045327,2611074459,Tabanidae_Heptatoma_pellucens_2946018_2611074459,http://creativecommons.org/licenses/by-nc/4.0/
1046206,3994116486,Tabanidae_Rhagio_tringaria_663626_3994116486,http://creativecommons.org/licenses/by-nc/4.0/
1046466,3873621848,Tabanidae_Philipomyia_aprica_2659278_3873621848,http://creativecommons.org/licenses/by-nc/4.0/
1046655,3873337500,Tabanidae_Chrysops_flavidus_1968667_3873337500,http://creativecommons.org/licenses/by/4.0/
1047994,2823117431,Tabanidae_Silvius_alpinus_2275873_2823117431,http://creativecommons.org/licenses/by-nc/4.0/
1048899,1703153772,Tabanidae_Tabanus_glaucopis_1433809_1703153772,http://creativecommons.org/licenses/by-nc/4.0/
1048900,1703153772,Tabanidae_Tabanus_glaucopis_1433810_1703153772,http://creativecommons.org/licenses/by-nc/4.0/
1050377,3912005357,Tabanidae_Pangonius_funebris_2704068_3912005357,http://creativecommons.org/licenses/by-nc/4.0/
1050378,3912005357,Tabanidae_Pangonius_funebris_2704069_3912005357,http://creativecommons.org/licenses/by-nc/4.0/
1050379,3912005357,Tabanidae_Pangonius_funebris_2704070_3912005357,http://creativecommons.org/licenses/by-nc/4.0/
1050380,3912005357,Tabanidae_Pangonius_funebris_2704071_3912005357,http://creativecommons.org/licenses/by-nc/4.0/
1050381,3912005357,Tabanidae_Pangonius_funebris_2704072_3912005357,http://creativecommons.org/licenses/by-nc/4.0/
1050383,3912005357,Tabanidae_Pangonius_funebris_2704074_3912005357,http://creativecommons.org/licenses/by-nc/4.0/
1050384,3912005357,Tabanidae_Pangonius_funebris_2704075_3912005357,http://creativecommons.org/licenses/by-nc/4.0/
1050385,3912005357,Tabanidae_Pangonius_funebris_2704076_3912005357,http://creativecommons.org/licenses/by-nc/4.0/
1050394,3860367363,Tabanidae_Rhagio_scolopacea_585315_3860367363,http://creativecommons.org/licenses/by-nc/4.0/
1052304,3904231684,Tabanidae_Hybomitra_montana_3374093_3904231684,http://creativecommons.org/licenses/by-nc-nd/4.0/
1052305,3904231684,Tabanidae_Hybomitra_montana_3374094_3904231684,http://creativecommons.org/licenses/by-nc-nd/4.0/
1053272,3721662473,Tabanidae_Haematopota_pluvialis_498293_3721662473,http://creativecommons.org/licenses/by-nc-nd/4.0/
1053493,1966764832,Tabanidae_Hybomitra_lurida_2868400_1966764832,http://creativecommons.org/licenses/by/4.0/
1053495,1966764832,Tabanidae_Hybomitra_lurida_2868402_1966764832,http://creativecommons.org/licenses/by/4.0/
1055190,1966392944,Tabanidae_Haematopota_italica_108889_1966392944,http://creativecommons.org/licenses/by-nc-nd/4.0/
1056993,3716682154,Tabanidae_Hybomitra_bimaculata_478436_3716682154,http://creativecommons.org/licenses/by-nc-nd/4.0/
1058638,3906192544,Tabanidae_Chrysops_viduatus_3385645_3906192544,http://creativecommons.org/licenses/by-nc-nd/4.0/
1059056,3722394560,Tabanidae_Rhagio_tringaria_503447_3722394560,http://creativecommons.org/licenses/by-nc-nd/4.0/
1059916,3904330105,Tabanidae_Heptatoma_pellucens_1994763_3904330105,http://creativecommons.org/licenses/by-nc-nd/4.0/
1060127,1952718306,Tabanidae_Tabanus_autumnalis_2846955_1952718306,http://creativecommons.org/licenses/by-sa/4.0/
1060151,3731727471,Tabanidae_Rhagio_immaculatus_1913121_3731727471,http://creativecommons.org/licenses/by-nc-nd/4.0/
1060170,3721346776,Tabanidae_Haematopota_subcylindrica_495962_3721346776,http://creativecommons.org/licenses/by-nc-nd/4.0/
1060171,3721346776,Tabanidae_Haematopota_subcylindrica_495963_3721346776,http://creativecommons.org/licenses/by-nc-nd/4.0/
1060489,1976623256,Tabanidae_Rhagio_immaculatus_123574_1976623256,http://creativecommons.org/licenses/by-nc-sa/4.0/
1061270,4003093406,Tabanidae_Hybomitra_kaurii_2051445_4003093406,© All rights reserved
1061272,4003093406,Tabanidae_Hybomitra_kaurii_2051447_4003093406,© All rights reserved
1061310,1883084351,Tabanidae_Tabanus_bovinus_1459430_1883084351,© All rights reserved
1061451,2403996545,Tabanidae_Hybomitra_aterrima_152932_2403996545,© All rights reserved
1061452,2403996545,Tabanidae_Hybomitra_aterrima_152933_2403996545,© All rights reserved
1061453,2403996545,Tabanidae_Hybomitra_aterrima_152934_2403996545,© All rights reserved
1061458,3844694416,Tabanidae_Hybomitra_tarandina_1260708_3844694416,© All rights reserved
1061475,2468963907,Tabanidae_Hybomitra_kaurii_165060_2468963907,© All rights reserved
1061970,3866291431,Tabanidae_Hybomitra_auripila_3346321_3866291431,© All rights reserved
1062026,2569442858,Tabanidae_Hybomitra_tropica_2249342_2569442858,© All rights reserved
1062028,2569442858,Tabanidae_Hybomitra_tropica_2249344_2569442858,© All rights reserved
1062319,2404635099,Tabanidae_Tabanus_bovinus_153066_2404635099,© All rights reserved
1062761,2403463076,Tabanidae_Tabanus_bromius_2220734_2403463076,© All rights reserved
1062988,2404219466,Tabanidae_Haematopota_pluvialis_843202_2404219466,© All rights reserved
1063012,3428895519,Tabanidae_Atylotus_fulvus_1714759_3428895519,© All rights reserved
1063013,3428895519,Tabanidae_Atylotus_fulvus_1714760_3428895519,© All rights reserved
1063033,2403516577,Tabanidae_Tabanus_sudeticus_2220748_2403516577,© All rights reserved
1063128,3309904468,Tabanidae_Rhagio_annulatus_2361755_3309904468,© All rights reserved
1063299,2416845714,Tabanidae_Rhagio_annulatus_2222922_2416845714,© All rights reserved
1063457,1824624522,Tabanidae_Hybomitra_borealis_56419_1824624522,© All rights reserved
