id,gbifID,file_name,license
694,2901565464,Tachinidae_Trichopoda_pennipes_250868_2901565464,http://creativecommons.org/licenses/by-nc/4.0/
1050,2898317557,Tachinidae_Graphogaster_vestita_249775_2898317557,http://creativecommons.org/licenses/by-nc/4.0/
1495,4011920352,Tachinidae_Pales_cyanea_3436864_4011920352,http://creativecommons.org/licenses/by-nc/4.0/
2312,2981017870,Tachinidae_Macquartia_grisea_256081_2981017870,http://creativecommons.org/licenses/by/4.0/
2456,3994074745,Tachinidae_Catharosia_albisquama_1351504_3994074745,http://creativecommons.org/licenses/by-nc/4.0/
2457,3994074745,Tachinidae_Catharosia_albisquama_1351505_3994074745,http://creativecommons.org/licenses/by-nc/4.0/
2505,3873733431,Tachinidae_Cylindromyia_auriceps_592264_3873733431,http://creativecommons.org/licenses/by-nc/4.0/
2566,1838393528,Tachinidae_Phasia_aurulans_1451816_1838393528,http://creativecommons.org/licenses/by-nc/4.0/
2675,2851250204,Tachinidae_Cylindromyia_bicolor_930129_2851250204,http://creativecommons.org/licenses/by-nc/4.0/
2805,3859115533,Tachinidae_Trigonospila_transvittata_579606_3859115533,http://creativecommons.org/licenses/by-nc/4.0/
2806,3859115533,Tachinidae_Trigonospila_transvittata_579607_3859115533,http://creativecommons.org/licenses/by-nc/4.0/
2846,4011699620,Tachinidae_Ectophasia_oblonga_678583_4011699620,http://creativecommons.org/licenses/by-nc/4.0/
2900,3923357573,Tachinidae_Sturmia_bella_1334331_3923357573,http://creativecommons.org/licenses/by/4.0/
3461,2850626074,Tachinidae_Winthemia_quadripustulata_236989_2850626074,http://creativecommons.org/licenses/by/4.0/
3751,3039275322,Tachinidae_Trichopoda_pictipennis_1646910_3039275322,http://creativecommons.org/licenses/by-nc/4.0/
3917,3858163665,Tachinidae_Phania_funesta_2642623_3858163665,http://creativecommons.org/licenses/by-nc/4.0/
4696,3760002920,Tachinidae_Estheria_simonyi_546794_3760002920,http://creativecommons.org/licenses/by-nc/4.0/
4840,3113467610,Tachinidae_Phasia_subcoleoptrata_975834_3113467610,http://creativecommons.org/licenses/by/4.0/
4846,3113467610,Tachinidae_Phasia_subcoleoptrata_975840_3113467610,http://creativecommons.org/licenses/by/4.0/
4847,3113467610,Tachinidae_Phasia_subcoleoptrata_975841_3113467610,http://creativecommons.org/licenses/by/4.0/
5162,3314431358,Tachinidae_Cylindromyia_rufipes_3053288_3314431358,http://creativecommons.org/licenses/by/4.0/
5368,3785045378,Tachinidae_Phytomyptera_cingulata_1934181_3785045378,http://creativecommons.org/licenses/by-nc/4.0/
5486,3455575730,Tachinidae_Nemorilla_floralis_1147536_3455575730,http://creativecommons.org/licenses/by-nc/4.0/
5626,3873460911,Tachinidae_Eriothrix_rufomaculata_590896_3873460911,http://creativecommons.org/licenses/by-nc/4.0/
6079,3451513500,Tachinidae_Smidtia_amoena_455176_3451513500,© All rights reserved
6129,3451535374,Tachinidae_Siphona_setosa_2523229_3451535374,© All rights reserved
6130,3451535374,Tachinidae_Siphona_setosa_2523230_3451535374,© All rights reserved
6392,2411538711,Tachinidae_Platymya_fimbriata_154697_2411538711,© All rights reserved
6451,3921341484,Tachinidae_Aplomya_confinis_1333670_3921341484,© All rights reserved
6629,3460137305,Tachinidae_Catharosia_pygmaea_3223853_3460137305,© All rights reserved
7054,3024042428,Tachinidae_Cistogaster_globosa_264550_3024042428,© All rights reserved
7172,3987883393,Tachinidae_Paratryphera_bisetosa_2728855_3987883393,© All rights reserved
7173,3987883393,Tachinidae_Paratryphera_bisetosa_2728856_3987883393,© All rights reserved
7174,3987883393,Tachinidae_Paratryphera_bisetosa_2728857_3987883393,© All rights reserved
7175,3987883393,Tachinidae_Paratryphera_bisetosa_2728858_3987883393,© All rights reserved
7431,2529086909,Tachinidae_Trixa_caerulescens_2233845_2529086909,http://creativecommons.org/licenses/by-sa/4.0/
7594,2850682015,Tachinidae_Eriothrix_rufomaculata_1615883_2850682015,http://creativecommons.org/licenses/by-nc/4.0/
7988,3947238686,Tachinidae_Pales_cyanea_3407644_3947238686,http://creativecommons.org/licenses/by-nc/4.0/
7989,3947238686,Tachinidae_Pales_cyanea_3407645_3947238686,http://creativecommons.org/licenses/by-nc/4.0/
7992,3947238686,Tachinidae_Pales_cyanea_3407648_3947238686,http://creativecommons.org/licenses/by-nc/4.0/
8339,2465301503,Tachinidae_Euthera_fascipennis_2232613_2465301503,http://creativecommons.org/licenses/by-nc/4.0/
8366,2980979439,Tachinidae_Cylindromyia_intermedia_1634248_2980979439,http://creativecommons.org/licenses/by-nc/4.0/
8773,2862499438,Tachinidae_Macquartia_praefica_2312233_2862499438,http://creativecommons.org/licenses/by/4.0/
8774,2862499438,Tachinidae_Macquartia_praefica_2312234_2862499438,http://creativecommons.org/licenses/by/4.0/
8971,3988498916,Tachinidae_Gonia_bimaculata_2039259_3988498916,http://creativecommons.org/licenses/by-nc/4.0/
11289,4022025498,Tachinidae_Platymya_fimbriata_3440373_4022025498,http://creativecommons.org/licenses/by/4.0/
11868,2883159701,Tachinidae_Ectophasia_leucoptera_3007545_2883159701,http://creativecommons.org/licenses/by-nc/4.0/
11869,2883159701,Tachinidae_Ectophasia_leucoptera_3007546_2883159701,http://creativecommons.org/licenses/by-nc/4.0/
12048,2422848654,Tachinidae_Halidaya_aurea_2223772_2422848654,http://creativecommons.org/licenses/by-nc/4.0/
12715,4009737598,Tachinidae_Zeuxia_aberrans_1364365_4009737598,http://creativecommons.org/licenses/by-nc/4.0/
12966,3698244512,Tachinidae_Linnaemya_soror_2541047_3698244512,http://creativecommons.org/licenses/by-nc/4.0/
12967,3698244512,Tachinidae_Linnaemya_soror_2541048_3698244512,http://creativecommons.org/licenses/by-nc/4.0/
13179,3031174254,Tachinidae_Linnaemya_rossica_264605_3031174254,http://creativecommons.org/licenses/by/4.0/
13180,3031174254,Tachinidae_Linnaemya_rossica_264606_3031174254,http://creativecommons.org/licenses/by/4.0/
13191,1988350343,Tachinidae_Plesina_phalerata_2194618_1988350343,http://creativecommons.org/licenses/by/4.0/
13192,1988350343,Tachinidae_Plesina_phalerata_2194619_1988350343,http://creativecommons.org/licenses/by/4.0/
14111,3455473034,Tachinidae_Prosena_siberita_457513_3455473034,http://creativecommons.org/licenses/by-nc/4.0/
14725,1914237389,Tachinidae_Gymnosoma_rotundatum_2842674_1914237389,http://creativecommons.org/licenses/by-nc/4.0/
15543,4006582746,Tachinidae_Tachina_canariensis_2051913_4006582746,http://creativecommons.org/licenses/by-sa/4.0/
16029,2409488771,Tachinidae_Actia_lamia_1533205_2409488771,© All rights reserved
16646,1883970397,Tachinidae_Mintho_rufiventris_772369_1883970397,http://creativecommons.org/licenses/by-nc/4.0/
16652,3772727546,Tachinidae_Subclytia_rotundiventris_3308706_3772727546,http://creativecommons.org/licenses/by-nc/4.0/
16739,1932362154,Tachinidae_Microphthalma_europaea_2153480_1932362154,http://creativecommons.org/licenses/by-nc-nd/4.0/
18180,3903593756,Tachinidae_Elomya_lateralis_3371357_3903593756,http://creativecommons.org/licenses/by-nc/4.0/
18621,2883137692,Tachinidae_Cylindromyia_rufifrons_3007468_2883137692,http://creativecommons.org/licenses/by-nc/4.0/
18622,2883137692,Tachinidae_Cylindromyia_rufifrons_3007469_2883137692,http://creativecommons.org/licenses/by-nc/4.0/
19581,3468755673,Tachinidae_Freraea_gagatea_3226571_3468755673,http://creativecommons.org/licenses/by-nc/4.0/
19582,3468755673,Tachinidae_Freraea_gagatea_3226572_3468755673,http://creativecommons.org/licenses/by-nc/4.0/
19583,3468755673,Tachinidae_Freraea_gagatea_3226573_3468755673,http://creativecommons.org/licenses/by-nc/4.0/
20952,3079918144,Tachinidae_Graphogaster_vestita_3036758_3079918144,http://creativecommons.org/licenses/by-nc/4.0/
21677,2823259610,Tachinidae_Eliozeta_pellucens_2966951_2823259610,http://creativecommons.org/licenses/by/4.0/
21829,3966580685,Tachinidae_Microphthalma_europaea_1346025_3966580685,http://creativecommons.org/licenses/by-nc/4.0/
21916,3327948392,Tachinidae_Masicera_silvatica_1678811_3327948392,http://creativecommons.org/licenses/by-nc/4.0/
23188,2445024818,Tachinidae_Microsoma_exiguum_162351_2445024818,http://creativecommons.org/licenses/by/4.0/
24050,2850533295,Tachinidae_Phasia_barbifrons_1614794_2850533295,http://creativecommons.org/licenses/by/4.0/
24120,3994249176,Tachinidae_Tachina_grossa_2731764_3994249176,http://creativecommons.org/licenses/by-nc/4.0/
25265,2822982364,Tachinidae_Medina_collaris_1587027_2822982364,© All rights reserved
25292,2991767381,Tachinidae_Oswaldia_muscaria_948289_2991767381,© All rights reserved
25293,2991767381,Tachinidae_Oswaldia_muscaria_948290_2991767381,© All rights reserved
25406,3303134961,Tachinidae_Macquartia_nudigena_981283_3303134961,© All rights reserved
25407,3303134961,Tachinidae_Macquartia_nudigena_981284_3303134961,© All rights reserved
25408,3303134961,Tachinidae_Macquartia_nudigena_981285_3303134961,© All rights reserved
25409,3303134961,Tachinidae_Macquartia_nudigena_981286_3303134961,© All rights reserved
27127,2873859792,Tachinidae_Nemoraea_pellucida_3006039_2873859792,http://creativecommons.org/licenses/by/4.0/
27130,2873859792,Tachinidae_Nemoraea_pellucida_3006042_2873859792,http://creativecommons.org/licenses/by/4.0/
28253,2826211889,Tachinidae_Catharosia_pygmaea_209484_2826211889,http://creativecommons.org/licenses/by/4.0/
28572,2898394694,Tachinidae_Rhamphina_rectirostris_1628249_2898394694,http://creativecommons.org/licenses/by-nc/4.0/
29004,2988467294,Tachinidae_Eliozeta_helluo_1635957_2988467294,http://creativecommons.org/licenses/by-nc/4.0/
29985,3785057419,Tachinidae_Vibrissina_debilitata_1245105_3785057419,http://creativecommons.org/licenses/by-nc/4.0/
29986,3785057419,Tachinidae_Vibrissina_debilitata_1245106_3785057419,http://creativecommons.org/licenses/by-nc/4.0/
29987,3785057419,Tachinidae_Vibrissina_debilitata_1245107_3785057419,http://creativecommons.org/licenses/by-nc/4.0/
29988,3785057419,Tachinidae_Vibrissina_debilitata_1245108_3785057419,http://creativecommons.org/licenses/by-nc/4.0/
30583,3859951688,Tachinidae_Weberia_digramma_3341961_3859951688,http://creativecommons.org/licenses/by-nc/4.0/
30654,4022267951,Tachinidae_Cistogaster_globosa_1371973_4022267951,http://creativecommons.org/licenses/by-nc/4.0/
30897,3784797624,Tachinidae_Gonia_atra_1933654_3784797624,http://creativecommons.org/licenses/by-nc/4.0/
30992,2826464160,Tachinidae_Phasia_obesa_1589839_2826464160,http://creativecommons.org/licenses/by/4.0/
31736,3058911292,Tachinidae_Panzeria_puparum_961748_3058911292,http://creativecommons.org/licenses/by/4.0/
31779,1414939439,Tachinidae_Trafoia_monticola_1413269_1414939439,http://creativecommons.org/licenses/by-nc/4.0/
31781,2251538617,Tachinidae_Phryxe_erythrostoma_833226_2251538617,http://creativecommons.org/licenses/by-nc/4.0/
31782,2251538599,Tachinidae_Aphantorhaphopsis_verralli_142721_2251538599,http://creativecommons.org/licenses/by-nc/4.0/
31784,2251538633,Tachinidae_Hebia_flavipes_2901134_2251538633,http://creativecommons.org/licenses/by-nc/4.0/
31786,2251538668,Tachinidae_Phryxe_heraclei_1521562_2251538668,http://creativecommons.org/licenses/by-nc/4.0/
31799,2251538539,Tachinidae_Winthemia_speciosa_2901115_2251538539,http://creativecommons.org/licenses/by-nc/4.0/
31853,2853212443,Tachinidae_Cylindromyia_interrupta_2308449_2853212443,© all rights reserved
32148,3013272499,Tachinidae_Staurochaeta_albocingulata_261753_3013272499,© all rights reserved
32645,2848052610,Tachinidae_Germaria_ruficeps_2303815_2848052610,© all rights reserved
33273,3822504327,Tachinidae_Gastrolepta_anthracina_1248134_3822504327,http://creativecommons.org/licenses/by-nc-nd/4.0/
33395,3906690289,Tachinidae_Linnaemya_comta_2698258_3906690289,http://creativecommons.org/licenses/by/4.0/
33440,3904168727,Tachinidae_Zophomyia_temula_1304374_3904168727,http://creativecommons.org/licenses/by-nc-nd/4.0/
34060,3825110323,Tachinidae_Phryxe_nemea_565310_3825110323,http://creativecommons.org/licenses/by-nc-nd/4.0/
36402,3824925013,Tachinidae_Lydella_grisescens_3323575_3824925013,http://creativecommons.org/licenses/by-nc-nd/4.0/
36513,3726285567,Tachinidae_Brullaea_ocypteroidea_3270977_3726285567,http://creativecommons.org/licenses/by-nc/4.0/
37397,1132465303,Tachinidae_Mintho_rufiventris_698305_1132465303,© all rights reserved
37739,932353402,Tachinidae_Phania_thoracica_2067725_932353402,© all rights reserved
37833,2006236723,Tachinidae_Linnaemya_vulpina_2201254_2006236723,© All rights reserved
38028,4008026327,Tachinidae_Periscepsia_latifrons_3433072_4008026327,© All rights reserved
38029,4008026327,Tachinidae_Periscepsia_latifrons_3433073_4008026327,© All rights reserved
38030,4008026327,Tachinidae_Periscepsia_latifrons_3433074_4008026327,© All rights reserved
38031,4008026327,Tachinidae_Periscepsia_latifrons_3433075_4008026327,© All rights reserved
38081,1949302854,Tachinidae_Campylocheta_inepta_2845035_1949302854,© All rights reserved
38135,3962723336,Tachinidae_Campylocheta_inepta_654913_3962723336,© All rights reserved
38138,3962723336,Tachinidae_Campylocheta_inepta_654916_3962723336,© All rights reserved
39189,3314240462,Tachinidae_Microsoma_exiguum_2362573_3314240462,http://creativecommons.org/licenses/by/4.0/
39665,3802426352,Tachinidae_Smidtia_amoena_2624533_3802426352,http://creativecommons.org/licenses/by-nc/4.0/
40918,3985732902,Tachinidae_Trichopoda_pennipes_2726848_3985732902,http://creativecommons.org/licenses/by-nc/4.0/
41267,3858747384,Tachinidae_Dinera_grisescens_3336535_3858747384,http://creativecommons.org/licenses/by-nc/4.0/
41689,3963247553,Tachinidae_Nowickia_ferox_2722914_3963247553,http://creativecommons.org/licenses/by-nc/4.0/
42672,3090838991,Tachinidae_Peleteria_ruficornis_1658113_3090838991,http://creativecommons.org/licenses/by-nc/4.0/
43766,4018136504,Tachinidae_Gonia_umbripennis_680925_4018136504,http://creativecommons.org/licenses/by-nc/4.0/
43767,4018136504,Tachinidae_Gonia_umbripennis_680926_4018136504,http://creativecommons.org/licenses/by-nc/4.0/
44478,2609154509,Tachinidae_Phryno_vetula_2254697_2609154509,http://creativecommons.org/licenses/by/4.0/
44489,2609154509,Tachinidae_Phryno_vetula_2254708_2609154509,http://creativecommons.org/licenses/by/4.0/
44751,3335130352,Tachinidae_Prosena_siberita_3065090_3335130352,http://creativecommons.org/licenses/by-nc/4.0/
44862,2802759523,Tachinidae_Gymnosoma_nudifrons_1580437_2802759523,http://creativecommons.org/licenses/by-nc/4.0/
45073,2826357319,Tachinidae_Elomya_lateralis_2968681_2826357319,http://creativecommons.org/licenses/by/4.0/
45425,2005271578,Tachinidae_Thelaira_nigripes_2891201_2005271578,http://creativecommons.org/licenses/by/4.0/
45468,2898307604,Tachinidae_Leucostoma_anthracina_1627982_2898307604,http://creativecommons.org/licenses/by-nc/4.0/
45698,3455379236,Tachinidae_Chaetostigmoptera_montivaga_3215350_3455379236,http://creativecommons.org/licenses/by-nc/4.0/
45825,2859911202,Tachinidae_Phania_funesta_1620250_2859911202,http://creativecommons.org/licenses/by/4.0/
46110,2850982289,Tachinidae_Phasia_barbifrons_2306781_2850982289,http://creativecommons.org/licenses/by/4.0/
48042,3881634372,Tachinidae_Stomina_tachinoides_1976020_3881634372,http://creativecommons.org/licenses/by-nc/4.0/
48221,3784717391,Tachinidae_Phryxe_erythrostoma_555200_3784717391,http://creativecommons.org/licenses/by-nc/4.0/
48222,3784717391,Tachinidae_Phryxe_erythrostoma_555201_3784717391,http://creativecommons.org/licenses/by-nc/4.0/
48223,3784717391,Tachinidae_Phryxe_erythrostoma_555202_3784717391,http://creativecommons.org/licenses/by-nc/4.0/
48224,3784717391,Tachinidae_Phryxe_erythrostoma_555203_3784717391,http://creativecommons.org/licenses/by-nc/4.0/
48225,3784717391,Tachinidae_Phryxe_erythrostoma_555204_3784717391,http://creativecommons.org/licenses/by-nc/4.0/
48702,3947476621,Tachinidae_Pseudogonia_fasciata_3408705_3947476621,http://creativecommons.org/licenses/by-nc/4.0/
48717,2850963566,Tachinidae_Ectophasia_leucoptera_238365_2850963566,http://creativecommons.org/licenses/by-nc/4.0/
49243,2641340098,Tachinidae_Admontia_maculisquama_199041_2641340098,http://creativecommons.org/licenses/by-nc/4.0/
49244,2641340098,Tachinidae_Admontia_maculisquama_199042_2641340098,http://creativecommons.org/licenses/by-nc/4.0/
49245,2641340098,Tachinidae_Admontia_maculisquama_199043_2641340098,http://creativecommons.org/licenses/by-nc/4.0/
50582,3067621235,Tachinidae_Spallanzania_rectistylum_1651807_3067621235,http://creativecommons.org/licenses/by-nc/4.0/
50739,4011713191,Tachinidae_Gonia_bimaculata_678702_4011713191,http://creativecommons.org/licenses/by-nc/4.0/
51164,2423206058,Tachinidae_Cylindromyia_rufipes_1536084_2423206058,http://creativecommons.org/licenses/by/4.0/
51284,4022178572,Tachinidae_Nemoraea_pellucida_1371583_4022178572,http://creativecommons.org/licenses/by-nc/4.0/
51692,3117858481,Tachinidae_Panzeria_puparum_3045284_3117858481,http://creativecommons.org/licenses/by/4.0/
53849,3859303540,Tachinidae_Clairvillia_biguttata_1958705_3859303540,http://creativecommons.org/licenses/by-nc/4.0/
54869,3994074114,Tachinidae_Pseudogonia_fasciata_1351497_3994074114,http://creativecommons.org/licenses/by-nc/4.0/
55406,3903371161,Tachinidae_Tachina_canariensis_2679842_3903371161,http://creativecommons.org/licenses/by-nc/4.0/
55774,3384463783,Tachinidae_Freraea_gagatea_2389805_3384463783,http://creativecommons.org/licenses/by-nc/4.0/
55949,3302467305,Tachinidae_Mintho_rufiventris_3049682_3302467305,http://creativecommons.org/licenses/by-nc/4.0/
55997,3873399354,Tachinidae_Demoticus_plebejus_1968949_3873399354,http://creativecommons.org/licenses/by-nc/4.0/
56078,2874026582,Tachinidae_Chrysomopsis_aurata_248137_2874026582,http://creativecommons.org/licenses/by-nc/4.0/
56079,2874026582,Tachinidae_Chrysomopsis_aurata_248138_2874026582,http://creativecommons.org/licenses/by-nc/4.0/
56287,4022278731,Tachinidae_Estheria_simonyi_3441334_4022278731,http://creativecommons.org/licenses/by-nc/4.0/
56706,2626608307,Tachinidae_Voria_ruralis_190985_2626608307,http://creativecommons.org/licenses/by/4.0/
56835,2864786270,Tachinidae_Eriothrix_rufomaculata_245129_2864786270,http://creativecommons.org/licenses/by/4.0/
57186,3330737442,Tachinidae_Graphogaster_vestita_2371372_3330737442,http://creativecommons.org/licenses/by-nc/4.0/
57596,2423149258,Tachinidae_Linnaemya_picta_2224844_2423149258,http://creativecommons.org/licenses/by-nc/4.0/
57818,3986318133,Tachinidae_Germaria_ruficeps_661463_3986318133,http://creativecommons.org/licenses/by-nc/4.0/
58147,3966385822,Tachinidae_Pexopsis_aprica_2034705_3966385822,http://creativecommons.org/licenses/by-nc/4.0/
58149,3966385822,Tachinidae_Pexopsis_aprica_2034707_3966385822,http://creativecommons.org/licenses/by-nc/4.0/
58530,2626106236,Tachinidae_Phania_funesta_2947830_2626106236,http://creativecommons.org/licenses/by/4.0/
58922,3430878308,Tachinidae_Dexiosoma_caninum_336790_3430878308,© all rights reserved
58954,2246021082,Tachinidae_Gymnosoma_nudifrons_827788_2246021082,© all rights reserved
59329,2802993715,Tachinidae_Cylindromyia_intermedia_202011_2802993715,http://creativecommons.org/licenses/by-nc/4.0/
60098,2397605834,Tachinidae_Eurithia_anthophila_151218_2397605834,http://creativecommons.org/licenses/by/4.0/
60497,3947501610,Tachinidae_Gymnocheta_viridis_1339605_3947501610,http://creativecommons.org/licenses/by-nc/4.0/
60655,2898521582,Tachinidae_Graphogaster_vestita_250397_2898521582,http://creativecommons.org/licenses/by-nc/4.0/
63609,3456823053,Tachinidae_Besseria_anthophila_1153278_3456823053,http://creativecommons.org/licenses/by-nc-nd/4.0/
64836,3408239197,Tachinidae_Euthera_fascipennis_1710729_3408239197,http://creativecommons.org/licenses/by-nc/4.0/
64837,3408239197,Tachinidae_Euthera_fascipennis_1710730_3408239197,http://creativecommons.org/licenses/by-nc/4.0/
65784,3858184407,Tachinidae_Trigonospila_transvittata_575092_3858184407,http://creativecommons.org/licenses/by-sa/4.0/
66419,2883058750,Tachinidae_Ectophasia_oblonga_938884_2883058750,http://creativecommons.org/licenses/by-nc/4.0/
66653,3966707433,Tachinidae_Bothria_frontosa_2725582_3966707433,http://creativecommons.org/licenses/by-nc/4.0/
66822,3712703212,Tachinidae_Peleteria_meridionalis_2543650_3712703212,http://creativecommons.org/licenses/by-nc/4.0/
66823,3712703212,Tachinidae_Peleteria_meridionalis_2543651_3712703212,http://creativecommons.org/licenses/by-nc/4.0/
67604,1459686816,Tachinidae_Chrysomopsis_aurata_1427372_1459686816,© all rights reserved
67673,2271655155,Tachinidae_Gonia_ornata_144741_2271655155,© all rights reserved
67688,1670154248,Tachinidae_Dinera_ferina_2122016_1670154248,© all rights reserved
68231,1669886034,Tachinidae_Zophomyia_temula_2121832_1669886034,© all rights reserved
68314,1459523312,Tachinidae_Macquartia_nudigena_2116516_1459523312,© all rights reserved
68516,4014143503,Tachinidae_Cylindromyia_auriceps_3437048_4014143503,© all rights reserved
68518,4014143503,Tachinidae_Cylindromyia_auriceps_3437050_4014143503,© all rights reserved
70530,2596081205,Tachinidae_Campylocheta_praecox_2942686_2596081205,http://creativecommons.org/licenses/by/4.0/
71087,2641483713,Tachinidae_Estheria_cristata_1578866_2641483713,http://creativecommons.org/licenses/by-nc/4.0/
71630,2445083938,Tachinidae_Nemoraea_pellucida_2230359_2445083938,http://creativecommons.org/licenses/by/4.0/
71713,3860463229,Tachinidae_Estheria_simonyi_2653269_3860463229,http://creativecommons.org/licenses/by-nc/4.0/
71756,3784740389,Tachinidae_Linnaemya_rossica_2622945_3784740389,http://creativecommons.org/licenses/by-nc/4.0/
71757,3784740389,Tachinidae_Linnaemya_rossica_2622946_3784740389,http://creativecommons.org/licenses/by-nc/4.0/
71822,2634222006,Tachinidae_Ectophasia_oblonga_887581_2634222006,http://creativecommons.org/licenses/by-nc/4.0/
72572,3031633619,Tachinidae_Phasia_hemiptera_265333_3031633619,http://creativecommons.org/licenses/by-sa/4.0/
73882,3338042185,Tachinidae_Cylindromyia_rufifrons_311456_3338042185,http://creativecommons.org/licenses/by-nc/4.0/
74107,2619870826,Tachinidae_Phytomyptera_cingulata_1567649_2619870826,http://creativecommons.org/licenses/by-nc/4.0/
74108,2619870826,Tachinidae_Phytomyptera_cingulata_1567650_2619870826,http://creativecommons.org/licenses/by-nc/4.0/
74166,3889221438,Tachinidae_Lophosia_fasciata_1290456_3889221438,http://creativecommons.org/licenses/by-nc/4.0/
74817,2898385711,Tachinidae_Rhamphina_rectirostris_1628234_2898385711,http://creativecommons.org/licenses/by-nc/4.0/
74818,2898385711,Tachinidae_Rhamphina_rectirostris_1628235_2898385711,http://creativecommons.org/licenses/by-nc/4.0/
74819,2898385711,Tachinidae_Rhamphina_rectirostris_1628236_2898385711,http://creativecommons.org/licenses/by-nc/4.0/
75036,3986127949,Tachinidae_Trichopoda_pennipes_2728224_3986127949,http://creativecommons.org/licenses/by-nc/4.0/
75388,2873891851,Tachinidae_Linnaemya_vulpina_937861_2873891851,http://creativecommons.org/licenses/by/4.0/
75750,3333178392,Tachinidae_Clytiomya_continua_994454_3333178392,http://creativecommons.org/licenses/by-nc/4.0/
77206,3921315557,Tachinidae_Wagneria_costata_2712886_3921315557,© All rights reserved
77207,3921315557,Tachinidae_Wagneria_costata_2712887_3921315557,© All rights reserved
77208,3921315557,Tachinidae_Wagneria_costata_2712888_3921315557,© All rights reserved
77323,1933217570,Tachinidae_Periscepsia_spathulata_85262_1933217570,© All rights reserved
77343,3966051520,Tachinidae_Medina_collaris_2034524_3966051520,© All rights reserved
77424,3303307747,Tachinidae_Blepharomyia_angustifrons_291562_3303307747,© All rights reserved
77425,3303307747,Tachinidae_Blepharomyia_angustifrons_291563_3303307747,© All rights reserved
77426,3303307747,Tachinidae_Blepharomyia_angustifrons_291564_3303307747,© All rights reserved
77427,3303307747,Tachinidae_Blepharomyia_angustifrons_291565_3303307747,© All rights reserved
79986,3825417128,Tachinidae_Linnaemya_vulpina_2633836_3825417128,http://creativecommons.org/licenses/by-nc-nd/4.0/
80173,2842315383,Tachinidae_Peleteria_varia_228048_2842315383,http://creativecommons.org/licenses/by-nc-nd/4.0/
80250,1961209990,Tachinidae_Phasia_hemiptera_2859983_1961209990,http://creativecommons.org/publicdomain/zero/1.0/
80446,2836577213,Tachinidae_Gymnocheta_viridis_2285839_2836577213,http://creativecommons.org/licenses/by-nc/4.0/
82382,3059076016,Tachinidae_Kirbya_moerens_272020_3059076016,http://creativecommons.org/licenses/by-nc/4.0/
82383,3059076016,Tachinidae_Kirbya_moerens_272021_3059076016,http://creativecommons.org/licenses/by-nc/4.0/
82840,3124734555,Tachinidae_Ectophasia_leucoptera_3046778_3124734555,http://creativecommons.org/licenses/by-nc/4.0/
84604,1677298305,Tachinidae_Trichopoda_pennipes_2812266_1677298305,http://creativecommons.org/licenses/by-nc/4.0/
85859,3090782195,Tachinidae_Panzeria_puparum_969304_3090782195,http://creativecommons.org/licenses/by/4.0/
87289,2868371832,Tachinidae_Gymnosoma_rotundatum_246655_2868371832,http://creativecommons.org/licenses/by-nc/4.0/
87356,3947309415,Tachinidae_Gymnocheta_viridis_2718098_3947309415,http://creativecommons.org/licenses/by-nc/4.0/
87454,2611009622,Tachinidae_Redtenbacheria_insignis_2945844_2611009622,http://creativecommons.org/licenses/by-nc/4.0/
87524,2883057794,Tachinidae_Voria_ruralis_2317110_2883057794,http://creativecommons.org/licenses/by/4.0/
87767,2868113208,Tachinidae_Nowickia_ferox_936038_2868113208,http://creativecommons.org/licenses/by/4.0/
89203,3760300240,Tachinidae_Trichopoda_pictipennis_1236454_3760300240,http://creativecommons.org/licenses/by-nc/4.0/
89551,1932302455,Tachinidae_Nemoraea_pellucida_775582_1932302455,http://creativecommons.org/licenses/by-nc/4.0/
89634,3330631154,Tachinidae_Peribaea_tibialis_992452_3330631154,http://creativecommons.org/licenses/by-nc/4.0/
89636,3330631154,Tachinidae_Peribaea_tibialis_992454_3330631154,http://creativecommons.org/licenses/by-nc/4.0/
89717,2980989841,Tachinidae_Hyperaea_femoralis_255985_2980989841,http://creativecommons.org/licenses/by-nc/4.0/
89883,3383878281,Tachinidae_Lecanipa_bicincta_2386841_3383878281,http://creativecommons.org/licenses/by-nc/4.0/
89884,3383878281,Tachinidae_Lecanipa_bicincta_2386842_3383878281,http://creativecommons.org/licenses/by-nc/4.0/
89885,3383878281,Tachinidae_Lecanipa_bicincta_2386843_3383878281,http://creativecommons.org/licenses/by-nc/4.0/
89886,3383878281,Tachinidae_Lecanipa_bicincta_2386844_3383878281,http://creativecommons.org/licenses/by-nc/4.0/
89887,3383878281,Tachinidae_Lecanipa_bicincta_2386845_3383878281,http://creativecommons.org/licenses/by-nc/4.0/
90373,2626276479,Tachinidae_Phryxe_heraclei_880273_2626276479,http://creativecommons.org/licenses/by-nc/4.0/
90374,2626276479,Tachinidae_Phryxe_heraclei_880274_2626276479,http://creativecommons.org/licenses/by-nc/4.0/
90375,2626276479,Tachinidae_Phryxe_heraclei_880275_2626276479,http://creativecommons.org/licenses/by-nc/4.0/
90595,2850729303,Tachinidae_Phasia_barbifrons_2996014_2850729303,http://creativecommons.org/licenses/by/4.0/
90644,2981000005,Tachinidae_Nemoraea_pellucida_1634342_2981000005,http://creativecommons.org/licenses/by/4.0/
90833,2883013911,Tachinidae_Gonia_atra_938723_2883013911,http://creativecommons.org/licenses/by-nc/4.0/
91650,3966686626,Tachinidae_Eriothrix_prolixa_2725555_3966686626,http://creativecommons.org/licenses/by-nc/4.0/
91651,3966686626,Tachinidae_Eriothrix_prolixa_2725556_3966686626,http://creativecommons.org/licenses/by-nc/4.0/
92039,2397498317,Tachinidae_Pales_pavida_841082_2397498317,http://creativecommons.org/publicdomain/zero/1.0/
92144,3456378485,Tachinidae_Redtenbacheria_insignis_461545_3456378485,http://creativecommons.org/licenses/by-nc/4.0/
92147,3456378485,Tachinidae_Redtenbacheria_insignis_461548_3456378485,http://creativecommons.org/licenses/by-nc/4.0/
92986,2823089614,Tachinidae_Epicampocera_succincta_2966291_2823089614,http://creativecommons.org/licenses/by-nc/4.0/
93462,2423121449,Tachinidae_Gymnosoma_rotundatum_156844_2423121449,http://creativecommons.org/licenses/by-nc/4.0/
93815,3963254649,Tachinidae_Besseria_anthophila_2032973_3963254649,http://creativecommons.org/licenses/by-nc/4.0/
93816,3963254649,Tachinidae_Besseria_anthophila_2032974_3963254649,http://creativecommons.org/licenses/by-nc/4.0/
94206,2609231947,Tachinidae_Ceromya_bicolor_187140_2609231947,http://creativecommons.org/licenses/by-nc/4.0/
94207,2609231947,Tachinidae_Ceromya_bicolor_187141_2609231947,http://creativecommons.org/licenses/by-nc/4.0/
95379,2397606362,Tachinidae_Eurithia_anthophila_1530090_2397606362,http://creativecommons.org/licenses/by/4.0/
95668,2609190904,Tachinidae_Exorista_larvarum_1566115_2609190904,http://creativecommons.org/licenses/by-nc/4.0/
95829,3712719587,Tachinidae_Tachina_grossa_475141_3712719587,http://creativecommons.org/licenses/by-nc/4.0/
95836,2609283518,Tachinidae_Dufouria_chalybeata_877352_2609283518,http://creativecommons.org/licenses/by-nc/4.0/
96103,2028515827,Tachinidae_Kirbya_moerens_824696_2028515827,http://creativecommons.org/licenses/by/4.0/
96251,3784808060,Tachinidae_Rondania_insularis_3313499_3784808060,http://creativecommons.org/licenses/by-nc/4.0/
96602,3859891731,Tachinidae_Bactromyia_aurulenta_1272312_3859891731,http://creativecommons.org/licenses/by-nc/4.0/
96720,3337741935,Tachinidae_Ectophasia_crassipennis_2378492_3337741935,http://creativecommons.org/licenses/by-nc/4.0/
97091,3343709404,Tachinidae_Linnaemya_impudica_1690815_3343709404,http://creativecommons.org/licenses/by-nc/4.0/
97092,3343709404,Tachinidae_Linnaemya_impudica_1690816_3343709404,http://creativecommons.org/licenses/by-nc/4.0/
97517,3068030327,Tachinidae_Spallanzania_rectistylum_3032908_3068030327,http://creativecommons.org/licenses/by-nc/4.0/
97597,3873867405,Tachinidae_Phasia_hemiptera_3351462_3873867405,http://creativecommons.org/licenses/by-nc-nd/4.0/
97808,3772564398,Tachinidae_Zeuxia_aberrans_2617657_3772564398,http://creativecommons.org/licenses/by-nc/4.0/
97809,3772564398,Tachinidae_Zeuxia_aberrans_2617658_3772564398,http://creativecommons.org/licenses/by-nc/4.0/
98225,3320857106,Tachinidae_Cylindromyia_intermedia_985443_3320857106,http://creativecommons.org/licenses/by-nc/4.0/
98760,4015279718,Tachinidae_Drino_atropivora_680641_4015279718,http://creativecommons.org/licenses/by-nc/4.0/
99574,3415412750,Tachinidae_Chetogena_acuminata_332624_3415412750,http://creativecommons.org/licenses/by-nc/4.0/
99794,3902294247,Tachinidae_Chrysomopsis_aurata_3364951_3902294247,http://creativecommons.org/licenses/by-nc/4.0/
100869,4009932804,Tachinidae_Macquartia_tessellum_2744454_4009932804,http://creativecommons.org/licenses/by-nc/4.0/
101219,3338077551,Tachinidae_Eriothrix_rufomaculata_311591_3338077551,http://creativecommons.org/licenses/by-nc/4.0/
102103,2331835634,Tachinidae_Strongygaster_globula_838950_2331835634,http://creativecommons.org/licenses/by-nc/4.0/
102184,3888870996,Tachinidae_Phasia_aurulans_3358685_3888870996,http://creativecommons.org/licenses/by-nc/4.0/
103143,3915400818,Tachinidae_Chetogena_acuminata_3397153_3915400818,http://creativecommons.org/licenses/by-nc/4.0/
104275,3784759379,Tachinidae_Linnaemya_rossica_1933554_3784759379,http://creativecommons.org/licenses/by-nc/4.0/
104276,3784759379,Tachinidae_Linnaemya_rossica_1933555_3784759379,http://creativecommons.org/licenses/by-nc/4.0/
104351,3743357332,Tachinidae_Mintho_rufiventris_2609676_3743357332,http://creativecommons.org/licenses/by-nc/4.0/
104559,3456276950,Tachinidae_Gonia_picea_3219632_3456276950,http://creativecommons.org/licenses/by-nc/4.0/
105236,3070442779,Tachinidae_Gymnocheta_viridis_275470_3070442779,http://creativecommons.org/licenses/by/4.0/
105989,4009853143,Tachinidae_Pales_cyanea_1365056_4009853143,http://creativecommons.org/licenses/by-nc/4.0/
107372,2859932595,Tachinidae_Epicampocera_succincta_241961_2859932595,http://creativecommons.org/licenses/by/4.0/
107644,3090867165,Tachinidae_Tachina_ursina_1658255_3090867165,http://creativecommons.org/licenses/by-nc/4.0/
107811,2826323153,Tachinidae_Phasia_pusilla_2277978_2826323153,http://creativecommons.org/licenses/by/4.0/
107987,3746978827,Tachinidae_Siphona_seyrigi_1231296_3746978827,http://creativecommons.org/licenses/by-nc/4.0/
108570,1990559836,Tachinidae_Peleteria_iavana_2890562_1990559836,http://creativecommons.org/licenses/by-nc/4.0/
108672,2898335709,Tachinidae_Peleteria_meridionalis_3008246_2898335709,http://creativecommons.org/licenses/by-nc/4.0/
108944,2579226255,Tachinidae_Tachina_ursina_873641_2579226255,http://creativecommons.org/licenses/by-nc/4.0/
109005,3961303607,Tachinidae_Macquartia_tenebricosa_3411857_3961303607,http://creativecommons.org/licenses/by-nc/4.0/
109041,2609295024,Tachinidae_Bessa_parallela_877361_2609295024,http://creativecommons.org/licenses/by-nc/4.0/
109042,2609295024,Tachinidae_Bessa_parallela_877362_2609295024,http://creativecommons.org/licenses/by-nc/4.0/
109043,2609295024,Tachinidae_Bessa_parallela_877363_2609295024,http://creativecommons.org/licenses/by-nc/4.0/
109156,3966371216,Tachinidae_Pales_cyanea_3414791_3966371216,http://creativecommons.org/licenses/by-nc/4.0/
109157,3966371216,Tachinidae_Pales_cyanea_3414792_3966371216,http://creativecommons.org/licenses/by-nc/4.0/
109495,3902575457,Tachinidae_Clairvillia_biguttata_3366303_3902575457,http://creativecommons.org/licenses/by-nc/4.0/
110264,3344028143,Tachinidae_Trichopoda_pictipennis_1692248_3344028143,http://creativecommons.org/licenses/by-nc/4.0/
110539,2963796508,Tachinidae_Macquartia_tenebricosa_3010524_2963796508,http://creativecommons.org/licenses/by/4.0/
110542,2963796508,Tachinidae_Macquartia_tenebricosa_3010527_2963796508,http://creativecommons.org/licenses/by/4.0/
110543,2963796508,Tachinidae_Macquartia_tenebricosa_3010528_2963796508,http://creativecommons.org/licenses/by/4.0/
110699,3712453780,Tachinidae_Rondania_insularis_474385_3712453780,http://creativecommons.org/licenses/by-nc/4.0/
110700,3712453780,Tachinidae_Rondania_insularis_474386_3712453780,http://creativecommons.org/licenses/by-nc/4.0/
110701,3712453780,Tachinidae_Rondania_insularis_474387_3712453780,http://creativecommons.org/licenses/by-nc/4.0/
111213,2850629827,Tachinidae_Tachina_fera_2995588_2850629827,http://creativecommons.org/licenses/by-nc/4.0/
111906,2818524498,Tachinidae_Cylindromyia_interrupta_206489_2818524498,http://creativecommons.org/licenses/by-nc/4.0/
112594,3090606634,Tachinidae_Graphogaster_vestita_3037245_3090606634,http://creativecommons.org/licenses/by-nc/4.0/
112595,3090606634,Tachinidae_Graphogaster_vestita_3037246_3090606634,http://creativecommons.org/licenses/by-nc/4.0/
112919,2898274208,Tachinidae_Trixa_conspersa_249557_2898274208,http://creativecommons.org/licenses/by/4.0/
112940,3456765435,Tachinidae_Eriothrix_rufomaculata_463114_3456765435,http://creativecommons.org/licenses/by-nc/4.0/
113152,2851034823,Tachinidae_Cylindromyia_rubida_2307317_2851034823,http://creativecommons.org/licenses/by-nc/4.0/
114576,2626249709,Tachinidae_Drino_lota_1569340_2626249709,http://creativecommons.org/licenses/by-nc/4.0/
114662,3966617332,Tachinidae_Chaetoria_stylata_1346167_3966617332,http://creativecommons.org/licenses/by-nc/4.0/
116116,3061718667,Tachinidae_Tachina_magna_963035_3061718667,http://creativecommons.org/licenses/by/4.0/
116117,3061718667,Tachinidae_Tachina_magna_963036_3061718667,http://creativecommons.org/licenses/by/4.0/
116118,3061718667,Tachinidae_Tachina_magna_963037_3061718667,http://creativecommons.org/licenses/by/4.0/
116119,3061718667,Tachinidae_Tachina_magna_963038_3061718667,http://creativecommons.org/licenses/by/4.0/
116120,3061718667,Tachinidae_Tachina_magna_963039_3061718667,http://creativecommons.org/licenses/by/4.0/
116121,3061718667,Tachinidae_Tachina_magna_963040_3061718667,http://creativecommons.org/licenses/by/4.0/
116173,3455731533,Tachinidae_Mintho_rufiventris_1148235_3455731533,http://creativecommons.org/licenses/by-nc/4.0/
116568,2862287150,Tachinidae_Peleteria_iavana_3001673_2862287150,http://creativecommons.org/licenses/by-nc/4.0/
117428,3902909177,Tachinidae_Cyrtophleba_ruricola_3368032_3902909177,http://creativecommons.org/licenses/by-nc/4.0/
118021,3858691539,Tachinidae_Chrysomopsis_aurata_3336222_3858691539,http://creativecommons.org/licenses/by-nc/4.0/
118654,3097275758,Tachinidae_Ectophasia_oblonga_972420_3097275758,http://creativecommons.org/licenses/by-nc/4.0/
118877,3994102755,Tachinidae_Exorista_sorbillans_3421030_3994102755,http://creativecommons.org/licenses/by-nc/4.0/
119329,2826488949,Tachinidae_Litophasia_hyalipennis_2278612_2826488949,http://creativecommons.org/licenses/by/4.0/
120893,4009692589,Tachinidae_Rondania_insularis_1364118_4009692589,http://creativecommons.org/licenses/by-nc/4.0/
120894,4009692589,Tachinidae_Rondania_insularis_1364119_4009692589,http://creativecommons.org/licenses/by-nc/4.0/
124314,3960510918,Tachinidae_Trixa_caerulescens_1341020_3960510918,© All rights reserved
124407,3886474343,Tachinidae_Lophosia_fasciata_1288040_3886474343,© All rights reserved
124417,2815318356,Tachinidae_Cylindromyia_brassicaria_2964401_2815318356,© All rights reserved
125003,3859436565,Tachinidae_Tachina_fera_1270143_3859436565,http://creativecommons.org/licenses/by-nc/4.0/
125164,2609134081,Tachinidae_Admontia_seria_877131_2609134081,http://creativecommons.org/licenses/by-nc/4.0/
125165,2609134081,Tachinidae_Admontia_seria_877132_2609134081,http://creativecommons.org/licenses/by-nc/4.0/
125166,2609134081,Tachinidae_Admontia_seria_877133_2609134081,http://creativecommons.org/licenses/by-nc/4.0/
125167,2609134081,Tachinidae_Admontia_seria_877134_2609134081,http://creativecommons.org/licenses/by-nc/4.0/
125592,2265778368,Tachinidae_Cylindromyia_intermedia_2211850_2265778368,http://creativecommons.org/licenses/by-nc/4.0/
125643,1993711152,Tachinidae_Gymnosoma_rotundatum_132386_1993711152,http://creativecommons.org/licenses/by-nc-nd/4.0/
126128,2620048612,Tachinidae_Peribaea_setinervis_1568104_2620048612,http://creativecommons.org/licenses/by-nc/4.0/
126129,2620048612,Tachinidae_Peribaea_setinervis_1568105_2620048612,http://creativecommons.org/licenses/by-nc/4.0/
126130,2620048612,Tachinidae_Peribaea_setinervis_1568106_2620048612,http://creativecommons.org/licenses/by-nc/4.0/
126131,2620048612,Tachinidae_Peribaea_setinervis_1568107_2620048612,http://creativecommons.org/licenses/by-nc/4.0/
126800,3355455715,Tachinidae_Frontina_laeta_1006339_3355455715,http://creativecommons.org/licenses/by-nc/4.0/
127589,2001180299,Tachinidae_Siphona_ingerae_132717_2001180299,http://creativecommons.org/licenses/by-nc-sa/4.0/
127627,3880335622,Tachinidae_Billaea_triangulifera_1973271_3880335622,© all rights reserved
127734,1432293621,Tachinidae_Lophosia_fasciata_2113880_1432293621,© all rights reserved
128192,2399136178,Tachinidae_Bothria_subalpina_1530646_2399136178,© All rights reserved
128297,3451503452,Tachinidae_Nilea_hortulana_455162_3451503452,© All rights reserved
128321,2818405325,Tachinidae_Dinera_ferina_1585694_2818405325,© All rights reserved
128441,1822970183,Tachinidae_Phebellia_glauca_2125025_1822970183,© All rights reserved
128519,2467850680,Tachinidae_Peribaea_hertingi_164908_2467850680,© All rights reserved
128520,2467850680,Tachinidae_Peribaea_hertingi_164909_2467850680,© All rights reserved
128521,2467850680,Tachinidae_Peribaea_hertingi_164910_2467850680,© All rights reserved
128616,2873160456,Tachinidae_Cadurciella_tritaeniata_937143_2873160456,© All rights reserved
130277,2417850679,Tachinidae_Nowickia_ferox_155067_2417850679,© all rights reserved
130529,1036513277,Tachinidae_Cylindromyia_auriceps_694828_1036513277,© all rights reserved
131228,1913957680,Tachinidae_Periscepsia_prunaria_774800_1913957680,© all rights reserved
131229,1913957680,Tachinidae_Periscepsia_prunaria_774801_1913957680,© all rights reserved
131373,1460094407,Tachinidae_Lophosia_fasciata_739691_1460094407,© all rights reserved
131375,2815677452,Tachinidae_Eriothrix_rufomaculatus_2964564_2815677452,© all rights reserved
131511,1899262571,Tachinidae_Dexia_rustica_773901_1899262571,© all rights reserved
131608,4017411488,Tachinidae_Cylindromyia_pusilla_1368879_4017411488,© all rights reserved
131699,3433035061,Tachinidae_Phryxe_vulgaris_1027598_3433035061,© all rights reserved
132130,3880596891,Tachinidae_Cylindromyia_brassicaria_3353756_3880596891,© all rights reserved
132139,2847771561,Tachinidae_Ocytata_pallipes_2303649_2847771561,© all rights reserved
132279,1821023019,Tachinidae_Phania_thoracica_1435483_1821023019,© all rights reserved
132534,2247169379,Tachinidae_Gymnosoma_nudifrons_2895724_2247169379,© all rights reserved
132581,1460235883,Tachinidae_Bothria_subalpina_739810_1460235883,© all rights reserved
132979,1801926054,Tachinidae_Trixa_alpina_745816_1801926054,© all rights reserved
133556,3776895385,Tachinidae_Cyrtophleba_ruricola_1931125_3776895385,© all rights reserved
133557,3776895385,Tachinidae_Cyrtophleba_ruricola_1931126_3776895385,© all rights reserved
133683,3964171965,Tachinidae_Eumea_mitis_3414473_3964171965,© all rights reserved
133727,3017283619,Tachinidae_Cylindromyia_pusilla_3021280_3017283619,© all rights reserved
133794,3964594438,Tachinidae_Frontina_laeta_2724529_3964594438,© all rights reserved
133964,3050386889,Tachinidae_Bactromyia_aurulenta_270895_3050386889,© all rights reserved
133965,3050386889,Tachinidae_Bactromyia_aurulenta_270896_3050386889,© all rights reserved
133990,2808208681,Tachinidae_Gonia_ornata_2270812_2808208681,© all rights reserved
134127,3433185584,Tachinidae_Drino_galii_1716677_3433185584,© all rights reserved
134790,1839325311,Tachinidae_Tachina_ursina_72227_1839325311,© all rights reserved
134828,2533344133,Tachinidae_Tachina_tetramera_2924979_2533344133,© all rights reserved
134830,2533344133,Tachinidae_Tachina_tetramera_2924981_2533344133,© all rights reserved
135298,3767414574,Tachinidae_Siphona_paludosa_549259_3767414574,© all rights reserved
135299,3767414574,Tachinidae_Siphona_paludosa_549260_3767414574,© all rights reserved
135300,3767414574,Tachinidae_Siphona_paludosa_549261_3767414574,© all rights reserved
135406,1897855850,Tachinidae_Catharosia_albisquama_1462135_1897855850,© all rights reserved
135407,1897855850,Tachinidae_Catharosia_albisquama_1462136_1897855850,© all rights reserved
135648,3767554912,Tachinidae_Nowickia_ferox_1238249_3767554912,© all rights reserved
135935,3880242979,Tachinidae_Estheria_bohemani_3353542_3880242979,© all rights reserved
135936,3880242979,Tachinidae_Estheria_bohemani_3353543_3880242979,© all rights reserved
136171,1459686821,Tachinidae_Onychogonia_flaviceps_2116774_1459686821,© all rights reserved
136172,1459686821,Tachinidae_Onychogonia_flaviceps_2116775_1459686821,© all rights reserved
136196,1428167160,Tachinidae_Gymnosoma_clavatum_734911_1428167160,© all rights reserved
136206,1460368218,Tachinidae_Cylindromyia_brassicaria_48979_1460368218,© all rights reserved
136401,3432651962,Tachinidae_Gymnosoma_nudifrons_3095771_3432651962,© all rights reserved
136598,3429642158,Tachinidae_Cinochira_atra_1714864_3429642158,© all rights reserved
136827,1458365805,Tachinidae_Phryxe_vulgaris_737587_1458365805,© all rights reserved
137135,1432108654,Tachinidae_Leskia_aurea_2803129_1432108654,© all rights reserved
137644,4013579665,Tachinidae_Gymnosoma_nudifrons_679278_4013579665,© all rights reserved
137701,3857217122,Tachinidae_Billaea_triangulifera_2640005_3857217122,© all rights reserved
138159,1055155377,Tachinidae_Trichactia_pictiventris_4388_1055155377,© all rights reserved
138198,2809599416,Tachinidae_Phasia_subcoleoptrata_2271575_2809599416,© all rights reserved
138312,1807024357,Tachinidae_Bessa_selecta_746708_1807024357,© all rights reserved
139261,1669861389,Tachinidae_Subclytia_rotundiventris_2811318_1669861389,© all rights reserved
139441,2247195908,Tachinidae_Cyzenis_albicans_827952_2247195908,© all rights reserved
139447,2853308374,Tachinidae_Nowickia_marklini_1618688_2853308374,© all rights reserved
139918,1459336668,Tachinidae_Billaea_triangulifera_2805770_1459336668,© all rights reserved
140297,3432235476,Tachinidae_Gymnosoma_dolycoridis_1716129_3432235476,© all rights reserved
140814,3012775496,Tachinidae_Cadurciella_tritaeniata_3020037_3012775496,© all rights reserved
141036,2847417352,Tachinidae_Winthemia_speciosa_2303395_2847417352,© all rights reserved
141038,2847417352,Tachinidae_Winthemia_speciosa_2303397_2847417352,© all rights reserved
141241,1670747576,Tachinidae_Peleteria_rubescens_53363_1670747576,© all rights reserved
141956,1434128188,Tachinidae_Tachina_tetramera_1425120_1434128188,© all rights reserved
141957,1434128188,Tachinidae_Tachina_tetramera_1425121_1434128188,© all rights reserved
142464,2271042021,Tachinidae_Tachina_ursina_1523579_2271042021,© all rights reserved
142506,1460087756,Tachinidae_Meigenia_mutabilis_48396_1460087756,© all rights reserved
142579,1915411013,Tachinidae_Admontia_grandicornis_2152865_1915411013,© all rights reserved
142580,1915411013,Tachinidae_Admontia_grandicornis_2152866_1915411013,© all rights reserved
142581,1915411013,Tachinidae_Admontia_grandicornis_2152867_1915411013,© all rights reserved
142707,932195780,Tachinidae_Medina_separata_689736_932195780,© all rights reserved
143171,3433428123,Tachinidae_Winthemia_bohemani_1027819_3433428123,© all rights reserved
143172,3433428123,Tachinidae_Winthemia_bohemani_1027820_3433428123,© all rights reserved
143750,3434422860,Tachinidae_Dexia_vacua_1028366_3434422860,© all rights reserved
143876,1458506974,Tachinidae_Phasia_aurulans_46574_1458506974,© all rights reserved
143995,1459322375,Tachinidae_Subclytia_rotundiventris_2805742_1459322375,© all rights reserved
144266,1670985441,Tachinidae_Campylocheta_praecox_53523_1670985441,© all rights reserved
144377,1914013215,Tachinidae_Thelaira_nigrina_2842539_1914013215,© all rights reserved
144551,1460246471,Tachinidae_Hebia_flavipes_739834_1460246471,© all rights reserved
144710,1432142179,Tachinidae_Clytiomya_continua_2803165_1432142179,© all rights reserved
144711,1432142179,Tachinidae_Clytiomya_continua_2803166_1432142179,© all rights reserved
144712,1432142179,Tachinidae_Clytiomya_continua_2803167_1432142179,© all rights reserved
145312,2847776609,Tachinidae_Germaria_ruficeps_925827_2847776609,© all rights reserved
145314,2847776609,Tachinidae_Germaria_ruficeps_925829_2847776609,© all rights reserved
145511,2618893499,Tachinidae_Thelaira_solivaga_188433_2618893499,© all rights reserved
145537,1460370440,Tachinidae_Thelaira_solivaga_48988_1460370440,© all rights reserved
145541,1458883283,Tachinidae_Gonia_picea_737851_1458883283,© all rights reserved
145667,2328950844,Tachinidae_Peleteria_rubescens_148552_2328950844,© all rights reserved
145668,2328950844,Tachinidae_Peleteria_rubescens_148553_2328950844,© all rights reserved
145806,1460420265,Tachinidae_Lophosia_fasciata_740290_1460420265,© all rights reserved
145807,1460420265,Tachinidae_Lophosia_fasciata_740291_1460420265,© all rights reserved
149238,3907618750,Tachinidae_Cylindromyia_bicolor_2013428_3907618750,http://creativecommons.org/licenses/by-nc-nd/4.0/
149850,3822578977,Tachinidae_Phorocera_obscura_2627060_3822578977,http://creativecommons.org/licenses/by-nc-nd/4.0/
150155,3962709397,Tachinidae_Winthemia_quadripustulata_1343275_3962709397,© All rights reserved
150200,3414604407,Tachinidae_Oswaldia_muscaria_1022083_3414604407,© All rights reserved
150202,3414604407,Tachinidae_Oswaldia_muscaria_1022085_3414604407,© All rights reserved
150508,3386595391,Tachinidae_Dinera_carinifrons_1015119_3386595391,© All rights reserved
150509,3386595391,Tachinidae_Dinera_carinifrons_1015120_3386595391,© All rights reserved
150828,1321860007,Tachinidae_Compsilura_concinnata_2097619_1321860007,Usage Conditions Apply
151230,3424265354,Tachinidae_Voria_ruralis_1714742_3424265354,© All rights reserved
151497,2249160619,Tachinidae_Siphona_hokkaidensis_829526_2249160619,http://creativecommons.org/licenses/by-nc/4.0/
151505,2251538511,Tachinidae_Panzeria_vagans_2901110_2251538511,http://creativecommons.org/licenses/by-nc/4.0/
151506,2251538636,Tachinidae_Entomophaga_nigrohalterata_1521559_2251538636,http://creativecommons.org/licenses/by-nc/4.0/
151512,2251538570,Tachinidae_Siphona_setosa_2901122_2251538570,http://creativecommons.org/licenses/by-nc/4.0/
151517,2251538484,Tachinidae_Exorista_grandis_2210698_2251538484,http://creativecommons.org/licenses/by-nc/4.0/
151528,2251538529,Tachinidae_Siphona_samarensis_2210706_2251538529,http://creativecommons.org/licenses/by-nc/4.0/
151538,2251538592,Tachinidae_Siphona_samarensis_2210719_2251538592,http://creativecommons.org/licenses/by-nc/4.0/
151539,2249160551,Tachinidae_Rondania_fasciata_829525_2249160551,http://creativecommons.org/licenses/by-nc/4.0/
151541,2251538629,Tachinidae_Spallanzania_hebes_2901133_2251538629,http://creativecommons.org/licenses/by-nc/4.0/
151545,2979437188,Tachinidae_Germaria_angustata_1632257_2979437188,http://creativecommons.org/licenses/by-nc-sa/4.0/
151549,2251538666,Tachinidae_Carcelia_puberula_142731_2251538666,http://creativecommons.org/licenses/by-nc/4.0/
151723,3013248519,Tachinidae_Phorocera_obscura_951616_3013248519,© all rights reserved
154071,2842415412,Tachinidae_Estheria_cristata_2986806_2842415412,http://creativecommons.org/licenses/by-nc-nd/4.0/
154415,3728512359,Tachinidae_Tachina_ursina_520999_3728512359,http://creativecommons.org/licenses/by-nc-nd/4.0/
154937,3714822020,Tachinidae_Siphona_pauciseta_1164851_3714822020,http://creativecommons.org/licenses/by-nc-nd/4.0/
154938,3714822020,Tachinidae_Siphona_pauciseta_1164852_3714822020,http://creativecommons.org/licenses/by-nc-nd/4.0/
154939,3714822020,Tachinidae_Siphona_pauciseta_1164853_3714822020,http://creativecommons.org/licenses/by-nc-nd/4.0/
155964,3732501055,Tachinidae_Dexia_rustica_1227808_3732501055,http://creativecommons.org/licenses/by-nc-nd/4.0/
156241,3995899302,Tachinidae_Phasia_hemiptera_2735434_3995899302,http://creativecommons.org/licenses/by-nc-nd/4.0/
156255,3822142967,Tachinidae_Macquartia_grisea_3316665_3822142967,http://creativecommons.org/licenses/by-nc-nd/4.0/
156506,2405305074,Tachinidae_Cyrtophleba_vernalis_153217_2405305074,© All rights reserved
156787,3886458355,Tachinidae_Drino_lota_1288037_3886458355,© All rights reserved
156839,4008054388,Tachinidae_Nilea_innoxia_2052845_4008054388,© All rights reserved
156840,4008054388,Tachinidae_Nilea_innoxia_2052846_4008054388,© All rights reserved
156841,4008054388,Tachinidae_Nilea_innoxia_2052847_4008054388,© All rights reserved
156842,4008054388,Tachinidae_Nilea_innoxia_2052848_4008054388,© All rights reserved
156844,4008054388,Tachinidae_Nilea_innoxia_2052850_4008054388,© All rights reserved
156923,2426972045,Tachinidae_Pales_pavida_2225291_2426972045,© All rights reserved
157492,3726408598,Tachinidae_Germaria_angustata_513290_3726408598,http://creativecommons.org/licenses/by-nc-nd/4.0/
158682,3823018461,Tachinidae_Oswaldia_muscaria_1249532_3823018461,http://creativecommons.org/licenses/by-nc-nd/4.0/
158886,1960253013,Tachinidae_Thelaira_nigripes_791279_1960253013,http://creativecommons.org/licenses/by-nc-nd/4.0/
158965,1958273440,Tachinidae_Smidtia_conspersa_788187_1958273440,http://creativecommons.org/licenses/by-nc-nd/4.0/
159176,1969835779,Tachinidae_Phania_funesta_2182069_1969835779,http://creativecommons.org/licenses/by-nc/4.0/
159371,3825384354,Tachinidae_Gonia_divisa_1944343_3825384354,http://creativecommons.org/licenses/by-nc-nd/4.0/
161569,4008013395,Tachinidae_Macquartia_tenebricosa_675450_4008013395,© All rights reserved
161690,1823616973,Tachinidae_Lydella_stabulans_2125137_1823616973,© All rights reserved
162376,2818357386,Tachinidae_Pseudopachystylum_goniaeoides_206289_2818357386,© All rights reserved
162377,2818357386,Tachinidae_Pseudopachystylum_goniaeoides_206290_2818357386,© All rights reserved
162378,2818357386,Tachinidae_Pseudopachystylum_goniaeoides_206291_2818357386,© All rights reserved
162406,2405180642,Tachinidae_Bothria_subalpina_1532117_2405180642,© All rights reserved
162723,3960596881,Tachinidae_Aplomya_confinis_3410328_3960596881,© All rights reserved
162844,2359005278,Tachinidae_Paratryphera_bisetosa_1528752_2359005278,© All rights reserved
162898,1987600581,Tachinidae_Actia_lamia_2884498_1987600581,© All rights reserved
163014,3704290357,Tachinidae_Voria_ruralis_1162601_3704290357,© All rights reserved
163975,1960402372,Tachinidae_Eumea_mitis_100705_1960402372,http://creativecommons.org/licenses/by-nc-nd/4.0/
167378,2833385462,Tachinidae_Eurithia_intermedia_902234_2833385462,http://creativecommons.org/licenses/by-nc/4.0/
167379,2833385462,Tachinidae_Eurithia_intermedia_902235_2833385462,http://creativecommons.org/licenses/by-nc/4.0/
168768,2842731927,Tachinidae_Dexia_rustica_919438_2842731927,http://creativecommons.org/licenses/by-nc-nd/4.0/
169727,1954599901,Tachinidae_Nemorilla_floralis_781653_1954599901,http://creativecommons.org/licenses/by-nc-nd/4.0/
169745,3822579855,Tachinidae_Spallanzania_hebes_3317509_3822579855,http://creativecommons.org/licenses/by-nc-nd/4.0/
170131,3822454701,Tachinidae_Campylocheta_praecox_1247924_3822454701,http://creativecommons.org/licenses/by-nc/4.0/
170264,3825244261,Tachinidae_Hubneria_affinis_3323784_3825244261,http://creativecommons.org/licenses/by-nc/4.0/
172424,2447485663,Tachinidae_Billaea_triangulifera_2230597_2447485663,© all rights reserved
172542,3993118365,Tachinidae_Cyrtophleba_ruricola_2040358_3993118365,© all rights reserved
172603,2848170729,Tachinidae_Cylindromyia_brassicaria_235806_2848170729,© all rights reserved
173112,3433262932,Tachinidae_Cinochira_atra_337982_3433262932,© all rights reserved
173453,2809136456,Tachinidae_Billaea_triangulifera_2961595_2809136456,© all rights reserved
173956,2249160485,Tachinidae_Phryxe_magnicornis_1517922_2249160485,http://creativecommons.org/licenses/by-nc/4.0/
173965,2251538532,Tachinidae_Siphona_confusa_1521538_2251538532,http://creativecommons.org/licenses/by-nc/4.0/
174166,1953592563,Tachinidae_Gonia_ornata_1469798_1953592563,http://creativecommons.org/licenses/by-nc-nd/4.0/
174168,1953592563,Tachinidae_Gonia_ornata_1469800_1953592563,http://creativecommons.org/licenses/by-nc-nd/4.0/
174754,1970359561,Tachinidae_Microsoma_exiguum_2183209_1970359561,http://creativecommons.org/licenses/by-nc-nd/4.0/
174756,1970359561,Tachinidae_Microsoma_exiguum_2183211_1970359561,http://creativecommons.org/licenses/by-nc-nd/4.0/
176311,2550011868,Tachinidae_Dexia_vacua_2926796_2550011868,http://creativecommons.org/licenses/by-nc/4.0/
176367,3712613353,Tachinidae_Phasia_aurigera_3233352_3712613353,http://creativecommons.org/licenses/by/4.0/
176550,2609269355,Tachinidae_Eumea_linearicornis_2945367_2609269355,http://creativecommons.org/licenses/by-nc/4.0/
176672,3455369103,Tachinidae_Phasia_obesa_1146492_3455369103,http://creativecommons.org/licenses/by/4.0/
176824,3966590659,Tachinidae_Policheta_unicolor_2725344_3966590659,http://creativecommons.org/licenses/by-nc/4.0/
176825,3966590659,Tachinidae_Policheta_unicolor_2725345_3966590659,http://creativecommons.org/licenses/by-nc/4.0/
176826,3966590659,Tachinidae_Policheta_unicolor_2725346_3966590659,http://creativecommons.org/licenses/by-nc/4.0/
177311,2005267185,Tachinidae_Aphria_longirostris_2200886_2005267185,http://creativecommons.org/licenses/by-nc-sa/4.0/
177365,2445008730,Tachinidae_Sturmia_bella_162299_2445008730,http://creativecommons.org/licenses/by/4.0/
177515,4009668136,Tachinidae_Linnaemya_soror_2052951_4009668136,http://creativecommons.org/licenses/by-nc/4.0/
177800,2882962749,Tachinidae_Nemoraea_pellucida_1626829_2882962749,http://creativecommons.org/licenses/by/4.0/
177804,2882962749,Tachinidae_Nemoraea_pellucida_1626833_2882962749,http://creativecommons.org/licenses/by/4.0/
178047,3903216743,Tachinidae_Tachina_fera_1989801_3903216743,http://creativecommons.org/licenses/by/4.0/
178778,3451555497,Tachinidae_Blepharomyia_piliceps_1144642_3451555497,© All rights reserved
178779,3451555497,Tachinidae_Blepharomyia_piliceps_1144643_3451555497,© All rights reserved
178780,3451555497,Tachinidae_Blepharomyia_piliceps_1144644_3451555497,© All rights reserved
178781,3451555497,Tachinidae_Blepharomyia_piliceps_1144645_3451555497,© All rights reserved
178782,3451555497,Tachinidae_Blepharomyia_piliceps_1144646_3451555497,© All rights reserved
178783,3451555497,Tachinidae_Blepharomyia_piliceps_1144647_3451555497,© All rights reserved
179175,3329784343,Tachinidae_Lophosia_fasciata_301321_3329784343,© All rights reserved
179336,1883231850,Tachinidae_Leskia_aurea_80181_1883231850,© All rights reserved
179364,2468133568,Tachinidae_Zaira_cinerea_1544011_2468133568,© All rights reserved
179365,2468133568,Tachinidae_Zaira_cinerea_1544012_2468133568,© All rights reserved
179367,2468133568,Tachinidae_Zaira_cinerea_1544014_2468133568,© All rights reserved
179636,3327088456,Tachinidae_Lophosia_fasciata_2367384_3327088456,© All rights reserved
179888,3912810558,Tachinidae_Catharosia_pygmaea_638309_3912810558,© All rights reserved
180826,2981063944,Tachinidae_Phasia_barbifrons_2324304_2981063944,http://creativecommons.org/licenses/by/4.0/
181423,2597861065,Tachinidae_Tachina_lurida_185775_2597861065,http://creativecommons.org/licenses/by/4.0/
181952,2283084647,Tachinidae_Strongygaster_globula_2214215_2283084647,http://creativecommons.org/licenses/by-nc/4.0/
182306,2243026395,Tachinidae_Ceromya_bicolor_2205056_2243026395,http://creativecommons.org/licenses/by-nc/4.0/
182307,2243026395,Tachinidae_Ceromya_bicolor_2205057_2243026395,http://creativecommons.org/licenses/by-nc/4.0/
183148,2816557453,Tachinidae_Thelaira_nigripes_206185_2816557453,© All rights reserved
183496,3451421306,Tachinidae_Periscepsia_spathulata_1833973_3451421306,© All rights reserved
183589,3924294457,Tachinidae_Hubneria_affinis_646943_3924294457,© All rights reserved
183946,1499872806,Tachinidae_Tachina_ursina_2808439_1499872806,© all rights reserved
184004,2621907473,Tachinidae_Zeuxia_zernyi_1568387_2621907473,
184011,2621908543,Tachinidae_Macquartia_tessellum_879283_2621908543,
184132,2621918652,Tachinidae_Estheria_iberica_2257146_2621918652,
184172,2621920692,Tachinidae_Elomya_lateralis_189251_2621920692,
184195,2621922475,Tachinidae_Phania_albisquama_879343_2621922475,
184198,2621922526,Tachinidae_Exorista_segregata_2257176_2621922526,
184273,2621928254,Tachinidae_Tachina_magnicornis_1568471_2621928254,
184330,2621932676,Tachinidae_Therobia_leonidei_189314_2621932676,
184348,2621935234,Tachinidae_Wagneria_cunctans_2257225_2621935234,
184444,2621947638,Tachinidae_Gymnosoma_rungsi_2947678_2621947638,
184523,2621957452,Tachinidae_Hyperaea_femoralis_2947702_2621957452,
184525,2621957454,Tachinidae_Weberia_digramma_879437_2621957454,
184538,2621957974,Tachinidae_Thrixion_aberrans_2257297_2621957974,
184566,2621958645,Tachinidae_Gymnosoma_costatum_2947721_2621958645,
184568,2621958648,Tachinidae_Minthodes_diversipes_1568566_2621958648,
184569,2621958650,Tachinidae_Zeuxia_zernyi_189406_2621958650,
184571,2621958666,Tachinidae_Senometopia_susurrans_1568568_2621958666,
184905,2331830366,Tachinidae_Phytomyptera_nigrina_2216553_2331830366,http://creativecommons.org/licenses/by-nc/4.0/
186061,3784774378,Tachinidae_Erythrocera_nigripes_2623026_3784774378,http://creativecommons.org/licenses/by-nc/4.0/
187279,3785070394,Tachinidae_Wagneria_gagatea_2623716_3785070394,http://creativecommons.org/licenses/by-nc/4.0/
187280,3785070394,Tachinidae_Wagneria_gagatea_2623717_3785070394,http://creativecommons.org/licenses/by-nc/4.0/
187281,3785070394,Tachinidae_Wagneria_gagatea_2623718_3785070394,http://creativecommons.org/licenses/by-nc/4.0/
187282,3785070394,Tachinidae_Wagneria_gagatea_2623719_3785070394,http://creativecommons.org/licenses/by-nc/4.0/
187555,3902260578,Tachinidae_Mintho_rufiventris_3364764_3902260578,http://creativecommons.org/licenses/by-nc/4.0/
187577,2826436981,Tachinidae_Cylindromyia_rufipes_1589745_2826436981,http://creativecommons.org/licenses/by/4.0/
187913,2853302396,Tachinidae_Tachina_tetramera_240082_2853302396,© all rights reserved
188019,2593022942,Tachinidae_Nowickia_marklini_184254_2593022942,© all rights reserved
188869,1572334748,Tachinidae_Trichopoda_pennipes_50415_1572334748,http://creativecommons.org/licenses/by/4.0/
189069,1805370688,Tachinidae_Tachina_magnicornis_2123919_1805370688,http://creativecommons.org/licenses/by-nc/4.0/
189071,1805370688,Tachinidae_Tachina_magnicornis_2123921_1805370688,http://creativecommons.org/licenses/by-nc/4.0/
189604,2981051644,Tachinidae_Cinochira_atra_1634459_2981051644,http://creativecommons.org/licenses/by-nc/4.0/
190723,3784747405,Tachinidae_Eumea_linearicornis_3313350_3784747405,http://creativecommons.org/licenses/by-nc/4.0/
190724,3784747405,Tachinidae_Eumea_linearicornis_3313351_3784747405,http://creativecommons.org/licenses/by-nc/4.0/
190726,3784747405,Tachinidae_Eumea_linearicornis_3313353_3784747405,http://creativecommons.org/licenses/by-nc/4.0/
190894,2992878828,Tachinidae_Besseria_dimidiata_2327300_2992878828,http://creativecommons.org/licenses/by-nc/4.0/
191174,3392975366,Tachinidae_Gymnochaeta_viridis_1016850_3392975366,http://creativecommons.org/licenses/by-nc-sa/4.0/
191175,3392975366,Tachinidae_Gymnochaeta_viridis_1016851_3392975366,http://creativecommons.org/licenses/by-nc-sa/4.0/
191182,2468110742,Tachinidae_Cleonice_callida_855285_2468110742,© All rights reserved
191184,2468110742,Tachinidae_Cleonice_callida_855287_2468110742,© All rights reserved
191554,3990938345,Tachinidae_Hubneria_affinis_662912_3990938345,© All rights reserved
191556,3990938345,Tachinidae_Hubneria_affinis_662914_3990938345,© All rights reserved
191558,3990938345,Tachinidae_Hubneria_affinis_662916_3990938345,© All rights reserved
191670,3338583418,Tachinidae_Winthemia_bohemani_3070651_3338583418,© All rights reserved
191776,3091056307,Tachinidae_Dinera_carinifrons_2347935_3091056307,http://creativecommons.org/licenses/by/4.0/
192267,1899646937,Tachinidae_Gymnosoma_clavatum_2151676_1899646937,© All rights reserved
192428,2822969308,Tachinidae_Admontia_grandicornis_207718_2822969308,© All rights reserved
192429,2822969308,Tachinidae_Admontia_grandicornis_207719_2822969308,© All rights reserved
192430,2822969308,Tachinidae_Admontia_grandicornis_207720_2822969308,© All rights reserved
192431,3303173867,Tachinidae_Panzeria_rudis_3050024_3303173867,© All rights reserved
192671,2412472034,Tachinidae_Admontia_blanda_844909_2412472034,© All rights reserved
193825,3888871391,Tachinidae_Ectophasia_leucoptera_3358691_3888871391,http://creativecommons.org/licenses/by-nc/4.0/
193840,2988713923,Tachinidae_Macquartia_grisea_258348_2988713923,http://creativecommons.org/licenses/by/4.0/
193842,2988713923,Tachinidae_Macquartia_grisea_258350_2988713923,http://creativecommons.org/licenses/by/4.0/
193993,2634134009,Tachinidae_Phania_funesta_887464_2634134009,http://creativecommons.org/licenses/by/4.0/
194065,3455770610,Tachinidae_Phasia_subcoleoptrata_458790_3455770610,http://creativecommons.org/licenses/by-nc/4.0/
194206,2859916524,Tachinidae_Hyalurgus_lucidus_3000399_2859916524,http://creativecommons.org/licenses/by/4.0/
194208,2859916524,Tachinidae_Hyalurgus_lucidus_3000401_2859916524,http://creativecommons.org/licenses/by/4.0/
194211,2859916524,Tachinidae_Hyalurgus_lucidus_3000404_2859916524,http://creativecommons.org/licenses/by/4.0/
194215,2859916524,Tachinidae_Hyalurgus_lucidus_3000408_2859916524,http://creativecommons.org/licenses/by/4.0/
194218,2859916524,Tachinidae_Hyalurgus_lucidus_3000411_2859916524,http://creativecommons.org/licenses/by/4.0/
194220,2859916524,Tachinidae_Hyalurgus_lucidus_3000413_2859916524,http://creativecommons.org/licenses/by/4.0/
197890,1955440499,Tachinidae_Gastrolepta_anthracina_783455_1955440499,http://creativecommons.org/licenses/by-nc/4.0/
200028,2580129060,Tachinidae_Gonia_vacua_1562886_2580129060,http://creativecommons.org/licenses/by-nc/4.0/
200963,3044589851,Tachinidae_Eurithia_caesia_269417_3044589851,http://creativecommons.org/licenses/by-nc/4.0/
200964,3044589851,Tachinidae_Eurithia_caesia_269418_3044589851,http://creativecommons.org/licenses/by-nc/4.0/
201785,3902203650,Tachinidae_Chrysomopsis_aurata_1984142_3902203650,http://creativecommons.org/licenses/by-nc/4.0/
202327,2641316316,Tachinidae_Tachina_magnicornis_889194_2641316316,http://creativecommons.org/licenses/by-nc/4.0/
202328,2851047717,Tachinidae_Ligeria_angusticornis_2997750_2851047717,http://creativecommons.org/licenses/by-nc/4.0/
202546,3923508400,Tachinidae_Cylindromyia_rufipes_2714121_3923508400,http://creativecommons.org/licenses/by-nc/4.0/
202552,3858293401,Tachinidae_Trixa_caerulescens_575760_3858293401,http://creativecommons.org/licenses/by-nc/4.0/
202753,3408183517,Tachinidae_Clausicella_suturata_1021661_3408183517,http://creativecommons.org/licenses/by-nc/4.0/
203343,3447733811,Tachinidae_Smidtia_conspersa_3212460_3447733811,http://creativecommons.org/licenses/by-sa/4.0/
203417,3447735265,Tachinidae_Allophorocera_ferruginea_3212481_3447735265,http://creativecommons.org/licenses/by-sa/4.0/
203452,3447736158,Tachinidae_Loewia_foeda_1143751_3447736158,http://creativecommons.org/licenses/by-sa/4.0/
203702,3447757554,Tachinidae_Hyalurgus_crucigera_3212572_3447757554,http://creativecommons.org/licenses/by-sa/4.0/
203704,3447757571,Tachinidae_Hyalurgus_crucigera_2522371_3447757571,http://creativecommons.org/licenses/by-sa/4.0/
203706,3447757584,Tachinidae_Loewia_erecta_1833293_3447757584,http://creativecommons.org/licenses/by-sa/4.0/
204339,3077844047,Tachinidae_Tlephusa_cincinna_1655242_3077844047,© all rights reserved
204341,3077844047,Tachinidae_Tlephusa_cincinna_1655244_3077844047,© all rights reserved
204342,3077844047,Tachinidae_Tlephusa_cincinna_1655245_3077844047,© all rights reserved
204500,1427680762,Tachinidae_Brachicheta_strigata_734834_1427680762,© all rights reserved
204887,3856750942,Tachinidae_Gymnosoma_nudifrons_3330580_3856750942,© all rights reserved
205403,3960587501,Tachinidae_Tachina_fera_2720411_3960587501,© All rights reserved
206870,3906227910,Tachinidae_Peleteria_iavana_628051_3906227910,http://creativecommons.org/licenses/by-nc-nd/4.0/
207382,3724833627,Tachinidae_Panzeria_rudis_1197811_3724833627,http://creativecommons.org/licenses/by-nc/4.0/
208757,3407897309,Tachinidae_Euthera_fascipennis_1020579_3407897309,http://creativecommons.org/licenses/by-nc/4.0/
208840,3018024417,Tachinidae_Panzeria_rudis_3021965_3018024417,http://creativecommons.org/licenses/by-nc/4.0/
211547,3500471399,Tachinidae_Admontia_blanda_471765_3500471399,© All rights reserved
212094,3448227979,Tachinidae_Siphona_ingerae_2522683_3448227979,http://creativecommons.org/licenses/by-sa/4.0/
213608,1976690041,Tachinidae_Subclytia_rotundiventris_814443_1976690041,http://creativecommons.org/licenses/by-nc/4.0/
214324,3825263884,Tachinidae_Microsoma_exiguum_1254569_3825263884,http://creativecommons.org/licenses/by-nc-nd/4.0/
214561,1973109795,Tachinidae_Linnaemya_vulpina_118740_1973109795,http://creativecommons.org/licenses/by-nc-nd/4.0/
214586,3995077186,Tachinidae_Linnaemya_vulpina_1353336_3995077186,http://creativecommons.org/licenses/by-nc-nd/4.0/
221288,3785020397,Tachinidae_Erythrocera_nigripes_1245010_3785020397,http://creativecommons.org/licenses/by-nc/4.0/
221289,3785020397,Tachinidae_Erythrocera_nigripes_1245011_3785020397,http://creativecommons.org/licenses/by-nc/4.0/
221290,3785020397,Tachinidae_Erythrocera_nigripes_1245012_3785020397,http://creativecommons.org/licenses/by-nc/4.0/
221375,3333141008,Tachinidae_Peteina_erinaceus_304347_3333141008,http://creativecommons.org/licenses/by-nc/4.0/
221376,3333141008,Tachinidae_Peteina_erinaceus_304348_3333141008,http://creativecommons.org/licenses/by-nc/4.0/
221572,2860136828,Tachinidae_Gonia_capitata_242755_2860136828,http://creativecommons.org/licenses/by/4.0/
221577,2860136828,Tachinidae_Gonia_capitata_242760_2860136828,http://creativecommons.org/licenses/by/4.0/
222091,2609223173,Tachinidae_Tachina_lurida_1566193_2609223173,http://creativecommons.org/licenses/by/4.0/
222231,3455267496,Tachinidae_Blepharipa_schineri_2524341_3455267496,http://creativecommons.org/licenses/by-nc/4.0/
222270,2609342259,Tachinidae_Tachina_lurida_2945503_2609342259,http://creativecommons.org/licenses/by/4.0/
222705,2992880930,Tachinidae_Plesina_phalerata_259145_2992880930,http://creativecommons.org/licenses/by-nc/4.0/
223111,1897870601,Tachinidae_Cylindromyia_auriceps_2151386_1897870601,© all rights reserved
223898,1952237130,Tachinidae_Siphona_lichtwardtiana_87719_1952237130,http://creativecommons.org/licenses/by-nc-nd/4.0/
225111,3904409762,Tachinidae_Panzeria_rudis_2684550_3904409762,http://creativecommons.org/licenses/by-nc-nd/4.0/
225133,2839493591,Tachinidae_Atylostoma_tricolor_2981742_2839493591,http://creativecommons.org/licenses/by-nc/4.0/
225252,3825372026,Tachinidae_Gymnosoma_nitens_565971_3825372026,http://creativecommons.org/licenses/by-nc-nd/4.0/
226583,3997232693,Tachinidae_Peleteria_rubescens_1361109_3997232693,http://creativecommons.org/licenses/by-nc-nd/4.0/
227789,3729779998,Tachinidae_Zophomyia_temula_524632_3729779998,http://creativecommons.org/licenses/by-nc-nd/4.0/
227893,3822455420,Tachinidae_Prooppia_nigripalpis_558988_3822455420,http://creativecommons.org/licenses/by-nc-nd/4.0/
228657,3822657299,Tachinidae_Lypha_dubia_2627408_3822657299,http://creativecommons.org/licenses/by-nc-nd/4.0/
230703,2406585954,Tachinidae_Cyrtophleba_vernalis_2221428_2406585954,© All rights reserved
230704,2406585954,Tachinidae_Cyrtophleba_vernalis_2221429_2406585954,© All rights reserved
230734,2314387807,Tachinidae_Gastrolepta_anthracina_2216397_2314387807,© All rights reserved
230825,3451498470,Tachinidae_Campylocheta_praecox_2523178_3451498470,© All rights reserved
230827,3451498470,Tachinidae_Campylocheta_praecox_2523180_3451498470,© All rights reserved
230838,3057137400,Tachinidae_Winthemia_quadripustulata_961096_3057137400,© All rights reserved
230840,3057137400,Tachinidae_Winthemia_quadripustulata_961098_3057137400,© All rights reserved
230983,2815093119,Tachinidae_Trixa_conspersa_896039_2815093119,© All rights reserved
231171,2860883417,Tachinidae_Allophorocera_ferruginea_2311446_2860883417,© All rights reserved
231241,3924276524,Tachinidae_Actia_lamia_646939_3924276524,© All rights reserved
231347,3960520037,Tachinidae_Oswaldia_muscaria_3410285_3960520037,© All rights reserved
231420,2411084098,Tachinidae_Smidtia_amoena_2913216_2411084098,© All rights reserved
231444,3960494823,Tachinidae_Bothria_subalpina_2030460_3960494823,© All rights reserved
231556,3310079484,Tachinidae_Eumea_linearicornis_3052053_3310079484,© All rights reserved
231557,3310079484,Tachinidae_Eumea_linearicornis_3052054_3310079484,© All rights reserved
232003,1974277936,Tachinidae_Gonia_divisa_811635_1974277936,http://creativecommons.org/licenses/by-nc/4.0/
232230,1958371757,Tachinidae_Macquartia_tenebricosa_788384_1958371757,http://creativecommons.org/licenses/by-nc-nd/4.0/
232255,3825280309,Tachinidae_Voria_ruralis_1943852_3825280309,http://creativecommons.org/licenses/by-nc-nd/4.0/
234233,1963634843,Tachinidae_Phasia_aurigera_1483276_1963634843,http://creativecommons.org/publicdomain/zero/1.0/
234291,3718956352,Tachinidae_Catharosia_pygmaea_2556255_3718956352,http://creativecommons.org/licenses/by-nc-nd/4.0/
234339,3717449385,Tachinidae_Brullaea_ocypteroidea_482519_3717449385,http://creativecommons.org/licenses/by-nc-nd/4.0/
236126,3451571471,Tachinidae_Trixa_conspersa_1144676_3451571471,© All rights reserved
236137,3451623381,Tachinidae_Belida_angelicae_3213489_3451623381,© All rights reserved
236139,3451623381,Tachinidae_Belida_angelicae_3213491_3451623381,© All rights reserved
236141,3451623381,Tachinidae_Belida_angelicae_3213493_3451623381,© All rights reserved
236372,2411243962,Tachinidae_Paratryphera_bisetosa_844632_2411243962,© All rights reserved
236373,2411243962,Tachinidae_Paratryphera_bisetosa_844633_2411243962,© All rights reserved
236374,2411243962,Tachinidae_Paratryphera_bisetosa_844634_2411243962,© All rights reserved
236380,2399212920,Tachinidae_Gymnosoma_nudifrons_2910316_2399212920,© All rights reserved
236483,3960564949,Tachinidae_Cyrtophleba_vernalis_3410310_3960564949,© All rights reserved
236484,3960564949,Tachinidae_Cyrtophleba_vernalis_3410311_3960564949,© All rights reserved
236564,3987855322,Tachinidae_Bampura_innoxia_3419019_3987855322,© All rights reserved
236568,2403499318,Tachinidae_Cylindromyia_interrupta_843039_2403499318,http://creativecommons.org/licenses/by-nc-sa/4.0/
236619,3309930512,Tachinidae_Cylindromyia_interrupta_1671748_3309930512,© All rights reserved
238357,3822482168,Tachinidae_Rondania_fasciata_3317100_3822482168,http://creativecommons.org/licenses/by-nc-nd/4.0/
238358,3822482168,Tachinidae_Rondania_fasciata_3317101_3822482168,http://creativecommons.org/licenses/by-nc-nd/4.0/
238492,1966102956,Tachinidae_Gymnosoma_nitens_1487327_1966102956,http://creativecommons.org/licenses/by-nc-nd/4.0/
238535,3826811327,Tachinidae_Gymnocheta_viridis_2637182_3826811327,http://creativecommons.org/licenses/by-nc-nd/4.0/
239357,1960828244,Tachinidae_Voria_ruralis_100896_1960828244,http://creativecommons.org/licenses/by-nc-nd/4.0/
240081,1976293036,Tachinidae_Vibrissina_turrita_2881272_1976293036,http://creativecommons.org/licenses/by-nc/4.0/
240929,3721316600,Tachinidae_Phasia_aurigera_2563557_3721316600,http://creativecommons.org/licenses/by-nc-nd/4.0/
241407,3825003972,Tachinidae_Bessa_parallela_1254313_3825003972,http://creativecommons.org/licenses/by-nc-nd/4.0/
242003,3907277574,Tachinidae_Tachina_nupta_2011725_3907277574,http://creativecommons.org/licenses/by-nc-nd/4.0/
243428,3826088638,Tachinidae_Gonia_divisa_3326416_3826088638,http://creativecommons.org/licenses/by-nc-nd/4.0/
244127,3822441018,Tachinidae_Phryno_vetula_2626480_3822441018,http://creativecommons.org/licenses/by-sa/4.0/
245043,3905908259,Tachinidae_Ectophasia_crassipennis_3383923_3905908259,http://creativecommons.org/licenses/by-nc-nd/4.0/
248600,3717397507,Tachinidae_Dexiosoma_caninum_2550670_3717397507,http://creativecommons.org/licenses/by-nc-nd/4.0/
248648,1976668147,Tachinidae_Zophomyia_temula_2192057_1976668147,http://creativecommons.org/licenses/by-nc/4.0/
248926,1959997860,Tachinidae_Thelaira_solivaga_790929_1959997860,http://creativecommons.org/licenses/by-nc-nd/4.0/
250399,3721408114,Tachinidae_Solieria_pacifica_496395_3721408114,http://creativecommons.org/licenses/by-nc-nd/4.0/
252260,3825389243,Tachinidae_Winthemia_bohemani_3324440_3825389243,http://creativecommons.org/licenses/by-nc-nd/4.0/
252436,1960909614,Tachinidae_Nemorilla_floralis_791671_1960909614,http://creativecommons.org/licenses/by-nc/4.0/
253317,3904475758,Tachinidae_Nemoraea_pellucida_1306279_3904475758,http://creativecommons.org/licenses/by-nc/4.0/
254355,2988669742,Tachinidae_Linnaemya_olsufjevi_3016756_2988669742,http://creativecommons.org/licenses/by-nc/4.0/
254552,3873885719,Tachinidae_Tachina_grossa_1971355_3873885719,http://creativecommons.org/licenses/by-nc/4.0/
254990,3399216293,Tachinidae_Exorista_sorbillans_3088083_3399216293,http://creativecommons.org/licenses/by-nc/4.0/
254991,3399216293,Tachinidae_Exorista_sorbillans_3088084_3399216293,http://creativecommons.org/licenses/by-nc/4.0/
255204,2445000999,Tachinidae_Blondelia_nigripes_2920824_2445000999,http://creativecommons.org/licenses/by/4.0/
255558,3456249126,Tachinidae_Siphona_maculata_3219495_3456249126,http://creativecommons.org/licenses/by/4.0/
255559,3456249126,Tachinidae_Siphona_maculata_3219496_3456249126,http://creativecommons.org/licenses/by/4.0/
255564,3456249126,Tachinidae_Siphona_maculata_3219501_3456249126,http://creativecommons.org/licenses/by/4.0/
256639,3966406063,Tachinidae_Chaetoria_stylata_2724848_3966406063,http://creativecommons.org/licenses/by-nc/4.0/
256640,3966406063,Tachinidae_Chaetoria_stylata_2724849_3966406063,http://creativecommons.org/licenses/by-nc/4.0/
257066,3985717731,Tachinidae_Cylindromyia_rufipes_1347498_3985717731,http://creativecommons.org/licenses/by-nc/4.0/
257225,3456633834,Tachinidae_Macquartia_tessellum_1841927_3456633834,http://creativecommons.org/licenses/by-sa/4.0/
257227,3456633834,Tachinidae_Macquartia_tessellum_1841929_3456633834,http://creativecommons.org/licenses/by-sa/4.0/
257313,2540819880,Tachinidae_Ectophasia_oblonga_1545721_2540819880,http://creativecommons.org/licenses/by-nc/4.0/
257444,4006756886,Tachinidae_Gonia_bimaculata_675319_4006756886,http://creativecommons.org/licenses/by-nc/4.0/
257805,2423205299,Tachinidae_Dinera_grisescens_2224963_2423205299,http://creativecommons.org/licenses/by/4.0/
258708,3455731492,Tachinidae_Eliozeta_pellucens_458585_3455731492,http://creativecommons.org/licenses/by-nc/4.0/
259376,3915446808,Tachinidae_Cylindromyia_rubida_2707491_3915446808,http://creativecommons.org/licenses/by-nc/4.0/
259378,3915446808,Tachinidae_Cylindromyia_rubida_2707493_3915446808,http://creativecommons.org/licenses/by-nc/4.0/
259619,3858188083,Tachinidae_Plesina_phalerata_3333618_3858188083,http://creativecommons.org/licenses/by-nc/4.0/
260309,3912331442,Tachinidae_Plesina_phalerata_637960_3912331442,http://creativecommons.org/licenses/by-nc/4.0/
260646,2251538525,Tachinidae_Graphogaster_brunnescens_2901113_2251538525,http://creativecommons.org/licenses/by-nc/4.0/
260650,2251538520,Tachinidae_Phytomyptera_minutissima_2901112_2251538520,http://creativecommons.org/licenses/by-nc/4.0/
260654,2249160758,Tachinidae_Campylocheta_inepta_138986_2249160758,http://creativecommons.org/licenses/by-nc/4.0/
260656,2251538623,Tachinidae_Cyzenis_jucunda_2210725_2251538623,http://creativecommons.org/licenses/by-nc/4.0/
260657,2251538667,Tachinidae_Oswaldia_spectabilis_833232_2251538667,http://creativecommons.org/licenses/by-nc/4.0/
260875,3888850370,Tachinidae_Dinera_ferina_2667451_3888850370,http://creativecommons.org/licenses/by-nc/4.0/
260927,2619902798,Tachinidae_Baumhaueria_microps_878692_2619902798,http://creativecommons.org/licenses/by-nc/4.0/
260928,2619902798,Tachinidae_Baumhaueria_microps_878693_2619902798,http://creativecommons.org/licenses/by-nc/4.0/
262191,3337418870,Tachinidae_Phasia_hemiptera_1687164_3337418870,http://creativecommons.org/licenses/by-nc/4.0/
263183,1459206156,Tachinidae_Bothria_frontosa_1426714_1459206156,© all rights reserved
263465,2542357615,Tachinidae_Oswaldia_muscaria_2925280_2542357615,© all rights reserved
263662,1459408117,Tachinidae_Medina_luctuosa_2116425_1459408117,© all rights reserved
263974,1900959438,Tachinidae_Phasia_hemiptera_1462701_1900959438,© all rights reserved
264357,2980185379,Tachinidae_Tachina_tetramera_3013877_2980185379,© all rights reserved
264628,3993095541,Tachinidae_Belida_angelicae_2040344_3993095541,
264630,3993095541,Tachinidae_Belida_angelicae_2040346_3993095541,
264720,1428533941,Tachinidae_Myxexoristops_stolida_43888_1428533941,© all rights reserved
264721,1428533941,Tachinidae_Myxexoristops_stolida_43889_1428533941,© all rights reserved
265224,3856470259,Tachinidae_Rondania_fasciata_3330389_3856470259,
265682,1433077056,Tachinidae_Lydina_aenea_736125_1433077056,© all rights reserved
265744,3857228581,Tachinidae_Pelatachina_tibialis_3330875_3857228581,© all rights reserved
266480,2447484583,Tachinidae_Klugia_marginata_2230593_2447484583,© all rights reserved
266481,2447484583,Tachinidae_Klugia_marginata_2230594_2447484583,© all rights reserved
266482,2447484583,Tachinidae_Klugia_marginata_2230595_2447484583,© all rights reserved
266483,2447484583,Tachinidae_Klugia_marginata_2230596_2447484583,© all rights reserved
266843,3767422468,Tachinidae_Tachina_ursina_1238222_3767422468,© all rights reserved
267604,1459029605,Tachinidae_Subclytia_rotundiventris_1426549_1459029605,© all rights reserved
267616,3049782917,Tachinidae_Admontia_maculisquama_1649156_3049782917,© all rights reserved
267617,3049782917,Tachinidae_Admontia_maculisquama_1649157_3049782917,© all rights reserved
267797,1051317115,Tachinidae_Eurithia_anthophila_2762859_1051317115,© all rights reserved
267915,1459336577,Tachinidae_Billaea_triangulifera_2116271_1459336577,© all rights reserved
267944,3430906229,Tachinidae_Demoticus_plebejus_3094895_3430906229,© all rights reserved
267968,3012990491,Tachinidae_Phania_thoracica_2329804_3012990491,© all rights reserved
268292,3433241164,Tachinidae_Gymnosoma_nudifrons_3096095_3433241164,© all rights reserved
268812,1459302370,Tachinidae_Phania_thoracica_1426827_1459302370,© all rights reserved
268850,1670985360,Tachinidae_Thelaira_nigrina_53520_1670985360,© all rights reserved
268851,1670985360,Tachinidae_Thelaira_nigrina_53521_1670985360,© all rights reserved
268852,1670985360,Tachinidae_Thelaira_nigrina_53522_1670985360,© all rights reserved
268993,1459312055,Tachinidae_Onychogonia_flaviceps_2116220_1459312055,© all rights reserved
268994,1459312055,Tachinidae_Onychogonia_flaviceps_2116221_1459312055,© all rights reserved
269326,3964340653,Tachinidae_Carcelia_puberula_1345046_3964340653,© all rights reserved
269327,3964340653,Tachinidae_Carcelia_puberula_1345047_3964340653,© all rights reserved
269328,3964340653,Tachinidae_Carcelia_puberula_1345048_3964340653,© all rights reserved
269540,1460094406,Tachinidae_Gymnosoma_nudifrons_48413_1460094406,© all rights reserved
269570,2247637213,Tachinidae_Cylindromyia_auriceps_2205616_2247637213,© all rights reserved
269571,2247637213,Tachinidae_Cylindromyia_auriceps_2205617_2247637213,© all rights reserved
269595,1432064269,Tachinidae_Cylindromyia_interrupta_1424430_1432064269,© all rights reserved
269706,1432402855,Tachinidae_Cylindromyia_auriceps_2803331_1432402855,© all rights reserved
269725,3049987825,Tachinidae_Smidtia_amoena_1649200_3049987825,© all rights reserved
269733,3767393417,Tachinidae_Triarthria_setipennis_1927613_3767393417,© all rights reserved
269909,1669826805,Tachinidae_Thelaira_solivaga_2121775_1669826805,© all rights reserved
270577,1433353326,Tachinidae_Chrysomopsis_aurata_2114381_1433353326,© all rights reserved
270585,2866165564,Tachinidae_Cistogaster_globosa_935737_2866165564,© all rights reserved
270679,3433882395,Tachinidae_Pelatachina_tibialis_1028065_3433882395,© all rights reserved
271175,1460715964,Tachinidae_Gonia_picea_2808147_1460715964,© all rights reserved
271176,1428654723,Tachinidae_Carcelia_excisa_1423805_1428654723,© all rights reserved
271177,1428654723,Tachinidae_Carcelia_excisa_1423806_1428654723,© all rights reserved
271185,3880263061,Tachinidae_Nowickia_marklini_3353560_3880263061,© all rights reserved
271515,1460567813,Tachinidae_Gonia_picea_1429223_1460567813,© all rights reserved
271920,1884566248,Tachinidae_Masicera_silvatica_81809_1884566248,© all rights reserved
271922,1884566248,Tachinidae_Masicera_silvatica_81811_1884566248,© all rights reserved
272117,3856997225,Tachinidae_Gymnosoma_nudifrons_1261264_3856997225,© all rights reserved
272135,1431823697,Tachinidae_Cylindromyia_auriceps_2802925_1431823697,© all rights reserved
272256,1428835850,Tachinidae_Nowickia_alpina_2802471_1428835850,© all rights reserved
272257,1428835850,Tachinidae_Nowickia_alpina_2802472_1428835850,© all rights reserved
272285,3432370359,Tachinidae_Dinera_ferina_1716203_3432370359,© all rights reserved
272886,3429593812,Tachinidae_Gymnosoma_rotundatum_3094205_3429593812,© all rights reserved
273184,1459970591,Tachinidae_Subclytia_rotundiventris_2117441_1459970591,© all rights reserved
273513,1670247063,Tachinidae_Nowickia_marklini_744226_1670247063,© all rights reserved
273657,1432148768,Tachinidae_Cylindromyia_auriceps_2803172_1432148768,© all rights reserved
273683,3431595136,Tachinidae_Gonia_ornata_1026852_3431595136,© all rights reserved
273898,3768132193,Tachinidae_Entomophaga_sufferta_549400_3768132193,© all rights reserved
274415,1806970105,Tachinidae_Billaea_triangulifera_746685_1806970105,© all rights reserved
274632,1433591307,Tachinidae_Tachina_grossa_736311_1433591307,© all rights reserved
275104,1459314104,Tachinidae_Onychogonia_flaviceps_47020_1459314104,© all rights reserved
275105,1459314104,Tachinidae_Onychogonia_flaviceps_47021_1459314104,© all rights reserved
275140,1458554145,Tachinidae_Siphona_geniculata_2115791_1458554145,© all rights reserved
275199,1135044677,Tachinidae_Phyllomya_volvulus_2076406_1135044677,© all rights reserved
275233,1460728595,Tachinidae_Cyzenis_albicans_2118668_1460728595,© all rights reserved
275684,1670436673,Tachinidae_Dexia_vacua_2122142_1670436673,© all rights reserved
275750,1123393829,Tachinidae_Billaea_triangulifera_2075991_1123393829,© all rights reserved
275958,2336775949,Tachinidae_Germaria_ruficeps_1528229_2336775949,© all rights reserved
275959,2336775949,Tachinidae_Germaria_ruficeps_1528230_2336775949,© all rights reserved
276140,1036991962,Tachinidae_Trixa_alpina_1383461_1036991962,© all rights reserved
276186,1459862763,Tachinidae_Gonia_ornata_2806654_1459862763,© all rights reserved
276267,2808237888,Tachinidae_Phyllomya_volvulus_2961131_2808237888,© all rights reserved
276975,1961317851,Tachinidae_Phorocera_grandis_101779_1961317851,http://creativecommons.org/licenses/by-nc-nd/4.0/
278842,2838025774,Tachinidae_Brullaea_ocypteroidea_1600037_2838025774,http://creativecommons.org/licenses/by-sa/4.0/
280025,3725521786,Tachinidae_Panzeria_rudis_3267844_3725521786,http://creativecommons.org/licenses/by-nc/4.0/
280453,1963057263,Tachinidae_Phorocera_obscura_1482958_1963057263,http://creativecommons.org/licenses/by-nc-nd/4.0/
280847,2467954785,Tachinidae_Ocytata_pallipes_855225_2467954785,© All rights reserved
280875,2818288429,Tachinidae_Gymnosoma_nudifrons_896520_2818288429,© All rights reserved
281043,2409226064,Tachinidae_Panzeria_truncata_1533129_2409226064,© All rights reserved
282202,3722157976,Tachinidae_Phasia_hemiptera_2569679_3722157976,http://creativecommons.org/licenses/by-nc-nd/4.0/
283716,3721960346,Tachinidae_Peleteria_rubescens_500519_3721960346,http://creativecommons.org/licenses/by-nc-nd/4.0/
283832,1968470654,Tachinidae_Medina_separata_2869534_1968470654,http://creativecommons.org/licenses/by-nc-nd/4.0/
283835,1968470654,Tachinidae_Medina_separata_2869537_1968470654,http://creativecommons.org/licenses/by-nc-nd/4.0/
284629,3825393401,Tachinidae_Gastrolepta_anthracina_566074_3825393401,http://creativecommons.org/licenses/by-nc/4.0/
284977,1964892281,Tachinidae_Peleteria_varia_105075_1964892281,http://creativecommons.org/licenses/by-nc-nd/4.0/
285076,3822655747,Tachinidae_Eriothrix_rufomaculatus_3317840_3822655747,http://creativecommons.org/licenses/by-nc/4.0/
285562,1459040879,Tachinidae_Allophorocera_ferruginea_2115947_1459040879,© all rights reserved
285873,2898398625,Tachinidae_Macquartia_tessellum_250001_2898398625,http://creativecommons.org/licenses/by-nc/4.0/
286275,2603327000,Tachinidae_Phasia_aurigera_2944230_2603327000,http://creativecommons.org/licenses/by-nc/4.0/
286532,2249160602,Tachinidae_Siphona_paludosa_2207108_2249160602,http://creativecommons.org/licenses/by-nc/4.0/
286785,3768782772,Tachinidae_Subclytia_rotundiventris_3307767_3768782772,© all rights reserved
286850,3889114363,Tachinidae_Zeuxia_cinerea_3359555_3889114363,http://creativecommons.org/licenses/by/4.0/
287614,3759559900,Tachinidae_Peleteria_meridionalis_545369_3759559900,http://creativecommons.org/licenses/by-nc/4.0/
287674,3005123575,Tachinidae_Graphogaster_vestita_1638640_3005123575,http://creativecommons.org/licenses/by-nc/4.0/
288664,2898296568,Tachinidae_Kirbya_moerens_2317882_2898296568,http://creativecommons.org/licenses/by-nc/4.0/
289540,3985822896,Tachinidae_Tachina_canariensis_659947_3985822896,http://creativecommons.org/licenses/by/4.0/
289739,2813899241,Tachinidae_Peleteria_rubescens_1583151_2813899241,http://creativecommons.org/licenses/by-nc/4.0/
289859,3947642425,Tachinidae_Trichopoda_pictipennis_1340210_3947642425,http://creativecommons.org/licenses/by/4.0/
289860,3947642425,Tachinidae_Trichopoda_pictipennis_1340211_3947642425,http://creativecommons.org/licenses/by/4.0/
290041,2823443587,Tachinidae_Erynnia_ocypterata_1588293_2823443587,http://creativecommons.org/licenses/by-nc/4.0/
290546,3784658379,Tachinidae_Macquartia_praefica_555030_3784658379,http://creativecommons.org/licenses/by-nc/4.0/
290548,3784658379,Tachinidae_Macquartia_praefica_555032_3784658379,http://creativecommons.org/licenses/by-nc/4.0/
290549,3784658379,Tachinidae_Macquartia_praefica_555033_3784658379,http://creativecommons.org/licenses/by-nc/4.0/
291665,2844473247,Tachinidae_Ectophasia_oblonga_2300365_2844473247,http://creativecommons.org/licenses/by-nc-nd/4.0/
292558,1957086985,Tachinidae_Dinera_ferina_2853341_1957086985,http://creativecommons.org/licenses/by-nc-nd/4.0/
293862,3726370431,Tachinidae_Tachina_lurida_3271365_3726370431,http://creativecommons.org/licenses/by-nc/4.0/
295450,3822661225,Tachinidae_Gymnosoma_nitens_1937813_3822661225,http://creativecommons.org/licenses/by-nc-nd/4.0/
296295,1952523491,Tachinidae_Tachina_grossa_2156563_1952523491,http://creativecommons.org/licenses/by-nc-nd/4.0/
296626,3824909527,Tachinidae_Phasia_barbifrons_1254261_3824909527,http://creativecommons.org/licenses/by-nc-nd/4.0/
296805,1967052769,Tachinidae_Nemorilla_floralis_2868849_1967052769,http://creativecommons.org/licenses/by-nc/4.0/
298908,3879979660,Tachinidae_Masicera_silvatica_2662384_3879979660,© all rights reserved
299199,2423090199,Tachinidae_Trichopoda_pennipes_1535792_2423090199,http://creativecommons.org/licenses/by-nc/4.0/
301821,3825457773,Tachinidae_Frontina_laeta_2634015_3825457773,http://creativecommons.org/licenses/by-nc-nd/4.0/
303960,1974625755,Tachinidae_Sturmia_bella_1500382_1974625755,http://creativecommons.org/licenses/by-nc-nd/4.0/
303962,1974625755,Tachinidae_Sturmia_bella_1500384_1974625755,http://creativecommons.org/licenses/by-nc-nd/4.0/
304098,3457647262,Tachinidae_Estheria_cristata_464635_3457647262,http://creativecommons.org/licenses/by/4.0/
304109,3457650246,Tachinidae_Estheria_cristata_1154481_3457650246,http://creativecommons.org/licenses/by/4.0/
304111,2251538591,Tachinidae_Peribaea_tibialis_1521550_2251538591,http://creativecommons.org/licenses/by-nc/4.0/
305837,3822572105,Tachinidae_Blepharipa_pratensis_559512_3822572105,http://creativecommons.org/licenses/by-nc/4.0/
308324,3432141317,Tachinidae_Dinera_ferina_1716110_3432141317,© all rights reserved
308504,1670416644,Tachinidae_Solieria_pacifica_2811673_1670416644,© all rights reserved
308521,2548604355,Tachinidae_Periscepsia_spathulata_168149_2548604355,© all rights reserved
308920,2609145118,Tachinidae_Gymnocheta_viridis_2945158_2609145118,http://creativecommons.org/licenses/by-nc/4.0/
309194,2251538516,Tachinidae_Loewia_submetallica_2901111_2251538516,http://creativecommons.org/licenses/by-nc/4.0/
309201,2249160487,Tachinidae_Rondania_fasciata_2897363_2249160487,http://creativecommons.org/licenses/by-nc/4.0/
309205,2251538533,Tachinidae_Siphona_boreata_2210707_2251538533,http://creativecommons.org/licenses/by-nc/4.0/
309210,2251538598,Tachinidae_Phytomyptera_bohemica_2901127_2251538598,http://creativecommons.org/licenses/by-nc/4.0/
309211,2251538630,Tachinidae_Erynnia_ocypterata_833229_2251538630,http://creativecommons.org/licenses/by-nc/4.0/
309213,2250765317,Tachinidae_Periscepsia_prunaria_1519160_2250765317,http://creativecommons.org/licenses/by-nc/4.0/
309217,2251538563,Tachinidae_Actia_pilipennis_833215_2251538563,http://creativecommons.org/licenses/by-nc/4.0/
309227,2251538565,Tachinidae_Siphona_boreata_2210714_2251538565,http://creativecommons.org/licenses/by-nc/4.0/
309233,2251538526,Tachinidae_Actia_nigroscutellata_142707_2251538526,http://creativecommons.org/licenses/by-nc/4.0/
309238,2001196050,Tachinidae_Besseria_anthophila_1511729_2001196050,http://creativecommons.org/licenses/by-nc-sa/4.0/
309319,2818330382,Tachinidae_Trichactia_pictiventris_1585666_2818330382,© All rights reserved
309624,2251538557,Tachinidae_Siphona_flavifrons_2901119_2251538557,http://creativecommons.org/licenses/by-nc/4.0/
309630,2249160531,Tachinidae_Phytomyptera_nigrina_2897366_2249160531,http://creativecommons.org/licenses/by-nc/4.0/
309632,2251538585,Tachinidae_Dufouria_nigrita_142719_2251538585,http://creativecommons.org/licenses/by-nc/4.0/
309633,1414939471,Tachinidae_Siphona_abdominalis_2102490_1414939471,http://creativecommons.org/licenses/by-nc/4.0/
309634,2251538597,Tachinidae_Siphona_abdominalis_2210720_2251538597,http://creativecommons.org/licenses/by-nc/4.0/
309636,2251538541,Tachinidae_Phebellia_glauca_1521540_2251538541,http://creativecommons.org/licenses/by-nc/4.0/
309644,2251538554,Tachinidae_Ceromya_bicolor_833213_2251538554,http://creativecommons.org/licenses/by-nc/4.0/
309649,2251538486,Tachinidae_Oswaldia_spectabilis_142702_2251538486,http://creativecommons.org/licenses/by-nc/4.0/
309671,2251538536,Tachinidae_Billaea_pectinata_833210_2251538536,http://creativecommons.org/licenses/by-nc/4.0/
309672,2249159765,Tachinidae_Actia_lamia_829514_2249159765,http://creativecommons.org/licenses/by-nc/4.0/
309673,2251538609,Tachinidae_Oswaldia_spectabilis_1521553_2251538609,http://creativecommons.org/licenses/by-nc/4.0/
309678,2249160421,Tachinidae_Siphona_boreata_1517918_2249160421,http://creativecommons.org/licenses/by-nc/4.0/
311333,3825032040,Tachinidae_Bithia_spreta_3323635_3825032040,http://creativecommons.org/licenses/by-nc-nd/4.0/
311741,3906296237,Tachinidae_Ectophasia_crassipennis_2695982_3906296237,http://creativecommons.org/licenses/by-nc-nd/4.0/
312399,2859972707,Tachinidae_Tachina_fera_3000783_2859972707,http://creativecommons.org/licenses/by-nc/4.0/
312578,3966636800,Tachinidae_Zophomyia_temula_2035454_3966636800,http://creativecommons.org/licenses/by-nc/4.0/
313197,4018235297,Tachinidae_Chetogena_acuminata_3439072_4018235297,http://creativecommons.org/licenses/by-nc/4.0/
313458,3456537803,Tachinidae_Medina_separata_1151952_3456537803,http://creativecommons.org/licenses/by-nc/4.0/
313459,3456537803,Tachinidae_Medina_separata_1151953_3456537803,http://creativecommons.org/licenses/by-nc/4.0/
313463,3456537803,Tachinidae_Medina_separata_1151957_3456537803,http://creativecommons.org/licenses/by-nc/4.0/
313532,3759924144,Tachinidae_Pseudogonia_fasciata_1235420_3759924144,http://creativecommons.org/licenses/by-nc/4.0/
313934,3966818381,Tachinidae_Ocytata_pallipes_2725812_3966818381,http://creativecommons.org/licenses/by-nc/4.0/
314171,3042043396,Tachinidae_Trixa_caerulescens_269169_3042043396,© All rights reserved
314274,3878862318,Tachinidae_Frontina_laeta_1283578_3878862318,© All rights reserved
314602,1823532846,Tachinidae_Allophorocera_ferruginea_2814798_1823532846,© All rights reserved
315030,2468116329,Tachinidae_Prooppia_nigripalpis_2232850_2468116329,© All rights reserved
315373,3927089447,Tachinidae_Lydella_stabulans_1337447_3927089447,© All rights reserved
315406,3927160433,Tachinidae_Thelaira_solivaga_1337477_3927160433,© All rights reserved
315429,3386699357,Tachinidae_Aplomya_confinis_2393462_3386699357,© All rights reserved
315743,3457642336,Tachinidae_Exorista_rustica_1844161_3457642336,http://creativecommons.org/licenses/by/4.0/
315753,3131267317,Tachinidae_Siphona_geniculata_2357009_3131267317,http://creativecommons.org/licenses/by/4.0/
315881,2412203055,Tachinidae_Phryxe_nemea_844846_2412203055,© All rights reserved
316135,3460101398,Tachinidae_Panzeria_truncata_1844838_3460101398,© All rights reserved
316238,2823039437,Tachinidae_Tlephusa_cincinna_1587051_2823039437,© All rights reserved
316240,2823039437,Tachinidae_Tlephusa_cincinna_1587053_2823039437,© All rights reserved
316853,3455430693,Tachinidae_Cylindromyia_bicolor_3215679_3455430693,http://creativecommons.org/licenses/by/4.0/
317163,3328042327,Tachinidae_Siphona_cristata_990991_3328042327,http://creativecommons.org/licenses/by-nc/4.0/
317768,4022057778,Tachinidae_Estheria_simonyi_682894_4022057778,http://creativecommons.org/licenses/by-nc/4.0/
317770,4022057778,Tachinidae_Estheria_simonyi_682896_4022057778,http://creativecommons.org/licenses/by-nc/4.0/
317771,4022057778,Tachinidae_Estheria_simonyi_682897_4022057778,http://creativecommons.org/licenses/by-nc/4.0/
318580,3860780869,Tachinidae_Zophomyia_temula_587215_3860780869,http://creativecommons.org/licenses/by-nc/4.0/
318614,3314242111,Tachinidae_Zeuxia_cinerea_984000_3314242111,http://creativecommons.org/licenses/by-nc/4.0/
318749,3455204014,Tachinidae_Therobia_leonidei_455730_3455204014,http://creativecommons.org/licenses/by-nc/4.0/
319222,3996148658,Tachinidae_Cylindromyia_bicolor_669023_3996148658,http://creativecommons.org/licenses/by-nc-nd/4.0/
320969,3448982133,Tachinidae_Allophorocera_ferruginea_2523013_3448982133,http://creativecommons.org/licenses/by-sa/4.0/
321046,3031173248,Tachinidae_Linnaemya_picta_1643001_3031173248,http://creativecommons.org/licenses/by/4.0/
321658,3825473085,Tachinidae_Gymnocheta_magna_1944664_3825473085,http://creativecommons.org/licenses/by-nc-nd/4.0/
326959,3822131119,Tachinidae_Macquartia_grisea_1247632_3822131119,http://creativecommons.org/licenses/by-nc-nd/4.0/
327176,3822177004,Tachinidae_Medina_collaris_3316691_3822177004,http://creativecommons.org/licenses/by-nc-nd/4.0/
327288,1969682990,Tachinidae_Gastrolepta_anthracina_2181702_1969682990,http://creativecommons.org/licenses/by-nc/4.0/
327974,3824668652,Tachinidae_Zophomyia_temula_1942985_3824668652,http://creativecommons.org/licenses/by-nc-nd/4.0/
329576,1975663100,Tachinidae_Linnaemya_tessellans_2880261_1975663100,http://creativecommons.org/licenses/by-nc/4.0/
329577,1975663100,Tachinidae_Linnaemya_tessellans_2880262_1975663100,http://creativecommons.org/licenses/by-nc/4.0/
329733,3822291056,Tachinidae_Exorista_rustica_2626319_3822291056,http://creativecommons.org/licenses/by-nc-nd/4.0/
329971,2251538524,Tachinidae_Graphogaster_buccata_2210705_2251538524,http://creativecommons.org/licenses/by-nc/4.0/
330272,2815333697,Tachinidae_Trixa_caerulescens_2964412_2815333697,© All rights reserved
330384,2467952518,Tachinidae_Cyrtophleba_vernalis_2232795_2467952518,© All rights reserved
330679,2404977862,Tachinidae_Trixa_caerulescens_1532057_2404977862,© All rights reserved
330680,2404977862,Tachinidae_Trixa_caerulescens_1532058_2404977862,© All rights reserved
331311,3451431394,Tachinidae_Siphona_setosa_455101_3451431394,© All rights reserved
331312,3451431394,Tachinidae_Siphona_setosa_455102_3451431394,© All rights reserved
332070,1019551527,Tachinidae_Exorista_fasciata_2761533_1019551527,http://creativecommons.org/licenses/by-nc-nd/4.0/
332071,1019551527,Tachinidae_Exorista_fasciata_2761534_1019551527,http://creativecommons.org/licenses/by-nc-nd/4.0/
332085,1019551557,Tachinidae_Exorista_larvarum_1382637_1019551557,http://creativecommons.org/licenses/by-nc-nd/4.0/
332095,1019551591,Tachinidae_Meigenia_mutabilis_2806_1019551591,http://creativecommons.org/licenses/by-nc-nd/4.0/
332103,1019551603,Tachinidae_Exorista_fasciata_2761583_1019551603,http://creativecommons.org/licenses/by-nc-nd/4.0/
332104,1019551603,Tachinidae_Exorista_fasciata_2761584_1019551603,http://creativecommons.org/licenses/by-nc-nd/4.0/
332107,1019551592,Tachinidae_Zaira_cinerea_694119_1019551592,http://creativecommons.org/licenses/by-nc-nd/4.0/
332109,1019551609,Tachinidae_Drino_inconspicua_2815_1019551609,http://creativecommons.org/licenses/by-nc-nd/4.0/
332111,1019551609,Tachinidae_Drino_inconspicua_2817_1019551609,http://creativecommons.org/licenses/by-nc-nd/4.0/
332163,1019551561,Tachinidae_Meigenia_mutabilis_1382642_1019551561,http://creativecommons.org/licenses/by-nc-nd/4.0/
332176,1019551596,Tachinidae_Macroprosopa_atrata_2807_1019551596,http://creativecommons.org/licenses/by-nc-nd/4.0/
332177,1019551596,Tachinidae_Macroprosopa_atrata_2808_1019551596,http://creativecommons.org/licenses/by-nc-nd/4.0/
332182,1019551621,Tachinidae_Macroprosopa_atrata_2761596_1019551621,http://creativecommons.org/licenses/by-nc-nd/4.0/
332183,1019551608,Tachinidae_Meigenia_dorsalis_2761585_1019551608,http://creativecommons.org/licenses/by-nc-nd/4.0/
332184,1019551608,Tachinidae_Meigenia_dorsalis_2761586_1019551608,http://creativecommons.org/licenses/by-nc-nd/4.0/
332185,1019551608,Tachinidae_Meigenia_dorsalis_2761587_1019551608,http://creativecommons.org/licenses/by-nc-nd/4.0/
332219,1019551625,Tachinidae_Drino_inconspicua_2072006_1019551625,http://creativecommons.org/licenses/by-nc-nd/4.0/
332220,1019551625,Tachinidae_Drino_inconspicua_2072007_1019551625,http://creativecommons.org/licenses/by-nc-nd/4.0/
332221,1019551625,Tachinidae_Drino_inconspicua_2072008_1019551625,http://creativecommons.org/licenses/by-nc-nd/4.0/
332223,1019551607,Tachinidae_Tachina_inumbrata_2071991_1019551607,http://creativecommons.org/licenses/by-nc-nd/4.0/
332224,1019551607,Tachinidae_Tachina_inumbrata_2071992_1019551607,http://creativecommons.org/licenses/by-nc-nd/4.0/
332225,1019551607,Tachinidae_Tachina_inumbrata_2071993_1019551607,http://creativecommons.org/licenses/by-nc-nd/4.0/
332226,1019551607,Tachinidae_Tachina_inumbrata_2071994_1019551607,http://creativecommons.org/licenses/by-nc-nd/4.0/
332227,1019551630,Tachinidae_Tachina_inumbrata_2761599_1019551630,http://creativecommons.org/licenses/by-nc-nd/4.0/
332228,1019551630,Tachinidae_Tachina_inumbrata_2761600_1019551630,http://creativecommons.org/licenses/by-nc-nd/4.0/
332229,1019551630,Tachinidae_Tachina_inumbrata_2761601_1019551630,http://creativecommons.org/licenses/by-nc-nd/4.0/
332230,1019551630,Tachinidae_Tachina_inumbrata_2761602_1019551630,http://creativecommons.org/licenses/by-nc-nd/4.0/
332237,1019551626,Tachinidae_Exorista_larvarum_2761597_1019551626,http://creativecommons.org/licenses/by-nc-nd/4.0/
332253,1019551574,Tachinidae_Exorista_larvarum_694105_1019551574,http://creativecommons.org/licenses/by-nc-nd/4.0/
332273,1019551485,Tachinidae_Wagneria_costata_1382594_1019551485,http://creativecommons.org/licenses/by-nc-nd/4.0/
332274,1019551567,Tachinidae_Wagneria_cunctans_2071965_1019551567,http://creativecommons.org/licenses/by-nc-nd/4.0/
332275,1019551567,Tachinidae_Wagneria_cunctans_2071966_1019551567,http://creativecommons.org/licenses/by-nc-nd/4.0/
332276,1019551567,Tachinidae_Wagneria_cunctans_2071967_1019551567,http://creativecommons.org/licenses/by-nc-nd/4.0/
332277,1019551567,Tachinidae_Wagneria_cunctans_2071968_1019551567,http://creativecommons.org/licenses/by-nc-nd/4.0/
332278,1019551544,Tachinidae_Wagneria_costata_2071947_1019551544,http://creativecommons.org/licenses/by-nc-nd/4.0/
332279,1019551544,Tachinidae_Wagneria_costata_2071948_1019551544,http://creativecommons.org/licenses/by-nc-nd/4.0/
332280,1019551544,Tachinidae_Wagneria_costata_2071949_1019551544,http://creativecommons.org/licenses/by-nc-nd/4.0/
332281,1019551544,Tachinidae_Wagneria_costata_2071950_1019551544,http://creativecommons.org/licenses/by-nc-nd/4.0/
332299,1019551508,Tachinidae_Phytomyptera_nigrina_2071922_1019551508,http://creativecommons.org/licenses/by-nc-nd/4.0/
332300,1019551508,Tachinidae_Phytomyptera_nigrina_2071923_1019551508,http://creativecommons.org/licenses/by-nc-nd/4.0/
332301,1019551508,Tachinidae_Phytomyptera_nigrina_2071924_1019551508,http://creativecommons.org/licenses/by-nc-nd/4.0/
332302,1019551508,Tachinidae_Phytomyptera_nigrina_2071925_1019551508,http://creativecommons.org/licenses/by-nc-nd/4.0/
332318,1019551517,Tachinidae_Rhamphina_pedemontana_2071929_1019551517,http://creativecommons.org/licenses/by-nc-nd/4.0/
332319,1019551517,Tachinidae_Rhamphina_pedemontana_2071930_1019551517,http://creativecommons.org/licenses/by-nc-nd/4.0/
332320,1019551517,Tachinidae_Rhamphina_pedemontana_2071931_1019551517,http://creativecommons.org/licenses/by-nc-nd/4.0/
332321,1019551517,Tachinidae_Rhamphina_pedemontana_2071932_1019551517,http://creativecommons.org/licenses/by-nc-nd/4.0/
332322,1019551530,Tachinidae_Hyperaea_femoralis_2071939_1019551530,http://creativecommons.org/licenses/by-nc-nd/4.0/
332323,1019551530,Tachinidae_Hyperaea_femoralis_2071940_1019551530,http://creativecommons.org/licenses/by-nc-nd/4.0/
332325,1019551530,Tachinidae_Hyperaea_femoralis_2071942_1019551530,http://creativecommons.org/licenses/by-nc-nd/4.0/
332327,1019551531,Tachinidae_Hyperaea_femoralis_2761536_1019551531,http://creativecommons.org/licenses/by-nc-nd/4.0/
332328,1019551531,Tachinidae_Hyperaea_femoralis_2761537_1019551531,http://creativecommons.org/licenses/by-nc-nd/4.0/
332335,1019551571,Tachinidae_Periscepsia_carbonaria_2071970_1019551571,http://creativecommons.org/licenses/by-nc-nd/4.0/
332341,1019551540,Tachinidae_Meigenia_mutabilis_2761546_1019551540,http://creativecommons.org/licenses/by-nc-nd/4.0/
332361,1019551548,Tachinidae_Eriothrix_argyreatus_1382630_1019551548,http://creativecommons.org/licenses/by-nc-nd/4.0/
332362,1019551548,Tachinidae_Eriothrix_argyreatus_1382631_1019551548,http://creativecommons.org/licenses/by-nc-nd/4.0/
332363,1019551555,Tachinidae_Eriothrix_argyreatus_2782_1019551555,http://creativecommons.org/licenses/by-nc-nd/4.0/
332364,1019551555,Tachinidae_Eriothrix_argyreatus_2783_1019551555,http://creativecommons.org/licenses/by-nc-nd/4.0/
332365,1019551547,Tachinidae_Sturmia_bella_694084_1019551547,http://creativecommons.org/licenses/by-nc-nd/4.0/
332371,1019551568,Tachinidae_Sturmia_bella_2761562_1019551568,http://creativecommons.org/licenses/by-nc-nd/4.0/
332377,1019551602,Tachinidae_Clairvillia_biguttata_2071987_1019551602,http://creativecommons.org/licenses/by-nc-nd/4.0/
332378,1019551602,Tachinidae_Clairvillia_biguttata_2071988_1019551602,http://creativecommons.org/licenses/by-nc-nd/4.0/
332407,1019551600,Tachinidae_Siphona_geniculata_694124_1019551600,http://creativecommons.org/licenses/by-nc-nd/4.0/
332415,1019551559,Tachinidae_Siphona_geniculata_2761554_1019551559,http://creativecommons.org/licenses/by-nc-nd/4.0/
332427,1019551569,Tachinidae_Siphona_geniculata_2792_1019551569,http://creativecommons.org/licenses/by-nc-nd/4.0/
332438,1019551532,Tachinidae_Compsilura_concinnata_2766_1019551532,http://creativecommons.org/licenses/by-nc-nd/4.0/
332446,1019551510,Tachinidae_Compsilura_concinnata_694061_1019551510,http://creativecommons.org/licenses/by-nc-nd/4.0/
332457,1019551493,Tachinidae_Campylocheta_praecox_694044_1019551493,http://creativecommons.org/licenses/by-nc-nd/4.0/
332473,1019551526,Tachinidae_Lecanipa_leucomelas_2071935_1019551526,http://creativecommons.org/licenses/by-nc-nd/4.0/
332474,1019551526,Tachinidae_Lecanipa_leucomelas_2071936_1019551526,http://creativecommons.org/licenses/by-nc-nd/4.0/
332475,1019551526,Tachinidae_Lecanipa_leucomelas_2071937_1019551526,http://creativecommons.org/licenses/by-nc-nd/4.0/
332476,1019551526,Tachinidae_Lecanipa_leucomelas_2071938_1019551526,http://creativecommons.org/licenses/by-nc-nd/4.0/
332477,1019551535,Tachinidae_Athrycia_trepida_2071943_1019551535,http://creativecommons.org/licenses/by-nc-nd/4.0/
332479,1019551535,Tachinidae_Athrycia_trepida_2071945_1019551535,http://creativecommons.org/licenses/by-nc-nd/4.0/
332480,1019551535,Tachinidae_Athrycia_trepida_2071946_1019551535,http://creativecommons.org/licenses/by-nc-nd/4.0/
332481,1019551539,Tachinidae_Athrycia_trepida_1382624_1019551539,http://creativecommons.org/licenses/by-nc-nd/4.0/
332489,1019551554,Tachinidae_Plesina_phalerata_2761551_1019551554,http://creativecommons.org/licenses/by-nc-nd/4.0/
332490,1019551554,Tachinidae_Plesina_phalerata_2761552_1019551554,http://creativecommons.org/licenses/by-nc-nd/4.0/
332495,1019551543,Tachinidae_Cyrtophleba_ruricola_1382627_1019551543,http://creativecommons.org/licenses/by-nc-nd/4.0/
332496,1019551543,Tachinidae_Cyrtophleba_ruricola_1382628_1019551543,http://creativecommons.org/licenses/by-nc-nd/4.0/
332503,1019551549,Tachinidae_Athrycia_trepida_2071952_1019551549,http://creativecommons.org/licenses/by-nc-nd/4.0/
332508,1019551492,Tachinidae_Policheta_unicolor_2735_1019551492,http://creativecommons.org/licenses/by-nc-nd/4.0/
332509,1019551492,Tachinidae_Policheta_unicolor_2736_1019551492,http://creativecommons.org/licenses/by-nc-nd/4.0/
332511,1019551523,Tachinidae_Policheta_unicolor_2757_1019551523,http://creativecommons.org/licenses/by-nc-nd/4.0/
332512,1019551523,Tachinidae_Policheta_unicolor_2758_1019551523,http://creativecommons.org/licenses/by-nc-nd/4.0/
332513,1019551523,Tachinidae_Policheta_unicolor_2759_1019551523,http://creativecommons.org/licenses/by-nc-nd/4.0/
332521,1019551633,Tachinidae_Demoticus_plebejus_1382687_1019551633,http://creativecommons.org/licenses/by-nc-nd/4.0/
332523,1019551613,Tachinidae_Demoticus_plebejus_2819_1019551613,http://creativecommons.org/licenses/by-nc-nd/4.0/
332528,1019551552,Tachinidae_Exorista_rustica_1382632_1019551552,http://creativecommons.org/licenses/by-nc-nd/4.0/
332742,1019551610,Tachinidae_Trixa_caerulescens_1382673_1019551610,http://creativecommons.org/licenses/by-nc-nd/4.0/
332745,1019551667,Tachinidae_Trixa_caerulescens_2761626_1019551667,http://creativecommons.org/licenses/by-nc-nd/4.0/
332756,1019551651,Tachinidae_Trixa_caerulescens_1382701_1019551651,http://creativecommons.org/licenses/by-nc-nd/4.0/
332768,1019551627,Tachinidae_Actia_pilipennis_2827_1019551627,http://creativecommons.org/licenses/by-nc-nd/4.0/
332769,1019551627,Tachinidae_Actia_pilipennis_2828_1019551627,http://creativecommons.org/licenses/by-nc-nd/4.0/
332772,1019551619,Tachinidae_Triarthria_setipennis_694135_1019551619,http://creativecommons.org/licenses/by-nc-nd/4.0/
332775,1019551657,Tachinidae_Ceromya_silacea_2072027_1019551657,http://creativecommons.org/licenses/by-nc-nd/4.0/
332777,1019551657,Tachinidae_Ceromya_silacea_2072029_1019551657,http://creativecommons.org/licenses/by-nc-nd/4.0/
332781,1019551643,Tachinidae_Trixa_caerulescens_2072017_1019551643,http://creativecommons.org/licenses/by-nc-nd/4.0/
332787,1019551632,Tachinidae_Ceromya_bicolor_694144_1019551632,http://creativecommons.org/licenses/by-nc-nd/4.0/
332788,1019551632,Tachinidae_Ceromya_bicolor_694145_1019551632,http://creativecommons.org/licenses/by-nc-nd/4.0/
332789,1019551618,Tachinidae_Actia_crassicornis_2820_1019551618,http://creativecommons.org/licenses/by-nc-nd/4.0/
332791,1019551618,Tachinidae_Actia_crassicornis_2822_1019551618,http://creativecommons.org/licenses/by-nc-nd/4.0/
332793,1019551664,Tachinidae_Entomophaga_exoleta_694164_1019551664,http://creativecommons.org/licenses/by-nc-nd/4.0/
332794,1019551664,Tachinidae_Entomophaga_exoleta_694165_1019551664,http://creativecommons.org/licenses/by-nc-nd/4.0/
332795,1019551664,Tachinidae_Entomophaga_exoleta_694166_1019551664,http://creativecommons.org/licenses/by-nc-nd/4.0/
332797,1019551664,Tachinidae_Entomophaga_exoleta_694168_1019551664,http://creativecommons.org/licenses/by-nc-nd/4.0/
332798,1019551635,Tachinidae_Entomophaga_exoleta_2761603_1019551635,http://creativecommons.org/licenses/by-nc-nd/4.0/
332799,1019551635,Tachinidae_Entomophaga_exoleta_2761604_1019551635,http://creativecommons.org/licenses/by-nc-nd/4.0/
332800,1019551635,Tachinidae_Entomophaga_exoleta_2761605_1019551635,http://creativecommons.org/licenses/by-nc-nd/4.0/
332802,1019551597,Tachinidae_Actia_pilipennis_694122_1019551597,http://creativecommons.org/licenses/by-nc-nd/4.0/
332803,1019551642,Tachinidae_Bithia_sybarita_1382692_1019551642,http://creativecommons.org/licenses/by-nc-nd/4.0/
332804,1019551642,Tachinidae_Bithia_sybarita_1382693_1019551642,http://creativecommons.org/licenses/by-nc-nd/4.0/
332805,1019551642,Tachinidae_Bithia_sybarita_1382694_1019551642,http://creativecommons.org/licenses/by-nc-nd/4.0/
332809,1019551649,Tachinidae_Phryxe_nemea_2761614_1019551649,http://creativecommons.org/licenses/by-nc-nd/4.0/
332814,1019551663,Tachinidae_Opesia_cana_2851_1019551663,http://creativecommons.org/licenses/by-nc-nd/4.0/
332815,1019551663,Tachinidae_Opesia_cana_2852_1019551663,http://creativecommons.org/licenses/by-nc-nd/4.0/
332816,1019551663,Tachinidae_Opesia_cana_2853_1019551663,http://creativecommons.org/licenses/by-nc-nd/4.0/
332817,1019551663,Tachinidae_Opesia_cana_2854_1019551663,http://creativecommons.org/licenses/by-nc-nd/4.0/
332818,1019551663,Tachinidae_Opesia_cana_2855_1019551663,http://creativecommons.org/licenses/by-nc-nd/4.0/
332819,1019551663,Tachinidae_Opesia_cana_2856_1019551663,http://creativecommons.org/licenses/by-nc-nd/4.0/
332820,1019551680,Tachinidae_Xysta_holosericea_2761636_1019551680,http://creativecommons.org/licenses/by-nc-nd/4.0/
332821,1019551680,Tachinidae_Xysta_holosericea_2761637_1019551680,http://creativecommons.org/licenses/by-nc-nd/4.0/
332823,1019551680,Tachinidae_Xysta_holosericea_2761639_1019551680,http://creativecommons.org/licenses/by-nc-nd/4.0/
332824,1019551680,Tachinidae_Xysta_holosericea_2761640_1019551680,http://creativecommons.org/licenses/by-nc-nd/4.0/
332825,1019551680,Tachinidae_Xysta_holosericea_2761641_1019551680,http://creativecommons.org/licenses/by-nc-nd/4.0/
332829,1019551665,Tachinidae_Xysta_holosericea_1382709_1019551665,http://creativecommons.org/licenses/by-nc-nd/4.0/
332834,1019551691,Tachinidae_Zeuxia_cinerea_694188_1019551691,http://creativecommons.org/licenses/by-nc-nd/4.0/
332837,1019551674,Tachinidae_Phania_thoracica_1382712_1019551674,http://creativecommons.org/licenses/by-nc-nd/4.0/
332841,1019551677,Tachinidae_Phania_thoracica_2868_1019551677,http://creativecommons.org/licenses/by-nc-nd/4.0/
332842,1019551677,Tachinidae_Phania_thoracica_2869_1019551677,http://creativecommons.org/licenses/by-nc-nd/4.0/
332843,1019551677,Tachinidae_Phania_thoracica_2870_1019551677,http://creativecommons.org/licenses/by-nc-nd/4.0/
334919,1019551265,Tachinidae_Phryxe_vulgaris_2071755_1019551265,http://creativecommons.org/licenses/by-nc-nd/4.0/
334926,1019551293,Tachinidae_Phryxe_vulgaris_2761378_1019551293,http://creativecommons.org/licenses/by-nc-nd/4.0/
334928,1019551298,Tachinidae_Thelymorpha_marmorata_2761380_1019551298,http://creativecommons.org/licenses/by-nc-nd/4.0/
334929,1019551298,Tachinidae_Thelymorpha_marmorata_2761381_1019551298,http://creativecommons.org/licenses/by-nc-nd/4.0/
334930,1019551298,Tachinidae_Thelymorpha_marmorata_2761382_1019551298,http://creativecommons.org/licenses/by-nc-nd/4.0/
334940,1019551292,Tachinidae_Pexopsis_aprica_2071774_1019551292,http://creativecommons.org/licenses/by-nc-nd/4.0/
334948,1019551230,Tachinidae_Pexopsis_aprica_2581_1019551230,http://creativecommons.org/licenses/by-nc-nd/4.0/
334951,1019551228,Tachinidae_Zaira_cinerea_1382424_1019551228,http://creativecommons.org/licenses/by-nc-nd/4.0/
334954,1019551228,Tachinidae_Zaira_cinerea_1382427_1019551228,http://creativecommons.org/licenses/by-nc-nd/4.0/
334980,1019551232,Tachinidae_Epicampocera_succincta_1382431_1019551232,http://creativecommons.org/licenses/by-nc-nd/4.0/
334989,1019551244,Tachinidae_Drino_lota_2588_1019551244,http://creativecommons.org/licenses/by-nc-nd/4.0/
334994,1019551233,Tachinidae_Phryxe_vulgaris_2071734_1019551233,http://creativecommons.org/licenses/by-nc-nd/4.0/
335040,1019551212,Tachinidae_Phebellia_glauca_2568_1019551212,http://creativecommons.org/licenses/by-nc-nd/4.0/
335051,1019551240,Tachinidae_Zenillia_libatrix_693892_1019551240,http://creativecommons.org/licenses/by-nc-nd/4.0/
335052,1019551240,Tachinidae_Zenillia_libatrix_693893_1019551240,http://creativecommons.org/licenses/by-nc-nd/4.0/
335062,1019551257,Tachinidae_Platymya_fimbriata_2761357_1019551257,http://creativecommons.org/licenses/by-nc-nd/4.0/
335125,1019551238,Tachinidae_Platymya_fimbriata_2071737_1019551238,http://creativecommons.org/licenses/by-nc-nd/4.0/
335130,1019551192,Tachinidae_Platymya_fimbriata_1382411_1019551192,http://creativecommons.org/licenses/by-nc-nd/4.0/
335146,1019551210,Tachinidae_Belida_angelicae_2071720_1019551210,http://creativecommons.org/licenses/by-nc-nd/4.0/
335147,1019551270,Tachinidae_Bithia_modesta_2761366_1019551270,http://creativecommons.org/licenses/by-nc-nd/4.0/
335148,1019551270,Tachinidae_Bithia_modesta_2761367_1019551270,http://creativecommons.org/licenses/by-nc-nd/4.0/
335149,1019551270,Tachinidae_Bithia_modesta_2761368_1019551270,http://creativecommons.org/licenses/by-nc-nd/4.0/
335150,1019551270,Tachinidae_Bithia_modesta_2761369_1019551270,http://creativecommons.org/licenses/by-nc-nd/4.0/
335151,1019551268,Tachinidae_Eumea_mitis_693901_1019551268,http://creativecommons.org/licenses/by-nc-nd/4.0/
335155,1019551273,Tachinidae_Eumea_mitis_1382453_1019551273,http://creativecommons.org/licenses/by-nc-nd/4.0/
335156,1019551273,Tachinidae_Eumea_mitis_1382454_1019551273,http://creativecommons.org/licenses/by-nc-nd/4.0/
335157,1019551273,Tachinidae_Eumea_mitis_1382455_1019551273,http://creativecommons.org/licenses/by-nc-nd/4.0/
335160,1019551286,Tachinidae_Hubneria_affinis_693917_1019551286,http://creativecommons.org/licenses/by-nc-nd/4.0/
335163,1019551204,Tachinidae_Carcelia_lucorum_693865_1019551204,http://creativecommons.org/licenses/by-nc-nd/4.0/
335171,1019551220,Tachinidae_Carcelia_lucorum_2761335_1019551220,http://creativecommons.org/licenses/by-nc-nd/4.0/
335174,1019551220,Tachinidae_Carcelia_lucorum_2761338_1019551220,http://creativecommons.org/licenses/by-nc-nd/4.0/
335179,1019551267,Tachinidae_Drino_lota_2603_1019551267,http://creativecommons.org/licenses/by-nc-nd/4.0/
335182,1019551184,Tachinidae_Drino_lota_2071698_1019551184,http://creativecommons.org/licenses/by-nc-nd/4.0/
335183,1019551184,Tachinidae_Drino_lota_2071699_1019551184,http://creativecommons.org/licenses/by-nc-nd/4.0/
335184,1019551184,Tachinidae_Drino_lota_2071700_1019551184,http://creativecommons.org/licenses/by-nc-nd/4.0/
335191,1019551249,Tachinidae_Phebellia_glauca_2592_1019551249,http://creativecommons.org/licenses/by-nc-nd/4.0/
335194,1019551248,Tachinidae_Cyzenis_albicans_2761352_1019551248,http://creativecommons.org/licenses/by-nc-nd/4.0/
335201,1019551255,Tachinidae_Cyzenis_jucunda_1382443_1019551255,http://creativecommons.org/licenses/by-nc-nd/4.0/
335203,1019551255,Tachinidae_Cyzenis_jucunda_1382445_1019551255,http://creativecommons.org/licenses/by-nc-nd/4.0/
335207,1019551261,Tachinidae_Nilea_hortulana_2761360_1019551261,http://creativecommons.org/licenses/by-nc-nd/4.0/
335209,1019551261,Tachinidae_Nilea_hortulana_2761362_1019551261,http://creativecommons.org/licenses/by-nc-nd/4.0/
335214,1019551211,Tachinidae_Nilea_hortulana_2761329_1019551211,http://creativecommons.org/licenses/by-nc-nd/4.0/
335223,1019551203,Tachinidae_Phryxe_heraclei_2559_1019551203,http://creativecommons.org/licenses/by-nc-nd/4.0/
335274,1019551199,Tachinidae_Compsilura_concinnata_2761321_1019551199,http://creativecommons.org/licenses/by-nc-nd/4.0/
335276,1019551131,Tachinidae_Campylocheta_inepta_2520_1019551131,http://creativecommons.org/licenses/by-nc-nd/4.0/
335279,1019551131,Tachinidae_Campylocheta_inepta_2523_1019551131,http://creativecommons.org/licenses/by-nc-nd/4.0/
335290,1019551147,Tachinidae_Estheria_cristata_1382382_1019551147,http://creativecommons.org/licenses/by-nc-nd/4.0/
335294,1019551145,Tachinidae_Estheria_cristata_2535_1019551145,http://creativecommons.org/licenses/by-nc-nd/4.0/
335299,1019551191,Tachinidae_Dexia_vacua_693860_1019551191,http://creativecommons.org/licenses/by-nc-nd/4.0/
335312,1019551183,Tachinidae_Belida_angelicae_1382403_1019551183,http://creativecommons.org/licenses/by-nc-nd/4.0/
335313,1019551183,Tachinidae_Belida_angelicae_1382404_1019551183,http://creativecommons.org/licenses/by-nc-nd/4.0/
335321,1019551179,Tachinidae_Zenillia_libatrix_1382399_1019551179,http://creativecommons.org/licenses/by-nc-nd/4.0/
335322,1019551179,Tachinidae_Zenillia_libatrix_1382400_1019551179,http://creativecommons.org/licenses/by-nc-nd/4.0/
335323,1019551179,Tachinidae_Zenillia_libatrix_1382401_1019551179,http://creativecommons.org/licenses/by-nc-nd/4.0/
335324,1019551179,Tachinidae_Zenillia_libatrix_1382402_1019551179,http://creativecommons.org/licenses/by-nc-nd/4.0/
335328,1019551225,Tachinidae_Ptesiomyia_alacris_2761339_1019551225,http://creativecommons.org/licenses/by-nc-nd/4.0/
335329,1019551225,Tachinidae_Ptesiomyia_alacris_2761340_1019551225,http://creativecommons.org/licenses/by-nc-nd/4.0/
335330,1019551225,Tachinidae_Ptesiomyia_alacris_2761341_1019551225,http://creativecommons.org/licenses/by-nc-nd/4.0/
335331,1019551225,Tachinidae_Ptesiomyia_alacris_2761342_1019551225,http://creativecommons.org/licenses/by-nc-nd/4.0/
335343,1019551237,Tachinidae_Hubneria_affinis_1382433_1019551237,http://creativecommons.org/licenses/by-nc-nd/4.0/
335399,1019551236,Tachinidae_Besseria_melanura_693887_1019551236,http://creativecommons.org/licenses/by-nc-nd/4.0/
335400,1019551236,Tachinidae_Besseria_melanura_693888_1019551236,http://creativecommons.org/licenses/by-nc-nd/4.0/
335401,1019551236,Tachinidae_Besseria_melanura_693889_1019551236,http://creativecommons.org/licenses/by-nc-nd/4.0/
335402,1019551236,Tachinidae_Besseria_melanura_693890_1019551236,http://creativecommons.org/licenses/by-nc-nd/4.0/
335403,1019551236,Tachinidae_Besseria_melanura_693891_1019551236,http://creativecommons.org/licenses/by-nc-nd/4.0/
335404,1019551263,Tachinidae_Gymnosoma_costatum_693898_1019551263,http://creativecommons.org/licenses/by-nc-nd/4.0/
335406,1019551263,Tachinidae_Gymnosoma_costatum_693900_1019551263,http://creativecommons.org/licenses/by-nc-nd/4.0/
335414,1019551315,Tachinidae_Gonia_vacua_2761396_1019551315,http://creativecommons.org/licenses/by-nc-nd/4.0/
335416,1019551315,Tachinidae_Gonia_vacua_2761398_1019551315,http://creativecommons.org/licenses/by-nc-nd/4.0/
335419,1019551281,Tachinidae_Gonia_vacua_693913_1019551281,http://creativecommons.org/licenses/by-nc-nd/4.0/
335420,1019551281,Tachinidae_Gonia_vacua_693914_1019551281,http://creativecommons.org/licenses/by-nc-nd/4.0/
335427,1019551316,Tachinidae_Gonia_ornata_2634_1019551316,http://creativecommons.org/licenses/by-nc-nd/4.0/
335432,1019551264,Tachinidae_Spallanzania_hebes_1382446_1019551264,http://creativecommons.org/licenses/by-nc-nd/4.0/
335433,1019551264,Tachinidae_Spallanzania_hebes_1382447_1019551264,http://creativecommons.org/licenses/by-nc-nd/4.0/
335445,1019551302,Tachinidae_Gonia_capitata_2626_1019551302,http://creativecommons.org/licenses/by-nc-nd/4.0/
335448,1019551250,Tachinidae_Gonia_atra_1382440_1019551250,http://creativecommons.org/licenses/by-nc-nd/4.0/
335449,1019551250,Tachinidae_Gonia_atra_1382441_1019551250,http://creativecommons.org/licenses/by-nc-nd/4.0/
335454,1019551300,Tachinidae_Thelymorpha_marmorata_2071780_1019551300,http://creativecommons.org/licenses/by-nc-nd/4.0/
335455,1019551300,Tachinidae_Thelymorpha_marmorata_2071781_1019551300,http://creativecommons.org/licenses/by-nc-nd/4.0/
335466,1019551340,Tachinidae_Bampura_innoxia_1382506_1019551340,http://creativecommons.org/licenses/by-nc-nd/4.0/
335468,1019551399,Tachinidae_Bampura_innoxia_693981_1019551399,http://creativecommons.org/licenses/by-nc-nd/4.0/
335477,1019551398,Tachinidae_Erycia_festinans_2677_1019551398,http://creativecommons.org/licenses/by-nc-nd/4.0/
335478,1019551398,Tachinidae_Erycia_festinans_2678_1019551398,http://creativecommons.org/licenses/by-nc-nd/4.0/
335479,1019551398,Tachinidae_Erycia_festinans_2679_1019551398,http://creativecommons.org/licenses/by-nc-nd/4.0/
335480,1019551398,Tachinidae_Erycia_festinans_2680_1019551398,http://creativecommons.org/licenses/by-nc-nd/4.0/
335495,1019551366,Tachinidae_Erycia_fatua_2660_1019551366,http://creativecommons.org/licenses/by-nc-nd/4.0/
335496,1019551366,Tachinidae_Erycia_fatua_2661_1019551366,http://creativecommons.org/licenses/by-nc-nd/4.0/
335498,1019551366,Tachinidae_Erycia_fatua_2663_1019551366,http://creativecommons.org/licenses/by-nc-nd/4.0/
335502,1019551386,Tachinidae_Pexopsis_aprica_1382536_1019551386,http://creativecommons.org/licenses/by-nc-nd/4.0/
335503,1019551386,Tachinidae_Pexopsis_aprica_1382537_1019551386,http://creativecommons.org/licenses/by-nc-nd/4.0/
335504,1019551386,Tachinidae_Pexopsis_aprica_1382538_1019551386,http://creativecommons.org/licenses/by-nc-nd/4.0/
335521,1019551368,Tachinidae_Macquartia_dispar_1382520_1019551368,http://creativecommons.org/licenses/by-nc-nd/4.0/
335526,1019551308,Tachinidae_Macquartia_dispar_693929_1019551308,http://creativecommons.org/licenses/by-nc-nd/4.0/
335531,1019551360,Tachinidae_Eriothrix_prolixa_2761430_1019551360,http://creativecommons.org/licenses/by-nc-nd/4.0/
335532,1019551360,Tachinidae_Eriothrix_prolixa_2761431_1019551360,http://creativecommons.org/licenses/by-nc-nd/4.0/
335533,1019551360,Tachinidae_Eriothrix_prolixa_2761432_1019551360,http://creativecommons.org/licenses/by-nc-nd/4.0/
335534,1019551360,Tachinidae_Eriothrix_prolixa_2761433_1019551360,http://creativecommons.org/licenses/by-nc-nd/4.0/
335540,1019551371,Tachinidae_Macquartia_praefica_693974_1019551371,http://creativecommons.org/licenses/by-nc-nd/4.0/
335541,1019551370,Tachinidae_Medina_luctuosa_2664_1019551370,http://creativecommons.org/licenses/by-nc-nd/4.0/
335543,1019551370,Tachinidae_Medina_luctuosa_2666_1019551370,http://creativecommons.org/licenses/by-nc-nd/4.0/
335544,1019551370,Tachinidae_Medina_luctuosa_2667_1019551370,http://creativecommons.org/licenses/by-nc-nd/4.0/
335545,1019551370,Tachinidae_Medina_luctuosa_2668_1019551370,http://creativecommons.org/licenses/by-nc-nd/4.0/
335555,1019551382,Tachinidae_Medina_melania_2071832_1019551382,http://creativecommons.org/licenses/by-nc-nd/4.0/
335556,1019551382,Tachinidae_Medina_melania_2071833_1019551382,http://creativecommons.org/licenses/by-nc-nd/4.0/
335557,1019551382,Tachinidae_Medina_melania_2071834_1019551382,http://creativecommons.org/licenses/by-nc-nd/4.0/
335558,1019551382,Tachinidae_Medina_melania_2071835_1019551382,http://creativecommons.org/licenses/by-nc-nd/4.0/
335559,1019551382,Tachinidae_Medina_melania_2071836_1019551382,http://creativecommons.org/licenses/by-nc-nd/4.0/
335594,1019551408,Tachinidae_Medina_melania_1382549_1019551408,http://creativecommons.org/licenses/by-nc-nd/4.0/
335595,1019551408,Tachinidae_Medina_melania_1382550_1019551408,http://creativecommons.org/licenses/by-nc-nd/4.0/
335597,1019551408,Tachinidae_Medina_melania_1382552_1019551408,http://creativecommons.org/licenses/by-nc-nd/4.0/
335598,1019551328,Tachinidae_Allophorocera_rutila_2071795_1019551328,http://creativecommons.org/licenses/by-nc-nd/4.0/
335599,1019551328,Tachinidae_Allophorocera_rutila_2071796_1019551328,http://creativecommons.org/licenses/by-nc-nd/4.0/
335600,1019551328,Tachinidae_Allophorocera_rutila_2071797_1019551328,http://creativecommons.org/licenses/by-nc-nd/4.0/
335601,1019551328,Tachinidae_Allophorocera_rutila_2071798_1019551328,http://creativecommons.org/licenses/by-nc-nd/4.0/
335606,1019551381,Tachinidae_Weberia_digramma_1382530_1019551381,http://creativecommons.org/licenses/by-nc-nd/4.0/
335607,1019551381,Tachinidae_Weberia_digramma_1382531_1019551381,http://creativecommons.org/licenses/by-nc-nd/4.0/
335609,1019551381,Tachinidae_Weberia_digramma_1382533_1019551381,http://creativecommons.org/licenses/by-nc-nd/4.0/
335612,1019551349,Tachinidae_Weberia_digramma_693959_1019551349,http://creativecommons.org/licenses/by-nc-nd/4.0/
335615,1019551349,Tachinidae_Weberia_digramma_693962_1019551349,http://creativecommons.org/licenses/by-nc-nd/4.0/
335623,1019551327,Tachinidae_Dufouria_nigrita_1382490_1019551327,http://creativecommons.org/licenses/by-nc-nd/4.0/
335626,1019551327,Tachinidae_Dufouria_nigrita_1382493_1019551327,http://creativecommons.org/licenses/by-nc-nd/4.0/
335633,1019551388,Tachinidae_Masicera_silvatica_2761442_1019551388,http://creativecommons.org/licenses/by-nc-nd/4.0/
335638,1019551393,Tachinidae_Masicera_silvatica_2675_1019551393,http://creativecommons.org/licenses/by-nc-nd/4.0/
335639,1019551393,Tachinidae_Masicera_silvatica_2676_1019551393,http://creativecommons.org/licenses/by-nc-nd/4.0/
335644,1019551378,Tachinidae_Allophorocera_rutila_2071828_1019551378,http://creativecommons.org/licenses/by-nc-nd/4.0/
335645,1019551378,Tachinidae_Allophorocera_rutila_2071829_1019551378,http://creativecommons.org/licenses/by-nc-nd/4.0/
335646,1019551378,Tachinidae_Allophorocera_rutila_2071830_1019551378,http://creativecommons.org/licenses/by-nc-nd/4.0/
335647,1019551378,Tachinidae_Allophorocera_rutila_2071831_1019551378,http://creativecommons.org/licenses/by-nc-nd/4.0/
335648,1019551287,Tachinidae_Loewia_phaeoptera_1382464_1019551287,http://creativecommons.org/licenses/by-nc-nd/4.0/
335649,1019551287,Tachinidae_Loewia_phaeoptera_1382465_1019551287,http://creativecommons.org/licenses/by-nc-nd/4.0/
335650,1019551287,Tachinidae_Loewia_phaeoptera_1382466_1019551287,http://creativecommons.org/licenses/by-nc-nd/4.0/
335651,1019551287,Tachinidae_Loewia_phaeoptera_1382467_1019551287,http://creativecommons.org/licenses/by-nc-nd/4.0/
335652,1019551287,Tachinidae_Loewia_phaeoptera_1382468_1019551287,http://creativecommons.org/licenses/by-nc-nd/4.0/
335658,1019551343,Tachinidae_Leucostoma_anthracina_2646_1019551343,http://creativecommons.org/licenses/by-nc-nd/4.0/
335659,1019551343,Tachinidae_Leucostoma_anthracina_2647_1019551343,http://creativecommons.org/licenses/by-nc-nd/4.0/
335660,1019551343,Tachinidae_Leucostoma_anthracina_2648_1019551343,http://creativecommons.org/licenses/by-nc-nd/4.0/
335661,1019551343,Tachinidae_Leucostoma_anthracina_2649_1019551343,http://creativecommons.org/licenses/by-nc-nd/4.0/
335662,1019551343,Tachinidae_Leucostoma_anthracina_2650_1019551343,http://creativecommons.org/licenses/by-nc-nd/4.0/
335663,1019551335,Tachinidae_Leucostoma_tetrapterum_693949_1019551335,http://creativecommons.org/licenses/by-nc-nd/4.0/
335664,1019551335,Tachinidae_Leucostoma_tetrapterum_693950_1019551335,http://creativecommons.org/licenses/by-nc-nd/4.0/
335665,1019551335,Tachinidae_Leucostoma_tetrapterum_693951_1019551335,http://creativecommons.org/licenses/by-nc-nd/4.0/
335666,1019551335,Tachinidae_Leucostoma_tetrapterum_693952_1019551335,http://creativecommons.org/licenses/by-nc-nd/4.0/
335667,1019551335,Tachinidae_Leucostoma_tetrapterum_693953_1019551335,http://creativecommons.org/licenses/by-nc-nd/4.0/
335668,1019551304,Tachinidae_Labigastera_forcipata_1382473_1019551304,http://creativecommons.org/licenses/by-nc-nd/4.0/
335669,1019551304,Tachinidae_Labigastera_forcipata_1382474_1019551304,http://creativecommons.org/licenses/by-nc-nd/4.0/
335670,1019551304,Tachinidae_Labigastera_forcipata_1382475_1019551304,http://creativecommons.org/licenses/by-nc-nd/4.0/
335672,1019551329,Tachinidae_Labigastera_forcipata_2761403_1019551329,http://creativecommons.org/licenses/by-nc-nd/4.0/
335674,1019551329,Tachinidae_Labigastera_forcipata_2761405_1019551329,http://creativecommons.org/licenses/by-nc-nd/4.0/
335675,1019551337,Tachinidae_Germaria_ruficeps_2071802_1019551337,http://creativecommons.org/licenses/by-nc-nd/4.0/
335677,1019551288,Tachinidae_Blepharomyia_pagana_2071769_1019551288,http://creativecommons.org/licenses/by-nc-nd/4.0/
335678,1019551288,Tachinidae_Blepharomyia_pagana_2071770_1019551288,http://creativecommons.org/licenses/by-nc-nd/4.0/
335679,1019551288,Tachinidae_Blepharomyia_pagana_2071771_1019551288,http://creativecommons.org/licenses/by-nc-nd/4.0/
335680,1019551288,Tachinidae_Blepharomyia_pagana_2071772_1019551288,http://creativecommons.org/licenses/by-nc-nd/4.0/
335691,1019551332,Tachinidae_Gymnosoma_rotundatum_2071799_1019551332,http://creativecommons.org/licenses/by-nc-nd/4.0/
335712,1019551310,Tachinidae_Gymnosoma_nitens_2761390_1019551310,http://creativecommons.org/licenses/by-nc-nd/4.0/
335715,1019551310,Tachinidae_Gymnosoma_nitens_2761393_1019551310,http://creativecommons.org/licenses/by-nc-nd/4.0/
335720,1019551344,Tachinidae_Macquartia_dispar_693957_1019551344,http://creativecommons.org/licenses/by-nc-nd/4.0/
335722,1019551369,Tachinidae_Dufouria_nigrita_2071823_1019551369,http://creativecommons.org/licenses/by-nc-nd/4.0/
335725,1019551354,Tachinidae_Hyalurgus_lucidus_1382513_1019551354,http://creativecommons.org/licenses/by-nc-nd/4.0/
335730,1019551353,Tachinidae_Dufouria_nigrita_693963_1019551353,http://creativecommons.org/licenses/by-nc-nd/4.0/
335731,1019551353,Tachinidae_Dufouria_nigrita_693964_1019551353,http://creativecommons.org/licenses/by-nc-nd/4.0/
335732,1019551353,Tachinidae_Dufouria_nigrita_693965_1019551353,http://creativecommons.org/licenses/by-nc-nd/4.0/
335733,1019551353,Tachinidae_Dufouria_nigrita_693966_1019551353,http://creativecommons.org/licenses/by-nc-nd/4.0/
335734,1019551299,Tachinidae_Dufouria_chalybeata_2621_1019551299,http://creativecommons.org/licenses/by-nc-nd/4.0/
335735,1019551299,Tachinidae_Dufouria_chalybeata_2622_1019551299,http://creativecommons.org/licenses/by-nc-nd/4.0/
335737,1019551299,Tachinidae_Dufouria_chalybeata_2624_1019551299,http://creativecommons.org/licenses/by-nc-nd/4.0/
335741,1019551372,Tachinidae_Dufouria_chalybeata_1382524_1019551372,http://creativecommons.org/licenses/by-nc-nd/4.0/
335742,1019551372,Tachinidae_Dufouria_chalybeata_1382525_1019551372,http://creativecommons.org/licenses/by-nc-nd/4.0/
335743,1019551342,Tachinidae_Cleonice_callida_2761413_1019551342,http://creativecommons.org/licenses/by-nc-nd/4.0/
335744,1019551342,Tachinidae_Cleonice_callida_2761414_1019551342,http://creativecommons.org/licenses/by-nc-nd/4.0/
335748,1019551348,Tachinidae_Macroprosopa_atrata_2652_1019551348,http://creativecommons.org/licenses/by-nc-nd/4.0/
335750,1019551333,Tachinidae_Macroprosopa_atrata_2761407_1019551333,http://creativecommons.org/licenses/by-nc-nd/4.0/
335752,1019551275,Tachinidae_Macroprosopa_atrata_2761371_1019551275,http://creativecommons.org/licenses/by-nc-nd/4.0/
335757,1019551341,Tachinidae_Leucostoma_tetrapterum_2071804_1019551341,http://creativecommons.org/licenses/by-nc-nd/4.0/
335760,1019551341,Tachinidae_Leucostoma_tetrapterum_2071807_1019551341,http://creativecommons.org/licenses/by-nc-nd/4.0/
335761,1019551341,Tachinidae_Leucostoma_tetrapterum_2071808_1019551341,http://creativecommons.org/licenses/by-nc-nd/4.0/
335768,1019551418,Tachinidae_Demoticus_plebejus_2071860_1019551418,http://creativecommons.org/licenses/by-nc-nd/4.0/
335770,1019551418,Tachinidae_Demoticus_plebejus_2071862_1019551418,http://creativecommons.org/licenses/by-nc-nd/4.0/
335778,1019551413,Tachinidae_Demoticus_plebejus_2071856_1019551413,http://creativecommons.org/licenses/by-nc-nd/4.0/
335780,1019551413,Tachinidae_Demoticus_plebejus_2071858_1019551413,http://creativecommons.org/licenses/by-nc-nd/4.0/
335801,1019551429,Tachinidae_Linnaemya_picta_2697_1019551429,http://creativecommons.org/licenses/by-nc-nd/4.0/
335810,1019551414,Tachinidae_Linnaemya_impudica_2761454_1019551414,http://creativecommons.org/licenses/by-nc-nd/4.0/
335811,1019551414,Tachinidae_Linnaemya_impudica_2761455_1019551414,http://creativecommons.org/licenses/by-nc-nd/4.0/
335812,1019551390,Tachinidae_Linnaemya_impudica_1382539_1019551390,http://creativecommons.org/licenses/by-nc-nd/4.0/
335813,1019551390,Tachinidae_Linnaemya_impudica_1382540_1019551390,http://creativecommons.org/licenses/by-nc-nd/4.0/
335814,1019551395,Tachinidae_Linnaemya_comta_1382541_1019551395,http://creativecommons.org/licenses/by-nc-nd/4.0/
335816,1019551395,Tachinidae_Linnaemya_comta_1382543_1019551395,http://creativecommons.org/licenses/by-nc-nd/4.0/
335820,1019551361,Tachinidae_Linnaemya_comta_2658_1019551361,http://creativecommons.org/licenses/by-nc-nd/4.0/
335824,1019551440,Tachinidae_Linnaemya_comta_2071878_1019551440,http://creativecommons.org/licenses/by-nc-nd/4.0/
335825,1019551440,Tachinidae_Linnaemya_comta_2071879_1019551440,http://creativecommons.org/licenses/by-nc-nd/4.0/
335833,1019551356,Tachinidae_Smidtia_amoena_2761429_1019551356,http://creativecommons.org/licenses/by-nc-nd/4.0/
335837,1019551331,Tachinidae_Smidtia_amoena_1382498_1019551331,http://creativecommons.org/licenses/by-nc-nd/4.0/
335838,1019551331,Tachinidae_Smidtia_amoena_1382499_1019551331,http://creativecommons.org/licenses/by-nc-nd/4.0/
335848,1019551387,Tachinidae_Nemorilla_maculosa_2071837_1019551387,http://creativecommons.org/licenses/by-nc-nd/4.0/
335851,1019551387,Tachinidae_Nemorilla_maculosa_2071840_1019551387,http://creativecommons.org/licenses/by-nc-nd/4.0/
335852,1019551436,Tachinidae_Nemorilla_maculosa_2071872_1019551436,http://creativecommons.org/licenses/by-nc-nd/4.0/
335853,1019551436,Tachinidae_Nemorilla_maculosa_2071873_1019551436,http://creativecommons.org/licenses/by-nc-nd/4.0/
335857,1019551391,Tachinidae_Nemorilla_maculosa_2071842_1019551391,http://creativecommons.org/licenses/by-nc-nd/4.0/
335860,1019551401,Tachinidae_Panzeria_laevigata_2681_1019551401,http://creativecommons.org/licenses/by-nc-nd/4.0/
335861,1019551401,Tachinidae_Panzeria_laevigata_2682_1019551401,http://creativecommons.org/licenses/by-nc-nd/4.0/
335862,1019551401,Tachinidae_Panzeria_laevigata_2683_1019551401,http://creativecommons.org/licenses/by-nc-nd/4.0/
335863,1019551401,Tachinidae_Panzeria_laevigata_2684_1019551401,http://creativecommons.org/licenses/by-nc-nd/4.0/
335864,1019551461,Tachinidae_Fausta_nemorum_694021_1019551461,http://creativecommons.org/licenses/by-nc-nd/4.0/
335865,1019551461,Tachinidae_Fausta_nemorum_694022_1019551461,http://creativecommons.org/licenses/by-nc-nd/4.0/
335866,1019551461,Tachinidae_Fausta_nemorum_694023_1019551461,http://creativecommons.org/licenses/by-nc-nd/4.0/
335867,1019551461,Tachinidae_Fausta_nemorum_694024_1019551461,http://creativecommons.org/licenses/by-nc-nd/4.0/
335880,1019551435,Tachinidae_Eurithia_caesia_1382566_1019551435,http://creativecommons.org/licenses/by-nc-nd/4.0/
335881,1019551435,Tachinidae_Eurithia_caesia_1382567_1019551435,http://creativecommons.org/licenses/by-nc-nd/4.0/
335882,1019551435,Tachinidae_Eurithia_caesia_1382568_1019551435,http://creativecommons.org/licenses/by-nc-nd/4.0/
335884,1019551448,Tachinidae_Bithia_spreta_694011_1019551448,http://creativecommons.org/licenses/by-nc-nd/4.0/
335886,1019551448,Tachinidae_Bithia_spreta_694013_1019551448,http://creativecommons.org/licenses/by-nc-nd/4.0/
336008,1019551023,Tachinidae_Melisoneura_leucoptera_2437_1019551023,http://creativecommons.org/licenses/by-nc-nd/4.0/
336009,1019551023,Tachinidae_Melisoneura_leucoptera_2438_1019551023,http://creativecommons.org/licenses/by-nc-nd/4.0/
336010,1019551023,Tachinidae_Melisoneura_leucoptera_2439_1019551023,http://creativecommons.org/licenses/by-nc-nd/4.0/
336011,1019551023,Tachinidae_Melisoneura_leucoptera_2440_1019551023,http://creativecommons.org/licenses/by-nc-nd/4.0/
336083,1019549602,Tachinidae_Lydella_stabulans_1602_1019549602,http://creativecommons.org/licenses/by-nc-nd/4.0/
336174,1265037549,Tachinidae_Zeuxia_aberrans_1390047_1265037549,http://creativecommons.org/licenses/by-nc-nd/4.0/
336439,1265037515,Tachinidae_Nemoraea_pellucida_10107_1265037515,http://creativecommons.org/licenses/by-nc-nd/4.0/
336443,1265037565,Tachinidae_Drino_atropivora_10131_1265037565,http://creativecommons.org/licenses/by-nc-nd/4.0/
336444,1265037528,Tachinidae_Drino_atropivora_2768836_1265037528,http://creativecommons.org/licenses/by-nc-nd/4.0/
336445,1265037528,Tachinidae_Drino_atropivora_2768837_1265037528,http://creativecommons.org/licenses/by-nc-nd/4.0/
336448,1265037583,Tachinidae_Drino_atropivora_10137_1265037583,http://creativecommons.org/licenses/by-nc-nd/4.0/
336449,1265037583,Tachinidae_Drino_atropivora_10138_1265037583,http://creativecommons.org/licenses/by-nc-nd/4.0/
336450,1265037600,Tachinidae_Drino_atropivora_10145_1265037600,http://creativecommons.org/licenses/by-nc-nd/4.0/
336493,1265037538,Tachinidae_Tachina_canariensis_10119_1265037538,http://creativecommons.org/licenses/by-nc-nd/4.0/
336579,1265037510,Tachinidae_Drino_atropivora_10106_1265037510,http://creativecommons.org/licenses/by-nc-nd/4.0/
336581,1265037575,Tachinidae_Clytiomya_continua_701383_1265037575,http://creativecommons.org/licenses/by-nc-nd/4.0/
336582,1265037575,Tachinidae_Clytiomya_continua_701384_1265037575,http://creativecommons.org/licenses/by-nc-nd/4.0/
336584,1265037571,Tachinidae_Solieria_pacifica_1390056_1265037571,http://creativecommons.org/licenses/by-nc-nd/4.0/
336893,1019551142,Tachinidae_Dinera_carinifrons_1382378_1019551142,http://creativecommons.org/licenses/by-nc-nd/4.0/
336900,1019551130,Tachinidae_Dinera_carinifrons_2761276_1019551130,http://creativecommons.org/licenses/by-nc-nd/4.0/
336901,1019551130,Tachinidae_Dinera_carinifrons_2761277_1019551130,http://creativecommons.org/licenses/by-nc-nd/4.0/
336912,1019551171,Tachinidae_Dinera_carinifrons_2761303_1019551171,http://creativecommons.org/licenses/by-nc-nd/4.0/
336925,1019551170,Tachinidae_Dinera_carinifrons_2071689_1019551170,http://creativecommons.org/licenses/by-nc-nd/4.0/
336950,1019551163,Tachinidae_Bessa_parallela_2540_1019551163,http://creativecommons.org/licenses/by-nc-nd/4.0/
336951,1019551163,Tachinidae_Bessa_parallela_2541_1019551163,http://creativecommons.org/licenses/by-nc-nd/4.0/
336952,1019551163,Tachinidae_Bessa_parallela_2542_1019551163,http://creativecommons.org/licenses/by-nc-nd/4.0/
336959,1019551097,Tachinidae_Medina_collaris_693804_1019551097,http://creativecommons.org/licenses/by-nc-nd/4.0/
337034,1019551132,Tachinidae_Thelaira_nigripes_693827_1019551132,http://creativecommons.org/licenses/by-nc-nd/4.0/
337049,1019551108,Tachinidae_Brachicheta_strigata_2761263_1019551108,http://creativecommons.org/licenses/by-nc-nd/4.0/
337051,1019551108,Tachinidae_Brachicheta_strigata_2761265_1019551108,http://creativecommons.org/licenses/by-nc-nd/4.0/
337055,1019551102,Tachinidae_Bessa_selecta_2071652_1019551102,http://creativecommons.org/licenses/by-nc-nd/4.0/
337068,1019551081,Tachinidae_Admontia_blanda_2761249_1019551081,http://creativecommons.org/licenses/by-nc-nd/4.0/
337076,1019551123,Tachinidae_Billaea_pectinata_693817_1019551123,http://creativecommons.org/licenses/by-nc-nd/4.0/
337077,1019551123,Tachinidae_Billaea_pectinata_693818_1019551123,http://creativecommons.org/licenses/by-nc-nd/4.0/
337078,1019551123,Tachinidae_Billaea_pectinata_693819_1019551123,http://creativecommons.org/licenses/by-nc-nd/4.0/
337079,1019551123,Tachinidae_Billaea_pectinata_693820_1019551123,http://creativecommons.org/licenses/by-nc-nd/4.0/
337080,1019551123,Tachinidae_Billaea_pectinata_693821_1019551123,http://creativecommons.org/licenses/by-nc-nd/4.0/
337084,1019551162,Tachinidae_Thelaira_nigrina_2761295_1019551162,http://creativecommons.org/licenses/by-nc-nd/4.0/
337102,1019551157,Tachinidae_Billaea_marmorata_2071682_1019551157,http://creativecommons.org/licenses/by-nc-nd/4.0/
337103,1019551157,Tachinidae_Billaea_marmorata_2071683_1019551157,http://creativecommons.org/licenses/by-nc-nd/4.0/
337104,1019551157,Tachinidae_Billaea_marmorata_2071684_1019551157,http://creativecommons.org/licenses/by-nc-nd/4.0/
337105,1019551157,Tachinidae_Billaea_marmorata_2071685_1019551157,http://creativecommons.org/licenses/by-nc-nd/4.0/
337106,1019551157,Tachinidae_Billaea_marmorata_2071686_1019551157,http://creativecommons.org/licenses/by-nc-nd/4.0/
337120,1019551194,Tachinidae_Dexia_vacua_2761317_1019551194,http://creativecommons.org/licenses/by-nc-nd/4.0/
337128,1019551189,Tachinidae_Dexia_rustica_2071702_1019551189,http://creativecommons.org/licenses/by-nc-nd/4.0/
337149,1019551158,Tachinidae_Billaea_irrorata_2761290_1019551158,http://creativecommons.org/licenses/by-nc-nd/4.0/
337150,1019551158,Tachinidae_Billaea_irrorata_2761291_1019551158,http://creativecommons.org/licenses/by-nc-nd/4.0/
337151,1019551158,Tachinidae_Billaea_irrorata_2761292_1019551158,http://creativecommons.org/licenses/by-nc-nd/4.0/
337152,1019551158,Tachinidae_Billaea_irrorata_2761293_1019551158,http://creativecommons.org/licenses/by-nc-nd/4.0/
337153,1019551158,Tachinidae_Billaea_irrorata_2761294_1019551158,http://creativecommons.org/licenses/by-nc-nd/4.0/
337184,1019551178,Tachinidae_Thelaira_leucozona_693851_1019551178,http://creativecommons.org/licenses/by-nc-nd/4.0/
337192,1019551156,Tachinidae_Thelaira_leucozona_1382388_1019551156,http://creativecommons.org/licenses/by-nc-nd/4.0/
337194,1019551156,Tachinidae_Thelaira_leucozona_1382390_1019551156,http://creativecommons.org/licenses/by-nc-nd/4.0/
337213,1019551121,Tachinidae_Thelaira_leucozona_2761271_1019551121,http://creativecommons.org/licenses/by-nc-nd/4.0/
337214,1019551121,Tachinidae_Thelaira_leucozona_2761272_1019551121,http://creativecommons.org/licenses/by-nc-nd/4.0/
337223,1019551134,Tachinidae_Thelaira_leucozona_2071668_1019551134,http://creativecommons.org/licenses/by-nc-nd/4.0/
337234,1019551173,Tachinidae_Thelaira_leucozona_693848_1019551173,http://creativecommons.org/licenses/by-nc-nd/4.0/
337236,1019551173,Tachinidae_Thelaira_leucozona_693850_1019551173,http://creativecommons.org/licenses/by-nc-nd/4.0/
337249,1019551063,Tachinidae_Kirbya_moerens_2761228_1019551063,http://creativecommons.org/licenses/by-nc-nd/4.0/
337251,1019551063,Tachinidae_Kirbya_moerens_2761230_1019551063,http://creativecommons.org/licenses/by-nc-nd/4.0/
337256,1019551076,Tachinidae_Periscepsia_spathulata_2071645_1019551076,http://creativecommons.org/licenses/by-nc-nd/4.0/
337257,1019551103,Tachinidae_Stomina_iners_2761259_1019551103,http://creativecommons.org/licenses/by-nc-nd/4.0/
337258,1019551103,Tachinidae_Stomina_iners_2761260_1019551103,http://creativecommons.org/licenses/by-nc-nd/4.0/
337259,1019551103,Tachinidae_Stomina_iners_2761261_1019551103,http://creativecommons.org/licenses/by-nc-nd/4.0/
337260,1019551103,Tachinidae_Stomina_iners_2761262_1019551103,http://creativecommons.org/licenses/by-nc-nd/4.0/
337263,1019551136,Tachinidae_Loewia_foeda_2524_1019551136,http://creativecommons.org/licenses/by-nc-nd/4.0/
337264,1019551136,Tachinidae_Loewia_foeda_2525_1019551136,http://creativecommons.org/licenses/by-nc-nd/4.0/
337265,1019551136,Tachinidae_Loewia_foeda_2526_1019551136,http://creativecommons.org/licenses/by-nc-nd/4.0/
337266,1019551136,Tachinidae_Loewia_foeda_2527_1019551136,http://creativecommons.org/licenses/by-nc-nd/4.0/
337269,1019551064,Tachinidae_Strongygaster_globula_2471_1019551064,http://creativecommons.org/licenses/by-nc-nd/4.0/
337305,1019551113,Tachinidae_Rondania_dimidiata_2504_1019551113,http://creativecommons.org/licenses/by-nc-nd/4.0/
337306,1019551113,Tachinidae_Rondania_dimidiata_2505_1019551113,http://creativecommons.org/licenses/by-nc-nd/4.0/
337307,1019551113,Tachinidae_Rondania_dimidiata_2506_1019551113,http://creativecommons.org/licenses/by-nc-nd/4.0/
337308,1019551113,Tachinidae_Rondania_dimidiata_2507_1019551113,http://creativecommons.org/licenses/by-nc-nd/4.0/
337309,1019551113,Tachinidae_Rondania_dimidiata_2508_1019551113,http://creativecommons.org/licenses/by-nc-nd/4.0/
337310,1019551113,Tachinidae_Rondania_dimidiata_2509_1019551113,http://creativecommons.org/licenses/by-nc-nd/4.0/
337317,1019551088,Tachinidae_Entomophaga_exoleta_693797_1019551088,http://creativecommons.org/licenses/by-nc-nd/4.0/
337323,1019551058,Tachinidae_Baumhaueria_goniaeformis_2071626_1019551058,http://creativecommons.org/licenses/by-nc-nd/4.0/
337324,1019551058,Tachinidae_Baumhaueria_goniaeformis_2071627_1019551058,http://creativecommons.org/licenses/by-nc-nd/4.0/
337325,1019551058,Tachinidae_Baumhaueria_goniaeformis_2071628_1019551058,http://creativecommons.org/licenses/by-nc-nd/4.0/
337326,1019551058,Tachinidae_Baumhaueria_goniaeformis_2071629_1019551058,http://creativecommons.org/licenses/by-nc-nd/4.0/
337353,1019551128,Tachinidae_Medina_collaris_693822_1019551128,http://creativecommons.org/licenses/by-nc-nd/4.0/
337365,1019551133,Tachinidae_Bessa_fascinans_1382370_1019551133,http://creativecommons.org/licenses/by-nc-nd/4.0/
337366,1019551133,Tachinidae_Bessa_fascinans_1382371_1019551133,http://creativecommons.org/licenses/by-nc-nd/4.0/
337367,1019551133,Tachinidae_Bessa_fascinans_1382372_1019551133,http://creativecommons.org/licenses/by-nc-nd/4.0/
337372,1019551071,Tachinidae_Medina_collaris_2071641_1019551071,http://creativecommons.org/licenses/by-nc-nd/4.0/
337382,1019551124,Tachinidae_Admontia_blanda_1382366_1019551124,http://creativecommons.org/licenses/by-nc-nd/4.0/
337388,1019551105,Tachinidae_Elodia_ambulatoria_693808_1019551105,http://creativecommons.org/licenses/by-nc-nd/4.0/
337389,1019551105,Tachinidae_Elodia_ambulatoria_693809_1019551105,http://creativecommons.org/licenses/by-nc-nd/4.0/
337390,1019551105,Tachinidae_Elodia_ambulatoria_693810_1019551105,http://creativecommons.org/licenses/by-nc-nd/4.0/
337396,1019551151,Tachinidae_Elodia_ambulatoria_1382384_1019551151,http://creativecommons.org/licenses/by-nc-nd/4.0/
337397,1019551151,Tachinidae_Elodia_ambulatoria_1382385_1019551151,http://creativecommons.org/licenses/by-nc-nd/4.0/
337405,1019551152,Tachinidae_Staurochaeta_albocingulata_2071680_1019551152,http://creativecommons.org/licenses/by-nc-nd/4.0/
337406,1019551152,Tachinidae_Staurochaeta_albocingulata_2071681_1019551152,http://creativecommons.org/licenses/by-nc-nd/4.0/
337459,1019551111,Tachinidae_Pelatachina_tibialis_2071659_1019551111,http://creativecommons.org/licenses/by-nc-nd/4.0/
337518,1019551051,Tachinidae_Phasia_pusilla_693771_1019551051,http://creativecommons.org/licenses/by-nc-nd/4.0/
339330,1019551534,Tachinidae_Phorinia_aurifrons_1382620_1019551534,http://creativecommons.org/licenses/by-nc-nd/4.0/
339331,1019551534,Tachinidae_Phorinia_aurifrons_1382621_1019551534,http://creativecommons.org/licenses/by-nc-nd/4.0/
339332,1019551534,Tachinidae_Phorinia_aurifrons_1382622_1019551534,http://creativecommons.org/licenses/by-nc-nd/4.0/
339333,1019551534,Tachinidae_Phorinia_aurifrons_1382623_1019551534,http://creativecommons.org/licenses/by-nc-nd/4.0/
339344,1019551470,Tachinidae_Pales_pavida_694028_1019551470,http://creativecommons.org/licenses/by-nc-nd/4.0/
339347,1019551432,Tachinidae_Ectophasia_oblonga_2761468_1019551432,http://creativecommons.org/licenses/by-nc-nd/4.0/
339349,1019551432,Tachinidae_Ectophasia_oblonga_2761470_1019551432,http://creativecommons.org/licenses/by-nc-nd/4.0/
339350,1019551432,Tachinidae_Ectophasia_oblonga_2761471_1019551432,http://creativecommons.org/licenses/by-nc-nd/4.0/
339352,1019551500,Tachinidae_Besseria_lateritia_2740_1019551500,http://creativecommons.org/licenses/by-nc-nd/4.0/
339353,1019551500,Tachinidae_Besseria_lateritia_2741_1019551500,http://creativecommons.org/licenses/by-nc-nd/4.0/
339354,1019551500,Tachinidae_Besseria_lateritia_2742_1019551500,http://creativecommons.org/licenses/by-nc-nd/4.0/
339355,1019551500,Tachinidae_Besseria_lateritia_2743_1019551500,http://creativecommons.org/licenses/by-nc-nd/4.0/
339359,1019551515,Tachinidae_Ectophasia_crassipennis_694064_1019551515,http://creativecommons.org/licenses/by-nc-nd/4.0/
339374,1019551486,Tachinidae_Hemyda_obscuripennis_2071911_1019551486,http://creativecommons.org/licenses/by-nc-nd/4.0/
339386,1019551462,Tachinidae_Panzeria_vagans_1382580_1019551462,http://creativecommons.org/licenses/by-nc-nd/4.0/
339387,1019551462,Tachinidae_Panzeria_vagans_1382581_1019551462,http://creativecommons.org/licenses/by-nc-nd/4.0/
339388,1019551462,Tachinidae_Panzeria_vagans_1382582_1019551462,http://creativecommons.org/licenses/by-nc-nd/4.0/
339389,1019551462,Tachinidae_Panzeria_vagans_1382583_1019551462,http://creativecommons.org/licenses/by-nc-nd/4.0/
339390,1019551462,Tachinidae_Panzeria_vagans_1382584_1019551462,http://creativecommons.org/licenses/by-nc-nd/4.0/
339394,1019551456,Tachinidae_Panzeria_rudis_2715_1019551456,http://creativecommons.org/licenses/by-nc-nd/4.0/
339446,1019551426,Tachinidae_Eurithia_anthophila_1382563_1019551426,http://creativecommons.org/licenses/by-nc-nd/4.0/
339487,1019551464,Tachinidae_Fausta_nemorum_2761491_1019551464,http://creativecommons.org/licenses/by-nc-nd/4.0/
339489,1019551464,Tachinidae_Fausta_nemorum_2761493_1019551464,http://creativecommons.org/licenses/by-nc-nd/4.0/
339494,1019551465,Tachinidae_Nemoraea_pellucida_2719_1019551465,http://creativecommons.org/licenses/by-nc-nd/4.0/
339507,1019551494,Tachinidae_Peteina_erinaceus_1382595_1019551494,http://creativecommons.org/licenses/by-nc-nd/4.0/
339508,1019551494,Tachinidae_Peteina_erinaceus_1382596_1019551494,http://creativecommons.org/licenses/by-nc-nd/4.0/
339513,1019551442,Tachinidae_Aphria_longirostris_2704_1019551442,http://creativecommons.org/licenses/by-nc-nd/4.0/
339514,1019551442,Tachinidae_Aphria_longirostris_2705_1019551442,http://creativecommons.org/licenses/by-nc-nd/4.0/
339515,1019551442,Tachinidae_Aphria_longirostris_2706_1019551442,http://creativecommons.org/licenses/by-nc-nd/4.0/
339516,1019551442,Tachinidae_Aphria_longirostris_2707_1019551442,http://creativecommons.org/licenses/by-nc-nd/4.0/
339519,1019551502,Tachinidae_Aphria_longirostris_1382602_1019551502,http://creativecommons.org/licenses/by-nc-nd/4.0/
339520,1019551502,Tachinidae_Aphria_longirostris_1382603_1019551502,http://creativecommons.org/licenses/by-nc-nd/4.0/
339527,1019551433,Tachinidae_Cylindromyia_pusilla_2700_1019551433,http://creativecommons.org/licenses/by-nc-nd/4.0/
339550,1019551428,Tachinidae_Cylindromyia_intermedia_2761465_1019551428,http://creativecommons.org/licenses/by-nc-nd/4.0/
339597,1019551422,Tachinidae_Cylindromyia_auriceps_2071865_1019551422,http://creativecommons.org/licenses/by-nc-nd/4.0/
339598,1019551422,Tachinidae_Cylindromyia_auriceps_2071866_1019551422,http://creativecommons.org/licenses/by-nc-nd/4.0/
340465,1459647464,Tachinidae_Phyllomya_volvulus_2116715_1459647464,© all rights reserved
340689,3880060146,Tachinidae_Gymnosoma_dolycoridis_2662434_3880060146,© all rights reserved
340858,3456981327,Tachinidae_Chrysomopsis_aurata_464014_3456981327,http://creativecommons.org/licenses/by-nc/4.0/
341099,3456626263,Tachinidae_Nemoraea_pellucida_462490_3456626263,http://creativecommons.org/licenses/by-nc/4.0/
342611,4014959389,Tachinidae_Exorista_thula_1368095_4014959389,http://creativecommons.org/licenses/by-nc/4.0/
342612,4014959389,Tachinidae_Exorista_thula_1368096_4014959389,http://creativecommons.org/licenses/by-nc/4.0/
342613,4014959389,Tachinidae_Exorista_thula_1368097_4014959389,http://creativecommons.org/licenses/by-nc/4.0/
342614,4014959389,Tachinidae_Exorista_thula_1368098_4014959389,http://creativecommons.org/licenses/by-nc/4.0/
342652,2001184191,Tachinidae_Cyrtophloeba_vernalis_132720_2001184191,http://creativecommons.org/licenses/by-nc-sa/4.0/
342834,1884887139,Tachinidae_Trixa_caerulescens_82135_1884887139,© All rights reserved
342970,3451523435,Tachinidae_Gonia_capitata_2523218_3451523435,© All rights reserved
344045,3455289037,Tachinidae_Tachina_lurida_2524519_3455289037,http://creativecommons.org/licenses/by/4.0/
345327,3985778521,Tachinidae_Gonia_vacua_659762_3985778521,http://creativecommons.org/licenses/by-nc/4.0/
345469,3355732968,Tachinidae_Phasia_aurigera_3076228_3355732968,http://creativecommons.org/licenses/by-nc/4.0/
346022,3398773676,Tachinidae_Eliozeta_helluo_1017881_3398773676,http://creativecommons.org/licenses/by/4.0/
346023,3398773676,Tachinidae_Eliozeta_helluo_1017882_3398773676,http://creativecommons.org/licenses/by/4.0/
349409,1967195063,Tachinidae_Lypha_dubia_2868948_1967195063,http://creativecommons.org/licenses/by-nc-nd/4.0/
350093,2842102271,Tachinidae_Phania_funesta_227367_2842102271,http://creativecommons.org/licenses/by-nc-nd/4.0/
352910,2901675783,Tachinidae_Trichopoda_pennipes_941160_2901675783,http://creativecommons.org/licenses/by-nc/4.0/
353343,3784937420,Tachinidae_Zaira_cinerea_1933919_3784937420,http://creativecommons.org/licenses/by-nc/4.0/
353344,3784937420,Tachinidae_Zaira_cinerea_1933920_3784937420,http://creativecommons.org/licenses/by-nc/4.0/
353496,2814214553,Tachinidae_Phania_funesta_1584274_2814214553,http://creativecommons.org/licenses/by/4.0/
355023,3899476401,Tachinidae_Eriothrix_rufomaculatus_604373_3899476401,© all rights reserved
357872,1958400130,Tachinidae_Bothria_frontosa_2856130_1958400130,http://creativecommons.org/licenses/by-nc/4.0/
359763,1974615675,Tachinidae_Kirbya_moerens_1500369_1974615675,http://creativecommons.org/licenses/by-nc-nd/4.0/
362165,2841913409,Tachinidae_Cylindromyia_bicolor_1605774_2841913409,http://creativecommons.org/licenses/by-sa/4.0/
362607,3822434025,Tachinidae_Cyzenis_albicans_2626437_3822434025,http://creativecommons.org/licenses/by-nc/4.0/
362726,3822457200,Tachinidae_Spallanzania_hebes_2626563_3822457200,http://creativecommons.org/licenses/by-nc-nd/4.0/
363439,2626305873,Tachinidae_Carcelia_bombylans_1569493_2626305873,http://creativecommons.org/licenses/by-nc/4.0/
363935,2823422697,Tachinidae_Redtenbacheria_insignis_899282_2823422697,http://creativecommons.org/licenses/by-nc/4.0/
363936,2823422697,Tachinidae_Redtenbacheria_insignis_899283_2823422697,http://creativecommons.org/licenses/by-nc/4.0/
363937,2823422697,Tachinidae_Redtenbacheria_insignis_899284_2823422697,http://creativecommons.org/licenses/by-nc/4.0/
364281,3337956485,Tachinidae_Phasia_hemiptera_1001313_3337956485,http://creativecommons.org/licenses/by-nc/4.0/
364729,2901709994,Tachinidae_Trichopoda_pictipennis_2319663_2901709994,http://creativecommons.org/licenses/by-nc/4.0/
364865,3384415206,Tachinidae_Phasia_aurulans_321521_3384415206,http://creativecommons.org/licenses/by-nc/4.0/
365216,3966414413,Tachinidae_Macquartia_grisea_1345527_3966414413,http://creativecommons.org/licenses/by-nc/4.0/
365404,3985940540,Tachinidae_Linnaemya_soror_2037732_3985940540,http://creativecommons.org/licenses/by-nc/4.0/
365474,3985655082,Tachinidae_Siphona_seyrigi_1347084_3985655082,http://creativecommons.org/licenses/by-nc/4.0/
366141,2626159866,Tachinidae_Phorocera_obscura_879867_2626159866,http://creativecommons.org/licenses/by/4.0/
366143,2626159866,Tachinidae_Phorocera_obscura_879869_2626159866,http://creativecommons.org/licenses/by/4.0/
366165,3455585733,Tachinidae_Phania_funesta_458049_3455585733,http://creativecommons.org/licenses/by-nc/4.0/
366859,3721441674,Tachinidae_Nowickia_ferox_2564378_3721441674,http://creativecommons.org/licenses/by-sa/4.0/
368657,3872938339,Tachinidae_Cylindromyia_intermedia_2655808_3872938339,http://creativecommons.org/licenses/by-nc/4.0/
369273,2447847816,Tachinidae_Periscepsia_spathulata_162781_2447847816,http://creativecommons.org/licenses/by/4.0/
369324,2611170903,Tachinidae_Microsoma_exiguum_187972_2611170903,http://creativecommons.org/licenses/by-nc/4.0/
369379,3456003778,Tachinidae_Mintho_compressa_459883_3456003778,http://creativecommons.org/licenses/by-nc/4.0/
371267,3469028342,Tachinidae_Pales_cyanea_1158427_3469028342,http://creativecommons.org/licenses/by-nc/4.0/
371268,3469028342,Tachinidae_Pales_cyanea_1158428_3469028342,http://creativecommons.org/licenses/by-nc/4.0/
371290,3860018708,Tachinidae_Tachina_magnicornis_1272935_3860018708,http://creativecommons.org/licenses/by-nc/4.0/
371588,3784809578,Tachinidae_Fausta_nemorum_3313505_3784809578,http://creativecommons.org/licenses/by/4.0/
371591,3784809578,Tachinidae_Fausta_nemorum_3313508_3784809578,http://creativecommons.org/licenses/by/4.0/
372675,3860534993,Tachinidae_Cylindromyia_intermedia_586235_3860534993,http://creativecommons.org/licenses/by/4.0/
372761,2641316190,Tachinidae_Gymnosoma_clavatum_889191_2641316190,http://creativecommons.org/licenses/by-nc/4.0/
373257,3722650270,Tachinidae_Hemyda_vittata_505039_3722650270,http://creativecommons.org/licenses/by-nc-nd/4.0/
373258,3722650270,Tachinidae_Hemyda_vittata_505040_3722650270,http://creativecommons.org/licenses/by-nc-nd/4.0/
373643,3826507949,Tachinidae_Gymnosoma_rotundatum_568770_3826507949,http://creativecommons.org/licenses/by-nc/4.0/
375774,2842650631,Tachinidae_Zophomyia_temula_2296933_2842650631,http://creativecommons.org/licenses/by-nc-nd/4.0/
377387,3822622039,Tachinidae_Tachina_lurida_1937640_3822622039,http://creativecommons.org/licenses/by-nc/4.0/
378037,3824840244,Tachinidae_Blondelia_nigripes_1254232_3824840244,http://creativecommons.org/licenses/by-nc-nd/4.0/
379026,1954700924,Tachinidae_Linnaemya_picta_91142_1954700924,http://creativecommons.org/licenses/by-nc-nd/4.0/
380018,1977533701,Tachinidae_Gonia_divisa_816193_1977533701,http://creativecommons.org/licenses/by-nc-nd/4.0/
380121,3718077340,Tachinidae_Trichopoda_pictipennis_3244140_3718077340,http://creativecommons.org/licenses/by-nc-nd/4.0/
380875,3996184737,Tachinidae_Lydella_grisescens_2736483_3996184737,http://creativecommons.org/licenses/by-nc-nd/4.0/
380876,3996184737,Tachinidae_Lydella_grisescens_2736484_3996184737,http://creativecommons.org/licenses/by-nc-nd/4.0/
382396,3905707796,Tachinidae_Cylindromyia_bicolor_2002690_3905707796,http://creativecommons.org/licenses/by-sa/4.0/
382613,1952943529,Tachinidae_Peleteria_rubescens_2157535_1952943529,http://creativecommons.org/licenses/by-nc/4.0/
383796,1956843488,Tachinidae_Pales_pavida_1473940_1956843488,http://creativecommons.org/licenses/by-nc-nd/4.0/
386018,3061542553,Tachinidae_Mintho_compressa_272463_3061542553,http://creativecommons.org/licenses/by-nc/4.0/
386751,2234737632,Tachinidae_Hypovoria_hilaris_134310_2234737632,http://creativecommons.org/licenses/by-nc/4.0/
388088,3873826583,Tachinidae_Estheria_petiolata_1281876_3873826583,http://creativecommons.org/licenses/by-nc/4.0/
388184,3067647299,Tachinidae_Spallanzania_rectistylum_273409_3067647299,http://creativecommons.org/licenses/by-nc/4.0/
389156,2840555255,Tachinidae_Nowickia_ferox_1603037_2840555255,http://creativecommons.org/licenses/by-nc/4.0/
389494,1972792640,Tachinidae_Eurithia_anthophila_808518_1972792640,http://creativecommons.org/licenses/by-nc/4.0/
389910,3715522734,Tachinidae_Eurithia_anthophila_1165145_3715522734,http://creativecommons.org/licenses/by-nc/4.0/
390804,3460129418,Tachinidae_Carcelia_excisa_465288_3460129418,© All rights reserved
390806,3460129418,Tachinidae_Carcelia_excisa_465290_3460129418,© All rights reserved
390807,3460129418,Tachinidae_Carcelia_excisa_465291_3460129418,© All rights reserved
390808,3460129418,Tachinidae_Carcelia_excisa_465292_3460129418,© All rights reserved
390809,3460129418,Tachinidae_Carcelia_excisa_465293_3460129418,© All rights reserved
390810,3460129418,Tachinidae_Carcelia_excisa_465294_3460129418,© All rights reserved
390930,2382229233,Tachinidae_Phasia_pusilla_2909030_2382229233,© All rights reserved
391085,3414704380,Tachinidae_Panzeria_truncata_1711023_3414704380,© All rights reserved
391086,3414704380,Tachinidae_Panzeria_truncata_1711024_3414704380,© All rights reserved
391087,3414704380,Tachinidae_Panzeria_truncata_1711025_3414704380,© All rights reserved
391156,3962746399,Tachinidae_Rondania_fasciata_3412758_3962746399,© All rights reserved
391157,3962746399,Tachinidae_Rondania_fasciata_3412759_3962746399,© All rights reserved
391222,1883036965,Tachinidae_Athrycia_impressa_80025_1883036965,© All rights reserved
391223,1883036965,Tachinidae_Athrycia_impressa_80026_1883036965,© All rights reserved
391224,1883036965,Tachinidae_Athrycia_impressa_80027_1883036965,© All rights reserved
391235,3392992455,Tachinidae_Klugia_marginata_3085264_3392992455,© All rights reserved
391236,3392992455,Tachinidae_Klugia_marginata_3085265_3392992455,© All rights reserved
391237,3392992455,Tachinidae_Klugia_marginata_3085266_3392992455,© All rights reserved
391238,3392992455,Tachinidae_Klugia_marginata_3085267_3392992455,© All rights reserved
391283,3422144317,Tachinidae_Triarthria_setipennis_2403799_3422144317,© All rights reserved
391464,1460543492,Tachinidae_Campylocheta_praecox_2807996_1460543492,© all rights reserved
391719,3825161841,Tachinidae_Carcelia_lucorum_1254396_3825161841,http://creativecommons.org/licenses/by/4.0/
391722,3825161841,Tachinidae_Carcelia_lucorum_1254399_3825161841,http://creativecommons.org/licenses/by/4.0/
392443,3717464688,Tachinidae_Cylindromyia_bicolor_2550995_3717464688,http://creativecommons.org/licenses/by-nc/4.0/
393736,2844622750,Tachinidae_Ectophasia_crassipennis_2300823_2844622750,http://creativecommons.org/licenses/by-nc-nd/4.0/
394026,2844829629,Tachinidae_Peleteria_varia_1612379_2844829629,http://creativecommons.org/licenses/by-nc-nd/4.0/
394027,2844829629,Tachinidae_Peleteria_varia_1612380_2844829629,http://creativecommons.org/licenses/by-nc-nd/4.0/
395995,3874147335,Tachinidae_Eriothrix_rufomaculata_594213_3874147335,http://creativecommons.org/licenses/by-nc/4.0/
396743,2864717579,Tachinidae_Nowickia_ferox_935064_2864717579,http://creativecommons.org/licenses/by/4.0/
397000,3031661613,Tachinidae_Nowickia_ferox_265607_3031661613,http://creativecommons.org/licenses/by-sa/4.0/
397362,3455894474,Tachinidae_Ligeria_angusticornis_459425_3455894474,http://creativecommons.org/licenses/by-nc/4.0/
397794,2404725493,Tachinidae_Tachina_magnicornis_2220996_2404725493,© All rights reserved
397832,3422207398,Tachinidae_Cleonice_callida_1714731_3422207398,© All rights reserved
397833,3422207398,Tachinidae_Cleonice_callida_1714732_3422207398,© All rights reserved
397928,2251538489,Tachinidae_Chetogena_janitrix_2210699_2251538489,http://creativecommons.org/licenses/by-nc/4.0/
397931,2251538523,Tachinidae_Actia_resinellae_1521536_2251538523,http://creativecommons.org/licenses/by-nc/4.0/
398364,2808653935,Tachinidae_Phyllomya_volvulus_2961356_2808653935,© all rights reserved
398525,3962692590,Tachinidae_Loewia_foeda_2032765_3962692590,© All rights reserved
398526,3962692590,Tachinidae_Loewia_foeda_2032766_3962692590,© All rights reserved
398527,3962692590,Tachinidae_Loewia_foeda_2032767_3962692590,© All rights reserved
398547,3990850464,Tachinidae_Athrycia_impressa_662904_3990850464,© All rights reserved
398596,3451626303,Tachinidae_Lydella_stabulans_1144739_3451626303,© All rights reserved
398597,3451626303,Tachinidae_Lydella_stabulans_1144740_3451626303,© All rights reserved
398600,3451626303,Tachinidae_Lydella_stabulans_1144743_3451626303,© All rights reserved
398685,3866440516,Tachinidae_Bessa_selecta_3346384_3866440516,© All rights reserved
398696,3451411358,Tachinidae_Bampura_innoxia_2523072_3451411358,© All rights reserved
398697,3451411358,Tachinidae_Bampura_innoxia_2523073_3451411358,© All rights reserved
398772,3893190344,Tachinidae_Lydina_aenea_3362492_3893190344,© All rights reserved
399974,3714860231,Tachinidae_Siphona_pauciseta_1854680_3714860231,http://creativecommons.org/licenses/by-nc-nd/4.0/
399975,3714860231,Tachinidae_Siphona_pauciseta_1854681_3714860231,http://creativecommons.org/licenses/by-nc-nd/4.0/
399976,3714860231,Tachinidae_Siphona_pauciseta_1854682_3714860231,http://creativecommons.org/licenses/by-nc-nd/4.0/
402001,3906169835,Tachinidae_Hemyda_obscuripennis_1316317_3906169835,http://creativecommons.org/licenses/by-nc-nd/4.0/
402110,3716350237,Tachinidae_Catharosia_albisquama_3235475_3716350237,http://creativecommons.org/licenses/by-nc-nd/4.0/
402111,3716350237,Tachinidae_Catharosia_albisquama_3235476_3716350237,http://creativecommons.org/licenses/by-nc-nd/4.0/
402112,3716350237,Tachinidae_Catharosia_albisquama_3235477_3716350237,http://creativecommons.org/licenses/by-nc-nd/4.0/
402113,3716350237,Tachinidae_Catharosia_albisquama_3235478_3716350237,http://creativecommons.org/licenses/by-nc-nd/4.0/
403011,3825271388,Tachinidae_Tachina_lurida_3323918_3825271388,http://creativecommons.org/licenses/by-nc-nd/4.0/
403454,2528946734,Tachinidae_Bessa_selecta_2233838_2528946734,© All rights reserved
403593,2467831864,Tachinidae_Cadurciella_tritaeniata_2232738_2467831864,© All rights reserved
403594,2467831864,Tachinidae_Cadurciella_tritaeniata_2232739_2467831864,© All rights reserved
403595,2467831864,Tachinidae_Cadurciella_tritaeniata_2232740_2467831864,© All rights reserved
403767,2249159702,Tachinidae_Therobia_leonidei_1517913_2249159702,http://creativecommons.org/licenses/by-nc/4.0/
403772,2251538634,Tachinidae_Actia_maksymovi_142728_2251538634,http://creativecommons.org/licenses/by-nc/4.0/
403780,2251538494,Tachinidae_Oswaldia_eggeri_2901108_2251538494,http://creativecommons.org/licenses/by-nc/4.0/
403784,2251538581,Tachinidae_Periscepsia_ringdahli_833219_2251538581,http://creativecommons.org/licenses/by-nc/4.0/
403785,2251538515,Tachinidae_Loewia_phaeoptera_2210704_2251538515,http://creativecommons.org/licenses/by-nc/4.0/
403786,2251538560,Tachinidae_Siphona_samarensis_2210713_2251538560,http://creativecommons.org/licenses/by-nc/4.0/
403791,2251538509,Tachinidae_Rondania_dimidiata_833204_2251538509,http://creativecommons.org/licenses/by-nc/4.0/
403792,2249160656,Tachinidae_Siphona_geniculata_1517931_2249160656,http://creativecommons.org/licenses/by-nc/4.0/
403795,2251538600,Tachinidae_Chetogena_janitrix_2210721_2251538600,http://creativecommons.org/licenses/by-nc/4.0/
403799,2249160503,Tachinidae_Brullaea_ocypteroidea_2207103_2249160503,http://creativecommons.org/licenses/by-nc/4.0/
403800,2251538561,Tachinidae_Entomophaga_sufferta_2901120_2251538561,http://creativecommons.org/licenses/by-nc/4.0/
403804,2248663883,Tachinidae_Lomachantha_parra_828258_2248663883,http://creativecommons.org/licenses/by-nc-sa/4.0/
403808,2251538518,Tachinidae_Phytomyptera_bohemica_833206_2251538518,http://creativecommons.org/licenses/by-nc/4.0/
403809,2251538611,Tachinidae_Nilea_hortulana_142724_2251538611,http://creativecommons.org/licenses/by-nc/4.0/
403817,2251538559,Tachinidae_Entomophaga_sufferta_833214_2251538559,http://creativecommons.org/licenses/by-nc/4.0/
403820,2248662579,Tachinidae_Chetogena_janitrix_1516616_2248662579,http://creativecommons.org/licenses/by-nc-sa/4.0/
403911,1433826499,Tachinidae_Siphona_flavifrons_2803887_1433826499,© all rights reserved
404374,1824467364,Tachinidae_Gymnosoma_rotundatum_2814971_1824467364,http://creativecommons.org/licenses/by-sa/4.0/
404475,3964490458,Tachinidae_Nowickia_ferox_656700_3964490458,© all rights reserved
404969,3727685785,Tachinidae_Phasia_hemiptera_2586353_3727685785,http://creativecommons.org/licenses/by-nc-nd/4.0/
405322,1971573101,Tachinidae_Zophomyia_temula_2874837_1971573101,http://creativecommons.org/licenses/by-nc-nd/4.0/
405479,3822566660,Tachinidae_Lypha_dubia_3317440_3822566660,http://creativecommons.org/licenses/by-nc-nd/4.0/
407981,3904008848,Tachinidae_Cylindromyia_bicolor_2682020_3904008848,http://creativecommons.org/licenses/by-nc-nd/4.0/
408627,1955359764,Tachinidae_Thelaira_nigripes_92694_1955359764,http://creativecommons.org/licenses/by-nc-nd/4.0/
408945,3915309378,Tachinidae_Dexiosoma_caninum_2706520_3915309378,http://creativecommons.org/licenses/by-nc/4.0/
409078,2988362623,Tachinidae_Gymnosoma_rotundatum_1635663_2988362623,http://creativecommons.org/licenses/by-nc/4.0/
409428,2311305317,Tachinidae_Trichopoda_pictipennis_2906486_2311305317,http://creativecommons.org/licenses/by-nc/4.0/
409455,3031636003,Tachinidae_Dinera_ferina_265361_3031636003,http://creativecommons.org/licenses/by-nc/4.0/
410992,3466125419,Tachinidae_Tachina_magnicornis_3224966_3466125419,http://creativecommons.org/publicdomain/zero/1.0/
411061,2456503476,Tachinidae_Gymnosoma_costatum_163575_2456503476,http://creativecommons.org/licenses/by-nc/4.0/
411153,3784739394,Tachinidae_Macquartia_grisea_1933498_3784739394,http://creativecommons.org/licenses/by-nc/4.0/
411473,3032152017,Tachinidae_Dinera_grisescens_3025978_3032152017,http://creativecommons.org/licenses/by-nc/4.0/
412413,3468727601,Tachinidae_Pales_cyanea_3226452_3468727601,http://creativecommons.org/licenses/by-nc/4.0/
412475,3764122971,Tachinidae_Phania_funesta_1926369_3764122971,http://creativecommons.org/licenses/by-nc/4.0/
412487,2818670413,Tachinidae_Phyllomya_volvulus_2965467_2818670413,http://creativecommons.org/licenses/by-nc/4.0/
412584,2826513903,Tachinidae_Litophasia_hyalipennis_1589990_2826513903,http://creativecommons.org/licenses/by/4.0/
413151,2818528606,Tachinidae_Carcelia_puberula_206516_2818528606,http://creativecommons.org/licenses/by-nc/4.0/
413153,2818528606,Tachinidae_Carcelia_puberula_206518_2818528606,http://creativecommons.org/licenses/by-nc/4.0/
413154,2818528606,Tachinidae_Carcelia_puberula_206519_2818528606,http://creativecommons.org/licenses/by-nc/4.0/
413179,2850945019,Tachinidae_Winthemia_quadripustulata_2306401_2850945019,http://creativecommons.org/licenses/by/4.0/
413330,3325509958,Tachinidae_Cylindromyia_brassicaria_3056238_3325509958,http://creativecommons.org/licenses/by-nc/4.0/
413339,3903440746,Tachinidae_Cylindromyia_rufipes_3370654_3903440746,http://creativecommons.org/licenses/by-nc/4.0/
413344,2609287418,Tachinidae_Elodia_ambulatoria_2945395_2609287418,http://creativecommons.org/licenses/by-nc/4.0/
413345,2609287418,Tachinidae_Elodia_ambulatoria_2945396_2609287418,http://creativecommons.org/licenses/by-nc/4.0/
413346,2609287418,Tachinidae_Elodia_ambulatoria_2945397_2609287418,http://creativecommons.org/licenses/by-nc/4.0/
414745,2611064990,Tachinidae_Thelaira_nigripes_2255514_2611064990,http://creativecommons.org/licenses/by-nc/4.0/
414803,3456722404,Tachinidae_Linnaemya_picta_3221495_3456722404,http://creativecommons.org/licenses/by-nc/4.0/
414980,3456944637,Tachinidae_Xysta_holosericea_2532356_3456944637,http://creativecommons.org/licenses/by-nc/4.0/
414981,3456944637,Tachinidae_Xysta_holosericea_2532357_3456944637,http://creativecommons.org/licenses/by-nc/4.0/
415202,3858463930,Tachinidae_Trigonospila_transvittata_1265617_3858463930,http://creativecommons.org/licenses/by-nc/4.0/
415325,3455368000,Tachinidae_Kirbya_moerens_1146485_3455368000,http://creativecommons.org/licenses/by-nc/4.0/
415554,3966463444,Tachinidae_Nemorilla_maculosa_3415058_3966463444,http://creativecommons.org/licenses/by-nc/4.0/
416170,3859126768,Tachinidae_Trichopoda_pennipes_1957920_3859126768,http://creativecommons.org/licenses/by-nc/4.0/
417048,3881404347,Tachinidae_Nowickia_ferox_3355223_3881404347,http://creativecommons.org/licenses/by/4.0/
417214,3097028509,Tachinidae_Ectophasia_oblonga_971674_3097028509,http://creativecommons.org/licenses/by-nc/4.0/
417347,1990464227,Tachinidae_Cylindromyia_rufipes_2200125_1990464227,http://creativecommons.org/licenses/by-nc-sa/4.0/
417421,2823104749,Tachinidae_Eriothrix_rufomaculata_898218_2823104749,http://creativecommons.org/licenses/by-nc/4.0/
417521,3802542384,Tachinidae_Anthomyiopsis_nigrisquamata_1935288_3802542384,http://creativecommons.org/licenses/by-nc/4.0/
417522,3802542384,Tachinidae_Anthomyiopsis_nigrisquamata_1935289_3802542384,http://creativecommons.org/licenses/by-nc/4.0/
418192,2818749156,Tachinidae_Eriothrix_rufomaculata_207310_2818749156,http://creativecommons.org/licenses/by-nc/4.0/
419482,2580085413,Tachinidae_Kirbya_moerens_183911_2580085413,http://creativecommons.org/licenses/by-nc/4.0/
419736,3344093810,Tachinidae_Eriothrix_rufomaculata_313759_3344093810,http://creativecommons.org/licenses/by-nc/4.0/
420651,3966396232,Tachinidae_Opesia_cana_3414893_3966396232,http://creativecommons.org/licenses/by-nc/4.0/
421160,3455432500,Tachinidae_Siphona_maculata_2525388_3455432500,http://creativecommons.org/licenses/by/4.0/
421928,3858772729,Tachinidae_Actia_lamia_578080_3858772729,http://creativecommons.org/licenses/by-nc/4.0/
421930,3858772729,Tachinidae_Actia_lamia_578082_3858772729,http://creativecommons.org/licenses/by-nc/4.0/
421931,3858772729,Tachinidae_Actia_lamia_578083_3858772729,http://creativecommons.org/licenses/by-nc/4.0/
422068,2860185532,Tachinidae_Dinera_ferina_933231_2860185532,http://creativecommons.org/licenses/by/4.0/
422637,3005137620,Tachinidae_Trixa_conspersa_2328545_3005137620,http://creativecommons.org/licenses/by-nc/4.0/
422783,2988358159,Tachinidae_Bothria_subalpina_947202_2988358159,http://creativecommons.org/licenses/by-nc/4.0/
422784,2988358159,Tachinidae_Bothria_subalpina_947203_2988358159,http://creativecommons.org/licenses/by-nc/4.0/
422983,4006726063,Tachinidae_Chrysomopsis_aurata_3432834_4006726063,http://creativecommons.org/licenses/by-nc/4.0/
423038,3903149460,Tachinidae_Chetogena_acuminata_2678811_3903149460,http://creativecommons.org/licenses/by-nc/4.0/
423418,2610949950,Tachinidae_Phorocera_assimilis_187448_2610949950,http://creativecommons.org/licenses/by-nc/4.0/
423598,2609187677,Tachinidae_Athrycia_trepida_187049_2609187677,http://creativecommons.org/licenses/by-nc/4.0/
424042,2847396291,Tachinidae_Gymnosoma_dolycoridis_925617_2847396291,© all rights reserved
424207,1460542544,Tachinidae_Tachina_ursina_740469_1460542544,© all rights reserved
425196,3925173615,Tachinidae_Eurysthaea_scutellaris_2715969_3925173615,http://creativecommons.org/licenses/by-sa/4.0/
425197,3925173615,Tachinidae_Eurysthaea_scutellaris_2715970_3925173615,http://creativecommons.org/licenses/by-sa/4.0/
425198,3925173615,Tachinidae_Eurysthaea_scutellaris_2715971_3925173615,http://creativecommons.org/licenses/by-sa/4.0/
425199,3925173615,Tachinidae_Eurysthaea_scutellaris_2715972_3925173615,http://creativecommons.org/licenses/by-sa/4.0/
425202,2826288380,Tachinidae_Eriothrix_rufomaculata_209744_2826288380,http://creativecommons.org/licenses/by-nc/4.0/
426275,4011514255,Tachinidae_Pseudogonia_fasciata_677351_4011514255,http://creativecommons.org/licenses/by-nc/4.0/
426368,3455928231,Tachinidae_Carcelia_lucorum_3218055_3455928231,http://creativecommons.org/licenses/by-nc/4.0/
426371,3455928231,Tachinidae_Carcelia_lucorum_3218058_3455928231,http://creativecommons.org/licenses/by-nc/4.0/
426948,3455157088,Tachinidae_Gymnosoma_rotundatum_2523328_3455157088,http://creativecommons.org/licenses/by/4.0/
427799,3456143630,Tachinidae_Litophasia_hyalipennis_1839712_3456143630,http://creativecommons.org/licenses/by-nc/4.0/
428364,2898522202,Tachinidae_Nemoraea_pellucida_250400_2898522202,http://creativecommons.org/licenses/by/4.0/
428999,3468844932,Tachinidae_Zeuxia_aberrans_1157995_3468844932,http://creativecommons.org/licenses/by-nc/4.0/
429000,3468844932,Tachinidae_Zeuxia_aberrans_1157996_3468844932,http://creativecommons.org/licenses/by-nc/4.0/
429001,3468844932,Tachinidae_Zeuxia_aberrans_1157997_3468844932,http://creativecommons.org/licenses/by-nc/4.0/
429116,3859481942,Tachinidae_Peleteria_ruficornis_581268_3859481942,http://creativecommons.org/licenses/by-nc/4.0/
430171,1974793506,Tachinidae_Phryno_vetula_1500465_1974793506,http://creativecommons.org/licenses/by-nc-nd/4.0/
431128,3721927113,Tachinidae_Ectophasia_crassipennis_500260_3721927113,http://creativecommons.org/licenses/by-nc-nd/4.0/
431383,2001292858,Tachinidae_Rhaphiochaeta_breviseta_132730_2001292858,http://creativecommons.org/licenses/by-nc-sa/4.0/
431936,2999112976,Tachinidae_Cylindromyia_interrupta_3017996_2999112976,http://creativecommons.org/licenses/by-nc/4.0/
432219,2826350535,Tachinidae_Dinera_grisescens_1589370_2826350535,http://creativecommons.org/licenses/by-nc/4.0/
432222,2862528178,Tachinidae_Atylostoma_tricolor_1622405_2862528178,http://creativecommons.org/licenses/by/4.0/
432223,2862528178,Tachinidae_Atylostoma_tricolor_1622406_2862528178,http://creativecommons.org/licenses/by/4.0/
432224,2862528178,Tachinidae_Atylostoma_tricolor_1622407_2862528178,http://creativecommons.org/licenses/by/4.0/
432226,2862528178,Tachinidae_Atylostoma_tricolor_1622409_2862528178,http://creativecommons.org/licenses/by/4.0/
432755,1431464847,Tachinidae_Mintho_rufiventris_1424059_1431464847,© all rights reserved
432834,1431818309,Tachinidae_Trixa_alpina_2113568_1431818309,© all rights reserved
433065,1459628270,Tachinidae_Trixa_alpina_1427226_1459628270,© all rights reserved
434384,3824964692,Tachinidae_Phryxe_heraclei_565225_3824964692,http://creativecommons.org/licenses/by-nc-nd/4.0/
434385,3824964692,Tachinidae_Phryxe_heraclei_565226_3824964692,http://creativecommons.org/licenses/by-nc-nd/4.0/
437455,3730858198,Tachinidae_Nowickia_ferox_1908287_3730858198,http://creativecommons.org/licenses/by-nc-nd/4.0/
442391,2335572089,Tachinidae_Lophosia_fasciata_839595_2335572089,© All rights reserved
442484,3422081385,Tachinidae_Nilea_hortulana_2403792_3422081385,© All rights reserved
442485,3422081385,Tachinidae_Nilea_hortulana_2403793_3422081385,© All rights reserved
442486,3422081385,Tachinidae_Nilea_hortulana_2403794_3422081385,© All rights reserved
442710,2540389444,Tachinidae_Eumea_mitis_166489_2540389444,© All rights reserved
442711,2540389444,Tachinidae_Eumea_mitis_166490_2540389444,© All rights reserved
442834,2825956430,Tachinidae_Frontina_laeta_1588381_2825956430,© All rights reserved
443268,3927046555,Tachinidae_Linneamyia_vulpina_3406724_3927046555,© All rights reserved
443279,3424275409,Tachinidae_Campylocheta_praecox_3094101_3424275409,http://creativecommons.org/licenses/by-nc-sa/4.0/
444952,3905398216,Tachinidae_Leskia_aurea_623237_3905398216,http://creativecommons.org/licenses/by-nc-nd/4.0/
445069,1977433759,Tachinidae_Gymnocheta_viridis_2193652_1977433759,http://creativecommons.org/licenses/by-nc-sa/4.0/
445604,3731897532,Tachinidae_Peleteria_rubescens_2603165_3731897532,http://creativecommons.org/licenses/by-nc-nd/4.0/
447062,3722490716,Tachinidae_Germaria_angustata_1882395_3722490716,http://creativecommons.org/licenses/by-nc-nd/4.0/
448628,1973090334,Tachinidae_Phania_funesta_2187049_1973090334,http://creativecommons.org/licenses/by-nc-nd/4.0/
449205,3728120731,Tachinidae_Catharosia_pygmaea_3278214_3728120731,http://creativecommons.org/licenses/by-nc-nd/4.0/
451171,3825497034,Tachinidae_Dinera_ferina_1944716_3825497034,http://creativecommons.org/licenses/by-nd/4.0/
451991,2468075291,Tachinidae_Triarthria_setipennis_165006_2468075291,© All rights reserved
451992,2468075291,Tachinidae_Triarthria_setipennis_165007_2468075291,© All rights reserved
452019,3424411315,Tachinidae_Bessa_selecta_1714752_3424411315,© All rights reserved
452230,2408961712,Tachinidae_Gonia_picea_1533070_2408961712,© All rights reserved
452325,2822896358,Tachinidae_Lophosia_fasciata_2966153_2822896358,© All rights reserved
452975,2839661518,Tachinidae_Hebia_flavipes_223279_2839661518,http://creativecommons.org/licenses/by-nc-nd/4.0/
452976,2839661518,Tachinidae_Hebia_flavipes_223280_2839661518,http://creativecommons.org/licenses/by-nc-nd/4.0/
452977,2839661518,Tachinidae_Hebia_flavipes_223281_2839661518,http://creativecommons.org/licenses/by-nc-nd/4.0/
454754,3822440088,Tachinidae_Periscepsia_carbonaria_3316893_3822440088,http://creativecommons.org/licenses/by-nc-nd/4.0/
455346,1968471376,Tachinidae_Peribaea_setinervis_801674_1968471376,http://creativecommons.org/licenses/by-nc-nd/4.0/
455347,1968471376,Tachinidae_Peribaea_setinervis_801675_1968471376,http://creativecommons.org/licenses/by-nc-nd/4.0/
455348,1968471376,Tachinidae_Peribaea_setinervis_801676_1968471376,http://creativecommons.org/licenses/by-nc-nd/4.0/
455526,3825358833,Tachinidae_Carcelia_bombylans_565930_3825358833,http://creativecommons.org/licenses/by-nc/4.0/
455527,3825358833,Tachinidae_Carcelia_bombylans_565931_3825358833,http://creativecommons.org/licenses/by-nc/4.0/
455528,3825358833,Tachinidae_Carcelia_bombylans_565932_3825358833,http://creativecommons.org/licenses/by-nc/4.0/
455654,3825427684,Tachinidae_Winthemia_variegata_1255336_3825427684,http://creativecommons.org/licenses/by-nc/4.0/
458884,1954362812,Tachinidae_Peribaea_tibialis_90907_1954362812,http://creativecommons.org/licenses/by-nc-nd/4.0/
461394,2251538603,Tachinidae_Gymnosoma_dolycoridis_833223_2251538603,http://creativecommons.org/licenses/by-nc/4.0/
461407,2251538664,Tachinidae_Oswaldia_spectabilis_2210730_2251538664,http://creativecommons.org/licenses/by-nc/4.0/
461409,2251538641,Tachinidae_Actia_pilipennis_2210729_2251538641,http://creativecommons.org/licenses/by-nc/4.0/
461410,2251538572,Tachinidae_Siphona_variata_833217_2251538572,http://creativecommons.org/licenses/by-nc/4.0/
462136,3335430584,Tachinidae_Cylindromyia_pilipes_3066351_3335430584,http://creativecommons.org/licenses/by-nc/4.0/
462137,3335430584,Tachinidae_Cylindromyia_pilipes_3066352_3335430584,http://creativecommons.org/licenses/by-nc/4.0/
462138,3335430584,Tachinidae_Cylindromyia_pilipes_3066353_3335430584,http://creativecommons.org/licenses/by-nc/4.0/
462246,3355103796,Tachinidae_Cylindromyia_intermedia_2383212_3355103796,http://creativecommons.org/licenses/by-nc/4.0/
462413,2609267964,Tachinidae_Compsilura_concinnata_2254914_2609267964,http://creativecommons.org/licenses/by-nc/4.0/
463334,3802695887,Tachinidae_Estheria_simonyi_3315805_3802695887,http://creativecommons.org/licenses/by-nc/4.0/
465997,1846733058,Tachinidae_Trichopoda_pennipes_764127_1846733058,
468075,3717133818,Tachinidae_Cistogaster_globosa_1170205_3717133818,http://creativecommons.org/licenses/by-nc-nd/4.0/
469911,3825050074,Tachinidae_Chaetostigmoptera_montivaga_1254338_3825050074,http://creativecommons.org/licenses/by-nc-nd/4.0/
469915,3825050074,Tachinidae_Chaetostigmoptera_montivaga_1254342_3825050074,http://creativecommons.org/licenses/by-nc-nd/4.0/
469916,3825050074,Tachinidae_Chaetostigmoptera_montivaga_1254343_3825050074,http://creativecommons.org/licenses/by-nc-nd/4.0/
472211,1970411215,Tachinidae_Compsilura_concinnata_2183292_1970411215,http://creativecommons.org/licenses/by-nc/4.0/
472258,3825195912,Tachinidae_Bessa_parallela_1943608_3825195912,http://creativecommons.org/licenses/by-nc-nd/4.0/
473425,3997174736,Tachinidae_Freraea_gagatea_3430260_3997174736,http://creativecommons.org/licenses/by-nc-sa/4.0/
473427,3997174736,Tachinidae_Freraea_gagatea_3430262_3997174736,http://creativecommons.org/licenses/by-nc-sa/4.0/
473662,2837233192,Tachinidae_Mintho_rufiventris_909589_2837233192,http://creativecommons.org/licenses/by-nc-nd/4.0/
474122,3825406168,Tachinidae_Estheria_bohemani_566123_3825406168,http://creativecommons.org/licenses/by-nc/4.0/
475606,3912116507,Tachinidae_Phasia_subcoleoptrata_2704670_3912116507,http://creativecommons.org/publicdomain/zero/1.0/
475852,2802667997,Tachinidae_Microphthalma_europaea_200710_2802667997,http://creativecommons.org/licenses/by-nc/4.0/
476030,3784771998,Tachinidae_Macquartia_tessellum_2623019_3784771998,http://creativecommons.org/licenses/by-nc/4.0/
476032,3784771998,Tachinidae_Macquartia_tessellum_2623021_3784771998,http://creativecommons.org/licenses/by-nc/4.0/
476090,3985871630,Tachinidae_Cylindromyia_rufifrons_660115_3985871630,http://creativecommons.org/licenses/by-nc/4.0/
476099,3985871630,Tachinidae_Cylindromyia_rufifrons_660124_3985871630,http://creativecommons.org/licenses/by-nc/4.0/
476103,3985871630,Tachinidae_Cylindromyia_rufifrons_660128_3985871630,http://creativecommons.org/licenses/by-nc/4.0/
477175,3008398067,Tachinidae_Zophomyia_temula_1639185_3008398067,http://creativecommons.org/licenses/by-nc/4.0/
477917,3384650641,Tachinidae_Thelaira_solivaga_3080953_3384650641,http://creativecommons.org/licenses/by-sa/4.0/
478114,2862494824,Tachinidae_Peleteria_iavana_1622274_2862494824,http://creativecommons.org/licenses/by/4.0/
478168,3858193568,Tachinidae_Phania_funesta_2642778_3858193568,http://creativecommons.org/licenses/by-nc/4.0/
478866,3456677565,Tachinidae_Phryxe_nemea_1152592_3456677565,http://creativecommons.org/licenses/by-nc/4.0/
478877,3456677565,Tachinidae_Phryxe_nemea_1152603_3456677565,http://creativecommons.org/licenses/by-nc/4.0/
478878,3456677565,Tachinidae_Phryxe_nemea_1152604_3456677565,http://creativecommons.org/licenses/by-nc/4.0/
478981,2818543456,Tachinidae_Cylindromyia_intermedia_206597_2818543456,http://creativecommons.org/licenses/by-nc/4.0/
479206,2626403437,Tachinidae_Hemyda_vittata_1569773_2626403437,http://creativecommons.org/licenses/by-nc/4.0/
479363,3947399601,Tachinidae_Gymnosoma_rotundatum_3408377_3947399601,http://creativecommons.org/licenses/by-nc/4.0/
479366,3947399601,Tachinidae_Gymnosoma_rotundatum_3408380_3947399601,http://creativecommons.org/licenses/by-nc/4.0/
479644,3455416413,Tachinidae_Macquartia_tenebricosa_2525266_3455416413,http://creativecommons.org/licenses/by-nc/4.0/
480184,4022008632,Tachinidae_Trichopoda_pictipennis_682648_4022008632,http://creativecommons.org/licenses/by-nc/4.0/
480246,3759691836,Tachinidae_Gonia_quadrisetosa_545821_3759691836,http://creativecommons.org/licenses/by-nc/4.0/
480247,3759691836,Tachinidae_Gonia_quadrisetosa_545822_3759691836,http://creativecommons.org/licenses/by-nc/4.0/
480248,3759691836,Tachinidae_Gonia_quadrisetosa_545823_3759691836,http://creativecommons.org/licenses/by-nc/4.0/
480249,3759691836,Tachinidae_Gonia_quadrisetosa_545824_3759691836,http://creativecommons.org/licenses/by-nc/4.0/
480251,3759691836,Tachinidae_Gonia_quadrisetosa_545826_3759691836,http://creativecommons.org/licenses/by-nc/4.0/
480747,3873306282,Tachinidae_Pales_cyanea_590157_3873306282,http://creativecommons.org/licenses/by-nc/4.0/
480748,3873306282,Tachinidae_Pales_cyanea_590158_3873306282,http://creativecommons.org/licenses/by-nc/4.0/
480766,3784934477,Tachinidae_Smidtia_conspersa_1244805_3784934477,http://creativecommons.org/licenses/by-nc/4.0/
480767,3784934477,Tachinidae_Smidtia_conspersa_1244806_3784934477,http://creativecommons.org/licenses/by-nc/4.0/
480976,2641488259,Tachinidae_Eliozeta_helluo_1578892_2641488259,http://creativecommons.org/licenses/by/4.0/
482051,3764447369,Tachinidae_Pseudogonia_fasciata_2616261_3764447369,http://creativecommons.org/licenses/by-nc/4.0/
482350,3455362395,Tachinidae_Trichopoda_pictipennis_1835901_3455362395,http://creativecommons.org/licenses/by-nc/4.0/
482428,2992743848,Tachinidae_Estheria_decolor_948662_2992743848,http://creativecommons.org/licenses/by-nc/4.0/
482553,3784740661,Tachinidae_Siphona_seyrigi_1244330_3784740661,http://creativecommons.org/licenses/by-nc/4.0/
482560,3017976678,Tachinidae_Gymnosoma_rungsi_2331380_3017976678,http://creativecommons.org/licenses/by-nc/4.0/
482561,3017976678,Tachinidae_Gymnosoma_rungsi_2331381_3017976678,http://creativecommons.org/licenses/by-nc/4.0/
483283,2851096027,Tachinidae_Dinera_ferina_1617936_2851096027,http://creativecommons.org/licenses/by/4.0/
483350,1414939428,Tachinidae_Siphona_flavifrons_33327_1414939428,http://creativecommons.org/licenses/by-nc/4.0/
483358,2248664837,Tachinidae_Ptesiomyia_alacris_828342_2248664837,http://creativecommons.org/licenses/by-nc-sa/4.0/
483359,2251538575,Tachinidae_Dinera_grisescens_2901123_2251538575,http://creativecommons.org/licenses/by-nc/4.0/
483360,2251538573,Tachinidae_Siphona_ingerae_1521546_2251538573,http://creativecommons.org/licenses/by-nc/4.0/
483365,2251538540,Tachinidae_Ligeria_angusticornis_833211_2251538540,http://creativecommons.org/licenses/by-nc/4.0/
483366,2251538530,Tachinidae_Aphantorhaphopsis_verralli_142708_2251538530,http://creativecommons.org/licenses/by-nc/4.0/
483369,2251538508,Tachinidae_Thelaira_nigrina_142703_2251538508,http://creativecommons.org/licenses/by-nc/4.0/
483373,2249160324,Tachinidae_Siphona_pauciseta_2897359_2249160324,http://creativecommons.org/licenses/by-nc/4.0/
483376,2251538569,Tachinidae_Ceromya_silacea_1521545_2251538569,http://creativecommons.org/licenses/by-nc/4.0/
483377,2251538612,Tachinidae_Chetogena_janitrix_833225_2251538612,http://creativecommons.org/licenses/by-nc/4.0/
483386,2251538590,Tachinidae_Siphona_tenuipalpis_833221_2251538590,http://creativecommons.org/licenses/by-nc/4.0/
483980,1976728119,Tachinidae_Siphona_lichtwardtiana_2882165_1976728119,http://creativecommons.org/licenses/by-nc-nd/4.0/
483981,1976728119,Tachinidae_Siphona_lichtwardtiana_2882166_1976728119,http://creativecommons.org/licenses/by-nc-nd/4.0/
484341,3822440032,Tachinidae_Gonia_divisa_2626470_3822440032,http://creativecommons.org/licenses/by-nc-nd/4.0/
484530,1976127120,Tachinidae_Solieria_pacifica_2880932_1976127120,http://creativecommons.org/licenses/by-nc-nd/4.0/
484983,3825278262,Tachinidae_Peribaea_tibialis_1943845_3825278262,http://creativecommons.org/licenses/by-nc-nd/4.0/
485601,3718430966,Tachinidae_Hemyda_vittata_1176182_3718430966,http://creativecommons.org/licenses/by-nc-nd/4.0/
488092,3730305981,Tachinidae_Peleteria_iavana_1905169_3730305981,http://creativecommons.org/licenses/by-nc-nd/4.0/
489810,1974460553,Tachinidae_Gonia_divisa_121118_1974460553,http://creativecommons.org/licenses/by-nc-nd/4.0/
490037,3904397079,Tachinidae_Dexia_rustica_617056_3904397079,http://creativecommons.org/licenses/by-nc-nd/4.0/
492894,1963443322,Tachinidae_Tachina_fera_1483197_1963443322,http://creativecommons.org/publicdomain/zero/1.0/
493184,1954889272,Tachinidae_Tachina_grossa_2849756_1954889272,http://creativecommons.org/licenses/by/4.0/
497993,3430899762,Tachinidae_Aplomya_confinis_1715519_3430899762,© all rights reserved
498290,3768462030,Tachinidae_Winthemia_speciosa_1238435_3768462030,© all rights reserved
498291,3768462030,Tachinidae_Winthemia_speciosa_1238436_3768462030,© all rights reserved
498533,3424253372,Tachinidae_Eurithia_connivens_3094096_3424253372,© All rights reserved
498562,3037275541,Tachinidae_Solieria_pacifica_957885_3037275541,© All rights reserved
498601,3990833364,Tachinidae_Cadurciella_tritaeniata_662900_3990833364,© All rights reserved
498769,4003106400,Tachinidae_Medina_separata_1362541_4003106400,© All rights reserved
498770,4003106400,Tachinidae_Medina_separata_1362542_4003106400,© All rights reserved
499118,1900985724,Tachinidae_Gymnosoma_clavatum_2841959_1900985724,© All rights reserved
499119,1900985724,Tachinidae_Gymnosoma_clavatum_2841960_1900985724,© All rights reserved
499279,2329020801,Tachinidae_Dexia_vacua_1527414_2329020801,© all rights reserved
499419,1430907617,Tachinidae_Brachicheta_strigata_735084_1430907617,© all rights reserved
499951,1670012624,Tachinidae_Tachina_grossa_2811417_1670012624,© all rights reserved
500070,1432198612,Tachinidae_Gonia_capitata_1424520_1432198612,© all rights reserved
500637,1432171374,Tachinidae_Siphona_cristata_2113799_1432171374,© all rights reserved
500638,1432171374,Tachinidae_Siphona_cristata_2113800_1432171374,© all rights reserved
500756,3880254969,Tachinidae_Dinera_ferina_1284011_3880254969,© all rights reserved
501159,2542027607,Tachinidae_Istocheta_longicornis_2925224_2542027607,© all rights reserved
501160,2542027607,Tachinidae_Istocheta_longicornis_2925225_2542027607,© all rights reserved
501388,2542244722,Tachinidae_Redtenbacheria_insignis_2234624_2542244722,© all rights reserved
501389,2542244722,Tachinidae_Redtenbacheria_insignis_2234625_2542244722,© all rights reserved
501425,3434121098,Tachinidae_Actia_lamia_338462_3434121098,© all rights reserved
501781,3879917577,Tachinidae_Drino_galii_1973006_3879917577,© all rights reserved
502024,2311281382,Tachinidae_Athrycia_trepida_2906380_2311281382,http://creativecommons.org/licenses/by-nc/4.0/
502025,2311281382,Tachinidae_Athrycia_trepida_2906381_2311281382,http://creativecommons.org/licenses/by-nc/4.0/
502070,3772781352,Tachinidae_Blepharipa_schineri_3308842_3772781352,http://creativecommons.org/licenses/by/4.0/
502071,3772781352,Tachinidae_Blepharipa_schineri_3308843_3772781352,http://creativecommons.org/licenses/by/4.0/
502072,3772781352,Tachinidae_Blepharipa_schineri_3308844_3772781352,http://creativecommons.org/licenses/by/4.0/
502074,3772781352,Tachinidae_Blepharipa_schineri_3308846_3772781352,http://creativecommons.org/licenses/by/4.0/
502075,3772781352,Tachinidae_Blepharipa_schineri_3308847_3772781352,http://creativecommons.org/licenses/by/4.0/
502227,2850987690,Tachinidae_Phasia_hemiptera_2997288_2850987690,http://creativecommons.org/licenses/by-nc/4.0/
502326,2981063527,Tachinidae_Tryphera_lugubris_256180_2981063527,http://creativecommons.org/licenses/by-nc/4.0/
502327,2981063527,Tachinidae_Tryphera_lugubris_256181_2981063527,http://creativecommons.org/licenses/by-nc/4.0/
502444,2864767019,Tachinidae_Voria_ruralis_245070_2864767019,http://creativecommons.org/licenses/by/4.0/
502853,2898522699,Tachinidae_Rhamphina_rectirostris_250404_2898522699,http://creativecommons.org/licenses/by-nc/4.0/
502858,3912427492,Tachinidae_Therobia_leonidei_1326617_3912427492,http://creativecommons.org/licenses/by-nc/4.0/
502859,3912427492,Tachinidae_Therobia_leonidei_1326618_3912427492,http://creativecommons.org/licenses/by-nc/4.0/
503062,2451679348,Tachinidae_Ectophasia_oblonga_2231115_2451679348,http://creativecommons.org/licenses/by-nc/4.0/
503118,1703195711,Tachinidae_Tachina_fera_745428_1703195711,http://creativecommons.org/licenses/by-nc/4.0/
503338,2429428138,Tachinidae_Trichopoda_pennipes_1537267_2429428138,http://creativecommons.org/licenses/by-nc/4.0/
503344,3455567957,Tachinidae_Subclytia_rotundiventris_2526055_3455567957,http://creativecommons.org/licenses/by-nc/4.0/
503429,2901586550,Tachinidae_Trichopoda_pennipes_3009432_2901586550,http://creativecommons.org/licenses/by-nc/4.0/
503491,2818855487,Tachinidae_Mintho_rufiventris_207578_2818855487,http://creativecommons.org/publicdomain/zero/1.0/
503883,2350443617,Tachinidae_Trichopoda_pictipennis_149801_2350443617,http://creativecommons.org/licenses/by-nc/4.0/
505091,3767537462,Tachinidae_Tachina_ursina_1927658_3767537462,© all rights reserved
505248,2272818893,Tachinidae_Phasia_subcoleoptrata_2212988_2272818893,© all rights reserved
505384,3078468602,Tachinidae_Thelaira_nigrina_1655307_3078468602,© all rights reserved
505755,1459057693,Tachinidae_Periscepsia_spathulata_46782_1459057693,© all rights reserved
505868,3899231084,Tachinidae_Phasia_aurigera_1293246_3899231084,© all rights reserved
505885,1460063614,Tachinidae_Istocheta_longicornis_1428282_1460063614,© all rights reserved
505886,1460063614,Tachinidae_Istocheta_longicornis_1428283_1460063614,© all rights reserved
505971,1459356842,Tachinidae_Aplomya_confinis_47098_1459356842,© all rights reserved
506162,1459851814,Tachinidae_Bothria_frontosa_2806618_1459851814,© all rights reserved
506556,931825427,Tachinidae_Periscepsia_spathulata_2067458_931825427,© all rights reserved
506611,3899441497,Tachinidae_Tachina_magnicornis_1982614_3899441497,© all rights reserved
506907,1838569903,Tachinidae_Tachina_ursina_2830832_1838569903,© all rights reserved
507204,1428686155,Tachinidae_Winthemia_speciosa_734969_1428686155,© all rights reserved
507205,1428686155,Tachinidae_Winthemia_speciosa_734970_1428686155,© all rights reserved
507506,1460432589,Tachinidae_Besseria_melanura_2118315_1460432589,© all rights reserved
507648,1431427079,Tachinidae_Eliozeta_pellucens_2113342_1431427079,© all rights reserved
507657,3432268794,Tachinidae_Gymnosoma_nudifrons_1027153_3432268794,© all rights reserved
507805,2808964987,Tachinidae_Mintho_rufiventris_893495_2808964987,© all rights reserved
508138,1460527583,Tachinidae_Bothria_frontosa_1429159_1460527583,© all rights reserved
508146,2001289146,Tachinidae_Freraea_gagatea_823114_2001289146,http://creativecommons.org/licenses/by-nc-sa/4.0/
508148,2001591021,Tachinidae_Halydaia_aurea_2891111_2001591021,http://creativecommons.org/licenses/by-nc-sa/4.0/
508268,1460446769,Tachinidae_Cylindromyia_brassicaria_2118357_1460446769,© all rights reserved
508749,2620120347,Tachinidae_Tachina_lurida_2256949_2620120347,http://creativecommons.org/licenses/by-nc/4.0/
508893,3860141725,Tachinidae_Gonia_bimaculata_1962572_3860141725,http://creativecommons.org/licenses/by-nc/4.0/
509488,3455221235,Tachinidae_Panzeria_puparum_3214086_3455221235,http://creativecommons.org/licenses/by-nc/4.0/
512681,4018582235,Tachinidae_Chetogena_acuminata_1370466_4018582235,http://creativecommons.org/licenses/by-nc/4.0/
513398,3903070497,Tachinidae_Gonia_quadrisetosa_1299715_3903070497,http://creativecommons.org/licenses/by-nc/4.0/
513409,2868323070,Tachinidae_Gymnosoma_rotundatum_936658_2868323070,http://creativecommons.org/licenses/by-nc/4.0/
514284,2294515091,Tachinidae_Trixa_caerulescens_2215154_2294515091,http://creativecommons.org/licenses/by-nc/4.0/
514585,2620011722,Tachinidae_Vibrissina_turrita_2947144_2620011722,http://creativecommons.org/licenses/by-nc/4.0/
514588,2620011722,Tachinidae_Vibrissina_turrita_2947147_2620011722,http://creativecommons.org/licenses/by-nc/4.0/
514739,2860203413,Tachinidae_Peleteria_iavana_243080_2860203413,http://creativecommons.org/licenses/by/4.0/
515421,2868297827,Tachinidae_Elomya_lateralis_936575_2868297827,http://creativecommons.org/licenses/by/4.0/
515422,2868297827,Tachinidae_Elomya_lateralis_936576_2868297827,http://creativecommons.org/licenses/by/4.0/
517399,3903438390,Tachinidae_Trichopoda_pictipennis_1301460_3903438390,http://creativecommons.org/licenses/by-nc/4.0/
517933,2595992131,Tachinidae_Triarthria_setipennis_184373_2595992131,http://creativecommons.org/licenses/by-nc/4.0/
518973,3860517190,Tachinidae_Pseudogonia_fasciata_586136_3860517190,http://creativecommons.org/licenses/by-nc/4.0/
519466,2397633187,Tachinidae_Phasia_aurigera_1530188_2397633187,http://creativecommons.org/licenses/by/4.0/
519706,3090933904,Tachinidae_Gymnocheta_viridis_1658358_3090933904,http://creativecommons.org/licenses/by-nc/4.0/
520175,3889085007,Tachinidae_Eriothrix_rufomaculata_1289955_3889085007,http://creativecommons.org/licenses/by-nc/4.0/
520363,3328007304,Tachinidae_Smidtia_amoena_1679125_3328007304,http://creativecommons.org/licenses/by-nc/4.0/
520833,2898472566,Tachinidae_Nemoraea_pellucida_1628432_2898472566,http://creativecommons.org/licenses/by/4.0/
521516,3985649399,Tachinidae_Gonia_capitata_658610_3985649399,http://creativecommons.org/licenses/by-nc/4.0/
521799,2883004798,Tachinidae_Gonia_ornata_3007087_2883004798,http://creativecommons.org/licenses/by-nc/4.0/
522555,3061533261,Tachinidae_Panzeria_puparum_962536_3061533261,http://creativecommons.org/licenses/by/4.0/
522765,3860103784,Tachinidae_Estheria_simonyi_584157_3860103784,http://creativecommons.org/licenses/by-nc/4.0/
523323,3902784694,Tachinidae_Strongygaster_globula_3367426_3902784694,http://creativecommons.org/licenses/by-nc/4.0/
523384,2609189493,Tachinidae_Bactromyia_aurulenta_2254784_2609189493,http://creativecommons.org/licenses/by-nc/4.0/
523386,2609189493,Tachinidae_Bactromyia_aurulenta_2254786_2609189493,http://creativecommons.org/licenses/by-nc/4.0/
524001,3330441324,Tachinidae_Prosena_siberita_3060217_3330441324,http://creativecommons.org/licenses/by/4.0/
524058,3966477269,Tachinidae_Pexopsis_aprica_3415098_3966477269,http://creativecommons.org/licenses/by-nc/4.0/
525157,2992831885,Tachinidae_Kirbya_moerens_258995_2992831885,http://creativecommons.org/licenses/by-nc/4.0/
525962,3705402676,Tachinidae_Kirbya_moerens_1162762_3705402676,http://creativecommons.org/licenses/by-nc/4.0/
525973,3873869704,Tachinidae_Zeuxia_cinerea_2660545_3873869704,http://creativecommons.org/licenses/by-nc/4.0/
526378,3457077234,Tachinidae_Solieria_fenestrata_3222920_3457077234,http://creativecommons.org/licenses/by/4.0/
526873,3822579866,Tachinidae_Winthemia_bohemani_1248423_3822579866,http://creativecommons.org/licenses/by-nc-nd/4.0/
526876,3822579866,Tachinidae_Winthemia_bohemani_1248426_3822579866,http://creativecommons.org/licenses/by-nc-nd/4.0/
529174,3725653839,Tachinidae_Periscepsia_carbonaria_3268207_3725653839,http://creativecommons.org/licenses/by-nc-nd/4.0/
532369,2873876459,Tachinidae_Epicampocera_succincta_2315989_2873876459,http://creativecommons.org/licenses/by-nc/4.0/
532419,3455293120,Tachinidae_Rhamphina_rectirostris_1145993_3455293120,http://creativecommons.org/licenses/by-nc/4.0/
533602,3759496595,Tachinidae_Siphona_seyrigi_545099_3759496595,http://creativecommons.org/licenses/by-nc/4.0/
533703,3888737857,Tachinidae_Clairvillia_biguttata_1977546_3888737857,http://creativecommons.org/licenses/by-nc/4.0/
533956,3986076971,Tachinidae_Gonia_vacua_1348880_3986076971,http://creativecommons.org/licenses/by-nc/4.0/
533957,3986076971,Tachinidae_Gonia_vacua_1348881_3986076971,http://creativecommons.org/licenses/by-nc/4.0/
534404,2883066584,Tachinidae_Clytiomya_sola_248834_2883066584,http://creativecommons.org/licenses/by-nc/4.0/
534529,3902399942,Tachinidae_Frontina_laeta_1985472_3902399942,http://creativecommons.org/licenses/by-nc/4.0/
535930,3858645267,Tachinidae_Halidaya_aurea_1266525_3858645267,http://creativecommons.org/licenses/by-nc/4.0/
535956,3455306017,Tachinidae_Rhamphina_rectirostris_1146111_3455306017,http://creativecommons.org/licenses/by-nc/4.0/
536433,3455182168,Tachinidae_Cylindromyia_bicolor_455535_3455182168,http://creativecommons.org/licenses/by-nc/4.0/
536567,3760282386,Tachinidae_Linnaemya_soror_1236411_3760282386,http://creativecommons.org/licenses/by-nc/4.0/
537447,2350326930,Tachinidae_Tachina_canariensis_2217346_2350326930,http://creativecommons.org/licenses/by-nc/4.0/
538096,2626634391,Tachinidae_Siphona_geniculata_1570277_2626634391,http://creativecommons.org/licenses/by-nc/4.0/
538986,3456823812,Tachinidae_Therobia_leonidei_3222068_3456823812,http://creativecommons.org/licenses/by-nc/4.0/
539184,2851040456,Tachinidae_Linnaemya_vulpina_1617691_2851040456,http://creativecommons.org/licenses/by/4.0/
539330,2898332562,Tachinidae_Voria_ruralis_2318034_2898332562,http://creativecommons.org/licenses/by/4.0/
539470,3963625189,Tachinidae_Trigonospila_transvittata_656281_3963625189,http://creativecommons.org/licenses/by-nc/4.0/
539736,3466514454,Tachinidae_Tachina_fera_467339_3466514454,http://creativecommons.org/licenses/by-nc/4.0/
540015,3456261433,Tachinidae_Cylindromyia_rubida_3219544_3456261433,http://creativecommons.org/licenses/by-nc/4.0/
540147,2397646732,Tachinidae_Medina_luctuosa_1530231_2397646732,http://creativecommons.org/licenses/by-nc/4.0/
540148,2397646732,Tachinidae_Medina_luctuosa_1530232_2397646732,http://creativecommons.org/licenses/by-nc/4.0/
540149,2397646732,Tachinidae_Medina_luctuosa_1530233_2397646732,http://creativecommons.org/licenses/by-nc/4.0/
540854,3330498373,Tachinidae_Hyalurgus_lucidus_301985_3330498373,http://creativecommons.org/licenses/by/4.0/
540915,3860149248,Tachinidae_Lecanipa_bicincta_584322_3860149248,http://creativecommons.org/licenses/by-nc/4.0/
540916,3860149248,Tachinidae_Lecanipa_bicincta_584323_3860149248,http://creativecommons.org/licenses/by-nc/4.0/
541153,2611190167,Tachinidae_Tachina_lurida_2946240_2611190167,http://creativecommons.org/licenses/by/4.0/
541266,3018064519,Tachinidae_Halidaya_aurea_953778_3018064519,http://creativecommons.org/licenses/by-nc/4.0/
541752,2814070145,Tachinidae_Trixa_conspersa_2962854_2814070145,http://creativecommons.org/licenses/by-nc/4.0/
541753,2814070145,Tachinidae_Trixa_conspersa_2962855_2814070145,http://creativecommons.org/licenses/by-nc/4.0/
541834,3455188811,Tachinidae_Carcelia_tibialis_1145119_3455188811,http://creativecommons.org/licenses/by-nc/4.0/
541835,3455188811,Tachinidae_Carcelia_tibialis_1145120_3455188811,http://creativecommons.org/licenses/by-nc/4.0/
541836,3455188811,Tachinidae_Carcelia_tibialis_1145121_3455188811,http://creativecommons.org/licenses/by-nc/4.0/
543103,2802977900,Tachinidae_Trichopoda_pennipes_2270037_2802977900,http://creativecommons.org/licenses/by-nc/4.0/
543631,2235524578,Tachinidae_Exorista_sorbillans_824909_2235524578,http://creativecommons.org/licenses/by-nc/4.0/
543984,3455854659,Tachinidae_Allophorocera_ferruginea_1148826_3455854659,http://creativecommons.org/licenses/by-nc/4.0/
544180,3456820989,Tachinidae_Dexiosoma_caninum_1153269_3456820989,http://creativecommons.org/publicdomain/zero/1.0/
544455,1993707989,Tachinidae_Mintho_compressa_2200380_1993707989,http://creativecommons.org/licenses/by-nc-nd/4.0/
544456,1993707989,Tachinidae_Mintho_compressa_2200381_1993707989,http://creativecommons.org/licenses/by-nc-nd/4.0/
545131,3759329020,Tachinidae_Tachina_canariensis_2612359_3759329020,http://creativecommons.org/licenses/by-nc/4.0/
545197,3889204046,Tachinidae_Phasia_hemiptera_1979577_3889204046,http://creativecommons.org/licenses/by-nc/4.0/
545681,2864589847,Tachinidae_Cylindromyia_intermedia_934662_2864589847,http://creativecommons.org/licenses/by-nc/4.0/
546197,3112303307,Tachinidae_Loewia_brevifrons_1662199_3112303307,http://creativecommons.org/licenses/by-nc/4.0/
546753,3044561567,Tachinidae_Peleteria_meridionalis_3027746_3044561567,http://creativecommons.org/licenses/by/4.0/
546799,2626461248,Tachinidae_Clytiomya_continua_880787_2626461248,http://creativecommons.org/licenses/by-nc/4.0/
547151,3925044718,Tachinidae_Phasia_hemiptera_3405147_3925044718,http://creativecommons.org/licenses/by-nc/4.0/
547764,3873592512,Tachinidae_Trigonospila_transvittata_2659133_3873592512,http://creativecommons.org/licenses/by-nc/4.0/
548469,2901530203,Tachinidae_Spallanzania_rectistylum_2318808_2901530203,http://creativecommons.org/licenses/by-nc/4.0/
549300,3963501536,Tachinidae_Gymnosoma_clavatum_2033695_3963501536,http://creativecommons.org/licenses/by-nc/4.0/
549835,2882974720,Tachinidae_Ectophasia_leucoptera_3006990_2882974720,http://creativecommons.org/licenses/by-nc/4.0/
549995,3759643927,Tachinidae_Clairvillia_biguttata_2613343_3759643927,http://creativecommons.org/licenses/by-nc/4.0/
550294,3456391498,Tachinidae_Linnaemya_vulpina_3220083_3456391498,http://creativecommons.org/licenses/by-nc/4.0/
550376,4018162272,Tachinidae_Gonia_bimaculata_1369234_4018162272,http://creativecommons.org/licenses/by-nc/4.0/
550501,3872882189,Tachinidae_Peleteria_ruficornis_3346538_3872882189,http://creativecommons.org/licenses/by-nc/4.0/
550625,3698260697,Tachinidae_Macquartia_tessellum_472533_3698260697,http://creativecommons.org/licenses/by-nc/4.0/
551960,3912324218,Tachinidae_Pandelleia_sexpunctata_2705584_3912324218,http://creativecommons.org/licenses/by-nc/4.0/
551961,3912324218,Tachinidae_Pandelleia_sexpunctata_2705585_3912324218,http://creativecommons.org/licenses/by-nc/4.0/
551962,3912324218,Tachinidae_Pandelleia_sexpunctata_2705586_3912324218,http://creativecommons.org/licenses/by-nc/4.0/
551963,3912324218,Tachinidae_Pandelleia_sexpunctata_2705587_3912324218,http://creativecommons.org/licenses/by-nc/4.0/
551964,3912324218,Tachinidae_Pandelleia_sexpunctata_2705588_3912324218,http://creativecommons.org/licenses/by-nc/4.0/
552167,2859954529,Tachinidae_Phyllomya_volvulus_932399_2859954529,http://creativecommons.org/licenses/by/4.0/
552272,2859924525,Tachinidae_Mintho_rufiventris_3000449_2859924525,http://creativecommons.org/licenses/by-nc/4.0/
552440,2634421965,Tachinidae_Phania_funesta_888248_2634421965,http://creativecommons.org/licenses/by/4.0/
552884,2823109190,Tachinidae_Dexiosoma_caninum_898247_2823109190,http://creativecommons.org/licenses/by-nc/4.0/
552986,3784958388,Tachinidae_Phebellia_glauca_2623451_3784958388,http://creativecommons.org/licenses/by-nc/4.0/
552987,3784958388,Tachinidae_Phebellia_glauca_2623452_3784958388,http://creativecommons.org/licenses/by-nc/4.0/
553557,2633978918,Tachinidae_Eliozeta_pellucens_196843_2633978918,http://creativecommons.org/licenses/by/4.0/
553779,3113429373,Tachinidae_Trichopoda_pennipes_285672_3113429373,http://creativecommons.org/licenses/by-nc-sa/4.0/
555850,4015157460,Tachinidae_Gonia_bimaculata_3437973_4015157460,http://creativecommons.org/licenses/by-nc/4.0/
556363,2860043518,Tachinidae_Elomya_lateralis_2310730_2860043518,http://creativecommons.org/licenses/by/4.0/
556366,2860043518,Tachinidae_Elomya_lateralis_2310733_2860043518,http://creativecommons.org/licenses/by/4.0/
556368,2860043518,Tachinidae_Elomya_lateralis_2310735_2860043518,http://creativecommons.org/licenses/by/4.0/
556410,3873478210,Tachinidae_Labigastera_forcipata_1279992_3873478210,http://creativecommons.org/licenses/by-nc/4.0/
556411,3873478210,Tachinidae_Labigastera_forcipata_1279993_3873478210,http://creativecommons.org/licenses/by-nc/4.0/
556811,2573822020,Tachinidae_Triarthria_setipennis_2249646_2573822020,http://creativecommons.org/licenses/by-nc/4.0/
557282,2576370257,Tachinidae_Macroprosopa_atrata_2251076_2576370257,http://creativecommons.org/licenses/by-nc/4.0/
557283,2576370257,Tachinidae_Macroprosopa_atrata_2251077_2576370257,http://creativecommons.org/licenses/by-nc/4.0/
559287,3859846048,Tachinidae_Mintho_compressa_1961285_3859846048,http://creativecommons.org/licenses/by-nc/4.0/
560178,2818722877,Tachinidae_Cylindromyia_intermedia_897448_2818722877,http://creativecommons.org/licenses/by-nc/4.0/
560467,2963754186,Tachinidae_Linnaemya_vulpina_251864_2963754186,http://creativecommons.org/licenses/by/4.0/
561949,2882948753,Tachinidae_Blondelia_nigripes_938486_2882948753,http://creativecommons.org/licenses/by/4.0/
561950,2882948753,Tachinidae_Blondelia_nigripes_938487_2882948753,http://creativecommons.org/licenses/by/4.0/
563172,3888858380,Tachinidae_Phasia_aurulans_1978159_3888858380,http://creativecommons.org/licenses/by-nc/4.0/
563675,3469039525,Tachinidae_Linnaemya_vulpina_1158442_3469039525,http://creativecommons.org/licenses/by-nc/4.0/
564060,2901728265,Tachinidae_Spallanzania_rectistylum_251493_2901728265,http://creativecommons.org/licenses/by-nc/4.0/
564069,3455293165,Tachinidae_Rhamphina_rectirostris_456493_3455293165,http://creativecommons.org/licenses/by-nc/4.0/
564159,3455429453,Tachinidae_Hemyda_obscuripennis_1146870_3455429453,http://creativecommons.org/licenses/by-nc/4.0/
564160,3455429453,Tachinidae_Hemyda_obscuripennis_1146871_3455429453,http://creativecommons.org/licenses/by-nc/4.0/
564338,2550097322,Tachinidae_Zeuxia_zernyi_2236358_2550097322,http://creativecommons.org/licenses/by-nc/4.0/
564339,2550097322,Tachinidae_Zeuxia_zernyi_2236359_2550097322,http://creativecommons.org/licenses/by-nc/4.0/
565045,3802381289,Tachinidae_Gonia_bimaculata_1934849_3802381289,http://creativecommons.org/licenses/by-nc/4.0/
565664,3456446695,Tachinidae_Dexia_vacua_3220308_3456446695,http://creativecommons.org/licenses/by-nc/4.0/
566429,3456856396,Tachinidae_Cylindromyia_rubida_1842912_3456856396,http://creativecommons.org/licenses/by-nc/4.0/
567105,4014874035,Tachinidae_Tachina_canariensis_679608_4014874035,http://creativecommons.org/licenses/by-nc/4.0/
567580,3889218655,Tachinidae_Catharosia_pygmaea_2669019_3889218655,http://creativecommons.org/licenses/by-nc/4.0/
568431,2447937053,Tachinidae_Aplomya_confinis_2230719_2447937053,http://creativecommons.org/licenses/by/4.0/
568774,3383932115,Tachinidae_Cylindromyia_intermedia_319011_3383932115,http://creativecommons.org/licenses/by-nc/4.0/
568775,3383932115,Tachinidae_Cylindromyia_intermedia_319012_3383932115,http://creativecommons.org/licenses/by-nc/4.0/
568989,3327876494,Tachinidae_Eliozeta_pellucens_300093_3327876494,http://creativecommons.org/licenses/by-nc/4.0/
569026,2898443625,Tachinidae_Leucostoma_anthracina_940129_2898443625,http://creativecommons.org/licenses/by-nc/4.0/
569027,2898443625,Tachinidae_Leucostoma_anthracina_940130_2898443625,http://creativecommons.org/licenses/by-nc/4.0/
569347,2397501136,Tachinidae_Linnaemya_vulpina_150882_2397501136,http://creativecommons.org/licenses/by/4.0/
569605,3005131557,Tachinidae_Mintho_rufiventris_950387_3005131557,http://creativecommons.org/licenses/by-nc/4.0/
570116,3760202123,Tachinidae_Tachina_canariensis_1925620_3760202123,http://creativecommons.org/publicdomain/zero/1.0/
570384,4011753392,Tachinidae_Pales_cyanea_2056074_4011753392,http://creativecommons.org/licenses/by-nc/4.0/
570386,4011753392,Tachinidae_Pales_cyanea_2056076_4011753392,http://creativecommons.org/licenses/by-nc/4.0/
570579,3966531738,Tachinidae_Smidtia_conspersa_1345785_3966531738,http://creativecommons.org/licenses/by-nc/4.0/
570959,2882928799,Tachinidae_Gonia_atra_3006763_2882928799,http://creativecommons.org/licenses/by-nc/4.0/
571160,2597904052,Tachinidae_Tachina_lurida_2943999_2597904052,http://creativecommons.org/licenses/by/4.0/
571372,2826540801,Tachinidae_Ectophasia_crassipennis_2969332_2826540801,http://creativecommons.org/licenses/by-nc/4.0/
571543,2864583606,Tachinidae_Voria_ruralis_2312754_2864583606,http://creativecommons.org/licenses/by/4.0/
571625,3325799660,Tachinidae_Drino_inconspicua_298554_3325799660,http://creativecommons.org/licenses/by-nc/4.0/
571626,3325799660,Tachinidae_Drino_inconspicua_298555_3325799660,http://creativecommons.org/licenses/by-nc/4.0/
571627,3325799660,Tachinidae_Drino_inconspicua_298556_3325799660,http://creativecommons.org/licenses/by-nc/4.0/
572244,2265778834,Tachinidae_Gonia_capitata_834409_2265778834,http://creativecommons.org/licenses/by-nc/4.0/
572505,2851102991,Tachinidae_Tachina_fera_239290_2851102991,http://creativecommons.org/licenses/by-nc/4.0/
573291,3858661568,Tachinidae_Gonia_quadrisetosa_2645092_3858661568,http://creativecommons.org/licenses/by-nc/4.0/
574301,2901724875,Tachinidae_Ectophasia_leucoptera_2319746_2901724875,http://creativecommons.org/licenses/by-nc/4.0/
574513,3314223982,Tachinidae_Cylindromyia_rufifrons_983907_3314223982,http://creativecommons.org/licenses/by-nc/4.0/
574773,3902768307,Tachinidae_Ectophasia_oblonga_1987321_3902768307,http://creativecommons.org/licenses/by/4.0/
576035,3321094202,Tachinidae_Cylindromyia_auriceps_1674841_3321094202,http://creativecommons.org/licenses/by-nc/4.0/
576355,3039174842,Tachinidae_Dexiosoma_caninum_1646531_3039174842,http://creativecommons.org/licenses/by-nc/4.0/
576744,2609274595,Tachinidae_Siphona_maculata_877332_2609274595,http://creativecommons.org/licenses/by-nc/4.0/
576815,3457094532,Tachinidae_Erycia_fatua_3222970_3457094532,http://creativecommons.org/licenses/by-nc/4.0/
576816,3457094532,Tachinidae_Erycia_fatua_3222971_3457094532,http://creativecommons.org/licenses/by-nc/4.0/
576817,3457094532,Tachinidae_Erycia_fatua_3222972_3457094532,http://creativecommons.org/licenses/by-nc/4.0/
576819,3457094532,Tachinidae_Erycia_fatua_3222974_3457094532,http://creativecommons.org/licenses/by-nc/4.0/
576820,3457094532,Tachinidae_Erycia_fatua_3222975_3457094532,http://creativecommons.org/licenses/by-nc/4.0/
577530,4009688781,Tachinidae_Gonia_bimaculata_675685_4009688781,http://creativecommons.org/licenses/by-nc/4.0/
578060,2992720885,Tachinidae_Phania_albisquama_1636971_2992720885,http://creativecommons.org/licenses/by-nc/4.0/
578415,3337671772,Tachinidae_Exorista_rustica_3068331_3337671772,http://creativecommons.org/licenses/by-nc/4.0/
579344,4015171504,Tachinidae_Pseudogonia_fasciata_3438007_4015171504,http://creativecommons.org/licenses/by-nc/4.0/
580145,3764486327,Tachinidae_Phryno_vetula_548786_3764486327,http://creativecommons.org/licenses/by/4.0/
580248,3455400904,Tachinidae_Voria_ruralis_1146670_3455400904,http://creativecommons.org/licenses/by-nc/4.0/
581020,3320885193,Tachinidae_Estheria_petiolata_2364009_3320885193,http://creativecommons.org/licenses/by-nc/4.0/
581100,3079715121,Tachinidae_Tachina_ursina_3036145_3079715121,http://creativecommons.org/licenses/by-nc/4.0/
581134,2397496791,Tachinidae_Eurithia_anthophila_150852_2397496791,http://creativecommons.org/licenses/by-nc/4.0/
581182,2901702775,Tachinidae_Phasia_obesa_2319611_2901702775,http://creativecommons.org/licenses/by/4.0/
581554,2864752604,Tachinidae_Chrysomopsis_aurata_3003550_2864752604,http://creativecommons.org/licenses/by-nc/4.0/
581555,2864752604,Tachinidae_Chrysomopsis_aurata_3003551_2864752604,http://creativecommons.org/licenses/by-nc/4.0/
581862,3915633297,Tachinidae_Blondelia_nigripes_2708232_3915633297,http://creativecommons.org/licenses/by-nc/4.0/
581964,3988449565,Tachinidae_Besseria_zonaria_2728940_3988449565,http://creativecommons.org/licenses/by-nc/4.0/
581965,3988449565,Tachinidae_Besseria_zonaria_2728941_3988449565,http://creativecommons.org/licenses/by-nc/4.0/
582094,3923680364,Tachinidae_Peleteria_ruficornis_2714716_3923680364,http://creativecommons.org/licenses/by-nc/4.0/
582652,3784755370,Tachinidae_Macquartia_grisea_3313374_3784755370,http://creativecommons.org/licenses/by-nc/4.0/
582715,2609227032,Tachinidae_Compsilura_concinnata_187127_2609227032,http://creativecommons.org/licenses/by-nc/4.0/
582716,2609227032,Tachinidae_Compsilura_concinnata_187128_2609227032,http://creativecommons.org/licenses/by-nc/4.0/
582853,2992796912,Tachinidae_Trigonospila_transvittata_948811_2992796912,http://creativecommons.org/licenses/by-nc/4.0/
582970,2992828916,Tachinidae_Minthodes_diversipes_948877_2992828916,http://creativecommons.org/licenses/by-nc/4.0/
583548,3966593640,Tachinidae_Sturmia_bella_1346091_3966593640,http://creativecommons.org/licenses/by-nc/4.0/
583854,4015252862,Tachinidae_Gonia_umbripennis_1368718_4015252862,http://creativecommons.org/licenses/by-nc/4.0/
583988,2610934766,Tachinidae_Trixa_conspersa_2945572_2610934766,http://creativecommons.org/licenses/by-nc/4.0/
584165,3456868394,Tachinidae_Voria_ruralis_2532001_3456868394,http://creativecommons.org/licenses/by/4.0/
584801,3384987286,Tachinidae_Ectophasia_oblonga_1702609_3384987286,http://creativecommons.org/licenses/by-nc/4.0/
584962,3966567772,Tachinidae_Exorista_rustica_2725236_3966567772,http://creativecommons.org/licenses/by-nc/4.0/
586412,2609230903,Tachinidae_Carcelia_tibialis_877268_2609230903,http://creativecommons.org/licenses/by-nc/4.0/
586621,3455835597,Tachinidae_Therobia_leonidei_1148726_3455835597,http://creativecommons.org/licenses/by-nc/4.0/
586719,3712587905,Tachinidae_Eumeella_perdives_1854172_3712587905,http://creativecommons.org/licenses/by-nc/4.0/
586720,3712587905,Tachinidae_Eumeella_perdives_1854173_3712587905,http://creativecommons.org/licenses/by-nc/4.0/
587474,3881791069,Tachinidae_Prosena_siberita_3357052_3881791069,http://creativecommons.org/licenses/by-nc/4.0/
587484,2898341694,Tachinidae_Peleteria_ruficornis_3008286_2898341694,http://creativecommons.org/licenses/by-nc/4.0/
587721,3912192963,Tachinidae_Cylindromyia_rufifrons_2705056_3912192963,http://creativecommons.org/licenses/by-nc/4.0/
587729,4015269560,Tachinidae_Exorista_sorbillans_3438259_4015269560,http://creativecommons.org/licenses/by-nc/4.0/
587878,3963444792,Tachinidae_Dinera_fuscata_2033581_3963444792,http://creativecommons.org/licenses/by-nc/4.0/
587879,3963444792,Tachinidae_Dinera_fuscata_2033582_3963444792,http://creativecommons.org/licenses/by-nc/4.0/
588304,2850575429,Tachinidae_Leskia_aurea_1615227_2850575429,http://creativecommons.org/licenses/by-nc/4.0/
589329,2397607613,Tachinidae_Meigenia_mutabilis_1530100_2397607613,http://creativecommons.org/licenses/by-nc/4.0/
590928,3456208668,Tachinidae_Dexia_rustica_460761_3456208668,http://creativecommons.org/licenses/by-nc/4.0/
591432,3888808400,Tachinidae_Dinera_fuscata_599700_3888808400,http://creativecommons.org/licenses/by-nc/4.0/
591433,3888808400,Tachinidae_Dinera_fuscata_599701_3888808400,http://creativecommons.org/licenses/by-nc/4.0/
591435,3888808400,Tachinidae_Dinera_fuscata_599703_3888808400,http://creativecommons.org/licenses/by-nc/4.0/
591436,3888808400,Tachinidae_Dinera_fuscata_599704_3888808400,http://creativecommons.org/licenses/by-nc/4.0/
592536,3070492883,Tachinidae_Kirbya_moerens_965694_3070492883,http://creativecommons.org/licenses/by-nc/4.0/
593019,3079735171,Tachinidae_Zophomyia_temula_967727_3079735171,http://creativecommons.org/licenses/by-nc/4.0/
593344,3784932406,Tachinidae_Exorista_fasciata_1244801_3784932406,http://creativecommons.org/licenses/by-nc/4.0/
593597,2609204033,Tachinidae_Voria_ruralis_877239_2609204033,http://creativecommons.org/licenses/by/4.0/
593751,3337390594,Tachinidae_Microphthalma_europaea_3067049_3337390594,http://creativecommons.org/licenses/by-nc/4.0/
594242,2331836733,Tachinidae_Phasia_mesnili_1527544_2331836733,http://creativecommons.org/licenses/by/4.0/
594244,2331836733,Tachinidae_Phasia_mesnili_1527546_2331836733,http://creativecommons.org/licenses/by/4.0/
594245,2331836733,Tachinidae_Phasia_mesnili_1527547_2331836733,http://creativecommons.org/licenses/by/4.0/
594246,2331836733,Tachinidae_Phasia_mesnili_1527548_2331836733,http://creativecommons.org/licenses/by/4.0/
594247,2331836733,Tachinidae_Phasia_mesnili_1527549_2331836733,http://creativecommons.org/licenses/by/4.0/
594248,2331836733,Tachinidae_Phasia_mesnili_1527550_2331836733,http://creativecommons.org/licenses/by/4.0/
594249,2331836733,Tachinidae_Phasia_mesnili_1527551_2331836733,http://creativecommons.org/licenses/by/4.0/
594250,2331836733,Tachinidae_Phasia_mesnili_1527552_2331836733,http://creativecommons.org/licenses/by/4.0/
594486,2813978645,Tachinidae_Phytomyptera_nigrina_2272192_2813978645,http://creativecommons.org/licenses/by-nc/4.0/
594691,2596151700,Tachinidae_Panzeria_puparum_1563670_2596151700,http://creativecommons.org/licenses/by/4.0/
595135,3859449666,Tachinidae_Atylomyia_loewi_1959304_3859449666,http://creativecommons.org/licenses/by-nc/4.0/
595688,3784695377,Tachinidae_Eurithia_intermedia_3313230_3784695377,http://creativecommons.org/licenses/by-nc/4.0/
595689,3784695377,Tachinidae_Eurithia_intermedia_3313231_3784695377,http://creativecommons.org/licenses/by-nc/4.0/
595690,3784695377,Tachinidae_Eurithia_intermedia_3313232_3784695377,http://creativecommons.org/licenses/by-nc/4.0/
595691,3784695377,Tachinidae_Eurithia_intermedia_3313233_3784695377,http://creativecommons.org/licenses/by-nc/4.0/
596666,2874016696,Tachinidae_Nemoraea_pellucida_248106_2874016696,http://creativecommons.org/licenses/by/4.0/
597142,3746961185,Tachinidae_Tachina_canariensis_542297_3746961185,http://creativecommons.org/licenses/by-nc/4.0/
597653,3859755305,Tachinidae_Phania_funesta_1960866_3859755305,http://creativecommons.org/licenses/by/4.0/
597972,3398667433,Tachinidae_Trigonospila_transvittata_3085557_3398667433,http://creativecommons.org/licenses/by-nc/4.0/
598263,3859964161,Tachinidae_Eriothrix_rufomaculata_3342028_3859964161,http://creativecommons.org/licenses/by/4.0/
599723,2988535108,Tachinidae_Strongygaster_celer_1636207_2988535108,http://creativecommons.org/licenses/by-nc/4.0/
599724,2988535108,Tachinidae_Strongygaster_celer_1636208_2988535108,http://creativecommons.org/licenses/by-nc/4.0/
599734,3456721440,Tachinidae_Linnaemya_vulpina_2531323_3456721440,http://creativecommons.org/licenses/by-nc/4.0/
599836,2814360901,Tachinidae_Solieria_pacifica_895646_2814360901,http://creativecommons.org/licenses/by-nc/4.0/
600009,3764322956,Tachinidae_Hypovoria_hilaris_1926809_3764322956,http://creativecommons.org/licenses/by-nc/4.0/
600306,2563592492,Tachinidae_Siphona_maculata_2249178_2563592492,http://creativecommons.org/licenses/by-nc/4.0/
601209,3355518382,Tachinidae_Cistogaster_globosa_1006764_3355518382,http://creativecommons.org/licenses/by-nc/4.0/
601256,3044732871,Tachinidae_Bampura_innoxia_1648310_3044732871,http://creativecommons.org/licenses/by-nc/4.0/
601827,3772577517,Tachinidae_Macquartia_grisea_550152_3772577517,http://creativecommons.org/licenses/by/4.0/
602046,3415381649,Tachinidae_Zophomyia_temula_1711182_3415381649,http://creativecommons.org/licenses/by-nc/4.0/
602143,2611060906,Tachinidae_Chaetostigmoptera_montivaga_877846_2611060906,http://creativecommons.org/licenses/by-nc/4.0/
602185,1932325784,Tachinidae_Phasia_aurigera_775657_1932325784,http://creativecommons.org/licenses/by-nc/4.0/
603939,2818702252,Tachinidae_Cylindromyia_intermedia_897293_2818702252,http://creativecommons.org/licenses/by-nc/4.0/
604022,2984515892,Tachinidae_Atylostoma_tricolor_3015328_2984515892,http://creativecommons.org/licenses/by-nc/4.0/
604023,2984515892,Tachinidae_Atylostoma_tricolor_3015329_2984515892,http://creativecommons.org/licenses/by-nc/4.0/
604024,2984515892,Tachinidae_Atylostoma_tricolor_3015330_2984515892,http://creativecommons.org/licenses/by-nc/4.0/
604600,2823244769,Tachinidae_Strongygaster_globula_2276296_2823244769,http://creativecommons.org/licenses/by-nc/4.0/
604601,2823244769,Tachinidae_Strongygaster_globula_2276297_2823244769,http://creativecommons.org/licenses/by-nc/4.0/
604824,2826372001,Tachinidae_Phasia_obesa_2968738_2826372001,http://creativecommons.org/licenses/by/4.0/
605015,3859557968,Tachinidae_Tachina_canariensis_1959907_3859557968,http://creativecommons.org/licenses/by-nc/4.0/
605040,3383831579,Tachinidae_Kirbya_moerens_1696793_3383831579,http://creativecommons.org/licenses/by-sa/4.0/
605042,3383831579,Tachinidae_Kirbya_moerens_1696795_3383831579,http://creativecommons.org/licenses/by-sa/4.0/
605232,3784650092,Tachinidae_Linnaemya_soror_3313133_3784650092,http://creativecommons.org/licenses/by-nc/4.0/
605717,3018122431,Tachinidae_Dufouria_chalybeata_3022580_3018122431,http://creativecommons.org/licenses/by-nc/4.0/
605755,2988390358,Tachinidae_Voria_ruralis_2325694_2988390358,http://creativecommons.org/licenses/by/4.0/
606691,3333223317,Tachinidae_Trigonospila_transvittata_3063338_3333223317,http://creativecommons.org/licenses/by-nc/4.0/
608475,2988488867,Tachinidae_Epicampocera_succincta_947626_2988488867,http://creativecommons.org/licenses/by/4.0/
608534,3337415017,Tachinidae_Ectophasia_leucoptera_1687127_3337415017,http://creativecommons.org/licenses/by-nc/4.0/
608867,2311285601,Tachinidae_Thecocarcelia_acutangulata_1526777_2311285601,http://creativecommons.org/licenses/by-nc/4.0/
608868,2311285601,Tachinidae_Thecocarcelia_acutangulata_1526778_2311285601,http://creativecommons.org/licenses/by-nc/4.0/
608943,3314213109,Tachinidae_Zeuxia_cinerea_983844_3314213109,http://creativecommons.org/licenses/by-nc/4.0/
608944,3314213109,Tachinidae_Zeuxia_cinerea_983845_3314213109,http://creativecommons.org/licenses/by-nc/4.0/
609497,2823264570,Tachinidae_Cylindromyia_brassicaria_208451_2823264570,http://creativecommons.org/licenses/by-nc/4.0/
610956,2859909648,Tachinidae_Phasia_barbifrons_2310244_2859909648,http://creativecommons.org/licenses/by/4.0/
611202,3963542648,Tachinidae_Tachina_canariensis_1344484_3963542648,http://creativecommons.org/licenses/by-nc/4.0/
611805,1932305609,Tachinidae_Hemyda_obscuripennis_84997_1932305609,http://creativecommons.org/licenses/by-nc/4.0/
612012,2901508367,Tachinidae_Trichopoda_pennipes_3008975_2901508367,http://creativecommons.org/licenses/by-nc/4.0/
612388,3902676215,Tachinidae_Phasia_barbifrons_2676268_3902676215,http://creativecommons.org/licenses/by/4.0/
612581,3455156628,Tachinidae_Germaria_ruficeps_1834180_3455156628,http://creativecommons.org/licenses/by-nc/4.0/
613146,2818710539,Tachinidae_Trichopoda_pictipennis_2275100_2818710539,http://creativecommons.org/licenses/by-nc/4.0/
613478,3784675398,Tachinidae_Macquartia_dispar_555083_3784675398,http://creativecommons.org/licenses/by-nc/4.0/
614869,3335473349,Tachinidae_Lophosia_fasciata_307953_3335473349,http://creativecommons.org/licenses/by-nc/4.0/
616232,3966648672,Tachinidae_Zeuxia_cinerea_2035479_3966648672,http://creativecommons.org/licenses/by-nc/4.0/
616274,3455968879,Tachinidae_Ligeria_angusticornis_1149326_3455968879,http://creativecommons.org/licenses/by-nc/4.0/
616275,3455968879,Tachinidae_Ligeria_angusticornis_1149327_3455968879,http://creativecommons.org/licenses/by-nc/4.0/
617693,2963789650,Tachinidae_Phasia_aurulans_3010491_2963789650,http://creativecommons.org/licenses/by-nc/4.0/
617762,3747271185,Tachinidae_Siphona_seyrigi_543014_3747271185,http://creativecommons.org/licenses/by-nc/4.0/
617988,3468899460,Tachinidae_Microphthalma_europaea_1847891_3468899460,http://creativecommons.org/licenses/by-nc/4.0/
618063,3337834564,Tachinidae_Eliozeta_helluo_3069090_3337834564,http://creativecommons.org/licenses/by-nc/4.0/
618329,3118267555,Tachinidae_Pelatachina_tibialis_976934_3118267555,http://creativecommons.org/licenses/by-nc/4.0/
618472,2611074838,Tachinidae_Phryno_vetula_187790_2611074838,http://creativecommons.org/licenses/by-nc/4.0/
618478,3858459626,Tachinidae_Weberia_digramma_2644029_3858459626,http://creativecommons.org/licenses/by-nc/4.0/
619841,2611061966,Tachinidae_Ocytata_pallipes_2255493_2611061966,http://creativecommons.org/licenses/by-nc/4.0/
620204,2992883927,Tachinidae_Spallanzania_rectistylum_3017583_2992883927,http://creativecommons.org/licenses/by-nc/4.0/
620230,3468710527,Tachinidae_Mintho_compressa_2536332_3468710527,http://creativecommons.org/licenses/by-nc/4.0/
620269,3772575532,Tachinidae_Panzeria_puparum_550145_3772575532,http://creativecommons.org/licenses/by-nc/4.0/
620464,3456346316,Tachinidae_Strongygaster_globula_2529666_3456346316,http://creativecommons.org/licenses/by-nc/4.0/
621300,3859583838,Tachinidae_Peleteria_ruficornis_1960042_3859583838,http://creativecommons.org/licenses/by-nc/4.0/
621632,2963770658,Tachinidae_Phasia_obesa_1630236_2963770658,http://creativecommons.org/licenses/by/4.0/
622212,3888801332,Tachinidae_Phasia_aurulans_1977888_3888801332,http://creativecommons.org/licenses/by-nc/4.0/
622285,3889072193,Tachinidae_Halydaia_aurea_2668442_3889072193,http://creativecommons.org/licenses/by-nc/4.0/
622674,3772457101,Tachinidae_Nemorilla_maculosa_1238872_3772457101,http://creativecommons.org/licenses/by-nc/4.0/
623526,3117824844,Tachinidae_Phasia_pusilla_286506_3117824844,http://creativecommons.org/licenses/by-nc/4.0/
623527,3117824844,Tachinidae_Phasia_pusilla_286507_3117824844,http://creativecommons.org/licenses/by-nc/4.0/
623528,3117824844,Tachinidae_Phasia_pusilla_286508_3117824844,http://creativecommons.org/licenses/by-nc/4.0/
623901,2992780871,Tachinidae_Peleteria_meridionalis_2327040_2992780871,http://creativecommons.org/licenses/by-nc/4.0/
623963,3124788484,Tachinidae_Gymnocheta_viridis_3046943_3124788484,http://creativecommons.org/licenses/by-nc/4.0/
624076,2236884282,Tachinidae_Trichopoda_pennipes_2203015_2236884282,http://creativecommons.org/licenses/by/4.0/
624621,3456790824,Tachinidae_Campylocheta_inepta_463219_3456790824,http://creativecommons.org/licenses/by-nc/4.0/
624622,3456790824,Tachinidae_Campylocheta_inepta_463220_3456790824,http://creativecommons.org/licenses/by-nc/4.0/
624997,2237481751,Tachinidae_Gymnosoma_dolycoridis_135176_2237481751,http://creativecommons.org/licenses/by-nc/4.0/
624998,2237481751,Tachinidae_Gymnosoma_dolycoridis_135177_2237481751,http://creativecommons.org/licenses/by-nc/4.0/
624999,2237481751,Tachinidae_Gymnosoma_dolycoridis_135178_2237481751,http://creativecommons.org/licenses/by-nc/4.0/
625167,3070693464,Tachinidae_Tachina_ursina_3034831_3070693464,http://creativecommons.org/licenses/by-nc/4.0/
625342,2860252484,Tachinidae_Phasia_pusilla_1621377_2860252484,http://creativecommons.org/licenses/by/4.0/
627179,3966526708,Tachinidae_Opesia_grandis_2035043_3966526708,http://creativecommons.org/licenses/by-nc/4.0/
627180,3966526708,Tachinidae_Opesia_grandis_2035044_3966526708,http://creativecommons.org/licenses/by-nc/4.0/
628513,2234737634,Tachinidae_Siphona_seyrigi_1513320_2234737634,http://creativecommons.org/licenses/by-nc/4.0/
628705,3355108195,Tachinidae_Eurithia_connivens_1005042_3355108195,http://creativecommons.org/licenses/by-nc/4.0/
628746,1841332201,Tachinidae_Clytiomya_continua_1452125_1841332201,http://creativecommons.org/licenses/by-nc-sa/4.0/
629172,2596257313,Tachinidae_Panzeria_puparum_2943017_2596257313,http://creativecommons.org/licenses/by/4.0/
629381,2898257564,Tachinidae_Graphogaster_vestita_939599_2898257564,http://creativecommons.org/licenses/by-nc/4.0/
629748,2862506782,Tachinidae_Cylindromyia_intermedia_3002446_2862506782,http://creativecommons.org/licenses/by-nc/4.0/
629812,2366117914,Tachinidae_Exorista_larvarum_150339_2366117914,http://creativecommons.org/licenses/by-nc/4.0/
630492,2851254363,Tachinidae_Nowickia_ferox_930152_2851254363,http://creativecommons.org/licenses/by/4.0/
630571,2823224278,Tachinidae_Eriothrix_rufomaculata_898658_2823224278,http://creativecommons.org/licenses/by-nc/4.0/
631206,2826480544,Tachinidae_Litophasia_hyalipennis_900831_2826480544,http://creativecommons.org/licenses/by/4.0/
631999,4018249866,Tachinidae_Pales_cyanea_1369699_4018249866,http://creativecommons.org/licenses/by-nc/4.0/
632000,4018249866,Tachinidae_Pales_cyanea_1369700_4018249866,http://creativecommons.org/licenses/by-nc/4.0/
632042,1843246123,Tachinidae_Ceromya_silacea_2141178_1843246123,http://creativecommons.org/licenses/by-nc/4.0/
632521,3456472798,Tachinidae_Allophorocera_ferruginea_1841168_3456472798,http://creativecommons.org/licenses/by-nc/4.0/
632796,3859470999,Tachinidae_Aplomya_confinis_581225_3859470999,http://creativecommons.org/licenses/by-nc/4.0/
633699,2248664966,Tachinidae_Bithia_modesta_2896141_2248664966,http://creativecommons.org/licenses/by-nc-sa/4.0/
633700,2251538544,Tachinidae_Carcelia_rasa_142710_2251538544,http://creativecommons.org/licenses/by-nc/4.0/
633757,3440075406,Tachinidae_Synamphichaeta_tricincta_338763_3440075406,http://creativecommons.org/licenses/by-sa/4.0/
633758,3440075407,Tachinidae_Synamphichaeta_tricincta_1028513_3440075407,http://creativecommons.org/licenses/by-sa/4.0/
633985,3878933537,Tachinidae_Dinera_ferina_2662082_3878933537,© All rights reserved
634252,3057130339,Tachinidae_Tlephusa_cincinna_270967_3057130339,© All rights reserved
634253,3057130339,Tachinidae_Tlephusa_cincinna_270968_3057130339,© All rights reserved
634254,3057130339,Tachinidae_Tlephusa_cincinna_270969_3057130339,© All rights reserved
634301,2410000453,Tachinidae_Nowickia_marklini_2912964_2410000453,© All rights reserved
636056,3302227938,Tachinidae_Mintho_compressa_290247_3302227938,http://creativecommons.org/licenses/by-nc/4.0/
636100,2447988285,Tachinidae_Gymnocheta_viridis_853290_2447988285,http://creativecommons.org/licenses/by-nc/4.0/
636125,4009757876,Tachinidae_Linnaemya_soror_2053490_4009757876,http://creativecommons.org/licenses/by-nc/4.0/
636834,3061601015,Tachinidae_Gonia_picea_3031045_3061601015,http://creativecommons.org/licenses/by-nc/4.0/
637691,1932362368,Tachinidae_Microphthalma_europaea_85131_1932362368,http://creativecommons.org/licenses/by-nc/4.0/
638425,2006218660,Tachinidae_Trixa_caerulescens_2201249_2006218660,© All rights reserved
638448,3332572448,Tachinidae_Bessa_selecta_303578_3332572448,http://creativecommons.org/licenses/by/4.0/
638497,931941663,Tachinidae_Thelaira_nigrina_2757093_931941663,© all rights reserved
642152,1954723122,Tachinidae_Ligeria_angusticornis_91200_1954723122,http://creativecommons.org/licenses/by-nc-nd/4.0/
642153,1954723122,Tachinidae_Ligeria_angusticornis_91201_1954723122,http://creativecommons.org/licenses/by-nc-nd/4.0/
642543,3825257564,Tachinidae_Sturmia_bella_3323852_3825257564,http://creativecommons.org/licenses/by-nc/4.0/
642829,3451422494,Tachinidae_Platymya_fimbriata_1144496_3451422494,© All rights reserved
643003,3987922393,Tachinidae_Nilea_innoxia_2038898_3987922393,© All rights reserved
643004,3987922393,Tachinidae_Nilea_innoxia_2038899_3987922393,© All rights reserved
643006,3987922393,Tachinidae_Nilea_innoxia_2038901_3987922393,© All rights reserved
643007,3380668302,Tachinidae_Trichactia_pictiventris_3076745_3380668302,© All rights reserved
643008,3380668302,Tachinidae_Trichactia_pictiventris_3076746_3380668302,© All rights reserved
643009,3380668302,Tachinidae_Trichactia_pictiventris_3076747_3380668302,© All rights reserved
643269,3966018456,Tachinidae_Meigenia_mutabilis_2724550_3966018456,© All rights reserved
643273,2985127378,Tachinidae_Gonia_picea_2325131_2985127378,© All rights reserved
644257,2556546001,Tachinidae_Bampura_innoxia_858955_2556546001,© All rights reserved
645076,2609240769,Tachinidae_Eurithia_intermedia_1566234_2609240769,http://creativecommons.org/licenses/by-nc/4.0/
645103,3338125966,Tachinidae_Bithia_spreta_3070454_3338125966,http://creativecommons.org/licenses/by-nc/4.0/
645480,3966567839,Tachinidae_Dinera_fuscata_2035205_3966567839,http://creativecommons.org/licenses/by-nc/4.0/
645481,3966567839,Tachinidae_Dinera_fuscata_2035206_3966567839,http://creativecommons.org/licenses/by-nc/4.0/
645801,2634293820,Tachinidae_Gastrolepta_anthracina_2265808_2634293820,http://creativecommons.org/licenses/by-nc/4.0/
646847,3873225493,Tachinidae_Exorista_rustica_3348252_3873225493,http://creativecommons.org/licenses/by-nc/4.0/
646893,3383845925,Tachinidae_Masistylum_arcuatum_1696900_3383845925,http://creativecommons.org/licenses/by-sa/4.0/
646894,3383845925,Tachinidae_Masistylum_arcuatum_1696901_3383845925,http://creativecommons.org/licenses/by-sa/4.0/
647137,3773742407,Tachinidae_Carcelia_iliaca_2620281_3773742407,http://creativecommons.org/licenses/by-nc/4.0/
647253,2249160581,Tachinidae_Siphona_boreata_2897370_2249160581,http://creativecommons.org/licenses/by-nc/4.0/
647262,2251538550,Tachinidae_Phytomyptera_bohemica_1521542_2251538550,http://creativecommons.org/licenses/by-nc/4.0/
647263,2251538635,Tachinidae_Actia_infantula_833230_2251538635,http://creativecommons.org/licenses/by-nc/4.0/
647267,2251538618,Tachinidae_Lydella_grisescens_1521555_2251538618,http://creativecommons.org/licenses/by-nc/4.0/
647271,2251538628,Tachinidae_Carcelia_tibialis_2210726_2251538628,http://creativecommons.org/licenses/by-nc/4.0/
647278,2251538589,Tachinidae_Siphona_confusa_2901125_2251538589,http://creativecommons.org/licenses/by-nc/4.0/
647280,2250765262,Tachinidae_Phryxe_heraclei_830814_2250765262,http://creativecommons.org/licenses/by-nc/4.0/
647283,2251538517,Tachinidae_Loewia_nudigena_142705_2251538517,http://creativecommons.org/licenses/by-nc/4.0/
647284,2251538528,Tachinidae_Siphona_abdominalis_1521537_2251538528,http://creativecommons.org/licenses/by-nc/4.0/
647294,2249160427,Tachinidae_Erynnia_ocypterata_2207098_2249160427,http://creativecommons.org/licenses/by-nc/4.0/
647296,2251538595,Tachinidae_Oswaldia_eggeri_833222_2251538595,http://creativecommons.org/licenses/by-nc/4.0/
647629,2407712215,Tachinidae_Cylindromyia_auriceps_2221675_2407712215,© All rights reserved
647630,3408513341,Tachinidae_Staurochaeta_albocingulata_2400134_3408513341,© All rights reserved
647631,3408513341,Tachinidae_Staurochaeta_albocingulata_2400135_3408513341,© All rights reserved
647632,3408513341,Tachinidae_Staurochaeta_albocingulata_2400136_3408513341,© All rights reserved
647633,3408513341,Tachinidae_Staurochaeta_albocingulata_2400137_3408513341,© All rights reserved
647775,3966140590,Tachinidae_Macquartia_nudigena_2724578_3966140590,© All rights reserved
647777,3966140590,Tachinidae_Macquartia_nudigena_2724580_3966140590,© All rights reserved
647778,3966140590,Tachinidae_Macquartia_nudigena_2724581_3966140590,© All rights reserved
647904,1900971624,Tachinidae_Platymya_fimbriata_2151933_1900971624,© All rights reserved
647910,1825282749,Tachinidae_Panzeria_truncata_1436107_1825282749,© All rights reserved
647915,1883176722,Tachinidae_Prooppia_nigripalpis_771040_1883176722,© All rights reserved
647916,1883176722,Tachinidae_Prooppia_nigripalpis_771041_1883176722,© All rights reserved
647917,1883176722,Tachinidae_Prooppia_nigripalpis_771042_1883176722,© All rights reserved
647926,2332864594,Tachinidae_Trichactia_pictiventris_839543_2332864594,© All rights reserved
647927,2332864594,Tachinidae_Trichactia_pictiventris_839544_2332864594,© All rights reserved
647928,2332864594,Tachinidae_Trichactia_pictiventris_839545_2332864594,© All rights reserved
648037,2986806412,Tachinidae_Lophosia_fasciata_1635295_2986806412,http://creativecommons.org/licenses/by-nc-sa/4.0/
648157,3878881487,Tachinidae_Allophorocera_ferruginea_3353015_3878881487,© All rights reserved
648277,3862155396,Tachinidae_Winthemia_quadripustulata_587544_3862155396,© All rights reserved
648371,2402516826,Tachinidae_Vibrissina_turrita_2911113_2402516826,http://creativecommons.org/licenses/by-nc-sa/4.0/
648451,2403543005,Tachinidae_Ocytata_pallipes_2911393_2403543005,© All rights reserved
648471,2627499423,Tachinidae_Bothria_subalpina_191203_2627499423,© All rights reserved
652803,3722555819,Tachinidae_Ectophasia_crassipennis_2572387_3722555819,http://creativecommons.org/licenses/by-nc/4.0/
654139,2627200532,Tachinidae_Phasia_subcoleoptrata_2949533_2627200532,© All rights reserved
654214,3924296445,Tachinidae_Prooppia_nigripalpis_3404831_3924296445,© All rights reserved
654215,3924296445,Tachinidae_Prooppia_nigripalpis_3404832_3924296445,© All rights reserved
655074,3784745387,Tachinidae_Blepharipa_schineri_1244340_3784745387,http://creativecommons.org/licenses/by-nc/4.0/
655077,3784745387,Tachinidae_Blepharipa_schineri_1244343_3784745387,http://creativecommons.org/licenses/by-nc/4.0/
656193,1914237512,Tachinidae_Gymnosoma_rotundatum_1463417_1914237512,http://creativecommons.org/licenses/by-nc/4.0/
656305,2992839930,Tachinidae_Therobia_leonidei_3017479_2992839930,http://creativecommons.org/licenses/by-nc/4.0/
656599,3384253000,Tachinidae_Microphthalma_europaea_1699196_3384253000,http://creativecommons.org/licenses/by/4.0/
656600,3384253000,Tachinidae_Microphthalma_europaea_1699197_3384253000,http://creativecommons.org/licenses/by/4.0/
656663,2331859662,Tachinidae_Cylindromyia_auriceps_2216644_2331859662,http://creativecommons.org/licenses/by-nc/4.0/
657119,3458604368,Tachinidae_Siphona_verneri_1154597_3458604368,http://creativecommons.org/licenses/by/4.0/
657120,3458604368,Tachinidae_Siphona_verneri_1154598_3458604368,http://creativecommons.org/licenses/by/4.0/
657121,3458604368,Tachinidae_Siphona_verneri_1154599_3458604368,http://creativecommons.org/licenses/by/4.0/
657153,3458609613,Tachinidae_Siphona_mesnili_3223339_3458609613,http://creativecommons.org/licenses/by/4.0/
657154,3458609613,Tachinidae_Siphona_mesnili_3223340_3458609613,http://creativecommons.org/licenses/by/4.0/
657155,3458609613,Tachinidae_Siphona_mesnili_3223341_3458609613,http://creativecommons.org/licenses/by/4.0/
657283,3458633844,Tachinidae_Goniocera_schistacea_1844462_3458633844,http://creativecommons.org/licenses/by/4.0/
657284,3458633844,Tachinidae_Goniocera_schistacea_1844463_3458633844,http://creativecommons.org/licenses/by/4.0/
657285,3458633844,Tachinidae_Goniocera_schistacea_1844464_3458633844,http://creativecommons.org/licenses/by/4.0/
657293,3458636481,Tachinidae_Exorista_fasciata_1844498_3458636481,http://creativecommons.org/licenses/by/4.0/
657294,3458636481,Tachinidae_Exorista_fasciata_1844499_3458636481,http://creativecommons.org/licenses/by/4.0/
657295,3458636481,Tachinidae_Exorista_fasciata_1844500_3458636481,http://creativecommons.org/licenses/by/4.0/
657334,3458646281,Tachinidae_Siphona_flavifrons_1154833_3458646281,http://creativecommons.org/licenses/by/4.0/
657336,3458646281,Tachinidae_Siphona_flavifrons_1154835_3458646281,http://creativecommons.org/licenses/by/4.0/
657348,3458647958,Tachinidae_Peribaea_longirostris_2533454_3458647958,http://creativecommons.org/licenses/by/4.0/
657349,3458647958,Tachinidae_Peribaea_longirostris_2533455_3458647958,http://creativecommons.org/licenses/by/4.0/
657350,3458647958,Tachinidae_Peribaea_longirostris_2533456_3458647958,http://creativecommons.org/licenses/by/4.0/
657364,3458650484,Tachinidae_Siphona_maculata_1154861_3458650484,http://creativecommons.org/licenses/by/4.0/
657396,3458656193,Tachinidae_Siphona_ingerae_3223618_3458656193,http://creativecommons.org/licenses/by/4.0/
657397,3458656193,Tachinidae_Siphona_ingerae_3223619_3458656193,http://creativecommons.org/licenses/by/4.0/
657398,3458656193,Tachinidae_Siphona_ingerae_3223620_3458656193,http://creativecommons.org/licenses/by/4.0/
657405,3458656842,Tachinidae_Pseudogonia_fasciata_465030_3458656842,http://creativecommons.org/licenses/by/4.0/
657409,3458659662,Tachinidae_Siphona_variata_2533533_3458659662,http://creativecommons.org/licenses/by/4.0/
657410,3458659662,Tachinidae_Siphona_variata_2533534_3458659662,http://creativecommons.org/licenses/by/4.0/
657411,3458659662,Tachinidae_Siphona_variata_2533535_3458659662,http://creativecommons.org/licenses/by/4.0/
657440,3458662909,Tachinidae_Cylindromyia_rubida_1154926_3458662909,http://creativecommons.org/licenses/by/4.0/
657441,3458662909,Tachinidae_Cylindromyia_rubida_1154927_3458662909,http://creativecommons.org/licenses/by/4.0/
657460,3458666343,Tachinidae_Actia_nigroscutellata_1844663_3458666343,http://creativecommons.org/licenses/by/4.0/
657461,3458666343,Tachinidae_Actia_nigroscutellata_1844664_3458666343,http://creativecommons.org/licenses/by/4.0/
657462,3458666343,Tachinidae_Actia_nigroscutellata_1844665_3458666343,http://creativecommons.org/licenses/by/4.0/
657471,3458668482,Tachinidae_Cylindromyia_rubida_2533591_3458668482,http://creativecommons.org/licenses/by/4.0/
657520,3458680235,Tachinidae_Drino_vicina_2533663_3458680235,http://creativecommons.org/licenses/by/4.0/
657521,3458680235,Tachinidae_Drino_vicina_2533664_3458680235,http://creativecommons.org/licenses/by/4.0/
657564,3458687226,Tachinidae_Rondania_rubens_465241_3458687226,http://creativecommons.org/licenses/by/4.0/
657565,3458687226,Tachinidae_Rondania_rubens_465242_3458687226,http://creativecommons.org/licenses/by/4.0/
657566,3458687226,Tachinidae_Rondania_rubens_465243_3458687226,http://creativecommons.org/licenses/by/4.0/
657573,3458688859,Tachinidae_Siphona_anomala_2533725_3458688859,http://creativecommons.org/licenses/by/4.0/
657574,3458688859,Tachinidae_Siphona_anomala_2533726_3458688859,http://creativecommons.org/licenses/by/4.0/
657575,3458688859,Tachinidae_Siphona_anomala_2533727_3458688859,http://creativecommons.org/licenses/by/4.0/
658291,2818710490,Tachinidae_Cylindromyia_intermedia_2965628_2818710490,http://creativecommons.org/licenses/by-nc/4.0/
658376,4006525473,Tachinidae_Phasia_aurulans_1362724_4006525473,http://creativecommons.org/licenses/by/4.0/
658685,2823096862,Tachinidae_Cylindromyia_bicolor_1587212_2823096862,http://creativecommons.org/licenses/by-nc/4.0/
658720,3321116163,Tachinidae_Estheria_petiolata_2364810_3321116163,http://creativecommons.org/licenses/by-nc/4.0/
658861,2898511573,Tachinidae_Kirbya_moerens_3008744_2898511573,http://creativecommons.org/licenses/by-nc/4.0/
659251,3302071200,Tachinidae_Erythrocera_nigripes_3048289_3302071200,http://creativecommons.org/licenses/by-nc/4.0/
659253,3302071200,Tachinidae_Erythrocera_nigripes_3048291_3302071200,http://creativecommons.org/licenses/by-nc/4.0/
660085,1963073290,Tachinidae_Carcelia_iliaca_103781_1963073290,http://creativecommons.org/licenses/by-nc-nd/4.0/
660166,3906730721,Tachinidae_Eurithia_anthophila_3388830_3906730721,http://creativecommons.org/licenses/by-nc-nd/4.0/
660618,2845080876,Tachinidae_Frontina_laeta_2302258_2845080876,http://creativecommons.org/licenses/by-nc-nd/4.0/
661062,3717566996,Tachinidae_Peleteria_rubescens_2551492_3717566996,http://creativecommons.org/licenses/by-sa/4.0/
661504,3717558631,Tachinidae_Cylindromyia_bicolor_483048_3717558631,http://creativecommons.org/licenses/by-nc-nd/4.0/
661759,3822611380,Tachinidae_Winthemia_variegata_3317661_3822611380,http://creativecommons.org/licenses/by-nc-nd/4.0/
662704,2837048124,Tachinidae_Clairvillia_biguttata_218697_2837048124,http://creativecommons.org/licenses/by-nc-nd/4.0/
664277,3455157160,Tachinidae_Eurithia_anthophila_3213543_3455157160,http://creativecommons.org/licenses/by-nc/4.0/
664581,2422984869,Tachinidae_Gymnosoma_rotundatum_1535465_2422984869,http://creativecommons.org/licenses/by/4.0/
665484,3859762368,Tachinidae_Anthomyiopsis_nigrisquamata_3341118_3859762368,http://creativecommons.org/licenses/by-nc/4.0/
665485,3859762368,Tachinidae_Anthomyiopsis_nigrisquamata_3341119_3859762368,http://creativecommons.org/licenses/by-nc/4.0/
665670,3873646733,Tachinidae_Nowickia_ferox_2659412_3873646733,http://creativecommons.org/licenses/by-nc/4.0/
666001,3455567194,Tachinidae_Clausicella_suturata_1147511_3455567194,http://creativecommons.org/licenses/by-nc/4.0/
666002,3455567194,Tachinidae_Clausicella_suturata_1147512_3455567194,http://creativecommons.org/licenses/by-nc/4.0/
666003,3455567194,Tachinidae_Clausicella_suturata_1147513_3455567194,http://creativecommons.org/licenses/by-nc/4.0/
666004,3455567194,Tachinidae_Clausicella_suturata_1147514_3455567194,http://creativecommons.org/licenses/by-nc/4.0/
666005,3455567194,Tachinidae_Clausicella_suturata_1147515_3455567194,http://creativecommons.org/licenses/by-nc/4.0/
666295,3730095457,Tachinidae_Phasia_aurigera_1214927_3730095457,http://creativecommons.org/licenses/by-nc-nd/4.0/
668166,3822449836,Tachinidae_Eriothrix_rufomaculatus_3316942_3822449836,http://creativecommons.org/licenses/by-nc-nd/4.0/
668584,3718964684,Tachinidae_Cylindromyia_pusilla_488244_3718964684,http://creativecommons.org/licenses/by-nc-nd/4.0/
669651,1968470660,Tachinidae_Drino_lota_801670_1968470660,http://creativecommons.org/licenses/by-nc-nd/4.0/
669849,3726591419,Tachinidae_Ectophasia_crassipennis_514122_3726591419,http://creativecommons.org/licenses/by-nc-nd/4.0/
670353,3822272585,Tachinidae_Blepharipa_pratensis_3316744_3822272585,http://creativecommons.org/licenses/by-nc-nd/4.0/
670735,3822431524,Tachinidae_Loewia_submetallica_3316848_3822431524,http://creativecommons.org/licenses/by-nc-nd/4.0/
670736,3822431524,Tachinidae_Loewia_submetallica_3316849_3822431524,http://creativecommons.org/licenses/by-nc-nd/4.0/
670737,3822431524,Tachinidae_Loewia_submetallica_3316850_3822431524,http://creativecommons.org/licenses/by-nc-nd/4.0/
673125,2832864561,Tachinidae_Lydina_aenea_1590518_2832864561,http://creativecommons.org/licenses/by-nc-nd/4.0/
674070,1972642845,Tachinidae_Linnaemya_tessellans_1496492_1972642845,http://creativecommons.org/licenses/by-nc/4.0/
674266,3825347213,Tachinidae_Periscepsia_carbonaria_565882_3825347213,http://creativecommons.org/licenses/by/4.0/
674267,3825347213,Tachinidae_Periscepsia_carbonaria_565883_3825347213,http://creativecommons.org/licenses/by/4.0/
674476,1224503622,Tachinidae_Trixa_alpina_9142_1224503622,© all rights reserved
676160,3733044224,Tachinidae_Trigonospila_transvittata_3299145_3733044224,http://creativecommons.org/licenses/by-nc-nd/4.0/
676415,3720366764,Tachinidae_Siphona_setosa_2558682_3720366764,http://creativecommons.org/licenses/by-nc-nd/4.0/
676862,3432702682,Tachinidae_Masicera_silvatica_337678_3432702682,© all rights reserved
677330,3456051655,Tachinidae_Periscepsia_latifrons_1839254_3456051655,http://creativecommons.org/licenses/by/4.0/
677986,2808691412,Tachinidae_Phorocera_obscura_893383_2808691412,© all rights reserved
678245,2246911922,Tachinidae_Epicampocera_succincta_1516369_2246911922,© all rights reserved
678503,2633562729,Tachinidae_Gymnosoma_costatum_2953631_2633562729,http://creativecommons.org/licenses/by-nc/4.0/
678508,2251538519,Tachinidae_Phytomyptera_cingulata_1521535_2251538519,http://creativecommons.org/licenses/by-nc/4.0/
678519,2251538531,Tachinidae_Siphona_siphonoides_833209_2251538531,http://creativecommons.org/licenses/by-nc/4.0/
678521,2633109837,Tachinidae_Gymnosoma_dolycoridis_882732_2633109837,http://creativecommons.org/licenses/by-nc/4.0/
678522,2249160411,Tachinidae_Estheria_petiolata_829515_2249160411,http://creativecommons.org/licenses/by-nc/4.0/
678523,2251538587,Tachinidae_Actia_crassicornis_1521549_2251538587,http://creativecommons.org/licenses/by-nc/4.0/
678696,3879748621,Tachinidae_Gymnosoma_nudifrons_3353180_3879748621,© all rights reserved
678741,1433405765,Tachinidae_Estheria_bohemani_2114405_1433405765,© all rights reserved
678797,1669826774,Tachinidae_Hemyda_vittata_2121774_1669826774,© all rights reserved
678855,1036887526,Tachinidae_Estheria_bohemani_1383452_1036887526,© all rights reserved
678856,1036887526,Tachinidae_Estheria_bohemani_1383453_1036887526,© all rights reserved
678885,1670557061,Tachinidae_Admontia_blanda_2122205_1670557061,© all rights reserved
679773,3966631279,Tachinidae_Opesia_cana_2035440_3966631279,http://creativecommons.org/licenses/by-nc/4.0/
680320,3859552895,Tachinidae_Gonia_quadrisetosa_1270784_3859552895,http://creativecommons.org/licenses/by-nc/4.0/
680391,3330484706,Tachinidae_Stomina_tachinoides_301902_3330484706,http://creativecommons.org/licenses/by-nc/4.0/
680392,3330484706,Tachinidae_Stomina_tachinoides_301903_3330484706,http://creativecommons.org/licenses/by-nc/4.0/
680393,3330484706,Tachinidae_Stomina_tachinoides_301904_3330484706,http://creativecommons.org/licenses/by-nc/4.0/
680394,3330484706,Tachinidae_Stomina_tachinoides_301905_3330484706,http://creativecommons.org/licenses/by-nc/4.0/
680663,3802647463,Tachinidae_Mintho_compressa_1246611_3802647463,http://creativecommons.org/licenses/by-nc/4.0/
680964,2826436819,Tachinidae_Litophasia_hyalipennis_1589739_2826436819,http://creativecommons.org/licenses/by/4.0/
680965,2826436819,Tachinidae_Litophasia_hyalipennis_1589740_2826436819,http://creativecommons.org/licenses/by/4.0/
680966,2826436819,Tachinidae_Litophasia_hyalipennis_1589741_2826436819,http://creativecommons.org/licenses/by/4.0/
681691,3455744674,Tachinidae_Cylindromyia_pusilla_1148282_3455744674,http://creativecommons.org/licenses/by/4.0/
681915,3327178444,Tachinidae_Gymnosoma_nudifrons_299037_3327178444,© All rights reserved
681929,3422063376,Tachinidae_Smidtia_conspersa_2403785_3422063376,© All rights reserved
681944,3451568502,Tachinidae_Siphona_setosa_1834094_3451568502,© All rights reserved
681998,2402027434,Tachinidae_Ceromya_silacea_2910978_2402027434,http://creativecommons.org/licenses/by-nc-sa/4.0/
681999,2402027434,Tachinidae_Ceromya_silacea_2910979_2402027434,http://creativecommons.org/licenses/by-nc-sa/4.0/
682181,3987868430,Tachinidae_Pales_pavida_2728847_3987868430,© All rights reserved
682185,3987868430,Tachinidae_Pales_pavida_2728851_3987868430,© All rights reserved
684297,3719019163,Tachinidae_Tachina_ursina_1177425_3719019163,http://creativecommons.org/licenses/by-nc-nd/4.0/
685620,1954844211,Tachinidae_Winthemia_quadripustulata_2159832_1954844211,http://creativecommons.org/licenses/by-nc-nd/4.0/
686001,3825307439,Tachinidae_Meigenia_dorsalis_1254750_3825307439,http://creativecommons.org/licenses/by-nc/4.0/
686002,3825307439,Tachinidae_Meigenia_dorsalis_1254751_3825307439,http://creativecommons.org/licenses/by-nc/4.0/
686003,3825307439,Tachinidae_Meigenia_dorsalis_1254752_3825307439,http://creativecommons.org/licenses/by-nc/4.0/
686004,3825307439,Tachinidae_Meigenia_dorsalis_1254753_3825307439,http://creativecommons.org/licenses/by-nc/4.0/
686005,3825307439,Tachinidae_Meigenia_dorsalis_1254754_3825307439,http://creativecommons.org/licenses/by-nc/4.0/
686505,3825305131,Tachinidae_Erycilla_ferruginea_2633306_3825305131,http://creativecommons.org/licenses/by-nc-nd/4.0/
687174,2862348305,Tachinidae_Gymnosoma_clavatum_3001997_2862348305,http://creativecommons.org/licenses/by-nc-sa/4.0/
687982,2860161823,Tachinidae_Gonia_capitata_2311145_2860161823,http://creativecommons.org/licenses/by/4.0/
688195,3784811398,Tachinidae_Thecocarcelia_acutangulata_1933702_3784811398,http://creativecommons.org/licenses/by-nc/4.0/
688196,3784811398,Tachinidae_Thecocarcelia_acutangulata_1933703_3784811398,http://creativecommons.org/licenses/by-nc/4.0/
688197,3784811398,Tachinidae_Thecocarcelia_acutangulata_1933704_3784811398,http://creativecommons.org/licenses/by-nc/4.0/
688198,3784811398,Tachinidae_Thecocarcelia_acutangulata_1933705_3784811398,http://creativecommons.org/licenses/by-nc/4.0/
689526,3873054404,Tachinidae_Cylindromyia_pilipes_1278009_3873054404,http://creativecommons.org/licenses/by/4.0/
689527,3873054404,Tachinidae_Cylindromyia_pilipes_1278010_3873054404,http://creativecommons.org/licenses/by/4.0/
689529,3873054404,Tachinidae_Cylindromyia_pilipes_1278012_3873054404,http://creativecommons.org/licenses/by/4.0/
689533,3873054404,Tachinidae_Cylindromyia_pilipes_1278016_3873054404,http://creativecommons.org/licenses/by/4.0/
689955,2445067909,Tachinidae_Sturmia_bella_2230321_2445067909,http://creativecommons.org/licenses/by/4.0/
690171,2397501007,Tachinidae_Zeuxia_cinerea_1529743_2397501007,http://creativecommons.org/licenses/by/4.0/
691017,3925092795,Tachinidae_Trichopoda_pictipennis_2025655_3925092795,http://creativecommons.org/licenses/by-nc/4.0/
692659,1955294475,Tachinidae_Linnaemya_comta_1471745_1955294475,http://creativecommons.org/licenses/by-nc/4.0/
692873,3732183333,Tachinidae_Eriothrix_monticola_1226070_3732183333,http://creativecommons.org/licenses/by-nc/4.0/
693679,3995857083,Tachinidae_Peleteria_rubescens_2735309_3995857083,http://creativecommons.org/licenses/by-nc-nd/4.0/
693858,1952773271,Tachinidae_Cistogaster_globosa_779465_1952773271,http://creativecommons.org/licenses/by-nc-nd/4.0/
694212,3995526361,Tachinidae_Bactromyia_aurulenta_666975_3995526361,http://creativecommons.org/licenses/by-nc-nd/4.0/
694213,3995526361,Tachinidae_Bactromyia_aurulenta_666976_3995526361,http://creativecommons.org/licenses/by-nc-nd/4.0/
694911,3912118374,Tachinidae_Trigonospila_transvittata_2014803_3912118374,http://creativecommons.org/licenses/by-nc/4.0/
695473,2898347585,Tachinidae_Graphogaster_vestita_3008312_2898347585,http://creativecommons.org/licenses/by-nc/4.0/
695474,2898347585,Tachinidae_Graphogaster_vestita_3008313_2898347585,http://creativecommons.org/licenses/by-nc/4.0/
696082,3031699481,Tachinidae_Exorista_larvarum_3024280_3031699481,http://creativecommons.org/licenses/by-nc/4.0/
696352,2447954343,Tachinidae_Nemoraea_pellucida_2921439_2447954343,http://creativecommons.org/licenses/by/4.0/
696392,4011749333,Tachinidae_Chetogena_acuminata_2056071_4011749333,http://creativecommons.org/licenses/by-nc/4.0/
696494,3873996762,Tachinidae_Eriothrix_rufomaculata_2661090_3873996762,http://creativecommons.org/licenses/by-nc/4.0/
696620,3966522822,Tachinidae_Aplomya_confinis_657304_3966522822,http://creativecommons.org/licenses/by-nc/4.0/
697019,3764603317,Tachinidae_Gonia_umbripennis_549037_3764603317,http://creativecommons.org/licenses/by-nc/4.0/
697134,3873806102,Tachinidae_Tachina_canariensis_1281777_3873806102,http://creativecommons.org/licenses/by-nc/4.0/
697135,3873806102,Tachinidae_Tachina_canariensis_1281778_3873806102,http://creativecommons.org/licenses/by-nc/4.0/
698613,2981625314,Tachinidae_Cyrtophleba_ruricola_2324458_2981625314,© All rights reserved
698617,2985059385,Tachinidae_Bampura_innoxia_256959_2985059385,© All rights reserved
698629,3990946423,Tachinidae_Voria_ruralis_1351028_3990946423,© All rights reserved
699705,3822603812,Tachinidae_Gymnosoma_nitens_559624_3822603812,http://creativecommons.org/licenses/by-nc/4.0/
700401,2834520932,Tachinidae_Peleteria_varia_215353_2834520932,http://creativecommons.org/licenses/by-nc-nd/4.0/
700402,2834520932,Tachinidae_Peleteria_varia_215354_2834520932,http://creativecommons.org/licenses/by-nc-nd/4.0/
702512,2838272840,Tachinidae_Peleteria_varia_221604_2838272840,http://creativecommons.org/licenses/by-nc-nd/4.0/
702817,3822730333,Tachinidae_Sturmia_bella_3318054_3822730333,http://creativecommons.org/licenses/by-nc/4.0/
703011,2882935689,Tachinidae_Ectophasia_oblonga_248322_2882935689,http://creativecommons.org/licenses/by-nc/4.0/
703167,3784946390,Tachinidae_Phebellia_glirina_2623414_3784946390,http://creativecommons.org/licenses/by-nc/4.0/
703168,3784946390,Tachinidae_Phebellia_glirina_2623415_3784946390,http://creativecommons.org/licenses/by-nc/4.0/
703169,3784946390,Tachinidae_Phebellia_glirina_2623416_3784946390,http://creativecommons.org/licenses/by-nc/4.0/
703649,3860664049,Tachinidae_Tachina_canariensis_1275854_3860664049,http://creativecommons.org/licenses/by-nc/4.0/
704040,3966730671,Tachinidae_Gymnocheta_viridis_2725642_3966730671,http://creativecommons.org/licenses/by/4.0/
704529,3333482487,Tachinidae_Clairvillia_biguttata_3064461_3333482487,http://creativecommons.org/licenses/by-nc/4.0/
705044,3124694000,Tachinidae_Trichopoda_pictipennis_3046660_3124694000,http://creativecommons.org/licenses/by-nc/4.0/
705400,3859521021,Tachinidae_Siphona_seyrigi_2649015_3859521021,http://creativecommons.org/licenses/by-nc/4.0/
705648,3964252111,Tachinidae_Carcelia_tibialis_2034345_3964252111,© all rights reserved
705649,3964252111,Tachinidae_Carcelia_tibialis_2034346_3964252111,© all rights reserved
705650,3964252111,Tachinidae_Carcelia_tibialis_2034347_3964252111,© all rights reserved
705888,1961787081,Tachinidae_Linnaemya_vulpina_793281_1961787081,http://creativecommons.org/licenses/by-nc-sa/4.0/
709259,3825197597,Tachinidae_Macquartia_grisea_2632963_3825197597,http://creativecommons.org/licenses/by-nc-nd/4.0/
710276,4009730892,Tachinidae_Exorista_sorbillans_1364323_4009730892,http://creativecommons.org/licenses/by-nc/4.0/
710423,3455291171,Tachinidae_Periscepsia_spathulata_456462_3455291171,http://creativecommons.org/licenses/by-nc/4.0/
711334,2626239647,Tachinidae_Winthemia_cruentata_1569318_2626239647,http://creativecommons.org/licenses/by-nc/4.0/
711335,2626239647,Tachinidae_Winthemia_cruentata_1569319_2626239647,http://creativecommons.org/licenses/by-nc/4.0/
711336,2626239647,Tachinidae_Winthemia_cruentata_1569320_2626239647,http://creativecommons.org/licenses/by-nc/4.0/
711337,2626239647,Tachinidae_Winthemia_cruentata_1569321_2626239647,http://creativecommons.org/licenses/by-nc/4.0/
711411,2634432189,Tachinidae_Phasia_obesa_888280_2634432189,http://creativecommons.org/licenses/by/4.0/
711412,2634432189,Tachinidae_Phasia_obesa_888281_2634432189,http://creativecommons.org/licenses/by/4.0/
711639,3743086337,Tachinidae_Tachina_fera_541783_3743086337,http://creativecommons.org/licenses/by/4.0/
711814,3858677977,Tachinidae_Tachina_canariensis_3336172_3858677977,http://creativecommons.org/licenses/by-nc/4.0/
712377,2988575821,Tachinidae_Phasia_barbifrons_2326209_2988575821,http://creativecommons.org/licenses/by/4.0/
712573,1459014748,Tachinidae_Siphona_flavifrons_2805419_1459014748,© all rights reserved
713154,2398442525,Tachinidae_Bothria_subalpina_1530491_2398442525,© All rights reserved
713158,1823865558,Tachinidae_Eloceria_delecta_2125185_1823865558,© All rights reserved
713159,1823865558,Tachinidae_Eloceria_delecta_2125186_1823865558,© All rights reserved
713160,1823865558,Tachinidae_Eloceria_delecta_2125187_1823865558,© All rights reserved
713233,2627189051,Tachinidae_Bothria_frontosa_881194_2627189051,© All rights reserved
713526,2410082534,Tachinidae_Eliozeta_pellucens_2912977_2410082534,http://creativecommons.org/licenses/by/4.0/
713529,2818267457,Tachinidae_Actia_crassicornis_2964810_2818267457,© All rights reserved
714108,3031174241,Tachinidae_Linnaemya_picta_954696_3031174241,http://creativecommons.org/licenses/by/4.0/
714109,3031174241,Tachinidae_Linnaemya_picta_954697_3031174241,http://creativecommons.org/licenses/by/4.0/
714931,1962935919,Tachinidae_Epicampocera_succincta_1482810_1962935919,http://creativecommons.org/licenses/by-nc-nd/4.0/
714938,1976496980,Tachinidae_Admontia_blanda_1502388_1976496980,http://creativecommons.org/licenses/by-nc-nd/4.0/
715611,3721376291,Tachinidae_Eriothrix_monticola_496168_3721376291,http://creativecommons.org/licenses/by-nc/4.0/
716242,3721546546,Tachinidae_Peleteria_rubescens_1875592_3721546546,http://creativecommons.org/licenses/by-nc-nd/4.0/
716682,3716417350,Tachinidae_Tachina_fera_3235770_3716417350,http://creativecommons.org/licenses/by-nc-nd/4.0/
717023,3822712320,Tachinidae_Peleteria_iavana_560016_3822712320,http://creativecommons.org/licenses/by-nc-nd/4.0/
717281,1966685846,Tachinidae_Eurithia_intermedia_800304_1966685846,http://creativecommons.org/licenses/by-nc-nd/4.0/
717909,1976332700,Tachinidae_Prosena_siberita_813640_1976332700,http://creativecommons.org/licenses/by-nc-nd/4.0/
717988,2833603560,Tachinidae_Sturmia_bella_2280309_2833603560,http://creativecommons.org/licenses/by-nc-nd/4.0/
717994,2833603560,Tachinidae_Sturmia_bella_2280315_2833603560,http://creativecommons.org/licenses/by-nc-nd/4.0/
726117,2841970357,Tachinidae_Tachina_fera_1605954_2841970357,http://creativecommons.org/licenses/by-nc-nd/4.0/
727014,1959960152,Tachinidae_Phorocera_assimilis_100220_1959960152,http://creativecommons.org/licenses/by-nc-nd/4.0/
728121,3822340301,Tachinidae_Lydella_grisescens_1247753_3822340301,http://creativecommons.org/licenses/by-nc-nd/4.0/
728125,3822340301,Tachinidae_Lydella_grisescens_1247757_3822340301,http://creativecommons.org/licenses/by-nc-nd/4.0/
731867,3825266965,Tachinidae_Lypha_dubia_3323891_3825266965,http://creativecommons.org/licenses/by-nc-nd/4.0/
731978,1977370353,Tachinidae_Siphona_maculata_2193586_1977370353,http://creativecommons.org/licenses/by-nc-nd/4.0/
732279,3718210010,Tachinidae_Peleteria_rubescens_1864987_3718210010,http://creativecommons.org/licenses/by/4.0/
732559,2833234043,Tachinidae_Cylindromyia_pusilla_2970231_2833234043,http://creativecommons.org/licenses/by-nc/4.0/
732612,3822167461,Tachinidae_Chetogena_tschorsnigi_558699_3822167461,http://creativecommons.org/licenses/by/4.0/
734583,3995019955,Tachinidae_Cyzenis_jucunda_1353011_3995019955,http://creativecommons.org/licenses/by-nc-nd/4.0/
734584,3995019955,Tachinidae_Cyzenis_jucunda_1353012_3995019955,http://creativecommons.org/licenses/by-nc-nd/4.0/
734585,3995019955,Tachinidae_Cyzenis_jucunda_1353013_3995019955,http://creativecommons.org/licenses/by-nc-nd/4.0/
734940,3904634163,Tachinidae_Cistogaster_globosa_2685934_3904634163,http://creativecommons.org/licenses/by-nc-nd/4.0/
735501,2402332965,Tachinidae_Gymnochaeta_viridis_1531418_2402332965,© All rights reserved
735722,2405851012,Tachinidae_Nowickia_alpina_2221254_2405851012,© All rights reserved
735723,2405851012,Tachinidae_Nowickia_alpina_2221255_2405851012,© All rights reserved
735724,2405851012,Tachinidae_Nowickia_alpina_2221256_2405851012,© All rights reserved
735725,2405851012,Tachinidae_Nowickia_alpina_2221257_2405851012,© All rights reserved
735946,2408716661,Tachinidae_Athrycia_impressa_2221938_2408716661,© All rights reserved
735947,2408716661,Tachinidae_Athrycia_impressa_2221939_2408716661,© All rights reserved
736764,3903455945,Tachinidae_Peribaea_tibialis_1301547_3903455945,http://creativecommons.org/licenses/by-nc/4.0/
736898,3712711255,Tachinidae_Peleteria_meridionalis_3233673_3712711255,http://creativecommons.org/licenses/by-nc/4.0/
737261,2350417373,Tachinidae_Eloceria_delecta_149723_2350417373,http://creativecommons.org/licenses/by-nc/4.0/
737789,2823120709,Tachinidae_Eliozeta_pellucens_207964_2823120709,http://creativecommons.org/licenses/by/4.0/
737791,2823120709,Tachinidae_Eliozeta_pellucens_207966_2823120709,http://creativecommons.org/licenses/by/4.0/
738156,4009770704,Tachinidae_Chetogena_acuminata_2053580_4009770704,http://creativecommons.org/licenses/by-nc/4.0/
738286,3994067742,Tachinidae_Minthodes_diversipes_663373_3994067742,http://creativecommons.org/licenses/by-nc/4.0/
738287,3994067742,Tachinidae_Minthodes_diversipes_663374_3994067742,http://creativecommons.org/licenses/by-nc/4.0/
738620,3355491861,Tachinidae_Phasia_hemiptera_2384939_3355491861,http://creativecommons.org/licenses/by/4.0/
738749,1969543200,Tachinidae_Lophosia_fasciata_2181351_1969543200,http://creativecommons.org/licenses/by-nc-nd/4.0/
738933,3904033449,Tachinidae_Cylindromyia_bicolor_2682176_3904033449,http://creativecommons.org/licenses/by-nc-nd/4.0/
740449,1952765909,Tachinidae_Linnaemya_comta_88814_1952765909,http://creativecommons.org/licenses/by/4.0/
741366,3907339884,Tachinidae_Ectophasia_crassipennis_634362_3907339884,http://creativecommons.org/licenses/by-nc-nd/4.0/
742330,3720921248,Tachinidae_Brullaea_ocypteroidea_1871631_3720921248,http://creativecommons.org/licenses/by-nc-nd/4.0/
743864,3996625266,Tachinidae_Linnaemya_vulpina_670635_3996625266,http://creativecommons.org/licenses/by-nc-nd/4.0/
744831,3907370397,Tachinidae_Ectophasia_crassipennis_3392365_3907370397,http://creativecommons.org/licenses/by-nc-nd/4.0/
745029,1976845356,Tachinidae_Zophomyia_temula_1503298_1976845356,http://creativecommons.org/licenses/by-nc-nd/4.0/
746585,3825463923,Tachinidae_Baumhaueria_goniaeformis_1944640_3825463923,http://creativecommons.org/licenses/by-nc-nd/4.0/
746586,3825463923,Tachinidae_Baumhaueria_goniaeformis_1944641_3825463923,http://creativecommons.org/licenses/by-nc-nd/4.0/
746587,3825463923,Tachinidae_Baumhaueria_goniaeformis_1944642_3825463923,http://creativecommons.org/licenses/by-nc-nd/4.0/
746825,3823757432,Tachinidae_Phorocera_obscura_3320488_3823757432,http://creativecommons.org/licenses/by-nc-nd/4.0/
747239,1459855328,Tachinidae_Cyzenis_jucunda_2117087_1459855328,© all rights reserved
747250,3016870420,Tachinidae_Tachina_tetramera_2330968_3016870420,© all rights reserved
747252,3016870420,Tachinidae_Tachina_tetramera_2330970_3016870420,© all rights reserved
747364,3902479641,Tachinidae_Macquartia_pubiceps_1985839_3902479641,http://creativecommons.org/licenses/by-nc/4.0/
747474,3456302783,Tachinidae_Estheria_cristata_2529469_3456302783,http://creativecommons.org/licenses/by-sa/4.0/
747970,3879080308,Tachinidae_Drino_vicina_594661_3879080308,© All rights reserved
747971,3879080308,Tachinidae_Drino_vicina_594662_3879080308,© All rights reserved
747972,3879080308,Tachinidae_Drino_vicina_594663_3879080308,© All rights reserved
747973,3879080308,Tachinidae_Drino_vicina_594664_3879080308,© All rights reserved
747974,3879080308,Tachinidae_Drino_vicina_594665_3879080308,© All rights reserved
747976,3879080308,Tachinidae_Drino_vicina_594667_3879080308,© All rights reserved
748578,3061264475,Tachinidae_Bothria_frontosa_3030748_3061264475,© All rights reserved
748789,1841195173,Tachinidae_Gonia_atra_1452005_1841195173,http://creativecommons.org/licenses/by-nc/4.0/
748907,3784697401,Tachinidae_Macquartia_praefica_3313238_3784697401,http://creativecommons.org/licenses/by-nc/4.0/
748908,3784697401,Tachinidae_Macquartia_praefica_3313239_3784697401,http://creativecommons.org/licenses/by-nc/4.0/
749314,4006573119,Tachinidae_Linnaemya_soror_1362922_4006573119,http://creativecommons.org/licenses/by-nc/4.0/
749324,2603480165,Tachinidae_Actia_crassicornis_876605_2603480165,http://creativecommons.org/licenses/by-nc/4.0/
749325,2603480165,Tachinidae_Actia_crassicornis_876606_2603480165,http://creativecommons.org/licenses/by-nc/4.0/
749368,3963575790,Tachinidae_Tachina_nupta_656229_3963575790,http://creativecommons.org/licenses/by-nc/4.0/
749369,3963575790,Tachinidae_Tachina_nupta_656230_3963575790,http://creativecommons.org/licenses/by-nc/4.0/
749566,2980836552,Tachinidae_Tryphera_lugubris_255724_2980836552,http://creativecommons.org/licenses/by-nc/4.0/
749795,2898508695,Tachinidae_Peleteria_ruficornis_250350_2898508695,http://creativecommons.org/licenses/by-nc/4.0/
749921,3994199922,Tachinidae_Hypovoria_hilaris_1352168_3994199922,http://creativecommons.org/licenses/by-nc/4.0/
750351,2619878956,Tachinidae_Lydella_stabulans_2946757_2619878956,http://creativecommons.org/licenses/by-nc/4.0/
750605,4009807899,Tachinidae_Chetogena_acuminata_2743771_4009807899,http://creativecommons.org/licenses/by-nc/4.0/
750873,3872992340,Tachinidae_Cylindromyia_pilipes_588592_3872992340,http://creativecommons.org/licenses/by-nc/4.0/
751028,3005215556,Tachinidae_Hyperaea_femoralis_2328833_3005215556,http://creativecommons.org/licenses/by-nc/4.0/
751079,2826328894,Tachinidae_Litophasia_hyalipennis_209879_2826328894,http://creativecommons.org/licenses/by/4.0/
751245,3448827536,Tachinidae_Macquartia_viridana_2522926_3448827536,http://creativecommons.org/licenses/by-sa/4.0/
751280,3303492664,Tachinidae_Siphona_confusa_2360028_3303492664,© All rights reserved
751281,3303492664,Tachinidae_Siphona_confusa_2360029_3303492664,© All rights reserved
751282,3303492664,Tachinidae_Siphona_confusa_2360030_3303492664,© All rights reserved
751283,3303492664,Tachinidae_Siphona_confusa_2360031_3303492664,© All rights reserved
751284,3303492664,Tachinidae_Siphona_confusa_2360032_3303492664,© All rights reserved
751295,2408047922,Tachinidae_Cadurciella_tritaeniata_153906_2408047922,© All rights reserved
751296,2408047922,Tachinidae_Cadurciella_tritaeniata_153907_2408047922,© All rights reserved
751793,2580073291,Tachinidae_Dinera_grisescens_873988_2580073291,http://creativecommons.org/licenses/by-nc/4.0/
752296,3747245182,Tachinidae_Peleteria_ruficornis_2610430_3747245182,http://creativecommons.org/licenses/by-nc/4.0/
753737,3881724955,Tachinidae_Trigonospila_transvittata_3356640_3881724955,http://creativecommons.org/licenses/by/4.0/
754810,3721995386,Tachinidae_Eriothrix_monticola_1879004_3721995386,http://creativecommons.org/licenses/by-nc/4.0/
754811,3721995386,Tachinidae_Eriothrix_monticola_1879005_3721995386,http://creativecommons.org/licenses/by-nc/4.0/
756568,3821938130,Tachinidae_Macquartia_dispar_1247543_3821938130,http://creativecommons.org/licenses/by-nc-nd/4.0/
756577,1955454037,Tachinidae_Leskia_aurea_2851166_1955454037,http://creativecommons.org/licenses/by-nc-nd/4.0/
757786,3723184919,Tachinidae_Cylindromyia_bicolor_2575008_3723184919,http://creativecommons.org/licenses/by-nc-nd/4.0/
757931,1962227474,Tachinidae_Leskia_aurea_1482001_1962227474,http://creativecommons.org/licenses/by/4.0/
757970,1962537323,Tachinidae_Linnaemya_tessellans_2861501_1962537323,http://creativecommons.org/licenses/by-nc-nd/4.0/
758286,3822832074,Tachinidae_Gymnocheta_viridis_3318225_3822832074,http://creativecommons.org/licenses/by-nc-nd/4.0/
758412,2845544347,Tachinidae_Eriothrix_rufomaculatus_925444_2845544347,http://creativecommons.org/licenses/by-nc-nd/4.0/
758668,3825223960,Tachinidae_Carcelia_bombylans_1943620_3825223960,http://creativecommons.org/licenses/by-nc-nd/4.0/
758669,3825223960,Tachinidae_Carcelia_bombylans_1943621_3825223960,http://creativecommons.org/licenses/by-nc-nd/4.0/
758797,3825089800,Tachinidae_Sturmia_bella_565301_3825089800,http://creativecommons.org/licenses/by-nc/4.0/
762425,3456085468,Tachinidae_Brachicheta_strigata_1149884_3456085468,http://creativecommons.org/licenses/by-nc/4.0/
762963,3455368200,Tachinidae_Cylindromyia_rufipes_2525027_3455368200,http://creativecommons.org/licenses/by-nc/4.0/
763268,2620073855,Tachinidae_Actia_infantula_2947309_2620073855,http://creativecommons.org/licenses/by-nc/4.0/
763269,2620073855,Tachinidae_Actia_infantula_2947310_2620073855,http://creativecommons.org/licenses/by-nc/4.0/
764058,1833653921,Tachinidae_Freraea_gagatea_2829715_1833653921,© all rights reserved
764260,2272612534,Tachinidae_Thelaira_solivaga_1523830_2272612534,© all rights reserved
764464,1460509066,Tachinidae_Nilea_ambigua_2118449_1460509066,© all rights reserved
764465,1460509066,Tachinidae_Nilea_ambigua_2118450_1460509066,© all rights reserved
764466,1460509066,Tachinidae_Nilea_ambigua_2118451_1460509066,© all rights reserved
764831,2251538602,Tachinidae_Winthemia_speciosa_142722_2251538602,http://creativecommons.org/licenses/by-nc/4.0/
764832,2251538577,Tachinidae_Blepharomyia_pagana_833218_2251538577,http://creativecommons.org/licenses/by-nc/4.0/
764837,2251538584,Tachinidae_Rondania_fasciata_2901124_2251538584,http://creativecommons.org/licenses/by-nc/4.0/
764838,2251538632,Tachinidae_Phryxe_nemea_2210727_2251538632,http://creativecommons.org/licenses/by-nc/4.0/
764839,2251538594,Tachinidae_Siphona_siphonoides_142720_2251538594,http://creativecommons.org/licenses/by-nc/4.0/
764841,2251538640,Tachinidae_Linnaemya_olsufjevi_1521560_2251538640,http://creativecommons.org/licenses/by-nc/4.0/
764843,2249160637,Tachinidae_Siphona_confusa_829527_2249160637,http://creativecommons.org/licenses/by-nc/4.0/
768025,1972772622,Tachinidae_Vibrissina_turrita_2876348_1972772622,http://creativecommons.org/licenses/by-nc/4.0/
768026,1972772622,Tachinidae_Vibrissina_turrita_2876349_1972772622,http://creativecommons.org/licenses/by-nc/4.0/
768027,1972772622,Tachinidae_Vibrissina_turrita_2876350_1972772622,http://creativecommons.org/licenses/by-nc/4.0/
770035,3825412137,Tachinidae_Dinera_ferina_2633808_3825412137,http://creativecommons.org/licenses/by-nc-nd/4.0/
772095,3825308669,Tachinidae_Phorocera_assimilis_1943981_3825308669,http://creativecommons.org/licenses/by-nc/4.0/
772936,3822322017,Tachinidae_Blondelia_nigripes_558781_3822322017,http://creativecommons.org/licenses/by-nc-nd/4.0/
772942,3825305680,Tachinidae_Carcelia_iliaca_1943958_3825305680,http://creativecommons.org/licenses/by-nc/4.0/
772943,3825305680,Tachinidae_Carcelia_iliaca_1943959_3825305680,http://creativecommons.org/licenses/by-nc/4.0/
772944,3825305680,Tachinidae_Carcelia_iliaca_1943960_3825305680,http://creativecommons.org/licenses/by-nc/4.0/
773499,2404350170,Tachinidae_Panzeria_truncata_2911565_2404350170,© All rights reserved
773501,2404350170,Tachinidae_Panzeria_truncata_2911567_2404350170,© All rights reserved
773780,2411586459,Tachinidae_Blondelia_nigripes_1533669_2411586459,© All rights reserved
774101,3357888463,Tachinidae_Lydina_aenea_2386444_3357888463,© All rights reserved
774102,3357888463,Tachinidae_Lydina_aenea_2386445_3357888463,© All rights reserved
774588,3927161461,Tachinidae_Eurithia_connivens_2716911_3927161461,© All rights reserved
774792,2412091846,Tachinidae_Cyrtophleba_ruricola_2913404_2412091846,© All rights reserved
775706,3721465601,Tachinidae_Eriothrix_monticola_3254842_3721465601,http://creativecommons.org/licenses/by-nc/4.0/
776079,2838417954,Tachinidae_Gymnosoma_clavatum_1600851_2838417954,http://creativecommons.org/licenses/by-nc-nd/4.0/
776119,3995049796,Tachinidae_Gymnosoma_nudifrons_2042326_3995049796,http://creativecommons.org/licenses/by-nc-nd/4.0/
776974,2841968982,Tachinidae_Cistogaster_mesnili_2294941_2841968982,http://creativecommons.org/licenses/by-nc-nd/4.0/
778728,3716975627,Tachinidae_Gymnocheta_viridis_479997_3716975627,http://creativecommons.org/licenses/by-nc-nd/4.0/
779526,3823878091,Tachinidae_Lydella_grisescens_3320743_3823878091,http://creativecommons.org/licenses/by-nc-nd/4.0/
782342,3825339931,Tachinidae_Cyzenis_albicans_2633468_3825339931,http://creativecommons.org/licenses/by-nc-nd/4.0/
782698,1974094359,Tachinidae_Gastrolepta_anthracina_1499708_1974094359,http://creativecommons.org/licenses/by-nc/4.0/
783419,3037156400,Tachinidae_Cyrtophleba_vernalis_2335909_3037156400,© All rights reserved
783420,3037156400,Tachinidae_Cyrtophleba_vernalis_2335910_3037156400,© All rights reserved
784404,1974255295,Tachinidae_Gymnocheta_viridis_120811_1974255295,http://creativecommons.org/licenses/by-nc/4.0/
787426,3904758654,Tachinidae_Chaetostigmoptera_montivaga_619354_3904758654,http://creativecommons.org/licenses/by-nc-nd/4.0/
787427,3904758654,Tachinidae_Chaetostigmoptera_montivaga_619355_3904758654,http://creativecommons.org/licenses/by-nc-nd/4.0/
790340,3906793357,Tachinidae_Linnaemya_picta_2698829_3906793357,http://creativecommons.org/licenses/by-nc-nd/4.0/
790456,1962854526,Tachinidae_Thelaira_nigripes_794226_1962854526,http://creativecommons.org/licenses/by-sa/4.0/
792800,1973563782,Tachinidae_Lydella_thompsoni_119193_1973563782,http://creativecommons.org/licenses/by-nc-nd/4.0/
792801,1973563782,Tachinidae_Lydella_thompsoni_119194_1973563782,http://creativecommons.org/licenses/by-nc-nd/4.0/
796033,3825575703,Tachinidae_Brachicheta_strigata_1944872_3825575703,http://creativecommons.org/licenses/by-nc/4.0/
797157,3905985102,Tachinidae_Zophomyia_temula_2694146_3905985102,http://creativecommons.org/licenses/by-nc-nd/4.0/
800592,1972979186,Tachinidae_Linnaemya_vulpina_2186725_1972979186,http://creativecommons.org/licenses/by-nc-nd/4.0/
800624,3825104728,Tachinidae_Ocytata_pallipes_1943555_3825104728,http://creativecommons.org/licenses/by-nc-nd/4.0/
806270,3995937674,Tachinidae_Germaria_angustata_2735591_3995937674,http://creativecommons.org/licenses/by-nc-nd/4.0/
808257,3726821090,Tachinidae_Eurithia_anthophila_1204295_3726821090,http://creativecommons.org/licenses/by-nc-nd/4.0/
808323,1955294995,Tachinidae_Peleteria_rubescens_2850705_1955294995,http://creativecommons.org/licenses/by-nc/4.0/
809100,3723057780,Tachinidae_Mintho_rufiventris_2574659_3723057780,http://creativecommons.org/licenses/by-nc-nd/4.0/
809781,3424325396,Tachinidae_Medina_collaris_336026_3424325396,© All rights reserved
809884,2027367894,Tachinidae_Prosena_siberita_2892459_2027367894,© All rights reserved
810508,1955091829,Tachinidae_Dexia_rustica_91939_1955091829,http://creativecommons.org/licenses/by-nc-nd/4.0/
811664,3716220242,Tachinidae_Tachina_ursina_1166042_3716220242,http://creativecommons.org/licenses/by-nc/4.0/
812430,1955738612,Tachinidae_Phryno_vetula_2162126_1955738612,http://creativecommons.org/licenses/by-nc-nd/4.0/
812612,3717476946,Tachinidae_Tachina_grossa_2551034_3717476946,http://creativecommons.org/licenses/by-nc-nd/4.0/
814602,1960205356,Tachinidae_Gonia_divisa_2169132_1960205356,http://creativecommons.org/licenses/by-nc-nd/4.0/
814616,3825034908,Tachinidae_Cyzenis_albicans_3323637_3825034908,http://creativecommons.org/licenses/by-nc-nd/4.0/
814625,3825527036,Tachinidae_Lypha_dubia_2634212_3825527036,http://creativecommons.org/licenses/by-nc-nd/4.0/
816447,1957828136,Tachinidae_Linnaemya_tessellans_2165082_1957828136,http://creativecommons.org/licenses/by-nc-nd/4.0/
818164,3825269175,Tachinidae_Gymnosoma_nitens_565560_3825269175,http://creativecommons.org/licenses/by-nc-nd/4.0/
818219,3725914379,Tachinidae_Hemyda_vittata_2578902_3725914379,http://creativecommons.org/licenses/by-nc/4.0/
819080,3716513489,Tachinidae_Peleteria_rubescens_3236221_3716513489,http://creativecommons.org/licenses/by-nc-nd/4.0/
819804,3825238239,Tachinidae_Carcelia_iliaca_1943668_3825238239,http://creativecommons.org/licenses/by-nc-nd/4.0/
820352,3905726357,Tachinidae_Leskia_aurea_1313611_3905726357,http://creativecommons.org/licenses/by-nc-nd/4.0/
821980,3825043123,Tachinidae_Macquartia_grisea_2632888_3825043123,http://creativecommons.org/licenses/by-nc-nd/4.0/
824187,1951976438,Tachinidae_Thelaira_solivaga_87399_1951976438,http://creativecommons.org/licenses/by-nc-nd/4.0/
824503,3822819258,Tachinidae_Brachicheta_strigata_2627776_3822819258,http://creativecommons.org/licenses/by-nc-nd/4.0/
825341,3822425921,Tachinidae_Phryxe_nemea_2626409_3822425921,http://creativecommons.org/licenses/by-nc-nd/4.0/
826337,1954883925,Tachinidae_Siphona_geniculata_2159942_1954883925,http://creativecommons.org/licenses/by-nc-nd/4.0/
826610,3825456643,Tachinidae_Nemorilla_floralis_2634010_3825456643,http://creativecommons.org/licenses/by-nc-nd/4.0/
827314,3822674272,Tachinidae_Vibrissina_turrita_2627481_3822674272,http://creativecommons.org/licenses/by-nc/4.0/
829038,2844195481,Tachinidae_Ligeria_angusticornis_2990275_2844195481,http://creativecommons.org/licenses/by-nc-nd/4.0/
829573,3825488342,Tachinidae_Eumea_linearicornis_3324843_3825488342,http://creativecommons.org/licenses/by-nc-sa/4.0/
831733,3822514898,Tachinidae_Eriothrix_rufomaculatus_559230_3822514898,http://creativecommons.org/licenses/by-nc-nd/4.0/
834492,1975663034,Tachinidae_Linnaemya_tessellans_121812_1975663034,http://creativecommons.org/licenses/by-nc/4.0/
836336,3728223056,Tachinidae_Phasia_aurigera_2587897_3728223056,http://creativecommons.org/licenses/by-nc-nd/4.0/
836571,3721452415,Tachinidae_Spallanzania_hebes_2564467_3721452415,http://creativecommons.org/licenses/by-nc-nd/4.0/
836572,3721452415,Tachinidae_Spallanzania_hebes_2564468_3721452415,http://creativecommons.org/licenses/by-nc-nd/4.0/
837150,3904471455,Tachinidae_Estheria_picta_1306236_3904471455,http://creativecommons.org/licenses/by/4.0/
837151,3904471455,Tachinidae_Estheria_picta_1306237_3904471455,http://creativecommons.org/licenses/by/4.0/
841209,3825645912,Tachinidae_Brachicheta_strigata_1944990_3825645912,http://creativecommons.org/licenses/by-nc-nd/4.0/
841461,3822506048,Tachinidae_Blepharipa_pratensis_2626785_3822506048,http://creativecommons.org/licenses/by-nc-nd/4.0/
841487,3996666720,Tachinidae_Periscepsia_carbonaria_670744_3996666720,http://creativecommons.org/licenses/by-nc-nd/4.0/
841995,2841840937,Tachinidae_Loewia_submetallica_1605572_2841840937,http://creativecommons.org/licenses/by-nc-nd/4.0/
841996,2841840937,Tachinidae_Loewia_submetallica_1605573_2841840937,http://creativecommons.org/licenses/by-nc-nd/4.0/
843622,3715535843,Tachinidae_Eurithia_anthophila_1165154_3715535843,http://creativecommons.org/licenses/by-nc/4.0/
846514,1965156501,Tachinidae_Peleteria_varia_2864246_1965156501,http://creativecommons.org/licenses/by-nc-nd/4.0/
849540,3822532118,Tachinidae_Macquartia_grisea_559325_3822532118,http://creativecommons.org/licenses/by-nc/4.0/
850027,1975959897,Tachinidae_Nemorilla_floralis_122260_1975959897,http://creativecommons.org/licenses/by-nc/4.0/
850605,3825044550,Tachinidae_Cyzenis_albicans_2632891_3825044550,http://creativecommons.org/licenses/by-nc/4.0/
851364,3825320996,Tachinidae_Lydina_aenea_3324153_3825320996,http://creativecommons.org/licenses/by-nc-nd/4.0/
851365,3825320996,Tachinidae_Lydina_aenea_3324154_3825320996,http://creativecommons.org/licenses/by-nc-nd/4.0/
853109,1968471142,Tachinidae_Macquartia_grisea_1490202_1968471142,http://creativecommons.org/licenses/by-nc-nd/4.0/
853129,3721668386,Tachinidae_Solieria_pacifica_3256361_3721668386,http://creativecommons.org/licenses/by-sa/4.0/
853753,1958561961,Tachinidae_Cinochira_atra_2856322_1958561961,http://creativecommons.org/licenses/by-nc/4.0/
855439,3826216339,Tachinidae_Macquartia_grisea_568203_3826216339,http://creativecommons.org/licenses/by/4.0/
856436,3906723223,Tachinidae_Tachina_grossa_2698440_3906723223,http://creativecommons.org/licenses/by-nc-nd/4.0/
860224,3825304143,Tachinidae_Gastrolepta_anthracina_565698_3825304143,http://creativecommons.org/licenses/by-nc-nd/4.0/
861668,1973073964,Tachinidae_Eurithia_anthophila_2186974_1973073964,http://creativecommons.org/licenses/by-nc/4.0/
864302,3825158289,Tachinidae_Nemorilla_floralis_2632944_3825158289,http://creativecommons.org/licenses/by-nc-sa/4.0/
864871,3903996603,Tachinidae_Germaria_angustata_1992622_3903996603,http://creativecommons.org/licenses/by-nc-nd/4.0/
866538,3822690391,Tachinidae_Eumea_linearicornis_2627545_3822690391,http://creativecommons.org/licenses/by-nc/4.0/
868233,3907123138,Tachinidae_Eurithia_anthophila_2700679_3907123138,http://creativecommons.org/licenses/by-nc/4.0/
868234,3907123138,Tachinidae_Eurithia_anthophila_2700680_3907123138,http://creativecommons.org/licenses/by-nc/4.0/
868395,3822886476,Tachinidae_Pales_pavida_3318337_3822886476,http://creativecommons.org/licenses/by-nc-nd/4.0/
870367,1952604693,Tachinidae_Thelaira_nigripes_1467737_1952604693,http://creativecommons.org/licenses/by-nc-nd/4.0/
870418,3822483772,Tachinidae_Carcelia_iliaca_1248046_3822483772,http://creativecommons.org/licenses/by-nc-nd/4.0/
872277,3717371367,Tachinidae_Cylindromyia_brassicaria_3240656_3717371367,http://creativecommons.org/licenses/by-nc-nd/4.0/
873273,3822564193,Tachinidae_Macquartia_grisea_2626999_3822564193,http://creativecommons.org/licenses/by-nc-nd/4.0/
875488,3726266799,Tachinidae_Ectophasia_crassipennis_512637_3726266799,http://creativecommons.org/licenses/by-nc-nd/4.0/
875545,3903912197,Tachinidae_Hemyda_vittata_2681386_3903912197,http://creativecommons.org/licenses/by-nc-nd/4.0/
875968,3719813418,Tachinidae_Tachina_ursina_1178483_3719813418,http://creativecommons.org/licenses/by-nc-nd/4.0/
877983,1969125816,Tachinidae_Nowickia_ferox_1491111_1969125816,http://creativecommons.org/licenses/by-nc-nd/4.0/
878398,3822559794,Tachinidae_Phorocera_assimilis_3317404_3822559794,http://creativecommons.org/licenses/by-nc-nd/4.0/
878670,1976902982,Tachinidae_Hemyda_vittata_814975_1976902982,http://creativecommons.org/licenses/by-nc-nd/4.0/
879138,3717743236,Tachinidae_Tachina_grossa_1862971_3717743236,http://creativecommons.org/licenses/by-nc-nd/4.0/
879402,3825412075,Tachinidae_Gastrolepta_anthracina_3324537_3825412075,http://creativecommons.org/licenses/by-nc-nd/4.0/
882353,3822334884,Tachinidae_Sturmia_bella_558792_3822334884,http://creativecommons.org/licenses/by-nc/4.0/
883833,3825405185,Tachinidae_Solieria_pacifica_2633772_3825405185,http://creativecommons.org/licenses/by-nc-nd/4.0/
885193,1969273212,Tachinidae_Phasia_hemiptera_803060_1969273212,http://creativecommons.org/licenses/by-nc-nd/4.0/
885488,3825273090,Tachinidae_Phorocera_grandis_1254596_3825273090,http://creativecommons.org/licenses/by-nc-nd/4.0/
886979,2822883453,Tachinidae_Oswaldia_spectabilis_897913_2822883453,© All rights reserved
886980,2822883453,Tachinidae_Oswaldia_spectabilis_897914_2822883453,© All rights reserved
886981,2822883453,Tachinidae_Oswaldia_spectabilis_897915_2822883453,© All rights reserved
887009,2398247445,Tachinidae_Lophosia_fasciata_841800_2398247445,http://creativecommons.org/licenses/by-nc-sa/4.0/
887194,2398706987,Tachinidae_Bothria_frontosa_1530536_2398706987,© All rights reserved
887280,2467839849,Tachinidae_Cleonice_callida_2923485_2467839849,© All rights reserved
887421,3987857480,Tachinidae_Platymya_fimbriata_1349677_3987857480,© All rights reserved
891260,3996599257,Tachinidae_Linnaemya_vulpina_670539_3996599257,http://creativecommons.org/licenses/by-nc-nd/4.0/
892134,3822431771,Tachinidae_Actia_pilipennis_2626426_3822431771,http://creativecommons.org/licenses/by-nc-nd/4.0/
892135,3822431771,Tachinidae_Actia_pilipennis_2626427_3822431771,http://creativecommons.org/licenses/by-nc-nd/4.0/
892136,3822431771,Tachinidae_Actia_pilipennis_2626428_3822431771,http://creativecommons.org/licenses/by-nc-nd/4.0/
893190,3822586639,Tachinidae_Phorinia_aurifrons_1937506_3822586639,http://creativecommons.org/licenses/by-nc-nd/4.0/
893191,3822586639,Tachinidae_Phorinia_aurifrons_1937507_3822586639,http://creativecommons.org/licenses/by-nc-nd/4.0/
893192,3822586639,Tachinidae_Phorinia_aurifrons_1937508_3822586639,http://creativecommons.org/licenses/by-nc-nd/4.0/
893377,3822505289,Tachinidae_Dinera_ferina_3317198_3822505289,http://creativecommons.org/licenses/by-nc-nd/4.0/
893566,3905442045,Tachinidae_Lypha_dubia_623446_3905442045,http://creativecommons.org/licenses/by-nc-nd/4.0/
894757,3715800928,Tachinidae_Tachina_lurida_475810_3715800928,http://creativecommons.org/licenses/by-nc/4.0/
895396,3995486294,Tachinidae_Winthemia_quadripustulata_666823_3995486294,http://creativecommons.org/licenses/by-nc-nd/4.0/
896817,3825315050,Tachinidae_Periscepsia_carbonaria_3324132_3825315050,http://creativecommons.org/licenses/by-nc-nd/4.0/
896843,3727410733,Tachinidae_Ectophasia_crassipennis_1896011_3727410733,http://creativecommons.org/licenses/by-nc-nd/4.0/
897803,3824857034,Tachinidae_Macquartia_dispar_1254241_3824857034,http://creativecommons.org/licenses/by-nc-nd/4.0/
897804,3824857034,Tachinidae_Macquartia_dispar_1254242_3824857034,http://creativecommons.org/licenses/by-nc-nd/4.0/
899989,3727732348,Tachinidae_Peleteria_rubescens_1207706_3727732348,http://creativecommons.org/licenses/by-nc-nd/4.0/
900799,3822669768,Tachinidae_Gymnosoma_nitens_1937865_3822669768,http://creativecommons.org/licenses/by-nc/4.0/
901533,3825416870,Tachinidae_Winthemia_variegata_1255260_3825416870,http://creativecommons.org/licenses/by-nc/4.0/
901535,3825416870,Tachinidae_Winthemia_variegata_1255262_3825416870,http://creativecommons.org/licenses/by-nc/4.0/
901536,3825416870,Tachinidae_Winthemia_variegata_1255263_3825416870,http://creativecommons.org/licenses/by-nc/4.0/
902614,3822486207,Tachinidae_Frontina_laeta_1937111_3822486207,http://creativecommons.org/licenses/by-nc/4.0/
903265,1955970497,Tachinidae_Tachina_ursina_1473518_1955970497,http://creativecommons.org/publicdomain/zero/1.0/
904608,3717855943,Tachinidae_Ectophasia_crassipennis_1173785_3717855943,http://creativecommons.org/licenses/by-nc-nd/4.0/
904773,3824017307,Tachinidae_Gonia_divisa_562879_3824017307,http://creativecommons.org/licenses/by-nc-nd/4.0/
905171,3726862930,Tachinidae_Trixa_conspersa_3273683_3726862930,http://creativecommons.org/licenses/by-nc-nd/4.0/
906215,1969797576,Tachinidae_Ceromya_silacea_113577_1969797576,http://creativecommons.org/licenses/by-nc-nd/4.0/
908826,3731943182,Tachinidae_Trigonospila_transvittata_1224971_3731943182,http://creativecommons.org/licenses/by-nc-nd/4.0/
909743,3822495377,Tachinidae_Hebia_flavipes_559159_3822495377,http://creativecommons.org/licenses/by-nc/4.0/
909867,3719543055,Tachinidae_Tachina_lurida_2556989_3719543055,http://creativecommons.org/licenses/by-nc-nd/4.0/
912089,3825074672,Tachinidae_Carcelia_lucorum_1254360_3825074672,http://creativecommons.org/licenses/by-nc-nd/4.0/
912897,3905419587,Tachinidae_Bithia_spreta_623328_3905419587,http://creativecommons.org/licenses/by-nc-nd/4.0/
913024,4003157401,Tachinidae_Phryxe_vulgaris_2741550_4003157401,© All rights reserved
913036,3990891318,Tachinidae_Bessa_selecta_2730238_3990891318,© All rights reserved
913037,1843797692,Tachinidae_Tachina_grossa_72641_1843797692,© All rights reserved
913075,2403223309,Tachinidae_Peribaea_hertingi_842979_2403223309,© All rights reserved
913076,2403223309,Tachinidae_Peribaea_hertingi_842980_2403223309,© All rights reserved
913077,2403223309,Tachinidae_Peribaea_hertingi_842981_2403223309,© All rights reserved
913078,2403223309,Tachinidae_Peribaea_hertingi_842982_2403223309,© All rights reserved
913627,2847421878,Tachinidae_Dexia_vacua_925640_2847421878,© all rights reserved
913945,3453929701,Tachinidae_Winthemia_cruentata_2523314_3453929701,http://creativecommons.org/licenses/by-sa/4.0/
914030,1958626652,Tachinidae_Prosena_siberita_2166544_1958626652,http://creativecommons.org/licenses/by-nc/4.0/
914591,1952283970,Tachinidae_Prosena_siberita_2156079_1952283970,http://creativecommons.org/licenses/by-nc-nd/4.0/
916175,3825505476,Tachinidae_Gastrolepta_anthracina_1944735_3825505476,http://creativecommons.org/licenses/by-nc/4.0/
916636,2835233581,Tachinidae_Hemyda_obscuripennis_2975139_2835233581,http://creativecommons.org/licenses/by-nc/4.0/
917118,3825372414,Tachinidae_Carcelia_iliaca_1255068_3825372414,http://creativecommons.org/licenses/by-nc-nd/4.0/
918023,3825377904,Tachinidae_Triarthria_setipennis_565998_3825377904,http://creativecommons.org/licenses/by-nc-nd/4.0/
918085,3825511097,Tachinidae_Smidtia_conspersa_2634178_3825511097,http://creativecommons.org/licenses/by-nc-nd/4.0/
918502,3825328789,Tachinidae_Eriothrix_rufomaculatus_1944067_3825328789,http://creativecommons.org/licenses/by-nc-nd/4.0/
919936,3825037484,Tachinidae_Peribaea_tibialis_1254330_3825037484,http://creativecommons.org/licenses/by-nc-nd/4.0/
919937,3825037484,Tachinidae_Peribaea_tibialis_1254331_3825037484,http://creativecommons.org/licenses/by-nc-nd/4.0/
920351,3825305861,Tachinidae_Cinochira_atra_2633312_3825305861,http://creativecommons.org/licenses/by-nc-nd/4.0/
920353,3825305861,Tachinidae_Cinochira_atra_2633314_3825305861,http://creativecommons.org/licenses/by-nc-nd/4.0/
921095,2841293034,Tachinidae_Winthemia_cruentata_1604047_2841293034,http://creativecommons.org/licenses/by-nc-nd/4.0/
921096,2841293034,Tachinidae_Winthemia_cruentata_1604048_2841293034,http://creativecommons.org/licenses/by-nc-nd/4.0/
921552,2842433747,Tachinidae_Ectophasia_oblonga_228353_2842433747,http://creativecommons.org/licenses/by-nc-nd/4.0/
921603,3906972417,Tachinidae_Winthemia_bohemani_3390164_3906972417,http://creativecommons.org/licenses/by-nc/4.0/
922066,2838605189,Tachinidae_Phorocera_obscura_912515_2838605189,http://creativecommons.org/licenses/by-nc-nd/4.0/
922332,3455928204,Tachinidae_Cylindromyia_bicolor_3218049_3455928204,http://creativecommons.org/licenses/by-nc/4.0/
922974,3456312303,Tachinidae_Gymnocheta_viridis_1840505_3456312303,http://creativecommons.org/licenses/by-nc/4.0/
923081,3784671388,Tachinidae_Erythrocera_nigripes_555065_3784671388,http://creativecommons.org/licenses/by-nc/4.0/
923222,3985743298,Tachinidae_Eriothrix_rufomaculata_2726916_3985743298,http://creativecommons.org/licenses/by-nc/4.0/
923613,3912048776,Tachinidae_Euthera_fascipennis_636579_3912048776,http://creativecommons.org/licenses/by-nc/4.0/
923614,3912048776,Tachinidae_Euthera_fascipennis_636580_3912048776,http://creativecommons.org/licenses/by-nc/4.0/
924677,3455486662,Tachinidae_Voria_ruralis_1147143_3455486662,http://creativecommons.org/licenses/by/4.0/
924963,2409716841,Tachinidae_Nowickia_marklini_2912894_2409716841,© All rights reserved
925043,1901012900,Tachinidae_Admontia_grandicornis_1462757_1901012900,© All rights reserved
925045,1901012900,Tachinidae_Admontia_grandicornis_1462759_1901012900,© All rights reserved
925106,1884879781,Tachinidae_Trixa_caerulescens_2840681_1884879781,© All rights reserved
925222,3996731683,Tachinidae_Eurithia_anthophila_1359270_3996731683,http://creativecommons.org/licenses/by-nc-nd/4.0/
926675,3717867539,Tachinidae_Ectophasia_crassipennis_484600_3717867539,http://creativecommons.org/licenses/by-nc-nd/4.0/
926926,3822547070,Tachinidae_Smidtia_conspersa_2626926_3822547070,http://creativecommons.org/licenses/by-nc-nd/4.0/
927556,1971353581,Tachinidae_Periscepsia_prunaria_1495119_1971353581,http://creativecommons.org/licenses/by-nc-nd/4.0/
927557,1971353581,Tachinidae_Periscepsia_prunaria_1495120_1971353581,http://creativecommons.org/licenses/by-nc-nd/4.0/
927594,3825324755,Tachinidae_Phorocera_assimilis_1254851_3825324755,http://creativecommons.org/licenses/by-nc-nd/4.0/
927869,3715354890,Tachinidae_Cylindromyia_interrupta_1854841_3715354890,http://creativecommons.org/licenses/by-nc-nd/4.0/
928504,3822501105,Tachinidae_Blepharipa_pratensis_1937170_3822501105,http://creativecommons.org/licenses/by-nc-nd/4.0/
929043,3907500532,Tachinidae_Tachina_grossa_635205_3907500532,http://creativecommons.org/licenses/by-nc-nd/4.0/
929135,3822203956,Tachinidae_Blepharipa_pratensis_558721_3822203956,http://creativecommons.org/licenses/by-nc-nd/4.0/
929289,1976204552,Tachinidae_Bactromyia_aurulenta_2881097_1976204552,http://creativecommons.org/licenses/by-nc-nd/4.0/
930606,1977338266,Tachinidae_Pelatachina_tibialis_125298_1977338266,http://creativecommons.org/licenses/by-nc-nd/4.0/
930607,1977338266,Tachinidae_Pelatachina_tibialis_125299_1977338266,http://creativecommons.org/licenses/by-nc-nd/4.0/
931850,3722387685,Tachinidae_Eriothrix_monticola_503414_3722387685,http://creativecommons.org/licenses/by-nc/4.0/
932630,2839436938,Tachinidae_Ectophasia_oblonga_913365_2839436938,http://creativecommons.org/licenses/by-nc/4.0/
934609,1973645291,Tachinidae_Admontia_blanda_810226_1973645291,http://creativecommons.org/licenses/by-nc-nd/4.0/
934918,3825252177,Tachinidae_Exorista_rustica_3323821_3825252177,http://creativecommons.org/licenses/by-nc-nd/4.0/
936996,3822351691,Tachinidae_Phebellia_glauca_558810_3822351691,http://creativecommons.org/licenses/by-nc-nd/4.0/
936997,3822351691,Tachinidae_Phebellia_glauca_558811_3822351691,http://creativecommons.org/licenses/by-nc-nd/4.0/
938730,2844812591,Tachinidae_Phasia_aurigera_1612331_2844812591,http://creativecommons.org/licenses/by-nc-nd/4.0/
938804,3725559079,Tachinidae_Cylindromyia_interrupta_509639_3725559079,http://creativecommons.org/licenses/by-nc/4.0/
938859,3822635894,Tachinidae_Lypha_dubia_559740_3822635894,http://creativecommons.org/licenses/by-nc-nd/4.0/
939198,3995968602,Tachinidae_Phasia_obesa_2735697_3995968602,http://creativecommons.org/licenses/by-nc-nd/4.0/
939398,1959102832,Tachinidae_Ocytata_pallipes_2166973_1959102832,http://creativecommons.org/licenses/by-nc-nd/4.0/
940297,1973151397,Tachinidae_Lophosia_fasciata_118827_1973151397,http://creativecommons.org/licenses/by-nc/4.0/
940962,3822330029,Tachinidae_Carcelia_puberula_1936796_3822330029,http://creativecommons.org/licenses/by-nc-nd/4.0/
941148,2838465720,Tachinidae_Tachina_grossa_912260_2838465720,http://creativecommons.org/licenses/by-nc-nd/4.0/
941197,3826875831,Tachinidae_Zophomyia_temula_2637361_3826875831,http://creativecommons.org/licenses/by-nc-nd/4.0/
941674,3722989450,Tachinidae_Germaria_angustata_506544_3722989450,http://creativecommons.org/licenses/by-nc-nd/4.0/
941964,1957142931,Tachinidae_Chaetostigmoptera_montivaga_2163562_1957142931,http://creativecommons.org/licenses/by-nc-nd/4.0/
944040,3825333480,Tachinidae_Gastrolepta_anthracina_1254891_3825333480,http://creativecommons.org/licenses/by-nc-nd/4.0/
944930,1961444521,Tachinidae_Tachina_fera_102030_1961444521,http://creativecommons.org/licenses/by/4.0/
945236,3996530464,Tachinidae_Gymnosoma_rotundatum_670346_3996530464,http://creativecommons.org/licenses/by-nc-nd/4.0/
945404,3825197048,Tachinidae_Sturmia_bella_3323698_3825197048,http://creativecommons.org/licenses/by-nc/4.0/
945605,3721941257,Tachinidae_Eurithia_anthophila_500365_3721941257,http://creativecommons.org/licenses/by-nc-nd/4.0/
946041,3731556641,Tachinidae_Brullaea_ocypteroidea_1222958_3731556641,http://creativecommons.org/licenses/by-nc-nd/4.0/
948239,1957875069,Tachinidae_Cinochira_atra_96762_1957875069,http://creativecommons.org/licenses/by-nc/4.0/
950653,3825311679,Tachinidae_Phania_funesta_1943990_3825311679,http://creativecommons.org/licenses/by-nc-nd/4.0/
950667,2835993578,Tachinidae_Dufouria_chalybeata_2285104_2835993578,http://creativecommons.org/licenses/by-nc-nd/4.0/
951052,3825000522,Tachinidae_Macquartia_grisea_3323622_3825000522,http://creativecommons.org/licenses/by-nc-nd/4.0/
951924,1958029047,Tachinidae_Phasia_hemiptera_2165578_1958029047,http://creativecommons.org/licenses/by-nc/4.0/
952095,3822497817,Tachinidae_Blepharipa_pratensis_1248103_3822497817,http://creativecommons.org/licenses/by-nc-nd/4.0/
953245,3825078786,Tachinidae_Exorista_larvarum_1254367_3825078786,http://creativecommons.org/licenses/by-nc/4.0/
953486,3822999408,Tachinidae_Macquartia_dispar_3318542_3822999408,http://creativecommons.org/licenses/by-nc-nd/4.0/
955277,3822159045,Tachinidae_Winthemia_variegata_3316675_3822159045,http://creativecommons.org/licenses/by-nc-nd/4.0/
956707,3729554688,Tachinidae_Cylindromyia_pusilla_1902127_3729554688,http://creativecommons.org/licenses/by-nc-nd/4.0/
957215,3822602150,Tachinidae_Winthemia_bohemani_3317624_3822602150,http://creativecommons.org/licenses/by-nc-nd/4.0/
958181,3996320868,Tachinidae_Gymnosoma_costatum_669605_3996320868,http://creativecommons.org/licenses/by-nc-nd/4.0/
958182,3996320868,Tachinidae_Gymnosoma_costatum_669606_3996320868,http://creativecommons.org/licenses/by-nc-nd/4.0/
958260,1956037164,Tachinidae_Lypha_dubia_2162742_1956037164,http://creativecommons.org/licenses/by-nc-nd/4.0/
959930,3721646121,Tachinidae_Ectophasia_crassipennis_1876339_3721646121,http://creativecommons.org/licenses/by-nc-nd/4.0/
962983,1969321984,Tachinidae_Lophosia_fasciata_803189_1969321984,http://creativecommons.org/licenses/by-nc-nd/4.0/
966274,3825243881,Tachinidae_Cinochira_atra_1254487_3825243881,http://creativecommons.org/licenses/by/4.0/
966296,3996724824,Tachinidae_Linnaemya_vulpina_671048_3996724824,http://creativecommons.org/licenses/by-nc-nd/4.0/
967718,2840101768,Tachinidae_Eriothrix_monticola_2291666_2840101768,http://creativecommons.org/licenses/by-nc/4.0/
967719,2840101768,Tachinidae_Eriothrix_monticola_2291667_2840101768,http://creativecommons.org/licenses/by-nc/4.0/
968620,3995238851,Tachinidae_Tachina_lurida_3423299_3995238851,http://creativecommons.org/licenses/by-nc-nd/4.0/
970674,3825078769,Tachinidae_Winthemia_variegata_1943542_3825078769,http://creativecommons.org/licenses/by-nc/4.0/
970767,3725416274,Tachinidae_Hemyda_obscuripennis_3267585_3725416274,http://creativecommons.org/licenses/by-nc-nd/4.0/
971330,1968725669,Tachinidae_Pelatachina_tibialis_2179709_1968725669,http://creativecommons.org/licenses/by-nc/4.0/
973630,1973922901,Tachinidae_Gymnosoma_nudifrons_2878769_1973922901,http://creativecommons.org/licenses/by/4.0/
975674,2832604906,Tachinidae_Exorista_larvarum_1590364_2832604906,http://creativecommons.org/licenses/by-nc-nd/4.0/
975926,3824992001,Tachinidae_Pales_pavida_565241_3824992001,http://creativecommons.org/licenses/by-nc-nd/4.0/
978269,1976177424,Tachinidae_Cylindromyia_bicolor_813361_1976177424,http://creativecommons.org/licenses/by-nc-nd/4.0/
980243,2837060287,Tachinidae_Cylindromyia_pusilla_2977382_2837060287,http://creativecommons.org/licenses/by-nc/4.0/
980251,2837051625,Tachinidae_Mintho_rufiventris_218712_2837051625,http://creativecommons.org/licenses/by-nc-nd/4.0/
981081,3726171890,Tachinidae_Germaria_angustata_1890632_3726171890,http://creativecommons.org/licenses/by-nc-nd/4.0/
981783,3822631418,Tachinidae_Winthemia_variegata_2627277_3822631418,http://creativecommons.org/licenses/by-nc/4.0/
983087,3825333133,Tachinidae_Thecocarcelia_acutangulata_1254888_3825333133,http://creativecommons.org/licenses/by-nc-nd/4.0/
983088,3825333133,Tachinidae_Thecocarcelia_acutangulata_1254889_3825333133,http://creativecommons.org/licenses/by-nc-nd/4.0/
983098,1977307048,Tachinidae_Gymnocheta_viridis_2883499_1977307048,http://creativecommons.org/licenses/by-nc/4.0/
983104,3731432200,Tachinidae_Zophomyia_temula_533464_3731432200,http://creativecommons.org/licenses/by-nc-nd/4.0/
983425,3822670326,Tachinidae_Gastrolepta_anthracina_3317912_3822670326,http://creativecommons.org/licenses/by-nc-nd/4.0/
983503,3825396402,Tachinidae_Phryno_vetula_3324461_3825396402,http://creativecommons.org/licenses/by-nc-nd/4.0/
986577,1952563330,Tachinidae_Leskia_aurea_2846617_1952563330,http://creativecommons.org/licenses/by-nc-nd/4.0/
986674,3825270061,Tachinidae_Gastrolepta_anthracina_1254583_3825270061,http://creativecommons.org/licenses/by-nc-nd/4.0/
986685,3825253029,Tachinidae_Cyzenis_albicans_1254527_3825253029,http://creativecommons.org/licenses/by-nc-nd/4.0/
987240,4006721854,Tachinidae_Nemorilla_maculosa_2052541_4006721854,http://creativecommons.org/licenses/by-nc/4.0/
987275,3994268511,Tachinidae_Nowickia_ferox_2041646_3994268511,http://creativecommons.org/licenses/by-nc/4.0/
987279,3994268511,Tachinidae_Nowickia_ferox_2041650_3994268511,http://creativecommons.org/licenses/by-nc/4.0/
987434,2802534619,Tachinidae_Phorocera_assimilis_2958064_2802534619,http://creativecommons.org/licenses/by/4.0/
987435,2802534619,Tachinidae_Phorocera_assimilis_2958065_2802534619,http://creativecommons.org/licenses/by/4.0/
987436,2802534619,Tachinidae_Phorocera_assimilis_2958066_2802534619,http://creativecommons.org/licenses/by/4.0/
990756,3825406457,Tachinidae_Gastrolepta_anthracina_1255220_3825406457,http://creativecommons.org/licenses/by-nc-nd/4.0/
992950,3716567918,Tachinidae_Phasia_pusilla_477854_3716567918,http://creativecommons.org/licenses/by-nc-nd/4.0/
993591,3826234928,Tachinidae_Exorista_rustica_3326816_3826234928,http://creativecommons.org/licenses/by-nc-nd/4.0/
993942,3822346215,Tachinidae_Tachina_fera_1247765_3822346215,http://creativecommons.org/licenses/by-nc-nd/4.0/
996841,3424321305,Tachinidae_Prooppia_nigripalpis_1025691_3424321305,© All rights reserved
996890,2406852198,Tachinidae_Dexiosoma_caninum_153583_2406852198,© All rights reserved
997005,3400564398,Tachinidae_Oswaldia_muscaria_1709362_3400564398,© All rights reserved
997545,1821048947,Tachinidae_Lydella_stabulans_2814439_1821048947,© all rights reserved
997603,1459824110,Tachinidae_Phasia_aurigera_2117066_1459824110,© all rights reserved
997776,1459762068,Tachinidae_Onychogonia_flaviceps_739068_1459762068,© all rights reserved
997777,1459762068,Tachinidae_Onychogonia_flaviceps_739069_1459762068,© all rights reserved
997864,1433826362,Tachinidae_Trixa_alpina_2114473_1433826362,© all rights reserved
998059,3822559552,Tachinidae_Gastrolepta_anthracina_1248347_3822559552,http://creativecommons.org/licenses/by-nc-nd/4.0/
999433,3825531002,Tachinidae_Gonia_picea_1255657_3825531002,http://creativecommons.org/licenses/by-nc-nd/4.0/
999671,3906924437,Tachinidae_Germaria_angustata_2699582_3906924437,http://creativecommons.org/licenses/by-nc-nd/4.0/
1000417,1963184168,Tachinidae_Admontia_blanda_1483082_1963184168,http://creativecommons.org/licenses/by-nc-nd/4.0/
1001349,1966042312,Tachinidae_Tachina_grossa_798594_1966042312,http://creativecommons.org/licenses/by-nc-nd/4.0/
1001696,2833240671,Tachinidae_Brullaea_ocypteroidea_2279631_2833240671,http://creativecommons.org/licenses/by-sa/4.0/
1002424,3726296685,Tachinidae_Dexia_rustica_1891293_3726296685,http://creativecommons.org/licenses/by-nc-nd/4.0/
1004057,3717326315,Tachinidae_Spallanzania_hebes_1860942_3717326315,http://creativecommons.org/licenses/by-nc-nd/4.0/
1005252,3826152320,Tachinidae_Blondelia_nigripes_3326592_3826152320,http://creativecommons.org/licenses/by-nc-nd/4.0/
1006106,3725084073,Tachinidae_Tachina_lurida_1887387_3725084073,http://creativecommons.org/licenses/by-nc/4.0/
1006330,3717775755,Tachinidae_Brullaea_ocypteroidea_2552521_3717775755,http://creativecommons.org/licenses/by-nc-nd/4.0/
1007010,3730406221,Tachinidae_Eriothrix_rufomaculatus_1216458_3730406221,http://creativecommons.org/licenses/by-nc-nd/4.0/
1007826,3825230950,Tachinidae_Ocytata_pallipes_3323727_3825230950,http://creativecommons.org/licenses/by-nc-nd/4.0/
1008080,3825177589,Tachinidae_Sturmia_bella_1943594_3825177589,http://creativecommons.org/licenses/by-nc-nd/4.0/
1009321,3825443523,Tachinidae_Lydella_grisescens_1255420_3825443523,http://creativecommons.org/licenses/by-nc-nd/4.0/
1010715,3044771145,Tachinidae_Peleteria_meridionalis_3028464_3044771145,http://creativecommons.org/licenses/by-nc/4.0/
1010813,2397493172,Tachinidae_Cylindromyia_auriceps_150822_2397493172,http://creativecommons.org/licenses/by-nc/4.0/
1011498,2901514982,Tachinidae_Trigonospila_transvittata_3009029_2901514982,http://creativecommons.org/licenses/by-nc/4.0/
1011499,2901514982,Tachinidae_Trigonospila_transvittata_3009030_2901514982,http://creativecommons.org/licenses/by-nc/4.0/
1011500,2901514982,Tachinidae_Trigonospila_transvittata_3009031_2901514982,http://creativecommons.org/licenses/by-nc/4.0/
1012444,2814066246,Tachinidae_Meigenia_mutabilis_894693_2814066246,http://creativecommons.org/licenses/by-nc/4.0/
1012548,3455939744,Tachinidae_Eurithia_connivens_459603_3455939744,http://creativecommons.org/licenses/by-nc/4.0/
1012965,2851089404,Tachinidae_Eriothrix_rufomaculata_2307546_2851089404,http://creativecommons.org/licenses/by-nc/4.0/
1013696,2898324569,Tachinidae_Graphogaster_vestita_939849_2898324569,http://creativecommons.org/licenses/by-nc/4.0/
1014543,3337450199,Tachinidae_Phania_funesta_1687394_3337450199,http://creativecommons.org/licenses/by-nc/4.0/
1014703,2898262237,Tachinidae_Phyllomya_volvulus_3007927_2898262237,http://creativecommons.org/licenses/by-nc/4.0/
1015352,3912136314,Tachinidae_Thelymorpha_marmorata_1325532_3912136314,http://creativecommons.org/licenses/by-sa/4.0/
1015353,3912136314,Tachinidae_Thelymorpha_marmorata_1325533_3912136314,http://creativecommons.org/licenses/by-sa/4.0/
1015463,3014077622,Tachinidae_Trichopoda_pictipennis_1641061_3014077622,http://creativecommons.org/licenses/by-nc/4.0/
1015693,2826381658,Tachinidae_Medina_collaris_1589490_2826381658,http://creativecommons.org/licenses/by-nc/4.0/
1015753,3455727216,Tachinidae_Voria_ruralis_3216983_3455727216,http://creativecommons.org/licenses/by/4.0/
1015874,2813981990,Tachinidae_Dexiosoma_caninum_204099_2813981990,http://creativecommons.org/licenses/by-nc/4.0/
1016502,2898492621,Tachinidae_Labigastera_forcipata_940259_2898492621,http://creativecommons.org/licenses/by-nc/4.0/
1016732,3902379858,Tachinidae_Strongygaster_globula_1296008_3902379858,http://creativecommons.org/licenses/by-nc/4.0/
1016990,2573886796,Tachinidae_Winthemia_rufiventris_2249817_2573886796,http://creativecommons.org/licenses/by-nc/4.0/
1016991,2573886796,Tachinidae_Winthemia_rufiventris_2249818_2573886796,http://creativecommons.org/licenses/by-nc/4.0/
1016992,2573886796,Tachinidae_Winthemia_rufiventris_2249819_2573886796,http://creativecommons.org/licenses/by-nc/4.0/
1016993,2573886796,Tachinidae_Winthemia_rufiventris_2249820_2573886796,http://creativecommons.org/licenses/by-nc/4.0/
1018287,2834252232,Tachinidae_Panzeria_rudis_214371_2834252232,http://creativecommons.org/licenses/by-nc/4.0/
1019104,3731926799,Tachinidae_Phasia_aurigera_1224922_3731926799,http://creativecommons.org/licenses/by-nc-nd/4.0/
1019260,1962407445,Tachinidae_Bessa_selecta_102914_1962407445,http://creativecommons.org/licenses/by-nc-nd/4.0/
1020761,3907001039,Tachinidae_Peleteria_rubescens_2700008_3907001039,http://creativecommons.org/licenses/by-nc-nd/4.0/
1020922,1955015940,Tachinidae_Linnaemya_tessellans_91753_1955015940,http://creativecommons.org/licenses/by-nc-nd/4.0/
1020923,1955015940,Tachinidae_Linnaemya_tessellans_91754_1955015940,http://creativecommons.org/licenses/by-nc-nd/4.0/
1022518,3731033732,Tachinidae_Dinera_grisescens_1909306_3731033732,http://creativecommons.org/licenses/by-nc-nd/4.0/
1023494,3825371254,Tachinidae_Meigenia_mutabilis_1944291_3825371254,http://creativecommons.org/licenses/by-nc-nd/4.0/
1023653,3822482475,Tachinidae_Macquartia_tenebricosa_559079_3822482475,http://creativecommons.org/licenses/by-nc-nd/4.0/
1024418,3825268332,Tachinidae_Cyzenis_jucunda_3323897_3825268332,http://creativecommons.org/licenses/by-nc-nd/4.0/
1024838,1972406086,Tachinidae_Nemorilla_floralis_1496024_1972406086,http://creativecommons.org/licenses/by-nc/4.0/
1025750,3996078967,Tachinidae_Phasia_aurigera_668795_3996078967,http://creativecommons.org/licenses/by-nc-nd/4.0/
1026396,3882486999,Tachinidae_Cistogaster_globosa_598844_3882486999,http://creativecommons.org/licenses/by-nc/4.0/
1027465,3328793318,Tachinidae_Tachina_grossa_3059878_3328793318,http://creativecommons.org/licenses/by/4.0/
1027467,3328793318,Tachinidae_Tachina_grossa_3059880_3328793318,http://creativecommons.org/licenses/by/4.0/
1030014,2397495185,Tachinidae_Cylindromyia_bicolor_841049_2397495185,http://creativecommons.org/licenses/by/4.0/
1030211,2823093571,Tachinidae_Epicampocera_succincta_898157_2823093571,http://creativecommons.org/licenses/by-nc/4.0/
1030508,2850625278,Tachinidae_Bithia_spreta_236976_2850625278,http://creativecommons.org/licenses/by/4.0/
1030510,2850625278,Tachinidae_Bithia_spreta_236978_2850625278,http://creativecommons.org/licenses/by/4.0/
1030512,2850625278,Tachinidae_Bithia_spreta_236980_2850625278,http://creativecommons.org/licenses/by/4.0/
1030861,3889002365,Tachinidae_Dinera_ferina_1978694_3889002365,http://creativecommons.org/licenses/by-nc/4.0/
1031429,3881615805,Tachinidae_Phasia_hemiptera_1975948_3881615805,http://creativecommons.org/licenses/by-nc/4.0/
1031993,2988476271,Tachinidae_Eliozeta_helluo_1636008_2988476271,http://creativecommons.org/licenses/by-nc/4.0/
1032332,3090546599,Tachinidae_Trichopoda_pennipes_1657052_3090546599,http://creativecommons.org/licenses/by/4.0/
1032784,2423219394,Tachinidae_Phasia_aurigera_2915725_2423219394,http://creativecommons.org/licenses/by-nc/4.0/
1033367,3424210402,Tachinidae_Cleonice_callida_1025674_3424210402,© All rights reserved
1033778,3858746160,Tachinidae_Chrysomopsis_aurata_577936_3858746160,http://creativecommons.org/licenses/by-nc/4.0/
1033779,3858746160,Tachinidae_Chrysomopsis_aurata_577937_3858746160,http://creativecommons.org/licenses/by-nc/4.0/
1033781,3858746160,Tachinidae_Chrysomopsis_aurata_577939_3858746160,http://creativecommons.org/licenses/by-nc/4.0/
1035370,2397550090,Tachinidae_Tachina_fera_2218870_2397550090,http://creativecommons.org/licenses/by-nc/4.0/
1038788,1967165500,Tachinidae_Ceromya_bicolor_1489615_1967165500,http://creativecommons.org/licenses/by-nc-nd/4.0/
1041032,1973645098,Tachinidae_Peteina_erinaceus_810214_1973645098,http://creativecommons.org/licenses/by-nc-nd/4.0/
1041033,1973645098,Tachinidae_Peteina_erinaceus_810215_1973645098,http://creativecommons.org/licenses/by-nc-nd/4.0/
1042550,1972862537,Tachinidae_Ceromya_silacea_2876552_1972862537,http://creativecommons.org/licenses/by-nc-nd/4.0/
1043074,3825275484,Tachinidae_Carcelia_bombylans_565590_3825275484,http://creativecommons.org/licenses/by-nc-nd/4.0/
1043075,3825275484,Tachinidae_Carcelia_bombylans_565591_3825275484,http://creativecommons.org/licenses/by-nc-nd/4.0/
1043375,1973565273,Tachinidae_Hubneria_affinis_1498222_1973565273,http://creativecommons.org/licenses/by-nc-nd/4.0/
1044015,3721115933,Tachinidae_Tachina_lurida_3252516_3721115933,http://creativecommons.org/licenses/by-nc-nd/4.0/
1044068,3995708576,Tachinidae_Phasia_aurigera_667539_3995708576,http://creativecommons.org/licenses/by-nc-nd/4.0/
1044681,3858378316,Tachinidae_Siphona_seyrigi_3334562_3858378316,http://creativecommons.org/licenses/by-nc/4.0/
1045279,4014893494,Tachinidae_Gonia_umbripennis_679698_4014893494,http://creativecommons.org/licenses/by-nc/4.0/
1045280,4014893494,Tachinidae_Gonia_umbripennis_679699_4014893494,http://creativecommons.org/licenses/by-nc/4.0/
1045510,2882935843,Tachinidae_Gonia_atra_1626716_2882935843,http://creativecommons.org/licenses/by-nc/4.0/
1045512,2882935843,Tachinidae_Gonia_atra_1626718_2882935843,http://creativecommons.org/licenses/by-nc/4.0/
1045870,2580102448,Tachinidae_Kirbya_moerens_2251709_2580102448,http://creativecommons.org/licenses/by-nc/4.0/
1046551,2814194385,Tachinidae_Mintho_rufiventris_1584194_2814194385,http://creativecommons.org/licenses/by-nc/4.0/
1046783,2001247739,Tachinidae_Campylocheta_fuscinervis_2200771_2001247739,http://creativecommons.org/licenses/by-nc-sa/4.0/
1047132,1988350868,Tachinidae_Plesina_phalerata_126695_1988350868,http://creativecommons.org/licenses/by/4.0/
1047146,3031172258,Tachinidae_Linnaemya_rossica_1642999_3031172258,http://creativecommons.org/licenses/by/4.0/
1047147,3031172258,Tachinidae_Linnaemya_rossica_1643000_3031172258,http://creativecommons.org/licenses/by/4.0/
1047477,2898282554,Tachinidae_Graphogaster_vestita_2317838_2898282554,http://creativecommons.org/licenses/by-nc/4.0/
1047478,2898282554,Tachinidae_Graphogaster_vestita_2317839_2898282554,http://creativecommons.org/licenses/by-nc/4.0/
1048080,3860608997,Tachinidae_Tachina_canariensis_1275639_3860608997,http://creativecommons.org/licenses/by-nc/4.0/
1048447,3067724322,Tachinidae_Spallanzania_rectistylum_2342005_3067724322,http://creativecommons.org/licenses/by-nc/4.0/
1048448,3067724322,Tachinidae_Spallanzania_rectistylum_2342006_3067724322,http://creativecommons.org/licenses/by-nc/4.0/
1049200,3337586366,Tachinidae_Erythrocera_nigripes_2377842_3337586366,http://creativecommons.org/licenses/by-nc/4.0/
1049616,2641528929,Tachinidae_Panzeria_rudis_889800_2641528929,http://creativecommons.org/licenses/by/4.0/
1049640,2850692844,Tachinidae_Phania_funesta_2305415_2850692844,http://creativecommons.org/licenses/by-nc/4.0/
1049867,3455763081,Tachinidae_Microsoma_exiguum_3217195_3455763081,http://creativecommons.org/licenses/by-nc/4.0/
1049870,3455763081,Tachinidae_Microsoma_exiguum_3217198_3455763081,http://creativecommons.org/licenses/by-nc/4.0/
1051095,2826221959,Tachinidae_Catharosia_pygmaea_2968176_2826221959,http://creativecommons.org/licenses/by/4.0/
1052504,3822448270,Tachinidae_Periscepsia_carbonaria_558961_3822448270,http://creativecommons.org/licenses/by-nc/4.0/
1052576,2834486758,Tachinidae_Hemyda_obscuripennis_1594442_2834486758,http://creativecommons.org/licenses/by-nc-nd/4.0/
1055576,3720956270,Tachinidae_Peleteria_iavana_493469_3720956270,http://creativecommons.org/licenses/by-nc-nd/4.0/
1055805,3907519152,Tachinidae_Dinera_ferina_2702801_3907519152,http://creativecommons.org/licenses/by-nc-nd/4.0/
1055977,1952385610,Tachinidae_Dinera_grisescens_1467317_1952385610,http://creativecommons.org/licenses/by-nc-nd/4.0/
1057493,3825450786,Tachinidae_Blepharipa_pratensis_566318_3825450786,http://creativecommons.org/licenses/by-nc-nd/4.0/
1057495,3825450786,Tachinidae_Blepharipa_pratensis_566320_3825450786,http://creativecommons.org/licenses/by-nc-nd/4.0/
1057793,3721348213,Tachinidae_Chrysomopsis_aurata_2563792_3721348213,http://creativecommons.org/licenses/by-nc-nd/4.0/
1057795,3721348213,Tachinidae_Chrysomopsis_aurata_2563794_3721348213,http://creativecommons.org/licenses/by-nc-nd/4.0/
1059639,2844565371,Tachinidae_Mintho_rufiventris_2300650_2844565371,http://creativecommons.org/licenses/by-nc-nd/4.0/
1060715,2251538537,Tachinidae_Siphona_setosa_1521539_2251538537,http://creativecommons.org/licenses/by-nc/4.0/
1060716,2249160406,Tachinidae_Siphona_rossica_138968_2249160406,http://creativecommons.org/licenses/by-nc/4.0/
1060722,2250765287,Tachinidae_Entomophaga_nigrohalterata_2208351_2250765287,http://creativecommons.org/licenses/by-nc/4.0/
1060726,2251538596,Tachinidae_Siphona_samarensis_1521551_2251538596,http://creativecommons.org/licenses/by-nc/4.0/
1060728,2249160436,Tachinidae_Siphona_pauciseta_2207100_2249160436,http://creativecommons.org/licenses/by-nc/4.0/
1060733,2251538593,Tachinidae_Siphona_lichtwardtiana_2901126_2251538593,http://creativecommons.org/licenses/by-nc/4.0/
1060862,3448648008,Tachinidae_Macquartia_viridana_2522831_3448648008,http://creativecommons.org/licenses/by-sa/4.0/
1061328,3878940479,Tachinidae_Lydina_aenea_1283618_3878940479,© All rights reserved
1061553,2273504365,Tachinidae_Trixa_alpina_145630_2273504365,© All rights reserved
1061554,3110460313,Tachinidae_Chetogena_obliquata_3042225_3110460313,http://creativecommons.org/licenses/by-nc-sa/4.0/
1061870,3914201478,Tachinidae_Pelatachina_tibialis_3396188_3914201478,© All rights reserved
1062004,3451417514,Tachinidae_Trixa_caerulescens_2523084_3451417514,© All rights reserved
1062090,3045338347,Tachinidae_Nowickia_marklini_2338721_3045338347,© All rights reserved
1062233,3451597386,Tachinidae_Siphona_flavifrons_3213452_3451597386,© All rights reserved
1062234,3451597386,Tachinidae_Siphona_flavifrons_3213453_3451597386,© All rights reserved
1062431,3912737604,Tachinidae_Actia_crassicornis_638289_3912737604,© All rights reserved
1062432,3912737604,Tachinidae_Actia_crassicornis_638290_3912737604,© All rights reserved
1062442,2816481398,Tachinidae_Nowickia_marklini_2964720_2816481398,© All rights reserved
1062535,3990876406,Tachinidae_Phryxe_vulgaris_3420356_3990876406,© All rights reserved
1062537,3990876406,Tachinidae_Phryxe_vulgaris_3420358_3990876406,© All rights reserved
1062562,2273579148,Tachinidae_Trixa_alpina_836189_2273579148,© All rights reserved
1062633,3866411382,Tachinidae_Eurithia_connivens_2655301_3866411382,© All rights reserved
1062635,3866411382,Tachinidae_Eurithia_connivens_2655303_3866411382,© All rights reserved
1062750,2408074201,Tachinidae_Gymnochaeta_viridis_153911_2408074201,© All rights reserved
1062990,2815340601,Tachinidae_Gastrolepta_anthracina_1585267_2815340601,© All rights reserved
1063097,3879003429,Tachinidae_Eurithia_connivens_3353080_3879003429,© All rights reserved
1063098,3879003429,Tachinidae_Eurithia_connivens_3353081_3879003429,© All rights reserved
1063198,3990836440,Tachinidae_Nowickia_alpina_2730227_3990836440,http://creativecommons.org/licenses/by/4.0/
1063199,3990836440,Tachinidae_Nowickia_alpina_2730228_3990836440,http://creativecommons.org/licenses/by/4.0/
